ID,IGF1.1,IGF1.2,IGF1.3,QC1,QC2,Rapamycin.1,Rapamycin.2,Rapamycin.3,VControl1,VControl2,VControl3
0001,,5.424791110062048,5.449768579524471,6.686525499528692,6.701685146738175,6.754705106828901,5.772977850833642,,3.707510438883361,7.610390623892544,7.277916321428319
0002,6.693806115201403,6.490332383644332,6.588980217484627,6.698202413556726,6.696149247598395,6.732193023520706,,,6.653507913347021,6.55066020582335,6.651457976418776
0003,5.894894178505875,,5.771554843020551,5.693839723575072,5.637774356044801,5.544259195116423,5.550169291180691,,5.767840654874744,5.775716382055064,5.626575992625696
0004,6.970617995092233,6.885449930516968,6.947290290746414,6.941360991936693,,,,,6.880856859969145,6.9582596297116055,6.905315249184355
0005,4.890598710545918,4.749222928272425,,,,4.964103024194593,4.809171523896792,,5.224840254608865,4.467936585635817,4.358458604148081
0006,5.652953995462322,5.515336825306032,5.531141163571771,5.407986743969905,5.403992171749149,5.316596085132787,5.324639049724067,,5.5823537978544575,5.441876674044554,5.365466348843442
0007,4.246615753055295,5.823719798202886,5.7701663287899745,3.8395105711018864,5.4480064601477896,5.2468567622521896,4.822812615206499,,5.344223502712012,5.505908871042381,5.326367622990554
0008,,4.623324006638641,4.656507396956244,4.90899083394197,4.8658187674665,4.852657424078545,4.69847540131426,4.6547687736163805,,4.8857822399794895,4.753065192937042
0009,4.8374570149161205,2.6814361440495817,3.9287217238730188,2.864648432903917,4.862331900213331,4.968984664590264,,,5.038446642719497,,4.3478420148437635
0010,5.844745043817561,5.6865732949605325,6.466866688672948,5.718118087521863,5.7114988606951425,5.717096384488208,,5.162516203968778,5.757953275487727,5.750729183957922,5.647777940899682
0011,4.687460483573853,4.6142536720909915,,4.838935984584775,4.808468918072396,4.85722077030691,,4.784790209464903,,4.917370113829495,4.758069468770846
0012,4.522927505990823,4.355940877051362,4.501800880616298,4.525640659047611,4.462665183136062,4.649278180873646,4.602142053493209,4.10071136669065,4.766029248098178,4.4903479686512995,4.4500964448900975
0013,,5.008137231811513,4.388556108952448,4.41362659359018,4.487183893750691,4.461404861803988,4.4783143672015635,,,4.484097452042592,4.411969427028642
0014,6.326905093780206,6.1656583219506995,6.224018784662066,6.364112219556218,6.349117231863781,6.39506136962447,,3.150680587365224,6.381259988360337,6.4436525945369265,6.275525063226649
0015,4.89484450068917,4.819442970694801,5.046296074548603,5.035048229722995,5.04919556595795,5.177400366782312,5.052780713082303,4.640636367906387,5.091516342213335,5.195903546817602,5.149836049903164
0016,5.016596960161173,4.98196557610318,5.074677646076757,4.462506595763371,4.94686238439712,4.92115371857297,4.664092431367636,4.445197816151769,4.692031060126621,4.9175210834127245,4.7817740113601745
0017,3.8995510005929384,3.986592043808402,3.8464429855693365,4.070362875135203,4.045960777985053,4.1039646144274045,2.9935195809719692,,3.15243092236312,,3.4466316441745075
0018,5.373103477979604,4.2142448659278005,5.356040061035634,5.421815249624688,5.3368354103812,5.431912086436897,5.453073167212189,,,5.46585893454732,4.276581776320184
0019,5.750116171248814,5.612224086347187,5.662655201156975,5.585237496134546,5.549430581199127,5.229178137105372,5.5944154011200276,,5.642237401880196,5.56590369846705,5.500537015336308
0020,5.987738458110854,5.890377711581871,5.990421008055105,6.057157510752978,6.049029866622071,6.0870728981096764,6.028927891873497,5.587556320266289,6.084433860535227,6.128661001620522,6.042933120199005
0021,,4.885722174891222,4.9144639586752605,4.991954727252409,5.009048774478689,5.094049557241197,,,5.044635823574841,,5.016316910832816
0022,5.332265642301138,5.271102820849351,5.4267423826863554,5.3463435547368094,5.418976208214559,,5.258647919899169,,5.364064643851912,,
0023,5.8959713559742895,5.769737327516391,4.423557654446382,5.128865401014737,5.763972156433599,5.691998173674229,5.289205316908359,3.8845665868593864,4.365459579612177,5.795748349897593,5.651929573181971
0024,5.724258362236147,5.573730005190114,5.711017219334912,5.757276937085515,5.8001087796852975,5.771728582996696,5.710647223394044,5.535800057890906,5.769684595014902,5.769151035118313,5.6392010835245765
0025,5.098303568710601,5.052142990773472,5.04776946813782,4.796760654238677,4.619393310340261,4.805768843663925,3.671598369548144,,4.700458216493456,4.044209816556055,4.8205027001130025
0026,4.542076361163251,4.290794406068017,4.7029823432598015,4.507789790367092,4.571004538540032,4.600496125142559,4.443723192779437,5.154306339245622,4.603229387137871,4.817659924336525,4.845983885927932
0027,4.838620398792237,4.672246085778741,4.7737556036808595,4.689330722802563,4.703409334906556,4.6609216145728105,4.637826346201901,5.168944706126883,4.817160662976356,4.7615654464891985,4.662494029441588
0028,5.754480997262925,5.6488012814649355,5.734181907378676,5.627012135186088,5.585121780977152,5.573886296908865,5.465808079204545,4.692737586892633,5.513903732994177,5.533495006451798,5.474789825290899
0029,4.523403029965406,4.410307902056989,4.481850119639919,,4.406480877451637,5.334650116798475,5.186282441747294,,4.382317052320642,5.142929344215213,4.183348237361471
0030,3.1885228803803725,3.8778438963701976,5.047891699160485,4.079701027768918,4.961734887975567,4.7945360116708,,,3.226948317996606,4.575555248719793,4.557108448587631
0031,4.656977434579483,4.713830561743026,4.804145198678886,4.796240731080099,4.858925441001848,4.7994815373316335,4.706792844434559,,4.7734705927424,4.880275163204111,4.736395332370399
0032,,2.649792980894171,4.232050945278521,4.665767338673983,4.203936886906206,2.7851933882825324,2.6838660862080492,4.306110353832903,4.711694240114702,3.5356590651281996,
0033,7.1090951812614085,7.003019626765617,5.6701278596408455,7.154202192879799,7.145531544733386,7.129832264796379,7.11970714341115,6.9141644496937555,7.134812893147498,7.197781153605344,7.0620925450751475
0034,4.887713912358712,4.799518344949485,4.918618549212935,4.930910659956786,5.001347327810523,5.098842249271716,4.933286859070394,4.955926163435766,4.979762088002786,5.026349641276395,4.930281306504832
0035,6.499113367064626,6.318491242222154,6.437045264908103,6.449150486938842,6.464939962759592,6.5899595799704365,6.536567910066309,5.873827585898518,6.421483383865313,6.462286758638426,6.319172981260277
0036,5.207365888131643,6.464757142146319,6.5090546724744085,5.105940131302525,5.079791821335855,5.037682224334333,5.066527984213211,5.740202044690637,5.034799591564934,5.046656590829741,6.317882536102882
0037,4.693692025226011,4.579209595428839,4.524445077759787,4.489784016441478,4.434293622872737,2.829185895042662,4.30930666379395,,4.61892035312342,4.623197956103359,4.490709377955485
0038,4.417383339510142,4.264970624423223,,4.5642531639362565,3.8454712323098215,4.498411170988897,,,4.66100203117579,4.687334366602508,
0039,5.804974848024097,5.693509178128729,5.840143034513734,5.6016779969578785,5.660381771130817,5.562803813578386,5.595407337815461,,4.06887554238077,5.7590178658572775,5.684408263576253
0040,4.540400522492485,,4.974250948598165,4.604334247931557,2.7353559492079045,4.693225246463461,3.03622332165496,4.352561264810211,4.698624347845851,4.721125238910519,5.017841748971015
0041,5.843907175659343,5.753018989320435,5.768713192683688,5.75407149992062,5.7437004153774325,5.656495616696617,5.69903468634969,5.442093909410916,5.860341728282849,5.808626374344147,5.713865409767705
0042,5.035915012032169,5.024555693474442,3.3582571218018766,4.419895616135246,3.727729808488864,3.247620425930814,5.100811059804685,5.261211292038768,,5.128640881317516,3.226657851027755
0043,,,,4.468768119384116,4.546577040662216,5.567429633173269,4.436350991315798,4.357069042454725,4.719930035389684,4.583251172387143,3.286164858537596
0044,4.020032830635761,4.330649945079779,2.9077722274666793,4.684839062052368,2.827263818921617,4.046670781221861,4.285767048570432,4.56540212364065,4.491311643231143,4.17631054934688,3.9939248948861366
0045,5.218451164970228,,3.637419714870253,,3.1946638005289496,5.22338910730724,,5.366134103451666,5.284032948019451,4.33186872983336,4.154994847978417
0046,4.020902015500527,4.125637058562515,4.00310807036864,4.302731831633083,3.692287798469515,4.044063883188187,4.236994058465385,,4.1376050388384495,4.1269736889531625,4.273741276500214
0047,4.863315287787166,4.738880772024077,4.8731499911037846,4.806425140615583,4.718314263310534,4.544863022971851,4.557947329771068,,4.847933271254,4.86726752232342,4.714539714237603
0048,2.5637200266496825,2.768782538502468,3.623842488518491,2.7473345355266687,2.7873409841368977,4.137241685647709,2.8750060297180475,4.644543029525494,2.91533942499722,4.099320181768629,2.947421790328809
0049,5.266998371164402,5.1321395084716634,5.160786493766175,5.013596593928877,4.986274185937635,4.982810617151712,4.878212807616332,,4.983983781616589,5.03873530264193,4.863877154076284
0050,4.348246659197112,,2.808312090075445,3.3949613947976287,4.562851471713916,4.665856910042718,3.1830158205086465,4.1853863806838145,3.572350576346038,4.4179157233230875,
0051,3.1033710303294737,4.460650882583772,,3.0611206515715517,3.363951865662045,,,3.6389588145066547,3.5182179463616765,,3.4366883132279047
0052,4.062596750314343,3.718768479335731,4.13978871346438,4.6412736712671885,4.221108583170594,3.881616743983554,4.184080616608352,4.128638741635161,4.287067123353358,4.047609192822239,4.685880767661408
0053,5.000517487732689,5.000724335447875,5.143040294343393,5.117025041143737,5.129353709025784,5.088407638924391,4.8398557521882415,4.605590186284674,5.106353866856884,5.083626870492038,5.05258172849725
0054,5.553045046553748,5.454918509735999,5.529871597879495,5.384392752968223,5.387786365441258,5.26974815151919,5.302736072753086,,5.445664562984148,5.458448753357075,5.322983072919842
0055,4.762943921794663,4.691630834082349,4.888526378668278,4.6511056007615315,4.669206586762403,,4.533350977588463,,4.769359083734229,4.99539593466487,4.796530209541337
0056,5.528501174120782,5.336933424959286,5.447797537340043,5.5956110831296035,5.555988666525943,5.599316028967756,5.41970435111565,5.306112537996704,5.634217343861661,5.535095045658943,5.5149809633436275
0057,3.8549522356850154,3.3571949836902624,3.887004649122796,3.8134793464037404,2.985641957148109,3.3901039699789535,4.368421302761325,,,3.6768728325532494,2.9049383581363175
0058,4.981413231122847,4.790671516854661,4.625400166077032,4.861184180413781,4.946551345389441,4.6320106224592035,4.769733359320625,4.83127045390532,5.002786509735638,4.769982627847893,4.652422656611191
0059,4.789830774413473,4.7721915048189265,2.9741084602155206,4.645261837162423,3.543566964530627,5.802479641551084,4.605232019258035,,4.848093143535264,4.153150920149045,4.156369176776373
0060,4.128319924752927,3.978765390525287,,4.072096242920896,4.117756870534013,3.3402720348927817,4.069641916873679,,,4.189071642136259,
0061,6.023505029440058,5.812128886780658,5.976222730704145,5.9319252951359696,5.860785568970863,5.642176239738641,5.531223289782863,4.84304581868531,5.991824988755908,5.972083546117235,5.84137166159161
0062,4.889547454431289,4.801181951285769,4.870443143093571,4.332444864851715,4.237884353839037,,,,3.930999493538861,4.394440882597374,4.523734882855392
0063,3.982078063333126,4.616393325388762,3.7298250532771293,4.492080156877515,4.356088877233541,4.434520431378964,3.2023931046161995,,4.503235943672354,4.4947731573647545,4.336240351390981
0064,4.527460223877154,4.417934383943333,4.521371165132932,4.6473445040298795,4.615426334633998,4.653192494222862,4.5845841012476605,4.582205228688689,4.706630298813926,4.621880829977028,4.587502241052961
0065,4.151812589003299,4.712927420491826,4.186055201759437,3.2833383485812013,5.767496561809546,4.158224869650731,3.69575952999883,3.772216453550762,4.213832819244465,5.656998620522748,4.064807057507767
0066,5.739943773458122,4.35786890207519,5.633033072681071,5.040371291123062,5.082424468841225,4.7191959870835145,4.427919633430039,,5.040485757593556,5.086271702367165,5.157510820303475
0067,3.539619594824622,3.8521626020390864,4.82680289873573,4.9783008107145585,4.993487750608283,4.895619255227263,3.9473222950784805,,3.793571444804388,5.132136791400731,3.4785586724180044
0068,4.156713762700038,4.02679685820088,4.043613726556412,3.9281610743823605,,4.075416474360875,4.067155617995803,,4.165014051521826,4.466953621936112,3.8331987314503104
0069,4.836876307991827,3.7187458985076254,3.9266929402098203,4.844497010156153,4.8793454441534365,4.8691232006048715,3.94620825150602,4.0563317947966135,3.970586981695141,4.060397568189348,
0070,3.5559305352483634,3.2608143053075374,3.4010981594819656,3.28827667904857,3.359284388798955,2.9698430710786137,4.587979233829448,,3.5312364071240014,3.4909813560437652,3.426791808259618
0071,3.633207060599743,3.6869544863002575,3.984049237909831,3.9588373039645455,3.832476992521058,3.304946477567563,,,4.1468631131701095,4.11440772712143,4.005468266680934
0072,3.841112264232904,4.770105344608809,3.2848096418481054,3.7826379778455546,4.409324791841982,3.808919861451028,3.507943728698153,,3.998839672938356,4.376921756134887,3.127838542239819
0073,4.450081937468082,4.138875480513464,4.159043468581811,4.339891241400284,4.289586434829623,4.367961176052637,4.222604171614084,4.612887853050951,4.418592107878286,,4.346952812354349
0074,4.259242388769491,4.099266759895315,4.069802893644486,4.003014474323293,4.373248860151493,4.331766805113769,4.329521526861032,4.033619204743763,4.379980686582642,4.466851053442973,4.998245261598821
0075,5.486900496553599,5.331964776829996,5.406131581230836,5.5387567624860505,5.377968515691574,5.415142427515102,5.468527489173153,,3.3869096891782,5.5531415011636565,5.389335816856465
0076,5.353347413346427,5.156288342484449,5.317910452395528,5.313013773131747,5.339557919254746,5.229441149988402,5.2390808659444685,5.023879259367915,5.376719365497688,5.409319220519254,5.279814928616605
0077,6.226736288497667,6.083049832983692,6.16830005015472,6.38804327705562,6.312708685038176,6.332731619629936,6.276520746837696,5.472212084344362,6.477366381450752,6.504468639480338,6.37646227944909
0078,4.505808508547154,3.7751381098592924,4.358496441362411,4.346860985644987,4.535981266489308,4.090610251616505,4.262282243920188,,5.5043029999828965,3.578003267567014,5.35790314822269
0079,5.309483264385849,5.26347656069022,5.426602761715126,5.257809704358913,5.271364695535482,5.2272691460159635,5.261037902414406,,5.023111790423599,5.418986804013693,5.340494934302282
0080,4.402004571075754,3.760350806810469,4.178716285362511,,3.9514360063050824,3.9770438566305746,4.110690516432047,5.2709034877906955,4.3319783559584275,4.063420255801791,3.917732049898282
0081,5.54280492840891,4.695013458421352,4.574412436480537,5.601007595468212,5.739074369670325,5.772948758217755,5.86705990018645,,6.202645935689009,6.193034085615082,5.8540605614076044
0082,4.019396256784862,,3.8959354307166247,4.171024480752566,4.142400373730535,4.169090251072985,3.762172676548176,,4.088674864720423,,3.525530954962363
0083,,4.301679172119777,4.93008940862552,,5.051767243187204,4.508604425361719,5.8471194116266085,3.493541488487036,4.450943886442257,6.174846961153024,4.669583321732686
0084,4.9651835059671825,4.841160798922971,4.772384269256245,4.929600506579289,4.848875556080024,4.927551158175605,4.904870019469386,3.404441424702381,5.0668892675848065,5.1100215875278,4.905605681730263
0085,6.620088471257305,6.512989941444574,6.619274529043721,6.644961938838303,6.625212060710732,6.6363473776966995,6.611826398195378,6.327724524622683,6.630367111738977,6.696699447038869,6.564690227234588
0086,4.927035654550264,,4.933701469167524,4.7645687506362,3.539835289979212,4.806921347553132,4.929293816223737,4.468170968247005,,4.814195489900403,
0087,4.555782456795845,4.443498129376383,4.039576571698357,4.815116222560696,4.754700000397337,4.884025629084581,4.985185205823982,,4.909927053925858,4.895862239873965,4.744804555722839
0088,4.715205869583908,4.5489277682294595,5.1075958614685115,4.437052625820588,4.995200137041611,4.922457946396815,4.774268415037609,4.875149175039148,4.598338267513703,4.97154356175003,4.476758213424886
0089,5.104429256039653,5.111176691584051,5.152260840296763,4.796725036639566,3.769720222046174,4.830313931256201,4.660147233593521,,4.746228608140574,4.820530512124254,3.5508920400375144
0090,4.915310510099497,3.283369128403759,3.8269730652074405,3.7726891016490356,,3.9019216350507175,,,4.868488924855475,4.80404888367563,4.747290121075562
0091,4.70738325851417,4.648118538585652,4.720558585198319,4.690140908506072,4.679019193299018,2.836735246828401,3.5656623264776632,,4.187127295672962,4.769892757933929,4.682353922905548
0092,5.1847561572951335,5.100359668373466,4.6183928174931985,4.970958144141025,4.382773075306375,4.194013342352104,4.9534593280342465,3.9047418694530105,4.9720598117511825,4.5087215701633685,4.893855924799201
0093,3.938299906088027,4.084353830241641,4.31824821041818,4.184779711790985,4.321859897667,4.294821595653342,4.1069730288819235,3.462509609154546,3.678138267959634,4.264681430959465,4.279283833562491
0094,3.8433217660920027,3.9633727294753616,3.987580318825173,,3.9425829872103635,3.4576868304694597,3.8007770429301635,,3.8658630783269183,4.141353847667599,
0095,4.683369516928139,,,4.270232945233162,4.194864832877702,4.325563977085791,4.549465489201446,4.233174794997188,4.269859089106088,4.041685205172834,3.215499312811458
0096,3.241833187879285,3.3852655827581,3.341879964872543,3.1776152359953085,3.1280453568553535,3.7942352940479687,3.393046430176758,,3.379991647617617,2.7355558176101105,3.2562186526228
0097,5.079671754704194,4.956381384418589,4.991673261078217,5.010827595152631,4.971122869355854,4.801122344310228,4.64273835017419,,5.0520233738123475,5.030365696779555,4.995323262784043
0098,3.743904306525014,4.215938181200139,4.087194538529594,4.177518786586759,3.09400161542619,4.089957696457748,3.499204092255109,,4.315966192676717,2.812058536405846,3.8700813334773447
0099,4.917787299931312,4.872107703966927,4.741522821944906,4.639004018084858,4.604439771405447,4.46470904085389,4.489617967878431,,4.845972979101249,4.640515059475582,4.563079585418267
0100,4.045309344395214,3.900906595383706,,4.077970888231151,4.186731295136987,4.028569725283932,3.7962794630293217,4.563714118560641,4.769269501079535,4.413330092891528,3.863662911842091
0101,3.993225181945532,4.598401834496388,4.756284310208519,4.565602261008381,4.55370783992057,4.533340914013088,2.8668591437909723,,3.256245163957055,3.225419033410244,4.641699527893797
0102,4.911080553649815,4.861664612194005,4.867061694513038,5.572608713331424,5.524642211177339,5.7035769796680125,5.675961674958659,4.8676399702623705,5.5397063278448675,5.650894682465983,5.521126040973286
0103,4.269094590118251,3.942013263372961,4.433048391773505,3.8527635803893943,3.7678330237806703,3.887389893614103,,,3.3526676534799074,3.9415829866051566,3.83064853127221
0104,4.179484866680524,4.283791474932113,3.994787050015744,4.015732274913217,4.027715447517904,4.021378313103089,4.026540950910364,,3.817187543230355,3.973138387202162,4.190755922368576
0105,5.179318719729663,5.135362580564246,5.057369017508557,5.069255059555301,,4.506973621357385,4.645569086440678,,5.431354535498487,5.237252439476729,5.179791017732769
0106,5.088969431114631,5.267681479232249,5.353447311623067,5.4308032484058195,,5.691627690409177,,,4.563164957897218,,4.846478425433922
0107,4.224974528314855,4.00404024032967,,,5.559176659755975,4.349325014943343,5.23674919975663,3.7687395398348835,4.314518875868284,5.218746331546184,4.19930807092409
0108,4.91995144980064,4.7968426508562665,4.925169611063737,4.7323473297362595,4.768553273105502,4.671778497021807,4.718402068979151,3.9052032647805097,4.800001726767348,4.809974213019366,4.7670377663618915
0109,3.5849129167835163,4.021765698105753,4.00718083678507,3.2702521809349023,3.217894872225149,3.3448445965927722,3.2457605167577164,,4.111090621364593,3.3213286218904114,3.1696932865799528
0110,4.372807846687287,4.2508515864371965,4.364106472682814,4.4604439820585995,4.498354577943726,5.270441944190194,4.26527044736367,4.738454688480735,4.5266553212023934,4.424347182632131,4.4393053380715095
0111,5.272462080788827,5.203615047544977,5.17093177601142,5.132080186999403,5.088658569308988,5.035096667870549,5.0679691701183485,4.689262159932783,5.201249178526194,5.188396635735776,5.046529458098785
0112,6.008482527988919,5.907786253555304,5.945571035165543,6.111114767045876,6.125125611250512,6.11552685399236,6.051684390198871,6.74592852477533,4.387527157199437,6.178028862314539,6.09054282280579
0113,4.81071649853353,4.79514364245059,4.855432708678233,3.6051713547457984,4.690144283364303,4.3948065959557105,4.686127669704305,,5.050961951336153,4.910531327677223,4.817345231403832
0114,5.014199988804021,4.929026201613128,4.499781247695229,2.822937724013977,4.8508145267638785,4.767717346497269,4.860128493983301,,3.765960578551454,4.951013124112677,3.1697945974306774
0115,6.063812890835307,5.951038791680302,5.978691329243147,5.764266278252962,5.802792844881155,5.878994729958416,5.873125562033019,,5.744619882183379,4.999912713080802,5.683110266435623
0116,3.964295690668933,3.712604022879547,3.7822350903474984,3.4085002234519086,3.9685170583853067,3.71684356500775,3.145949611096303,,3.206527814721859,3.7634667652364366,
0117,3.6680159218073434,3.5541494907521396,3.703116498204901,4.346724556263107,4.329955634623731,4.473507507427607,4.50568241780227,3.989514834395761,4.108343242378078,3.679655257267661,4.320626704898704
0118,3.9948944735987473,3.860231454936828,3.644514516851876,3.5356435290255175,4.31912006195757,3.5117946228052395,3.605887306395521,,3.9663962415935208,3.9005840486439087,3.8882524161878833
0119,3.30424672083168,3.3625405576971032,3.3106662991320155,,3.6749289161758876,3.4794560320896197,3.6566906866086,2.7510407128282965,3.2715319897270905,3.4880917102944844,3.331324672558236
0120,6.904860681577447,6.628754639267507,6.672554888883146,6.851949394606893,6.788035412586645,6.704291943906757,6.23614656644418,6.055972380453001,6.656590383788801,6.406692949374577,6.5629977060430384
0121,4.3279107426793315,4.197739769217774,4.084949462652286,4.001359457850343,3.917578831253688,3.9076010377948953,,,,4.199263978773326,4.092807895403032
0122,3.3855034450414476,3.180027539246304,3.8577595897579258,,5.536860522338552,,,3.0760527264687467,4.136959973139895,3.963229156888817,3.795672102280392
0123,3.921227098271195,3.9259391210656993,4.219387052298056,4.229735856967689,4.216675288827915,4.356985723748123,4.330311379834971,,4.2138890936623925,4.357857370945238,4.26579803095321
0124,4.091484866872271,4.555698864286142,4.594617088800943,2.856891379990176,,,4.336174584003976,,3.3092987777219878,4.0896729917112005,4.177856288381529
0125,3.859032949089392,3.325038558015901,4.101407905995327,3.577784388424744,3.8522665561628444,2.9417952574647206,4.057266350536576,,3.573728500219259,3.8169953089628126,3.6257825051333494
0126,4.254895256825377,,,4.354059869572297,4.2789257802123295,4.354306203044608,4.154349156311224,4.080351184514738,4.408955016076485,,
0127,3.8904586447290805,3.916088675355378,3.8333906905391926,4.2600087071790655,4.243458444813685,4.306144351924248,4.343866702851306,,4.515594860743221,4.487456626958911,4.4141974437252465
0128,3.709139235126979,4.049760061834689,4.047176629468998,4.441628378360826,3.9174497627017297,3.6029535577049305,3.4789332595071993,,4.253634395752694,3.283491606029528,3.1280355251885523
0129,4.957112023765067,4.9564896903929645,4.821848312633432,,3.718746875162048,,3.349190333598135,,3.706742265005051,2.9058287111719903,3.157550794815615
0130,3.7957775913183,3.34414511548559,4.324144188798287,3.653103779850268,3.5967674137761474,,3.8332577324917794,,3.723490971117317,3.814144332903389,
0131,3.929182919618129,6.149923030826905,4.93318765057442,3.6190850976026097,6.342914343959947,2.623703172270736,4.957938227979331,5.476573861227607,4.690803706421488,3.9911771430892076,5.337061470161065
0132,4.268216898253091,4.1705124884616716,2.8614943445581984,4.094744793527146,4.0421813853450494,,4.179605484399625,,4.192835835458532,4.186356721576315,4.188043008787591
0133,3.7257318709199088,3.496434155508717,4.897044092171586,5.480800811141724,4.469102610672522,4.584134377868436,3.903487221708019,4.54113122050175,4.483818468777698,3.7614199343504318,4.168458065891601
0134,3.9544177359057504,3.732665369705165,3.683244665705831,3.976201391987209,3.9827708112186837,,4.068732535404676,,3.9078696434183358,4.016124413287885,4.024516940558523
0135,5.128704297692507,5.2599387125630175,5.256190104688027,5.457155871757539,5.41259543727881,5.672806403555867,5.21839977825736,4.984590969100928,5.35482196913446,5.9928593803882535,
0136,4.8053228599005084,4.668434048144877,4.032612101377394,4.525879196100773,3.9277876920973647,3.9505799737606355,,,4.783920244965973,4.578361043466046,4.488928313671503
0137,4.628350644045834,4.66982724049242,4.69302946534347,4.5695092049242385,4.586304797482256,,2.8088752703429516,,4.503812563102482,3.04941838720104,4.503993248152875
0138,3.7160431744588065,3.120990000355443,3.554631092086772,4.081913565779305,3.6234897570119013,3.9895395217603182,2.6497216593985864,5.710003855130189,3.5624565315250405,3.841634363943109,5.330029284861552
0139,5.2013968242647595,5.361350725017167,6.212994631935838,4.27813544076932,4.398268916908123,5.428791796835599,,4.820843120749148,6.117572128081152,4.741354632323604,6.026824424677712
0140,4.663798055342046,4.759536831797926,4.63282155134733,4.393701506154776,4.384174788265284,4.367312106237733,4.409958669960651,4.250965853226541,4.155432700021538,4.3243060631667145,4.309713559799771
0141,4.7808468105261746,4.704050722338237,4.763403166136961,4.866591621664693,4.866076147076294,4.968052343336481,4.946391942581676,,5.013863353285694,5.064987334021268,4.9797985540024685
0142,3.6904577306829744,4.338935260407621,,3.998176820283476,3.599353929278568,3.4102686674361715,,,4.445382791717608,,4.361673786487329
0143,3.8156819978687815,3.623034389101846,3.752606877886085,3.7940540894209662,3.8763676868153745,3.814638035904223,3.4526418314379437,,3.61939400404307,3.8858469593072162,3.63430255043217
0144,5.090663778304478,5.161367991732083,5.077359735614974,5.086081036577627,5.041422165331129,5.124511358792747,4.258968876468032,5.088228606466252,5.187802716277724,5.035836924141911,5.081775869292394
0145,6.12254256502138,4.032262692122872,6.01031167588587,5.9917497514863856,5.942181397597775,5.824909492463242,,5.274607515513992,5.76792485774278,5.377808638826254,5.439996767884518
0146,5.082934714528509,4.865160717320735,4.946779441092094,5.157183426172949,4.185269996864383,5.116624515070059,,3.8828716816445903,4.810832879039189,4.630043912506796,4.710077331172843
0147,4.557464810765648,4.557978015009024,4.634100532539764,4.658274103640729,4.527041391829435,4.573168354163295,3.1958049703345113,5.580095207580227,4.697466245187334,4.708178556418748,4.579154331734099
0148,6.113822357709752,6.15792905039651,4.8445878580193655,6.256616093697234,6.217024167929345,5.968492851150712,5.5913645596919945,5.644696939137017,6.250136220093185,5.758908265134821,4.637282396051293
0149,3.7999960135096864,3.314496184069769,3.240723070089087,2.988236769748542,3.5248027288972383,3.540199852221554,4.823609890074289,,4.108829787062445,4.146001722356289,3.8387461794670497
0150,4.490906470457832,3.739784684323098,4.583144870813644,4.260010310068431,4.272848337725733,3.9878801226399943,3.9704950715221203,,,2.684857035972889,3.721066943518219
0151,3.982422831341607,3.945529393739511,4.137301759817872,4.099154979447431,4.111397710386688,3.090448742600018,4.15821022823962,,4.075157243019241,3.9254598688922604,4.152158405742188
0152,4.296741482656119,2.5165684034391944,4.217086265253563,,4.197205545945719,4.228551634948257,2.7385918139180045,,2.3416492790561123,3.527378901043062,3.3477011143026005
0153,2.9017857733525227,3.302941309827543,3.3225190473909896,3.2479150299102626,3.3643894810389936,2.9978740833733237,3.0649969210194716,,2.874280174429371,3.3938980006234862,
0154,4.15447238910655,4.032070103099032,2.966893661167152,4.041718764836357,3.5841744264583353,2.7683420800813323,,,3.9509448544227292,3.2431335352841835,2.997458755346556
0155,4.558259512823742,4.46961327974633,4.377900561306411,5.115061349092938,5.153518226919019,5.5577294817699485,5.3474939264438195,4.457981180450961,5.178285043299333,5.26792908210335,5.161812231785164
0156,7.16422817699916,7.060510266398411,7.173682054406226,7.18133893212275,7.177467759983266,7.175513802079335,7.157383848685069,6.800743044238198,7.1771350277413335,7.225138489602957,7.108973591287693
0157,3.9397388015097774,,4.745048272698638,4.489657095074827,4.501736515849444,4.231752596282865,4.3180258859457075,,4.220925242039069,,4.124427462593043
0158,4.748720976302712,4.321597252391596,4.603684073981346,4.577130447102378,4.614117293824226,4.725181165747564,4.897788615500522,,4.437335797843007,4.474618628429514,4.417301176208055
0159,4.52433344380659,4.3857436114091914,4.537818944273605,,4.593949688259485,4.375026352316889,4.319487035092397,,4.404155538995133,4.476540126337039,
0160,4.162242846515268,4.117493996517458,4.361855392780483,4.0787219877785805,3.1878961562210684,3.2597156648698005,,,,3.31858259529153,2.9240727494913936
0161,4.592544424251151,3.8532917480463085,,3.8086952412211277,3.9295126549191552,2.645774499245759,3.1741738107516886,,3.5586442811000603,,2.894015317607256
0162,6.240983914751236,5.761897069584801,6.02938849849388,6.017468354137235,4.015010402397452,5.867773523507379,,4.019066137741083,5.827926234826799,4.806451828278467,3.880275461728629
0163,4.830080199149245,4.888961865398965,4.956138946901984,4.976034407322524,4.978412364437119,4.143132138122921,3.9610639784563393,4.732889901653582,5.150085484036702,3.6824538227332893,4.994418209062784
0164,4.638076942439953,4.564506708602249,4.377999470716486,3.008810088025676,3.99030987346184,3.115014092372864,4.249161208039855,,4.51762271449289,4.321744545415195,4.325751889996092
0165,6.702087025396881,6.7070658774820355,6.856593105808533,6.869914583534909,6.706809463163426,6.7158042833837275,5.353759360706991,6.143494233631042,6.925589263443403,5.619487878362062,6.392412195421987
0166,5.728327793455869,5.7051468665207175,5.735193593166928,5.783800538442468,5.762001400816022,5.8665458766029115,5.846816243459307,5.078248707918615,5.6861355204930755,5.76632564503803,5.693246601184667
0167,5.208149836312195,5.152888187127003,4.999729759106871,5.098547134982834,3.4068960539815856,5.0377224457379395,5.022340524354921,,5.102757461498533,5.1126932403318825,5.016041018568043
0168,,4.062210207290467,4.112388759294533,4.134194333507961,3.363985443504299,3.515360277478672,3.1957284086120343,,4.141176412203684,3.9627830219142863,3.644812637929447
0169,4.626788381101233,4.53786651813224,4.5333894992802835,4.562841791456925,4.506946998221327,4.322991997278439,4.414681219032551,,4.758989208386481,4.7297394531630825,4.591159179882738
0170,4.039269202058348,4.178802062697774,4.237951441076558,2.6224422132604697,4.067832667275624,3.877056846940872,,,4.283059100679487,,3.4658240459880623
0171,3.91745504163202,3.9448588900780726,4.349252713100422,3.554373230622667,3.563157173958337,5.449585128899429,4.057750603716808,,5.295901030764245,3.585759884868728,4.389326776114085
0172,4.165619511269799,3.806551819647521,3.368186295569823,3.493213825617483,3.4754837906858227,4.401732490652201,4.408902788714335,,4.405321100048845,3.772252532041564,4.285242268361865
0173,4.215052882751236,4.151667126427921,2.7814376029897283,3.931096476993534,3.9981047981269575,4.113593360954196,3.8955260590946863,,4.3545027519494655,3.900478041186032,4.159599506533689
0174,4.236113345487465,3.8436198046046903,5.059145390933931,4.83707234797575,,5.1263599392409755,4.615223626156012,4.026224464718253,5.505381116348823,4.365417691470366,3.822796830662348
0175,4.337482166203433,4.257503285982467,4.306055028565159,4.226936794856345,4.159589814973938,4.0277828332875245,4.03722027360592,,4.138875714401804,4.179772480789646,4.048766452506805
0176,4.270815287060299,4.181863236066964,4.802876065587886,4.659023237374317,4.633319038815507,4.674399967474038,4.09449047950627,,4.530529034562163,4.686189494222196,4.778783230523897
0177,6.670864246542445,6.75052365162257,5.979356726360479,6.794025901845432,6.697304487608683,6.588126296976494,4.910715963872531,6.218729785471565,7.003052644777504,6.41867074711875,6.375608771696821
0178,4.374741034175453,4.3929087338431945,4.3757588156917055,3.9482406626518416,4.291935886762364,3.813325227976189,3.8673518937507443,,4.634676806772979,4.530950006084069,4.494045786741843
0179,3.1645747692420954,3.3092550229167133,3.6733828543653955,3.6850540883365426,3.108840168105026,,3.529949180841732,3.838515116018525,4.159721546314455,4.096663515564979,
0180,4.129366826979768,4.285484798028547,4.287867884956565,4.065782486595841,4.284988204804272,3.9223873088036987,4.414691218581939,,4.238858647310907,3.503383411606493,4.165300291843227
0181,3.881584252629502,3.1496421615166206,4.336818723412001,3.75746555576379,3.871405057934319,3.8921548443824996,3.874617122308715,,,4.458400431780168,4.378398429304458
0182,3.660655187234876,3.3163328605442897,3.595587502667803,,2.9379922079261713,3.487097516494889,2.853461944391327,,,3.18665554857892,3.3708983811376267
0183,4.179226635148153,3.9679817459034146,,4.127886518571443,4.016367946684664,2.663007762981655,3.95077783921832,,,4.062970294211832,3.9342804637319713
0184,3.1466558014001564,4.057306599053713,4.380514001531147,3.7407222396420816,3.522555357053034,4.063580904081709,,,4.039052871268273,,3.431785001792964
0185,5.40570219204518,5.3890079598712255,5.473917120994821,5.366547920292932,5.299173514449208,5.145299415017963,5.3774565753310615,3.288226684277689,5.4850055413728676,5.339225689652615,5.367687308113223
0186,5.324632960452938,5.198498376720078,5.294707186446954,5.104546134236817,5.1271185891819755,5.057065294846478,5.073648273990165,4.472807282363979,5.196257208280214,5.234227278617022,5.072389546078152
0187,3.148921536305285,3.071812335127699,3.0571187896772694,3.7638711723324967,3.7525027490152123,2.7814306124928168,3.44097491292519,,4.193325053199931,4.034538716249724,3.0059664641178725
0188,4.479691529912493,4.5387053360222716,4.623424693134681,4.548734695534854,4.564897707986022,4.496710464564954,4.901567005855231,4.433211216203157,4.709013719247686,4.936612661242414,4.593840097268805
0189,4.924956414142744,4.673749908103617,5.566353524194229,5.224700724598338,5.229958779383169,5.236345071452925,5.297449542135063,4.263367280907579,4.976673652565146,5.036540346326488,4.966617183323815
0190,4.230148892558574,4.312160959202337,4.325574060809396,4.184258712529632,4.2046131859131375,3.2326766665273556,3.7332230505529567,,4.16264610100951,3.6501366998173697,4.2078027821582245
0191,5.283514080429814,5.220645529025168,4.160965095242895,4.181382555566542,5.179778708125379,5.1524334032210035,5.132777889906982,,5.206649403137063,5.228574893980348,5.263275610330352
0192,3.6958619558522727,4.508925582415941,4.611920199958467,4.0839836095357605,4.11052531531376,4.037288940619465,4.223924514065466,,3.749256874706207,3.8659219464116985,3.8895522342705124
0193,4.747412614006645,4.242482763133298,5.372173791035602,4.7345852842604375,4.701676535270687,4.7697433911691345,4.7776142302178775,4.773113778291819,4.217302944617346,4.814634961828014,4.745804877948074
0194,6.531105390924758,6.451015034871025,6.520793305748763,6.595616091534373,6.399390559964111,4.983018570031797,5.971534649957054,5.992204362616231,6.575782253446807,6.124065167559971,6.0931408184294
0195,4.029750195165915,3.3581845939940402,2.808082179652223,4.0961662389934475,4.097473487193918,3.675225356025662,3.9227371658493824,4.707678860706318,3.7947850570371475,3.2354612984202604,3.5084226669174168
0196,4.342656426773256,4.112603667508929,4.244734221664747,4.41843725462908,4.333398046452029,4.560758842384857,4.459281323324937,4.699737630946169,4.389752810248077,3.771249711364494,4.352982016064787
0197,2.655732647030131,4.136987662138719,3.995515344237763,4.1023663328038715,3.8872990599041466,4.138263197659866,4.205346025433301,,4.254716273205073,4.2705490834550215,4.181312876491482
0198,5.028300912954558,4.546577330751313,5.072751675710142,5.441418068967547,2.634048337053057,6.283738219732577,4.669723019535644,3.6238900799587657,3.791132574807234,3.775563845642826,3.9832340862024678
0199,2.780401888208836,3.5571289640732764,,3.430130150030305,4.276232536103432,4.392705860331175,,,3.537953093909218,3.584466028489462,3.966051900698514
0200,4.662661031297708,3.018594852749331,3.6016631543086732,4.72118385262009,4.635285566407774,2.91440481297145,3.6840744963747687,4.448822053778525,4.66821317901692,3.342529241160268,4.574750224086987
0201,3.993069391781993,4.130665096079386,3.963072558165977,4.190649227878494,,,4.2661037180224834,,4.043302275252614,4.162060937878296,2.631337567086499
0202,4.336851022738077,3.63224017672881,4.490429832594868,4.546123357214821,4.473275302819591,4.4588696037419915,4.34762779415779,3.7773550816144943,,4.9970875926388665,4.274558774872038
0203,2.681492811914937,3.3960119697217332,3.525884136405721,2.764128193030315,3.185205705739034,3.1323734514356203,2.827137407022604,,2.804464000540795,3.115576939988329,2.762282059823973
0204,4.0565214947433175,3.9655455674690945,4.066688805036597,4.086735235262963,2.989179571092459,2.7379804004884516,3.7650847898126076,,3.1522017110595244,3.01782199598182,3.9581061894942726
0205,5.504805886091688,5.41326476749954,5.621584120442117,5.358837461524566,5.328204006781522,5.278714634939897,5.340483414732443,,5.514644693679594,5.413077568845447,5.37588625354901
0206,5.701505221454879,5.673323430181157,5.597538238447943,5.595268577433894,5.579696333801996,5.56548958603555,5.596736729683909,5.236640900773377,5.733392065638503,5.694090520845219,5.608697758756421
0207,4.331988227492053,4.9457140380162485,4.907017727862161,4.696351557597545,4.536863360393657,4.705989866484773,4.696427574992726,,4.403232768975069,4.418188324606888,4.365440302130895
0208,3.7140593855606014,3.8421326702673935,3.419587721040517,3.4654430668232514,3.7764971906096485,4.677357861511933,4.322722383868384,3.469289665839435,4.297398404812635,4.072277077163125,4.254200727050816
0209,5.325273212471233,5.672377683097143,5.748740985528679,5.637433863226567,4.591166266802368,5.558461755138602,5.68504172674488,5.013026563229801,5.484085472982162,4.4695655492582755,5.355538687576976
0210,3.973157690820254,3.974077012011394,4.150350149456885,3.8713906705322136,3.8184408094106965,3.5650815895025194,2.545999943249924,4.382867959045454,2.6675373971217438,3.900752894222898,3.8242477556758065
0211,3.5462810289850073,4.358184303252202,4.4921907443758045,4.370317237414488,4.353700568915858,4.7936926695981725,4.1517060328739035,3.3545700392062123,4.449285723667824,4.392355773246763,4.3311753301369516
0212,5.137765421720245,4.165235383993303,4.417852317715263,4.914740026434106,5.786817734937532,3.6784633669004583,5.1119030664530944,4.864682177214261,4.688566954206982,5.125887416655791,3.851007773081518
0213,3.826961273228653,2.934942729214322,3.78583151902456,3.869838426343623,3.8371283172081623,2.9470338172692667,3.860573007536755,2.9789395849842175,3.1240417579809634,3.8551974046336257,3.615357349161517
0214,3.8421441958165357,4.1249910835583545,4.162536439795647,3.204497545492224,3.399952866590906,3.4485230791161166,2.773046609258601,,,3.288429848662523,3.850648490260736
0215,3.9425450142788,3.6490299687228642,4.038546571106889,4.169543180908353,4.030002607895696,3.970245371390982,,3.992835800851541,,4.145477764327664,3.907070271266919
0216,3.9801116742340055,3.8545161631786273,3.8816229896194545,3.7531196302231273,3.5492519741641293,3.3320541661364698,3.08554230792084,,3.9766423594236104,3.8850703903126877,2.9454946438336127
0217,4.7168393677290545,4.608969243252086,4.5757959837209885,4.34058458508185,4.354593284748301,,2.827065844561738,,4.466078959038647,3.052545022391754,2.8453611874970073
0218,3.633737514459569,3.552623156257457,3.5767279543532045,3.4399409901714177,3.184959186369373,2.9359211196722304,2.658016744803245,,2.516896455141068,3.4705361851040974,3.4055778618667536
0219,2.870916556195553,3.3919934285201965,3.179298796834963,3.2029418822480524,3.277697941048579,3.6844308398395986,4.774003517006078,5.371067233714317,3.8366158786803397,5.019330679329338,3.2196165986060596
0220,3.329512774340129,3.465002784635113,3.115537037388176,3.3244635751439966,3.7227926009015184,3.745252790026687,,,3.7442170851000602,3.1645250639042133,
0221,3.3911957899765524,3.6102190314873983,4.3365774256485485,5.123698963072328,5.163118182164498,5.955282998567434,3.1993095619419862,4.34123426970195,3.7828976272264856,3.9917689930369793,4.7621787390760115
0222,2.9248256646026247,4.096733396961637,2.961230045738669,3.9699612795604406,3.954644901097705,3.941667658599931,5.27579473421162,,5.509668981248826,,3.5684265292206407
0223,4.898866973899176,4.760385683880452,4.887104958370615,4.875913488637178,4.847142616569283,4.8181577970520415,4.918371101605644,5.615278670970264,4.936471509336765,5.014116257104991,4.863043042311885
0224,2.9574350193479457,3.134116343583665,3.0502396955966806,2.975300606508542,3.497034203812538,,3.1440081088641274,,2.802014342784225,3.18615732237552,3.164937676472968
0225,3.82753094163121,3.9813065040708073,4.008967159337826,3.835249838988883,,2.644671925939131,,4.14608715249301,4.019562984158952,2.796441210820594,3.778709513729185
0226,,3.451336069380606,3.8025493219015227,3.535337088835455,3.715984335972437,2.964521350722033,3.5593293747284642,3.5123260210690015,,3.775430242810197,3.2356277606622217
0227,2.960758207434936,4.605365076035635,4.681363084891855,4.028876994728184,4.698667166534905,4.772634697723868,3.2018067939717056,,4.471012161642345,2.754734941554601,
0228,3.6184853205737126,5.024602853458163,4.3479799096941605,5.11748345010167,5.110099858736422,5.102183643159032,3.8609390072884042,4.415167171509122,3.3199589486769807,3.5842124577096226,3.8975949636708367
0229,4.676634748367769,3.375495235318509,4.6445698695843225,4.501026575639968,4.437428156622584,3.8922099746445356,4.192258641890903,4.44493911042753,4.779063705651279,4.719213501620613,3.971217355033562
0230,,3.3350199130450173,2.763109980934398,2.514127686329156,2.459111248135329,3.4489504929289696,2.6717309739520525,,3.4031627194883334,3.5871554351941155,2.8243509636672215
0231,2.8311578394633896,2.6742180715787436,2.9475807019493265,3.5700361990022618,2.9978326410236265,2.860025816723864,2.9775641233853736,,4.113436709339776,3.072175058448729,2.7439941455921195
0232,4.041203030748341,3.9535789359029234,3.7069146656393843,3.654875162578505,3.6657115154651847,3.8431973204628447,3.7867154786135298,3.928687919661274,3.627244352732594,3.612686539003639,3.603945802550801
0233,4.447733711164728,4.342286289449014,2.7989575979047543,4.449998804788893,4.435569703454652,4.4947349213869785,3.196761742162025,4.145134581090376,3.2886288512738844,3.1276012625799687,4.434049014368682
0234,3.7095155009981995,3.9447953107924576,4.0165000331154985,3.652222656629793,3.667081132356655,3.5300572755616986,3.5323399415201835,,3.871713302380991,3.8309519878165412,3.861560121574832
0235,7.1666927940462,7.081140228973366,7.177490204035473,7.192421670925552,7.1540544866111855,7.182980183035532,7.185170575137372,6.8252942513298756,7.157607150183081,4.515933159343064,7.130113657578994
0236,4.038860529587803,3.950504004899077,3.698701592060133,3.82972310679966,3.6282142656642855,3.334642850499395,3.555859200007865,,2.997504975865765,,3.6011673808388798
0237,3.9552498254961064,3.764162449355006,3.032466284576396,,3.985458701468552,4.107698062620216,,,4.136918644965874,3.2069570258705817,3.4623253078095977
0238,2.8449093085288983,3.321413278546396,2.679497639232505,3.506908534670882,,4.20994489689633,,,3.7272501921346692,3.2697731671368273,3.44020074547881
0239,4.384452402764387,3.7437135969037265,3.5666524121375884,4.271457999554589,4.380077485000413,,4.207221465571149,,4.746854880757541,4.682860168222604,4.660164744678655
0240,,4.409535317969513,,5.2997368428874,3.171547142586655,3.294585858321878,4.635424009228783,4.367679896841187,3.558239411993048,4.82823186820808,3.916184221430031
0241,2.6000909616385375,3.810176919349071,3.0071343769959413,4.088507608262837,3.0764947382087966,3.546564108759774,4.128601225073842,,,3.0696645962067985,3.658767068148451
0242,3.161509737294999,3.638679299642352,3.8922995136671665,3.4539483773395463,4.127832196719357,3.8441470625840797,,,,3.2291510698579384,3.538953053980021
0243,4.061884563501667,3.9650708750870756,4.138137259225873,3.7800472655940847,3.8154324759532456,3.9873421299560787,3.568559384734417,,3.6493566888865723,3.2555256493512466,3.625442355999544
0244,3.2628904130333174,4.243621997937962,3.8835917717491264,3.718751828053798,5.347542293304663,4.480338146807123,4.019284915225747,4.555666098606821,5.10494686741299,3.701217461344411,4.936469257816915
0245,3.423764761679394,2.390051942132373,2.526989967299671,,3.150643412442837,,,,3.2443939531099755,3.1236852435877065,2.926418286780841
0246,4.699508448996893,4.60421158393344,4.538263582423839,5.23959565662312,5.353898005878021,5.5995850841798696,5.536610537719914,,5.22171359578113,5.270053028429485,5.2012876246995585
0247,3.9168926056052835,3.6672936686575257,3.6023246878445545,3.817747171868579,3.6884098535774172,3.9432401986333283,4.076334160949149,,4.043322783709711,4.134154345472158,3.686874523697198
0248,,,3.876744028592791,3.8494120721930907,3.684231224728566,3.130935997730415,,2.789282433541491,3.5637590351079966,3.1542239592337125,3.3817765986040227
0249,4.979417206151656,4.945686283874628,3.029853243291384,3.3962790629359474,3.915288918104745,2.915114169589589,4.509768272466685,,3.4521633598541936,3.1738370209015234,4.619807522120227
0250,3.741095486796002,2.3895077472365727,2.4102800826999147,3.434175104014307,3.729586138021402,3.8947209476106925,,,,3.8312712700628264,3.9917434186205156
0251,4.8306017971358175,4.915802000757999,4.605243979453913,3.697825374813367,3.9751422562454986,,3.8750224181622572,,3.62497033853043,4.087556798042064,3.641496672765541
0252,3.141464186286187,3.5877652429616482,3.6400115561064883,3.6597309588008446,3.6094112809474845,3.9566485561152573,3.3699842021142765,,2.523399570364065,3.5543097264726997,3.6280637368594375
0253,4.555525306171029,4.4913669994195935,4.412209076329223,4.269702067540832,4.272041228957335,4.1755297161463805,4.211137340020758,4.693107385770254,4.4324233856942135,4.38328669427724,3.3384646825761197
0254,3.5504579190404595,3.5784880443760683,3.527345786271592,3.4445036791730566,3.6814631378535685,4.020140210401458,3.3212618679962587,,3.88699364406109,3.826044672339783,4.1802281984377405
0255,3.452754370140737,3.3120072548088144,3.490547566500805,3.186674219514529,3.36694575124877,,3.377191052771676,,3.1358270477169636,3.581832926907224,2.8030664645840213
0256,4.047106331439121,4.018002623059044,4.105763439721211,3.974191514212361,2.9616665441700096,,,,4.35178774579444,4.258535387173973,4.231568515836827
0257,4.016433643082474,4.002134328192782,,4.045063277623081,4.051018578119477,4.1241003521901565,,,,3.2682093402660066,3.9732451374830733
0258,4.079855504690323,4.405474073358076,4.4265493825208075,4.1553048562080654,4.126792908781971,4.103500536111248,3.955502448349479,,4.259870230531258,3.9886412933632034,3.594009342111314
0259,3.406703967588626,,3.245124613576728,3.4417531622271484,3.4162042298146393,3.38756669184047,2.9951061276276465,,2.910165307238418,3.212828639756908,3.6825496766581267
0260,3.2315704496368967,3.450873322536488,3.335486161673833,2.959896810571407,2.9951959806724373,,,,3.340981949350859,2.930557618244405,3.368445343916227
0261,3.675648421259599,3.5864646073978514,3.5834716750947275,3.7460004135970473,3.752912285328223,3.6337310534405325,3.896493277408076,4.238211485991139,3.3522334938911373,4.261698849408319,3.6800134806375437
0262,3.3298509382249826,3.4143857341894632,3.1484737088047936,,2.7872816823132256,,,,2.737653279674245,3.0105873955464544,3.108993637667419
0263,4.2799336537681185,4.255867812633845,4.17689052271214,3.8801790972634316,4.140252943878716,4.156955883545098,4.394932453502873,,4.08537453642913,4.201924168979351,3.873242038085593
0264,5.3857048844136814,5.328486098806336,5.352691446436737,5.159274423641529,5.134305417636911,5.151194463073374,5.186323521223875,4.358309191612879,5.118059293484272,5.233995143260579,5.161683552917663
0265,4.858539317134519,4.723938563047074,4.669983059578161,4.134962264852641,4.681570369123628,4.808711829831102,4.853036412566581,3.8384182308989128,4.974916798480828,4.915907406863596,4.779859724288062
0266,4.158107634041348,4.300610888507788,4.082232381783364,3.9511999265298194,4.378169232771786,3.82061977466595,4.257281769192542,,3.1572274673701597,4.352528839162366,3.9362043473475596
0267,5.293895767801447,4.686208005562524,4.945111159116193,4.886412149726764,3.8367458107881363,5.274511849468199,3.6975148074945556,4.417366988947007,5.830313500531255,4.807021745867255,3.191006147485112
0268,4.014897520142662,3.873116065922404,4.065964653394072,3.9072280104341495,3.7690751730937317,3.120537305245139,,,3.979242416536896,,3.781435457632668
0269,4.322183095572106,4.356601346592524,4.2636627692236475,4.11273697882455,4.174666039054221,4.254104042752022,4.327304797049131,,4.151367942015454,4.195065944010025,4.023062970394577
0270,4.585076253831551,4.171222981013677,4.6912849586632435,4.20412570490169,3.995226644153577,3.6950616815543036,3.310148560017731,,3.79595741598164,3.3954653654734606,4.046726155606521
0271,5.48013017426023,5.333435202484018,5.424899203478193,5.276651755452208,5.297315692317538,5.357781504625644,5.433279230319488,,5.538794416974339,5.482108099023767,5.348681208630373
0272,3.7699037706422316,3.643160331185863,3.5811771350435886,2.6774891065910675,3.632453713233815,4.123727112815505,3.9696627630129955,,3.809036703295588,3.7996138965675104,3.7922884344184586
0273,3.462775032164842,3.041499697628169,2.5828251808419185,3.289367101322391,3.2268954595415953,3.469490343952095,3.0272708503533243,,3.649798409254309,3.3981605309086294,3.371086524737914
0274,3.4487342106970273,3.458864405386351,3.5032408735104443,3.4988475847544427,3.7070757288553637,,4.372591998960962,,3.4576526457123964,3.304447864711169,3.3163775402100155
0275,3.959187784379015,4.560286585458152,4.721184807650977,3.3344568490986957,4.540407795783805,4.629273945188533,4.478076411535469,,4.478896660747936,4.591528716648249,4.6894009663868985
0276,4.026894295319554,3.3106647745733624,4.178989563354497,3.975647294073445,3.603511608098096,4.130762950078903,4.226304488741352,4.665958995159331,3.108894224509008,4.185155554800868,4.03019265168237
0277,3.9248821303115755,4.1024097272521685,3.855254816852998,4.076835544267035,4.3396407240831305,4.181214858027909,4.147440808555671,,4.311719850714236,4.176387514583988,3.778029004715513
0278,2.8096376363006237,3.3425860063205755,3.2841324230803575,3.5032150942783713,3.5135071836207,2.7444996344754458,4.050791924132261,,3.857311705369662,3.996481092232931,3.941204354154581
0279,5.163194103673892,5.056254861831434,4.280054554920018,4.946676110664782,4.092758128540311,4.209016554106544,4.623195440632277,3.888046546282358,4.2342795184714195,4.865871666051561,4.155170031432172
0280,3.7296615130563233,3.281847111714453,3.7885467862609943,2.9907250933823093,3.1593866253050256,4.018059928978801,3.256023468074512,,3.5640933420750582,2.9611982468735163,4.901856181270604
0281,4.7793707950734845,3.347476593821529,4.884356011647218,4.776659149666523,4.773013213077457,4.92599917807676,4.838087121667181,,4.850291557023607,4.771528336758601,3.0322821137557012
0282,3.7502966160217945,5.023761570893383,3.7771124701467635,3.8012470686445337,3.7745165298168484,2.8711838870184563,3.800475252537778,3.817650078425467,3.9445402365629,3.933699566839524,3.850344085547996
0283,4.206674053106926,3.9366373874399505,4.275472198563551,4.46883734949355,4.341724934204969,4.30393518120059,4.2668539343232625,3.7529717846853625,4.431208066816809,4.319439167310138,4.265965934326554
0284,4.556479564288088,4.384686192683742,4.537498310654558,4.580517749336261,4.541570083491747,4.348531165850703,4.208263371253644,4.061248044863946,3.671559936893535,4.359862613510181,4.457256992970099
0285,2.8030378255975106,2.9544868062662406,3.9245516837219196,3.5684848200581047,3.7520459479051578,4.1409406893803435,3.5335668467428256,3.2880429067851273,3.5672248835129823,4.023110518481734,3.905649099672643
0286,,3.016474479518986,2.6104587266602146,3.155196548181709,3.315999498181211,2.89743142253806,4.50776260348321,,3.558368992458879,3.6007937814129987,3.253486057894794
0287,4.186916318197282,4.015227605286825,3.9091036342301373,3.7709993520292433,3.2227214801272583,4.26641111429999,3.114576372869859,,4.0647236784849445,3.7098862702875945,3.3891791315811264
0288,4.564409742394105,4.520440036845833,4.471755032746839,3.6335028205951065,4.419913313660675,4.561463358787584,4.575546403909192,,4.612114803178005,4.543170614870382,4.456127304408483
0289,3.771788262887047,3.3279888898924135,3.4327548940563397,3.7652955874599243,3.9980783823781167,4.474073616342565,4.141490431718726,,3.627757477563806,4.120247909175255,4.229219065269609
0290,,3.29665176175865,2.9803661442272142,3.324676738701688,3.3687796644241637,3.64516509322606,3.2763753400402855,3.539953574767971,4.230263240263926,3.4901192147100315,3.0488546765805644
0291,4.774885719435218,4.1094874010847295,4.109044554997504,4.019547778711111,3.618451829581504,5.117977200197158,5.2329968532558055,,3.6444620969148436,,4.088621438355792
0292,4.114737256807229,3.9965119173631285,5.187541387857672,4.432165752788307,5.1400204242385374,4.160263847085229,3.921829070496235,,4.570833843449515,4.128004381770875,5.296706603592565
0293,5.432911888508335,5.405279710861045,5.374709367452493,5.323557974465237,5.320913168463811,5.419489176907394,5.634104392011676,4.754724384823044,5.1626814830487735,5.130021327987004,5.062991321992748
0294,3.9145342020731646,4.612281959663813,3.804785104373403,4.003587423310677,3.7468658163489876,3.2634656978788246,3.867970621354712,,3.9016542526039255,3.2366469981970094,3.97501950608338
0295,3.3406427748509757,3.1414566124107535,3.0914223480752696,2.8455991257808373,2.86361801636966,,2.828725963692776,,3.6601574553473855,2.957238212639175,2.475734516923417
0296,4.368722182624421,4.529330394935853,4.414953894718766,4.387144439982511,4.382835498975515,4.237542882047602,4.71523103561528,4.232696984048532,4.410001871410952,4.678734255610447,4.402389535073958
0297,5.1619949986632045,5.289558097484062,4.227638914080521,5.1482930659088355,4.480972296274821,3.4801210211539533,3.1466356424645925,,5.276494485323016,,4.284127982304845
0298,4.930594480049312,4.015773303977845,5.042510414769796,4.869830698633076,4.937168583509633,4.9414518401646905,5.007600984218855,4.806936185271372,5.122860063420097,5.0582286320141545,5.023002645010999
0299,3.5953381407997886,3.3349873482541597,3.316535215281685,3.0855163328921047,,2.9331715690518356,3.0897296626680677,,3.9267822450311978,3.2650876207320785,3.170509295369951
0300,5.007594851418763,5.004087551161296,5.13740639162444,3.9494589417038455,4.895017518967801,4.894815569045658,4.884010440384916,4.051332225577816,4.954187671370753,4.937919747972298,4.489760891351971
0301,4.558868278147295,3.8524299264459376,3.0559081397379977,4.463429779394919,4.527442667229563,4.590509150199278,4.65400256087279,,2.915451208393155,4.597775416650451,4.540604523989406
0302,3.501241162560417,3.3333739719365103,3.3266696754702414,4.104388185273949,3.048804476868549,3.249411633582558,4.7189743239898805,4.3836711225360165,3.5112775306232926,4.763433385555482,3.123108933046154
0303,3.8508315936682678,3.744375801113111,2.3095189712870057,4.327794876839357,3.0073097952044345,5.014653570499979,5.022219658770493,,5.488270986352354,5.415964916541002,3.190750151532857
0304,3.1539041756678596,3.9525478353903365,3.7595740735368035,3.8002268721187327,3.8377049738160722,3.9171095192094434,3.9680304882903417,,3.9372733565472458,5.1645571626397775,3.080117816225259
0305,4.427758745213651,3.6778200674101176,4.092859344233504,3.748231038783173,3.6191139186596026,3.6574364764742113,3.454139962793321,4.101458816836672,4.036391798347604,3.4835068315679036,3.704624110690182
0306,3.1289144791161263,3.605487786556119,3.5476206615006785,3.548759629175435,3.5864294734207833,3.566126726863195,3.6202921409768076,3.6530059893492437,3.0845938728440787,3.5128520289520524,3.685054539343728
0307,3.8951571799817453,3.9960416221962003,3.895341267921393,3.7326252602619294,4.06900679795789,3.6078967478637662,,,3.9629567682908027,3.483788441614519,2.9986182701871966
0308,,3.4792324410386257,3.0883975897069393,3.3288766986628615,2.8545539765217023,3.175127743037893,3.4643246155292986,,3.7099828641686816,3.1377839764264683,3.1160122498298874
0309,4.219911968842157,3.365863576857792,3.2377482402202076,,3.602694149587522,3.6271867198743135,3.1482879068191667,,2.9744882361832685,2.8553528438220246,2.8480643358296023
0310,3.3665533723973406,3.4996257083086992,3.4177640422019357,3.3798504483216187,3.206393093666196,3.416521259438186,3.3767622027364887,,3.2466267841057954,3.5472127392251758,3.4077304019892676
0311,3.5862481916806446,3.022841268022108,3.2668478485614956,2.641886846479253,4.5109625569246,3.142110128311799,3.3974652650150494,,2.7430770507546653,4.632479289664895,3.0893953907091976
0312,4.049686748871863,,3.640617819283748,2.8216435355471536,3.462972847812533,2.7828341126003813,3.5053938152260034,,3.9215192472112883,3.8260274884230308,3.3858122431251956
0313,4.6203568052471855,4.0061703024285595,4.628513606323226,4.549839058889981,4.618233103936818,4.612478868533925,4.258085863214161,3.592555065332516,4.66353029750652,4.681184549542685,4.634120467149074
0314,4.324938243709382,5.0437686653219584,3.994577333015094,4.496193038589869,4.609298601569648,3.568746854673501,4.746371557790649,4.423104689200706,4.625154970118768,4.771904861274956,4.476147984935262
0315,3.920211155632346,4.598952679782573,2.8852471225788294,3.780883570115324,4.124806790046781,3.1519123569530745,4.612384267514993,,3.746378939619029,4.2477711951041535,3.890766719696731
0316,4.995513519377728,4.80693512002287,4.836483016187155,3.9263299169867403,4.218290798551282,4.401540508255842,4.416683685947383,4.496566449635322,4.613851529519545,3.128905756373273,4.518664636805351
0317,4.86327014167754,4.6836784500220014,3.8239878696828455,4.887560417701183,4.927748029188685,4.4302282927195815,4.108572478823742,4.874922092813662,4.3917759304338,4.2945320815407015,3.9976806836489978
0318,3.722137248841299,2.9802585732555267,3.644448203140365,3.707600346815349,2.7072968064656298,3.7860589746792948,3.728250621528319,,4.660850160227978,2.8955700409809,3.7391232025763035
0319,5.336086523788461,5.31758827274319,,5.340444163729745,5.456543892781436,5.37203363132177,5.305592900484366,2.7541830005090397,5.409883194552887,5.351193732604131,5.537778088638488
0320,4.017234172794916,3.946714596669583,3.9739323169629754,3.1125095982336877,3.6549143842634195,4.390458388040972,3.219681232199565,3.753979787381176,3.693752897593422,3.7073023838792243,3.7282197010714158
0321,4.4492264410551,3.6687804827102393,4.54508644655803,4.348092352349527,4.376908081671218,4.167676065069976,4.218640102892954,4.057826465946793,3.7398885509661244,4.520447347535505,4.469571615122083
0322,5.173860477574692,4.214016901836921,2.7360218460914933,5.0096145596966,4.990402647684768,4.914784428039724,5.013411608224664,,4.667005664831057,3.7336445262825118,
0323,3.4905155454568058,3.459591559208867,3.9465422827708405,3.5145833085414977,3.6546879667379444,3.626959873720956,3.7344342618629165,3.5669819289645193,3.291181609119682,3.5534504684911057,3.423432057711188
0324,,,3.475327427562828,,3.855718431546021,,4.494328818829034,5.199818874707956,4.369080541984768,3.8961480694361117,4.352850515869469
0325,5.430574526320059,5.397421647081013,5.327473096268244,5.303181035911084,5.225996960376554,5.308833035038695,5.30729487141992,4.9442304352042665,5.437526268505307,5.418482687896928,5.3351396667654525
0326,4.788238481048349,4.951283913768114,3.619233113780391,4.617154264813471,4.740757802722497,4.553713955751574,4.665151359875454,,4.807327828830652,3.5908628310585256,4.7454888011436225
0327,4.638803055140306,4.6300877326878815,4.610268908931153,4.9656671521151745,4.932574286689784,5.047726980047974,5.060487243665154,4.4214865963640335,5.040122530133404,5.086348267855177,4.962717434327779
0328,,3.688703532901118,3.721635400057651,,3.8217773101530232,,3.187091050355421,3.9717708477102964,3.4570670756158006,3.1835253702883612,3.924060890729515
0329,3.885629091191364,3.9123759389172266,3.3588591686534968,,3.4891939480667644,3.870912567937493,3.893051785186261,,3.413520748047663,2.97289184868365,3.106629865611935
0330,4.848536406549775,5.147789342859894,3.194620814756691,4.823949957750064,3.9459751219554597,4.472600646457474,4.557068624848568,,5.032494397602018,3.6508738100171505,5.004429823240863
0331,3.437186940538593,3.672661571609764,5.03006683749085,3.7442160225793124,3.697098663168718,3.892496381282738,3.728691793998351,,3.599875151801011,4.844386106957479,3.693380130186051
0332,4.504721968485457,4.457417144356319,3.9872201001123635,4.412669225872661,4.426049990097329,2.838612405992078,4.291232877913493,2.969687898242702,4.502310956425037,4.503293436992822,4.6191960984166895
0333,4.775643475733155,3.73577910951747,4.063736746217828,3.1487608281517714,4.0795026033991775,3.7445502001133555,3.1604236246118376,5.673147246038317,3.9466076854685297,2.9719550202368454,2.910436932721555
0334,2.9323398396947713,3.388964909860005,2.8176909088561186,3.4329897736724844,3.597590593046726,3.5118240026848735,3.8752689071973223,,3.361649749221016,3.2820073972765735,3.512844635618392
0335,3.8062996156295306,4.063369600323867,3.859795329409529,3.8583060387017873,2.9658471753015028,3.856346730448508,3.9194215541389905,,2.845600022056,3.1122628165772914,3.601157099456145
0336,4.74094140889551,4.7152461114134985,4.748599774614974,4.585599398154565,4.567992107441752,3.8041773358018083,4.124448671841744,2.935495287893934,4.867831266784322,4.7405926774346785,4.741939960413081
0337,5.0776093321762135,5.057589437326133,5.14057051879948,5.139648581229658,5.106265517310058,5.102973802122493,5.187627873590662,4.50478555852259,5.190369379512305,5.313778220237751,5.1306253367500005
0338,3.712169079378057,3.6403792671988064,3.3565918323584563,4.026314190182045,4.202146653961812,3.978092974533681,3.836000464611593,3.732094920168842,3.6640477710080686,3.899950315714321,4.2119428580966725
0339,3.7878895381230975,2.583876146904276,2.9779391114181086,,3.044133830840564,2.975625937937462,,,3.0187001077302593,3.383388243361649,3.2503567174149848
0340,4.7793478863928005,4.595318808180398,4.2600896054421575,4.3021314872047425,4.621445252479614,4.762606932673815,3.2511810496206346,4.003052720405791,4.558001148894109,4.308038083746872,3.6806698627742938
0341,3.176693227815175,3.391977077866826,3.6016095507851515,3.314617544332663,3.4080290096395043,3.1017976508544556,3.6147086719292867,,3.257194717909035,3.7115191316055833,4.128051381377387
0342,4.17954264157522,4.1545331535465015,4.149027579953635,3.990993882885374,3.977878417210898,4.023265321620812,4.373358589031126,,3.7920730779176175,3.891378618345625,3.7623506149352783
0343,3.519541416490268,3.5160260324418884,3.9104324503825523,3.457469037140671,3.166738631311351,3.5858093501624757,3.623169520116748,4.260811203539516,3.058563643386481,3.489762712565762,3.7372862948934116
0344,3.5884874228943437,3.306451754647281,5.1943704007565294,3.1005636689815685,4.899874082971252,5.087896717259692,5.116584383194223,4.952107223120173,5.145443969824131,5.028185734498139,2.8773501250280096
0345,5.279443652627974,5.372242190137486,5.215983318567402,5.283905439502617,3.9437521341028474,5.23701421889489,5.228071965189615,,5.4176110817174115,5.270487068543806,5.328582268119667
0346,4.027719426407939,3.427305153019569,3.920674669589536,3.48977292028802,4.097990803031582,3.4872076980329347,4.212403660804476,3.4512831958923185,3.7016063058632933,3.882713521870262,4.122048986650432
0347,,4.302620612804475,3.1223124809425107,4.470895503479439,2.6391639944742735,4.214540816415534,4.318662699052906,,3.5687357001841926,4.348378072656638,3.3850168909500966
0348,3.7504946937224495,3.7942275812700634,3.168431658275875,,3.4922167932866044,,4.069986149795457,,3.8187814614185807,3.437765791494191,2.9858816770928636
0349,4.323772451074485,4.210593234846723,4.338252805404309,3.9478583476984284,4.094583325778794,3.7443553214810925,4.040813938580029,,3.974254010278023,3.9253330647795486,3.9469782856824995
0350,5.075913440183877,4.613081616442048,4.482817638465957,4.296499648351343,4.612003221427843,4.35664143671287,4.754766766128638,4.310671498618898,3.801963176978999,4.639710459577431,5.192753244703168
0351,3.768400604561943,3.6532429340956054,3.4727390057182697,3.843151721607556,3.9519179769834767,3.9973526189249293,4.024168945515874,3.971039391299194,4.014989007885081,3.9091865497024103,3.9719928747849655
0352,,3.3594742972994243,,3.0898612111273223,3.49677737471986,3.726388691782485,3.770502240610332,4.511067162171187,3.437663723244347,4.123652543574336,3.640379424346221
0353,4.077640291710334,4.68034194320324,5.91514982487424,5.332675187075037,5.713075243859478,5.254428782090706,5.56729624546612,5.364663144019918,6.165745981811043,3.7003603309762636,4.6197021436970465
0354,4.412311418365297,3.8793145462557423,7.184827003326622,4.461976018210593,7.1869169586962816,4.43793036415482,4.435194981377167,4.708701893588209,4.42889430402725,3.4510735960108856,2.952277285495541
0355,3.3175581228022146,3.025534745912333,3.772698879203639,3.4784393681434502,3.1677340980326694,3.8476281364649316,3.8837105242881176,,3.0496575644359663,3.4243880818792354,3.1058215009683408
0356,3.487182313645721,2.730178936743762,3.2785042849606034,,2.890192762413644,3.6037980425403315,,,3.40689309484624,3.1459438237258754,3.254011077748144
0357,7.178006902653278,7.099914964151554,4.427545626242119,7.1905583388908125,4.474983115325552,7.201020455844356,7.193892244749767,6.806002220494658,7.191723149076595,4.494467902655584,7.144336869498377
0358,4.137424892610241,3.341934033549531,4.03672429465388,4.120654657368278,4.280318692292338,3.475299556998259,4.16240146728601,3.6329321710788745,3.4443700872229774,3.237320607826294,3.583834880155549
0359,4.94039593099631,4.1524326945135455,4.604302732929792,4.589742664735421,4.393501009187883,4.541090177966975,3.6065754460202104,4.044273954141353,4.825984400463595,4.572107182419973,3.7841107256363244
0360,4.4355498685466115,,4.404357734154643,,3.947613532326737,4.0301377655477975,3.415088496787417,,4.140640281116623,4.247579590700193,4.1274588959286085
0361,3.661368240840151,3.8551742727252343,3.6656623331323286,3.5545404249087578,3.5601289576630664,3.683377888032702,4.084160516458671,,3.7395611897490357,3.723376585374393,3.7096079332513634
0362,4.345199402694536,4.120849596565404,3.8830833668411793,2.822834050161541,4.378618436593618,3.334358523538687,,,4.211547805235226,4.133786680345358,4.695959080104684
0363,4.337144332073846,3.490729758916502,3.0888738593601417,3.087878932846245,3.085187140631401,3.791223091805572,4.25767617031084,2.9799449139242373,3.0598524272288166,3.567891701818242,3.5999990489709814
0364,5.229487065254722,6.080700615646415,6.128832314460385,5.025187788276176,6.13808813457551,4.993759045261964,4.2229643483388,5.68439699517179,6.3279670713833065,5.998255877512111,6.236072218278619
0365,3.880916502729562,,3.9474081029463726,3.5518427848778202,3.5902404256761313,,3.3222503379361346,,3.600942652251582,7.230325372690432,2.77453898584511
0366,4.2837991244518046,4.360951229517186,,,3.7994778373985656,3.830660207517939,3.4999107854664393,,,3.5066804214033,2.7142644287547446
0367,3.2614641979578907,3.7704182235310637,,4.196089223550658,2.5708312704511025,4.294216570980881,2.9535311225665155,,3.832414818102181,5.683581156922482,
0368,3.6999171192935316,3.1269611464522047,3.6190488174857207,4.4865028146229236,3.875896451815866,4.667993079640096,4.276457287395933,,3.0008692397867156,3.365956507486659,3.3845515217451245
0369,2.785354193754971,3.706783238405205,3.24206228768809,4.902738688271674,2.77822562880858,2.933116115581341,3.7440284774778836,3.4033104424362937,3.3865715281631856,3.171922791125675,3.117226934323184
0370,3.762571505383967,3.0134237976536773,5.075780984724678,3.7131298247837106,4.925156721856492,3.6502708820537104,4.8418909768667175,4.278629184712445,3.804933216824325,4.974519292801995,5.0444912051107895
0371,5.289518372066359,5.498091355421671,,5.234906147800516,3.216937983839308,,,3.3329248504389497,5.374631927387697,3.2767932242013234,3.378859658585102
0372,3.8174032132307487,4.433088513949432,3.9027640332840736,5.177845475156631,3.6689068931957505,4.011223802721617,4.591953474461714,4.752270943419601,3.591952957732383,5.19887870515165,3.653252707732899
0373,3.469319328414274,3.590946084742751,3.6901970874598082,3.064925030915192,3.690402745320831,3.6098563219416246,3.6394647472712904,,3.928711471308996,3.891101820788305,3.1315017893561423
0374,4.251739148865017,4.383545224678219,5.331826623364417,4.113620977173744,5.162811216069073,3.9578468821182637,5.195179487424886,3.1918197517705873,4.282026131144541,5.259308205773372,5.372025331300636
0375,4.916768010569047,5.022701342761736,4.972239126013111,4.754614656704141,4.811536795757032,4.8339623321381175,3.2714625554075676,3.52216967009936,5.004447166495822,4.908332965086592,4.9757621182556795
0376,4.83541517465603,5.039442127903595,4.942480235437836,4.897644713455352,4.698926217871058,5.070783296061961,3.9618932585903557,3.843167909885403,5.076188213503317,4.867392952892324,5.022313946928935
0377,5.5828144103483055,5.042035999271647,5.221398697066874,5.241274533871677,5.129764050616668,4.8525104764090266,4.632104189188399,4.056818586470124,4.664567814274024,5.165801032559909,4.653571038305016
0378,5.770533979735673,3.544978449733099,5.389679399299983,5.650495956018616,5.514131418546565,5.495119768469767,,,5.926699736523411,2.652853818473193,5.829483052818948
0379,3.728856389138669,3.7059724254305633,3.904597539086884,3.5513351084588907,3.988121277191996,3.894052763688089,3.9386512921599093,,3.4284810855834373,3.704301578973933,3.5718998211770887
0380,4.1439737373813985,4.047690945330881,4.029484224699228,4.19732850994127,4.16585793972196,4.235410832855875,4.3927398048166655,,4.347086344005468,4.397333681727925,4.2972072016634275
0381,4.604940385800651,4.692924716336189,4.67486652029859,3.74578230001983,3.6877935155951014,3.9295430375658005,4.648392225470487,3.6951039277139874,3.6706745328448878,3.8903053412162656,4.440389785389798
0382,2.852901533240189,3.396593754109686,3.965472720469271,4.052388146696526,3.5245046057976372,,2.365113273304548,,3.201303457099641,3.7500282308314663,3.7654342391510887
0383,3.756652929987653,3.8122484623004875,3.877570188783272,3.769700904636089,4.21974665814604,3.842376140580378,4.257109676531084,4.063312750965245,3.746393629969111,4.070481634085448,3.7652307238163147
0384,,2.7275730301421617,3.7131603776029687,3.749135277849495,3.510693094034419,3.1854373495711754,5.363845370474386,,5.653877883799638,4.708471350282325,5.5754893839611
0385,3.57766863424736,3.092331519658552,4.279774244798116,3.827516434989692,2.722848367029444,3.999848239177439,3.97272651638698,3.8818581182716967,3.9640084360478287,3.9736638390651273,3.8172823137116443
0386,6.207074677376683,7.29871788280032,7.382063749940017,6.065359099722637,7.439427316305569,7.5469661873045055,7.257723947379469,6.952645498123243,7.330602743406461,7.201632754727159,7.263771240775052
0387,3.0013075911376483,3.473235436128304,2.9131597280699157,3.5083439024269594,2.7315548956783173,3.426423160208231,3.442054653045612,,3.2615193020215845,3.3097074373721544,3.1046443464994598
0388,3.655418619867854,5.870966135324786,3.3885494428951004,4.330413444015109,3.3070894634959673,3.4845061607276495,2.7724715448366557,3.57377290797387,4.4057535809006305,4.5226472342651824,3.220344513035145
0389,4.3304353710299335,4.32564276473463,3.649691232229023,3.1882467104599472,4.226348375591458,3.6613040624194846,4.229234163942608,,,4.391705216686388,4.254085628957757
0390,3.555776460320669,3.33799353328614,,3.452978661148693,3.2163480846721466,3.4022694245963963,,,3.205122078738275,2.91041429874203,3.532733389056612
0391,4.911266098656011,4.808579809915745,3.4881926741354783,3.5576232869802946,4.620189475413904,4.533962463481149,3.93840936776162,,4.816209865842031,4.739461677192114,4.653532199692009
0392,4.639372765695883,2.8638894984923127,3.274292222374451,4.318601882255812,,4.769920316213371,2.883550700951918,,,4.090108513929152,2.705138370864419
0393,3.208021447926796,3.514110840989896,2.637711868258287,3.445796446242366,3.986089513101798,3.0679094302465773,3.861602070769824,,3.611876295501148,3.8110431892337107,3.6938893620245272
0394,3.573642177077157,2.8981588775494354,3.168746911757304,3.042696770218559,3.2656073922778384,3.2634923507606235,4.134874057194882,,3.024796494945779,3.0459930976852316,2.9457466696583405
0395,5.075410629698434,5.035640939913254,5.050242082321841,5.135450804763963,5.073011855554174,5.089955512353068,4.773142656645231,4.697509185333583,5.064375574952158,4.588523786354571,4.942858818823962
0396,3.335547751618811,3.0649598860855676,3.304044888776202,2.9179549238098983,4.279638031846174,3.160113898911917,3.1574307167813407,,3.7251783047629927,2.9981691123496543,3.256706091125976
0397,3.2927433476797985,3.1561463897800963,3.3077460107490237,2.4612137087837027,2.969569010760102,3.503674930122742,3.3681818549500173,,3.7664329069576232,3.4519997312847504,2.831523994292205
0398,4.274601426662451,4.301240415455071,4.7944394482983155,4.682180646339694,4.2684439611822125,3.8654981942048185,4.6102939037211526,4.760626601983434,4.567749724507979,4.514157431530251,4.5129212908455125
0399,3.3768384990402356,3.244023046415993,3.3876054426745195,3.482873455838433,3.3919554943273598,3.2878610705802207,3.4522600038465443,,,3.395085034571271,2.900645056984459
0400,3.1359515303678696,3.090486675480355,2.9598940475747475,3.173133728566147,4.288688317075746,3.1372011190931555,3.415770849449746,,2.853379131219379,3.0029349803675798,3.9742950312265872
0401,4.271305171154156,4.192371885309446,4.174507703252298,4.001497296432614,4.014312835845233,3.8780541622489726,3.697245208527862,,2.655334470189005,3.822654775102969,3.3446081087801236
0402,,3.16038097117915,,2.862133317662422,3.2471097021613637,,2.8956555706279015,3.032544896686471,2.770009100182279,3.2399297067289514,3.242979546216828
0403,4.125523315987683,4.25505323244683,4.198199296585636,3.937611947797419,3.8979150794535986,3.4503290771320327,3.062497872000839,,4.059491059633634,4.063050422852735,3.6368486422780744
0404,3.190287306791999,3.745859509519607,3.74363974342993,3.7464533085911205,3.6897013998547363,3.808500885060541,4.079504756371426,,2.716325892169039,3.9669178735759694,3.8767282814539663
0405,3.3359999904609947,3.9975583145956897,3.198397492506972,3.010480351267505,3.6418364221275534,3.969626547725019,3.195660766046198,,3.3894870413846085,3.168238967640702,3.587380547892955
0406,5.367762115007123,5.391856562349397,5.451538405194337,5.283941455201346,5.275744081697729,5.265910480646825,5.279010221443527,4.624297019496806,5.268850933178087,5.298183497934232,5.283551330302922
0407,3.545683495716889,3.287989058405598,4.093259198184846,3.4866490556257816,3.4287973271691996,3.782179998174632,4.254036708833997,3.5890947956598898,3.8631253167878765,3.118460846674434,4.218204566426513
0408,3.495702195876997,4.096770944846577,3.652210779990851,3.237445676082703,3.8096181626831656,3.5559032278733893,3.8654828244580286,3.952447329888626,3.6448316209319866,3.5973520690623926,3.780413718452455
0409,3.765454239355543,2.808593285485345,2.8150025682346316,2.6821004396768466,2.648201418749336,2.895394108514601,3.8435957533543013,,2.974367140870648,3.9020386626555097,
0410,2.8732337172925493,3.302634264311561,3.2283658957603105,3.995582637229076,3.261990513863415,4.061790841827465,3.4276123755812775,3.4920596515016147,4.034433609947065,3.0195511007909226,3.0898292211521645
0411,2.986186673393449,3.259163483872574,2.8982563408796476,4.1875673079676945,3.691447364677565,4.214878942017872,3.940466957691503,,4.129023803786854,4.138827708344941,4.327529460518188
0412,3.6868676471140267,3.631296910104799,3.6679659763401458,3.6212368585505024,3.5470106677282365,3.693797825876713,4.014314374469326,3.1111834326677097,3.848342512601346,4.0447145926393535,3.8421363792370506
0413,3.0126719708488823,3.392982806051641,4.059369083409561,3.136453402344317,4.345042861110077,3.7837122094996327,,3.6682246517315344,3.6277721286089095,3.4464015960351664,3.4216259534299933
0414,5.672865061139051,5.658763696795363,5.526101968985162,5.3244372955044605,5.260739719594008,4.747847355510064,4.896222238043581,4.010700000981725,5.533208201550086,5.344585561420523,5.351060077694089
0415,3.4973674476753764,3.805043101799232,3.766937683323898,4.249532447518606,3.5482997292501945,4.053324671481462,4.065917919481813,3.3028126154286768,4.2822948425858876,4.544431821523371,4.45567462552807
0416,3.643851918559337,3.5685220808233176,5.076010400242184,3.2740486928765304,5.032677925733376,3.0292287427652664,3.038950684946201,3.842948118972966,3.40522495046022,5.789003912826081,3.1699405306586392
0417,3.1411617284402173,3.3413579167740726,3.0906990164115316,2.842573796587022,2.7498755715100414,3.093710607818552,,,3.335240509329252,3.1669945539671867,2.7710160398250285
0418,3.467327109071312,3.5593664318639036,4.101669815043494,3.653263835507619,3.563406057160205,3.563974072468939,4.320352058244937,,3.7655436166727774,3.2334806459244545,3.7783095905582034
0419,3.815178178003923,3.7590773078349917,3.54140335789513,3.5062499255473023,4.1400172298186675,4.331259346713365,4.5067060857083,,4.292862428292974,4.124358657311198,4.416987926940495
0420,3.9550497924012853,3.4680170320730292,3.8611136250670306,,3.977503753981438,3.582667096882843,,,3.649273645468116,3.7817530159219332,3.9242656664444144
0421,3.8830748084296016,4.293349192090749,4.223052287040209,4.167995807855671,4.149080949369498,3.781262034868033,3.4646592428480654,,4.203025779186265,3.6506696479558256,3.5931782834790322
0422,4.150087757740627,3.5704821955280033,4.249661002820454,3.4924323161806856,3.950824691467905,3.618665075953277,4.173690640332353,4.229404752730069,4.3291053133938835,3.9565895012765835,4.313134597276199
0423,2.8883553377730466,3.9776714850126815,3.9344122398794323,2.9753061969613426,4.0862951443273055,3.927859591741602,,,3.9481866776159835,3.0525301967468836,3.7313926574659972
0424,4.261613364137789,4.361291536672011,4.346424560325492,4.0516955484944885,2.9808731109775923,3.086189886823999,3.609194843041531,,3.8972299696593855,3.970801167518362,3.5288961793306286
0425,2.9148827772541015,3.5989958186446813,3.5296596810189635,3.43776123919886,2.768146959890023,3.077899497389981,3.0587534568984496,,3.332051372162674,3.4308887419420278,3.5064417220617554
0426,2.835009283200437,3.79380490742382,3.6392002820939076,3.615915398587777,4.469405559211488,3.52168726181907,3.652131144879124,4.219801737508127,3.956383605465164,3.4814452996937515,3.5331279673285714
0427,5.158193089696611,2.7492673944328114,5.874521876008561,5.178586493717391,5.741638359940369,3.7861853202396767,5.63295944223389,,5.451412784113762,3.4526313173025716,5.366035077357292
0428,2.573797983122203,3.1245989270415477,3.1457968820677835,3.6941205672917614,3.489085700573396,3.7518508169339446,3.437845331744953,,4.017498328349195,4.005367758132027,3.9291065596820087
0429,4.736471651710848,5.026497914081245,5.022038968832524,4.760348453886513,4.781290871196308,4.565867355285768,4.778383890748186,4.1087940814082575,3.172618045981546,4.9462429134315915,5.002090053289624
0430,5.835408068789654,3.7426944358890166,3.026543693936203,2.908517059682571,,5.805679464442392,3.2465919877548632,3.2436687766964165,6.164589259133284,3.1773167296302183,6.101927099705928
0431,3.403631097544622,2.7493602702110382,3.741923434393465,3.791936271583947,3.5004349184684425,3.5544869276992777,3.9852266511836123,,3.8947405926004492,3.826611250249226,3.8410949484101877
0432,3.5932694438921566,3.3525185354228175,2.7545322117318394,3.7208399324649046,2.7280178240421877,3.843664386359365,3.1682065925618907,,3.6630585121693957,3.7020348662022773,3.8033164223407083
0433,4.122245705217924,4.026129931758279,3.416539371608234,3.0512373921458935,3.987755822293985,4.080960093930198,,,3.9058773948331047,4.1912269489509,3.3001650929810653
0434,3.170883452986567,3.4972856178212277,2.730569821021909,2.9468849130584043,3.225018052329746,2.917071342488526,3.4586441460365074,,2.9676802510828817,3.2817037668067646,3.840984815499516
0435,3.6292548503344135,3.4229091408637626,2.971425785791934,3.6112682416305972,3.192692071597374,3.822905299252697,3.2718674111305615,,3.197633015629252,3.0523619735053447,3.1257170702630512
0436,4.722993310825416,4.174037718171722,4.536622768995574,4.626821939268664,4.580095654102161,4.696026677657596,4.721603667245551,,4.804164428550735,4.811427944942649,4.668336257411285
0437,3.3575787351352413,3.0000324419913857,3.3299881091870502,3.435602155830529,3.4932468265401195,3.6180497548953503,3.246321190239037,,2.648957824157628,2.9059519413049126,2.8645495932600946
0438,2.9839198389321764,3.340346783598257,3.576298560039741,3.47822827276254,3.3205971408535384,3.796517618641107,3.8006144693589388,,2.893710106864251,3.5280553615417913,3.740707363975
0439,4.080531288258941,3.822829482456807,4.06500463010307,4.003391346052476,3.512108763023603,2.8570846810986423,3.715565739073856,4.3140718043146205,3.9683307459225117,3.932116608795034,3.9716223808586806
0440,3.1465269647778227,3.395047259187423,3.55307928934422,3.867608045295587,,,3.4521722289288963,3.6648964738741268,,,2.9935523594561557
0441,2.6367415064946873,3.0219158891994793,2.919415222274956,2.395238326859671,3.6626473240115227,3.5401071226408,,,,3.4654252075436016,2.44509754136395
0442,4.707950996355828,4.5637483846565985,4.65101484905086,4.609287865696055,4.560421655749419,4.7162805430306385,4.682730233297273,,4.733754230609434,4.758863529208568,4.646213120288995
0443,3.9051046691880975,4.047278372238847,3.9299059532794693,4.553263565531511,,4.266818996879206,3.633982703476585,,4.153566174743163,3.9850792178783694,3.817521457800734
0444,2.969237616162277,,3.368992238663926,3.276503078484267,3.016437289814634,3.0431568478773756,3.1199722244011707,,,2.626139244530144,3.389542163425345
0445,3.0092095855742773,3.177386626215474,3.4332854664865096,3.1532103066334054,3.2265587808177183,3.1622558601297124,3.8952657743481485,,3.217987487665969,4.0707996672942635,2.953835382501791
0446,3.0269821546981333,3.502709485417374,3.681604531402135,3.6953540439382735,3.9749469592038422,3.7128132972210826,3.6962565595209926,3.7859462477357084,2.8739441788702655,3.3392585341323917,3.563944294034062
0447,4.401231863783412,3.8721241619630216,3.3030528459507287,4.633285207160894,4.320502900636658,3.6696969379549986,3.51067447128073,4.078076887100673,4.488188856714896,4.263013957064272,4.3610098255330225
0448,3.3719409254074764,3.5794973289587753,3.563454298848014,3.221327331054178,2.7401539491290468,3.7129167439933752,,,3.163215618728528,3.441391960818533,3.571564425137619
0449,2.7271726237635834,3.1465227429667992,3.703536405823992,3.6483071079199068,3.7219865363660825,3.7349313386554597,,,3.2355421372328643,3.2652143642273437,3.754392350187036
0450,4.369315360866879,4.233926969569506,4.474610861115342,4.106951805798278,4.258797373119052,4.333911696144185,4.064237171460209,,3.8487896302570275,4.318500630857811,4.374863730206836
0451,4.282923460357788,3.6146054715697753,4.446437631860594,4.27851035128327,4.096916911277674,3.9771009229301155,3.7921888432362048,,4.12472139113879,3.4690867325505255,4.11136351226225
0452,4.381207087066057,3.362670369367224,3.508266165774338,4.623294342021945,4.1545113621131105,3.379898478735937,3.785344557146999,4.601713151550937,3.9295055636721177,3.5692627646968567,4.056494427975489
0453,4.285177311610473,4.491654371438128,4.326499356143852,4.081081567615749,3.8863801374644615,3.9201312099848264,4.175175154462858,3.2178246585542642,4.401073226222919,4.361659085126398,4.386804944519287
0454,3.493295719443247,3.6559299782033543,3.39636539806139,3.559677708771241,3.3197733916239978,3.432625664363144,3.6125957935491892,4.4567209555753085,3.3755516461498836,3.506689364386036,4.232346478741189
0455,4.262016462413268,3.937249992512876,3.945764438523586,4.188178563542968,4.268776206895117,4.495061004315396,4.468509090038779,4.377876381072372,3.92893810812054,4.382406246577876,4.407134144983059
0456,3.491672896350026,3.689012466829709,3.647067859993246,5.027299341570828,3.6071794615131623,3.776790079709484,3.4347788864708595,,5.176232809625334,3.6996362613560656,3.7567554254839086
0457,3.928990359358297,4.106841718734171,4.881594079178924,3.8803472205811893,4.0037626115305915,3.9863361903228327,4.062189285312721,3.1950138455621544,3.8740992448670757,4.696452666778473,4.039800637472354
0458,4.339149045734154,4.197592328946813,3.494373607288317,3.132246479006471,3.9406682263961206,3.8663841818246043,4.065032682421117,3.622803307280174,3.7139123505915634,3.4482841590935704,4.171586003727963
0459,4.9437835814235385,4.346154973001912,4.118788886640686,4.372059375072371,4.485747126246167,4.411241290058612,4.2802940923588215,3.9306071692364637,4.644353174664034,4.564256811783563,4.444564348668691
0460,3.526716443095864,4.9326001328408005,4.790096384876465,3.502464475370995,3.1884268571186083,4.582275760802503,4.698692746223168,4.436058890565606,3.4963099472690655,4.662713435245889,4.75645850071142
0461,4.822798651167508,4.821561101074063,4.7872914707452985,4.263160550387549,3.768658772570485,3.8481855006709624,3.942121872051485,,4.594587723421694,4.43273159992123,3.9974486014705173
0462,5.07433264425455,5.042511726007999,3.9424458018506394,2.717995759840965,3.4787027791715652,3.2761352625135087,2.922553797267247,,3.1391377131549283,,3.9566275846771513
0463,4.2829229676613725,3.3812719953239943,,2.8706471939371374,4.356178016773432,3.302170243423634,2.845504089914819,3.739929953478418,4.230282444951907,3.7299575502624247,3.5507130595320247
0464,4.833214493485466,5.14200532007527,5.115638984194304,4.559367493433744,4.418624371057604,5.068339358783705,5.131158663049559,5.0382059645324215,4.803642103363342,5.0797712762700336,3.8782608822992573
0465,4.89430786862647,4.891983896732139,5.091153728314628,5.057329912413328,5.1788295006076375,3.2428528570493373,4.9768401072143735,3.3203989760255403,5.031743154731192,4.960897469233279,4.109314510029794
0466,3.2596596430314784,4.0756203245260405,,3.660442197483333,4.513940971518606,,4.20673495818851,3.292894548525383,3.6271353493950445,3.433266561964223,
0467,4.312292090826136,4.384835428325175,2.7089045753152527,4.087883916811358,3.7800315024404108,3.313374141608483,3.518064702202843,,3.536412518402616,2.585314685689684,3.903567599646154
0468,3.0775947738451395,3.9391905117521855,2.6352559441196406,2.91451110510154,2.59780510827055,3.885880326708772,4.252450615938043,2.9620657200540674,3.754036425856991,2.645168888524423,3.839206487782219
0469,3.093466036960191,4.8026941611336955,4.0380089525723815,2.9784909609251575,,5.672806792768521,3.967996632939176,,3.577379512798042,4.1071699670119735,3.7478833554622133
0470,3.934438479731635,3.9658573855966957,3.788556018241797,3.944582680689524,4.1909274318910885,3.7202081657212576,4.21026896539895,3.119665432254395,3.9617390176946947,3.3136389081643345,3.771641014692115
0471,3.3620891502727575,3.8147020223908834,3.1214144387199694,3.2761170327263502,3.2087899775167568,,,,3.014296794988271,3.1266765864643062,3.3752337411922353
0472,3.060545222183444,2.490215466302849,3.8941342034408453,4.036010661618418,3.822139954488803,3.952419877961772,4.4010605751132985,,5.688163918083332,4.357944090092163,4.124056895952397
0473,4.658345616354995,4.636734970472537,4.777377577217812,3.5502285061952983,4.504539248401272,4.498266599760802,4.488822519494618,,4.580164287689904,4.553115559784128,4.636650680004808
0474,4.206131038915206,4.320117896185776,4.101604767500768,4.209687257751061,3.975987588785698,4.263531186603863,4.23490263184533,,4.38301196394549,4.29031532029969,4.23529846930543
0475,3.2417943440924324,3.885204278586492,4.001254196423278,3.478900056542372,3.6959001153681443,3.5706844813043097,3.3293728423507,4.336975891222847,3.405680877376624,2.815044495140291,4.099788265265752
0476,3.9736496878591154,3.9801471895408937,3.9489178729474377,3.8102917669429006,3.7879954187938285,4.251161556514274,4.17141969491626,3.299297532772064,3.846442823548578,3.7444317378909493,3.8293448664486123
0477,2.902507157326566,2.6666272291727977,3.4063892602182975,3.2311652806035123,3.1671904934218453,3.3295163749495047,3.3414738379957245,,3.154327230686657,3.0420840663410744,3.377302280658979
0478,3.536156357653928,2.951890896423895,3.024957338419327,3.756355576698652,3.723592288728486,3.1135351703004353,3.069471620806311,4.401893835826579,3.0066240199895224,3.718491964496043,2.6766291741845425
0479,3.7612159086288757,3.897734359790855,3.793284903194091,3.450018102906246,4.2663665449235335,4.382197486507366,4.760662848233275,4.3308635141682075,4.30412623156407,4.44850822556926,4.457046668985918
0480,4.467588874644706,4.384664914367401,4.445814965155057,4.217762690660188,4.26759746849215,3.2239850185939987,3.039333270847332,,4.497329366836429,4.3426407078057725,4.40408839422296
0481,3.577032386153174,3.6830097179929773,3.5313433024973313,3.5559744703843665,3.76571561609089,3.5999806574325186,3.6433339245820204,2.9513375177170307,3.733218021538171,3.153059994093948,3.568977115263659
0482,4.375917213586852,4.561350585312359,4.472112389655042,3.2709189464222383,3.3307374943681385,4.499752380004782,,2.835651350434474,4.193376038334183,,3.2360997172678645
0483,4.9949372593250025,4.991749152750342,5.074609127232695,5.1005981076760625,5.02293809280579,5.054505437263524,5.14734914430578,5.7464721418451425,5.064506262227001,5.243997942282043,5.147585821542753
0484,5.341815135562267,5.344788964915212,5.28597755115547,5.264163334616897,5.222629429057767,5.117570947151616,5.271979048576614,4.261528342270612,5.290636894597086,5.186733625756423,5.248647174162508
0485,3.469821231724764,3.315838826146216,3.697581922903922,3.4823120394997416,3.493431726478842,3.785620913221485,4.129118965250244,3.6490345263932764,3.3000394913167463,4.064960088359739,3.7994160799551215
0486,4.055591002460495,3.889710679747058,3.975184777905967,3.9341452246866835,3.932838013438261,3.9629019516225026,4.381094933325533,,3.2019633468560658,3.552915366977804,3.9844058297901865
0487,,5.555348315304449,5.55807503405222,4.4282778067809145,3.304827221823103,2.7258164261521136,4.208328747768741,,4.303699585578914,4.287129199611444,4.158323375742229
0488,3.272312300619847,3.522682035661293,3.915678097223035,3.6541132683756112,3.4693614401111486,3.501129853172007,3.406253838672667,3.690933966909997,3.7579169309212577,3.0146501117271978,3.377775247389544
0489,3.3912770977967317,3.287122453841427,3.0902591223843556,3.5665934969429456,3.5404128036292044,3.1749870874103214,2.8465078417735588,3.439690704467487,3.086866085024154,3.404983704258257,2.922429304674115
0490,2.735059027018068,2.7778555639804132,3.057365913253958,2.9363794286292797,2.7901456409908216,3.0012167064681856,3.3524377138766406,,2.9883689053234126,3.335903153118636,2.924279869397782
0491,2.8891655396960796,2.564784159773168,3.239057507163432,3.0626782635311636,3.0264031557680013,3.2181369894094054,,,3.248341564250635,3.4620222955310913,3.593025306928164
0492,3.2094404009198167,3.1980987876895175,3.253368741888349,3.186494419394922,2.4472627825860513,2.943046371510612,2.225032960971177,3.224460548284829,2.9651964976120095,3.218018683547886,3.4882831489868025
0493,3.670038791441021,3.9027407335760413,3.3140851373416695,2.9708990375644855,,3.056391428391952,2.928538552453846,,2.727914265837732,3.0978250422393425,3.6638252920278616
0494,3.9685774639431237,3.51981380794793,3.410962643482401,3.6365969568336123,4.126733919792359,3.486045188288355,3.2923745015224695,3.4129956460533615,3.6370164731477113,4.664005263335149,2.943147700310939
0495,3.646599965497353,3.1560017813744747,3.4727793224251418,3.0523144094926833,,3.169887431226453,3.0003613703587657,,3.5476196539704974,3.078638724399867,2.9082614616728306
0496,5.041906585567605,5.011606892719134,4.920193945619627,4.925042747993209,4.874615235042231,4.870264213136506,4.9222774843196975,4.5102240097023625,5.075581546252496,4.550881840630119,4.985525545197489
0497,4.451958853072258,7.145690551024928,4.471703416054508,3.3877737848156766,4.449492946206481,4.463877062744192,4.4531353817636,4.570592750267089,7.188300293746955,4.493718457820211,4.416678428165322
0498,3.7496146879843857,3.833029891038381,3.854419560607335,4.072915590554681,3.57805930804248,3.8107843863874815,3.489050995043887,3.4569650602985718,3.526523556703736,3.4647682206536663,2.7520400935606517
0499,4.713695747753042,3.713451622412829,4.361081245774352,4.55306006491368,4.515409349843457,4.396761105818928,4.576213840317512,,,,3.2034644449647174
0500,7.193943413878046,3.290485113262491,7.231873069398423,7.222862316279121,7.205600750654325,7.255993603154753,7.253440054144367,6.833823595541407,4.460322359386018,7.270549666273848,7.201294569024921
0501,3.5114231466376875,3.275972279197805,4.651280377974591,2.9380931397568673,3.6378187395467676,2.709769888424055,3.498222099572695,,3.6043500455557056,2.559792067020322,2.7664392800585462
0502,3.0835553479697086,4.975014367510498,5.105728906069472,4.764091983542969,4.921036503908283,4.678969076416463,4.774405171296744,,3.1743923816894646,5.233724614626709,4.82286209261692
0503,3.2780085365965883,3.4985228328308318,3.1827786960218396,3.403259173114977,2.656158086772346,3.471207222828595,3.6200120744668784,,,,3.051137956315009
0504,3.719179735740022,3.3563959911844155,3.376516496296145,3.4954651481570056,2.8057662128334138,3.2018422571313447,3.3163562249594936,,3.6649949537097135,3.5913399529807277,3.5840487291235403
0505,3.172835746851247,3.2616513679850563,3.189404939617038,2.8240288683586656,3.1258184162090803,3.3008123645183742,3.163453733930207,,,3.2447649876923426,
0506,3.3668617427281897,4.130509156428376,,3.6669317813842683,3.3319409616080105,3.5742224872582544,3.777977054690598,4.0574555528035035,3.6271847690514964,4.093923147495364,
0507,4.968289667376013,5.2867564132899885,4.826561956377323,5.126912265417955,4.476750153665217,5.241261360123774,5.233588213603222,,4.957530252195172,4.789316365843025,5.188331148411013
0508,3.187485574915808,2.9705177968132896,3.1011952851760634,,3.0936348577122716,2.9826409219690153,3.0796388836885726,,,3.164408084873405,
0509,4.079098748637471,4.467280751696365,3.6262177009567513,4.018798265303792,4.940818348047971,4.396553869111031,4.4226257698901215,4.6518292622989925,4.074123895403337,5.008422456464761,4.897615679534112
0510,3.494692193027058,3.3831310178583562,3.5014447087739886,3.2872143993212886,,3.3778849125688346,3.829368506698967,,3.425911310349241,3.592069159128667,3.514168662100343
0511,4.797004317873407,4.794859013387379,4.763569363229358,4.792599751646429,4.7574996584189595,5.065786299444213,4.6471323936659505,4.095957599630497,4.705612384844,2.9381051480056297,4.696160423233109
0512,5.203630394024003,4.469414523884528,4.740368101356864,4.705308126413134,4.989514782646308,4.456250266914791,4.411166202807084,4.357848457847727,4.605697685739783,4.464241897687694,4.631946947477018
0513,4.301750001097214,4.202511648399955,3.965580846408579,3.8610427267050227,3.095482660346612,3.585314841888254,3.6291498348110642,,4.131460459820174,3.172681785436286,3.1105653882580304
0514,5.008297948416549,4.827668067376948,4.675413501931747,4.950350903878791,4.307995562258052,4.831393625785449,4.946248759765012,4.843944693588355,5.01037783957738,4.461207340062993,5.040226179015371
0515,3.4790859877882885,3.6168430530420626,3.4289972806399756,3.4566458997175205,3.646257496925894,3.6805401928593406,2.7047343183601122,3.9831665727862706,3.6984332112164715,3.227554273758576,3.748925611424148
0516,2.681821137463928,3.1801822626453364,3.585732867948007,3.285811603720431,,2.7069189409277423,3.184057062043371,,3.4814039449039806,3.5946594111577035,3.3203829714213073
0517,3.6557936896636405,3.621678504215776,3.5076558575990835,3.4407837431903783,3.5976295438854047,3.815657509400468,3.6987828732162047,3.624391094446844,3.359922524638017,3.516311124012976,2.6984798823232876
0518,3.6199564370041513,3.2874015782796344,3.338274485304157,3.516901305085343,3.6499040922905044,3.46491033874099,3.604773642574723,,3.4685351010475785,4.619508793564652,3.441969232136605
0519,3.7043180578826886,3.6463146141437184,3.8379515464454057,3.5399139257086816,3.4016483220492124,3.7826951742414625,3.213261296194367,,3.683903105464272,3.6925587612154804,3.6656454074903757
0520,3.9491138666677332,4.135620157835036,4.026579951007053,3.769421185815019,,3.248320863375469,3.1099932909196455,,3.9967047858433284,3.8246734535022013,
0521,3.991455194783679,6.536751877658905,4.366367498954068,4.3209767516894715,4.440150289016064,3.2883465372601393,4.42756642993812,4.081881255497486,4.239060351934442,3.4837760607623065,4.368775335004534
0522,3.3647771395283828,3.199627598031322,3.106219254598626,2.918905742380789,3.278993779154232,3.1405696223782673,3.1133042806711853,,3.5026823552768973,4.280890003590798,3.1405179062303143
0523,4.695878939758945,4.336075786403931,4.357362989019539,3.598270577255207,4.804224099315457,4.84412439827098,5.312999386108846,4.981087040248761,4.587321349847899,5.2055866250724545,5.16784714220952
0524,6.573632342547095,3.763111891538609,6.596629949802605,6.285703393263406,6.293675059138653,5.979072996285922,5.982354358578684,4.864625648597903,6.357456303161285,6.253547235772427,6.30979246333055
0525,4.553115879079195,4.486004034449929,4.565775902036337,4.453334200834346,2.9886910384898258,4.514144518591763,4.454775651901491,,4.467988962849122,4.563895780200522,4.50320685644044
0526,3.252543698423636,3.925978076621507,3.78987608870477,4.089764694897558,3.392264037652701,3.151370404855775,4.469049023311312,3.3610196476468692,3.3080434309786364,4.347586075320542,4.139171591361648
0527,4.824497544178355,4.794374397101142,4.790119361008426,4.690737983849769,4.626707519145544,4.569390855902872,4.538563839519957,4.0848449874627955,4.763649075735969,4.6814478219994164,4.645990191349808
0528,3.8292278037175684,3.819483155352529,3.648496670413934,3.750223778765721,3.351245099983782,3.1841058353177942,3.811570167524854,3.4448794767061175,3.0325247550590304,3.0565295437618296,3.9123573418607718
0529,3.0139116171067943,3.0668269441471074,3.477457412690512,3.343135948460306,3.3585582439842616,3.117180010573534,3.18255283442613,4.556696359977217,3.410664954571506,3.363436418182759,3.052911914484625
0530,3.3769705670738683,3.101576047787679,,4.074170939493666,3.337075292527437,3.9410713395032846,3.8612986452033278,3.9572749461064456,3.9220466763633497,3.920389042871297,
0531,3.2929783041662324,,2.6856055109851966,3.2265308837114457,3.0773724161548133,3.8575690640189766,3.575126909933662,,2.728085887567801,3.2864603477914938,3.2059347935686255
0532,3.5009018334871627,3.011964423070682,3.4489675197428804,3.798494448147244,3.8254470807903136,3.929640002463224,4.0225466699509305,,3.791532145428591,3.859199988626715,3.829725119419165
0533,3.798183360234811,3.0872607258137403,3.606077838313123,3.747175032556444,3.772938766432988,3.3709353227645393,3.3722944786553106,,3.3285587232618434,3.3338607023274953,3.2629391615903134
0534,3.011630447411188,3.603767414975863,3.4586913058970215,3.1135590428783,3.9757155882000355,3.156599945576863,3.6129682320534338,,3.906048460714596,3.4452042990997906,4.598950644170289
0535,4.2805902825174496,4.5763394314591865,2.72295796401404,4.207950496694501,4.313826213365395,4.2302353259492165,4.355944558628379,,4.046612890349179,4.532759907888384,4.868850530947218
0536,4.408461466368679,4.411238620307738,4.447777878686717,4.406358397272459,4.369203119752049,4.420400954981615,4.471121506385113,3.8202297753348593,4.595720409047557,4.374156108882712,4.553858304000604
0537,3.800387496895258,3.3964244817439826,3.6341476724733925,3.9397851915639124,4.213883467233275,3.6630756597591354,3.5813141790830043,4.553058948041892,4.724743299473108,4.0884863499179325,3.3686536504890014
0538,3.9922897619314215,3.8791408375517893,3.236316640634646,3.7839498007711545,3.796275124515331,3.56304021048356,3.5597564497669554,,3.25214707265337,3.7961490951569896,3.0536252808524584
0539,3.1834788177923725,3.0254461935420984,3.2418868942948027,4.152095790958117,3.07367771602114,3.440435419861893,3.1980234902699944,3.2890987261742977,3.2161947464993443,3.5426598152224544,2.96144406339843
0540,4.203564281713594,4.234267519882456,4.227220469698732,4.249847312994255,4.163793845894055,3.733689979440041,3.9949724390375003,4.876685157811398,4.459942531828935,4.3951678656447015,4.484297866521184
0541,2.6292915045941223,2.683793310128096,2.5036826064124194,3.129515624988723,3.9336636538571352,,2.6617622541811516,,2.834771340656319,3.070823656992842,2.5895643412224105
0542,3.0139662014344637,3.8513279823310205,4.216118724208826,5.196726412582523,3.9698219450663235,5.253332086304745,3.442651340316215,,4.356702533575062,,3.927851779197652
0543,4.453359738194594,3.4701323702258904,3.3638099100926957,3.9739788786876686,3.649941609312674,3.632463667138067,4.150261668751426,3.6701055031441454,3.5784064369544044,3.616232839437706,3.288183800211372
0544,3.437930126178508,5.30377116056009,5.100891872110989,5.194972564529344,4.957576037404401,4.254540164301895,4.231343581543535,,3.524746596447829,4.289628977617472,4.3111243027984205
0545,3.694471284026892,4.009520298907721,2.969652281935076,3.2756463494780323,4.179921892102213,3.1132681936607924,3.304029524152758,3.6591950508938282,3.6410256589221888,4.30996575534661,3.210203124921241
0546,4.384373195666678,5.402524183977448,5.258533095657164,4.908645949626999,4.014380985702591,4.68065645190428,4.481247493873012,,4.761996157388823,4.666138832500126,4.800872783076532
0547,3.4251120990978725,3.169550404587283,,3.189469270046544,3.1997343046238678,2.9474582976963157,3.4335796543817025,,3.381287426337478,3.324885542465566,3.052498041947035
0548,5.385416848092444,5.313658195396853,5.4242126560673904,5.264180816890119,5.23101184512495,5.240454941928583,5.2643731476101925,4.56440770462698,5.222471098195371,5.26212383371289,5.250805348770314
0549,4.21140555802336,3.1103296644378897,4.287135938643383,4.289538855198028,3.0336751389352083,4.253509138588521,4.351147928703804,3.9648797504940902,4.32296555165325,4.429181734397583,4.305244512369968
0550,2.941009257233188,3.12337907042722,3.5721301760689754,3.8540656307329204,3.8931344580966387,2.7988408077444658,3.908645230399395,,3.8849172930092535,3.84305611766445,3.7637236668394416
0551,5.374657695685539,3.7412538894244185,3.5550352879672147,5.482300185634339,5.42242641333989,5.551531260002969,3.3284827402471273,5.615877454990029,3.351176254525903,3.885751371132246,5.597455576995856
0552,5.240914826469319,4.286540585085718,4.9324325822783495,4.208603004231844,4.967224708089887,5.211249349021992,5.217052943932307,3.207766651512716,5.304300177433465,5.223115354291647,5.262410899385669
0553,3.8493411788541305,3.8628251312883397,3.7894884117750296,4.004667706028423,3.9481999849745724,4.035034172534841,4.179712478828095,,4.189795168923981,4.1951215991675905,4.0511835234083415
0554,4.007021856469937,3.9634562415213788,2.953164531386792,3.9137369307267944,4.735090522699442,3.8343494192499508,3.885282929563892,,3.8068624227616596,3.8731114194393528,3.764536500270618
0555,3.901296236203391,2.785808164881971,3.1131270150418,3.6349576399250796,3.6668305879535326,3.2766423937462053,3.3151392604229803,,3.3455867525740315,,3.230301156781859
0556,2.7806582234929107,2.6132407008203913,3.4663872597931835,3.1732051626075917,3.3525839381417075,3.7188601168886315,3.5023482610968464,3.3928289162564913,3.2068425505782194,3.7329390852516666,3.6230061243334726
0557,3.077393146777897,3.0138130278957895,3.3486232299112246,3.2412633381744715,3.4542535659321665,3.2155748556429895,3.6552629126854597,2.7163795193746827,3.3991250249509584,3.601289603482739,3.1224421495303747
0558,3.671108224614836,3.648930091022441,3.5879420689320822,4.005020674133454,3.4334395779173734,3.8129729208073253,3.8327901351121048,3.967372143347784,4.05770688928711,4.329794990173253,4.1826820736898105
0559,3.48417458780697,3.3100055250390588,4.105611387714115,3.653241579958179,3.746991106819524,3.7018964526832505,3.3551358926913237,,3.6714217369930613,3.7077176963980176,3.7471962282349605
0560,3.707460511080772,3.626789654207888,3.583725464935166,3.545591690528822,3.4772871296282513,3.6368976849951045,3.50343275339871,3.3684634854954334,4.000846416899228,3.357945528056754,3.9733865510297814
0561,4.403834675295668,3.9442879286394277,3.881721638526015,3.9572414777973917,4.211930673161209,3.8943796958871886,4.068415499204183,3.8174620321507104,4.0023581405878925,3.390956026235005,3.983952560047629
0562,3.1255733536375834,3.9080601776170956,3.9210171665150164,2.6064772436452195,3.697616535966785,4.043059313030907,4.221987947728331,3.4410481841138325,3.53198643058439,4.178366836175071,3.258869878227334
0563,3.6320799413097307,3.569898214335301,3.0190456235945686,2.8183326213042843,3.9825651185852187,2.6991361686942605,3.6031778701089143,,2.907522328484777,3.7670035078453314,2.7719070245711475
0564,3.4274238782452287,3.3499795417963156,2.6760771796308176,3.310216224366,2.6404725960900217,2.5829411415066534,5.880794954735574,4.284177130112024,,3.6008656895457603,2.7339581234251775
0565,3.65425331250904,3.688543405381718,3.601828702439148,3.5157016304558892,3.7328262014751665,3.444754795073124,3.673089504375477,3.4082599363891553,3.6022697955831755,3.4775358714702547,3.7093399810566217
0566,4.26405277639723,3.595091622954232,4.359345575827163,4.029141847454818,3.965215323891928,3.008242886475733,2.896255849387498,,2.6678220300771227,4.022407096504386,3.427694521557635
0567,3.4928071665501244,3.977261851131108,3.6489245413798734,3.579517475151722,3.324109155839969,3.420870842383431,3.7253451939180726,3.2492696489812136,3.7359047426236756,3.164660065462195,5.298118746762377
0568,3.1673108418891704,3.4052474601478586,4.086567692520246,3.599093130361182,3.4558274001443627,3.6944400051573543,3.7206381964219872,3.3531274045049297,3.733479413404146,3.097438362758769,3.274948089154244
0569,3.669336597416194,2.988897016533789,2.703884831020532,3.5278052985989956,3.7327025027658665,3.211720874991285,3.1236083893162268,,3.2709058294778166,3.291803220163185,3.2578934123046266
0570,2.8062546677961984,2.9996458990257,2.309591379505575,3.0587923005331956,3.392423292691749,2.9633549416624585,3.482407177861915,,3.480150565784122,3.455643078545017,2.924463129632683
0571,4.016820927455862,3.5192580002781497,4.026643105233967,3.8862664629087247,3.8100763365219366,3.983997475898377,4.063197036770268,,3.7045642836587542,3.7829979855332456,3.729469543299689
0572,4.045950063759377,4.147339767221095,3.6070859774321082,3.8896698633822604,3.9748178754595993,,4.010719220849864,,4.460821187869574,4.376820691803838,4.459587416280914
0573,3.402335889033313,3.0045572326741574,2.926779333797418,3.471914733687424,3.5515588856507865,3.582299466181168,3.6660761777937205,2.8745153308179967,2.9713265019350446,3.418857672492668,3.325211343008461
0574,3.7670473527014616,3.2633020588598733,,4.906939304243675,3.5268397105076374,3.508175565543959,2.867972961121883,,3.251982013441018,3.72998266094861,3.7255388947033294
0575,3.787271491397891,4.191012399893495,3.238633530000838,3.7947490813377898,3.6625594481523174,3.4381789258071334,4.09607908664679,4.005455075522518,3.5623325239529295,4.404235021922316,3.7630299818080672
0576,3.0265536548796668,3.714864683556211,3.3236239239700747,3.1787948409906672,3.2563980465538256,3.4108387281635144,4.487060532893074,4.258604510215061,3.258816373120158,3.3809205129661724,3.0164307805360253
0577,2.8231307847054126,3.4175279060674764,3.5898162630314143,3.457944433898454,3.502438437788216,3.634519961033088,3.185125353206068,,3.3510297944456835,,3.7391304844274
0578,3.4788349137775185,4.459999870674823,2.8687557047545686,3.924196148253668,2.9490868633850993,2.8142095105764384,3.143008535813127,,3.661054935065368,2.8286599909346193,3.2721276930166514
0579,4.2607941191878975,5.240751242936987,2.62528769138005,4.227179295187006,4.827416588239334,4.910726906729591,4.1306804359305955,,5.029624700688858,4.579286605288807,4.734788189860067
0580,4.198338212592375,3.2074795855976395,4.366230519398814,3.1248174198697707,4.443293871196236,3.2088425239828915,4.4435979123035425,3.2510714042330484,4.4049057786669605,4.437060799423639,4.58590701066997
0581,3.4707177365365385,3.348939187381865,3.8268416330619135,3.5028250219562698,3.5189515547393464,3.547790735711574,3.1936918353677046,,2.878604403877286,3.3989526377630157,2.708504939107172
0582,5.532754671049057,5.756926357708586,5.543552292012507,5.746282030394765,5.6474702602890225,5.793944405821467,5.663176699910135,5.46871204343363,5.462280940855842,5.657307694856181,5.666438765473681
0583,3.5563411620351464,2.8198221975910602,2.612047768503879,3.3768673409750094,3.329060821155482,3.4143498928186737,3.008417567906471,,3.4110987002478836,3.3485281903506077,3.4797659524998696
0584,3.3987611628693664,,,3.6612193755937246,3.8290030322065536,3.1467737438081715,4.58691798518937,3.979480338316814,,3.7537318574883836,3.186763020538512
0585,4.018049927907829,5.05265483517872,5.151617264771916,3.9663855169383737,3.8507087623671343,4.209869924414134,4.531858749040925,3.7833953786997085,4.4994889613946745,4.5488578977091265,4.6868530032151305
0586,4.358618185439446,4.265196863633654,4.178349064054954,3.9090109916977527,3.9073445571390515,3.816981254385618,3.8089970053993936,3.751505292345214,4.13498394450692,3.9165539162097156,3.895812574665745
0587,3.575385019916627,3.601201011393268,3.5140238928628293,3.314409861030602,3.2005739692647257,3.131243616170189,3.3791501877852292,,3.519057751138701,3.9640716700830163,3.4137021199455417
0588,4.3984031169558175,4.322546934728741,4.111756678503857,3.698518797267586,4.151793800341586,4.364821742542146,3.428993327247901,,4.0411163806518635,3.2956749780017316,3.868795317162052
0589,3.9819992172544216,3.8834738487682348,3.9064837673897106,3.4414573754721767,3.7406511713474475,3.1274561280494915,4.048994524477245,4.257247242424295,3.72354659619272,4.373409124966791,3.906385427200535
0590,3.604658103857396,3.1544012974532616,3.6075113320781513,3.690262894287789,3.544093757345748,3.244614834072821,3.8316582603260434,,3.8939446820846277,3.3633483062901237,2.8492304441626213
0591,3.962784595213594,3.36693845512773,3.101898396907615,3.393111088183917,2.562029468218149,3.257014528919722,3.543108969778894,3.430676037610827,3.336303166677675,2.9355821919952656,3.2977082841588947
0592,3.0796373039893536,3.115550684290981,3.257368194873661,3.197595809461477,3.0649608961458,3.040821702238119,3.3109362903699115,3.8817768063149636,3.409647063384938,2.927124489180687,2.8938637476106477
0593,3.301029632758962,2.678723267107159,3.2972037648951753,3.6535174777194723,3.190714977013515,4.512848661638637,,,3.24274218129052,2.973551000066022,3.5194279680940426
0594,3.493897784677777,3.880000909959065,3.004230305763205,3.8706637179194168,3.740072958684401,3.8368280151060907,3.8142671372819144,,3.90892059964277,3.848445817721635,3.928266404426009
0595,3.983610683319468,3.999901584100672,3.928791307784714,3.7032335722437724,3.3336797943502505,3.5670335422168833,3.5807395162477342,3.882151440022461,4.008044362281696,3.5030039235255157,3.4537689842426147
0596,3.164962210839883,,3.49588076769496,3.5109468334660097,3.2364070059094323,3.682080021584657,3.607159176386523,3.384286299835673,,3.332533740175112,2.7180265094037717
0597,3.414761201324746,3.6260443573472916,3.5453324772686376,3.461271585569922,3.30443810040284,3.4681656938683725,3.6257477394515116,,3.8964157231592575,3.3270430444863237,3.2867817064653
0598,3.619445005008702,3.5373047670051974,3.5959705293319435,3.4681298300962187,3.9847447846644166,3.8843011093474966,,,,3.821600384739176,3.981550450052465
0599,3.8699361716154397,3.8133480670980227,4.091600678566534,3.8491961760302766,3.949843980365006,4.023459447828273,3.81590550941563,,3.70678061510256,3.650544547146861,4.147247622423986
0600,3.9118489189226935,2.8823137544857205,3.1895041667715964,4.014631756736006,3.804634295863009,3.782929717555097,3.0587857052285425,,2.950432051886385,3.8915660159783743,3.8219886432487424
0601,6.660660326474132,6.641912590144321,6.583997206880237,6.476421846906521,6.420344006202958,6.313105592522486,6.415923178031202,4.876470889021791,6.444052898327294,6.370477419684221,6.36172028913581
0602,3.1302256310706085,3.26821677077175,3.044006479068333,4.314553781492237,2.7677191282970535,4.584715055185006,,,3.056480462781719,3.522720748078494,3.0569439083406165
0603,2.5522066475263707,3.2429691565923973,3.1356527918690236,3.083853033004303,3.256977183728745,3.209437547948583,,,,3.2737564735182634,
0604,3.850255400001005,3.4934430355933115,3.690666504734718,3.966600651278364,3.7518491958985987,3.2354502328910564,3.8668435669844055,3.415702071457435,3.955305733195647,2.979138071893409,2.9192586951181854
0605,4.848948486737616,4.812699610729605,4.788026614372749,4.5047500270621565,4.4346828185766896,4.4070607516468066,4.452277878470364,4.658874227753683,4.562470253018642,3.848504278184906,4.414791806984321
0606,3.098066641017517,3.1907535119202204,3.3219433381132037,3.189220053107665,3.203193119255835,3.3207516863299977,3.324510164708901,3.3603689749815193,4.083856404571214,3.3865231480920914,3.070565291155619
0607,3.129032737920261,3.992451213128895,3.9162430978992644,2.8157663396083588,3.8517016836281055,3.1979754878256563,3.059874620490037,,3.986785688839261,4.044323043890728,3.9646200333353345
0608,4.448126545050119,4.3694806289393995,4.172495597135058,,,4.0161860175188,3.8336867238094974,,,4.118364057666543,4.148796660643413
0609,2.7948824451881533,2.206712971400375,2.842144731409336,3.096942634436574,,3.2669148747177776,3.0289986554379875,,2.8314439455833322,3.3482742158149312,3.363437096320475
0610,2.6984762562579747,,3.8238772718017975,3.159955616104373,3.25439129855026,3.363099933421394,,3.6348732114496363,3.430086722681547,3.039379116722136,4.0214896858174205
0611,6.65938209833154,6.0687171002827185,6.017298194874215,5.657383132067181,5.725735693221816,5.463102071161934,5.52738161602849,3.8444123760168742,5.390447463288082,5.135643172692495,5.343890501890982
0612,3.1784066905993673,3.226537991984471,4.2546138299956215,3.027886680403262,3.98667858259549,3.111657556270621,3.9504347865379015,,2.8946151644221465,3.847183838799569,3.3726299108974427
0613,3.9278843489993647,3.941757257590676,4.054137550439207,3.0486277944970053,,4.249952522009247,,,4.361514613882352,3.526059886708648,3.7094691634196595
0614,4.526915481602074,4.530029453764063,3.8964826343477164,4.205023596917103,4.230270921257745,4.124535668638513,3.6091484881423375,3.0527887294675615,4.2260249661981755,4.062344236223579,4.060139201310697
0615,4.125868639738638,4.470433960086018,3.3396238881190063,4.202029158867951,4.793874046116898,3.8986109900631134,4.769205342138399,4.643438884858412,3.627399130930035,4.7553936243730135,4.698306364933264
0616,4.445511043199183,4.3306240538976795,3.590617541528631,4.396865562457536,3.663045103482596,4.445125524099517,4.4346869447675985,,4.539758072151745,4.59398471935037,4.440859204575545
0617,3.737232309454511,3.783752290548942,3.75389402168379,3.654067796642494,3.8116603939586136,3.9197522455418685,3.9493570339337967,3.390643764148101,3.6892132619687676,3.9690858826092796,3.820008285318055
0618,3.015712231068454,3.181696549482809,2.939385484165243,3.5118024633909988,2.6905853038883967,,3.4164100661076864,3.505426334004721,3.5361254912743973,3.4869014767629785,2.833810244137119
0619,4.07918171999768,3.30824218892956,4.620530674895178,2.965116261905815,3.6465064118655106,3.4683659955350956,3.7359724980928455,3.2950485687964752,3.8468768732209813,3.7470491458250015,4.08590534981781
0620,2.706442248666047,3.6532624813701933,3.1924087267432943,3.650623782928483,3.550901130580279,3.644795463623818,2.890779642228274,,3.9762047337217536,3.2155585392262,3.1157845737268905
0621,3.5773543264207337,3.887879852225081,4.278269985353237,3.8342972571885277,4.54115806428111,3.622984235635412,3.63382634525668,3.905970788235385,3.7306157672472335,3.92131286873821,3.686988277645078
0622,2.779673140231405,2.838281700600129,4.071235499699315,3.1820801282043836,3.95705551379013,3.598123634885227,4.434148690847366,,2.971239699640704,3.190535518109081,2.956528523291986
0623,3.790293836189569,3.771089871778356,,2.7148009013723726,3.81822771308537,3.983748804422178,4.027598445747005,3.523128681102768,3.874445178092767,,3.9173451755347863
0624,2.970552610405647,3.0505534304347335,3.3407037492562073,3.164288352588716,3.2514927975371197,3.3055130115949343,3.3833515311768907,3.9516105578861573,3.264291700401553,3.29610879867831,3.00492733845147
0625,3.3456636593823332,4.165863306180759,3.3840742541416535,4.273665135229881,4.327074098724028,3.478862449897743,3.4561349409157094,3.2385053384137787,3.897269228072745,4.337589568128696,4.458705371903165
0626,3.9995065081923,3.9719280747181775,4.488626839931427,3.7254557858161554,3.420660530659701,4.33442854702586,4.219073553559017,,3.802654989293917,4.304074687163489,4.391698926939951
0627,2.9804732270866334,2.892931379092616,2.9773405601929,3.4454116233105316,3.7965652213531524,3.45625816169192,,,3.977910139971387,3.9209606612138646,2.966790891649095
0628,3.8442174188740226,3.4903804704815125,3.7989632275255456,3.90140464220003,4.11459614864782,4.91349884478505,3.9800696813536462,,3.981140223200632,4.781982462997245,3.914189590961086
0629,3.157427571985198,3.1204398321158062,2.848700963588982,2.964486318318224,2.9702796019158804,2.85057323983886,3.9835953303162324,3.494023885840067,3.1779219247711765,2.6509785600643814,2.843142789575524
0630,4.394269482050465,4.576087456318192,4.725076707428337,3.8618981219842063,4.630823930420229,3.455891384441917,4.505972947111497,3.6354110013322356,4.778725359428223,4.859769761549121,4.878848252115491
0631,4.37957694928146,2.624463496059032,3.4630560868795848,4.4481613788290755,5.643002986648556,3.391386232619782,5.72479813680538,4.6075570668221495,3.635096413908908,5.667323030994657,5.6157697788671355
0632,4.926921298738901,4.867657660393782,5.031899958872507,5.002251998990014,4.966178485730605,5.016118474276711,5.092638880199457,5.7143964065216615,4.9898905177588455,5.166425357906229,5.0238655731395765
0633,3.608584994633997,4.058648748321214,3.4220090119672135,3.0244676408469218,3.729487116779414,3.70841488629815,4.270823003694674,,3.868300452613934,3.4884738023484654,2.682191188354743
0634,4.168013951235775,3.9459153843951897,3.703456763578441,3.933368252149696,3.815624071696802,3.4570062816284937,4.0571347726336615,3.8104068619064417,2.9828339265547243,3.1693814903047275,3.6816476765670743
0635,3.2102673121673986,2.9663142344040967,2.81379496114189,2.951691252593922,3.145220932760788,2.8933330803401494,2.8956173508808054,3.442838030314281,2.916938603439736,3.181313899769273,2.97940143860779
0636,2.937109238414855,4.497861297175837,,3.863131140876193,3.0661426448376283,2.9823866561545307,3.7212087010616393,2.955078856542703,3.3264472886069445,3.37558841315286,3.0843327724905083
0637,3.7082913371171085,3.602858216603627,3.358050684702349,3.7473957860631337,3.777290670319473,3.412180871744004,3.6137358645638837,3.4822329566870147,3.950606589396334,3.862087466531851,3.894481267319784
0638,4.605396493758889,3.4490020878595917,4.511093076916485,4.43699564024582,4.4479192314082745,4.462758920096677,3.929951832172505,3.5495834982380834,4.351125821120373,,3.074428553117873
0639,4.458114589420463,4.451143494152269,4.39264520073872,4.1423252422646915,2.9452651895881417,4.113518722227951,4.100257666400373,3.682527809536867,4.072352149743131,4.180963549520495,4.0715180897952905
0640,3.649094687287932,3.5266125768316363,4.079548086890949,4.032669752356194,3.977165230576721,4.0465720739064555,3.410131774164478,3.5691649707732536,4.0252564845272065,3.551742959098439,3.7989616965527944
0641,3.3745350186853273,3.5776565105130236,3.3505198757824886,3.3435332545890906,3.382546498343212,2.8548663568793478,3.18159117400207,,3.3180944501146388,3.3631529870397854,3.3977723639376216
0642,4.187577370989439,3.516687504611956,3.3547898260203994,4.091544541370699,3.750333326874524,3.5831488420734656,3.800330504868827,3.722655636379114,3.82856549764304,3.8666392289945186,3.258115464602249
0643,4.303269896989733,4.282179286197582,4.249176550009744,4.339974896404402,3.765754323013935,4.549458397026223,4.445877623944982,3.8719960426493643,4.272441800117072,4.200890199273202,4.220793423137928
0644,3.9786643067384864,3.9992178953275896,3.89550630736667,4.01781902048498,3.888339516715941,3.962805178990985,4.287765047754705,3.8422524830491827,4.426385823940819,4.305667218045993,4.00992802268947
0645,3.1468419288058427,3.0219568368684,3.139927041980163,3.243726733334005,3.193756797718218,3.4634445588820375,,,3.197361714420267,,3.1381015709648086
0646,7.150517930826465,7.123720151223235,7.184170599295463,7.192876474612956,4.424139112794057,4.451293857297342,7.209515579415266,6.749830109292436,4.400139565375275,3.1531983899343476,3.22042051949458
0647,4.617653217622438,4.577722927544301,4.744930569880676,4.517924732478487,4.408818409146846,4.464648062903278,4.419475375615707,,,4.531891409030774,4.568509713363573
0648,4.646181834491395,4.432267974592159,4.383538180929277,4.145948978727314,4.1938437423076955,4.064869124053512,3.9904228813499714,,3.9358353726949016,3.7821413990724446,3.919726410555888
0649,4.50177434168955,2.3645982961838494,4.423561128282913,3.091245984332202,4.3309436745943,3.7795821800087257,2.534669057287288,,4.657158977242799,4.495854989188336,3.6087746569173973
0650,4.259884407241662,4.307919628670356,2.878206934909053,4.194080746445071,4.183394056169302,4.304118505919849,4.332112891399371,4.224433792000125,4.565543353707817,4.307299078758337,4.3017069606094545
0651,3.1278091990999184,3.1397912671730035,4.407272026620649,3.2851492015522785,7.16991231271377,7.221114186164613,4.386407138460548,3.9519985519618417,7.150280374780349,7.2274160949741155,7.176231251437972
0652,2.644146795907907,3.34993135351775,,2.7551850776628224,,3.255540956450593,2.8211394230319997,,3.8972973329726233,2.9842910688086355,4.362469770789971
0653,4.370454520944389,3.286509796324411,3.146113079502834,3.128505398983317,3.200689709840336,3.2142826525787473,3.1284281008108694,,,3.0263636180116515,3.246608273217731
0654,3.466334526020862,3.854963041252793,3.511723821719063,3.411162903430213,3.550703442521076,3.164843287444782,3.3568339749192995,3.872332973870096,3.570049965745462,,3.4660128622138626
0655,2.9770043637141343,3.1218534367017026,3.4512850286428205,3.239980747924886,3.3191908794979543,3.2122685439493406,3.709527945002201,2.9598161528359563,3.4260305585575535,3.3546554896586382,2.9979601835562506
0656,4.5929080858433196,4.135474062812639,3.114321681879338,3.938524804626722,3.4355672114760734,4.336231335872714,4.305721801711173,3.320384919816406,3.8084240728645837,3.63037120874806,3.1972665587339013
0657,2.9291130029453543,2.8162865988984818,2.8246766957391376,3.5604112360188553,3.1111303657024596,,,,3.5272278993186768,3.0188214666529367,2.9552351251104705
0658,4.438431210969157,4.492835631565624,4.368873662759043,4.277544871268445,4.2585159209552685,4.2393937862053495,3.6332421382958975,,4.3502709008177485,4.207803508166396,4.369771245106192
0659,3.2758141774072684,3.321289561478202,3.3773436226125626,3.1484108095771646,3.2485444271731394,3.447617688092362,3.4148434026016607,3.0506111207380675,2.821698467584231,3.1322825604206197,3.4835387014697097
0660,3.5788353221698626,3.169244991801494,3.837535625551388,4.67279344297784,4.594739336406871,4.502582079425222,4.421091011319542,3.714301372475816,4.223886834138778,3.103793985635896,4.481038802762829
0661,4.1574289903026544,4.049263473360312,4.002937634631179,3.9043443316965996,3.29321980880365,4.0671586296005025,,,4.115018348498293,3.8463154394484196,3.750611828205602
0662,2.70030934828634,2.814296466207179,3.3825646135331238,4.2860823699118695,3.2227819046319004,,,,2.9907347935451747,3.2471772921178483,2.6387821926618855
0663,3.5962325727050097,3.1631443066540315,3.531387150670827,3.540474606024158,3.4902160017373824,3.4749284519707455,3.027319728537995,3.341047180025453,3.3540472930850678,3.4725313752486366,2.9992028149472985
0664,3.8690923087257403,4.052621851308221,4.056306645434184,4.138194511177526,3.9788970468712965,3.8024739762890705,4.0256947984887335,,4.1931494079820215,4.075882487214887,4.209560742742973
0665,3.6049532173296175,3.5309444957280043,2.986608424409903,3.2293040565767566,3.6373308266680056,2.9415636553635,3.4409892786965357,3.3113525949063924,3.8863804849546284,3.0607330097941206,3.1504766343175943
0666,2.9981208743202283,3.368470003739273,3.4576621404799264,3.364279037402648,3.8975611822164495,3.5880771367500497,3.397434462533187,3.2828763389246767,3.077526510667767,3.0966869569120075,3.582785120230145
0667,4.615935374000866,4.710657428643099,4.5904658656980395,3.8168584458763526,4.356304719094551,3.196602103044351,4.1288155512726386,,4.427487799789973,4.283023959694402,4.348628307573849
0668,4.455562453352608,4.8861373762623845,4.699816333807149,3.3544962765151167,4.263293707839004,3.9041258338376927,3.8867199011868547,2.818509863581986,3.4193752342950643,2.918654349346579,4.577513945675594
0669,2.953187549999987,2.8482559104805882,2.8870185661565575,2.861182727781148,3.238792637678926,2.94041632463213,2.869985773450571,,3.1269243565897273,3.52779944045968,3.4155309114536774
0670,3.955031098725826,3.4549372566139094,2.995880593338053,3.844238379834324,4.010288781111029,4.185066134873582,4.105734360304121,3.84418403777693,3.9135992000162325,3.7662078410103437,3.79533916196268
0671,3.642872863198675,3.572080646716322,3.6555496134213654,3.943347107436472,3.993615836279177,3.685944387791631,3.8439360872944164,3.721791355040903,3.594850222005039,3.236680555201348,3.9052829392387776
0672,3.07442062381794,3.5824471400715634,3.62160379687728,3.4631194343074814,,3.8612229543045262,3.3461104615285926,,3.878216026724983,3.651172938440673,3.1398042867757767
0673,3.8634997888283324,3.873625483303566,3.790979756377218,3.089824414010606,3.5240064057365554,3.741188625093193,3.66519044158942,3.5011464341289495,3.487145559598735,3.75906715723982,3.7949649811398225
0674,4.638182227783141,5.084346327347668,4.860692488507349,4.4474437431932,4.4204728476995125,4.175812232114216,4.283152606325029,3.814584958213817,3.646166018274678,4.270699284155793,2.8900329337156108
0675,5.001470508029852,4.986794092398938,4.856623019543039,4.799955667771629,4.819300737776338,4.840337209699406,4.843414644872926,4.41255953640103,4.997819484927152,4.917685253940373,4.929836459210909
0676,4.573719968200949,4.487549506484978,4.620745597618614,4.374659203943805,4.337784547745759,4.3111921223749885,4.447390582761307,3.34947945938839,4.590835079619402,4.395313640132681,4.440189484624004
0677,3.560337136231551,3.0247571152113744,3.4334049975900296,,,,3.1910297921881177,,3.466403441694542,3.4271130851616527,2.7707388284316044
0678,4.059498668886652,3.667622223110193,3.697774417863567,,3.400938226411863,3.1671709178334324,3.2808068731055893,,3.196404667168379,,
0679,4.65443969442355,4.579056317219136,4.544447300271845,4.499649412717099,4.426761029310466,3.176703844848478,4.534223856025497,,4.528521770769879,4.5685853529782285,
0680,3.0324364503110774,4.681892522670868,4.0240448397242545,4.423735961981562,3.3568647741785926,3.7068012403557784,3.732927738966133,4.204266811776936,3.7552938076663183,3.758888010845081,4.239220066053289
0681,,3.598166394292837,,3.2032444350307863,3.5462945375311907,3.405842268936347,3.7933163866931245,3.69870729778713,3.984391052726454,3.5815587548401044,3.6716707416633216
0682,4.083891503111148,4.195051377451766,4.073623977524754,3.146498117524781,3.593769613460132,3.8638041987480207,3.844468505645376,,3.48513155638387,3.6405796960898216,3.6929533854696106
0683,4.7610084261866135,4.750796993146124,4.746754984704834,4.624015403046535,4.600882966495096,4.557130514549785,4.541218849783924,4.189459178686929,4.6876841685481905,4.674043801237408,4.675338731724211
0684,3.148888799536497,3.0302868651260444,2.7715496882153263,3.1877823599528354,2.9610404248105318,3.169384500684599,3.196225111569202,,,2.867608106001448,2.955335236624644
0685,2.869738123863606,2.739768628297537,3.1629223416955403,3.0647439022127267,3.11520828151574,3.2661040378661026,3.3166034144361225,3.3501030319606624,2.8190966603470713,3.1403443443672288,3.0024366054777016
0686,3.5615493672510525,3.770771517257842,3.5462610788884033,3.6935070085664674,4.131702146893936,3.31945092301101,3.816918489068205,3.914155954208923,3.841469030617964,3.7931327225430964,4.2528666382055285
0687,5.114829237333342,5.211685905236211,5.204860107793077,5.33207315098947,5.208933375900223,5.28219286207627,4.53333653399361,4.545939629902778,5.197588174002177,4.767393382912092,5.076964568918696
0688,4.482730918938639,4.2684350321311815,4.280463844303965,4.252331853540623,4.212732142001789,4.16746512991595,3.9188274612253546,3.7139935535206776,4.3123571769356115,4.065998272625238,3.6935298763582978
0689,3.9775742694437826,3.8048294910427147,3.8733064856438624,,3.863868950832663,3.987955391178064,3.9857327501697037,,3.5501745215685783,4.037714930903349,3.9706205877186234
0690,4.120882580371603,4.108768564929533,4.21124105162114,4.0784765871566435,4.746770770037559,3.7451562517809474,3.9061119791942573,4.821028227769583,4.316756768071251,4.369499236233251,4.277898493487007
0691,3.418520978530506,3.7055921681897326,,3.3851123866177466,2.8613528497920617,3.166355600970575,,3.226373670977278,2.7738192696866,,3.3037944293944457
0692,3.62671326433865,3.074963024282097,4.081005393795347,,3.5983541816258104,,3.595377019790561,3.890543150028836,3.5561190808299172,3.5119237129434886,4.473561914699731
0693,3.1210889580207763,3.681683462475084,2.8550587933612004,3.192348722877429,4.159773111477499,3.74213907492989,3.059374363682934,,3.2433251114979997,2.6979095985627124,4.108268960224516
0694,2.55545232898483,3.84109702331118,3.640846533975446,3.653058393003697,4.031261141883656,3.7690607044633273,2.9793157414411637,,3.7017660847984923,3.586813023764502,2.8069011918944513
0695,3.7187924153613676,3.9086167557333247,3.6205326218763316,3.583341347069185,3.426385129880773,3.6439597828918964,3.09540212645597,3.4723198651219933,3.5808513461476736,3.640248035395057,3.324736042016389
0696,4.437271050395586,4.455515846573942,4.5269716964032645,3.3287228393254704,4.353441206568769,3.246816290248746,4.240849522015608,3.0469798191107413,3.2881005326527197,3.939007899996617,2.974287982273848
0697,3.837792553160632,3.6318413915670726,4.069143103019581,3.469520954191819,3.457807459423756,3.5300309558498255,3.978592119611844,3.9416786204098178,4.244141046410346,3.9964571343035464,3.9498282068275685
0698,2.7383718504763648,3.348836242100668,2.9797834365945435,4.1615982258233934,3.1453444258964467,4.441766357909886,3.5012781208358903,,4.082103339347482,3.3191308860218545,3.891683697045235
0699,3.906342527635839,4.297134390887165,4.20018323184998,3.7795316889715,3.8541317060473226,3.788196845143839,3.869569469692712,3.8082076587200455,3.8617605328353246,3.7729153871463104,3.9331146358066964
0700,5.3167495591178335,5.267983238122163,5.2863257444574945,5.1278745678203155,5.170557387544953,5.186697248967425,5.144414203292041,4.470187897477356,5.145141971390425,5.227070407291807,5.13634768063845
0701,4.836276267855677,4.888265066979713,4.85045522670328,4.799908914961491,4.793627241862133,4.7334684413621435,4.767219540426531,3.9714370073571774,4.921976978306491,4.865351857534643,4.814237494073549
0702,3.8476184047721667,,3.077349633631538,,3.490859358330762,,3.370139491157833,3.5399422873030746,3.4179820365430333,3.7953493606795456,3.460525287506835
0703,4.414120756497496,4.900507855295298,4.628754937451614,4.61609702346051,4.162172365638279,4.492730578913578,3.9437982344935687,3.9786015951203115,4.332026817644151,3.9455278210841533,4.665268636965793
0704,3.2959968753993762,,2.830410766262614,3.112603316857861,3.784835297231755,3.0748853546535098,2.9129310123257564,3.287842076309316,2.7981214190911947,,2.5111042870157276
0705,3.8990953111879696,3.8692146612903837,3.6248821351667426,3.8602960997930493,3.7539752024466773,3.3641068473278906,3.6096461662682415,,3.534840869787049,3.609477310783874,
0706,3.37782912481204,2.834818749009667,3.0675774279765067,,3.359302931197679,4.3978759903941125,,3.6444772784618946,3.3119572905452728,3.1219997559773733,4.539483432738013
0707,3.74032057576685,4.166495461045151,3.396936494060872,3.5618001454161536,3.3398842188278794,3.2128504642706246,3.47569131801006,3.12463724804829,2.6143080579997866,3.7729165930798327,3.1640109044394724
0708,3.720257366570856,3.4991115825556816,3.8212649092659854,3.5305589320497504,3.2708641099959443,3.675517964748506,3.1499852625531104,3.0583136684761687,3.0733535583097256,4.116312515032121,3.4738741192682396
0709,4.271195933948717,3.858888736538454,3.8062225511511203,3.56086049183767,3.468236016924987,3.204969447732153,,,,2.845462823528135,2.6778734193794427
0710,3.5201084355727312,3.394722703522625,3.930848189363485,3.8699359515456715,3.4998883044277593,3.422576752897611,3.878038460929988,3.600422986163046,3.839050574171312,3.6561251064711016,4.081884352758504
0711,3.442188700951408,3.207489896308978,3.3359726006339505,2.9463601555420755,4.520859873715295,2.8080528531213167,3.342005416843433,3.5886283684741076,3.4354319149388957,2.9457231658386873,3.3574738915073787
0712,3.3272348642484246,2.974487808440292,3.2002869573693333,2.9720098168188547,2.785258878639124,,3.455022826425261,,,,2.904401140314324
0713,4.4277227991114705,4.796988418315413,4.544852954011429,4.369057463957549,4.440293676587894,4.240851144123704,3.8283384718450524,4.71107328455251,4.521838599658436,4.367516311578807,4.436618208373962
0714,4.462996283703857,4.56669401942084,5.281296865310162,4.470313301034081,4.4758540175762995,4.333043235196055,4.589521222150396,5.185167374236629,4.524914295934173,4.607548404250714,4.50808175234705
0715,4.591659993526932,5.026365051113602,4.858501062777498,4.473222108608362,3.7518848414444617,3.614948727076825,4.41453632253139,3.4723454672872176,4.3845830520651425,4.243045307842415,3.769114812179097
0716,5.287002279430265,5.358699259872136,4.464965367021284,5.345954738142878,5.293918196922343,5.31275548579443,5.484639493111524,4.454089164062864,5.285772381505388,5.40638218613333,5.353787915441993
0717,,2.995296697900907,3.2964428269878434,2.7864874253185707,3.1399099630783733,2.8998274358331515,2.8435936705557143,,,2.8558639456091646,3.1858965328405464
0718,5.340294297658573,5.736793564340953,5.621075374266533,5.443326597104092,5.399418809431703,5.3140160492216175,5.3604323993006675,5.680725065806605,4.624877621228274,5.291481035505514,5.4349433208936615
0719,4.151991129010888,3.513833763612538,3.7782521321536957,3.1160655481881023,3.387814042647484,3.750487878163692,3.362441857761539,4.3588597785515635,4.284835220066781,3.400541548071601,3.279374318687827
0720,3.3590393379476433,3.528912168494845,3.3549133930631063,3.1893386119427163,3.327454477491106,3.15908608636114,3.3272465537511016,,2.752224094963973,3.374950349399731,2.9658751810012784
0721,3.393542784568147,3.645245595529138,4.245563845490201,3.390358652711966,4.178693634530378,3.70605183704304,3.9356058241255165,3.0955215350022045,3.7424203517781858,3.9108449357221566,3.427298875753836
0722,3.987929875032542,3.173449927344825,2.739193692203542,3.8443642615330162,3.607880023889387,3.818620166643157,3.7505980114206645,,4.1658091047927135,3.7162331584176633,2.9897097380673205
0723,4.377605594209674,4.323427279846394,4.208653078117881,3.9863809567924,3.9367985841425757,3.9159067239685545,3.8194863775835253,2.9828198286082293,3.7859599178644623,3.8811676483485567,3.9340417558127565
0724,3.7958800265936294,3.3032268215969993,3.573933392623672,2.778954768280852,3.429100763323455,3.8923798379838126,3.923400436875601,,3.970314624391751,4.0884615367293495,3.2664171497240453
0725,4.111220855416793,3.337567957696255,3.6095155253537134,3.59944387059207,4.288636556394156,3.81022295411092,4.087179121117708,3.9872264778675746,3.2497222966622172,3.5492757054256425,4.220113065691571
0726,3.9051091770674007,3.364656850926026,3.252305711886534,,,3.134267947465105,,4.3446239882779984,4.024536494743091,4.041607710651472,3.8564383183928315
0727,3.7445041619554553,3.8411064855624275,2.2321744832349855,4.0646855296101,3.3318801127873505,3.3670630116014455,3.314326273111467,4.117301110832109,3.4394923573100895,4.006386961466156,3.3172514012947514
0728,3.874451540750695,3.9814778686939594,3.930129190470079,3.6764583111516895,3.7215549491653266,2.8482245387418894,3.4268327446318585,4.063962369012554,3.9291287859765793,3.5770929474381603,3.829763142752837
0729,4.100230132782004,4.123648375068877,4.097173910486997,3.823813698422364,3.8398520996247556,3.6487040209295314,,,3.7705577180394223,2.99298599914577,3.886655209633312
0730,3.1967504065447874,2.75847739596063,3.272964572212755,2.762991411535037,3.3109647117868986,3.370389494346227,2.9070508857994994,3.322830067347098,3.4598683691220447,2.968717408220936,3.6033534839745185
0731,2.7962478428999575,3.506699578577972,3.43870788958868,3.9047819262090324,3.3415517359590914,3.4429515869992544,3.4814166560619073,3.2680659686968982,3.538089948544176,2.964681279870364,2.6669386632178402
0732,5.578833830711139,,5.276986804215198,4.110123204573755,2.6902392524795,4.8947026944139544,5.273430450054314,3.400782769398972,5.375244012460419,5.321576888307192,5.479445282910777
0733,5.101420167781274,5.448457638903907,5.621034223233438,,2.9712284991263114,2.851265555773233,3.142471790165859,5.058235764869142,3.105636251245896,,5.403282135255206
0734,,3.6377684992907975,4.733672750975557,3.885094393804212,3.795965998659802,3.907772395323138,3.9875979255489153,3.9480893545109126,3.755689668072077,,2.7370651534629133
0735,2.895820662953904,4.939422654405682,3.0178436247591343,4.641375321788196,4.686265201854823,4.637449546655507,4.695291187029157,4.6118539397010885,4.649668680899464,4.527543244100475,4.666801540749413
0736,,3.633974446946507,3.631650206638722,4.124413066343485,4.054753032082397,4.305193536921703,4.3459429867864525,,4.174695341802293,4.274237242270919,4.2408591693243345
0737,5.740389354134584,3.494946503596493,5.351951475889333,5.4979983198038465,5.523971728588689,5.135946297733549,5.446179534703062,3.7234683974320286,5.480015461086023,5.502092723225013,5.700565585871435
0738,5.297429204161254,5.744283072773648,5.352979123656334,5.253548449258268,5.245666478980027,4.8841341351769145,4.9595876835514625,5.262499593426291,5.360608936405457,2.887426197706864,5.013816252696489
0739,3.619610931900031,3.828500611912902,3.272043585349385,3.6381240286342864,3.4381527700823735,3.5498568360429648,,,2.9441741800636634,2.9794470744757033,2.8296888838431467
0740,4.804594127602052,4.800539571735679,4.799117300580866,4.5948460139964515,4.434830656458482,4.42549731419507,4.418949331652353,4.6708302157072605,4.502224623274539,4.549757168261872,4.5433749590871075
0741,3.745784136541316,2.8891449341442565,2.988723614708946,,3.25963648765476,4.1312230634991955,3.6055843973469583,,3.5513381415673266,4.055251002932963,2.8704236976058053
0742,3.7940169179147185,4.1989824947838,3.9669781400053896,5.517832001402116,5.310402664689098,3.412164887260206,3.1447355106208477,5.014562490059978,3.7738672984586588,3.413996435791048,3.434425599808425
0743,3.7816638573071497,4.39809104491106,4.420673586959498,3.662878517272271,3.9950936708794935,,2.801351216094083,,3.9226461534285164,3.2373926457289803,4.071756725695816
0744,4.646636519708815,5.064939197297107,5.132620261080992,4.502312286600694,4.608672548736056,4.321705837528208,4.159474738273899,4.864083745965022,4.6014904314873695,4.367057955969004,4.640528071307324
0745,4.144438182465762,4.202578348007882,4.280430311146317,3.1351073304980837,4.175364541742232,4.191271444798817,3.5448438536418414,,3.8243653337014862,4.296066081293606,4.257697885887825
0746,3.8351635163356046,3.745926376214427,3.2877172000807944,,,3.9796638071946733,,3.6325126118137643,4.368305358481917,4.56908537915581,2.9278200252645514
0747,3.7657353272295073,5.063321278090165,3.202229654762617,3.8556422563527546,3.8961488433416926,3.245954228263486,5.55365670017626,5.138987413122729,3.810754150103365,5.228687892222341,5.615608605094682
0748,5.061310347162106,5.210810249571892,4.803258052791763,5.111660724798985,4.798129612032318,5.249518193924203,5.099198218202395,5.583836586296751,4.9405858680941215,5.54353112558473,5.496595544763522
0749,3.3239476727570065,3.122685421497873,3.726308888474486,3.1835140909688047,4.216792801126829,4.088277240322231,3.365008320851243,3.1948704333998785,4.322356121519549,3.7738055356378513,3.409784976015705
0750,3.7468884201902015,3.2625472344579527,3.394831690277837,3.3552661093623235,3.6294121963817236,3.451202501756243,3.87835282569527,,3.8588876491769493,3.8928582517389723,3.413698357376008
0751,4.681266652148457,4.056900737212887,5.8244811200841395,5.617825442670962,4.798591194012367,4.662830772400923,3.8310583781012717,4.216161181543552,4.766376174274987,5.477533631970733,3.749778248159424
0752,4.527799675313343,5.53567560360056,4.555287379324692,4.686119884929439,4.704493999002066,4.677235224136755,4.80961312407688,4.484993490214491,4.567303360993858,4.6507706116453065,4.617717412913742
0753,2.9352801245346964,3.159405748754893,3.438559082052945,,3.1946303204794915,3.6097999428396284,3.002570996033355,,,3.7825941013147983,3.1545418365973683
0754,5.597652129338335,5.963821190942669,4.931724933580577,5.739796842683994,5.7062494690206265,5.566802881632313,4.712128456436733,6.009389129405772,5.650602789662418,4.5945896969023785,4.829345646152465
0755,5.406455507360775,4.678180199446684,5.398370607079667,5.556839167237163,5.558034963405305,5.408269729922186,5.703681089512493,3.209632612583528,5.465242086556942,5.585483024858773,5.486407414154196
0756,4.626018106495646,5.112570486353612,4.948117833752091,4.668969508081275,4.721083680304892,4.331458229047341,,5.030493387197547,4.813105070248034,4.4896140815955725,4.94457594286108
0757,4.150639123167352,3.6729955421775644,3.893001780241202,4.163059887121244,4.627785747659374,4.139760726181381,3.3415205292763153,4.056500079119633,3.8230626105951546,3.5251046327662046,2.961556929821001
0758,5.588409275198747,3.5718276754473783,3.170016243985271,5.654871417441069,5.619772537049904,5.691400567341743,5.693677861077482,5.680695375720125,5.6195077382900305,5.642981222729519,5.6196837086798475
0759,3.5208851404848787,3.7225449259193932,3.420420748770989,3.7879187042090234,3.8035862776604863,3.5772949088939265,3.8876659099956847,3.7103239754933224,3.653252707732899,3.6086861096605776,3.273356821704642
0760,5.618354760140852,4.503092260623324,4.33448620641274,5.065541856965073,4.964033318175009,5.781419338862161,5.683480413284756,5.162201405958278,4.399064961849749,5.5543878618939395,5.716491506243796
0761,2.9132834796509823,4.734645108226264,4.588534611452914,3.8066020996113505,3.411105395018101,4.424090426870595,,,2.7020174314677345,3.1685432543188665,4.436805273111882
0762,3.913413637744083,3.9325554631849977,2.925017146527808,3.8752786508098738,3.6919395274043723,3.9597996998408247,3.780424647133483,,3.711060244115258,3.468817786835116,3.706629556617026
0763,4.172058883174801,4.54930941833124,4.110016255867822,4.268158509151434,4.236068432714179,3.9071475171662655,3.9256123028025742,3.5573685390008265,4.1320320502667185,4.024097037169811,3.347360821086821
0764,3.5819120549257204,3.364071061157094,3.49212456996133,3.17810047101447,2.8254156811760334,2.8575571872551433,3.460309299918851,,3.274328767299406,3.3506739344362257,3.2940611751016506
0765,4.786754368363935,4.813760159127466,4.943386548659443,4.926257851847434,4.901042129304802,4.935702142390122,4.995901995243584,4.237829149632921,4.892922703465829,5.100338808593454,4.998568143438775
0766,3.361759950895583,3.4483830533348265,3.3814524434663222,3.9224257598309102,3.2006341739693696,5.457280196698875,,3.229871517692067,3.274262041898504,3.386156026633181,
0767,3.5897627521365116,3.547500700769306,3.507645531142356,3.5857116373447533,3.3469448876673553,3.634589848840438,2.6832577005760414,,3.735286622039434,2.8035719961746945,3.529539921957079
0768,4.146149634410501,4.594589876705115,4.38066195048427,4.104690064754569,4.121984999080663,4.133337301600937,3.391936393588849,3.555109893695778,3.8831334216479196,4.100201355100943,3.917608766381239
0769,3.918395761721051,3.645750898927602,3.5788039398232003,3.307391846145863,2.9608450779121176,7.1362796371546455,4.208153617030343,4.496266221498134,3.4616710594526747,2.9758099497315476,3.769407161290604
0770,3.972542612378212,4.334876932614442,,,3.626781616466405,3.3853818474220096,3.253922344633092,5.357234266453823,3.3948748256776606,5.575162434094226,4.627622772322359
0771,4.225799046725808,5.09056257809895,4.286015814605656,4.326701620110204,3.6148056696725464,3.942159513179502,4.385260428029432,4.514860637244855,4.290621859959763,4.304855066935215,4.37914198506071
0772,3.3589322484912825,3.574561751718905,3.731911865259411,3.2677536306031407,3.7845685371927273,3.9954542894975407,4.049507728635662,3.044722097067771,3.2999577387701367,3.220790135434068,3.676655000768698
0773,3.8206451906174075,3.341139184154584,3.2958641062570107,3.1733368439474527,3.290364386521065,2.9725187253979786,,,2.9820696617198115,4.245548479063915,2.6863302894053347
0774,3.5870019333685073,3.6849237749715766,4.178671615746778,4.624130795516552,3.6462035645877613,3.5328850658598134,3.6690331523316533,3.475890332496337,3.282158121059363,3.5945421067348313,3.595924833506902
0775,4.048622240226459,5.131695040575565,4.614964279862651,4.03612253773644,4.156736399496202,4.1130788019720335,4.082788648444454,4.998706186643428,3.2465378495612676,4.354342932926505,5.697704982860622
0776,4.387578570245967,4.326258896048827,4.202128049910169,4.044548662622559,4.300504325509316,4.343922305942618,4.3759074213453335,,4.55741029953718,4.551426314661073,4.426728368535189
0777,4.892395397150024,3.777818489906857,4.911313970702852,4.8929268368737535,3.8518373646127104,3.956460312630807,4.926041659373233,5.0064934544318795,4.875447204835962,4.932370554722944,4.955743713457338
0778,4.805344364642639,3.5034585398892433,3.8801228928493616,3.321932115630192,4.732639243944499,2.9289365678462205,3.0996758669557964,5.828188311276211,4.740665741376013,4.656653700998282,4.700122259136103
0779,4.307142411411624,3.8350536718191313,7.118626103340457,4.316306810662737,4.331979077546858,4.3494455530612655,4.373574980651614,3.85508909270064,3.6600850910246483,7.1566866749723825,7.107392169044876
0780,5.859256000535838,5.871817220805505,5.8067128638506995,5.766177353698026,5.682780414790436,5.495986001192081,5.830895869765287,4.478358300564452,5.84261514784258,5.884666742572536,5.908232577236359
0781,7.065449539307029,7.040383436064628,4.3338605178147676,7.117578705109787,7.087555384632024,3.1985937679852494,7.13647788888502,6.605041310803717,7.080695000904871,3.226314211077635,4.336557417123068
0782,5.748799421940114,6.140331513031387,4.9903388100036175,5.679215370260032,5.695657113816527,5.360943311902782,5.426243927259555,5.634048364076213,5.72166483859174,4.671517057277704,2.5987364716658847
0783,4.33714799220445,3.440798712245809,3.2915033694500635,3.2916350311952356,4.312630310341932,2.521918576775049,2.8080612788628234,3.685291334098557,3.0919852276358535,3.04953002292683,
0784,4.582047885049135,3.123098384871015,5.55520509246737,2.849815531454887,,,,4.24252634801455,4.819764289840506,4.873654008917473,5.244314454289479
0785,3.887934985591779,3.7519505667986253,4.343768070005199,4.053269361975612,4.0512952918280405,2.881191466262557,4.086379596502153,,4.063392167665531,3.2410136048080362,4.225940259000485
0786,3.79238747576874,5.216988426353425,3.821613612109126,3.4101015915230555,3.661991792370876,4.966115850742813,3.471685128692749,3.9661765675416767,3.4393830678409665,3.1915086537382926,3.3474355827805256
0787,5.698574664776726,6.093383449593702,6.154816384945828,5.533610087731135,5.715806518020065,5.465066203280676,5.29933674787482,6.044438727071565,5.700786500987274,5.473541790154654,5.664970411460368
0788,4.961867238676772,5.036339788786095,5.027288822185476,4.0591985458857796,5.106103678708841,,,3.530526996381431,5.117210529064018,4.43397612881701,4.782215314732377
0789,4.147452965303166,3.8686184629706752,3.931055932331998,,3.6075575361760195,3.9010808220423883,3.116809064654431,,3.721461036342668,3.515187623553377,3.027620013594828
0790,,3.0115955404251062,3.2877789783235505,,2.9641743682957253,,3.1880405484770153,,3.0858014873703636,3.1458379850899503,3.1045609581145674
0791,3.2267976087731793,4.896107038674046,4.93272086686256,4.875911159731057,4.3358583215209645,4.339080575089769,4.263856335198151,6.045039450690524,3.352557425474269,3.496316418413775,4.438556418270589
0792,5.050171015091498,5.151209818345124,5.076901555289012,5.463696448182084,3.753220030389418,3.2381609900073984,3.7962611738088223,6.486345551134926,5.982555512026876,5.132080226231075,3.63563568200833
0793,4.670093098023333,5.07067748919156,5.512490204851565,4.789283986741523,4.850248849777136,4.810437173736906,5.328606368780901,5.246944518923229,4.821975903370076,5.172161583188565,4.838583420300618
0794,4.363895436161529,4.205014456508498,4.1390249394691265,3.738963675548161,,3.713864874009731,,,3.833133797738595,3.3119541284645853,2.798738034289096
0795,4.9681888282475475,5.102937995961573,5.091326178776039,5.251261581904039,5.19634990665573,5.158399456346244,5.264522902393945,4.3431335013503745,5.046051346860051,5.142928350869232,5.059878599276751
0796,4.0236458109005016,4.0495167754634585,4.03577827831353,2.9297687012068123,3.128571348208077,3.7531584081783995,3.0471994682112666,,4.075563203871165,3.981231955214121,3.815606127224086
0797,5.158404423905377,5.563883780812682,,5.490304719546982,5.436761241661809,5.373436069599679,4.822036782295889,5.755522042797763,5.282155519957753,,3.017839848416303
0798,4.444821780907835,3.5324470936085652,,5.0059806473529225,4.9752851329682315,,4.681943047915091,3.8723931262370233,4.817542455465084,4.844363333437551,4.861121990667845
0799,3.7421466412074977,4.02352694217803,4.131048917186003,4.008531133416899,4.134351469650657,4.1029665397865624,4.214446106046229,3.2268417234721527,4.042352228503041,3.9770428288632096,4.142723551880265
0800,5.343231735432735,5.7148777211305894,5.835890807640024,5.780727362774623,5.558246355671338,5.504710052670301,5.732277668307308,5.8278518040486205,5.469992632893899,5.626650692687722,5.392456522615165
0801,5.580775777187751,5.983832493638668,5.635649737645431,4.920170029109655,5.820246897541098,5.810729600427791,5.52691711447521,6.065665740639542,5.765254227478563,5.309995477360085,5.520305931198029
0802,4.297869785537879,3.5538058379999917,4.318279343060954,4.121919047143742,4.118456728960394,4.052558274416189,4.030204228004354,,4.018157264260848,4.057033223922486,4.128824329459202
0803,5.246221661001773,5.343475268808686,5.267260028721626,5.45408947264468,5.48568788597597,5.2553483612540415,5.600633021101112,3.9145738339193104,5.317164086067683,5.414491462301823,5.336294436887577
0804,3.443172603325193,3.8010195797853847,3.109822371631535,4.327719773976933,4.295312639174133,3.5580265500885266,4.263032916034708,,,,4.432575914983253
0805,3.7844666338149873,3.8480246923167116,3.677847354536176,3.744864600386219,3.0422275540211103,3.671520706266331,2.9743124720282146,,3.8530514695594844,4.051875315956714,3.7398740665746852
0806,4.300123988855739,4.623897899183231,4.623521652415125,4.446698144306462,4.32424400592693,4.19513590679991,4.278884874612005,3.799878256720249,4.227224067115285,4.1901416110901675,4.220067874623209
0807,3.903458028962214,2.8591785022248777,3.8202738794682234,3.040912922490868,3.7455995390716983,3.937385424494588,3.825217540676992,,3.9422454811765117,3.9098395420746916,3.2037217783567087
0808,4.004161401372258,3.8155176058457303,3.954751552472051,4.009366195653763,4.0348810619459545,4.067864337417301,4.1414621957451425,3.9992324977698193,4.193898182835389,4.053654988396183,4.075934141499496
0809,3.359761007405981,3.593143254749745,3.8537669835904715,3.3621859063787274,3.5220271962472793,3.5295908229539075,3.4461707060549673,3.8109344506056098,3.2708197952487224,2.952030546105627,5.057947616105902
0810,4.595477613379888,4.535395696912025,4.501736956603514,4.429130421784488,4.384733886035379,4.428924152804623,4.631047651445879,3.5094797945752054,4.56589612246143,4.511318091081128,4.523027447693999
0811,4.29615743270705,4.3142938219220035,4.423223103972809,4.215155777149543,4.092746716259915,4.139116851875107,4.186124884924387,,4.286116582283528,4.163703578246526,4.274278147422806
0812,4.2283982216505835,4.6513340608487335,4.6630186778173774,4.18221668878748,4.365967661877935,4.144984146759002,,4.459263738183335,4.334868928381712,4.0532552846888485,4.33179138945339
0813,4.824285120688626,5.276747586539858,4.906323377734672,4.8471747228630955,4.772164256891704,4.614976197849792,4.661833474502813,4.211098078419095,4.613961820965006,4.57606906789232,4.791545692426236
0814,3.9339062020933317,3.8747821377565166,3.6597854042889466,4.116707763108734,3.7673889409879333,3.389667880241674,3.421563040975382,3.5451178763752447,3.304144511030388,4.512456170941505,3.575366105106135
0815,4.682264356529837,4.6871573733561425,4.726397618566307,4.599960827270058,4.521760903475398,4.509523398407412,4.59028974655686,4.153732719551487,4.609900880761693,4.672833269470372,4.573176571767792
0816,3.9462144314063847,4.402444916825052,4.322072722962835,3.895598748278618,4.211434644694517,3.9391060031364327,4.032633064808155,4.414654267254477,5.01294766488647,4.2219927564847755,4.297052328851949
0817,3.4892213622539487,4.380611398554346,4.679510422732793,4.858891439332932,4.493789330939444,5.044417093648638,4.668155203831498,4.736833609629633,4.922057959449989,4.391981015566476,4.405060002634443
0818,4.5076488430583295,4.861300784599042,4.681952238879287,4.52680489958248,4.339623639633782,4.614800910905101,2.670510462962507,3.212005519243073,5.417582505460632,2.972687102377211,4.603635051782136
0819,4.120111791649439,2.7112513329365635,4.423230763571476,4.331947926621268,5.217938189894772,4.605326765435171,5.004469400206865,4.674038212579575,4.52303191944038,4.400335703558968,4.264580537620012
0820,4.2858292877626605,4.6902574141774425,4.3564349148992365,4.642340520663785,4.668555408112033,4.2073173914389965,4.652923238533128,4.114504106098305,4.647554368314224,4.725343253493719,4.688949409756096
0821,3.852538817797105,3.0279755708548284,4.056818613993154,3.9966155997370687,3.985647046031246,3.5987651335390303,3.83812278940802,4.852511839562467,4.163170732079249,4.259059803308789,4.130154280575511
0822,3.1825226775283606,3.5379268949874003,3.4301227628265574,3.583406055114404,3.5889019456877946,3.7214366639467293,3.822151429150091,,3.1979758293693803,3.598543326442538,3.6009778046517553
0823,4.4086210964632055,3.479709619314292,5.253516975353787,5.135114148436253,4.903040281364683,3.1884148730396498,3.4977470771316965,4.5535105813101175,5.118391274892817,5.066639726698197,5.19665628957006
0824,3.5398248749935273,3.4284508607044724,2.972655345839398,3.3329374986049842,3.1602678954090444,,3.29612805600017,,3.591544206610204,4.480450643534269,3.227597162622463
0825,4.725244094695879,4.743837416836567,4.7407979002173315,,2.9155728632824,4.8477938606619535,4.878760702015124,,4.112258836029216,4.853146813174048,4.791883472328432
0826,5.282553830272834,5.7571632864847935,4.371329424381617,5.402426861514398,5.001670870212754,5.451479853097439,4.595279941586554,4.148689689636443,3.1947521737292686,5.253968191378503,5.041397346258811
0827,3.4160155872311293,3.320210635244022,3.8314412492428187,4.206574693540709,4.113869866609932,3.5161923911445077,3.425760957442523,3.488060357942124,4.020791833215963,3.8670932151399047,3.6406240957818348
0828,3.1276378843627684,3.281419837876138,5.5916372491491195,2.7374839958656696,4.051896792192331,3.8606613223996473,4.604217866813287,3.3377202925452623,2.730238739802067,3.3267406384265135,4.266340220516479
0829,3.5169738777652437,3.501429503087868,5.518041797909054,5.552699415269718,5.50364153499304,5.418950207406656,5.6977332735149275,2.7224773201035917,5.56575560878093,5.651750561002631,5.54388542230073
0830,5.245665860951495,5.180827895847452,5.191964685465608,5.125665799700032,5.119398313397284,5.078795136262567,5.04221332488212,4.3973511400690555,5.086810288306406,5.179235158190414,5.032589089126649
0831,,5.461803673977791,,3.5890407819608385,5.083145054174851,5.056258210403119,4.430247648390297,6.111620875261906,4.636518994203368,5.228902344928146,5.256017493773673
0832,5.102742812783464,5.90894324493807,3.181095296282622,,5.191431385354129,,,4.96724465688575,5.18067440437877,,3.079721465771745
0833,5.279344011252796,5.670335774685326,3.321303698007537,4.9643799122235315,5.345585694231591,5.034036565268625,5.122112975240504,4.672948208856852,5.315728957332842,5.724024392141862,5.3130080615206685
0834,4.253896674913664,4.143355085092318,4.261137716017372,4.030597116468698,3.946156712947211,3.864149856163623,3.9496360901656846,,4.220096370226624,4.073811503370177,4.0719917690106024
0835,3.3980814450738417,3.8527337896760354,6.573666912798616,,5.425742948867319,,5.008780894999648,5.358583083421129,3.381902677165364,4.945744183545607,5.390144001193453
0836,5.131255534120334,4.261131673212329,5.392793040215977,4.357278778510131,5.667476275100627,5.530134578705262,5.29496502869775,5.842960022249155,5.688297584584731,5.124968078250692,5.27307407767034
0837,3.6147442972848296,3.0593187808052313,3.73001336537152,3.4623881605550317,3.5470436372677376,3.875792258027973,3.4105927679434114,6.781277826852833,3.6607929140006057,3.3083896951037293,3.055209998757124
0838,4.419771817805287,4.625498103056169,4.5679159165249,4.484205839183142,4.526910144239382,4.465203045348664,4.535702470963152,4.073589266324477,4.468898980674588,4.653391175287119,4.595888835230796
0839,5.958279407031582,6.522753130987626,5.685027697370133,5.903658062012909,6.165727727273998,5.912879282209785,5.698694629038812,6.533340868949534,5.983225906758489,5.1952325672872615,6.047330760416864
0840,5.236087900170255,5.702364066200001,5.576251236653199,,5.366846113443861,,,5.207621547451357,5.292112303688165,4.848945179220999,5.503458180074824
0841,5.073970258089437,5.414368079532839,5.752492003356021,5.179234729498845,5.377051935895489,5.263298998625183,5.641791532654316,5.710828385135967,5.176742270910061,5.493760753221794,5.630197312491369
0842,5.4024341991720854,3.1119375254581594,5.744026758371703,3.4348848233627107,5.6918108526459115,5.937916717165839,5.7661271625147705,5.0246869008272625,6.06027742761042,3.387960086173766,5.918741706542842
0843,3.652852257686945,3.5341241562841548,3.4657678514544066,3.4510688439777124,3.493914718028341,,3.569300201601215,,3.365779077139044,3.2841705839936575,3.2231733887894087
0844,3.7360134942943377,4.383857670740773,5.850603665938434,4.070153946930781,4.239730729826832,4.214924485302895,3.9704085650284147,3.9371799760580695,4.1413234633461435,5.5679182435077745,4.205754084992251
0845,3.5748380615196393,,3.2149296714774147,,3.578404011708701,3.0582531131075137,3.6824810674456137,,3.100446579540481,3.9373218231371303,3.6396670714224797
0846,5.418077352193808,5.803549904593955,,5.566330489557768,5.733314918568338,5.6371005592608014,5.5642559566149465,6.077992427296831,5.540898771644339,,4.456953473125377
0847,3.5202303804304833,3.335685281691683,3.377156906163057,3.2950437270683035,3.131631693157572,,3.0001117748893256,,,2.870030693280366,
0848,4.978292720033607,5.481077337277713,5.049520644383457,5.225437083322398,5.5346959220374465,4.912361926056997,5.327041661291322,3.7594598602125986,5.06694145598646,5.082803539094543,5.16445974725416
0849,3.1429606794008684,3.5404313264489176,2.8798991133236425,3.1537399441500598,3.8318127779132634,3.7689447606955513,3.8321195630420424,3.4922001471498128,3.1506123041503513,3.1093493429577723,3.6850826250118582
0850,3.533622683619062,3.6499467122589015,3.477185849629446,3.110624025441096,2.9140406690830396,3.118782857004574,3.5258686598500155,,3.655653893936502,3.2026424911111704,3.3817482125309715
0851,3.439766451032632,4.060085143502575,4.334212350884939,4.098530403696215,3.607282067262264,3.692145438796913,4.068756697732726,3.519565266885919,3.4057487574311405,4.278195711656785,3.649818655600475
0852,4.450357653944564,3.087483787833868,4.165342709367979,4.26180869717645,4.2252477812026665,4.364928779400023,3.8083607507669046,3.255423818531309,4.1186923278450625,3.756827460960863,3.8704190224197577
0853,3.534110610814231,3.7158966174123784,3.5425779690616777,3.4670632792042215,3.515245608122563,,3.6350305122623148,,3.581535692686333,3.5940874487489753,3.5544239018531316
0854,5.011917952156784,4.4346437630157745,5.201288572698017,4.460759124594658,5.300177287746104,5.2864800460104995,5.263266536620831,5.520712178628852,5.165386151962045,5.066831509111832,5.21195757115906
0855,3.556724162090206,4.25360750195167,3.7860591098783525,3.7512415269921293,3.707301815245437,4.341144718026182,3.8932071233120356,3.5458851009084693,3.465371183642683,3.526347355896645,3.776638401606413
0856,3.7013235877492554,2.7599134920057162,5.143747306920632,3.9316595866181485,3.104879693618125,3.8099597213615994,3.782351598269563,2.9060053571385986,3.7972531283722706,3.7539001965673,3.233729953692231
0857,3.097687612833156,4.640738183664724,3.2182076005257834,3.578710035316792,4.598200919475362,4.310328147851257,3.415614071078934,3.6723538056477327,5.248452650694227,3.3941058639453554,5.126290781042367
0858,3.401926862708496,3.518196201550805,4.633737154660406,3.4519879891307195,3.4041128628333444,3.295073442574601,3.505703949636838,3.4513423576754607,3.1278107469673935,3.4330667582396392,3.371729177525136
0859,4.463666281921069,5.295731113781959,3.969899650291196,4.697092486160404,4.603823440620621,4.7100166590337995,4.633490914479499,4.257179549636028,4.453144003093735,4.4319743927082715,4.50910614486877
0860,3.3014161373650284,4.027110473446769,4.789343767094402,4.500045418501254,4.642165141048736,3.5497318022123987,4.43301740588497,4.898282408485862,4.577025134855623,4.606376616460887,4.7677305699852175
0861,4.305908201136258,5.309519918613694,,6.083931762658799,5.037985396481826,5.397660999360042,5.35358511965899,4.52938561083951,4.498565746186351,5.233813627756252,5.2872168312923336
0862,3.9274484714126863,3.2617099397357756,3.4959538370428356,,3.797648564140162,3.346022771386087,3.8525886643717806,,4.1192233030877645,3.8324776135400596,3.483041063762722
0863,,4.751141130285775,4.81367779263723,4.351261415067468,4.561166418072023,4.580275753763013,4.261685002501464,4.42152802990441,4.326712617630283,3.2495225677537127,4.471017842966954
0864,3.4620012037034646,3.3234125507570167,5.200152252854756,3.9046945654406353,3.4839768282260004,3.2360573660526146,3.474089686274088,5.0441857575135085,3.137209258320331,,3.65323070637569
0865,5.079671072862905,5.1476353482103026,5.0842322151948816,4.934050419677402,4.903913735353976,4.883498220110395,4.981375386205398,3.5636875227067226,5.0861405307118055,5.056231308604863,5.008958190542708
0866,5.15073922035729,5.605901414502227,5.348329620896749,5.060743541636467,5.1073041247522095,5.194241782317141,4.637430855990883,4.010377193320012,4.611171212714073,4.634570782789398,5.149698432311109
0867,4.712921841938136,5.118857595626086,5.0885051613111845,4.872004264191843,4.860343030714592,4.8572406932678405,5.008479253411994,4.8376572449420525,4.872950689693602,4.987766421047819,4.2460858188804815
0868,4.311566421174729,4.2389309198564815,4.2592718772046405,3.9837615295750863,3.9654870744488333,3.931915610216733,3.842439383769353,,3.6920009258214725,4.039049362446969,3.94080489936061
0869,5.260124125667706,5.311934881072231,5.243563650345306,5.20523674856402,5.149534326746988,4.983743427157362,5.146159117947803,3.820576955344137,5.142258612043975,5.161949683790155,5.161029058578804
0870,4.978214185718122,5.109803091233104,5.160319170081082,5.346462935169644,3.0649325875851585,5.073019920819517,4.751722428306169,5.2803244907866915,6.011423725758946,5.894264835728336,5.001056474692734
0871,2.8765641932331922,2.8301342849700073,2.914380891682077,2.6478470633694418,3.157932628627888,3.0742755067070986,3.193530325059774,,2.7233491621306296,3.1702947316290837,2.936671591849563
0872,4.989966258712912,5.317427485471582,5.160633658747643,4.964707542260281,5.013372486572182,4.952011880224706,6.072529777440907,5.2911703978903155,5.032296626931242,4.923804019672671,6.004525643323981
0873,3.7664186914622837,4.029431143159702,4.360423151508965,3.5700127922849245,3.918784556247708,4.271900139915049,4.378785344657492,4.231076829239758,4.230612669889946,3.822751553561849,4.93955435880851
0874,4.082824763365648,4.256238887737984,4.090029648847304,3.6089267920065433,3.59605713131058,3.7727102801020855,3.4217834906284406,,3.799389648284213,3.6006275467851823,3.8015933111442624
0875,4.49843177738338,3.4324677996483115,4.925813529068149,3.80563794071755,3.5562671563795525,3.629038578800844,3.2684013329566515,5.382462352261461,3.2124940435085816,3.462395076447388,3.8274428630847264
0876,2.8050446742687543,3.767263256165906,3.6978373874478354,,3.540199618882916,3.3401333858969466,2.9269705735872718,,3.790229322738843,3.8458875655346776,4.2018825964838395
0877,3.604401667330611,3.5251886469464058,3.527933252470504,3.715045297113547,3.4535095426036158,3.3799057330308733,4.278059741105909,4.024714803593717,3.499773052882417,3.7052003059346936,3.5750402312527463
0878,3.520361470852135,4.069892413490135,3.7101451852653398,3.579153312541002,3.2665315895365254,3.761816210369317,4.093559221096202,5.515927992304537,4.2229625824209,3.842339461051189,3.6341830530016783
0879,3.138157060531304,4.993986003061089,5.263991925537096,3.3218427343571855,3.53314766241771,3.1615108972783283,,5.291319311986177,4.807446155888715,4.633626687424508,3.113653785797105
0880,4.775708958471122,5.205373645490488,3.5115383154314297,4.741788304751897,5.637085350480691,4.784715321222139,5.212063841007683,3.903035195729111,4.802650431579385,4.624978895210557,4.8456488803143385
0881,3.211191130923872,3.023757325547875,4.120563804153579,3.6511526862276344,4.073253381995658,3.925381726334368,,,3.8872802828324446,4.159719408276388,3.726031479682796
0882,5.376095729935441,5.954821391583188,5.954931261680177,5.385231449425895,4.91401669983499,5.4361685573462655,4.517639023891895,5.98917917570353,5.465050943939001,5.205442336177661,5.54338787691884
0883,4.32916586672493,4.3188777259955975,3.3978965549968954,3.254811499405823,3.740519114183838,2.6832229572703175,3.8215183584699846,,3.4391937974530937,3.022376642575809,4.028523547587798
0884,3.2596327854534546,5.690601128154907,5.481195785473408,5.65384733584815,5.784819664967353,5.515679311755994,3.344740804229184,3.295475726346031,6.486743247614667,5.721882375560284,5.441610126902013
0885,4.791190762287441,5.2019413713558365,5.076557238352141,4.723782968863825,5.191086336780648,5.045481859041709,5.113266701174631,5.523785014586881,4.961585052011128,4.9250251267889595,5.039341718798178
0886,5.821632263140086,3.431120611326366,5.122493805779135,6.077975976812263,6.1282875837034325,6.087602167386642,5.116178730643371,6.465338012944709,6.08543924179508,3.2117897918020244,5.24583697989261
0887,4.761391599010297,4.693189245898869,4.64546702558215,4.452364367144142,4.088734529116335,4.475102008118419,4.282802172182807,4.461514130706247,4.409143679293318,4.3877017717897555,4.329702522608752
0888,5.813187066527259,6.49976887922323,6.5147943963494335,5.8590549642994105,6.17449777150313,5.882811615672162,5.660327743702151,6.472963125162252,5.872689688789084,5.635560063903826,6.036615606715105
0889,3.5822671878749155,3.535824959271908,3.696735586235141,3.2456654203268305,3.784247297685463,3.7114982095714284,3.518775310840362,3.3399466322704225,3.520764074993909,3.6372148644525506,3.5539797594017406
0890,4.200400555347548,4.46622605364895,3.5659698086166647,4.312940452062881,4.276495023425873,4.010234534619609,4.064459163963474,4.076339809730447,4.173080743021381,3.85652183303742,4.131701222213839
0891,3.6879822785021017,3.2874344020093216,3.6455949113198924,3.7262846122977518,3.4145201539760763,3.7739729084943194,3.8678687095608146,,3.9556131627085858,3.965789977887101,3.8008268107755026
0892,4.4795674880460465,3.485403653904861,4.746906401136989,5.100895498623648,2.637790351393976,,5.096566500859312,5.006715459232447,5.092537228850254,,4.712634995677863
0893,4.8662106119758475,4.614507963235757,4.917627299915987,5.036118282707737,4.9790247315667955,4.871934452033013,3.9912755359694834,3.7649263210057917,4.018813213596376,4.190016850278813,5.571194030202443
0894,3.428920903129001,3.0527992886871123,4.789426969214097,3.302103407922139,3.5017040826556816,3.507591762478367,3.046269556686774,3.495252237363907,3.3110446426186066,3.3446481000963146,2.705559205693296
0895,5.36431875871682,3.5400032527364753,3.209101591704371,,3.527093670486147,5.479105041299993,,,3.4722123333752934,3.164836980523705,3.696262815402833
0896,4.939793931279994,4.461182878412393,4.275325573296869,4.645419315746827,4.752738272215263,4.7388774073472035,4.477385571523963,5.205464192800852,4.314143405168034,4.977503477714496,5.056855483204778
0897,3.274239221366762,3.899958089300326,3.597475046102963,3.1318477438997587,3.027004198329063,3.662305368954042,,,3.285935390035555,4.071538038724816,2.667965570618855
0898,4.255258210785763,4.6772469189275325,4.660781950772165,4.326722846747983,4.419113007999705,4.255957864912602,4.141623326756555,4.05126286765009,4.49204374282331,4.479404319329099,4.53408276048416
0899,3.7484725236028966,2.769622764621122,3.1962019543809417,3.050129464169462,2.780065608663045,3.0634117812060175,3.0104732345761125,5.412295259094856,3.1684932098335383,3.267048183685606,3.056322025709778
0900,3.9416531109232866,3.5996545424733566,,3.5748545462946337,3.5410582959979813,3.7715530998018223,,3.6858089437950254,2.743728411637943,3.2789448654874964,2.930127524025904
0901,4.169546183505099,4.142295496729495,4.19027867233703,4.056256997849533,3.9994438657055116,4.017784320682184,4.093781195194738,,4.152783581645004,4.140362241728299,4.112641682029231
0902,3.257180977272176,3.949288900559732,3.625041907950286,3.7297821422553206,3.3146374777470267,3.3625720196745146,3.7094944894332103,3.6378188939423115,3.4606493182046774,3.0606221537668308,3.1605292573165165
0903,3.9707431082330524,3.733497247212314,3.491399312939327,3.817448726454578,,3.251682766288401,3.082012712494679,3.8080049261210283,3.418043970035962,5.346479802483254,3.5128413302354096
0904,3.8302138711826106,4.703938006904622,3.726724641020008,4.107559640747383,4.000075830018686,3.705122912229122,3.835308494907915,3.1599340729857732,4.258407202492065,3.919461229817416,3.5704117548501357
0905,3.2509476022993535,2.6708007878254163,3.2214968707305283,,2.9424473351941836,,,,3.715105703934556,3.2114674345850216,3.215331458367544
0906,3.73345356875821,4.104216098282609,4.481259402675427,4.88633587685014,3.3699809753019623,4.428514786579701,5.0455534373145285,4.000270809051672,4.731797636618587,3.6581875791138705,3.8867850674843107
0907,3.3131255551280616,3.298928958339691,3.2009320802856567,5.442600357527641,3.3735131615364318,3.260300289052816,5.495574583798944,,3.3443568543950017,3.386711297789135,3.3837661007000173
0908,3.6293579968413705,2.5945533416114306,4.33309940754015,3.9141392938749893,4.265990929770661,3.5657559220003026,4.105292988717124,3.304161253381728,3.958075285119715,3.1933650264488804,4.145303706889919
0909,5.582363294949655,3.2135166278332417,4.166384148260699,5.43965296910023,5.356380113656158,4.1081989144102575,3.7740732152353416,5.711024672842793,5.5281215463104685,3.876909414577747,3.9872336509012625
0910,3.6067960076835637,4.602207042318173,4.779484812889465,4.754098449328024,4.747402806670387,4.73906601208868,4.835054376231382,4.084319722332635,4.669133538589855,4.963375739141785,4.854485220001098
0911,4.861547939241546,5.265743817752487,5.036570865934734,4.883747871743423,4.080898546651483,5.035329928184575,4.997361349492002,3.6381660687434416,4.788987104409157,4.770135193282149,4.946536720330555
0912,4.273177789717764,5.695308528424058,5.542002266589883,3.8201922480442025,4.290041124901876,5.196809594803058,5.307549418533564,5.561208510433657,3.711236812647327,3.000575724924663,3.737115034305275
0913,4.584233135237196,,4.005966517583923,3.0377560609471046,3.1702778843476627,3.1681594608303945,2.8000313746721157,,3.2629227125844107,3.367099498373613,4.740865075055725
0914,3.207158808214658,4.2903386761103315,5.984703750173445,3.5302286699141177,3.187101358991285,3.2438611638773773,3.3284831681437264,3.513003344663646,2.90874844781272,5.830250704441369,5.794198852690004
0915,3.0236799807028722,3.033356180540334,3.5201346715228863,2.9365510392077674,3.2944776213070237,3.5381726903306943,,,3.1931549630687543,3.199817079621312,3.0292182015124016
0916,5.836069667398575,5.765028670823344,5.780473525290977,5.65172267038589,5.635322599522118,5.289420176333719,5.33694170565699,3.362267560193878,5.587845449162148,5.655695807229291,5.554125054141874
0917,3.8046556162594087,3.779096888438124,3.653472038248828,3.2857187743632434,3.3280130432662927,3.3011975083934537,3.1379446398009745,3.4105267675597966,3.4967180885798386,5.441279444929968,3.4432053062854378
0918,5.715717417528239,5.968488797662869,4.329660700100797,5.707911330298248,5.630076794679624,5.546642985203295,5.50338879922671,6.055482796219499,5.718877815252376,5.555426375978991,4.041606174258623
0919,4.081906125895459,2.349367795264618,4.1493178496012035,4.1690976470048735,4.0477455426784985,4.059388049319768,4.157734135152186,4.232603091694205,4.224767427950366,4.1513906021719205,4.034912316704004
0920,5.918209667136393,4.5260963925281,,4.228467492548933,5.569153362484249,5.635479603611401,,4.124208111381489,5.466681858371923,3.5078748847677175,4.918482181174073
0921,5.30581102332359,5.288510750543084,5.288789179410073,5.305271450157775,5.241893736884892,5.343250998338391,4.824628451020316,4.610601381089262,5.214242534372152,4.757410338120014,5.124534277040744
0922,4.080293541517315,4.253434821609523,4.2802898678298185,3.8027808886701995,3.4974505023844125,3.669559477289265,4.0896366912282485,3.886031428555781,4.052246583995986,4.108931399414558,4.223267717485835
0923,5.131566220057863,5.22900872129054,5.4703097643723515,5.198916276164872,5.233201336353774,4.69968081861194,5.749567130451079,4.943574357363721,4.741704636367273,4.499303524432245,4.328533992094664
0924,3.8611575803517915,3.5262298959623966,3.353938292780458,,3.279365324108387,3.295144212812077,3.2115968080585686,,2.9625604376929475,,
0925,4.327747981926565,4.53220818735007,5.753914231533675,3.9608420779060003,4.441381576079452,4.413831790871146,4.088065014586766,4.745301168040616,4.451990994099068,4.502140987589298,
0926,3.491010877249977,3.5055718509568683,3.2154791533013745,3.2529438202081113,3.5378363284268906,3.6353946889018496,3.564882097728704,,3.752514191560576,3.7150173563254825,3.5620903656104588
0927,3.9478990255018718,4.0015988950482315,4.138561837793822,4.113968510545291,6.808577296188968,4.166185557034675,4.1410396216190275,3.6895849411917103,6.802561145904799,4.140673783864621,6.83871863221166
0928,6.779752526624136,6.780170191605151,6.849059325852376,6.826341765017083,3.4860341688171874,6.860882850389739,6.871182077400442,6.317656908904134,4.099890838023592,6.847864462507733,4.096304585343546
0929,3.7635355173457072,3.9516922708393807,3.601958136412752,3.848881500694582,4.062664374636004,4.0026746841207945,3.669825066121553,3.4970085152209434,3.693836261890703,3.5101480072684663,3.4551678234759886
0930,4.694712623910026,4.974987921221344,4.761585831419622,4.879336868746861,4.924689886898928,4.902164049919159,3.83254076502317,5.520270161214004,5.458013013050698,4.9530259240357815,5.341782507741997
0931,4.053372577065138,3.4545269991037695,3.275531742253501,3.5111693186706265,3.966867169594562,3.9537726505439266,,3.540048357467758,2.9534269017813486,3.472322717775224,3.525113728770075
0932,4.69116345902927,4.441941062408819,4.468630217116051,4.428877337550557,4.5596490986297376,4.447677388751897,4.32178816408918,5.396389680499759,4.424587531830172,4.345969461283373,4.544370855217653
0933,3.8285367917884194,3.7895953701916167,3.6955064689182446,3.596555027252058,3.8354264041521833,3.7146763374580822,3.908843168117563,3.658590378642838,3.3715432648019985,3.6392008973805265,3.826402331666187
0934,3.2780990263809593,2.6506431860298774,3.3696571817098,3.235868255526226,3.4775491508365217,5.190654439827677,4.020056682943027,,,3.3912395612618793,4.9079653538833155
0935,4.507181711813267,4.985197431269362,4.731620358989657,5.088466077680652,4.928026429784149,5.047137372924627,4.718438576147051,3.1403072507278007,5.418059110289346,3.982207436404064,5.380008982983951
0936,3.106832273153621,4.379339086457976,4.227703472641159,3.847164416124094,3.7982147616453568,3.7104867772493577,3.719639169057808,,3.437344157910476,3.7852305667225354,4.123948254084371
0937,3.620828640320848,3.625478662771198,3.9039118740489545,3.6425102096140898,2.9353735943205335,3.435563792261094,3.5944213809152314,,3.39356380489652,3.652441076384785,3.817574682649253
0938,3.2467659621525655,4.080824293068775,3.0824272947643636,3.684719780584983,3.4388908174901043,3.9148185553280634,3.589287929054144,3.7922586593710026,3.546014040083232,4.742555645970487,3.9398846805251875
0939,4.646004624796987,4.705335976167868,4.771809543269134,4.82423880760116,4.754054741192954,4.649705957318366,4.255367013643403,4.6168594386051485,4.7015030597432235,4.128794033197309,4.7466496343639655
0940,4.647086398047162,4.916630658025966,4.257572190142076,4.991171814703952,4.866483764982878,4.932636687063706,4.3590435420231,5.159853472258355,5.133988019352713,4.274845803413891,4.837702102411268
0941,3.500872472135847,4.061394653019143,3.846603113076457,3.4960250220679887,3.7739923791559398,3.5170259269292243,3.3833718947430236,,,4.35138288335866,
0942,4.1359124661462685,4.323959015911012,3.8891055584451855,3.9684013149829287,4.041257699777189,3.46978299723179,,4.428886629705129,4.78275032561275,3.324391517990564,4.773221754776132
0943,3.9427696249070396,3.9896140194634278,3.9380629979083603,3.7966750095289084,3.653252707732899,3.6896535025170203,3.7012613417654467,4.117543629824375,4.018284906815131,3.2237789076928687,3.57419229387796
0944,4.26016292074148,3.300474782515157,4.0447851439493645,3.7571157887293003,3.769091735696585,,3.0597011455202043,,3.6608242091456606,3.0025220835186825,3.076001698568823
0945,4.564480300011708,4.5238151454853455,4.565477057808131,4.497771591658118,4.5114097734541065,4.415869226196888,4.101547533852009,3.9338608512848103,4.395054346288015,4.239437661521912,4.397023379017644
0946,3.7406535040292987,3.725827444442214,3.617021037932153,3.613218662524941,3.6131439585414515,3.781149303579057,3.3981430964492128,2.9581242954935085,3.5452400318207187,3.0937953574833155,4.055023831166812
0947,4.067409203291576,4.248546866799557,4.1494410917682325,3.383570621431612,,3.394320295139691,3.374311683696725,,3.913611426158984,,4.0289301822778745
0948,3.690305815518296,2.779479521628221,2.5950114305253043,3.3231116647372265,2.762314765541807,2.8790114908507367,2.748648354658074,,,2.728213745945654,2.908262711959228
0949,4.649204799101011,5.018614832899871,4.745435701326133,4.47495372458268,4.506543641982988,3.123618212971178,4.263835777424816,3.2870378244168106,4.456797649042276,4.481554320944975,4.614650251764183
0950,4.416074695069877,5.038741207316994,4.841847336573307,4.0516625309933865,4.209145217478271,4.5672269315045,3.3589872347887924,3.667584542444228,4.245735855465421,4.6242944151123595,4.2714425079807805
0951,3.801909489848573,3.381132314444104,3.629342187854884,3.2174864924408566,3.507626594992113,3.3445124823418686,,,3.282093206719227,,3.31547895374427
0952,4.360660713807033,4.36043248929007,4.66045866520158,4.86048545858193,4.788226133932259,4.001186239903772,4.899331570646495,4.17213138970005,4.858749342843511,3.608547155831788,4.901195389165767
0953,,3.828690542315774,3.3215675610229756,,3.4959582843607273,3.6692628721134626,2.893717927616921,2.977775074474189,4.666571093645651,4.782852515053428,3.8526959227208204
0954,4.948852563037478,5.294194633375787,5.074155106064497,4.898017624761422,4.893688175491974,4.704820146622627,4.787038993546721,3.6175279460009766,4.7624674486520995,5.005499064770111,5.123639952756712
0955,,3.8502397945762548,3.1697428893496165,,3.969973246400092,2.775628006522172,3.123341735813244,3.7715923302822625,,3.9976996609445488,3.442148960039571
0956,5.372333983198228,5.273136711417062,5.244158717564776,5.289420948708437,5.245804860473019,5.438834921448782,5.01195197227223,4.6726583107153346,5.284118444673184,4.966892020435399,5.178068562126541
0957,4.191308437219936,4.472089518430143,4.336319041872705,4.428122672807307,4.312859371357225,4.271953925919721,4.1751150074848855,4.603601265315865,4.376307153880102,4.329701401970988,4.4340230547463815
0958,3.596322418466935,3.915599515756421,3.765377334735977,3.40308549553105,3.5945705558646295,3.847531006718439,4.220618555536494,3.4101983707669468,3.8724496017810166,3.5746035070366213,4.250758001380986
0959,4.164759498912337,4.092851010347983,3.9913366630326568,4.082069725477523,4.004408090496646,3.8338252125147148,4.160677647264145,2.793221619717854,4.3470304800325925,4.219160672013064,4.096553180184138
0960,3.540822956873599,3.612546489001286,3.34553460620759,3.4771711110520127,2.939231682904896,3.761931215110423,4.672266378440547,3.5662675546068305,3.6723068204620124,3.6688212037947654,3.6529893134698272
0961,3.4448987982381403,3.27926195457475,3.6309918732076314,5.450393849547236,3.9293824265247594,3.562086981577503,3.703142129339279,3.4120201392237983,3.1742266487187645,3.740535557536197,3.8206993985783138
0962,4.171365190314402,4.494661961823281,4.264204390131621,4.270836707841267,4.246628149489185,4.498129506261394,4.471850827795494,3.8261166173735948,4.150720617786558,4.233210815222208,4.297320814214657
0963,2.8779130854862123,3.488546446779813,3.213611872941138,3.2330940251255136,,,4.227334873823903,,3.478179175195652,3.7040821245708524,3.0641692097986
0964,4.220748277599646,3.902112764672329,,3.717969708922495,3.2689011206281773,3.4336701741377427,5.549880349305972,5.040271127586374,3.488167368451788,4.878025417486247,
0965,3.787482379953347,4.152086432522399,3.976696713604909,4.005263610428502,3.53028703459042,4.209021426409221,3.563752761986278,,4.631950051942427,4.181097143991279,3.885366041432145
0966,4.414328776002979,4.362005481745815,4.3320678828520265,4.323643955702537,4.24489275297697,4.285360714847332,4.2396259516943475,,4.319995418785816,4.4031616117883186,4.467985000826598
0967,4.864493425208537,5.93767901894793,4.281208131816523,5.705514350793538,4.951640552796057,4.827797383109619,3.8090612163819144,3.5626143521281723,5.769981665366446,3.4128977758135197,4.056487608824036
0968,4.122390862108848,4.08184857861438,4.102650333117631,4.1076494035563185,4.138081316893533,4.043774471914771,3.0118893366841006,3.410629379347344,4.087796516076189,3.5650376765207183,4.034490611267602
0969,3.19467257753338,5.75206858981661,4.466628541840094,4.857908185246675,3.2335796349532635,4.0996810963516825,3.0085621984738773,3.1060262397055864,4.459432318139046,3.3542990018796455,5.5001925484889815
0970,4.503005475283314,4.491472793530048,4.610191438836683,4.446221215672299,4.408350404246891,4.393491174129592,3.529546997311927,3.9986528390721214,4.43084641564317,4.5411964658382065,4.466944058277624
0971,3.548107005754004,3.4694430982695024,4.0484794167671705,3.8045431581740314,3.7578167431437035,3.8503850194836162,3.786788655223213,,3.118759387696843,3.8995125241108473,4.011704289672522
0972,3.1243892584591126,3.0312460083076256,2.7245779998302457,3.0330070893572696,2.926209693038428,3.2545846493885833,,,3.324269331925257,2.7357965959102244,3.2136513897136743
0973,5.735356403676145,5.168855265433867,5.79223912874759,4.892624672208923,5.73277926026663,5.599363364990584,5.777227928593271,6.062059367167683,5.039193086611101,5.616151392017327,5.65997250995458
0974,4.534337589560107,4.8881999354028425,5.860581391192508,5.823081119138231,5.776001740334269,5.468082871524139,5.604758426741012,3.761709686992258,5.7084153280602745,5.599853249908609,5.662875991153789
0975,3.748789080478598,3.762693891941864,3.7155289430032505,3.1479094540575034,3.167048306339855,3.5297261158791517,3.4312412117537825,,3.154570145683183,3.194779784679936,2.9036185365510776
0976,3.6756600146741354,3.162442263664832,3.931533601127639,3.753337118474674,4.86001738491173,3.384374730255632,3.6889698012294856,4.890012002119606,4.013946823903875,4.085570264189553,4.032300992783604
0977,3.578916145133328,5.448637870323099,4.205807699883409,3.6294428383299007,3.5500480894845503,4.620521375755443,4.283282064745211,5.3472347335211925,2.785220395023824,3.9278161204031385,3.321815106393674
0978,3.7012864543509747,4.1596684070089704,3.920153711236014,3.9678905635457364,3.901757652988451,3.974134940710902,3.6910673741168876,3.199129661429006,3.3205223216667292,3.6657984574913947,3.9420594119794243
0979,4.143197980940022,4.182920288862176,4.135159592630862,3.561162143365295,3.8833847194879216,4.150458616570036,3.6279279401032105,,,3.345986043112321,4.1511623548209755
0980,3.1919437639052295,3.7000539776257586,3.034387538419656,3.1172453927256485,3.5698013091909453,3.0094946786420538,2.5127034797280072,,3.0299098324111373,3.620593489023217,4.513464856344191
0981,4.7968272030337165,4.77295297953389,4.803734005624598,2.9506541762626726,3.1796796296219396,4.8984704301048385,4.94889532199509,,4.852522360320753,4.896832327236945,4.829372340623221
0982,4.78714506981874,5.463733896918642,4.889063285803465,4.911947596379542,5.002484657526876,4.1646484047494035,3.8145752507544013,5.0109106937303025,4.611314090543301,4.863417711999812,4.933511769197813
0983,4.669777956200262,5.096448776789688,4.927237069820401,5.058167935408336,4.812659817162691,4.858355997059293,3.8427524737553918,5.173201372140737,5.488150320828994,4.827278325709102,3.476153979567392
0984,3.6083615797918993,4.559837986729218,3.965392105140632,3.595289078101791,4.22508214838396,4.446417811951326,4.776447520400852,4.569689567045087,,3.484235938297981,5.476578129151426
0985,3.816041614812095,4.122409093250698,3.1620874931230443,3.87415973278485,3.9647552627130738,3.915331855952997,3.839091150161983,4.124695492849847,3.9127794289316165,4.300631147964733,3.9608832380330066
0986,2.988767741907278,2.6653755697192705,3.4921923660529317,3.181489081082688,3.0180383000211006,3.2897140853800577,2.909413123350781,,,4.027265157737872,4.116842414377535
0987,3.063444605531691,3.4267076734883313,3.593389013701665,3.4027758567883533,3.352614566513019,3.114831927245511,3.3737137806366735,,3.3558982048258548,,3.239160368434382
0988,3.9418959210173057,4.31536316084598,4.002589638422738,4.151732957613455,3.151444002835376,3.2828122019247705,3.434630708094851,3.4583674081143045,3.3449800661969835,5.217223851597069,3.9144920345720586
0989,3.60239335643532,3.852320809292734,4.194936535364265,4.335463155668133,3.6665609027981496,3.804210936039691,3.6179359164173617,3.3368008435167886,3.7806665721497037,3.903344965325445,3.8902993775269823
0990,3.56034458738,4.162258996853095,3.459812813166327,3.731910816243073,4.139641857797519,3.913419675769461,4.054441129213105,4.35104249120873,3.3193663936168605,3.8483842038270675,3.5367269099741883
0991,4.9677540876946615,4.87413916422031,4.994727147703863,4.12787006223787,4.86300312271579,4.853825347941436,4.837177644272854,4.048920264699738,4.815783082074104,4.927775756178233,4.828843161313168
0992,3.6810153981521028,4.047648154085306,3.7862063596724234,4.038494785809827,4.050926251598771,4.180122799712345,4.297478706849721,3.953773043643469,4.758879404595752,3.732094375483184,4.229171771780456
0993,4.028254597433916,4.549246897693898,3.958003683569152,4.331549550393791,4.302538950357091,4.179738524681765,4.246285275810106,4.337807961438731,4.617667729179699,4.141874871240365,4.167850083227018
0994,3.540232533597264,3.9118613241076603,3.4990740098938047,3.795196979035682,3.192359511235264,3.449565640635141,3.1576600462066002,3.1323013635756323,3.7127056069838553,3.7194723624660764,3.5164501383484654
0995,3.879954941361939,3.597076226078294,3.767580043610566,3.4446664534581086,3.794224074820009,3.745216006654735,3.6652090647695457,3.638692800806601,3.978599431768983,3.88150697393419,3.817740954270503
0996,4.0779325858236595,3.9723967113041887,4.19036439501678,3.8925910066425518,3.863927738398497,3.7893341468456976,3.7862358946689865,,3.9872089745096435,3.9299593195149396,3.926561282473713
0997,3.495531047298281,,,3.4578422813269496,,3.4373533862800016,4.081729226350216,3.719983018365068,3.0242602946343426,,3.7086394277030057
0998,3.005929929798624,3.947564731263732,3.7523501630688103,4.340907540083574,3.242102990878485,3.58778111740009,3.9804126221195673,,4.20027249096296,2.976069301048017,3.31368740063266
0999,3.6671090653531135,4.37499940414818,4.422572959172122,4.128098158537469,3.9967853136741067,3.70510823407815,4.032407218548016,4.129741670941937,3.3867816071088424,4.31523812515899,4.396047739864059
1000,4.559726889631531,4.175630078751185,4.03980337535962,4.111804028046132,4.853852313864847,4.379151262106824,4.603267664888014,4.736582989437901,4.202274401965013,,4.192621293075059
1001,4.1026149233790425,4.591313997831879,4.622030544657,,4.144665017654985,2.862240729863426,3.252968083594764,4.147587945506302,2.8693370866035086,,4.019813000276824
1002,3.942768950979279,3.9093045727343925,3.8830004705022847,3.882537153256942,3.9236733473383225,3.8377062107660813,3.302489662548882,3.879017607921689,3.915494323522492,3.298227574381734,3.868416298441002
1003,3.504059381707001,3.9023914398778587,3.4202197567942503,3.355206193514929,3.871863918348781,3.3227117529017245,3.4910117525746163,3.2792302524346537,3.3414795227253005,3.891513802167134,3.3055067436017924
1004,4.6902604315006355,5.091070876017592,5.519476320032424,4.673930071654267,3.4785655758476075,4.476390884593755,4.529088588489577,3.111452981972276,4.570877057407532,3.5476533538862247,3.5840312241365866
1005,4.303417850229689,4.278217828084604,4.000696046375871,4.076880933124949,3.6197469393017694,4.223209179588832,4.0391203701658345,,4.280217816808817,3.9195824026543105,4.175539219695336
1006,4.456603929775437,5.0145717186887255,4.889374181684497,2.6505837044025427,4.332017228950237,4.94179895151866,4.898614319384753,3.4208788484835386,5.048972902579164,4.142790111714168,4.418470784331073
1007,3.5276240813512345,3.639088888061236,3.5627389738750024,3.256105829269161,3.0013198089814557,3.133306746066256,3.4696033978282856,3.100508701918286,3.17268606372149,3.027179819288972,3.268790176551881
1008,5.4220672373344865,5.781738595370618,4.854069244959533,5.346727730064989,4.5093652853396495,5.196935042008315,5.319856961401053,2.874773603271383,5.254025041263865,4.535540735570409,4.752596384775913
1009,3.6967836472790756,3.113978187398696,3.3692113055258806,3.0945176092992144,3.98355031789372,2.677771333735153,3.4115920545810168,,3.9386054822076453,4.064078671014078,3.2168620464894344
1010,5.398941563527317,5.979496054031965,5.848351784933373,5.20847766652286,5.167054125222553,5.106548959029777,4.973239405486331,4.150897288339063,4.925717463363439,4.966263367255275,5.298293227274716
1011,3.6495202718472486,4.335217831848619,4.395068981165767,4.560430450899911,3.7555999118403145,4.739397839814936,3.792109214344985,4.9400968042707,4.629492321256466,4.525178710217013,4.006912190360565
1012,3.5410940347331006,3.9130661485623413,3.719063501712857,4.088214150013125,3.43110534800512,3.8109525146775822,4.457886489263895,3.4922751944826516,3.2707106327467925,2.8055486708986637,3.5924506352837042
1013,3.1290418812437926,3.5115176968644133,3.3262788436990567,3.433715652393504,3.307829290178579,2.8007963553060398,3.6418849012642975,3.675877226372375,3.1035492195723355,2.882045700463433,4.693781901441054
1014,3.389800750047127,5.43128156625201,5.216812468632912,3.4017232081415023,3.3594916814771874,2.914535241152704,2.8230019412585756,,3.4261133106006048,5.300207564601509,4.864938835800081
1015,3.896262284962611,3.2564277204102003,3.6414089225620554,3.811396873390368,3.6155819810339946,3.6205222094472194,3.6312800928279567,3.441833656113057,3.7599886364195227,3.6515068401154944,3.600617654112652
1016,3.986013777609684,3.975735295679409,3.958613145440556,3.4776744887407527,4.723098695732951,3.8612340491895716,4.164298986094733,4.365909710633755,4.152857999751748,4.156492217296618,3.997408390900631
1017,4.724950701355416,4.760170000018756,4.762445597736971,4.782148031425506,4.741795156063409,4.797581170151259,4.853336712481764,4.201170997778787,4.685836866137177,4.42264016106386,2.854474553894097
1018,3.9945786899620543,4.072711233905762,4.426478609633829,3.625575506660299,3.8439388006680444,3.4649641307614405,5.139743279025861,3.722661873817364,3.710326384615807,4.435790569213674,3.6614130995548217
1019,3.4672027950422266,3.3064871341807622,3.938293996292494,3.5276513833416367,3.9807954048407748,2.648038179708242,3.5977835134428706,4.656972134621766,3.3097543039255575,3.6271154539504846,5.196819522382224
1020,3.454299693985408,,5.068504192337065,3.847957746322195,4.240966649642727,4.247570339866558,5.271462460260832,3.642516316636918,,4.6096242223735295,5.177773187988562
1021,4.883441205353772,4.85563139731467,3.9214933014297193,3.0937732087096697,5.5218559572214065,5.057381015445246,5.112939647050586,5.851689750711218,5.108887991084606,4.987386609771754,5.0832375311514575
1022,5.321661636747256,5.272914854873047,5.029225925432757,5.074527421458943,5.080949510573099,4.594857541304247,4.687800702619079,5.369403644961409,5.556227237226226,4.563611969162446,4.601992306627961
1023,4.672347716158694,4.436132083876794,4.817190941620236,4.1667114075044545,4.7617206581875156,5.1859882230397325,4.145544081661131,4.614418495674688,4.068630535895046,4.719604917978797,4.727844776063237
1024,3.3407047812758583,3.665864893452412,3.907038444739494,3.926947555912314,3.849370173125782,3.4866267423584416,4.045582174623229,3.195174241520564,3.775492980264966,3.3502186144405486,3.512773521956225
1025,4.446432662881492,4.4384381427971755,4.285226447882873,4.189204487906635,4.003178819250222,4.16460031676819,4.213734518567063,,4.387348327067299,4.3061566846772745,4.372604994206262
1026,3.905027243957941,3.7415967135886814,3.895277312570309,3.53561297596261,3.6156909013430307,,3.5775742183897408,,3.945156107419816,3.6872003585154487,3.6974987129069565
1027,3.800020823128398,3.9400073144758094,3.628824069552594,,3.5327415544141427,3.796920154952304,3.7854437763422477,,,3.7758237408111492,3.6902396606372334
1028,3.460630510964935,3.6950239564062013,3.583227807292025,3.4636634693837003,,3.7561492500726517,3.598432408701486,,3.4942467253523173,3.4328252799645855,3.2199360829905497
1029,3.4723844298844453,5.0240234626581906,3.2488317014498156,3.4996603408293416,4.470311163139847,4.082431072860256,3.2863612919835647,3.375064508109348,3.2344925282055708,3.317174586585906,3.617411088827944
1030,4.2872488252860075,4.147887310129315,4.152172283849424,3.913620660263974,3.9069232090252073,3.401151654289472,3.823707575742735,,4.046045021852186,3.906588346444975,3.8822943987727507
1031,4.351864625736521,3.8049339847190633,4.546470513674676,5.10614934803592,4.686868436908913,4.425452700606627,4.581087311299866,4.047599394327891,5.078440927818254,4.167942731608369,4.570371796654138
1032,3.358163755759438,3.932373695602057,3.9222267284316388,4.504567732827697,5.236062507949564,3.6534608263529402,4.661203800587689,4.011494607798545,3.399871990521332,5.156385436260097,3.420636925596213
1033,4.422674261396343,4.293836097769268,3.3317210506793393,3.7799305861987675,3.0578944591371204,4.162159268737669,3.64999333495204,,,3.476577941183906,4.424105279410167
1034,3.619132366321194,5.471721766768514,5.404737339788292,3.7858607991948774,3.7057684371714577,5.26711883581525,5.588369026654165,3.800637502507574,3.7964251070039747,5.394978051328341,5.53855815201885
1035,3.8890760875664583,4.035074096010628,4.1942719333904,4.061693032645415,4.522784351542539,4.092195955386208,4.661509867532029,3.9655295248815627,4.0555792953967424,3.865011581346645,3.4090148285738135
1036,3.3694162030713124,3.32915864003806,3.778962313366722,3.845544012533398,4.127896594294407,3.639224759888459,3.3088128212838925,,3.4898290901841396,3.5221260511528842,3.752452965968498
1037,4.080153614262713,4.227216948585778,3.9891942373765508,4.130973122497137,3.9836902045362943,4.25431803834562,4.06970496967324,3.1969051335755685,3.2209825384703805,3.997748330664506,3.6334679023039795
1038,3.655727480904849,2.262263562398605,4.39214950863093,3.2134606999011677,4.141352458425764,3.9581672877851486,3.8641972954186126,,3.985361183269641,3.0870364236689447,3.5896413357735097
1039,3.788707035142227,4.6236037394518,4.532101378888115,3.93825594052323,3.7965297314437843,3.9428733696500537,4.374186497551229,,4.398051235367562,3.46740837676792,4.478968879854761
1040,4.398019403607275,4.740429294849922,4.4461541199316095,4.540764687216861,4.515857248569295,4.684428252883775,3.314881026138159,4.302405626240912,5.102318994499719,4.0888082298376105,4.568064168773046
1041,4.84577383495557,5.095760670199872,4.980644646279737,4.747718754368872,5.051461487215757,5.146719120444452,5.134899437100442,3.571646390368151,4.656229037305067,3.8798059329250014,5.004728073072244
1042,3.8040985844759203,4.032425099422269,4.074004761270644,4.498226220825789,4.083687390872502,4.419384247054344,3.408647044418262,,3.661611217791192,4.064438661432021,3.847256304299527
1043,4.160680964900228,4.516716796795787,4.085685615535721,4.251319157430726,4.353826851806877,4.332063187957724,4.312333833033817,4.785702617612875,4.296238221925033,4.16266597354705,4.328302763498814
1044,3.4744375189182573,3.567185644731166,3.5848441123907846,3.8431418113885307,3.601954159070888,3.5181367511093375,3.4640555379042053,3.1887926620092526,3.614807505970664,3.3780453547594065,4.334415810704345
1045,3.956447309467208,4.305496850057293,4.068070077404767,4.132397016168657,,3.494222478994913,4.624310337346122,3.761056578465326,3.5097011234229005,4.108691011907606,3.7500312194737044
1046,3.7585343595277116,3.6137674697426405,3.593996790027758,3.289101489757086,3.038779849181419,3.7489268683532955,3.243318497850288,,3.487383200004536,3.088675689789742,4.1849604343902636
1047,3.7550590887291184,4.127121399953828,4.089937749362806,4.7088086496267465,4.354720229183604,4.191194851344843,4.10087032434887,4.101183607828626,4.425525141306707,4.096601906935602,3.734323704478787
1048,4.006825156673024,3.167161471613102,3.259161537184588,4.5839940867725355,4.213101627015773,4.411072235237237,4.630328167023222,3.8157349255471478,4.571092190189218,4.236387138479115,4.693208080163446
1049,4.146657248312026,2.7443938100749277,4.26119354207208,4.201764702968652,3.8604715333324173,4.156953704813292,3.8601683341766724,3.584010777283025,3.880608053755671,3.313717234357509,4.026371734472374
1050,3.9121315844436575,4.4049242922028755,3.0832885420978497,4.27828304815151,3.7495613288357257,3.8235603916011818,4.000645164263503,,,,4.261990840281788
1051,4.8043258149044235,4.015180413936262,,3.9636032383862676,4.332684239684845,4.586787984133478,4.084899770919942,4.428116405543477,4.597258405150673,3.9516172299343983,4.865015144992963
1052,4.480890548149379,3.8615055951768498,4.420937260034624,3.914678975140807,3.911363784513546,4.176086107691903,3.9423802415542704,4.426138333522818,3.9994132648905154,3.177818730055145,4.01641134061615
1053,3.455948403377195,3.7452701110854325,4.1804203213696045,3.6176036046834903,,3.755801604026837,,3.0502763004693776,,3.334451998521416,3.43185125449808
1054,4.916929246646397,4.226505977620395,5.065094010078609,4.926479915223365,4.841931524874937,4.874519660168552,4.8790482170509755,3.7045485153289253,3.706776492075357,4.2169010325670815,4.96142911356176
1055,4.678144407123564,3.099307540272653,5.087862231539679,4.616332562077232,4.591588659232771,4.496962390791596,4.412968993251785,3.6999077681794676,4.423251274703916,3.38284881706746,4.6837671420330524
1056,3.5948086251111206,2.985111014147584,3.7541584665402032,4.202197142409873,2.7377888764327802,4.054295151652131,4.111802619639108,4.080636794310136,4.235136237177733,3.7482460501175203,3.3028543251174547
1057,3.5586936528368165,3.376794213313125,3.477725004098393,3.6045530082357233,3.4858759117633022,3.507301535215589,3.4574812217770146,3.2030880713898355,3.335921060497368,3.3221700266996903,3.3951586265336053
1058,3.8181394223762,3.8010509307899314,3.7897428400516864,3.6737772098347894,3.6095897641783767,3.519031994643891,3.594431876671652,,3.5476041759557453,3.6704376873445352,3.6948293085869475
1059,3.826508076801067,3.9610003913778575,3.962422371251556,3.6859094437971893,,4.083929653433923,3.8257345182177014,,,3.8343260694423633,3.837867860060409
1060,5.241535380241702,5.789107669970042,5.8897321031890195,5.106864809797224,5.380367881037715,5.153874866643601,4.957929630688391,4.19605809602302,4.8897281428430714,3.6991456322257874,5.42105714539135
1061,5.2497239938308935,5.309866057068949,5.493601811916737,5.311271087189769,5.438035520677888,5.435221501990165,5.564318529078008,,,4.70790928981069,5.412501448206914
1062,5.442872779644566,5.016317719381997,5.349490187014948,5.450475831674972,5.255553916984585,5.52900500631681,5.382234721951574,2.6939328576794708,4.635323291539057,3.347772848963959,5.352323867980593
1063,5.553994408810545,6.0766037404388795,5.574310071351908,5.459183915583363,5.11468285093045,5.405307713627561,5.269696111301618,4.321333344949046,5.200818082632874,4.743638416236447,5.177298800778913
1064,2.7240562108875737,4.454278033785763,2.749747715479099,2.9888113974118204,3.1038195883424984,3.694920016923044,3.6178716136816873,,,3.0033685219389854,
1065,3.4232909691532925,3.437878358756844,3.7615751390532215,3.526536973784922,3.1592748243148017,3.9461726537460473,3.835397764896765,3.7375668276897724,4.0821269893039975,3.2646560742006763,3.8972687192893245
1066,4.07688972492205,3.5126961304375217,4.275304793075801,4.157143316224427,3.50793474845377,4.557255054189438,4.786336244932033,4.319595102501406,4.009338398506288,4.021046945647013,4.11814717995893
1067,3.0303138141321546,4.065530509511559,4.205711680190315,3.5531401275488768,3.845295042646896,,3.3697258959249665,3.7489963555390067,3.582918141351987,3.4944765874951473,3.802155023052779
1068,5.249261013412182,3.378748249514281,5.224663441566572,5.308701869675637,3.245305858429388,5.350255501664185,5.35222069205938,5.278024910933031,5.295483770302277,5.316721291393362,3.5331784640834334
1069,2.837072481969866,3.8570300902534673,3.976687981205563,3.3417985987543557,3.946835778937614,3.6471557544425584,3.9880760185551467,3.580993907198589,3.933071678142057,3.458184262281022,4.171157941368215
1070,3.36308647675982,3.9731222839376636,3.5812314543853385,3.8264652045993013,3.527886212128481,3.324233865209818,3.804324474480247,3.4625237711145918,3.5055146584250183,3.0676658290620344,3.4809580894846417
1071,3.9246455901559916,4.182768967300384,3.979054938251374,4.892824513612122,4.452254433776762,4.513698438423198,,4.670853793039061,4.517212593969895,4.30066396319385,4.193918425118883
1072,3.6229478011380567,3.1081250119619726,3.5900612242692613,3.818842671476594,3.747621824469654,3.9229066853531283,4.54904035473936,3.947183988082395,4.351320846080569,3.6017581881090988,4.459145083492905
1073,3.7504435911864564,4.047158632650576,3.7996051947327194,3.489842492235835,4.030124806889427,3.9729422996722272,4.519733215393005,3.8110172260669755,3.746088308491742,4.168702915341168,4.070537452034255
1074,4.296736988371434,4.387446795870708,4.52474493091171,4.535775757142326,4.0123715244549825,4.535308001992561,4.636475861830615,3.7733346121592373,4.461727720824327,4.740040355971761,4.601754831739171
1075,4.478210714416025,4.0042545849559374,3.8428628421938136,4.022827882278912,4.622682384839436,4.178561699665536,3.699618855231655,4.861863672753794,4.65448799568185,4.01773353903735,4.591658274411501
1076,3.001526427372046,4.490170260008364,4.313445728243036,3.163309560323468,4.160899498739312,4.175560998288844,4.082422033637951,3.0712945660415816,3.969038985179852,3.998527096846795,4.116142488048864
1077,3.6621743068252544,2.731386234815699,3.8894922220581023,3.2304169786885373,3.5711934408191572,3.1815110139887497,3.2550748310470277,3.7172379976390424,3.3731379077515946,3.3190429766046865,4.165912253948214
1078,3.6923005749985385,4.4346912388498785,3.9993037138088985,4.469035796555815,3.7679509164289042,3.936132930153935,4.074164513719302,4.1409717902970975,3.8706478980341745,3.9942455828923613,3.9887500360733554
1079,3.754842029449776,3.7398946533328483,4.341081263563751,3.9493805798100277,3.477959514575862,3.351447579142015,4.100081914237766,3.8113151965336804,3.5570406538821002,4.425376804332547,4.456445453507129
1080,3.490119446161245,4.105574079945626,3.721477306402582,4.185827500815654,4.532913109288133,4.03514134599434,4.649621573256854,4.157216985142012,4.077427874138979,3.488606746952862,3.6028617242935854
1081,3.659201433591223,4.439451892741396,4.441524781871425,4.002819246206813,4.155990728400951,4.247384888957885,3.2415218438414284,4.010604486799944,4.267849055338645,4.3167737679721085,4.333459788148714
1082,4.218793729018952,4.192507080184594,4.0806542148018945,4.681815212670501,4.02629133124713,4.216727069491903,4.374703298744335,4.425308526504661,3.8137872116278957,4.166869223799463,4.131416317285302
1083,3.519298981325236,4.21624547593229,3.553327119074617,3.984665416897903,4.053876935759879,4.024053099767217,3.169480916093341,3.9264462657421717,3.655617186498053,3.5154789925861927,4.333073547911116
1084,,3.80695995971002,4.065879165758341,4.268140557007089,4.365832187513323,4.0185482064131985,4.275848566301626,,,4.197160624669392,4.2347689909825155
1085,3.7980314360205343,3.725927290970475,3.6460925685215417,3.2774115404284454,3.308154144469457,4.032960094069571,3.0043458912055248,3.573075920307849,3.5281159391792576,3.088416692443915,3.3866276382047604
1086,3.3730311571752543,2.56791600206734,2.549399132961159,2.7284797233843396,3.3278083861648855,3.0981719294779797,3.0602770101656804,,3.9208697146879334,3.388030305297134,4.187268375491946
1087,3.040235990232575,4.263757824033403,,4.257398204295226,3.6054194507527275,4.32170016781645,4.020712321627419,4.012344907836449,4.300666350559624,3.538495666138557,3.208715602167895
1088,3.5284133982352994,3.3691518882918627,3.005009235339567,3.5372042769795478,3.5355915774783484,3.6143420032639906,3.723232411921418,,3.789377817827951,3.7712899922325738,3.4119388416906804
1089,3.8971532916721534,3.394627948846023,3.6380277515941626,4.219288729669788,4.169381893148083,4.120169189290792,,4.058935051272269,4.0026657318228285,4.012990670922642,4.139267597140881
1090,4.1404977302893275,2.7175624740549194,4.357048420081613,4.10110823987431,3.6538680098873133,2.8923077762353704,3.6974668747564263,,3.5992160568557665,3.5303956487557406,4.337941919377006
1091,4.299603546076148,5.05041354155153,4.546223796187549,3.8228513442929914,4.541000266141232,4.230321844246829,4.7599049351333,3.3727426227318706,4.430552335402226,4.080399382952617,3.9646568888210503
1092,4.3388955286547635,4.57559330748341,3.910301441238122,3.9636888227016063,4.16611421815635,4.009673412678994,4.036351306972297,4.384385122666311,4.498125091926083,3.677704726830948,4.056148908104254
1093,3.7746648515849874,4.2436993651451305,3.920003316851196,3.8147125072199657,3.8222202046308777,3.5659732379925657,3.480493980898187,,3.599084702897309,3.763226836891372,3.8932837280178005
1094,3.201750930844684,,,3.2304169786885373,4.0742985783299055,4.7024614257071935,3.305655139271251,2.7335996390993564,2.512342236870991,4.069473325821827,
1095,3.9347361606601727,4.273335446047186,4.580894289664396,4.442695023853934,4.571885421340445,4.414300293212998,4.4925967291308995,4.862615053199065,4.064723950702435,3.824831076166506,4.464535438514607
1096,4.762045754513715,4.505955259645657,3.65441651759399,4.635932529561639,4.900441494632039,3.53652965764107,5.129871997564218,3.644394563634327,4.588008312660177,3.893742201276543,
1097,3.279999206328691,3.611032742348847,3.2663169296460075,3.584787949129046,3.6000829728624395,3.5998458193672933,3.4074343411225163,3.7045419423129093,3.4799034768447865,3.424955569517484,3.6209406313023242
1098,4.578661817454621,6.605803765939875,6.659571672971561,4.6127680875316095,6.643226806645526,6.69620204223685,6.6907593508203,6.102589093843402,6.6088786395424295,4.6733030915356135,6.643614351995594
1099,6.609143185957047,4.5753638039944615,4.642104258555324,6.658550375049348,4.6122935743979685,3.6048446843482433,2.7085561449998266,,3.4400386792733384,6.680570972723851,4.611398653915673
1100,3.5929504456108896,3.529576385663011,3.722947908909268,3.5732870869465843,3.6189437177455943,3.5381503660877907,3.641067632529705,,3.6710897621793785,3.5356405019589747,3.595149235212891
1101,3.68769953384705,3.959967642041507,4.669772241480805,3.772145682627036,4.373685162549929,4.844059110366796,3.9445131900145864,3.876575693294988,3.6239268568819933,4.058491907308911,3.098993597213839
1102,4.041367470950177,4.630544954609366,4.4235305123766455,3.896619294782583,3.952361600891118,3.704027550597633,3.7461628895831023,3.161109590753217,4.639020349828119,3.803602801165948,4.006776790722064
1103,2.9999422840668593,4.722762429993145,3.40470062030281,3.143151268170505,3.1042164577497005,2.9756407293828646,5.565688565023722,,4.266406203122133,4.232803025132528,2.9054489439871163
1104,4.1359676129204885,4.421902400280404,4.331126715836982,4.273507632155149,3.8452846868257473,5.031997347693444,4.347628449266916,3.9466794470123805,3.416176572415838,4.644009245938376,4.266120809231177
1105,4.173556549122982,4.111503362784053,3.9204780005023374,4.569222047426371,4.477695090809354,3.169712924434234,3.6488978620753127,3.458105899455171,4.188481252683712,4.492262690012748,4.66038827275944
1106,3.320871321917559,2.915006034894488,3.229274336825796,2.9370865679858666,2.7881505470314325,3.114966942132719,2.8507250042366854,2.7551438897064577,3.330429628954297,3.2979114606193645,2.823993064608189
1107,4.791343092350193,5.386820329197002,5.205023859151692,4.7223196183275205,4.773263271608146,4.647300272811952,4.6697900652647615,4.389127608144989,3.824689154488797,4.598729966915744,4.7736936967839805
1108,2.854884501576012,2.4417383526619445,3.2950230313335807,3.992483328708944,3.1503050785555415,2.619654984898422,2.6849665752801517,,4.523732253001291,3.281436803749818,3.018307362026365
1109,4.108759267873318,3.9756030090244696,3.0946115618245162,,3.7861378313974066,,2.947569978444592,,3.5503725993167112,4.09431364262112,3.49289531607645
1110,5.2703794124065615,5.807708919223489,5.588777205623796,5.303616319048337,5.34021799683342,5.3811619785768645,5.259342241866694,4.268743809651122,5.137407192019876,5.114899441844152,5.325749692464224
1111,3.7412973761377315,3.96322579436547,3.745682962144552,3.198770383926095,3.2533975325886093,3.7338906774277802,3.388601407170402,3.073592861135685,3.374549167274901,4.675619719534646,3.488302699750738
1112,3.970906399297432,3.7831482156239757,3.9041308517528623,3.787178307668294,3.6854694605158276,3.5016936831261756,3.624559206769701,4.132124506702883,3.8226473054806247,3.1302646527371314,3.7289439854024757
1113,3.587757319920369,5.368142162942029,3.530495132179651,4.191361530892227,3.248707897898689,5.655249206886575,3.891205340756618,,5.020756454250484,5.017060873543981,5.143320753576049
1114,5.189437088572668,5.580119472360038,5.136082901185672,5.407971614488192,5.427907504639446,5.7139976012083995,2.7143860145151355,3.288558609096682,5.382482085558712,5.380855788995623,5.5128404499257515
1115,3.871001910504201,4.040207458769029,3.9920122151043955,3.8642986449199297,3.8432324634925252,3.7087150881516617,3.779622340591286,3.7097157852402143,,3.882637041888529,3.693786676872772
1116,5.205744418791497,5.818882528966128,5.530419831523516,5.365060912021489,5.382465652879816,5.585212721311725,5.3717623669030905,,3.1196749617127595,5.155165203926645,5.373819806133029
1117,3.6420796047507347,4.228567932179698,3.3287668122539458,4.097374406050922,4.082117280145772,4.071395246578838,3.7089713220646385,3.323227486927526,4.195133314160787,4.000491760786616,4.22962117752028
1118,3.0516986325321724,3.2094713887811057,3.3110035455100406,3.423810475939449,3.586312879464969,3.4270605309139093,3.290814817344932,3.4287372164330736,3.3485967654921756,3.4683014921470865,3.407155377275387
1119,4.211105858441702,4.156611868093295,,4.227979226402279,4.271567287180986,2.914452316024376,4.332873609131892,,3.1400115647511697,4.334510541855815,4.185095820284023
1120,3.465739374525407,3.406539238407609,,3.3064892689454783,,4.60673970356925,4.70010598903899,3.274576069418924,3.669978351417575,3.408046495435233,2.696926998268829
1121,3.2557765061298163,3.7681979991028878,3.885192651028477,3.2585268360187207,3.7168397288480532,3.5169880903676884,3.6215741110730644,3.753893569712429,3.6480233441026737,2.96672025138147,3.7876785032923785
1122,3.648892765190162,3.695041288094326,3.9711313213123187,3.944325002622382,3.6317266665501395,3.616843577989768,4.032781154496257,3.361419838350195,3.5400952803381065,4.119621252997648,4.119613148049034
1123,3.1896561094690927,3.2461719067169232,3.973606041632978,3.950160965230329,2.9739199629782096,4.269909618933873,3.31251222206864,3.902728314119708,3.014600456885054,3.014978505133686,3.2153934132045463
1124,3.1100980473741453,3.6891636378690444,3.5131109903005693,3.17405025085723,3.6293246214548334,3.245583658859025,4.245763771657657,,3.3338932005218975,3.9410735542755475,3.3826891594918265
1125,3.729998017140293,4.097316615059251,3.984871832770599,4.6696458815967015,3.863603024446002,3.8378827885713758,3.7345026447990466,3.1577396938379576,4.67012176761959,3.6469887262105694,4.064875725754588
1126,3.5469437219112705,2.9966100704023373,3.4254840949413423,3.512208958078313,3.667112754211131,3.9662415859814306,3.1581899937366993,3.5357836662129745,3.276373464882705,3.827994396752644,3.4568823997690563
1127,4.305437727247784,4.27082123866402,4.224312546609545,4.115729227421965,4.1801175374483,4.178772684464532,4.167351990115009,3.8965798859822494,4.2482842685840945,4.280856434352362,4.181652225364032
1128,3.39361180116959,3.3699915538573237,2.929656980428769,3.4637545303185755,3.2140061615939546,3.285255316335098,3.360878802859555,,2.578131526684199,3.2398917530030986,2.7530110917566764
1129,3.9380578471210606,4.003863436193634,3.858714613780426,3.575003568834097,3.920990270108107,3.8969111973319306,3.4294529671330474,4.039230261101061,,4.122231206927047,3.8695882481187196
1130,3.5384576291600984,4.893207309475843,4.759060922326267,3.8881142793494425,4.544000771317636,3.4892301436457673,4.534538699516035,,2.912113760632716,4.649429465569668,4.8710547725041335
1131,4.308102805138075,4.272060664012577,4.382951606051756,4.28900924526351,3.2586002666093905,4.249768333579857,4.266627525295727,3.31258057638603,4.198330530707136,4.380742209531567,4.338914482976114
1132,3.2961140901743913,3.0655426823720084,3.1451629244436554,2.8285592785402187,3.0968794401565995,3.3912528270539033,3.3757217327346223,,,3.388764403673781,3.135087170016745
1133,3.9767146505102877,4.108890210440218,3.322670315253058,3.9064352582146245,3.5386545921789994,3.928442716179391,3.788766783164109,3.57668064022563,3.9576503327901875,3.8388927891404725,3.328284511552616
1134,3.614377823887937,3.4085877763605934,3.286155251893007,3.071103439101886,2.9988467233154648,3.4475818197545745,3.552095165816144,,3.219050854888291,2.822707116016291,3.691862947931868
1135,2.8712047137450583,3.7196428247585946,3.8824501397729105,3.496333809813125,2.766363957473237,3.4393024516022206,2.6724219787946635,,3.4546079762228756,3.986472390899151,3.0421176918974577
1136,3.824268559092029,3.6470052565356497,3.6862085389856785,3.8744296736457646,3.857856388079323,3.845006915152469,3.98266839185537,3.726017571477178,3.7460889969412183,3.76796073696461,3.9644104606335526
1137,3.31681244049136,3.157773149166553,3.737730183062662,3.48060207625758,3.62134171313296,3.147957858345567,3.5315740049112194,,3.8132325689539877,3.9284445624742785,3.839574053298594
1138,3.761816226547757,3.9421872930493302,3.9466161836933393,4.035134196903242,4.113554054406199,4.042389038740561,3.8608559667825877,3.6425468862311536,4.092769663253094,3.850345228123555,
1139,2.939927899210934,3.780357786959433,3.618504518297286,3.6619965666114216,3.715956199995056,3.758733407825786,3.5403656650203557,3.0353025360723405,3.383752917803641,3.455961114884139,3.8063361678189067
1140,4.844227802723649,4.835292000004683,4.8622008259954805,4.940206812798093,3.2071247378540333,4.9315476044323425,4.9953762342881145,4.894244950343904,4.881466829497042,4.949052117281308,4.907531942647416
1141,3.5092915593819765,3.8488429850170602,3.666809330713261,3.554223182601298,3.611920050241384,3.572606431140868,3.656801356700742,4.1046851826830135,3.623615618128572,3.843114742068129,3.654781522899913
1142,3.887063051780168,3.914788842746567,3.298162313737397,3.7083491295037443,,3.5193403017717086,3.7937961338733666,4.2248716126236765,3.365025007577057,3.762494499788715,3.7705290829159317
1143,3.802948216107901,3.870293797865915,3.956054558007933,3.8937565758344346,3.779077691980485,3.286392750620707,3.725324603359132,3.9690796402046034,3.9999496261135525,3.587336086942971,4.103172857585274
1144,3.3229594801343962,3.3161063766966805,3.3479995045695237,3.635970577505156,3.409407318405812,3.164600527824255,3.7943140366359165,3.2363354792206893,3.816090697364137,3.4106685746766203,3.143556007348729
1145,3.387866366708243,4.155628623467752,3.8561936916725235,4.040505112367093,3.696434050157146,3.910364294562654,3.2766019087586526,,3.8267288818385565,3.121213157551864,3.5337815985398997
1146,3.2047392815209648,3.3194452065167366,,3.163262915384065,3.1234539210218517,,3.405056173286314,,3.3958456243975785,,3.085705375086799
1147,3.74200638928959,3.970541427116731,3.5388031457166926,3.6290733212017736,3.9191587111887998,4.059971350168782,3.657250629673017,3.0815240985029737,3.8314290148964916,3.561841352409726,3.441447949852768
1148,3.9882240659868486,3.878315002033645,3.705494952786109,3.7924750043709787,3.789014560440534,3.836055600787318,3.889376093601532,,4.040530379026981,3.9807808067518504,3.7648354572971154
1149,4.738481269781575,4.72709950269426,4.7636135099376755,4.58592165500362,4.630436089063545,4.612090350279704,4.6659929179658945,3.232625001725923,4.534526805580006,4.736750427813968,4.647486040737615
1150,,3.447268737808027,3.7953870172644426,3.9805979632513737,,3.435151818424439,3.608014026788795,3.435634086492462,3.4042543634715825,3.3609480612279543,
1151,3.497495477398683,4.141426945449492,3.6734450928040236,3.8709991747812924,3.766195795270592,,4.080185126185505,3.2342313479990485,4.316179925902205,3.2807580550845117,2.7531847753024628
1152,4.185789233268952,4.45291155029316,3.7925443769229883,4.276161912598471,4.1584649696886125,4.346517027120722,3.6770549170611044,2.9792649238524747,4.048512604678844,2.9083900903743323,3.964416173599292
1153,3.222309338201152,3.4739265448394643,3.599173649219473,2.916229226461931,3.5492312928153917,3.4656344430822306,2.742503696375453,,2.8147941480987124,3.404780061745824,2.902601310159557
1154,3.966520257650591,4.50642096671618,4.042491643196761,3.8769502032705234,2.7720663104474252,3.2188688257785834,3.2756200817858967,3.1713088474315136,3.826701838986422,3.827814795207869,3.9350625299654216
1155,3.521041809846517,3.3007753243165254,3.2556269514496643,3.3810647972962906,,3.2818165126951397,2.989792959108279,3.1053615254965696,3.4907357738243783,3.542655328207536,3.167922433238162
1156,4.438476584162216,4.410433014021142,3.378147541762201,4.492882210984115,4.896335905607575,,3.137028257611256,4.239416560112549,2.8981163932742566,4.50282292311786,3.176058962915668
1157,3.877658080821529,3.9253660169180495,4.020430002922215,3.925450370741049,4.108149224097309,3.9920972682579587,4.068131702497617,3.6355597911790745,3.279797769858169,3.676203866249143,3.6350787604744674
1158,3.496195859211826,3.8129258578551584,3.2448058205014854,3.7719396990089518,3.3584878676755805,3.612652634173401,3.668381892874557,3.660787616768029,3.2945411601496417,3.5757320482229673,3.316536018097846
1159,3.3059348947444738,2.8954849587092326,4.416439531789735,3.426261696928189,,,4.545336240614692,,4.468921827068757,3.2867947114168685,4.446524212843936
1160,3.5495192914008116,3.187337134954995,3.753688021872172,3.530979135287985,3.5565699772639534,3.492119391935148,3.6301562436211,,3.6499932323156004,3.669679145624203,2.797139672881961
1161,3.5981724159674857,3.5353694746463384,3.428557249266388,3.1040955719850136,3.408698909892496,4.530342043811881,2.69656750448472,,3.4264119921227505,3.0149136323499754,3.097240283444914
1162,2.5992553416092465,3.4911442588946016,3.436121096288937,3.4359770997314025,3.7413680553275706,3.400761707921709,4.037411305996808,3.192562811171646,3.5917089782362437,3.2142901302186933,3.6974072580957236
1163,3.401057646883446,3.877743757553902,3.339763963008171,3.7473085266172084,3.895518039932846,3.4119854796868045,4.071025884478644,3.8010136043768825,3.0343237392363807,3.0223070991728886,3.9411921322566084
1164,3.120755751349191,3.4296228599545096,3.3244318015215493,3.1113151815011637,3.720121741700703,3.196191086120106,3.4106272995170785,,2.965298634047467,3.1770442764577647,3.2132146772050425
1165,3.712620322551384,3.133750259216776,3.2211016739170937,3.1013265939153754,3.915142749150589,3.7691348727468577,3.247770764180089,3.2815331934062364,3.663614537501131,3.358550807106979,3.8133638632015985
1166,2.8968694180389973,3.7126635260970215,2.880786056476523,3.9364172880906785,,2.8814967303042973,,,2.906287276917925,3.358852415799309,2.9914582453662293
1167,5.22741724788915,5.227580948629679,5.273182374038422,5.246871830226911,5.223461395331352,5.272430220583024,5.2744205125479064,4.603291245663378,5.186654761234817,5.284656922984912,5.256411087181462
1168,3.4960591201614246,3.4436493504144887,3.5499222680627542,3.17703855066211,3.627224587938707,3.747491807707705,3.33957247089513,3.3759058938567157,3.558703420278831,3.789524410693559,3.6912765207610003
1169,3.3339725134158873,3.5839513270672945,4.104297632710966,2.87425627102598,3.328866919109504,3.06019145831482,,2.864475880876283,2.6740460318369523,,3.3967320408871644
1170,3.171343120459732,3.7528810792175884,3.7769352853938334,3.7895177902816295,,3.8060042875098516,3.287776449900454,3.1233760877178662,3.0727056019319736,3.270717371626206,3.6918797095363627
1171,2.6425051644789677,3.7359822716950055,3.5707026111423263,3.100472420970454,3.2928144876914534,3.5261121086858065,3.509482295662841,3.8157424226447536,3.4747089889484566,3.3739063954540103,3.7455179669578107
1172,,2.945315067914815,3.5470805533519845,,3.6931385640040046,3.6127750140799972,,,3.4068653257182,2.783110312063951,3.743117480836788
1173,3.50081020085995,3.88584517332442,3.3733247377631965,3.728948760820889,3.928364408000238,3.653252707732899,3.8151114295627617,3.208461276497447,3.719005437515254,3.296731192808678,3.603935128620587
1174,3.6407974010911044,3.691956120792953,3.423183150333616,,4.114001544892393,4.081790437923994,3.497312146889069,3.20716499603154,3.907857366171798,4.26408743678809,2.931821097233734
1175,4.288496808592165,3.976049919131655,3.3507047894222484,3.8930945915589685,3.3960335876281045,4.3937976810080634,3.644608666409762,3.602886902792198,3.2825278269374554,3.4454826557315625,3.4980634564289397
1176,4.115343590531265,4.028648756501482,4.015662125713589,3.4695749702195076,3.7851649882954193,3.7213034734581982,3.6574001837870425,,3.881936940805997,3.52102193162624,3.3586617064361297
1177,3.070331796042641,3.268809006590736,2.7991728399052858,,2.6184591731401716,2.9459060729436066,2.919418103893778,,3.175914330390626,3.087250171385182,2.7106280183979607
1178,3.3800412182659882,3.5592669068627383,3.534552300165478,3.164890424017357,3.1540832238583487,3.300534568174684,2.984165006742333,,3.1581853909580304,3.101066250723111,3.1067141892184087
1179,3.682460477715162,3.368871588856762,3.6200697215446502,3.59556910760602,3.634987143887134,3.6367440001070084,3.1553192888328288,,3.7513777657104277,3.7429324257849244,3.6212096632616384
1180,3.415845864347104,3.519746513552123,3.2151410534289955,3.450703975854526,3.2851862791360524,3.4772907028590265,3.1478205321569406,3.0793297199116103,3.6271245114663744,3.3641355010474125,3.1825553074541597
1181,3.7218336035924486,3.688386903147556,3.8119399239010914,3.5460818766839908,3.507706980007249,,3.5983579403699326,,3.5929930468571225,3.4401414312576613,3.6092477781011834
1182,3.337725498574889,,3.3154033927638826,3.3060581324359597,4.270829555986362,,3.1595148026740065,3.335109016353146,3.277912872098606,3.1158150481802607,3.1091802110603743
1183,3.871352692786687,4.092277172410568,3.8773192174079583,3.3476133371625263,3.3402696540647767,3.3981081433019322,,,3.4557175964107936,3.320538321626524,3.4757405864996174
1184,3.56743930711742,3.380195764656452,3.3376829484723007,3.4165538782199523,3.2777613228883746,3.526584537802912,2.8152417525819073,2.965696990631399,3.798157818036437,3.5329678668822835,3.0205790098429217
1185,2.5629911993989074,3.626956072796123,3.8582295786956546,3.9638841809087086,4.073317108263874,3.6259177292493736,4.014385331916622,3.9320203639301226,4.125851022963859,3.8333776446524985,4.280475710782523
1186,3.412201914044204,3.4489202362250566,3.473082728186544,3.812052182723219,3.1826071672934657,2.777227222334529,3.0374053571095767,4.341945694653171,3.5387163267742654,3.896390190482622,3.513180608122918
1187,3.135192006592029,3.6096068564029093,3.383516447975084,3.4795791556805855,3.3517831331047185,2.9970050528062386,3.3810384472546926,3.2356364178714037,3.0699321013853424,3.3313137143167473,2.8149062697027847
1188,3.3442789606437775,3.317937151782568,3.8367935261453074,3.0916226439096732,2.664331911829882,3.197720393150937,3.741081820398021,,2.9961827341703224,3.153750624351189,3.212666561147627
1189,3.0404959396551674,3.318342017593909,3.4311927518174947,4.009435750225099,3.446426090332502,3.4107792926503064,3.9203731314624433,4.285629624383613,3.285723018027038,2.9664566195972792,4.048746713124116
1190,4.360955499512169,4.216814663636807,3.3319283113026965,4.278440817289533,3.313871435791779,4.407613188745156,4.430157323981673,3.9825214770864017,4.244086242977985,4.437717000511176,4.274053389497764
1191,3.0453635187790415,3.1863679951163633,3.933284924308841,3.075902855228005,,3.243727844455848,3.522622134750537,3.5319318864007374,2.61622035178112,3.5462299947598686,2.9891194845326976
1192,3.6880536830146915,3.4651710785333467,3.7574475010460673,3.997786081703842,3.8787877457804116,3.772280674929929,3.3746919885133284,3.407812652238176,3.3792859078064046,3.5081058625550017,3.3735296755254582
1193,4.334347692703,4.211609893226016,4.361408843930633,3.0957665016907443,3.7328101241774427,3.756265765102232,2.700249849165509,4.096037066779136,4.044230272752015,3.025966784119897,4.116978406821629
1194,3.3894307069168765,3.9126890421601197,3.19810376303878,3.5183345058174864,3.5667972175600227,3.322756479305685,,3.391050682225767,3.3968078768686527,,3.5564524599368186
1195,3.536903880551577,3.633738169345978,3.8664721484304128,3.8601195275764804,3.957237360535151,4.097561265714905,3.8091339066149943,3.3656185727625463,3.7989152436677287,3.8928505537588824,3.8998712816414134
1196,3.379626573828583,3.2425443372733045,3.4519419609881226,3.7150545149522567,3.491659058726813,3.415747454882456,3.5511243164297435,3.1784358873862772,3.24741964193821,3.556553044432871,3.4359051102689393
1197,3.525213733013621,3.5522159928978527,3.235813396303086,3.5051080049747143,3.091869447065313,3.891245300651607,3.811019630014365,,3.463534066197372,3.274747558841946,3.494048016993145
1198,2.8736083011256257,3.2244742549461947,3.1465899337824643,2.842725932375497,3.1115850092626527,3.2081134589715927,3.1601204486113095,,3.320461358374455,3.383134530165477,2.937077858948156
1199,4.077120373005057,4.039115602444845,4.069481149542487,3.943751478673599,3.832007684735084,3.7324334399651775,3.7551831343833535,,4.054365795370793,3.9710069034879982,3.9314986463515886
1200,3.288740757609661,2.932331556422469,3.3494649732998174,3.5885036119261926,3.341322118809519,3.8101272143714016,3.216740230486952,3.178321658870155,3.1465517143320483,3.378871628105677,3.249527839394002
1201,3.8677162897717605,3.51976924503543,3.3840200060816854,,3.5589944943638323,3.76938351952648,3.734531120512126,3.6997939642980935,3.8828826322671297,3.752284249813224,3.475896627793703
1202,3.4940975092812265,3.383724965620579,2.711406252987634,3.1937057791771686,3.026451150183766,,3.2183899490755112,,3.1103043666347485,,3.250480530287742
1203,2.5162296183308834,4.069769712800203,5.13129337478391,5.217123046099748,4.17994395307969,5.244400209869621,5.270791210897451,,3.104119978497678,3.2790330437053745,3.188881248156078
1204,3.2105816134999765,3.13026622587664,3.2414465838045343,3.3040841801992933,3.174317244824475,3.2269155035202934,3.4735974620961354,2.8065949793897924,3.1762955083498503,3.424819108274536,3.169419956228212
1205,3.423495571627799,3.1234050500485644,3.2077985704443623,3.281794656763777,2.8704064673847003,3.0081013268471053,3.2359461556795086,,3.180412645951865,3.401148386002472,3.112426672569915
1206,3.3242110541532335,2.528353852566125,3.013083031320983,2.7456392635469955,2.9174502856554283,2.974069353819525,2.6171040599887117,2.478472850929878,2.9642241438455534,3.010627299410135,2.742328698811548
1207,3.5073800064680123,3.4082248132680375,3.5718065861450086,3.5172326317309706,3.470629763259648,3.2452033817394947,3.2777198469333757,2.960143030758183,3.377441245590815,3.029804811059394,3.3589472817358272
1208,3.233104532322881,3.0766869117723754,3.359656334570536,3.3417375279840362,3.4592782059747234,2.692506085115778,3.4922033731808777,,3.2128514245979134,,4.3224995033109685
1209,3.350516702112723,3.460661959386698,2.873756318949269,3.377208964495632,3.229763683543596,3.1989569039689614,3.2000758439877623,,3.2204156871776246,3.0858930880676954,3.084390739191834
1210,3.866709416365382,3.7824953764799276,3.636050254005226,3.475670809851665,3.4779031437525028,3.102321967029007,,3.434856015450802,3.6744922814792282,,3.174604203264551
1211,3.129214580751645,3.4373747726072583,3.066877126663265,3.1435380685135,3.1121867995179806,3.1471699713704346,3.199495140638907,2.921438790783165,2.524905897334515,3.281482286722008,3.2199462866403827
1212,3.4516613099464233,3.0680314643354825,3.6991776323941394,3.7379887418385507,3.5174940290749346,3.6540628496416647,3.542980745882171,3.3916110101531705,3.729474939265965,3.7154564036924,3.5951377351417877
1213,4.53316997037569,5.156659991133086,3.3318614300868985,3.299602082527808,4.550286554670805,3.3714381456779026,3.1708230698365507,3.112733349336949,4.16079492635107,4.425270448292366,2.64043904149347
1214,2.746269751725523,3.0154021434407356,2.806876946307433,2.7585748366018694,3.8985412024030075,3.5094710908405413,3.540938394883801,3.11370031911055,3.648142249425329,3.5917309170604463,3.369526984986197
1215,4.480479615363173,3.6722772693602463,4.3068831004080685,3.602989796472278,4.383218407146844,3.630204126576069,3.9227568516501616,3.8795306980823128,4.391789994796519,3.7723934859173385,4.338369083537028
1216,,,3.402848013073356,3.4807529335154923,3.5629674963167246,,3.2108373849089453,,3.324310083751223,3.552943143507742,3.3364336126044476
1217,5.155047227722516,,4.560492304258428,2.88634697341375,5.189245530966385,4.092060503798487,3.592523749003555,,5.1924385346840785,,3.0594397054458335
1218,4.031913290108272,3.934638007373839,4.279035884690957,4.331277775127296,4.100843582189292,4.362527331249369,4.458077126757888,3.2818956240221198,4.203193122093014,4.509969206306785,4.353296037853644
1219,3.7227329416745953,3.5877017875060164,3.4100827443139896,3.8752976575500893,3.3739682529236164,3.4845761250920764,3.743662419176753,3.6004331173158413,4.016353581701547,3.5147975965769445,3.651728710213006
1220,3.0843168307680835,4.516615617521688,3.2361331221363354,4.572002148340581,,,,4.323769518621848,3.2754749681623663,5.216840792233992,4.550276518327288
1221,2.99505447014394,3.074643969901477,3.4785125436094746,2.9879668522010405,3.1037333928149815,3.1917863062674137,2.9010155252727814,3.217502680153869,3.068310006044581,3.0479411065234956,2.82381942319877
1222,3.402279084440822,3.471499536798161,3.1604901239052996,3.6693309179009366,3.704322801839136,3.091795285415997,3.0524462948811752,3.475843183647692,3.131080474826549,3.766150656188113,3.494425755394359
1223,3.6800240484385003,2.4259822643624003,4.233952205303244,2.6119354860630843,4.269808954323832,3.89098238355086,3.0147077357560494,5.134679864996961,3.2422809575371963,3.0091600553314115,3.2844228745384347
1224,4.082112286342293,3.9272715179824376,3.9328507056119233,3.874164403675325,2.953862244808576,4.1405826395354435,3.5023622031319137,3.319347527665766,3.845766002705559,3.406447630755862,3.821711079378362
1225,3.352388448609033,3.4817490679501217,3.4756745564955693,3.7621827048676533,3.3962874969308756,3.680367092928991,3.7170777708939853,2.990863912751291,3.626960871145378,3.12511322175071,3.8334833641736434
1226,3.270840918404607,3.3486176467439766,2.966968977644391,3.229680560979126,3.3470672082734634,3.2106091551795073,3.143941809423971,,3.165975755243733,3.35363767334111,3.364455018154591
1227,3.1021534144597513,3.831257433885078,3.562664762520289,4.013137048098904,3.9916746837408996,3.923456148980602,,3.308068595690296,2.4524726365576073,2.868803812046277,3.600090571767713
1228,3.9258133634640537,3.788606879550642,3.839138894913283,3.9383412298442235,3.5022122262335613,3.6830685994277093,3.227226168658908,3.291638626677909,3.9387217986748397,3.41615982923189,3.274102472224012
1229,3.210646234647245,3.335502005860244,3.5195993824247673,3.253478844058841,3.3257967010693585,3.71643035363998,3.0578380594883994,,3.459028802184922,3.2447586738745753,3.054004481535012
1230,3.3885584660847767,,2.4897268869389433,3.495123026477936,3.274903843466311,3.372776447616598,3.485477169344909,,3.5444405464266246,3.0530791723570707,3.537975475546936
1231,6.481194108940605,3.8779440583394935,3.966473204824423,6.5177864810014015,3.958595098658709,4.616222972445131,6.521569922762608,3.4549655447599723,4.591788729291604,3.973097659041954,6.521873244967765
1232,3.2994955293748607,2.986081914865297,2.9721509429481503,3.005605863347965,3.329110540713951,3.313562897397959,2.631570636075345,,2.526633872252712,2.8746122669297804,3.631463939511033
1233,3.8970722395045323,3.030322432776496,6.536537181795128,4.551169954866,3.332822845436213,6.55153540837928,3.9689974400859978,5.941269148746255,4.914245320473358,4.570085007907204,2.9649983321249196
1234,3.6813300068836705,3.7783328192084684,3.6500103820252896,3.791689956103817,3.4826992510681727,3.8244973405249545,3.288561543564987,3.2488399431157853,3.717844116787871,3.3794343301807355,3.390399320288956
1235,3.402689571172776,3.78607145136397,4.966616913771811,3.4560163387068092,4.92000106428933,5.007162615169689,3.6259531970925956,,6.4636178155497825,2.739555291015484,
1236,4.014247880971824,3.0827855338018066,4.156711419617726,3.9735885787606193,4.0289162412666055,4.262834038313768,3.7735673653959085,3.822284017550013,4.45570432700304,4.334088396708122,4.198439609502175
1237,3.211301783394943,2.9051365072524606,3.291603648783625,3.457768958781313,3.4199512395330847,3.2395292544818486,3.3326775210041015,3.1469674510384165,,3.5887093672472408,3.558224149433283
1238,3.5159312104201286,6.47720287865573,2.399749084188709,3.3526520510882802,3.446333447507494,3.281774443701205,4.650242349048221,3.7433600702628373,3.8850607347493384,6.554214738550952,3.8877804526571382
1239,3.1854804260500744,3.6299049857158243,3.733609928180631,3.4568513060323447,2.691921672310362,3.313621946986858,2.9918885565914204,3.343010804441582,3.7213057272955457,3.708555426891442,3.0194476628668294
1240,,3.036598572075066,3.428393610633965,3.3370662504010795,4.379366496279303,3.3278769867997746,3.9930829761453492,3.3246084286974407,,,4.290857810693051
1241,3.959041794865349,4.157978275847287,3.960413936487565,3.518683354637996,3.477830155894867,3.064639770143345,3.311631108890534,,3.558536488039386,3.432078436162366,3.711094257498491
1242,4.743296665889524,3.5685441887539335,3.8123334322636455,4.298927124768029,3.6111157807216396,3.574500613004292,3.6533162885060917,3.6887802388138016,3.6912072330605126,3.1900671487928363,3.2628927993270933
1243,3.4164740589337104,3.311876274732708,3.751084369477692,3.202888383688778,3.6264673025779377,3.7565461918255236,3.840786333206881,3.6713679138886164,,3.6602029479490032,3.045173231463375
1244,3.6946664571668677,3.616066827584569,3.800163309396064,3.5197553129372166,3.4852752015178035,3.453589579545852,3.248247467006617,4.215864628017117,3.763623911740858,3.7039795445874386,3.6696677775666893
1245,3.0736059653705796,3.403634757458682,3.4514483451372606,3.0090270572846505,2.933343598905397,3.0587854702437167,,,3.0343164663648077,2.8299411872261904,2.9679945630105826
1246,3.3268828755645496,,3.346537420586505,,3.406519406173163,2.7782227064145912,,3.3600184820652497,3.6994393687941325,2.4704258392482847,3.989619620723289
1247,3.4359335094287404,3.470695383994602,4.096348234049457,,3.274553268925923,3.1417079045058585,3.189937644449563,,3.1373285419677344,3.41962115529707,2.837085468059496
1248,,3.2362251287417356,3.4191751362391742,2.319181061003311,3.392925374243298,2.725888516792047,3.0916469374014883,,2.9534627016858175,3.1322337483202785,2.939959162929919
1249,5.570397409301715,5.431043225877165,5.350311338401686,3.23315546431569,5.352812333066144,5.575906240514609,4.814519800869747,4.478418282875278,3.059253410202535,4.802418791660793,5.2060542676290416
1250,2.8346367518636737,3.5169852208824146,4.425419820186579,4.580634345567985,3.4954225868264848,4.524729986851007,3.7991918456510616,3.0361625755636172,3.3039471383754924,3.961296332633164,3.5250905759268956
1251,3.1461566804641894,3.1015662739827174,3.049720884628619,3.402720198485554,2.564322501563974,2.8777683324629386,3.278279705083747,,3.0243634214977355,3.0383646679170906,2.8548919137974775
1252,3.639338585697275,4.267792063084187,3.2903348163804016,4.328506579603831,4.320804516849218,4.368534929986037,4.420199405411827,3.9838550783198095,3.360901692631196,4.364404534891463,4.301480555962842
1253,3.44843284362619,3.2284614070695987,3.0512383552627234,2.993317032273917,3.1438886154039287,3.2358570870531205,3.475325192101432,,3.533688142742805,3.4334740877404113,3.18980154826708
1254,3.4111602092078512,3.239627373406227,3.471667967101332,3.2665918815577655,3.423021879440798,3.550615767129899,3.4011349778085833,3.1511783204750574,3.1307592589548747,2.933092449173049,2.93383498090083
1255,3.45424822325204,3.436494564943218,3.4718589868780887,3.34799728260764,3.307501574937413,3.283834569780884,3.3328065969362757,3.0398492872110663,,3.3836421650967505,3.2404883479955617
1256,4.181259508119284,3.2731346082141983,4.076610652480401,3.370273480017093,2.9457609128732742,3.7365394192588215,3.9198697568468828,3.9296248054918097,3.6159847240079594,3.4156937572102226,3.64200661266561
1257,3.5071388311804856,3.3710606214057797,3.360839618717149,3.594269735651591,3.4991422253759525,3.471368376748306,2.993297037080279,2.9060472110164164,3.428703088716518,2.921959584808926,3.242751852720785
1258,3.3143416390172193,4.122732995264992,4.150533210405477,4.073273560577841,4.039460517533147,4.10996503900153,4.054019628473614,,3.6314737294826527,4.154658027734884,4.0960325097163786
1259,3.608375455619488,3.520010120367292,3.480274857507192,3.7639664684116454,3.9941387772053063,3.715845239711183,3.4700280489629183,3.6487709179365853,3.5728984872578513,4.138262996276891,3.6935848486144085
1260,3.604360292416193,4.23703279746884,4.497481547529442,3.490708777404906,3.402981496691553,3.5744241967845323,3.3136643978512943,3.007449100675202,3.2386947828519252,3.3750540949976435,3.1659131582818705
1261,3.321242546369323,3.6539423262018307,3.2776624173116686,3.5005175100799137,3.4020522137374387,3.41563908825415,3.2611030108732066,,3.2150162104772257,3.5255049229139406,3.6125556024523906
1262,4.020653714943026,4.084602933205961,4.20194748057395,4.008885683689073,4.068944818648008,4.062579192268444,3.494374109850316,,3.999486119518628,4.167097298729548,4.147639513666025
1263,3.3428981028940488,3.779636177006239,3.585246167862504,3.5551475444344667,3.717898825280578,3.3709391661755985,2.96174550850252,3.4967082315372817,3.483669797019259,,3.6715291830082557
1264,2.954367820820555,2.8918766909047786,3.2285159134154275,2.6927340307907754,3.217961996307216,2.7915724971420337,3.019677809904193,3.3016465402805277,3.1103570152254014,2.8564714147366566,3.28026423502771
1265,3.1266688132108307,2.890861234010113,3.015919174905134,3.3068580320528573,2.8233091367777527,3.444720983260544,,,3.2348034156210352,3.190373182890923,2.997546215096339
1266,3.2502240238510045,3.233896350943298,3.125153209721557,2.846517300677978,2.995199141413074,3.1663935487888764,3.2179554013240175,,3.4538565581786136,3.3064782123055463,3.299328516048646
1267,3.1690799599193564,3.370365065368262,3.5711061042172334,3.0965025159866015,3.1663659055097177,3.5612019484255373,3.564583222373863,3.060315528518158,3.278159964619495,3.346359078023352,3.457385459902616
1268,3.2777721413770498,3.1959101514054544,3.477537482951075,3.4696063218961863,3.459094684590081,3.2961902160975662,4.066452632515797,4.82524592531089,3.587374556773856,3.8163482402287743,3.711197869820599
1269,3.1267364340402497,3.1722030335645326,,3.771567143356605,3.273818461320896,3.189657954340942,3.080034847422463,3.3763192948980714,3.640776246837451,3.3797983336961375,3.154177864933626
1270,2.8712092167594574,3.284479714728055,3.0813215647366543,3.0402014031852236,3.037120062910314,3.2434989232579015,3.2761437959113864,,2.8208663259537454,2.9027213500577966,2.563489051841323
1271,3.1356577786423085,3.027750607885123,3.55916931880777,2.8346187517838235,3.2815729324915903,3.203353689038754,3.608432919159379,3.5426001591203806,2.782363931354436,3.6807088455962775,3.4102258791051607
1272,4.0472211497079105,4.008223520066967,3.8230153965426323,4.023284968446543,3.90217130106317,4.196797590100523,3.5959561099084647,2.7943102021917055,3.632140379993002,3.5916802037827944,3.4645746718473793
1273,3.039744779329102,3.1891519287499093,3.04438722084177,3.1082927101119386,3.2970653452793917,3.3982829005549395,3.1817494990746944,3.302726813866516,3.511997679862354,3.2401649812762714,3.4066001929411174
1274,3.820399283126218,3.9618817381553475,3.812105208520212,3.8248274118122225,3.857076812303832,3.724651765691275,3.365809439664881,3.6333063838695296,3.703293350184825,3.9005924165518073,3.603760826997534
1275,4.853830548643467,4.866542810872981,4.87196906512373,4.912158235442845,4.929591978997911,4.958014401677829,3.551707067264043,,4.8840037314741656,4.9585075338812,4.922634445207128
1276,3.0914030007739366,3.324687827118961,,3.7766300376967052,3.464683761835955,3.607557811101287,3.534150738986164,3.4487327190575274,,3.3629196636778023,3.597798786481683
1277,4.8641375840709715,4.785918149278254,4.637951372263998,4.627304355716678,4.646811736424413,4.821749884766163,4.269153498984059,3.92905531905031,4.546472095755788,4.212453680167002,4.5331507980888786
1278,3.5165340403147973,3.320339418241541,3.517309695952458,,3.547705839098835,3.8602453408802724,5.014096102138417,3.5708147992904022,,4.04361581353181,
1279,,3.0787220358288843,3.239074648762084,3.208965611070015,2.7128977942766928,3.1465859639017286,3.210686863112464,,3.4468744883761855,3.3474397686496165,3.333084129495743
1280,3.58114151642306,3.400368780016605,3.212104663535658,3.5771398451361147,3.4050970395313542,3.7197549842242372,3.583651566059101,3.541873328029289,3.529869334096877,2.725463287930177,3.8479099130755365
1281,3.4972057906944176,4.541780957853846,4.576029009865385,4.406594302601114,4.4680843875716345,3.6109145654439487,4.470142351447885,3.6935148067557635,4.405165929349833,4.568031112576172,4.462846203672187
1282,3.8454081380997844,2.898284946374651,3.477107618199185,3.605799453987011,2.913574306475317,4.346448717717875,,,3.54305304453608,3.882620342398422,3.3576895049206534
1283,3.227542860521736,3.088348901802971,3.152707378986565,2.9596017129541345,3.0932963699984763,3.1888404406739728,,,2.9611127849992704,3.319738227933025,3.3454979668360623
1284,3.061532961993698,3.1995313056689314,2.966299612767009,3.328392705359928,2.6617776913468503,3.283542313044764,3.2870805530014273,,3.22966547835113,3.3804487993414716,3.1690718010805936
1285,2.8706732951768417,2.73161466370369,,3.4492014451096384,3.8235262862041113,3.7621820392720404,3.44092045903505,2.8450116930301266,3.4602489106623096,3.544497672110809,3.4439354059269043
1286,3.112921677281878,2.6154760200680807,3.0355908614016562,2.87058450108418,2.7550479425132286,3.1120674007788858,3.668566334679786,,2.4523535836829313,2.9589130792125955,2.8107463922701728
1287,3.167995936660335,2.9464506069009286,3.312455118987376,3.50939625959987,3.3886444935340663,,3.594547892968696,3.2523253228247975,2.975006048510859,3.4950318591633227,3.1724287392494386
1288,4.568807594495266,3.403623490751224,4.570297403205291,4.641949275041684,4.597246853134745,4.657461464627492,4.687095035292787,4.045855181624527,4.639954951114631,4.649957298889223,4.606779151342954
1289,3.5596213386660507,3.4613940453475647,3.52433688465069,3.6268826605644175,3.6186651498151825,3.5439204944570353,3.781892664284299,3.7706378557143334,3.362636100287953,,3.2861886637549467
1290,3.276082689383309,3.298157338368485,3.1997725145223708,3.3837062293975757,3.3320432790384378,3.8350915515549766,3.3444118160259153,,3.1028898791071846,3.3549640332191033,3.5147593316004806
1291,3.4630668160658353,3.6382666749465145,3.6086148842072325,4.020610809330749,3.36922647115908,3.418288944277659,4.106625316719243,3.3820102761846225,3.321212067047997,3.6086973381507805,3.1669363286744483
1292,3.4188928005563515,3.513573869675364,3.6512383720688937,3.0475163526366402,2.92582430490597,2.789549267541217,3.3760473571948175,,2.966031252035947,3.7370252623615694,3.2136977484458567
1293,2.9239684136605377,3.0187961924939914,3.3232873571762926,2.97775667030584,3.0689194180881914,3.126132424518899,3.2644669946100096,,3.1074940699635447,3.0703505295025004,3.0247378452289673
1294,3.4912739763044143,,2.731282358119657,2.866781424180472,2.939575422841505,3.026147562876023,3.215036196743351,,3.251287079231504,2.507123740865228,2.7695087001342054
1295,3.2306250875993263,3.0387328527857074,3.5708670107969347,3.1462036353552123,3.3344568172425895,3.3805455624448366,3.7775459196250756,2.9733440945287772,3.6285803872380376,3.4702087369507493,2.9058045284044716
1296,3.088591954290621,3.069866333577499,3.226123852272414,3.354311157836935,3.0056438793478417,2.9402914216379497,3.3409618772711904,3.2583491341745274,2.93449219706544,3.2124207524433857,3.320098962297447
1297,2.758467892000612,3.0710168913231697,2.9755814389331143,3.0548976198965128,3.0002274028319666,3.125330502267265,3.244773117944076,,2.785718925530524,,3.0033232473830163
1298,5.382516736506422,5.385357418593713,5.429463547343395,5.4054520310168535,5.401007665074433,5.425775534734717,5.447067805581096,4.698856726977752,5.3360148278578174,5.4626345453026826,5.418105736352333
1299,3.8533601547175027,3.5376075146608374,3.441693292596239,3.775331791122783,3.6689254296685125,3.64856910040318,,3.651349248814882,3.246056148221306,3.6284161854512575,3.382238423402288
1300,3.4301626779482834,3.270973919376284,3.550771087572951,2.651599898009331,3.0991432355773103,3.0527018330979363,2.994039889630619,,2.716022469713038,,2.9014842954082694
1301,3.6225502005250556,3.553070238915416,3.5635186561500842,3.519073758898271,3.547765796012898,3.125434370686014,3.4989584590089216,,3.7663171149451555,3.64982440691248,3.522278577372705
1302,3.6143925136440767,3.8937925207450523,4.283917482326866,3.837018893451773,3.7628356794271673,3.8257651138724937,4.042511964041682,,3.751375085245171,3.6004671556878933,3.8868683701042257
1303,3.4371059451235064,3.14886506309627,,3.508325206546906,3.3393796934491795,3.499789867064255,2.5222472484525236,2.9529910077035812,3.290186851842635,3.5718127190983076,3.330947505282993
1304,2.6935165629412525,2.997758363347111,3.849403827941278,2.5210027710026903,2.8734196853469407,2.8077127516448535,,,,,3.3870232315232682
1305,3.380552706532651,4.058908737872273,3.526712343188498,3.4481950791865827,3.3812928417765464,3.3671189058015116,3.3047080436236698,3.0517582709835116,3.228343125880101,3.71788023176796,3.452472121002663
1306,4.104257710569611,4.324937948577237,2.8726468183969165,4.271247923122044,4.227866019819441,4.215385208160194,3.5943971121314195,3.1757657967114343,4.332399703419355,4.163927304548448,4.45363523384987
1307,3.8583297169762933,3.867974704146866,3.862889405996904,3.6374773148730895,3.6682639251532905,3.5632426645437323,3.605700778057535,3.479128160044898,3.682949299265624,2.945458629237431,3.6219993694627304
1308,3.2854802181839524,3.0466157582885414,3.0784233868163273,2.97121477786028,3.4218671879728753,3.0991091723927107,3.253818691737994,3.1628924332525346,3.3395491070731116,3.4951388079405104,3.3491751569310653
1309,3.6685775603575874,3.6361616676723467,3.453401686747196,3.403737211684863,3.523478478110997,3.2431801618013223,4.184353839724796,,3.3731654343547564,,3.475230138093318
1310,6.002666548188523,5.974832062480798,5.907723774646913,5.902045296452411,5.790005218138052,5.999066769276039,5.299907383123324,2.829278350507054,5.660007943104077,5.406077412599673,5.71589364708655
1311,3.204022478225199,3.1284649479811097,2.7270822145054963,3.20567048931224,3.257208403533252,3.6013408862351346,3.29873602452492,4.13640918380893,3.2995832789388815,3.3856535041591824,3.2789470233993248
1312,3.2532550181187854,3.471251476650978,,2.8725396035080584,3.482880675192542,3.4907677031849045,3.0044556229498185,,,3.9458958484693354,3.2433007232133515
1313,3.8517079734469157,4.046445868842618,3.922404563702245,3.9956179524117603,4.017070838562793,3.919603042353271,4.232025126122031,3.7456032923371714,3.5829055816438555,3.691872024816583,3.9706261408077985
1314,4.263830207976277,4.310018288142414,3.4264685383570272,4.305973110127184,4.302510414743999,4.386977054946334,4.445687401991035,4.017530084303461,4.3611704753146965,4.439334479795166,4.33097463826068
1315,3.5842808933692814,3.4276842077606346,2.738445260499789,3.310406428963815,3.7597166737268197,3.3678596989055563,3.2847042228996877,,3.56702930053044,3.437043623818606,3.3559999044591233
1316,3.0081564785679684,3.314956124163547,2.961147430822481,2.8247551257063037,2.9470419839546547,3.0981281853752596,2.969684281792478,,,,3.0635690416302954
1317,3.257180568847593,3.3172253834754186,,3.28217325481133,3.779767068894856,,,3.255336385863902,3.086148839098963,3.3372770265334717,3.1366286966862877
1318,3.306098943603682,3.214236179814881,3.2780489344874644,3.377726064393879,3.5987540051648588,3.411811714547763,3.3925054981012055,2.9933289954293087,3.7034250787824248,3.613638124528524,2.9223179833211836
1319,3.5504946448163826,3.359714030222304,3.314039619777452,3.5805116809231796,3.6618311938670085,,3.2311714755923573,3.5453017505013515,3.5158676151368384,3.2804459568349853,3.1717801807296575
1320,4.133422832554033,4.102596899248629,4.204599215304561,3.6797070840139496,3.6054396642919695,4.097769783395323,3.653189126959706,4.267081321589973,3.6205387032827763,2.8085479167372864,3.734812497838403
1321,3.2810985754398567,3.0684388398454643,2.7485437902150553,3.135479340133081,3.4556238385215083,3.1554955409196146,3.2706527182010507,3.4230621089608855,3.0699532344179175,3.451990110539456,3.8327813723652944
1322,3.0347303014270066,3.6173250679507927,3.0134425292392697,3.250593066685665,3.295475307810032,2.832293316434841,4.282711607289873,,3.4934489421039867,3.24676845457248,2.886914940243293
1323,3.7574782265580327,3.451071398511307,3.408070481684504,3.3798533550577363,3.276431142222273,3.4639234231226426,3.2235042787384565,2.8298501823396855,3.9124007735388617,3.2592541521262404,3.4902639688956296
1324,2.814928068992204,3.073932287754113,3.1514183656110797,3.1225825269723084,2.8986985197882116,2.686198840224706,2.99638973977276,2.9153464049230635,2.812940972755406,2.6677743656848563,3.031894570701523
1325,3.169839819651669,2.888279620231005,3.6248472686452766,3.2754563295038888,3.0012389283722,3.4953013861538094,3.1092584215472296,3.3302289925287707,2.975816987107174,3.805142124728926,2.773999282520667
1326,2.969558474898959,3.168489637162158,3.0050340836177996,2.9880827918148585,3.0669659681736525,3.1974847504501973,3.0349327414649196,3.524933586792858,,3.310638011756755,3.3736588842617303
1327,3.629127305004303,3.0130694488441265,,3.938681725736034,,2.975710836310577,3.1618250298138,,3.37048729341197,3.3799259044202925,2.635654238733638
1328,3.505986218784336,3.002663819650179,3.3632178560984345,2.976282400332475,3.4082313134195923,3.308196601038948,3.3557248458590436,,3.0487698596169945,3.4684898362883017,3.4560195821524227
1329,2.572397526990872,3.18201379448641,4.309519718381134,3.260737705651447,3.4100982808755287,3.08667543260069,5.151993732694204,,3.0133455779621188,3.200522992399152,3.191552616914874
1330,3.037483426303164,3.1653320790923747,2.9874552360533286,3.2244016632276566,,2.9203602990830513,3.253816817882645,3.4087803400710763,3.2372873709575254,,3.171615092736149
1331,5.684374267573854,5.617621989155007,5.511469068651019,3.4950181077392646,3.321747840692898,5.642702166009686,5.071458884715456,4.76151560542362,5.423319932608087,5.055272847833045,5.3851938325520985
1332,5.037050592042532,5.036436458371936,5.02662028905532,3.022812080876759,5.052653715528601,5.127552753183503,2.7003531451923948,,5.074583013467376,5.098098254791983,2.986575202716358
1333,3.3060562219242544,2.738993443769461,2.900488007847869,3.43902889981509,3.4143356096526203,,3.405868112746871,3.388892269570331,3.6056531234342644,3.62665523156875,3.477905719620941
1334,3.6721705069253425,3.5200421672521807,3.5088007157836456,3.4211297921917856,3.3590296810046905,3.3245892014987724,3.361500674868213,3.212141917424501,3.994602086208276,3.6101357322715897,3.307497504231862
1335,3.56695101793586,3.890867747535687,4.146280915454665,4.153738213007197,4.090053702285537,4.1106064331432055,4.267932908780183,4.993380697816431,3.9844751725542573,4.295859622244963,4.184241788743864
1336,2.7611974818915885,2.849818502624904,2.977126616491799,3.1950498483226126,3.1376896133412706,3.1520595616261455,2.943099910626587,2.8284005082876233,3.120361799694901,2.9418822680977095,3.310494033088169
1337,3.203634834336623,3.4097819699290777,2.44135905552194,3.076383859000222,3.4016045149382284,3.2861624652466266,,3.4148048228401024,2.922438273441219,3.4966127484766583,3.2037915988671886
1338,2.625176059594045,3.5400695442235057,3.2223849121906474,3.1168856103862597,2.7709249009159094,3.415122675328564,2.8868583496425826,,3.3083124462185287,3.156702332472951,4.249694611553168
1339,2.976358670983062,2.8601198606673903,2.838446395653475,,2.7270278881320813,2.9013620201857124,,,2.545461487707807,,2.879730714951248
1340,4.616034572875284,2.973089118621773,4.651523623030761,3.167181681414503,4.630086665125363,3.787653147023452,3.691579165247871,4.351407672034773,3.734879357687726,4.688042042183909,2.904213917808851
1341,3.439925149553536,3.4839471172581393,3.335026058706076,3.4824662233014108,3.138442873301149,3.3838046848204173,2.9541511967222487,3.261262639446836,3.608577501443373,3.242888590929788,3.312926545939661
1342,3.594043452112038,4.62702447632695,3.4418241398015508,2.8044460594587153,3.398264468857448,4.702684306094849,3.3580492201774,,4.645062495646829,3.7293661803425087,4.551492134605633
1343,3.5035352094356185,3.0831666254706076,,,3.4667682410037997,3.5059007985178607,,3.5237147055363596,3.1298585801607532,3.5142581814999816,3.3577266952854155
1344,3.8177764165858337,3.239745727354115,3.751257777608743,3.1462193348807634,3.616467649343884,3.4828439116125907,3.467982101104204,,3.7906889676604534,3.468093896202679,3.5402042109845766
1345,3.183372558375132,2.6699961293057446,3.137658903683908,3.5638148656787005,2.8374184836128546,3.1499622959003184,3.1656350387519274,,3.21870703192423,3.653252707732899,2.937112692273536
1346,3.624744824292702,3.0795445625727442,,3.09295515990719,3.6982776316336916,3.2608331562005883,2.7285934644276995,3.358008773241379,3.3507633950812044,3.282482641473877,3.4992934856661275
1347,3.161708435235749,3.624087471480778,3.5110528745321274,3.60053117391148,3.721905732913402,3.083244385200906,3.261805909697457,3.026926100129264,3.9071760770331583,3.4897498224262127,3.103432811040957
1348,4.659236648980774,4.631030989393671,3.143005767002703,3.16348762649607,4.4405402892559565,3.2985459665433243,2.772135345435492,3.720092598109003,3.183452887599279,4.203054758083896,4.365739263023317
1349,6.294815107700323,6.326416532916261,6.370796982923407,6.357774508503789,6.346789334959443,6.372061499518626,6.369304691625424,5.758659781950046,6.294046233600686,3.797478080161504,6.3620342053636785
1350,2.957691220017788,3.3403366990332652,2.89141212230121,2.868761843803585,2.878991664548398,2.8499476860198523,2.976605105230673,,2.9688430845314344,3.1744547104101914,2.9049573419994865
1351,3.4135483557279183,2.583573793425946,2.677605737071945,3.2890940771897266,2.8614039287054616,3.3381062575828166,3.3514628559083386,,3.2346671627002683,2.8034378527460566,3.0955650866401445
1352,2.7953036043323145,3.0833428915918644,2.7885933554889917,3.0096866228908823,2.932872955241029,2.9248609240624517,3.1122478034927465,,3.0741384704311425,3.0403313639296017,3.0586787609155945
1353,2.5709508643575907,3.6360605613447388,3.405498049355493,3.7919175369803426,2.8195337134708387,3.303536863502303,3.1313149771177917,3.9065171484540877,2.71994665138171,4.487229748507124,3.901991333578765
1354,2.757302436470933,,2.918748544516631,3.1927734435579396,2.6693743624386412,3.1131509791095744,3.26969781499707,,3.334784570961564,3.2017222490637796,2.868601963803747
1355,3.6100671636279533,3.4988169615438083,3.554544646071001,3.0905087920230048,3.2632919233988025,3.422735406870022,3.5346462495812316,4.143423772128017,3.5915441488049082,3.5398796350234063,3.4851018087120833
1356,3.171077278396984,3.104208264854677,3.0467683925387328,3.386489343550914,3.0211915629966306,3.3534419703106435,3.367941278677609,3.3123757296974827,3.5367124402078334,2.9588657916035705,2.6796849364184414
1357,3.62413833001573,3.2867347963321163,3.124702237241217,3.0268669873273564,3.381553696642224,3.503562079549534,3.3583122163644985,3.10462712064665,3.023346876445733,3.6563623985620617,2.983193398548345
1358,3.53643225257995,3.6616652714907727,3.495832436549474,3.2093005242459203,3.544146178255571,3.4391502175666124,3.9059422560228625,,,3.563209176903768,3.405970122445289
1359,3.0020814626200143,3.5939208768459103,2.861505581267446,3.017816251766523,3.1312782132034744,2.9985405924845794,3.0327167123067404,,2.998738389117952,,2.9129544874518016
1360,3.1412425632977925,,3.4787487075750345,3.277987585311187,,2.7080701500900224,3.3908015492259787,,3.117199075710083,3.359763954478064,3.6810674970347876
1361,3.2421001484304903,3.4676328077989993,4.280948921500307,4.357761993487652,4.345895913156948,4.317034187773823,4.419485334789934,3.9138475921522935,4.0265554273378115,4.369369091779458,4.229364170718318
1362,2.7922433192133265,3.1723461035204132,2.938805463175828,3.09199754546999,3.0837236116062643,3.1722673559601473,3.230622647085573,3.017384039573436,3.2948671146540427,3.333932523092832,3.0776073021028876
1363,4.267327129792093,,3.477979225265791,3.2052366763650175,3.3553443361748903,3.30756785957248,3.3455785130198765,,,3.3609063718315166,2.9592842568182545
1364,3.104369057150285,2.749177919566212,3.520211035082014,3.3158614332771084,3.3009257528319362,3.2838771842699637,3.0946709919093682,,3.49194661960134,3.5792195884734723,3.7302327143668683
1365,3.9036775848191345,3.096602463827853,3.6040799994314248,3.696236683314505,3.6538132571002646,3.801497938046237,2.9078318366955584,2.840733932772798,3.543179449580943,2.8665800257682754,3.417855365801897
1366,4.055082357920097,4.080827944665484,4.003536263157071,3.682514980095265,3.887672239201141,3.9904097642817304,3.9933695166499126,3.4878592389817857,3.698753155632188,4.0440676060896195,3.899018636177463
1367,3.3322389632353224,4.285535882950279,2.9759653795366345,3.503421522756647,3.0755813564857117,3.9609654740190483,3.3381612915250267,3.2787113622980435,3.2770641859425726,3.404515528433239,3.250919406764852
1368,3.9092454642218164,3.899968198181066,4.09115846421071,3.9699407319813536,3.897491523938252,3.8457607586187894,3.882738325934027,3.524614127782746,3.4790123713939862,4.078127986001343,3.975473388955095
1369,2.9337465921957357,3.330197556678241,3.2790661676117314,3.082002164976257,3.2012496278467397,3.129084183968793,3.2120789164092853,,2.95443705226328,,3.3870317617357735
1370,3.4554251967247183,3.2641884978192,3.360171933892711,2.9971064458115078,3.225190186662666,3.341181411982479,2.7316818550860993,3.419606313424264,2.982511823273865,3.5544487308392347,3.3197932204735574
1371,4.264997025947221,3.2950508374653587,2.9707205981341707,3.1937454225447732,3.0366949187554853,3.155696050674185,3.5949452790730723,3.4971756005078833,3.4001929959066413,3.217989771500734,3.082661562159193
1372,4.839312502789888,3.1388954280687744,4.850562926279693,4.909765665325615,4.8975682898989135,3.4135250418371026,2.9983560030835132,,3.2368750286920873,3.0836596693997698,4.907432213615199
1373,3.146353916540651,2.8714951210266886,3.3638803110122684,,2.79491691930181,,4.996472120587627,,2.8489625294028347,3.6059795433247013,3.451451672173111
1374,3.159834363837904,,2.9229221095089124,4.026494498494358,2.8834257151383174,3.3298070318316824,3.9883085230160047,,,3.197290769128139,
1375,2.9719272077279006,2.9844651772143527,2.832760273390239,3.393316417224863,3.6201515168632317,3.1445397175360474,3.089907485777064,2.941991455725948,3.2758455318479047,3.2415971021501377,3.1813178527931574
1376,3.936966203337575,3.8263821353519836,3.4573889146813754,3.5275231001646485,3.7157259936719145,3.630436066987835,3.857906846251525,2.9649471807700296,3.6462772795134133,3.5954146104338243,3.750400427889559
1377,3.375524479218343,3.1060228564187304,3.2340477623696104,3.1407602372255945,2.9800990230679676,,2.975126561461554,3.4157621031635093,3.373857995049158,3.2600751548154023,3.0806552871528323
1378,2.5386393771094133,,2.8691907955890295,2.7943446568839025,2.5810224826077017,3.079909107718059,3.249196256275778,3.377578928911179,2.9607261379057883,3.124451463581145,2.9435447083698003
1379,2.6637992489028264,3.963347775284192,3.3563578979050104,,3.464218649680622,,3.40424284778806,,2.89513733350904,4.936600201256297,3.6434099673242124
1380,3.875030086688204,,3.987525171995525,3.6265686312950978,3.8890098606278167,4.0075419582734675,3.457579532551793,3.2122730594219076,3.977892044675695,3.9760250304526155,3.9388184954221837
1381,2.8074232978333313,3.1870405779641326,3.034663539643083,2.8140941762321385,2.9336489647896054,3.0676281357468165,2.9891580443390113,,2.942423783797578,3.120477297340366,3.0978718837438786
1382,4.3919048349892975,4.354710619124949,4.424751891034853,4.260354275816898,4.208653265386701,4.259185401027553,4.2770137102450345,4.804495642540523,4.208935492236008,4.358545586876941,4.27930086021311
1383,2.821396962417021,3.1015561545818624,2.663506556020117,3.0379151921595797,3.141711799158373,2.6730937077930106,3.245036358676309,,3.221801637312613,3.2796575589719943,3.200901230953484
1384,2.6791535515605736,2.663414078354553,3.032650425863007,2.873182520289528,2.9168623528970814,2.9773998180660315,3.131890367920155,,2.890581678333388,2.619592178244425,2.991162949075396
1385,2.715905765820765,2.9019973554757086,,2.8731788225125516,2.7429350730931605,2.910791462663016,2.8734957858946353,,3.067054139952099,,2.9273467007360616
1386,3.5042725545946767,2.856820251191551,2.8643839154304818,3.614477125321612,3.262808291558314,3.209301797939484,3.235840836253347,3.4718009020872884,4.63654196747831,3.9055428893542388,2.6786409493612284
1387,3.642179391148095,3.496095330405673,3.606462432096946,3.7345337425496203,3.5296893953355517,3.5001249816094684,3.2909691691470275,2.863105771393301,3.3799409328686685,3.3172188517718286,3.4719396593618073
1388,3.1689695842419097,3.059007675646428,2.705610375494811,,2.907006615543897,2.8566274002225187,3.057257950800381,,3.1989948712126264,2.868412701400438,2.643663744989466
1389,4.612134152353167,4.618633624779219,4.620203242592145,3.070029093000899,3.600268652446977,4.699795696946703,4.6891330044782435,4.280029334180741,3.906678250764217,4.709425448657983,4.600438505872548
1390,3.1848561571084066,3.2835680062301984,3.058831605566688,3.2138338843921064,3.455170837078138,3.0402261499602723,3.533386690718401,3.3346230603451814,3.138863387325196,3.1408253804752757,3.1926828832060687
1391,3.383949963254743,3.3563138556350682,3.2127610474852437,3.101957653797908,2.8814846419719555,3.0991349833105724,3.293624232847311,3.369784659814547,2.8484730507872587,3.2479677010915857,2.7723719791978367
1392,2.806118565536209,3.209607542681202,2.9945346720985406,2.8003548504802973,2.9724555546090934,2.943142370208299,2.873048765716867,,,2.7517135269360904,2.7826022838754185
1393,3.1724390197916117,3.1623828506445557,3.034669071708909,,,,2.57486332605395,,2.9828620416359906,3.196317263186621,3.6392477646237444
1394,2.9502205133853936,3.6520168743130235,3.0298321352412696,3.713645720929105,3.0910334968644215,,3.271390457481675,3.617465614069933,3.114465610100867,3.0655904227908715,2.9776572807470183
1395,2.6561080326339335,2.9953241784877074,2.426130224160723,2.8223583327238537,2.9438344163579893,2.7417745785307366,2.6871514358095774,,2.885871229553307,2.7236817868407357,2.7837485803251116
1396,3.5801764426891447,3.0047380364221628,3.63190423213959,3.3301227646721596,3.5031260499213817,3.2157848415138806,3.3235384081211117,3.188898324227069,3.0541650614687,3.4818018233335897,3.109942385513592
1397,5.350841789236147,5.371779104853358,5.405545747005723,3.3267098581904357,5.366387851694558,5.413700163480355,5.410905088463919,4.639951249747327,5.331453614866387,5.440683852667611,5.356457933352584
1398,3.5816075124066087,3.0703133762019887,3.393935278797635,3.7305729284962954,3.7301710640684083,3.8648211361820697,3.579587994339722,2.892404811337611,3.5221536566885083,3.7666512534273124,3.79886903154258
1399,,3.441511035919801,3.117898150738573,5.401613159031026,3.291470389796088,,3.4122113355595913,,3.248102941760664,2.878548842744062,3.241345437510026
1400,2.848606033619029,3.443109442312258,2.8970931973164813,2.999208768155538,2.946979503464888,3.1647820357497984,3.3589927691153108,,3.2356058682150177,3.2872682790025674,3.1032266295589537
1401,3.4391807530089338,3.190442505155041,3.1241476138317354,2.7269281320406575,3.3474115829892788,,3.295351685192024,2.9554281549014165,3.4656050095493978,3.6991674639752095,3.262162908686168
1402,2.9134540570608745,3.75094704470043,3.2252563893297035,3.416722746336255,3.4956987214695063,3.865803513167699,3.463652039615651,2.6453364398362753,3.078892164659489,3.00903259385159,3.4954632714785054
1403,3.7288753949332314,3.663011253182817,3.656667335630781,3.545811219767365,3.4521169728348062,3.263747751287914,2.899469708297151,3.6570534948049676,3.8491572082421355,3.4971171956547407,3.5403823773047747
1404,2.9532315758115506,3.491245534109859,3.076515963009303,,2.7900917473957443,3.6123438181566905,,,2.790058646558404,,2.7204264797496576
1405,3.0827358123895237,3.1129587017622753,3.0444028999921087,2.704996886689768,2.981929836668892,3.095454919873848,2.84640613048483,,3.218192135087092,3.1873008117979023,3.404558157468127
1406,3.116408206923531,3.04600977021349,2.970492445477769,2.9355125197547975,3.0807345649803164,2.9967188168282113,2.9788690700704246,3.0337323099840665,3.0639052147499712,3.400391115486478,3.172651831641458
1407,2.850044574176631,3.235221131296348,2.9394287547340587,2.937096917950948,2.8522789430670747,3.4854477675650943,3.043789681273022,2.7151968447322212,2.7454274913114873,3.3294884806042924,3.332496966247661
1408,4.3272071679993305,3.498858607909127,4.3275190208612,4.327810887961234,4.369251816078464,4.303502304879061,4.381921442898035,3.906332160840774,4.228309520125661,4.3852125452745945,4.3381203244320865
1409,4.09301791174775,2.843352833441164,,,4.10703295905971,3.4138814949585354,3.9870098421133844,3.268193800984012,4.165825496950745,4.253616407897704,4.132284505021241
1410,3.3572478276814635,3.6115352070543953,3.402190275210941,3.516434338727974,3.3705790552195127,3.671675605451777,3.542472471190386,,3.1051700206810775,3.465464880464258,3.564044642310696
1411,2.9922426272943095,3.456422412549304,3.4041491007384623,3.1819750523744044,3.0411150398965625,3.5505109766026735,3.5425811129167206,3.017275698994174,,3.130753602672812,3.46007565352286
1412,3.970644143429884,3.079467347626681,3.2154709163503625,4.15332449784719,3.5511603571602053,3.4752697741024154,3.4719313010309385,,3.393666108211038,4.265142767232518,3.2174544534677536
1413,3.349755468881908,3.8616045075333716,3.972783219024122,4.225528249327934,2.662383104623042,3.302121149013102,3.50856590802983,,3.387829787214412,3.701402922383748,3.2048441933980767
1414,3.1562934235743527,3.7480787754815292,3.879178143999343,3.287318115732291,3.4355805502745884,3.6495063471811946,3.4879832915147873,,2.8975702247372075,2.8075986046442893,3.87559826030521
1415,3.8894786644390535,4.048518757518639,3.8711449782323806,4.066736479038766,4.013358098259628,4.266255059306632,3.053942380737154,,2.342460941916081,3.955543508238803,4.129810190823072
1416,2.5086818427475577,3.1899679413633715,3.5237228621145946,3.6355675125851263,3.1891825011037933,3.2252963690402168,4.272181525361108,,3.1666418566929977,3.5010393219316818,3.1319406123262503
1417,2.999463324505187,2.7286719458974247,2.8111667457422382,3.261472412873766,3.02434347538042,3.118773852282001,3.0934666156928836,3.394828919783415,2.679094335535724,3.354221066350347,3.036489127588897
1418,2.8664420949904277,3.1904345118161634,2.5377375704014917,2.4878459476410315,2.826680808640749,3.1397622586089757,2.9635490167624856,,,,3.318487223435917
1419,3.5360230153131775,3.595274628792377,3.5286316655985606,3.6276084302566503,3.6226852366668774,3.6533566816634138,3.563579568800067,2.952468596982141,3.1235618152685007,3.3335866801610914,3.5487462568778363
1420,2.592174737016995,4.110715009471924,3.6389752131609976,3.2520548278253516,3.5558131517856033,4.168328733806717,3.1806910149575356,4.047823852536721,3.073900137784348,3.6755399821491213,3.747389208899465
1421,3.0886384774937254,2.89285155369575,2.9892329922542293,3.777839466435101,2.8150042350744737,3.295211400377958,3.0222963717418474,3.134030771902618,,3.4791619566641447,3.032133914782115
1422,3.082165440825313,2.8844116505671002,3.653252707732899,3.5062251890436746,3.167296553815635,3.4419021222883535,3.4887862380173207,3.4637301444775153,2.9353130679215163,2.7936019322284107,3.656210146806451
1423,3.5038053680200334,3.338899628534864,2.8870477406896033,3.262412978440815,3.1865330599946966,2.8889462792182843,3.3253672812546,,3.533007173020131,3.3822847488591736,3.291174085180336
1424,2.9542565041184643,3.840488439508914,3.2302738892757685,3.537998165754592,3.2357428138793747,3.182211147649622,3.394274963635327,2.881177940391892,,3.5521370402641836,3.277291262677604
1425,3.4803366768584647,3.288703842322141,3.185299475873817,3.021469305551083,3.4008709161723436,2.683809556577645,3.390377309913727,3.020711535532454,3.0263383196768587,3.5848674267398297,3.438915284436776
1426,2.963424677190944,2.9709546561240043,2.573970223655246,2.9153240692014104,3.083692418129971,,3.1337416464032333,,3.1250254832405884,3.1337903940442122,2.89869462185842
1427,3.328271784513975,2.97388727967228,2.546623312694441,4.973856167485656,4.950317495413081,5.028189043133564,5.037143577673509,4.866403410800743,3.3584424774431305,3.1470342248124843,3.7526989204556225
1428,3.068799997296382,3.6579139849078586,3.845689653197977,3.290945322788088,3.412515747228062,3.0905161533447347,3.5161384182854483,,3.127437289843787,3.025406369380665,3.221951634172376
1429,4.178148692358119,3.4912760866495582,4.910544232629263,3.202717897085504,3.7710510927731287,3.1462917784613103,3.2618876596874005,,4.288258540818522,3.0643755539260567,3.186630566442746
1430,3.4340401753745433,3.3026046130397995,3.888777189519494,3.911735404405413,3.890777761422843,3.9886795123731553,4.023508404334041,3.776792188550883,3.8447340270500017,4.161632782128345,4.012224000598283
1431,3.5847925071331503,3.514409020074886,3.541029880079404,3.474417522687323,3.4068090385919625,3.415124665151421,3.2732031752656874,2.8549753929199886,3.3441138182290455,3.497173339962295,3.307874527714149
1432,2.952312743021291,2.817178468988048,2.9665283602222727,2.9864643368890755,2.7732979468660117,3.1978683991266195,4.300552833520783,3.1451232983878756,3.504576268793187,3.3205705798938725,3.261945232487508
1433,4.602334394493607,4.61146514806725,4.398162017303598,4.636822905533838,4.628406321517753,4.6711049168224665,4.702582237590476,4.3051443605179625,4.59957119235136,4.710430970910931,4.617114023693632
1434,3.5112798349191277,3.509722858371759,3.4876237537575694,3.0372979507175244,3.5346672550545977,3.521829277641296,3.3767654571810986,3.4268845991377193,2.9828339265547243,3.9906844345016035,2.970197438336106
1435,2.6378876534482663,2.47146809126268,2.7214927823555737,2.8830927478474813,2.81174152695398,3.019830295492205,3.226646430165293,,,,2.9743290832816403
1436,3.072982399121874,3.5944566671683313,3.0354887238179105,3.3369073670769125,3.1623672875969513,3.741498644085766,3.5451267419774797,3.332792133014814,3.666559839573549,3.7021507786919883,2.9869480318380224
1437,3.195683184892459,3.3245945513671105,,2.9404220113820947,3.532427519519621,4.429868315860746,,3.2189904281552146,3.0597819280940213,3.0447088381074385,3.262065081137167
1438,2.959535118023564,2.9077472473741603,3.092161930865694,3.201915186911521,2.990720207786037,3.106557105972416,3.7142549034386327,3.0960805631357453,3.164204164378077,2.813675459796459,2.9606793187438996
1439,3.357271441400524,3.2339307789215743,3.251634329895791,3.375266145539745,3.1999938499364258,3.224055621761959,3.1894030088368703,,2.956325691204603,3.1070571522460315,2.8293813965241603
1440,6.14219010170324,6.138039148746611,6.2100732099348175,6.198103576549396,6.156371429532193,6.2083817740293075,6.213718309817569,5.5486524129806405,6.1303033220241945,6.221611597292913,6.193113386542962
1441,3.6569942654762055,3.6536482436276367,,3.681866900898001,3.8487080823301847,3.7210885005174315,3.8178289315659546,,3.611172085679899,3.6507052702946288,3.740292136681924
1442,2.9406976542598615,3.047741903015423,3.25993849546577,3.111450808477658,3.1383839304199004,3.120491710385214,3.34773587379552,,3.0116797082879256,3.3852734638313002,3.2099060503905497
1443,2.7117410764429946,3.5349451906612934,3.2626893449085674,3.5209997257434997,2.8184212772952417,3.4983291390150755,3.1373115615281777,3.2818088736998403,3.183075092703317,3.359451261465014,2.544865302906164
1444,3.715375662239662,4.008502739699012,3.7198131788145323,3.207557079476107,3.1424207021347845,,,,3.2503173722983485,3.230782480748127,3.2430558469345687
1445,3.0504556270808805,3.7038888728137995,3.520234178897889,3.4930486977711293,3.182052138780929,2.7438863798968183,2.9056767714133365,3.1929559937371175,3.054392319245804,3.1009694037047284,3.57441359063397
1446,3.381966854575502,3.2249677799237872,2.768971723569925,3.403310186713367,3.288633398878711,,3.686451315185387,,3.509354533654372,3.9138220053300166,3.317705738529485
1447,2.8087893058248357,2.9073390095827945,2.910434262644086,3.556994342179338,3.441126709133501,3.4848867332158746,3.3642914809737285,3.011190924676997,2.799437088908899,3.258143672631719,3.1340988083629022
1448,3.560844957710319,3.199985819845487,3.253713338297584,3.427226391719797,3.463100430068782,3.5157032755227995,3.488062786270607,2.8580480535878108,3.159948120105058,3.349112828003848,3.2577696619834087
1449,3.2841393525602847,3.343198592861801,3.406539887885665,3.418604279632128,3.209907075473105,2.9759770405515624,3.3064565410077944,4.163384195368559,3.822888840255073,3.023280103783145,3.400207517578469
1450,2.41409327294721,3.5634584920836057,,3.3333439419401145,2.7199048149656506,3.5999148205216427,3.1583901994122106,,,3.430721490968408,3.357480881031771
1451,2.6427438936448455,2.546048672148538,2.6476321069052053,2.8080021822411365,2.7373913838733284,2.820514805599103,2.744112405419954,,2.8825974892690898,2.643518290023677,2.610231969871713
1452,4.18472392476532,4.1825717852224695,4.266917518638712,4.266664139483848,4.293874030375807,4.305816057321483,3.65661893441321,3.777870057657945,4.167073549587793,4.295250497719083,4.219132708540289
1453,3.204196129944011,3.2337894845987223,3.232347276469012,3.269017228013484,3.2938905499272617,3.210569286823059,3.200228974215613,2.909303212367596,3.0340592829429376,3.4233417976516383,3.285638906584406
1454,3.534643038892646,3.4822178553418777,3.472208109042018,3.4556898933040703,3.4732454249153646,3.164282319713561,3.0653795476245524,,3.4679237689005387,3.1432403714804487,3.204494502609859
1455,3.598066309155973,2.7847306266330665,,3.3352658766544967,3.6726783781364025,2.7651979094655297,2.686920749568096,3.1256759894540225,3.262729778936299,3.1722628095179766,3.179839063814155
1456,3.396093077279061,3.396842026954074,3.4372563758899997,3.242879650518272,3.143350077562072,3.6458536870063485,4.383959321209471,3.2105840621670096,3.132646667359963,3.34636351962957,3.253146565740408
1457,2.9048772423078484,3.8754055670557976,3.9679995960430956,3.8391699432980726,3.4027803591941344,3.530810804585179,3.795358763380054,,3.259480343306282,3.922719615171023,3.876595527695051
1458,3.0478669753622905,2.8060884830504746,3.167306929199885,3.2830994778549845,3.2872217188780595,3.3587995053639808,3.0975330113050474,2.9800952810244743,3.0834915624608814,3.319387329667827,3.128990898807779
1459,3.66633347032094,3.3485056282410324,3.8501331415945184,3.7961615613226014,3.7268196715966653,3.692880614291908,3.721208397916026,3.345820937797681,3.6555640649421215,3.966992912924037,3.069621999348761
1460,3.4739436361518257,3.251318808778597,3.4576212116309732,3.7222289931488968,3.5148845590047246,3.317130494904098,3.4993077278829916,3.0406393074692906,3.3869735308814777,3.5518660116837575,3.607884341541595
1461,3.763009927033141,2.8518471193050994,3.164814473415382,,3.096687157033568,3.752205301312898,3.3987021741051864,,3.4585524308390596,3.4414081088616344,3.6117675521200847
1462,2.7056438547273367,2.769295442344243,2.88804868725509,3.3188228824490884,2.901973295116271,3.385920260057187,3.353128487527716,3.163952833635044,2.750854120927171,2.7387494131358054,3.731299561835031
1463,3.3793905190126923,3.335057680301819,2.743758872418998,3.137872023423477,3.267671686331832,2.7675259282087037,3.073243711430212,2.8218572001267486,3.115821594110408,2.7672212677588788,3.374750542382531
1464,4.7351146717879375,3.33907731893399,2.5187610871115265,3.535800290534597,4.797165400351025,3.5129713121421533,3.255838287928328,,3.2442282030699765,4.850815414271489,4.834106117503369
1465,3.3552730159190483,4.736125928477474,3.7800229110814967,3.587106011235892,3.660372560292741,4.855934124002314,4.90266520715938,,4.7911783597983435,3.5698116662050565,3.622365847983324
1466,3.536972480446568,,3.6360862669580554,3.3402462230348933,3.3193513405334767,3.6315951491051064,3.1653489913349815,,3.5000799930520707,4.66037286466179,3.1968270835164616
1467,2.7183215360436597,4.027212032427167,3.8735519696542045,3.5321631255482373,3.2866282775112325,3.2082004278253957,3.358206287768296,,3.7193567132576897,3.669921905073648,3.883114393528548
1468,3.6566322573737007,3.7554105203919605,3.786748602430819,3.6850456285840605,3.649512396536507,3.6801000914569864,3.7501140103210417,,3.7706457112291725,3.9381312577318313,3.9943073575033257
1469,3.3560263823216174,3.185709734304326,3.4446793312261414,2.906054048927819,3.4166284723474387,3.4053779789380507,3.3993094728074644,2.8418241595918743,3.598297451157942,3.3293207152131976,3.120092373774947
1470,4.304906443701772,4.327404416315348,4.312246708319025,4.304185489217047,4.33386269097814,4.308965514812019,4.410701488842317,3.4026194007359143,4.288205591124548,3.7332198500117943,4.327604979711091
1471,4.220219932952672,4.186692334385855,4.25767234148037,4.106537931151403,4.1394135520038855,4.023446803675878,4.175686235021764,3.17145825508518,4.006444724923323,4.16823320270456,4.1307987762638385
1472,3.080165819586651,3.682288496510239,3.0894518719124084,2.762198975350339,,2.396560142397199,2.996043677932627,,3.20728198574609,2.910472620235136,3.03890262699909
1473,3.0353714890792047,3.2056056884271142,,,3.1218531852795475,3.0274978045608245,3.698815249059155,,3.1054564224761227,3.2103667033313688,3.0511982370166697
1474,4.58427748810935,4.41639366311831,4.606777743240693,3.637518676880651,4.581847065757826,4.0219478063001475,4.664135342277425,4.235055446802365,4.602038011575224,3.288429690055796,3.1602831800957447
1475,2.6325686637947476,3.3904279491296925,2.46175825212374,3.0520049037139017,,3.354798520396006,3.342080796317145,3.088139678015706,2.6351869635344904,3.227129818159404,2.4253764048133792
1476,3.0078029890025664,3.1626161028832454,2.9966856673479727,2.88171015341822,3.1117531676463424,3.1702124614417904,2.9662231778177848,,3.2053964174919383,3.1319267972197786,2.948623187790961
1477,3.4224631452789667,3.233464343294101,2.9058298474073667,2.8671743290961733,3.104332633018855,2.7086959762871903,3.2942379427345467,,2.9067558857939835,3.155141361348363,3.1017885464118913
1478,3.4594142900301335,3.486638081477994,3.2552737545476615,3.420512434006353,3.409534357873196,3.4258836963440213,3.2867561806451002,2.873969360514927,3.0503294529639886,3.296218455841612,3.543147796741413
1479,3.1764654655117193,,3.2588356313356788,4.660399896332066,2.83686473359527,3.1721354753984436,2.790541131067187,3.213990566410851,3.383885532658628,2.428522134027598,
1480,3.235397103749016,2.877621084948431,,3.235592217690183,,2.9952235724725558,,3.0815270705215054,,3.3910451986961663,3.1997178782090576
1481,3.198627570202388,2.8587912211035214,2.688371968901935,2.7313912992850393,2.503142619454881,2.79102771101662,2.7525759013216664,,2.6806172425920534,2.7969330770482874,2.7286212477178884
1482,5.27247473196188,5.286486946981538,5.3319548132960035,5.330174682960511,5.296942707803,5.344035584381297,5.353356374673849,4.598225642892011,5.264046613347359,5.355027157853057,5.316104762455549
1483,3.3226829747506406,3.653710392525382,3.5761416202017657,3.558974145639231,2.772453724923865,2.851557021021172,3.7398759652796816,,2.931655822350846,3.6360574133353767,3.730074718952155
1484,3.28226245735571,3.361005743714357,2.539310697202023,3.3988349226090655,3.2018914755778245,3.2692093312904915,3.2744102203100582,3.0771573324985386,2.939788195512627,3.224522999023956,2.847384101087972
1485,3.244048941382371,2.5642846873306584,3.4655305778030137,3.3225928843069648,3.4352951482027807,4.690795092877037,3.0626033986028833,3.114231986562099,3.447921794430757,3.526105327867827,3.262498595550522
1486,2.801679108970852,3.2522782584324226,3.07040127092855,2.9021810268255286,2.894739159524026,3.4190393996248067,3.266497292807413,,3.1444526404869104,3.4446028607517634,3.120278147059928
1487,3.313299066155427,3.5908553316519716,3.6177934791783226,3.2212163544226056,2.9797465619057566,3.4117490413801885,3.259835864987188,,2.9927183152806593,3.1623811927466794,3.3298393521465672
1488,2.7979563554325266,3.357460579465383,,2.8875283912838654,3.4757800713047375,3.470411216075171,3.0397398283760544,,,3.3136257975474646,3.4568385635794807
1489,,2.8465046615453002,2.7489710028734464,2.6773644708807507,2.51023427355685,2.846148292807213,2.637657636527057,,2.8426185765801737,2.6434465818117774,2.732171836513425
1490,2.842650799520803,2.73835917105056,2.633885266025458,2.7247316832375272,3.225823932598865,2.6777950644160002,2.9447814125133633,,3.0330200033334584,3.055833741384435,3.0495158275355636
1491,3.4237875082392115,3.3689512717028762,3.4770263137275492,3.4025886179928158,3.5010822901283096,3.7954243953691735,3.6188465037266995,3.510733767538729,3.6401713671134517,3.4595197510890445,3.2718361303488552
1492,2.9068003804834466,3.145672242042525,2.928708386051035,3.2479450531648717,3.343714716684055,3.1638302444457445,3.2145517646791446,2.9995523224072973,3.1992574517081622,2.8675245461151557,2.836130487009711
1493,3.0503389428539833,3.7608974315149113,3.097742057317578,2.7598560654892768,3.3261442918840896,3.3434648340735267,3.730156213364548,,2.825987276070332,2.7347466485528584,3.6355704343980166
1494,3.6873867569363123,3.4288237477099983,3.0852940021540993,,3.667447490667709,3.785454739621441,,,3.164021115351197,4.316084972143914,
1495,3.98624720317887,4.18335526231083,4.246801519877632,4.1474855876194425,4.285287032781817,4.289941501618239,3.1038004788976066,3.775637524359519,4.0691641405612256,4.318804189391242,4.022991760277319
1496,2.8113723997721416,,,3.104445530869651,3.1663786568941195,3.092911771658129,3.1081534919956475,,3.1901939153739813,2.844505658928052,2.932806448047162
1497,3.6764802004010813,3.8820673943491433,3.3907259251402047,,3.423684463083083,,4.328228222192549,3.298028771794086,3.491977191041642,3.523495821547038,4.204933288514439
1498,4.321692873295148,4.37991877203009,4.3494898855643624,4.312879724333397,4.348235408974626,4.391817465299532,4.414680376954723,3.4388854231193386,4.3311503518894945,4.489992587643089,4.3621546729127445
1499,3.0796320586127286,3.8795923449573317,3.1187007820505137,3.306109143132316,3.3408177408247925,2.957884561697037,3.372184264658009,,3.1912677932154376,3.3154889787476223,3.4159946942689468
1500,3.2803099889950933,3.1905623594496055,3.1135866307021187,3.22434940066799,3.4145257304159573,,3.072829411222542,3.5028913215718003,4.10733974881547,3.3446477377892503,4.171693994530866
1501,3.158017486806703,3.1243504253801144,3.448446740965679,3.5364184454107583,3.5873959943703255,,3.284949992393357,3.235406116363273,,3.1442615825988964,3.383635680308099
1502,3.3733666370539472,2.6139156157684633,,2.992390968978426,3.2628354569935785,2.566879769071594,3.2363059753127064,3.0649667537506593,2.8612421986605625,3.1433815329548858,3.2273807736444904
1503,3.841770246908998,3.7415986439586,3.320919765320106,3.408049739249262,4.176005675464776,3.0139525191522547,3.406905688795485,4.056435926663198,3.500075426230228,3.6607154816680407,3.399610778944212
1504,3.3237110908945486,2.6072796471152966,3.2387408192945846,4.876570107092459,3.3309438399428255,3.338912411812535,4.2465714746894925,2.8463242923001055,3.3174215194601775,3.557573739108834,3.5239794100203903
1505,2.89833882083672,2.9425404231190377,3.18717168314987,2.8527798658366263,,,3.111315584855626,,2.9939387168527145,3.009121102678953,2.6663811272262783
1506,3.54913349602666,3.4191875361229207,3.1830969132539484,3.3126531255681626,3.3697056457701247,3.467525397868764,3.4841721931506484,3.4075752422804717,3.0574731843867275,3.5432455554236473,3.1872947947930332
1507,4.789584533518655,4.797436825592981,3.3316309292653203,4.192991317760941,,3.236922878469383,4.938879975037908,4.74236884439339,4.856666776473234,4.867265300328674,4.829474043734556
1508,2.9010403764688406,3.25242274237971,2.7540788959999754,,3.1713935947936625,,3.33574423818739,3.4186852997448933,3.416845193970583,2.8678751056061906,2.7719895553617757
1509,3.249064988916392,3.17339633366132,2.886358199861033,3.194393241648112,3.194199975288221,3.4192615452305133,3.4629436112634937,3.0735692813221362,3.2453850747790476,3.2190601354206296,3.105224367441206
1510,3.3033947811457143,3.036175007310973,3.635529463870184,3.40892489662506,3.3158250541451335,,3.2498400587176106,3.428871300867342,3.4383258818486624,,3.1139715249288855
1511,3.361469951227808,3.2894024371615864,3.76608502727363,3.7623447706066786,3.7399574133459517,3.757009558213352,3.8827386244883213,2.8188869775440444,3.6580132081309102,3.6459807116653806,3.803541536955302
1512,4.548335840703511,2.935374022436706,3.3831037645728737,3.404216796333068,3.391845059947219,3.1033471796529013,3.1757425698524764,3.115914155182918,3.5088497244480763,3.1135729509423435,3.091599608389838
1513,2.840692536875233,3.228966367776915,3.0065291170006456,2.4419620602233936,2.2216412341808485,3.1513429339501946,3.39709352712721,3.0526695795838203,3.0935552136923308,3.2530877614925506,2.9902971203140436
1514,2.41409327294721,3.033615214201315,3.098004549693352,3.000246908243983,2.927400204649161,3.6474870840431035,3.2359089227859337,3.545106621396369,2.889261932769646,3.300704571691147,3.338100638574312
1515,2.654752376301654,3.333289754694523,3.1106852597764587,3.1632179223849333,3.0353904278236046,3.3740055150180925,2.7612879928053227,3.046007227290671,2.9310937037884623,2.8736330955463054,2.777982726524767
1516,3.2827765196732397,4.561978900328932,4.511437677691913,4.588321913441453,4.273210028055818,4.626313904984032,4.658169745701285,4.195963380618824,4.550477094055728,4.636263723823072,4.575324584222618
1517,3.5665980614738535,3.527976455709103,,,3.5564857931259075,3.895896666785344,3.5675328407882483,,3.3873583267028593,3.502656607269085,3.773237861743511
1518,3.2005922310019472,3.254393557991527,3.2254302712887464,3.0493311566716885,2.7261682320915432,2.675460860610127,3.005370975375451,,3.196144414344014,3.2134992964438926,2.82906080162546
1519,2.7006256208861723,3.417347439364914,3.3306934481612647,2.9466140342499667,3.387033975295162,3.377352649844068,3.188148292925812,2.7236047248558046,2.9967623960088,2.955967579642826,3.2624737070945047
1520,,3.0928004777297575,2.8368446046645044,,,3.2723958009892207,3.2048555485642254,3.0332706914905474,2.5960694993422155,3.1632552209899543,3.350733923239844
1521,5.9922314188608325,5.991798590001465,6.0497963274984885,6.003169942988656,6.000126024118256,6.062147318045275,6.052693727872669,5.382579117193885,5.983142997366779,6.048190370955396,6.022328189756386
1522,3.8418752559855616,3.8694192166484895,3.964275537506377,3.7401089974977717,3.952422062079379,3.990651636703668,3.8865605972176467,3.147336220323341,3.0710695166884285,3.591231794831972,3.970975724303468
1523,3.4177597859851527,3.0305667290367873,3.596018947583176,4.051211650031548,3.7231091122869926,3.5921187155282657,3.7434999063436027,3.7794611484677914,3.68810771789829,4.001892300282548,3.125510830847083
1524,2.6312709549490245,2.959401132205752,3.120358025370481,2.9938776404315806,2.8288339248693686,3.161805424676567,3.180515007852035,,2.885152313268291,2.992925210663116,3.0555278610172656
1525,2.691832049321114,3.4098264005055334,3.3496235081449863,2.955002719122316,3.102380250340301,3.4853799962420187,2.7248822658689646,,,3.3229321404518153,3.728004514205219
1526,2.5321161378274266,3.1981563583942174,2.7199521296586484,3.2696434144118784,,3.2514143672776443,3.1934026649791294,3.0323099827487505,2.60849163958308,2.9438950517231235,2.858364326894764
1527,3.735560080259761,3.061800388541897,4.346279523241648,3.271745438410393,3.3763768587998038,3.2004373063203704,3.3112540659923937,3.2175483659506328,3.2055833257970203,3.213502651272992,3.117743427918569
1528,3.9019841592988955,3.3119874273541776,3.2134296136978002,3.457795568597951,3.2884715253571772,3.5775847632384834,3.4725356422726854,,3.5776075003254975,3.967188284238082,3.4612351384483
1529,3.1223526461281668,2.82732644871857,3.364432914101677,3.3027861823052316,3.416969211833232,2.978969872953206,3.098862377588823,4.0264720390998985,3.4361530003169913,3.3966885274516514,3.3134022418966165
1530,3.282605781008621,3.111100823781257,3.114326718595885,3.128775854185738,3.096010028305669,3.272102273885859,3.2818772549981454,2.924177816102224,2.9828339265547243,3.335853869632609,2.8522932872398834
1531,,3.2139497072080347,3.3787619524815513,3.539656543912754,2.8195676566831938,3.204346358716063,3.5369183645252598,,,3.4270787395128677,3.5342568507340455
1532,2.6497345012748394,2.7178863626622483,2.7250340222385723,2.753580239428556,3.3157556094460525,3.2437410997146263,3.2283728558113705,3.042921266106873,3.2063592752385297,3.0856935963228636,2.914811409303409
1533,4.149234831958289,4.160869039864294,4.185208059821198,4.191311529043314,3.5958222086313554,4.23887702903127,4.009347943185661,3.7413369336678604,4.176260496361221,4.237805853139831,3.320057392996191
1534,2.6848105731842593,3.0919403105292034,2.607389085858322,,2.7706814178443295,,3.1337051712981365,,3.0753115247643588,2.796289527887555,2.801627159017632
1535,3.288760962356796,3.375294549342698,3.3998583941722766,3.464538339050346,4.171257736616749,3.1558757035687557,3.058420083862696,3.3345190171369388,3.0604261221148925,3.2742390907830545,3.198202948639853
1536,3.363877921658817,2.7983466604430203,2.283211852764066,3.4087707500716777,3.4325748755787977,3.3584654521788018,3.4450804719725423,2.9618029855855226,3.105253538995704,2.8685541490501283,3.153322765718924
1537,3.831420273781637,3.7461379067110374,3.5068003732702224,3.147413132434797,3.8740708593392617,3.7233495669205943,3.368971250593076,,3.7049739999814717,3.808358862196803,3.691085816594179
1538,3.5899714424375513,3.882860942590837,3.8690871323798626,3.662066807548436,3.641245002930283,2.8308722152026737,2.9152852509825133,,3.6784967457408784,3.803151008216245,3.7967545074521913
1539,3.523854505807672,3.3446886632168953,3.7241367829120393,3.580268029180186,3.541207412392792,3.5746300352195854,3.1254241252816626,4.540419128765084,3.482731033302648,3.778860603675403,3.6457605660158303
1540,3.2993924172210196,2.9888897195626245,,2.840306872166029,,3.2579189340147585,3.3405702211865855,,,3.489902763413137,2.846780294571094
1541,3.2337378148284577,3.533643948401269,3.1436231725936796,3.9440822964283946,3.1641616875278396,3.63219084300936,3.209435957864219,3.366008451354168,3.615220319582742,3.587421572216863,3.810928161976255
1542,2.7403260091056527,3.1627779341057214,2.8524708793611584,,3.232044115330768,3.1490313789514297,3.1088608323216014,,3.3095973886236476,4.735257440016646,
1543,3.6048053677029883,4.6425922656230885,4.666390293921942,4.707890366527934,3.613114094851957,4.720404415773871,3.278730113505198,,4.666224680870188,3.3035131699680305,4.719588766184952
1544,4.338655803405591,4.386666380083662,4.424268646622121,4.39970567407461,4.379701011469342,4.41421293934501,4.456317119778483,3.413294486061195,4.339036836921872,4.464686156318065,4.45550469764574
1545,3.212790757994441,3.600837392072598,3.614122795840568,3.8195850871017876,2.697375952944457,2.8759677779374084,3.302998877297407,,3.4202058394449235,3.72779299679479,3.4568835888122678
1546,3.243719286630885,3.240156373929484,3.3293795564248834,2.8128841702803684,3.2074212388933514,3.1121364290246,3.0530295338708844,,3.2714351469567533,2.9392642171268824,3.1933302024824575
1547,4.0797938329328,4.040299415343678,4.065643979906948,3.905577859306673,3.834333726583072,3.8915332203589488,3.9727202551791834,3.3656543948741606,3.860934158871227,4.006152971262489,3.9693630142455296
1548,2.8677196875981252,3.296278521149771,3.0043561462186923,3.3315262891672357,3.639250313207463,3.2891088644285276,3.7057061094515324,,3.6718635433012197,3.43277004267129,2.8738532156346333
1549,3.698927235380967,3.6792375462362483,,3.549420972379256,,3.53033064627519,3.0604460415228707,2.900688270051275,,2.9467630889181744,2.48340147409477
1550,3.3937717502221756,4.392614325914146,4.530819310430046,4.5725714189006235,3.1086602493254922,4.550988512271243,4.586857424510426,4.177892583015256,4.505840905258023,4.576285558744516,4.521791272711229
1551,3.2132899872107643,3.347699252074603,3.2541069735298063,3.272074236935752,2.9941870829071484,3.251724522900145,3.3170931437823468,3.0213096555066663,3.21094873083674,3.274156817820671,3.199944139938663
1552,3.142859935057148,3.176997649988499,3.076117521498621,,3.243895260610147,3.2494012785792346,3.04735011313165,,,2.658422461748501,2.931712830753556
1553,3.5375173487996463,3.1640368302876056,2.5418245383964977,3.308383895265335,3.549420388992027,3.3179816644921862,3.3286995763021037,2.931747355928881,3.1789275217114854,3.154355419234354,3.5161707985018666
1554,5.18164726587963,5.194149657658689,5.2362445912911495,5.212489826697197,5.195025746069099,5.254976955117202,5.231956023120855,4.497378198184169,5.151684176126662,5.254474055796232,5.220253753205619
1555,3.236976004160499,3.009827132962398,,3.2034505620983578,3.149223096334671,3.3582529188959915,2.93296270658263,3.086676267546916,,3.3146494488242904,3.2751857644704256
1556,3.36511603824897,3.332807104716295,2.887164328179174,3.2722623333854077,3.1563951777485673,3.1741663076860993,3.2946198969237055,,3.2218447691578778,2.889846094004047,3.4082953938149463
1557,3.387373674250543,3.4026458616626893,,3.258335326699873,3.1562387223760298,3.396939866974851,3.3528690072751695,2.7260211985742853,3.1323355943928686,2.8971077391802895,3.027004511474403
1558,3.845791354554314,3.1439202718251407,3.1576939990898834,3.3000244100969383,3.963154697614647,3.6141309167265403,3.1570483772822935,3.2676819591118584,3.8195869172985644,3.140764951407877,3.0934557575565584
1559,2.669573184947987,2.7305387600457305,2.757360739485688,3.198755659415658,,2.4768912202479187,2.6893407974519223,,2.7519593353595773,,2.586052653604557
1560,3.2290269237256353,,3.33978430030132,3.144278830067875,3.489033695694679,4.071542976263345,4.2293108684787155,3.19310472182888,4.114602382908792,3.7140283620329,2.755133216215631
1561,3.4042062069166805,3.091798408382766,3.7965585132206505,3.907844895950393,3.4372652031154725,3.249408440299479,3.9707987080458196,,3.342332977234962,3.149624115699399,3.065576156960478
1562,3.302903390929663,3.0601015356252237,3.1634426656847507,3.235234438018,3.0435832880328126,3.0874193695939094,3.3447202980700914,2.9124542197585526,3.3166784022451807,3.4742487781427718,2.8917724702764014
1563,4.12447865721565,,3.2892866805604735,3.9719674956923057,4.143889991959302,4.147764031431391,4.10049530367572,3.9812921507956878,4.005690340575608,4.161384716576421,4.12225161248161
1564,3.779414553840136,4.360506437289184,,3.994358003891937,3.8251636232612,,3.7630964909000904,3.2075972542454103,3.793164662775349,3.7435294258812264,3.212496310548258
1565,2.890577826670488,3.583935221783849,3.5237760351622303,3.4429267574915365,3.3055557507605413,3.3737189613060106,3.4427401971428138,,3.4294510403037055,3.5747824989834744,3.6385749223039765
1566,4.332717861333772,3.6219214329521154,4.405977679769589,4.3757867000022355,4.398608300403103,4.39064031726709,4.48619756463584,3.610197177823752,4.321062928868529,4.484144090678546,4.381925703898197
1567,3.5210131857887723,,3.842541101878875,,4.082101582767535,3.1203219285985484,3.461500913349634,3.6794496806140153,3.3736725005226638,3.573884564822459,
1568,2.7898110754227807,2.5713302244470055,2.7070046958847893,2.958318844209987,3.3593959957020507,3.4513248631682805,3.8251156190366413,,3.883428787960283,3.7055551392506456,3.2979496287241807
1569,3.2560576929715626,3.2061351498840294,4.098018878517723,3.3835436632503617,3.313677866938541,3.19220780652386,4.111070887452598,3.8998677476259225,3.547620101673459,4.124652141268145,2.9276941547158706
1570,3.5989057612670194,3.596245821710127,3.281400008926456,2.9774945016454835,3.2472948520151648,2.8440532429934877,2.798194478566322,3.364118949750686,3.238423199829645,3.2565209728254527,2.940055436959217
1571,3.532883052738843,3.500351969561003,3.657873132108665,3.574518644316233,3.505178861754597,4.117091160795223,,,4.094902068953026,3.225257085997449,3.4211506330355053
1572,2.798109496975731,2.6280793259353596,2.530899179837228,,,3.4100901022073464,3.0870092892908914,,2.936526828687279,3.0435794473512745,2.7718133124976583
1573,3.194924271488982,4.694463770579484,3.183293704779275,,3.1952385491857993,3.069333686404547,3.144351550504346,3.1595148723440927,3.2607568391604884,3.198236408118198,3.3899367241970437
1574,3.5045481396705895,2.828263321808754,3.5782469090449696,3.261334224831715,3.2223749921688096,4.8082001511804755,4.819085005051125,4.632852349503532,2.9644406692313203,4.7369664787464085,3.1288171953056274
1575,2.9059320423237365,2.4293890864023364,2.4730541737872533,2.759676600989029,2.902034698170483,,2.849564309540773,,2.9486924279940614,2.8189861415138204,2.878778992073866
1576,3.558658157934112,2.822067008822803,3.0855992187542225,2.8090796939819773,,3.526281234181016,3.44919809830357,2.548730536681373,3.1998831734457203,3.8210463970305533,3.301009402023715
1577,2.864806947742795,3.5081842216226855,3.5682713703608893,2.7951743201453976,3.7261784206460673,3.566959979054619,3.7209657702725547,,3.5002250716826686,3.167037052605043,3.6437676429388643
1578,4.694944083608258,3.44784673002995,4.675619323796257,3.6389783996090976,3.3071760778688564,3.0905928047068305,3.2989094308529032,,2.8134890613413344,3.28537125380217,3.3740043550515244
1579,2.841882369042555,3.235739902913662,,3.1899440435984516,3.5529313045166337,3.9614755767406025,3.0933976013067177,2.9417401829103573,3.8744192916286013,,3.175243889905879
1580,3.243626145138256,3.1467372480635376,2.869285047902931,4.756943494506644,3.2033029442653334,3.268523981040325,,,3.104893179475921,2.782376821627962,4.7368126742615315
1581,3.2951911017850932,3.006788174285587,3.106243409082267,2.8600080713938927,3.159480931625664,3.3522216844376174,3.0036477646254993,2.8757462031442533,3.2952506643900317,3.0668710410217668,3.24345275193891
1582,3.1343573128009328,3.0557605903972473,4.467418126574489,3.2908892063361903,4.464600967837253,4.5283152238528,4.56697501513819,3.9324613380713025,4.486649399299887,3.6695598516651273,3.650436449505813
1583,3.8736380141816253,3.8018390398919637,3.7162411612493114,3.823725939866942,3.1566830043368443,3.3045574095828436,3.7996462071672132,3.2357944800029883,3.0266051034268737,3.8371291739633695,3.8924387850761017
1584,2.695388135885129,3.0759504740275556,3.058527473713598,2.940992532613704,2.839513189096596,3.4522017704389674,2.9718514630451907,,3.0392520516411494,3.3002625094897193,3.167180293970721
1585,3.4740704313909516,3.793295244822121,3.6456718888805657,3.759300118606861,3.6497438151828008,3.657769501408619,3.6840828457963952,3.017441495477141,3.614307530035253,2.9902372055183863,3.8402721514407645
1586,5.827481472601461,5.834563086946526,5.886593988735326,5.848018036202723,5.838613438365373,5.9054641660400495,5.891252080431509,5.174904750923609,5.819387226867583,5.889087692135355,5.8654462750467795
1587,3.2033313988969754,4.012932185869969,4.275350047387254,3.9441876190903113,3.982668150586626,3.136448710974521,3.3024575772100913,3.1472178949592564,3.8569489911077492,3.548097604242904,4.021457106014578
1588,3.1766314802364803,3.147613873464499,4.015524226228575,3.1709662003994046,3.230824229111596,4.077939317982224,4.0685526958814,3.0446994524829334,3.512258187394854,4.0635832709832975,3.0397734751976837
1589,3.1451433579819774,2.3742504745867707,3.2682194931261113,3.199295356208059,3.8893228789917833,3.4096859397373813,,,3.2008479436670405,3.1689860044210016,
1590,3.369925859951442,2.390658693693598,,3.198770383926095,3.285702335305904,3.017350536480955,3.2804392461564653,,,2.842282424411037,2.8136345088555386
1591,3.4945782140904282,2.3938228172244247,,,3.6522255259690812,4.291459166928524,2.87185106457467,3.4967083725907524,3.3015810540508337,,4.235953114684191
1592,3.142390975105587,3.21318809586199,3.0488314782026973,3.283270236890054,3.3946160101380327,3.2426822638085344,3.2271365452689853,,3.3016650650969805,2.967506601424094,3.122937748484581
1593,2.988406499440806,3.3248360683025817,3.027056445250928,2.876454707532471,3.7346119683763406,3.3128821779402537,3.7387759393831885,,3.0212095620706574,3.409717811870255,3.091538571313967
1594,3.8588181525149987,3.2832469030861686,3.099685219611722,3.1904393262536033,,3.2951438779642905,3.234420935606935,,3.6385137074146607,3.4421286279991574,3.7481182373603055
1595,4.014166926940024,4.048371503537718,4.0688565998688055,4.037004181389133,3.3778101705321593,4.1258318854141365,4.165566029395781,3.6134783015525636,4.051500459772032,4.203621465085995,4.123952570398912
1596,3.077275446542717,2.979143814783195,2.9398348788642052,2.7429421012573076,2.5393089241960727,2.8124119041210083,3.0082179338159194,,3.122546087108438,2.770255317377591,2.7482377255368493
1597,3.179441914739673,3.284900186067365,3.174647817179697,3.2460865514290362,2.9324390239750255,2.9412844100176985,3.49420308465783,,2.8998077505699387,3.07824784988429,3.047502829280536
1598,3.8886511019640366,3.666993875362694,3.683601243600131,3.5967258290488555,3.4787711915752824,3.6497661924428115,3.093557255078894,,3.52998261650303,3.7528640549440193,3.24179086991088
1599,3.346144405386349,3.3482045135574987,3.6407939158557934,2.864920968030081,3.171434672567425,4.606473127435692,3.2908037922001596,3.3344902461635852,3.2450199597523137,3.647511423328554,3.138328218479987
1600,3.2828747730918404,3.2081565687616425,,3.109762851276661,3.0698646916042986,3.112365551356268,3.3362838966180965,,3.0692317283717,2.9634932060935304,3.239573568961388
1601,,3.208024635115401,3.2384479063798994,3.206997731676748,3.234510364797453,,3.054232944412162,,3.2161894304203757,3.2671670275789584,3.6881959918203218
1602,3.6836167366865937,2.8275569945846306,3.951941418764193,3.281135216148448,3.8604994636535097,3.211833425347968,3.1497489374127148,3.30136795679496,3.8510947600494365,3.8861625618747606,3.8506215197328957
1603,4.488925482082426,4.5353791313808145,4.566376714584149,4.607466307437009,4.600167217446293,3.7464974687329575,3.177690398628035,4.381812508936033,4.546208685512643,4.591732892454731,4.5814080972321465
1604,2.3696648857762095,3.550719180444833,2.953241849569028,3.7616028739726377,3.330222565054723,3.1929067744137494,4.679662874441066,,,3.905474432668837,
1605,4.289649900999046,4.351019206801168,4.412302995150085,4.367781041214615,4.375434676160557,4.452448647191469,4.274536902658996,3.5266007926504384,4.315720806090847,4.4665840531481,4.405305981703562
1606,3.8357242581961586,3.7993263590219897,3.0605604545924217,3.7493733330032386,3.3707560468630153,3.8713113232799987,3.870218390120191,3.4828342226587283,3.774643114364548,2.764576694640828,3.8601596097000193
1607,3.3590562647971454,3.1670427337908293,3.3978886525147667,3.3203280734315674,3.282026653148843,3.5684321816623252,3.8399159283238893,3.218648014820775,3.2438296748194744,3.652220245034941,3.3348844540758864
1608,3.1216103145766523,3.0837526058259233,2.792710818766671,2.6982877221628523,2.8924901622094796,,2.7956659349141972,,,,2.7528240077430635
1609,4.399579471320206,3.3495425327432216,4.4016277291214285,4.502495314027833,4.456282895225456,4.476015942337616,3.6285749242547083,4.154593907155675,4.433583456005861,4.494661485991463,4.475873335914379
1610,3.2579816219147437,3.2785692219438274,3.2881640736605116,3.2756648807887054,3.9240430179967047,3.08720651506872,3.3118499362048124,2.973796158739454,3.0543532397734756,3.2972032248249334,3.4861922734863926
1611,3.1364196891635285,2.6508089809534767,,2.9148714181240987,3.3109689891646097,3.2800240234793305,3.3378619850008886,3.0487744979010345,2.9710255734232227,3.1632552209899543,2.925021168341555
1612,5.026767457766289,5.059900913381817,5.115961250086138,5.076123400171012,5.070181259304277,5.126190903268238,5.102969827457713,4.288192971720784,5.067068062633257,5.130865061862703,5.0886840541259595
1613,3.453909637337893,3.198067150969669,3.3898785241276155,3.401638664763785,2.82316382740094,3.5550649714248133,3.3881098814423067,,3.5738347558219146,3.0845330190440494,
1614,3.179794392296787,3.225141985770735,3.0554586870496743,3.277953914376842,2.6571814810644727,3.0656284434059766,3.1318663121373147,3.4057213702451206,3.1611149628978468,3.5388100994622955,3.267404984925776
1615,3.0251204490581576,2.632037439500408,2.6732911684851755,2.6418488705943695,2.9893769713006524,,2.707328974353404,,2.876874099336546,2.9360431160734413,3.104236654384525
1616,3.046447757196314,3.258354971235122,3.2988224434244167,2.7633823959855395,2.8526415353675536,3.1037903873844725,3.231661961299357,3.3708338956349966,2.9453572856327788,3.384929161681833,3.1968412076526813
1617,3.2571244476575707,3.250726422191042,3.044231581976572,2.8076699282028414,3.1734822953506625,2.949690856970816,2.911650411749248,,2.840397848664654,3.0672522003268963,3.2765061887391385
1618,,3.177352080769669,,4.010335638435114,3.9345469975307017,3.7002647259917194,3.302784083900586,,3.0002393543257257,4.438849143118722,
1619,3.8544888036279246,3.210319587687461,,3.2911931911609096,3.1897384938222064,3.129076494652212,4.033438387680284,3.0276906204032734,3.931022244481079,3.9234747969853414,3.0739390849814763
1620,4.038247087414579,2.899275784076543,4.085291340466395,3.99475027455692,4.009752908994226,4.078017052864778,4.120591932031043,3.2905890168470115,3.9924180122760373,4.174979684794312,3.255678880452275
1621,,3.1032056426417043,,3.2867672054309427,3.160526204056552,3.013506354869906,3.286741312922921,,,3.27478549892485,3.19174115957306
1622,3.1123823302613047,3.9924175732854197,3.2508733328974673,3.9946845805664073,,3.3737425259021343,4.046965650491706,,3.9422067593693764,3.444883594333633,
1623,4.328001389815723,4.367082056176089,4.373081938112699,4.372066186105065,4.352503581606509,4.367899065413866,4.5077958755987515,3.6700120455956458,4.304185655221295,3.5981115913021258,4.420852942489904
1624,3.617321853417731,3.1509677087755317,3.2705024290676263,4.006166509356416,3.96019480132522,4.036969291901379,3.342493492470512,3.0510324027283584,3.0369646387523903,3.29682410945367,2.8474197006697057
1625,3.572341555711481,2.5258426650099146,3.272042634560356,,,3.377524741939059,3.123547217978921,,3.027606382043885,2.8076033076606817,2.8029591074702602
1626,3.032372030972732,3.1168178399862967,3.0251587828211863,3.6423735548646956,3.313009426823083,3.2649842218674237,3.321745994991522,3.034083481741574,3.2572039863974425,3.3685411986450235,3.119779816294071
1627,2.992204839721199,2.9201757631040297,3.043990997105432,,3.080023501159603,,3.048883123323964,,3.432193532238755,2.6544515246824893,3.1840118808589657
1628,4.579007760919226,3.2348442109253637,2.830781752331829,3.1116996727408712,3.3550723094420434,4.651592647010423,3.2366362229013945,4.476034943644191,3.254716348531392,3.290683470638147,4.620530099262926
1629,3.6536531577788534,3.8922289875801974,3.814205009659814,3.74505204515821,3.8140276659913397,3.686655645508998,3.9931198402297983,,3.542145545304684,4.024520663568789,3.9800040471739617
1630,3.2699146814178763,3.304696920477358,3.182009915353905,4.655293229806152,4.609609241810874,3.304190293575605,4.681380961029255,3.2631148938930084,3.1730911816888923,4.658317833996827,3.219719087772086
1631,,2.9233782573897042,2.9636478254643674,,2.7210361053619105,3.0124689222844507,2.9596892864259132,,,2.9013171549175234,2.87595119361447
1632,3.150863885086825,3.087222746397478,4.586134014453919,3.4405609498478236,3.3779927062059873,2.5501809273683236,3.099162082509913,3.3635579750157474,3.4863537978468084,3.3317451270381726,2.9944882019765076
1633,3.004480839458309,2.8033907377603606,3.180779560123127,3.3371529478490407,3.4263797426966818,,3.346694950769341,,2.7158875019903532,3.2837135712188896,2.8673228312912595
1634,3.0762223476019543,3.3357573538307115,3.413957429287061,,2.786041248802363,2.7503708393609965,3.1114425589781307,,,2.853658971042085,3.0559862615051903
1635,2.8135944206733767,3.3192916826123366,3.144320559156252,2.9223425955344213,3.3303990641720587,3.464252971921945,3.6424686107339874,3.2739158534357986,3.081150095755716,3.439123270014097,3.247276503448205
1636,2.88403275418776,3.22506322105208,2.8198535277191445,2.7814560912618145,3.112012166912045,2.7843142039836724,2.9710984115756927,3.1501527414096575,2.6527659431608526,3.046172006747479,2.9741677809978704
1637,4.386377946323833,3.4904427390837904,3.214772915934094,3.4015541900034796,4.429563561664525,4.483351193058462,4.477025210600707,4.041497326806317,4.3938323954065766,4.459171110185656,3.3903509290995557
1638,3.6934802216354248,3.7119638563438317,3.274670607756514,3.3811118863245397,3.061737052589187,3.5196393044732313,3.923229396940553,3.2668874915521937,3.143158704172744,3.898743411144631,3.8256796080860256
1639,3.129206464717978,3.1099862535743696,3.2863567221825196,,3.1559440159320067,2.977542120988352,2.73409457137921,,,2.957375255821527,2.959794378685483
1640,3.1010881475763656,3.5016568469047153,3.262584513697865,,,3.248512836875165,3.101222384112307,,3.9018928517282765,3.174612262771786,3.5090997675807163
1641,3.4834759991074864,4.38330038026245,3.2228579423085018,3.31005584509158,3.4992200038354917,3.1332420150201057,4.174082806458726,3.621701961420782,,4.061776637167327,4.4265822889813515
1642,3.237576182760261,3.5183052262483057,3.295208000775516,2.8446592238353356,3.330189292975534,3.4204483655764584,3.376984071291912,,3.2598281091684687,3.4459159039653775,3.4367182075433766
1643,5.667540467475847,5.6747983897134695,5.71488140129603,5.680559814445399,5.676793939737687,5.747523486589632,5.722785728223922,5.005462251825371,5.663044813242619,5.712381261305399,5.708975096253646
1644,4.076557241628591,4.065606813153126,4.103709432259112,4.112596068350811,4.10335942370695,4.120890005132832,4.141331193671982,3.2812173068164405,3.5401824400251685,3.979038107213189,4.0890053520996705
1645,2.681791639809241,3.458537096717977,3.5311453797778487,3.1525165273815032,2.665049639700811,3.130669403457716,3.3193518737636127,,3.277662870248388,3.1584670787790317,2.883482952844016
1646,2.863712397458252,3.203716000001483,3.067753318214362,,3.84604966815481,,3.115129383380379,,2.9667802693514624,3.0916182323619226,2.7474567565678414
1647,3.8286992412035596,3.5421910060805684,3.114336863804744,3.3698096238209714,3.150524916886132,3.2157211561918047,3.6436600086195683,3.7841262774708886,3.424752119534456,3.2409564964270636,4.144887712226464
1648,2.7289180997942855,2.5965572658213154,,2.7908802984256407,2.8842482851665574,3.3599325892568594,3.333797249083205,,3.8298777883798256,2.605668271134592,3.141638144612077
1649,2.9238051145374806,3.681727742360466,3.048507533243197,3.6473296245483056,3.3457785354551213,3.512473241218524,3.545771332381508,3.3101724561887624,3.2073703024636897,3.39209135605598,3.262739110453433
1650,2.941124725952147,3.5327062024589204,3.4627928144370967,3.122160407753895,2.7672273906357967,2.9863894354291642,2.7578749279686323,,3.4642151583149916,2.601679596331941,3.1079298597968066
1651,3.041856573792909,2.4627578790423477,3.3288712281211734,3.4686198423758934,3.5616679621871485,3.1550890428891845,3.136668782766775,,,3.5474171849434577,3.211615481043176
1652,3.2735053910974656,2.952915978985848,3.002993741145494,3.3262867343360796,3.301640820679331,3.398553833325511,3.1826670371330823,3.088470964288277,3.17317787050657,3.7616934657299477,3.355001890895943
1653,3.597852228315532,2.829114788335686,2.6418982965192557,3.2957850080103523,3.139894371752278,3.2191190794670583,3.583407954441677,,3.3828827363599547,3.263338288101251,3.6472146463302133
1654,3.9371848882512452,3.9908614701524465,4.001529084431381,3.9916897740578277,3.6219817984640583,3.897491380557864,4.102834516957978,3.4372532220571608,3.89365364522215,4.035982009307202,3.985236816207059
1655,3.4172890356391608,3.3974497521824167,3.516351251618263,2.8672262334041054,2.8405313621722654,3.357074743458162,2.7957346551699374,,3.250317023537841,3.0386060974986573,2.973569795655914
1656,3.4007175807411247,3.6568713663556713,3.4403854325805185,3.0133127648521896,3.437937367981619,3.2851997039304655,3.1642187244038493,,3.5771009709833157,3.2488293767601126,3.3939290574228114
1657,2.6220409517984224,3.63294460821118,3.5786633164525115,3.2342539144409215,,3.10402889381819,3.323907777756909,,3.2075290383740263,3.3987895982956875,3.0283119404339196
1658,3.35332065077578,3.400994437969624,3.6256392693371136,3.5387060543820454,3.3437993314479626,3.2549254279765374,2.9923025854648513,3.386030551934847,3.3858855048694845,3.5000010428743913,3.427069252448761
1659,3.2801515522301457,3.226504578880779,3.4066448777368357,3.355608266353384,2.910796211991825,3.319102473103774,3.251003542662335,3.2718096218412738,3.0201600688447536,3.353023152074302,3.2944260761190445
1660,,3.0315802388410455,2.777518380221124,2.923424339557233,,2.8076466970322,3.0920032501848445,,2.5278014757935514,2.61852162742713,2.840373953432516
1661,2.8896848456189606,2.9193666812455628,,3.5394040576171495,4.452817771960246,3.314822030609448,3.001107336535776,,,3.4724987791259525,4.454892561119939
1662,3.5424450000696344,3.82476747901406,3.637989615320658,2.9290245337776875,3.4100343212571453,3.354486883521869,3.359314386768633,,,3.5286547345327786,3.5806572708498483
1663,2.9962775936706865,3.627812173557618,3.763756781558267,3.0955763223858175,3.710867028503166,3.1074107999198444,2.7767417878612766,3.285557388336321,3.0615384849305673,3.411576220566153,3.2356941334015263
1664,3.2053796273095307,4.404070640705252,3.2314941180890036,3.1062473257597767,3.105663744163342,3.141662333508814,3.5579594198889466,2.8287086871905696,3.196580127704009,3.814157833671961,3.209158991835023
1665,4.40543896957372,2.751367239885812,3.575556035825967,3.2601861382173105,,3.008776265084653,3.12044816739452,,4.431850920113169,3.2253839346463136,3.1730953256331116
1666,3.2105170433696713,3.362067257267395,4.430181839325299,4.432300458353929,3.322850018178809,4.500472151155725,3.1208991340446137,4.246174171035689,3.0627202877878394,4.492047391985631,3.0866674737480517
1667,3.2164953931066362,3.0802191095859293,3.233012552422464,3.1662951398000847,3.016178764549895,3.613161026143114,,3.038385860986157,3.159580134548016,,2.722773626482772
1668,3.920748800413331,3.8353895181670037,3.778879480802464,3.9573667024661576,3.8532169195171937,3.8693451463263937,3.8700187924413916,3.1334654852478963,3.713685294210406,3.2250255228636915,3.8529989163727234
1669,3.0419568776223795,3.256405766216135,2.703974010713441,3.223258127700929,2.7914275262613573,3.2254625282396794,3.016595570214539,,2.85158277138316,3.1362108904356587,2.7570063790244483
1670,4.258388331690202,4.309971610804661,2.7845500428257313,4.435017498901746,4.349878480610627,4.398067274295219,4.414915884588709,3.3477376624299775,4.293917142685562,4.4301131399853215,3.0786655360614383
1671,3.2898804757913687,3.4730007887280467,4.013949424840473,3.2223384399172477,2.484911348381721,3.172528998640089,3.4113414871202137,3.391302654954588,,,
1672,2.866712360401789,2.804497043538562,2.611612789421392,2.793563906905805,,,3.012518774016199,,3.039086194662772,2.8277476820369487,2.6067071652386504
1673,3.721476801333797,3.6658055526082993,3.797489512068797,3.4831554960736946,3.4438225666603928,3.6116771980670928,3.661672585275509,4.017947671931001,3.567327302421552,3.816576234220205,3.560211111807446
1674,4.331516884872576,3.1224562957343314,3.31522451891759,3.354201301155298,3.8152128910103094,4.450960443289155,4.557692659043079,,3.1493788605013693,2.7777449736796176,3.24701416472195
1675,3.7210966523539026,3.7128289353554114,3.7458263683798183,3.2675373351423116,3.922185925900323,3.6154618602493254,3.2967300979130507,,3.6676685248787204,3.791102594914651,3.656635068107951
1676,3.6452969693024757,4.020024552090589,3.221153523039701,3.722150272282116,3.6504955412937212,3.9833120506188098,3.780552535746459,3.753907488019053,3.556922696188944,3.185755573033444,3.807413455104386
1677,3.2613178555552427,4.3361648821975045,2.953511469170383,4.385835868615702,4.369646172658113,3.38554435225631,4.433544061685197,2.9617365156854554,4.315838434456483,4.423773445092639,4.396440994728942
1678,3.535736222112869,3.5184619145412985,3.1551462824543366,3.879164087653834,3.5935365049115022,3.357078275994012,3.290058421201228,3.4107618478836175,3.35222231087967,3.33298166471443,3.311771963884929
1679,3.1906184629240077,3.781537799578216,2.990572839878486,3.269101173756232,,3.169933038707405,3.3606999540192133,,3.524225998898067,3.4302257133862137,3.1537204283555265
1680,2.918648743200912,2.81934630808507,3.2752793429036795,3.398459647581831,3.3024132466813874,2.8401036111708153,2.7956442723273836,3.1711596570030776,2.880691798383024,3.422822713716511,2.8970820813704123
1681,3.2215903615583,3.2136229169814374,3.3042746582630493,3.284678969258491,3.3149938596947397,3.35467294848715,3.115610922348945,3.171207263837622,3.1792697717009375,,3.3083538864418
1682,2.701824353160004,2.8842805490819483,3.2622723759865866,3.174562334024146,2.80133111575563,3.1928056687796365,3.647319562419624,,3.266051809369439,3.558325386611491,2.677903460827393
1683,3.1706918670280584,4.958918202686447,4.977581237024343,4.968931233426303,4.941392367384697,5.0230531235318345,5.003262464459305,4.211841273873297,4.894822553283181,5.013102864354769,4.993094915271289
1684,3.5710629868464547,3.352212473009601,3.5285878432361493,3.8561049563867975,3.5738032268795124,3.056399744939831,3.64572648888779,,3.5381114568894914,3.246154248441784,3.598819500034157
1685,2.7061475199351808,3.144248649615368,3.0072464429874333,2.949260563764944,3.014060467290767,2.921342293793102,3.341455045869101,3.8059479627908215,2.883877461817068,2.9397075865149884,2.7973821261519127
1686,3.783339696145901,3.9755985778501692,3.1135461945222875,3.534423674069174,3.3124287272005257,3.451363578447072,3.2529209201511415,3.7827365514828606,3.7078669313616324,3.0134873494823093,3.245022700735869
1687,3.2864642210458115,3.333435980062129,3.5933125519549383,3.8367520530682926,3.350928833748252,3.5916729326228167,3.76921660237295,3.405454899648285,3.4997165665368306,3.769761880714174,3.813104645335976
1688,3.0044704616572497,2.977109311709683,3.886292269146171,3.2983816701203663,2.93394999141567,2.7779738656376227,3.533830307102123,,3.423209099008303,3.187980697930802,3.71261460759819
1689,3.8577943733885656,4.375204832060458,4.157294316435299,3.2097632135268643,4.096034686380271,3.6122781351964757,3.743269297840568,,3.713028758777323,3.372939287985266,3.701051940118848
1690,3.8350665441108447,3.9749235884849625,3.1567139256820993,3.9751756113013905,4.019762772790589,3.160692899170091,3.7655194738640176,3.2873278519948403,3.9438384832954263,3.9420293137065125,3.9188264518033793
1691,3.392356572026298,3.250705549809622,3.1547805191861023,3.563487569860972,3.9388616901001376,3.6115903009351458,,,3.860235229184569,3.563527067138913,2.6747777445802563
1692,3.8265667631043123,3.2699825305988286,3.192218729621596,3.2011617728568287,3.126527169402726,3.9387148690201355,3.336771252002422,,3.1611219710875966,,3.9002363811703322
1693,3.8840635690801535,3.9501784952836996,2.914210393709926,3.8755168466098904,3.8727527005092943,3.922857737416992,3.193652694606932,3.3962797987218627,3.777899619182609,4.060016649225174,3.9471513790690516
1694,3.071219844883741,3.9891111705570843,3.372624902450097,3.8090437408949787,3.6301271546597516,3.9592780455731083,3.598308488871351,3.4291068132044327,3.414074403518463,3.08739120037366,3.374050868921597
1695,4.266781730811873,4.301644906400325,4.267930264594076,4.382755043766662,4.355658966370633,4.362126879887221,4.340753824869289,3.606058662311377,4.262543035637682,4.4098179230775685,4.347520484547579
1696,3.072875942481458,3.71673202416439,3.2052050511224817,3.368992039011485,3.3385494602316284,3.31142626436068,3.738542891329028,,3.3051682317405024,3.8011817371121,3.38557326775819
1697,3.082405504274497,2.515000865609435,4.080755779982276,2.872408208521119,,3.576338787610921,3.41221195307556,,3.069541387346742,,3.355020419068878
1698,3.708504747863195,4.348195142195643,3.8220824012695473,3.870656958184474,3.6133280725963925,3.9636460490438354,3.868619280977914,4.066460069756655,3.8947480410735293,3.6731975598075532,3.653705900319685
1699,3.3441027762944855,3.419813303220774,4.134780796550132,3.3673004564128606,3.9363427233436963,3.5573027177805066,3.8634929358593415,,3.381332075056876,3.934052845449078,3.91614140655386
1700,3.254181274472473,3.3230417137780353,3.0779844876485765,3.119409417217701,2.9881507202484485,2.9652728378837536,3.034562411750345,3.6790917008367736,2.9838336514760053,3.958993903358017,2.646832102502799
1701,,3.1820812555986753,,3.1031300581983325,3.206331057939654,3.9403941763142893,3.3198745522993742,,3.140629987647603,3.3485869104900243,2.768023308918368
1702,3.2697906264485277,3.816353133956509,3.889063595224757,3.217546670552667,3.37880214874106,3.1134771753534025,3.310038158639355,,3.0761624198061828,,2.873224209605715
1703,3.2489168218310485,3.1764538053159552,3.1469536137606493,3.273312313218734,3.192211074493363,3.3592990928355184,3.202965735268221,3.4374500894168314,3.238982858919618,3.285648963332341,3.167380875448577
1704,3.1529350640788283,2.4622674382159215,3.3008069497412023,3.2750229014863548,3.2906390704259114,3.2527492920071204,3.33788302692009,,3.2723709629615096,3.39224673877025,3.292669374997109
1705,4.02114162192873,3.5162210333068846,3.7031038123535764,3.6689260896338296,3.8641251972331294,2.916585727610277,3.8913434864527208,,3.743789453381481,3.6302823969031603,2.647964505751778
1706,3.882893216429848,3.4318251450706136,3.417910061285161,3.24625105753878,3.4620159351495947,3.8595010590539616,3.4376468657370607,3.4082280497312643,3.366828894500607,3.1994422982867996,3.401877108047868
1707,3.030223917130005,3.0813097802029574,3.3252896208130895,2.4550510554748097,3.1663285727025086,3.181957484122256,,,,3.7316527239208845,3.111585446760923
1708,3.6064919116567027,3.53396977779203,3.2019432405962256,3.147029578449475,3.6002535592974816,3.530010418868016,3.40497738044066,,3.1691225551305675,3.715767054124964,3.9450631332180626
1709,4.490697148956984,4.44827133376176,3.3575879174234218,4.529767406831331,3.2705977490939997,4.554024399349473,3.0669498662205794,,3.409228269538706,3.516651408067292,3.3101760005211456
1710,3.6354991908999796,3.7038182129681663,3.6893452580285353,3.532393607109675,3.5561152468471895,3.312328185965663,3.4087934653868084,,3.3431721104929437,3.6078649758484787,3.325109978076087
1711,3.333902144894106,3.233349160431647,3.4979092850171414,3.310487440060772,3.4808181896934536,3.3113172636510644,3.2679848702004883,4.306911561483171,4.495437492934313,3.594867860229189,4.47803928429765
1712,2.7275141863715873,3.0693512131033134,3.3469032874733258,3.352514628812291,3.296623153887683,3.183548655006641,3.5026911626045325,,3.102097801888278,2.7581193809598537,3.3812811997623786
1713,3.7891039912706765,4.100265024384043,3.635355164658696,3.9961779748489006,3.9178769886445193,3.714587373305883,3.6733663956885647,4.021867865778716,3.6500032869578334,3.3270281845922027,3.8692839815774476
1714,4.312946553137776,4.3014346864836845,4.2865806513202,4.354853923772119,4.350992746266472,4.387171212253248,3.3013243543585125,3.853988710806266,4.3222805219515585,4.409092970155134,4.334943488321326
1715,3.702899492904828,3.0836669581528953,3.9003886562493997,3.8781385226949165,3.7973072480152856,3.2907501199357103,3.441554368029636,3.167272816995388,3.2530761633547014,3.8693539896747944,3.845194701551975
1716,3.134468572827864,3.1127802246860483,3.3333996182494436,,4.10292026220643,3.807379838729169,4.143664968427965,,3.4111534791128513,3.1710007490587597,3.1902134193353167
1717,3.66250620021911,3.5977514399117783,3.519114119584628,3.9232718322910802,3.899147392302912,3.3714309826425564,3.6613945461397477,,3.4892971762892953,3.8147675399824887,3.749141698520961
1718,3.54729793454421,3.6912506113380834,3.986725507962529,3.5522020064773483,3.7403149468247534,3.845851846776335,3.611213871501623,3.5888412685366213,3.6992848657486883,3.5651737258859524,3.8771811479480545
1719,3.5101434366858553,3.6993465139778463,3.562162734193856,3.189726172948622,3.4447624484506565,3.2727039100872473,3.116593398891701,,3.335602972191174,3.552759129719916,3.1158835228538053
1720,5.483668657843571,5.50196836788236,5.550004127558692,5.512775786866093,5.499962311335391,5.559679836218171,5.547379433225892,4.857644614432296,5.474925956406194,5.549106340072321,5.547217784218375
1721,4.075870644425364,4.0187452331449895,4.130012815101871,4.1847829632688,3.5419006180534485,4.127879851750594,3.3919136083429526,3.1971650435508114,4.046975204469303,4.194132303577568,4.155733785505184
1722,2.762441874596361,3.1846017579988772,2.73744339881218,,,2.867791165015805,2.6916168924648485,,2.9878879982233957,2.9594388576360675,3.090547326157792
1723,3.5268476978115895,3.114260769171141,3.1260391845512387,2.8471279212882052,3.141937081662094,3.6880067434449546,4.149126436504851,,3.07937956433203,3.6161373297101136,2.9424507288070867
1724,3.8902760586221237,3.9147352764764016,3.859406135312758,3.5584831597471864,3.9342890199219505,3.471249823573277,3.914539306212089,,3.507852605950837,3.4764120859633407,3.88929526988902
1725,4.032563871942122,4.406395779163089,4.107415196296592,3.6988093993419264,4.091910751230406,3.763188714696242,4.013828650848216,4.045022810613123,4.015633341307515,3.6765088460256106,3.951965302524144
1726,3.0713576176271657,3.5705309034036783,3.2490278204233443,3.0600690614921175,4.037902227869983,3.5813250335703386,3.3732142229925257,3.4964079941571353,3.092010655452284,3.4683394777546237,3.0938616453222427
1727,3.295436506372481,3.6870634656468892,,,,3.1774383306644474,3.400774520566418,,3.1120053209123992,3.3620411597589546,2.9962664834613766
1728,3.308688006529509,2.6408649710873497,3.218033068734352,2.8188238742895315,3.1962985500865906,2.9484153364746906,3.6672570696304425,,2.6415660481560557,2.8994708972736216,2.828619490186065
1729,3.71744182326581,3.5920425315308577,,3.839211127166371,3.8455159972539787,3.7406461189808673,3.525331175545427,3.820498150607467,3.940046852857932,3.7460545965610406,3.7694658077779937
1730,2.884090646834424,2.9517396047888314,3.189202632413779,2.8659211026986484,2.6873599858180555,2.748118806959255,3.0514033145347956,,2.8168096039885637,3.390702486062573,3.0421768160476215
1731,3.773366912408891,3.8457211028606406,3.8077491324940804,3.608602380611984,3.795205110923966,3.0767232965991598,3.9972140325844943,3.416627832333717,3.83100558492093,3.6456994156053324,3.78130496353818
1732,3.3755156051020636,2.9206795880141616,3.390678632562336,2.71687033904759,2.753294367260335,3.9717499938839307,,,3.123690678000026,2.9721291949612496,2.635375937727967
1733,3.966688673163789,3.821844814950968,3.6848049310616715,3.7975515160901274,3.6975170171184293,3.5589205643955233,3.597557663386855,4.169186064765654,3.847015211463871,3.5355908765935498,3.62154927127209
1734,3.068315129043172,3.1058792931984236,3.0118126002974996,3.2414366619233017,3.774394065014132,3.494275759465912,3.2054100673005115,,3.4823564306044674,3.372746903527412,3.6017085847036543
1735,4.1692471678208785,3.899003807041849,3.743097003879883,3.7869218865624217,3.5476107944160606,3.5902534092418477,3.7872889793656976,2.8754752704879976,3.7374037156431372,3.715099453213062,3.781473204095243
1736,3.422693471678816,3.0835858651891437,4.0134696679217905,3.650579430819741,3.8562370784377924,3.7224420542205188,3.7516414825250872,3.7407037791490367,3.6428368939037368,3.785248190072713,3.809817708869303
1737,3.1917306691396976,3.365117700902054,3.3192440140391217,3.181209983163426,3.2866388332268763,3.272651633357957,3.252176415279208,3.204035908816646,3.212355313150781,3.5922534836579274,3.259234309879489
1738,,3.4348776724287897,3.25209121099032,3.1379302581229296,,3.1269726960875586,,,3.3155661522350464,3.311614323843846,3.174271300664796
1739,3.109106873041783,3.2411882063275406,3.3067176751365097,3.3409965258015215,3.226332275359495,2.9287075412651946,3.3250099078556983,,3.238863862295994,3.5895073285759684,3.403105616051769
1740,3.147176097797765,3.0335684040526596,4.269618996062706,3.5451721947330914,3.315902895552724,3.2720782040406964,3.1837693516094556,4.032613900590108,4.293557635915125,3.1773520032600877,3.3161943460527845
1741,3.679920163962198,3.795973874673001,4.3555139374703336,3.780406290518254,3.122500419950151,3.4408372669213803,3.844801054068926,3.099836150676861,3.65538959098678,3.8851310280015623,3.862635616608132
1742,4.198702929370879,4.265491222844507,3.208797331759684,4.32791766745093,4.317157086889026,3.7351522129882517,4.439729072597475,,3.245372375815559,4.3431238564211725,4.360556232925207
1743,3.8081372501251836,3.7871712737480845,4.068768099665703,3.8213736772846354,3.899687709177818,3.6570315999045033,3.607168158092156,3.740769400572549,3.56785792898115,3.602189765274763,3.5753652733574257
1744,3.4153337245685296,3.49950288422015,3.249503895327118,3.209861545937238,2.8757597614981982,3.6521222637825272,3.5589907592779544,3.349507769038508,3.5156860939109436,3.29884495956211,3.135261956103334
1745,4.2191440976344,4.253121492840977,3.198714692868215,3.170207451921852,4.321595030676928,4.301206847813139,4.346484926984759,3.2813922770873862,3.04876209345298,3.1450034101662223,4.335637950800142
1746,3.626485537262624,3.7471577450719993,3.54110044840249,3.7704744429349417,3.8483318028429365,,4.038914960421134,2.9005959777596115,3.7715437601781967,3.7741490100686828,3.7054718804085383
1747,2.8756410118999924,3.2617305765130977,3.6885901059741495,3.3420768965514065,2.9238886791505103,3.086815026343749,2.7904410757936287,,3.4057784599310703,3.6289159125861747,2.7215287635321816
1748,3.85098361219361,4.099659253529353,3.8600704832752712,3.6892647737264146,3.7933508715443462,3.8063113475409938,3.9902556549053303,4.091317936426382,3.9453737620781753,3.882562196030028,3.993027504566519
1749,3.1512910593718186,3.2828933060057106,3.3101607860008886,4.274369567033051,3.2731084108757833,3.234683297645398,3.3395197816480215,,2.9646683484951177,3.369921468528014,3.181159504495237
1750,,3.9683444667520122,3.700084674453856,,3.4844128628505886,,3.7201811222746524,4.192618669103491,3.3421005091900216,3.6705154717021413,3.950076192949517
1751,4.248449092525224,4.244259805915739,4.2477808626744595,3.1347443199353386,4.23770061472638,4.313002735953889,2.8898861201910275,3.8025957834427713,4.227413841001065,4.324671384387761,4.27451268787046
1752,3.187163601513412,3.963862521184737,3.0717993337133622,3.0840537167874933,3.4037789891295835,3.232422016958203,3.279796286048976,,3.2184776539279687,3.357297935448099,2.942408546063799
1753,3.001308867184167,3.163393954899526,3.138617946093645,4.2950381711724175,3.3862451397606854,,4.359737653828011,,,4.88265821733984,
1754,3.43388242915284,3.123418548328059,3.116935677324442,3.427410560776384,3.353342995853541,3.1793449839503487,3.2046029951780177,3.3538003784139643,3.2354144175184696,3.1596673976994887,3.2783553451482472
1755,3.417515157366425,3.75695992616106,3.523990399178065,3.6026375186005457,3.571288551830829,,3.6318627938302512,3.6534994261165545,3.7714652693130297,3.605480734197517,3.8047329108359365
1756,4.823719520635396,4.842309490236429,4.862174738936235,4.887143439394327,4.867885795149448,4.887814330039722,4.89630053844682,4.0267621960340865,4.81275006150477,3.569680680992274,4.871856447322865
1757,3.317887869163034,3.9611294509313417,3.658235317386762,3.748722660867008,3.4860472352093566,3.5501166931191976,3.7452824498095643,3.8703063086820557,3.6302700051953676,3.6991082249391836,3.5541282683869144
1758,3.7053488745475103,3.7535334950265544,3.795775759541691,3.7949798450258934,3.7064024168910614,3.4163617117413216,3.805978555115808,2.706608051284683,3.6682736701488037,3.8617636959731954,3.757343627586593
1759,3.1576217766999477,2.983337600158652,2.9062946438640362,3.2057888815422433,3.137368372681841,3.272837497174561,3.449750064946782,3.344366564531877,3.2970773801402395,3.0289634969430788,3.058034039931363
1760,3.163743072457655,3.300774713048884,,,3.209499330904223,3.21909484514931,3.237715154875529,,3.1773988637537998,3.2364374852604416,3.2326872560123086
1761,3.196950074303899,3.1150511017133127,3.4510955085124064,3.334402284335158,3.140952028462128,3.3950072359483108,,3.3228228680231306,2.8660817951021222,3.3447902126312963,3.5195943635805675
1762,3.124491459698806,3.1806217475682272,3.9059590268156974,3.560430828579472,2.5601627679526415,3.288097660867406,3.381344767629955,3.4335780053516056,3.022392041231861,2.731525287983663,3.2001597499180123
1763,3.9122003782542807,3.997054358017656,3.584810359601746,3.7720205162663,3.861556878599331,3.7199407371377133,3.3283753783656795,4.0176246316843685,3.733091397607864,3.7472508884004014,3.816406327221636
1764,3.2818842406581465,3.2129574276914776,3.248766370369145,3.936332663075898,3.3437404994912523,3.8726680264782805,3.946760812802694,3.4662353913055823,3.3015926903530826,3.9591148811587042,3.8982045638647898
1765,,3.9958411245539738,4.011981237562578,3.635549047181391,3.8800512362294506,,3.5307336314623017,3.2690753295708497,,3.671899753796094,3.8357730223858946
1766,3.70670628426046,3.6994525675407433,3.8361118772431424,3.706866319629661,3.707391186698279,3.473284687495469,3.8727998369872156,3.936924357260739,3.784478943489599,3.737203226930555,3.867349396319626
1767,3.5054793099102586,3.9100410335325657,3.7830522071397152,3.8713044615543315,3.841169475063924,3.8639631901432536,3.8248770152407245,3.7461352566925075,3.780276001682445,3.9535661382177487,3.79584597147687
1768,4.141479781668406,4.266823366119912,4.316575756895135,4.238430138665208,4.237118124018886,4.348792970971466,4.28504622776653,3.128476200778676,4.155656514600758,4.3299960811949685,4.252806592059892
1769,3.7073905664647056,3.5235969068467217,,3.9031963112576764,3.7207572058453064,3.1213141846983845,3.621239513069347,3.447001847550734,3.56661941272841,3.2521894017197748,3.5633515756392864
1770,3.0604972172600613,2.7934107729367526,2.9903753685553713,2.7786215718894303,3.020045203779035,3.5462471198640326,,,3.7675123518482625,,2.7517218935806853
1771,3.163020049035213,3.2758710740803334,3.102661981717476,3.1871266527885838,3.332863905313129,3.1470966406035594,3.1843511787086576,,3.1385167909976395,3.3158485788837577,3.138614203844253
1772,3.8758668255209012,3.4003949885945186,2.909479188984111,3.808779161151211,3.5501278057697254,3.5709579615204463,3.473783302948075,,3.226773362919727,3.852756242936936,
1773,3.2461326397893218,3.900089442461234,3.4490735912856865,3.640227226667997,3.5770130935288216,3.707830215725815,3.763166719117718,4.024993933307448,3.3506589235407755,3.420173823507901,3.5952434214886946
1774,3.2630681931622143,3.568550882191147,3.3776268431650665,3.3994844526172705,3.2537068091818613,3.33464483778822,3.1874089893613946,3.182362775495487,3.32868222781963,3.176484777423803,3.7831226821423494
1775,3.4284052374379694,3.357409266862769,3.3004813273008824,3.1711757908702687,3.335945942225431,3.555552450447078,3.255671751171819,4.246930712368725,3.2113228199513784,3.293705323596563,3.4894960200258973
1776,2.9585213946866857,3.182045044258477,3.2581512586367176,3.0586145921017356,3.0180801813013134,3.0769012720770763,3.031563263665873,,3.0502226619550235,,3.3255009013570023
1777,3.3757122030705204,3.252918698418826,3.1668308452962695,3.4252292797704147,4.3618543186972865,4.412373415097601,3.1776186759524445,3.2392322107645506,3.0335974935251557,3.2683529835879557,3.4380958914799304
1778,3.465262982434596,3.7566167025516304,3.34526022474974,3.611434273220409,3.5801001478749845,3.5297615907746422,3.4630079688663025,3.6970968319205464,3.6181405943565887,3.296939278584089,3.072346323562083
1779,,3.8574109398055874,3.8074172373530617,3.7348274507684516,3.628627992353396,3.5349662058362084,4.2199797299525255,2.9743199437187515,3.6274744638638157,4.0060521440991455,3.7588486100261993
1780,3.12528850593846,4.206249247764535,3.096337149822417,4.425231197206367,,,4.445361145939818,,4.071397849485718,4.421557631202125,3.0938780286207646
1781,3.713637887410311,3.728711562958974,3.6868458617258986,,3.7714469003933297,3.5381704898491613,3.751179823473036,3.555921224905912,3.5151725717128017,3.557719108368464,3.6286180790527642
1782,3.191715758403676,3.0552479736157556,3.2010404652717335,3.098568906228374,3.28307911487855,3.0525195599768957,3.5303536469150374,3.683166447469426,3.0727937411183355,3.1225420642452586,3.3027699682295992
1783,,3.5208207908283033,3.2639959731616695,3.550439907654575,3.1741494971245006,3.2679934627788074,3.2218615691449806,,3.1073874089115407,3.398386853891212,3.8161330407532783
1784,4.235420063499965,3.1659845107222693,4.213869447770002,4.243320974203231,4.201656320131551,4.288091285399474,4.320327032089611,3.8276034788179447,3.226288722879525,4.300663272372471,4.241067420833806
1785,3.611323309743221,3.656692979313295,3.6955759579469176,3.667553825518829,3.473872443653629,3.2333689861018953,3.2127952999538825,3.860171357633735,3.543787501781477,3.262555995564831,3.6188673039854224
1786,3.53782928013411,3.802224770055213,3.7156215390677763,3.5300570684610872,3.6522118329725357,3.5846921173604316,3.655168589201651,2.8620252604845353,3.5537946546583306,3.364872939037864,3.483876344482757
1787,3.0796754949779914,3.7957617611579333,3.6055678749714666,3.548741624720834,3.485378064181865,,,2.7438971668370713,,3.4143377794899337,
1788,3.669170741237908,3.760017866845802,3.1713889915263995,3.8643652119763643,3.758533230279344,3.7302336816051263,3.9339323719955863,,3.7632838798600123,3.6592117771857655,3.2895705641577635
1789,3.324600838015444,3.4415968530320837,3.358807045861063,2.7865918657257933,2.6637293805275823,3.9638741898644763,3.018899738395034,3.274394471202193,3.494283282134519,2.9878059499923073,3.1625415446265226
1790,5.322610632941896,5.336828972881751,5.382976004612238,5.3642890492417115,5.347606936373465,5.408369089100885,5.399688878819351,4.641479524817706,5.265318878130966,5.38109717695632,5.371960162377291
1791,4.1037569021189,4.126183688540229,4.181357259233122,4.075388271145231,4.147707345284477,4.158622842805007,4.163666983629104,3.200737690994866,3.9997544282744446,3.582380494387778,4.15771515897502
1792,,3.368245822465021,3.386322266953654,3.274727888980501,3.4889018815599395,3.0966000893227617,,3.427355370495166,3.400437341757784,3.3392525237037813,3.3099575841784303
1793,3.137138841775764,,3.8587478720064037,3.1194347092479924,2.990127756544278,3.763443711854513,3.2629900609297775,,2.9090833064801966,3.532178042106836,3.9241997998595277
1794,3.1802641995113134,3.406661095327005,3.1132418293174733,3.2016551507448128,3.255420672519391,3.474834703689567,3.5935734314962953,3.4322810078086454,3.506306217837841,3.1815439286100955,3.230841888088279
1795,3.2315521956748245,3.425964706379155,3.3478669782562065,3.1915792382597954,3.493098474929637,3.158770762615777,3.4412566099865085,3.5809207597025443,3.2651840135963726,3.6895534317612797,3.4047963341340055
1796,3.0395531907591984,3.104921584380301,3.1965237390833807,2.8667692187346785,3.5784613073752998,3.346214134749783,3.173696445995725,2.9971139877393975,3.2950414272289317,3.1204180794497542,3.563375818967688
1797,3.4607724299943383,3.1351281368076935,3.1252537325799437,3.278416343328697,3.313130236461494,3.758878739224309,3.4547599593705143,,3.1074280321941625,3.5876156524690344,
1798,3.4664653445886384,3.2319279473171636,2.5891363786294272,3.5785200541980613,3.098171638300868,3.4989883817860465,3.324976181759793,,3.53125075283166,3.34630605284107,3.3153637618763123
1799,,3.4017183207500445,3.0105826660537995,2.8751867064647207,3.62489804586043,3.584350341839356,3.269648789745015,3.7982046662191236,3.440412350067171,3.2397213815002703,2.7228007608544513
1800,3.726944286006419,3.737626704219134,3.3366138272500385,3.412890995253103,3.820713316836272,3.437806917987368,3.352290900546376,,3.7392297554287883,3.198189553798828,3.381590431617391
1801,2.935411378113939,3.8195072506093135,3.6328670076166514,3.467964629553691,3.734301466134292,3.5368295050004064,3.886886303140268,3.022831288281719,3.540538477567409,3.5681503491579014,3.677739453663338
1802,3.4899383719755024,3.6774340319519903,3.722291724424665,3.4793794241669875,3.701049485307656,3.587774858688771,2.970557056025319,3.515449946888722,3.6520584323701484,3.1844895804519027,3.2496185102774837
1803,2.7894767656034523,2.1972529990909817,3.741269232881981,3.8009673503450885,3.200929430389,3.4103758141449236,3.8638268289479756,,3.4388855435773196,3.8587370571968176,
1804,3.1093516354740034,3.0302305776400225,3.230931647179004,3.147051668737129,2.9093772364600685,3.1038763913565717,3.138625452808489,3.1757743910997798,3.562516853413617,3.0000857821397204,3.1817068400707633
1805,2.9275740462248736,3.1241482101591798,2.5575398646224627,2.98928618847486,,3.004921313471947,2.882602186184843,,3.0443830313836515,3.5323961631172014,2.911168688431978
1806,3.2481372801783803,3.7289800259171217,3.107235257521842,3.135665460918772,3.302585140224067,3.234569555206709,3.2328124452375535,,3.2840067972132423,3.2623220029374735,3.287449758400385
1807,3.0665652087384907,3.260725257844434,3.183212880611602,3.311754418313981,3.4078068106874015,3.3387678767898734,3.4422244425761734,3.0927833774671196,3.384293987411504,3.2427869451347613,3.7559741111540914
1808,3.1627469971336852,3.3931488011285564,3.304891747667176,3.3739290218308042,3.1404061392156155,3.2127182397670384,3.4344806353903468,3.6304884966694733,3.7659732672981012,3.2413003069939834,3.3397211401285745
1809,3.138832332229805,3.539859057723171,3.309994046094568,2.941448226516203,3.3273910845487378,3.3722422291187844,4.292641692014559,3.0236378422453285,2.7060940185905573,3.712267236796827,3.1692456486785567
1810,2.9971633983175416,3.337252978231283,3.3659004197086113,,3.4797546261934302,3.154043848797204,3.3644623582661426,3.077964507433988,3.2938196813549134,3.1005138403050183,2.9951337468663817
1811,3.474103446286924,,4.200948596155951,3.461986789203436,3.0537272120926127,3.0034042205746907,3.3147127781579253,,3.334940213051705,3.452162598615949,
1812,,3.602139772639866,3.202156217412989,3.3341579745625745,3.4790190400436702,3.1233111950499572,3.3267448951120038,3.9904016997565477,3.4498882487240707,3.228926121684055,
1813,4.124777716889032,3.0754258350652757,3.1405141541440957,3.74237501636466,3.199103324359848,4.250649767756995,3.1566871902043423,3.5980794613825986,4.142031383065026,3.513011195670152,3.7920418128163607
1814,4.206516982266342,4.221474143308239,3.111860458643934,4.212445549984244,4.265669115636559,4.316676936402743,4.326058309873066,3.01983156521501,4.1370634903611325,3.170488928032888,4.30563750851077
1815,3.733083582482725,3.441312815042003,4.262475810251087,3.0732819217682152,3.8314568957055837,3.060582113990345,3.8706717082472952,,3.8318834762486036,4.2942601466137535,3.044798106677467
1816,3.0899919292802913,4.131840927885651,3.0289208019282956,3.0716217036900724,3.2871808958105824,3.4995946271540452,3.0908615657757523,3.111335494392021,3.3341793229774273,4.262983174923924,4.243024208215534
1817,3.491701140881297,3.214356197984394,3.1404474229167914,2.867137926862545,3.318419669996015,3.219778704007731,3.466043071912502,3.568514203398379,3.16459351522024,3.4713959219086785,2.54989956718787
1818,3.4369821019616533,3.4414660367276473,3.518784648551369,3.394269415812551,3.1580733780777903,3.3108375505657883,3.4514203068559546,3.313281996964886,3.147894683119779,3.427792846454758,3.3291107405992677
1819,3.1667312450756984,3.507150594800362,2.914070438419588,,2.690196112889185,,,3.4064588614054947,2.851451448955881,2.414880150032707,2.2670573487968277
1820,4.176297845598709,4.199716579208152,4.207754798215018,3.319500830635835,4.120676832337979,4.224404445913365,4.182421456689637,3.73333099621089,4.146654814204287,4.196445872862196,4.196056865708033
1821,3.0594853965056337,2.6424386717716586,3.3122178682779926,3.1168716815630093,3.2049472553692175,,3.149727102017787,,,2.8226953431053157,3.0419197177208344
1822,3.220083202964065,3.2382521557295796,3.249875453721833,3.868429481004608,3.3033970601575926,3.355937468199837,3.2838147602635708,,3.325033246865311,3.320747707252264,3.135176021098957
1823,3.1231254479690507,3.130300912701401,3.215309851142747,4.206855339460206,3.329571762532036,3.3736972118188255,,3.3458339548373437,3.5794551598330773,3.562263428676109,3.3031721314579436
1824,3.495874785720397,3.155089917362485,3.528871155258815,3.48835471855848,3.0230290129254933,3.3725675833296584,3.5700407383285264,3.122662001745038,3.518529635537357,3.189756041726189,3.6467432516053124
1825,3.1496507480168003,3.302168348894684,3.4003831761062018,3.3199402140155327,3.154436262469924,3.2517865952872547,,,3.1219869101988507,,3.308094220259972
1826,3.393118977175268,3.368057875454495,2.3767859451934537,3.0762060531641393,,3.492180234525748,2.9462199498661787,3.1831445954649173,2.815972127122358,3.358961238144138,3.4280690315913085
1827,3.514059694519928,3.795869827715959,3.1349907711340066,3.3131819016343678,3.4831743859071818,3.346846582047589,2.840395890462488,3.657817594045228,3.6977922975837165,3.43731289446251,3.5348568254595905
1828,3.2678326630955206,3.23653849113472,4.7680125205319,4.753986904914974,4.714741763597813,4.772466223683436,4.774413508326439,3.8354785639256708,3.163718106808412,4.77293465673157,4.7638591074050565
1829,4.70845027604839,4.717275700883646,,3.4922486636497285,3.5306811664623265,3.170693437759519,,,3.619872294549428,3.267449030872875,3.4869017574319225
1830,,2.983876847612657,3.1783097404108887,3.309585444547168,3.1902401554001667,3.2014931935696906,,,3.2189142717895285,3.566049895376065,3.1653622022105923
1831,3.060573097718794,2.8602208651291456,3.308039334766142,3.4554884078182715,,,,3.171203025697822,3.3588214332604136,,2.9890535262138274
1832,3.0728970028240856,3.0510097713470326,3.8188342767885786,3.4279567554464947,3.402393605290647,3.2638140072657778,3.246186520056291,3.188172844192901,2.5382429843754557,3.3326355791763436,2.7203843062335595
1833,3.389436530171331,2.778292659613502,2.7902195334266833,3.0843135265993413,3.2539944714140736,3.2657905522341713,3.423218078706292,3.251022978132583,3.1501971535531244,3.3004814371193145,3.2351429214089182
1834,3.426374718870966,2.9426033771534517,3.0689453775905333,2.9399716110097662,,2.6403893969556327,3.308338284031523,3.425873384308367,2.9128112307246035,,3.1046221087516677
1835,3.0918853687215577,3.2018179984416366,3.3479213130533227,3.3422142961300487,3.438259215581681,2.5082109487412105,2.744193174984601,3.100200394022782,3.373364233580038,3.144448240997204,3.045843277044841
1836,4.147046559316689,3.368148101665939,3.104469194563048,2.947776001756646,3.836163380638646,3.8439274640936105,3.378101927594199,,3.862319759377446,3.8695696416482894,3.8336591506005537
1837,2.922111611389036,3.108051558418687,3.3965745052117557,3.4433015386971304,3.5340964847443255,3.3301301907312695,,3.1739583532472597,2.7398317037356206,3.2087695429362335,3.1296325887150447
1838,3.7755786169670476,3.196067904634482,3.575819862817943,3.1419231752630234,3.525940755301419,,3.880394570946903,,3.1612319848436092,,
1839,3.2577280029866573,4.150667428127299,4.249402459056771,4.227216105965695,4.2297386907339405,4.226891223656317,4.228338140527772,3.133584655192108,4.129545720744239,4.29679401485236,4.263716145312277
1840,3.594666443908557,3.1542132467434514,3.064651414746212,3.647618475559394,3.664998492823385,3.7523286052610607,3.72108881212036,3.127274734997695,3.6989477988820645,3.830892680724556,3.694637481750763
1841,3.311194648501255,3.8021838700960657,,3.4335195949728976,3.1944265557049993,3.137384774322035,,,3.6589061659169353,3.135967126255633,3.707856465837912
1842,3.254681319529284,3.658439722412697,2.743249357567594,2.9414489628026526,3.0261390671035415,3.1676128312113088,3.6745952566301883,3.1433911323406307,2.8187972529181735,2.935805874320241,3.1189584647303064
1843,2.6306181803650106,2.7047738045672287,,2.6921070696167453,3.1412420661200664,3.3385671941426494,3.0946298917215076,3.070439468906331,2.928268850959569,3.0674955869852014,2.9793451336701375
1844,3.264915431820919,3.1375937805461693,3.4154786928910785,4.284379882565609,3.3146237435441037,3.560629991858176,,,3.336866240881249,,3.6063124531721913
1845,3.300502043994633,3.254296429601785,3.3116701279755745,3.476619197340952,3.152655545396105,3.3081556303710284,3.282309078190302,,3.207560946526576,3.613952748208602,3.347290927112191
1846,3.251410685325368,3.4902049022634056,3.19121367013443,3.7204720305432564,3.269713420014287,,3.452359664394001,3.6385468715005995,3.327352118831275,3.3002099677213534,4.2594839598092
1847,4.245335029817661,3.0872067183728054,3.1258154952336197,3.3618460511772508,3.3409481199437736,3.2066758330281755,3.32960489279443,3.445681884267397,3.3083966353381156,3.2839022806898,3.2766091399868276
1848,2.9704166474424984,3.433636129276168,3.1918467620865685,3.5063126630359363,3.346991101723378,3.2603762327271513,3.3963549055102455,3.73373758814925,3.299150727681373,3.3383693852968164,3.2252299982221024
1849,4.054752674236474,4.270391551378374,3.2609632133297146,4.199489167312347,4.143401220188773,3.3575160395628574,4.228253098586149,3.1554196058149047,4.10953959069068,3.373004354506055,4.150267568833302
1850,2.981094737414953,3.1388580613077997,,3.205098373189878,3.240651281835627,3.3733418003862568,3.1145643373696545,3.2012364436556853,3.2622251834158607,3.2867379670533885,3.157408643081666
1851,3.1263456027792453,2.8085998963218786,3.851359281902847,3.5069335994003774,3.3462965290217017,3.208246615490186,3.4744552878348083,3.3795325018028994,2.948630259097115,4.099150544342239,3.441603694561513
1852,3.2762227597687943,3.9269016362794265,3.384866632029393,3.6858502059699445,3.7290446056793125,3.4744439232751927,3.1946530503430175,3.062148746389034,3.3009547133121826,3.7345763556118006,3.7429478728105763
1853,3.768250081987354,3.155049826698641,3.7423444724492327,4.107054902769834,3.0567932075946227,3.7169035412242044,3.745534800428802,,3.3106875714024797,3.3216658496057447,
1854,5.1527155886799365,5.193188375604258,5.224552343592338,5.2181981695593525,3.254726444613607,5.260956026246333,5.2227433873051785,3.6234512808626724,5.101406365512513,5.2344555658813725,5.228951635119927
1855,4.145162141452927,4.13561760325508,3.1409487401635956,3.456617607997619,4.089755945990772,4.134460853776178,3.5736820234997393,3.010440769696168,4.100805859460899,4.172217287368623,3.7321549147332975
1856,3.1109295145425886,2.805709863476557,2.5341212672814453,3.4864752201542304,3.2025322127082156,3.3370646091549063,2.981961398559553,3.20509325109448,3.45045521507466,,2.8400564203663765
1857,3.309227246697072,3.1365277234127,3.3017836164568655,3.1536461137851997,3.5757210428359127,3.4749285995317805,,4.525669811301029,3.427382440243495,3.7520140634676293,3.166287980560271
1858,,3.087422565130803,3.1212267747630404,,3.5128885116254236,3.06271550264445,2.945282017515625,,3.189589765812586,3.260836573909036,3.131115732939988
1859,3.4339397057756806,3.5047912808494903,4.197291234935203,3.4819481521725657,3.2154276273399818,3.5154426835504533,3.490429541693092,,3.2664311392911607,3.5324137802550983,4.194635121053082
1860,3.1383836279775514,3.1831233467166524,3.4564589732824342,3.27486982523186,3.381306700249345,3.3153264268801355,3.3468388993168823,3.8243960362013016,3.409620348599971,3.313709393395565,3.290028879289037
1861,3.2011786581777186,,3.137101612046337,3.3104418731781586,3.231542204368847,,3.1523415882320025,,3.087813229858473,3.199968729370749,3.3545193926026036
1862,3.388661833899999,3.0634075217880214,,3.727178110097613,3.0290443599345664,3.212777644581712,3.61404409000646,,2.6147762537841834,3.5722966374807625,
1863,3.2713582087716233,3.0109800672519236,2.7778968007330147,3.6256181701715233,3.6663756582075124,3.389245776868671,3.0688108246394834,3.44699159881343,3.2361746374495963,3.5355475305532322,3.275231321144331
1864,2.7836137893334785,3.159084795875893,3.14856265948564,3.410250012858792,3.333295138395228,2.6076062943999947,3.463692041965403,3.282364238686645,3.5719454707994718,3.224913440136357,2.968147479803223
1865,3.1734380338425123,3.6330897940299427,3.667402335318616,3.2463321621527617,3.2495905517342822,3.6311939615220803,3.7309712926355276,3.1737494256193313,3.6639907784099486,3.733026980491576,3.6917280458431336
1866,,3.259858725552253,2.888457377620391,,2.935525954717599,3.265970541661003,,,2.3855823756601477,3.220233175514816,3.2488085355834597
1867,,2.584179057346834,,2.696536089776349,2.7051067889097626,3.170877432508773,2.9018371810257495,3.0990056074275705,2.795654859030509,2.7584338344194146,2.7555615855097573
1868,3.4384726023592163,3.2271462307682874,3.765565593714047,,3.4924904136963364,3.2111993616269836,3.2263337368273652,,3.2179525790463277,3.187192173070708,3.4617723351525744
1869,,3.4758601892806267,3.0581276521562155,3.1198205456677304,3.4107588078246387,3.615007354230491,2.733786647415163,,3.1022680142364303,3.51856344810972,3.6194297004451714
1870,3.235990089428451,3.490189461508343,3.4077957511297936,3.5761745339409936,3.463861234263877,3.8392656660658018,3.2338299106787143,,3.3898443253288844,3.662377755154716,3.3829520920824714
1871,3.628955535957563,3.746529403194289,3.6188504822276597,3.0933091045275503,2.9856838780743598,3.758170927416087,3.011328628954721,3.0894728205774507,3.4436477392931164,3.742092708844736,3.5834736690280273
1872,3.974397062387707,3.128528634953705,3.3142234778159962,3.0982115262605996,4.013106225595173,3.336842199601867,3.529159267284613,3.841294907074521,3.9686337530731803,4.154033978272732,4.021334261681817
1873,2.9988153495641754,3.3198983501406802,3.781615391027053,3.4242007822216136,3.222832870548021,3.441823778896464,4.150961703911735,,3.326081201023471,3.146454068110123,3.1682413722623672
1874,3.238483184654146,3.0612371414280215,3.148641386421702,3.205040859267526,3.460540409602771,3.1571570009212833,3.4604053936436237,,3.4361608954277854,2.9520476489626106,3.1941298022995213
1875,4.199652875527253,4.120733714221881,4.182195888501515,4.206021665522451,4.1608661176627635,4.140787867095568,4.214014331189377,3.1094526995189975,4.071577876036142,4.219493261474227,4.2118059611515575
1876,3.3289080962775066,2.928927267170508,3.405133737282768,3.4100903713268704,3.3903318236517452,3.275464734529882,3.5404598647343195,,3.341422768299108,3.3192142859720626,3.3777376526505956
1877,,3.0606247780032323,3.03074304298795,3.0647244085946994,,3.2764756296472726,3.1571250467089222,,3.290805567474517,3.2028860664350027,3.100620175206819
1878,4.101982664592892,4.0258413300880695,4.104449791978551,4.142807735087261,3.983596201523098,4.159732840927278,4.1765981292538905,3.603383070836562,4.031159274181243,4.135450385920091,3.1692394477112655
1879,3.305745122276012,3.185825468509997,3.5191572369925694,3.0590232034756086,3.1900130279473315,3.1336974388935457,3.483249217670022,,3.120747626516882,3.15140423176669,4.136737497061265
1880,3.262647496703968,3.225947470638607,3.090184812554565,3.1897508711407188,3.0357651297496506,3.133920927153399,3.190579831211464,2.8743652241391198,3.1747213939918026,3.312191208929975,3.2746656990044736
1881,3.043786257847253,3.8162849002527017,3.1521292110987753,3.106444346252988,3.235255588377869,3.2135321979330285,3.3164711906532403,,3.120650496785629,3.2177106992939897,
1882,3.1000815663977073,3.2316395517689083,3.470858154668177,3.239510285343067,3.4614006495518894,3.234024262132816,3.2784551411558884,,4.536320601083992,3.378517931761281,3.278028108267027
1883,3.325370747308,4.601786675930374,4.642474763447276,4.640601803638338,4.590159421863472,3.467979844297157,4.631891887089707,3.9080981198078004,3.198045210763693,3.627747370064298,4.6725202135076565
1884,3.1878579705800756,3.1747987121189363,3.23654398840409,3.321765245480919,3.264104363625337,3.310322144409906,3.1104132204545563,,3.3506151849756503,,3.3791792278395825
1885,3.297070791113835,3.27010048661463,3.07577655149763,3.1933253965178103,3.036531335102083,3.166053964946825,3.110252838411253,,3.2190469706331206,3.0812187174298553,
1886,3.3399912173341244,3.3091332751233247,3.1984285293361423,3.3840159429662733,3.3679333084817786,4.663045930733411,2.9420614617068455,,3.3807629293495727,3.362180183514971,3.1356919485241477
1887,3.109721961978997,3.075830843802702,3.2940378747309813,3.4075596449624452,3.37832846396465,3.2774656933466773,3.4610766273345153,3.284548921542426,3.2493325938672792,3.715693432935003,3.2078361014186036
1888,3.8149033426698917,3.594816215228758,3.823139804047415,3.7672768504661964,3.576121505884427,3.775663631263331,3.736228265237341,,3.186130817688109,3.316250460158225,3.758356357022036
1889,3.5885793421652856,3.594403286639062,3.178461880114266,3.409873793947779,,3.6756682848678217,,,3.546807753282591,3.449563678820183,3.2149482685104753
1890,4.094879724207524,3.201060363781874,3.839343482497704,4.162314809251823,4.104534044568547,4.312734469383873,4.146551625962558,3.022748286152918,4.00897099366696,4.2186138662544845,4.136007420822217
1891,3.429994847530317,2.895178996346481,3.2253803232238605,3.2692098549152186,3.6403422888899946,3.2462159654829774,3.6356271664567448,3.1437952181109345,3.5702670505069576,3.4819206943495384,
1892,,4.0701884407219495,4.140133011393438,3.6070787202781758,3.7291130486737916,3.3220406182476174,,,3.735912246434654,3.7338087748493685,3.1403697678885636
1893,3.1820052935209935,3.2297557475707497,3.3076256011705385,3.371963244347153,3.6344364176174944,3.288608103479934,3.5250709084826415,3.159870448202751,3.162704130696317,3.1582633637378428,3.1331701254683013
1894,3.468752546009445,3.4431521324395207,3.198427580774413,3.6029491049520574,,3.1824727288837042,3.101067284709961,,3.2292505913149925,3.5929837389658448,3.5903078104167863
1895,3.114215071650524,3.3468036134979373,3.453362529874151,3.0571874805995667,,3.2387105863052885,,,3.148724348030976,3.3178263221095463,3.2517493979713574
1896,3.2229230164422793,3.6376630226102398,3.368155374307593,3.114522803154737,3.3910783034197527,3.3618971421819936,3.164646209860975,3.954436214981694,3.1815432713660177,3.630389251847859,3.2011258637483033
1897,3.545818415836592,3.278438927055959,3.1880666557263853,4.1387014354881515,3.260959129622657,3.1714596306442457,3.237161965330747,3.0478830414352145,4.174921065484164,3.280359260760846,3.2965196295688197
1898,,3.546284971507522,3.101766434888194,3.3607291434854187,3.163352891275619,3.3094613765698853,3.335028285375746,3.3995048551503606,3.4161796454122233,3.1603869711266084,4.155437949612857
1899,3.0731737723270705,4.012666955562074,3.377294889270449,4.075985361150358,4.074073714822578,4.0829189355198,3.2073567077865186,3.6457673154339316,4.075442001795026,4.112782353711893,4.0462056203853445
1900,3.8386551626719174,3.304399037922554,3.399351043972846,2.992550054685213,3.11516116596718,3.2638139472830447,3.1240049152181433,,3.188137136942966,3.09154830675672,3.1075581781693504
1901,3.194942371988069,3.275118485694518,2.921829655930433,3.551141716783793,3.2209363079610434,3.7069915782144025,3.240568498148885,,3.7091470137124403,3.2399530803172225,3.130698822997525
1902,,3.014524910094194,4.020707767504739,3.241065938616894,3.2544283338830695,3.1959011367743093,3.653566147924091,,,3.3380102779999974,3.1373516737800147
1903,3.5805059423913805,3.627624401538635,3.6621620485447552,3.6013850932186684,3.672253383246122,3.397428474951722,4.1464528636354885,3.111265055111099,3.3178500734634566,3.7578577310073906,3.7012395271200575
1904,3.104315942662286,3.7281901966660063,3.1349590038727846,3.1564895663462833,3.395930675890229,3.338632987879251,3.7573087473730387,,3.3679445263446675,3.2151132147039823,3.3923700440093363
1905,2.787925702224249,5.070490006255562,3.1432449786815675,5.037859782977967,2.9693503762028928,3.3782205874517026,3.2826818427346875,,4.937172280012501,3.2476843926715673,
1906,4.988853179208947,3.1686718742590854,5.067925233241757,3.110928189886408,5.015264030524584,5.0791354531096005,5.103430994896277,4.300565930490068,3.100948271860884,3.3443348703846527,5.078852929790744
1907,3.637758974400922,4.10905834413225,3.814109473304508,4.115268080511257,4.124509160552384,4.151061239439407,3.0867328080454572,3.0606135559588825,3.074157972803718,3.7815229828068873,3.972732288700568
1908,4.064432036110765,,4.110663527956237,,3.104655342907362,,3.5216241407693856,,3.5827344267953873,4.180755845672746,3.0836787663207823
1909,3.3136828894350314,3.331523796009836,3.245491477826071,3.432963894816957,3.2329907521543695,3.1987997936509074,3.5837656544098837,3.1022375949647043,3.28563986986762,3.507297132249004,3.13955271788668
1910,3.2026294316469603,3.094544851715467,3.0939142288146653,3.370103931041848,3.221039137604438,3.324756751930951,3.2656699450569575,,3.194688715094424,3.205216527505282,2.607110654317518
1911,,3.2143609926939387,3.3787457094182596,3.6436584710733424,3.1015045122146554,3.0902696152113123,3.4122735679328318,,3.0360310794260115,,3.3843363485439384
1912,,3.299546993904266,3.264375843511247,3.4447992859974295,3.380875407923228,3.1141984663266697,,,3.408394095141328,,3.058216032825227
1913,3.5387925196516554,3.5099177961041823,3.551103650647244,3.160659993835936,3.497697294300714,3.58979106687309,3.1778953579893776,,3.470489359385319,3.5064727235285087,3.6117836591818695
1914,3.1587194030669417,3.312450328146809,3.3993931467433622,3.15055246265292,3.0165435255718522,3.417763513541964,3.3376487602982015,,,3.259509604413386,
1915,3.155634050063201,3.4167578551984557,3.2152760626305876,3.4784005217499674,3.3725994689598204,2.9391892986016477,3.5334512218550183,,3.176183153176252,3.2456893916856955,3.288331824205592
1916,3.2069870708629917,2.9589251499733367,3.2110988052050455,3.4181693601524787,3.1507374270996293,3.1397401097156847,3.3258977865967156,2.9541083968671167,3.0799495015661886,3.328074389754101,3.183166800331736
1917,3.1294501720836694,3.3196118461058606,3.546595782494702,3.4168124539253677,3.3391691582750878,3.323199043280918,3.385508994555846,3.4155636881832327,3.3483781003244335,3.154765484577083,3.2497938675557103
1918,3.4636360523715366,3.280598743755252,3.336560258905741,3.289951992161233,3.215366583319023,3.3166180192484247,3.320992992613094,,3.5749857913171703,3.685307690055246,3.197617036704323
1919,3.5589483966186437,3.1736835723811443,3.8885876962020647,3.812125407673011,3.611889745733927,3.647956039489489,4.115520605127053,3.188760502578465,4.008678766074802,3.954608250812309,4.014244075221776
1920,3.8480244328676165,3.206758771952973,3.4673616384631667,3.36865503843617,3.628632942135358,3.609544942190555,4.016577088367251,3.572983487827215,3.39730088479689,4.026158735922951,3.265685327274271
1921,4.071938923116756,4.0476154009194225,3.266995551249141,4.06747709643013,3.0688326342293277,4.157912701195061,3.222542110711557,3.0750355553955546,3.44698376366759,3.3285767097861703,3.6544000170861692
1922,3.1614071293237016,3.5903596831859406,4.081349581952726,,4.1033648114501595,,3.1569111957178304,,3.1727005075892607,4.098123538241559,3.3066100427743845
1923,3.0236373729228427,3.0227908805121,3.172072513178822,3.0450568201803145,3.158118269258902,3.27864878665106,3.241436593394265,3.179394035166561,3.375783890540499,3.290952916730625,3.3696745961860337
1924,3.0584564977874718,3.280303357112875,,3.6200199049547153,3.0943905345879466,3.3724825429658414,3.244217746881348,,3.1743696859021964,,3.3604986700041652
1925,4.014725941373118,3.2479768570490695,3.946965274905075,3.104173871199671,3.9665014307365407,3.973974377572606,4.003931520262149,3.4681605442946677,2.975421991848435,4.001100469886428,4.017252397618695
1926,3.1478423695219018,,3.1004239515986916,3.992301296649526,,3.3305374794889118,3.161955056710304,,3.9658792732065207,3.273508709522409,3.409860687377661
1927,3.216634984959302,4.4964044256409155,3.252959586715364,4.486059887989973,3.142773182557749,2.976057914296516,4.5425825438654845,3.1184207378835196,4.446959781910673,3.2150043290131296,3.13507597807549
1928,4.482702097898542,3.3977346987128154,3.4240880246628027,3.518279626395575,4.496262010785507,4.5645917683018595,3.423544188240591,3.7283549173890167,3.3332763360774162,4.534631173967293,3.367591065802413
1929,3.275917852039981,3.185619242129748,3.1225736354420697,3.157978585734175,2.654973870223876,3.4035421026295603,3.1382384124906073,,3.303515239264746,3.4829538867280276,4.535485503210603
1930,3.322764502680633,3.2147704520057796,3.2090389401484227,3.232224481538825,3.487078002282203,3.2628173010758834,3.242147166365086,3.1478927872888542,3.179532794359451,3.113996777576334,3.2519862031098747
1931,3.1631574065984376,3.1913107916143253,3.1182541438311278,3.653220228808885,3.202119379006668,3.709092931949492,2.9551573789757244,2.874905383262816,3.025566987700421,3.2024660996576353,3.090591323341495
1932,3.4998208358466063,3.186877609441444,3.3505891649807213,3.377242437245072,2.9933752637661386,3.555301314258522,3.0967754116145407,,3.397483607832403,3.0891438351071274,3.095209752813832
1933,3.652371007724936,,3.2193977630409925,,3.1306256582321526,3.0900865660416974,3.3041361740167434,,3.5129948616204554,3.470721561422604,3.2209401037523695
1934,4.073033337591702,4.061816988551239,4.10405442647604,4.029717618439191,3.974457492142298,4.10456870949459,4.11874630990848,2.912335577218403,3.8598698386686294,3.3297963917663416,4.024737367145208
1935,3.9377450730323527,3.1566466186131654,3.1438534064205386,3.077601756927404,3.2848915237468335,3.523528766563188,4.033787696117755,3.2551120686072488,4.079837630252744,4.039651664852681,2.7021228191802016
1936,3.2388768790349807,3.137790340948862,3.305644475616315,3.1205742128425875,3.678122899075157,,3.3901687703535215,,3.2142375361066047,3.8579904230359263,3.624251851953868
1937,3.3833192319579473,3.448731487221489,2.9991428662394544,3.5108196384206685,3.1098948994792903,3.5246126069402353,3.2380127801713634,3.2537096266692207,3.0839020708479117,3.376843672445573,3.433327569739185
1938,3.0332986120261265,3.389452556014821,3.469301319992031,3.1112247953189844,3.1795326179936745,,3.4552947213807284,,3.1667721182886024,3.6039874252260895,3.4685716950687655
1939,3.2135152556550457,3.214801533740074,3.232337598684607,3.494957490953792,3.487991915611309,3.1500834305471295,3.2812684740666715,,3.2488565927092767,3.606152838933074,3.14490194326919
1940,3.4890407752508685,3.233847199765734,3.244164703436365,3.518333530532837,3.3759099474458654,3.5355209145282016,3.402735559135699,,3.354076855604386,3.4550247659735733,3.156138997873338
1941,3.1238652704667236,3.252896761118881,3.162907158229452,3.0887639375745426,3.332145960349153,,3.2022028228834354,3.105701384626387,3.5137349558596527,3.3399683363702213,3.3977872029217617
1942,3.1367213702426664,3.9604535630450757,3.251917253910578,3.215144257309545,3.0915466282521926,,3.1459902832665505,,4.0348976616447505,3.1004974111578387,3.148251687720074
1943,3.0222341106873207,3.2397451243584223,3.25599053222364,3.2498805748878405,3.1117415670506423,3.1728270599170467,3.2167193716871005,,3.1079784510439166,3.3456019535153696,3.315791971711399
1944,3.1745681877840672,3.098025603573564,3.1628235109755507,3.129826967328419,3.284026292068786,3.408436367265106,3.1953496125556127,3.019806442907945,3.34119423612427,3.2052594028473402,3.1628136710636254
1945,3.8811558035519726,3.4776362867816477,3.9612674271507755,3.8910091260272357,3.270672372316164,3.1208676311180406,4.93874936783824,3.0720710414836607,3.93143124062182,3.152036315744806,4.029423124722358
1946,3.388368243647079,2.834740836645268,3.0546134123735103,3.471338961150332,4.002687866314922,4.0269149521942005,3.9990293675755915,3.502862173716202,3.223417877367132,3.9816929207258838,3.180969768195141
1947,3.5790389734667145,3.576692574830011,3.4008297694359735,3.3795269188295536,3.635901576271524,3.652994059424642,3.5782849639653294,,3.039889987135069,3.5776055449316395,3.904439119802337
1948,3.195260421705132,3.318055659511313,3.2500059308168763,3.391865979059278,3.098170973358742,3.395211790101041,3.2094115439437556,3.0513754899998053,3.661816843748872,3.1836503945898067,3.274187739414243
1949,4.854769370605797,4.870853112669739,4.939458385052044,3.297061322920494,4.880590975539141,4.942717384766123,3.2080363463517014,4.146132080319674,4.8632850061751505,4.954080703565664,4.908418621738707
1950,4.061419037236555,4.051461896784702,4.082583680828585,4.070247623122377,4.058108650564931,4.147248734203368,4.08441331698981,3.118170722884711,3.956690971385111,3.7102212994773365,3.6223358139143143
1951,3.071584275221949,3.1497579017092585,,3.2755004588486423,3.627048535670824,3.0424440756554105,3.5871120835434223,,2.9824810713668697,4.145648045116532,3.0476524729080037
1952,3.5537652776699487,3.1930604427285534,,3.138656170050308,3.2801734447773088,,3.1345258526057984,,3.392123944512697,3.171193923714971,2.9529591377417446
1953,,3.0728979553993065,3.1391171988308506,3.086652620968611,,3.160467175173149,3.3858477538877954,3.1892808373826798,,3.3127968404510186,3.1733369986026094
1954,,2.4896096125505904,3.367753438292205,3.276622599932574,3.251000164530411,3.1890228570020485,3.2289646900254,3.048381948649253,3.059766833695623,3.4579936699749805,3.4990209684671525
1955,3.279703505891138,3.039640565329603,3.1065381761238338,3.132710542816005,3.3733632255477395,2.827454381014821,3.2486264922157297,,3.295623078391461,3.488115425642543,3.2161661948570597
1956,3.4184987056577936,3.4454362948773873,2.9172926368103522,3.332861316629661,3.4174468663881004,3.5163026111134608,3.487187839541372,3.1692255773795504,3.4414584727892885,3.5096444510067366,3.2612620528554674
1957,3.1346333153545207,3.2056007417157937,3.4104814608885476,3.357536713854635,2.767727889180297,3.3151206879544666,3.1986661727614925,3.1218310541132372,3.068315212749434,3.2179849588569955,3.166006690124543
1958,3.273276816567703,3.0591406365888454,,3.1941138469160157,3.0499667349546424,3.1221399252681192,3.176112985680052,,3.382263632130783,3.1583827797320576,3.0412340884819065
1959,,3.4176691698084687,3.2943505368110593,3.26720308279075,3.0978918987179287,3.225269691142286,3.314160795188628,3.274736193072931,,3.0842515899959584,3.234648319785018
1960,3.450083117966899,3.1492181356761875,3.40177626060379,2.880126287459232,3.6702643037797134,3.153053225525436,3.644276986877141,,3.141449150970453,3.2384518883989726,3.3198964505764024
1961,3.225754480028605,3.3761860064104385,3.48775048516722,3.478031521632638,3.289691756053472,3.0991008897866665,3.2594270303184585,,3.462675470129356,3.662662580905267,3.520654252661588
1962,,2.899921700875736,3.6022070151216288,3.7857229092535074,3.5966210661611413,,3.414119936710588,,,3.3458024073871115,3.0800974238177474
1963,,3.7322861929894495,3.142571718553259,3.5266404170938572,3.3693594131033437,3.1989941270588824,3.1625040135885296,3.191456162552726,3.4223173154809787,3.830658975621005,3.151160048360273
1964,3.982169861370499,3.9118413956844535,3.9941485993829255,4.059320172367415,3.9626302648338423,4.0046924354601074,3.981756489464529,,3.8797699860265245,3.9903988336123843,4.1827577157487426
1965,3.3336323388863223,2.964978099361725,3.6573588798808387,3.142996374369598,,3.080190068683823,3.0531338569988136,,2.98732314353889,3.7464700938792355,3.135734530538119
1966,3.0856236180108523,3.103912537154776,3.363875126523694,3.1821598701370437,,3.200718244149052,3.241456330900596,,3.1195938287393155,3.2799603263268584,3.215229105645252
1967,3.8860318026177008,3.8560232790346824,3.1189137124199307,3.812382208987263,3.1090369550925474,3.8541972384026164,3.174293480031619,3.551671733940935,3.82274086692796,3.952629742314197,3.912286896316572
1968,3.216831127019573,,3.891899828328201,3.375734371056069,3.185275832384085,3.1924712133273285,3.9645761872405028,,3.2225863119271505,3.124234573031154,4.341476753713442
1969,3.285957056100709,3.4271591239599566,3.39050750616112,3.339534516926947,3.04713790597147,3.2747187407057927,3.3337607110634897,,3.0839642042500386,3.3105823697385195,3.0347661848770784
1970,3.2197105589637514,3.0320644450521987,3.234283724571063,3.1833404301890127,3.8998616906330303,3.243304468556359,3.229776719419328,,3.3649745598293985,3.1283130068261147,3.1370707951090577
1971,3.356037311816161,4.370795070839648,3.230991136471298,3.189792920651465,3.3165300518358283,3.1641619129184484,3.334299619047368,2.9559394256320717,3.4319030596606748,3.470360828452327,3.3253162954125455
1972,4.319148976660931,3.3305119442254285,4.405497600366519,4.381994457851886,4.363235665647355,4.462620406942831,4.407566370279888,3.5666147298654503,3.314049076079266,4.393781776693569,3.3318052512844996
1973,2.9877983090619322,3.218049602815846,3.166011787921958,3.229775781210497,3.237674543365623,3.474290815448875,,2.93305986680374,3.0835077630719177,3.2072508169865634,3.204954217675452
1974,3.145400652585375,3.215689297382497,3.1465215908606763,3.3706210587471905,3.4231435828497796,3.208731919502375,3.200886808875256,,3.14110049509107,,3.0622274938465264
1975,3.5105986931599182,3.636960370485569,3.1222621458088846,3.6608775323638865,2.8761848359475493,3.180004603607873,3.597430383936483,,3.652615352645017,4.197969755194496,3.6691294773813397
1976,3.2800108834227415,3.337589458983971,3.632646397317082,3.145376195215863,3.1416694281818804,3.620727391416892,3.132951113262466,2.9884539552159426,3.182363972570947,3.438609970630042,3.2252845590519916
1977,2.8824006165530633,3.0896311740981988,3.3717379387991344,3.251760664748495,3.2723744916912567,3.3621490826685845,3.088970478231292,3.227179340082806,3.3016797977537586,3.8715292004660227,3.2649582689202425
1978,3.4133695323231,3.432855036674681,3.1508916269142917,3.263065927838203,3.397465747123791,3.269228021790275,3.4684617790493437,,3.4078793826189617,3.4551062471351575,3.5498205774860914
1979,3.880699098847226,3.952506985917336,3.9433499852894696,3.853696284566666,3.9063864734018576,3.139449275775483,3.9160186344127204,3.167562691752603,3.9285666638768935,3.2800620750306253,3.962018687789361
1980,3.208513364326927,3.198247261430999,3.4015069894481256,3.248329536894926,3.3363655303039,3.2716825082395817,3.065929090530406,3.1245536810884427,3.173848338228428,3.4616296516569665,3.264829514470232
1981,3.161353015324278,3.5138066824308027,2.9261911231752995,3.9539056967857875,2.871411306665515,3.3354347523928696,,,3.382105242143327,3.296231386020828,
1982,3.2202270126100085,2.8621975330296245,3.074881115924736,3.466260269215285,3.1128653443878394,3.205737677813741,3.485601826794886,3.2276034363070703,3.1543207052167657,2.8982891730141325,3.358505023465516
1983,2.7318168235838005,3.226300288624329,2.8264822160898415,3.289688169148035,3.1692241620295585,3.2661061858826193,,,,3.1953609467256268,2.801451279697993
1984,3.216783048582161,3.086650225675894,3.400393788907872,3.177667167448837,3.2028826791811484,4.187714106973296,3.330473080890237,,3.1300465272808404,3.3412491876733976,3.190566369920478
1985,3.8803530906451225,3.3106590555578745,3.8542055578047836,3.156607721479386,3.8874323827545245,3.9375092904125433,,,,3.2912774748764724,2.9410518666234693
1986,3.1745742145077043,2.9801672779888824,3.342340869312533,3.3176705730717733,3.130609922840994,3.1683806625533895,,,,3.7337447029976727,3.4919296422604904
1987,3.0192551452784144,3.8708243015492942,3.1934902159540206,3.302148868708036,3.8635949505600564,3.158994735526698,3.963583815419922,3.648782724722759,3.1006098318631783,2.9703345133022627,3.458999675331085
1988,2.839883408465523,2.9986541131208178,3.8443297046935005,3.5284271167030337,3.1629595983641257,3.1534368846009286,,,,3.559230601376172,2.8459623770776075
1989,3.0118520963927065,2.960412962918531,3.217527349349303,3.734906000047781,,3.48528779297758,3.2584800252768313,,3.1179498741523926,3.337896359585136,3.554611726895448
1990,3.8269236715760937,2.7312176904851357,3.473575181130649,3.604449624876576,3.278456760839891,3.5366861673096697,3.4591494462613364,3.121944834153328,3.0524778276684916,3.3369993657339516,3.2023665763121483
1991,3.4108149670117025,3.5047702357002875,3.625906272159462,3.3979986644779308,3.716552957197708,3.3851739248315584,3.343618963558658,2.8192189954169495,3.473484474902167,3.5522989611817652,3.5385912394858265
1992,,3.8437727003766033,3.1925477147061927,4.703867534899297,3.0641103411754598,4.766245867557551,4.781185575443923,,3.7853481636139974,3.4418389327788446,3.2512903621287066
1993,4.704168689478664,4.714491988083588,4.7705564462252,3.2000547522346325,3.2173111052546313,3.2241844068204304,3.035650305944047,3.2787285583393717,4.650355567803829,3.2627235656450524,3.1009103563752483
1994,3.8473949204132865,3.798940901108901,3.075497594953373,3.869300979412307,3.984809879894535,4.091855856873812,3.9612255854007685,2.9695568183354437,3.9432179104131904,3.6910536751615894,4.031030013338732
1995,3.3157727439418285,3.1086952065710887,3.1760985938104325,3.1206818425108134,4.716473722503245,2.9516036034637656,3.0892584826087393,,3.1242186751490784,3.1757244699716023,4.7608873856533105
1996,3.0795516488951233,2.878115334490121,3.3271920450158823,3.350116129937227,3.1845200994152125,3.360058187697445,3.2995068887368593,3.999154973127531,3.1034298909109426,3.325068703478152,3.25891880109226
1997,3.143433624438489,3.11080586589219,3.2531453052755714,2.906489545928149,3.1743565475067497,3.0702920287318753,3.100977386565146,,2.8917805696074197,3.3004558899349705,3.0965447736772056
1998,3.581497228147414,3.0461092180888523,3.166806839295869,3.2670466739790025,3.106087907448452,3.114472274403049,3.331938608553519,,3.2983714227780068,3.097107521927607,2.99900414969173
1999,3.061623056841876,3.166015506255679,3.314578619338279,3.0823796499494662,3.388542371157779,3.2694824406271494,3.4538107953739647,,3.296500981586136,3.243703855628888,3.3099364441904298
2000,3.046519321486106,3.0624316578713224,3.4196798084917073,3.173333354547174,3.193391276035257,3.397617302524114,3.140069776256692,,3.3394511470198656,3.248192885450524,3.2337085182440846
2001,3.308438654755986,3.145599193073766,3.241489134345168,3.499379075015632,3.1585482653710217,3.3805112229697354,3.3248130409676904,,3.2338892164036843,3.34718978373782,3.0559694361440743
2002,3.229553663642099,3.392210706349972,3.3700694995173923,3.5003279949628294,3.1022627281727786,3.277465112080805,3.1089942004693754,,3.1699946630221794,3.544030598423236,3.3017858014112313
2003,3.2118162677606445,,,3.308128928125278,3.008429317276603,3.2188686262097326,3.432692705514027,,3.2638257696466493,3.286432209625106,3.2572943058027146
2004,3.217998881631674,3.2274013338566,3.298239066508522,2.923487940390191,3.0947655767873634,3.4326530306543623,3.32725580647751,2.971979594339396,3.225396699247557,3.2712640348042332,2.8884938799760214
2005,3.046525115112228,3.1120722231957476,2.996792869583343,3.0918326165016476,3.6692506048899287,3.196639703543463,3.219246909064607,,,3.2374665979204686,
2006,3.431410975454719,3.4857103367247886,3.127389973053681,3.43379461142518,3.221595461162689,3.4480328458678575,3.576244746003301,2.9271537642034593,3.2090335152732195,3.2603354717302824,3.0692395654860167
2007,3.9612807094082805,3.088471291305085,3.8669257359994864,3.7991491703274747,3.9786936695756836,3.874064270829701,3.879003549289482,2.9732758841479248,3.8869077677933,3.859474982857316,3.847671854373646
2008,3.0582493576223615,3.2756357931720523,3.3364634999741907,3.083473553127003,3.241581602390362,3.408338201771747,3.391544255953873,3.2276046420254225,3.3927555186889107,3.4576655179273446,3.3764977106121026
2009,3.089100227955764,3.1946229222355376,3.794714809109675,3.7483685346883013,2.8784789483578486,3.853233491275001,3.72371022844084,,2.837965741913085,3.6393444096960303,3.8289563671515396
2010,3.526744137513039,3.1219639724476016,4.250991466320911,3.2593088818539866,3.015800283492575,3.0641460368637685,3.3673942005702635,,3.757832035743856,3.743858386830093,3.199194041521559
2011,2.7226490061324373,3.045322038610293,3.1704841720144903,,3.416196596764408,3.4924115074903166,3.2262057195998506,,,3.1754201138122444,3.1048085812982023
2012,3.346640530658279,3.105508695148712,3.168164486886945,3.0900871572849002,3.1067676476386974,3.1595829685309336,2.927118515688844,,3.2029246437456593,3.2245255347725448,3.0895311262766736
2013,3.097930447422483,3.756545591525115,3.2669870459096346,3.124972580443656,3.7892917396733767,3.2810391612644962,3.1718265289896297,3.3406448127985895,3.174791271347678,3.1721497207511815,2.969579301187913
2014,4.237768748221648,3.2429895562247686,3.2123763613215885,4.288221370859007,4.229733484484992,4.335341255381286,4.309159952914034,3.3119674297549757,3.3556948773114175,3.4574326974973806,4.205967815482577
2015,3.3229164662244113,3.0126769660748938,3.288328610675581,3.288122045821743,3.344688206073434,3.3792089055393078,3.1833841958900266,3.0002597487541793,4.20026472069775,4.268551806157593,3.9552660229139924
2016,,3.094062594823525,,2.9029400491777757,3.117328894695989,3.2377459712636822,3.1858346045201653,,3.0427498985906127,2.661136683048951,3.188262185560305
2017,3.1572538101859973,3.176584469198109,3.362935753801894,3.3490770560099494,3.236962657907151,3.114698519206178,3.663948820865445,,3.100624063733769,3.235835301476375,3.0495933265758857
2018,3.136155361812658,3.152556212786924,3.499372968255766,3.3403955156217324,3.0815613249247633,2.996493588467608,3.1249112155312715,2.9841240665214106,3.144361196883051,3.377404612881617,3.1151053817912486
2019,3.5561166498996104,3.5311537978561165,3.221503195229995,3.4182761661073164,3.6777975188787333,3.556989289791386,,,3.579914839729282,3.591312505346887,3.5548236319283086
2020,,3.279269432830267,,3.384768171607767,3.267589934033701,3.4754753376847742,3.1764523827181352,,3.2821603603278353,3.3105765820770388,3.3049371019865657
2021,3.299427400034364,3.149631896741289,3.854158301662035,3.724427727675268,3.98980299431434,3.7318238145174165,3.8366011006161886,3.0885400362114175,3.865936685042732,4.041056428736573,3.971459519635135
2022,3.232971661663665,,3.2644968430632724,3.2734835641545863,3.4206703402622534,,3.1574255619196316,,3.2818623182880446,3.2180203622527914,3.5267192193058636
2023,3.485741141540451,3.0414770910487308,,3.3317810751173584,3.236448901705515,3.1666670053270995,3.3855671533525458,,3.2517179208817213,3.4837450261599874,3.3881565074878375
2024,3.144218510253769,3.2042452877465513,3.132143676192029,3.367012395416687,3.1313474460244928,3.127697539804089,3.4365595170600627,3.0738112592201907,3.1811745552585733,3.3357616862541097,3.3491142861856487
2025,3.26615240663974,3.10949175543979,3.2210479896271256,3.0627988267284048,3.3724039546409625,3.187639192402046,2.7683465448711284,3.5171387351387056,3.276323686722888,3.203462506442796,3.144276167539114
2026,3.1720379549404076,3.0501464148631876,3.406533022280526,3.041552874549251,3.127830450027236,,3.362814854566541,,3.0241971153341756,3.111342778625351,2.850685361116353
2027,3.722128922903602,3.0582933472907055,3.1604214103499864,3.2022335679777076,3.1566782826423943,3.8661286705586373,3.2335425157775934,,2.9779344320765686,3.190923620527089,3.1054135052576832
2028,3.070641374272445,3.0529250085191655,3.7623453012215364,3.5974462465137984,3.2621287737885263,3.4151780906033173,3.298941922519681,,3.1791838049834484,3.2120512118605724,3.1898038664132007
2029,3.726541139587517,3.09699400007083,3.1436120074537888,3.2699010038405123,3.1581825207384435,3.075475421879451,3.253728642259642,,3.0734803944118974,3.2305385871395114,3.1200647713763456
2030,3.2567400363573333,2.987179972053959,3.3625812430559736,3.456738294006274,3.1279007391342764,3.7917867434367887,3.9290506089550146,,3.749115298020269,,3.334261577886432
2031,3.2186578940830786,3.671358382784643,3.203934145220787,3.76002728472475,3.7672065358805056,3.0889220050924457,3.726485201316618,3.2487612107701813,3.6076683960170732,3.815925715605794,3.776270823639014
2032,3.2874923182168097,3.4998657310446335,3.1194552528455994,3.1738312638477826,3.820018391965203,,3.310684070048829,,3.360593175786805,3.1675368231565426,3.091548931080231
2033,3.127390771319614,3.152243494235873,3.103019528930694,3.2337172922685915,3.0769784638507782,3.330387762669179,3.1336592694534184,3.1569030811213477,2.922607889402933,3.0909408630503417,3.141769386346001
2034,3.5685382944243376,3.1462861040922276,3.6065450456441757,3.6231516981368013,3.3347322292026935,3.565735719822949,3.4559901652750797,,3.4111756776926523,3.5350920458602344,3.106561473369537
2035,4.541720967693798,3.097784794656732,4.5958054584788295,4.5917558659798345,4.57023767955349,2.9859547106337696,4.649101768072295,3.8171339084526963,4.504099808290496,3.2875599401931925,4.56450180230608
2036,3.5551085264420785,4.5571853959172826,3.8740526314698047,3.919519147728285,3.849374536118849,3.9733414127725437,3.384956003264849,,3.77605228511385,4.591508157395809,3.882155079728992
2037,3.0518881273889593,4.2300305870735295,3.0949447994639523,3.0815323689136247,3.5796887201661467,3.2087500321062166,3.6407583851072336,,3.166921165875561,3.1485357406783296,3.169497663319329
2038,3.0747784010165686,,3.170699968870314,3.2421014786584665,3.132210658294944,3.261183280739655,3.2711215401171874,,3.24712771992557,3.3243252278633513,3.2442725317736594
2039,3.3073563274269717,3.2461244225490513,3.012885221445429,3.005909923609754,3.1742768224730966,3.0930663063111288,3.3584730326028778,,3.0466141674901155,2.952054496799015,2.960640330825534
2040,2.704412660735156,3.21760570981691,3.2530790778163756,3.0378071780081126,3.1361748980116197,3.2633881310875665,3.856297620188498,3.0756249515324696,3.1654429547583587,3.0606897640358697,3.2886648831958327
2041,3.1942015523574634,2.9643845867946004,3.245325739438054,3.355770617364782,2.943824721903892,,3.1933262626550007,,3.442844293222236,3.2883661158150086,3.0233972313344584
2042,3.2815163526614435,3.10117773389396,2.9661920502137415,3.029111472421334,3.1273621608467295,3.2142722991673196,3.04384010902432,2.988240873127616,3.253512127336448,3.0359863036142287,3.226809513267382
2043,3.0735346141522495,3.0098891562317998,3.1547023073105342,3.326462698350555,3.25640973848638,3.1764000340455016,3.2948922227555077,,3.24995787354648,3.1605423001078994,3.17616260265697
2044,3.1541344830653135,3.064997195557417,2.977861486779972,3.442427732946456,3.223924735828175,3.1499129437230113,2.909228127581429,,3.223576116107896,3.296888915290916,3.3586181084668425
2045,,,2.784682557701787,3.2295689175793094,3.007060027789974,3.3413351816549874,3.3402118708955206,,3.1679931153874326,3.142985712876911,3.282757524146707
2046,3.200568067565598,2.3958749251898124,3.184788921586538,3.3709387817413043,3.123137941682024,3.3213023735598752,3.103485012872437,3.051231756832317,3.179888625490139,3.216803428077334,3.048090262656964
2047,3.291430440965137,3.2422538157125924,3.4764969164161,3.173926689085333,3.2262982413906123,3.4118666581214745,3.234421101661489,3.1786637555813515,3.0153668532270683,3.2051900164395026,3.379925638784457
2048,3.119134928617992,3.1911146574255618,3.5684092782756758,3.613174789445144,3.355621568290842,3.6613040624194846,3.4000930310475126,,3.155527552929495,3.674514136615926,3.197110297272893
2049,3.661907013871472,3.757544907614897,3.546027183998748,3.701710572068017,3.0946154311680534,3.956165199586014,3.956342406118288,2.8192189954169495,3.6287433124626265,3.7435930491765714,3.0674753810404245
2050,3.07899029252594,3.5119282180845857,3.2197518145182937,3.1271102593240876,3.5903272541507163,3.14626473137947,3.0829918058378625,,3.0468249456378524,3.3915303166647823,3.809691848775603
2051,3.0726224723334545,3.0699066044655483,3.089971205583245,3.114036118340358,2.939215473059892,3.150003769222654,3.1534915066454556,,3.286048764504675,3.4037899417613353,3.138194359468683
2052,3.1909363320572184,3.3406635508970073,3.9810626613186484,3.2758190976949444,3.571279547799689,3.6540655848728094,3.39154675388268,,3.2852431699670332,3.2003277480473993,3.1631904500365318
2053,3.029021375508003,3.6798862312783016,,,3.203460161681212,3.7573291308694365,3.259935586564277,,3.2291435785205103,3.764052850235429,3.6651244186615433
2054,3.1315945777606635,3.2122920947085385,3.1694076011642967,3.129230539321789,3.3609735056372068,3.047354242716586,2.9928080756613684,3.204565689453475,3.654600815004964,3.2163271354532035,3.1838221213638906
2055,,3.09069523270399,3.0342191884119436,3.287176343466345,3.1579713419900632,3.3166344316631076,3.1597315961948977,,3.2291307618454677,3.7377333917313185,3.034194544247217
2056,4.127470392820074,4.1276840139173565,3.1260350172630447,4.113620944153278,4.121034446241312,2.9630196497976704,3.2161065131667126,3.2881068045039092,4.034584402988566,3.3627733117935477,3.160803346155475
2057,3.2513537307166134,3.0503377293809653,2.586469502732534,3.3220217850421583,3.2957801869272227,4.1976261094982945,4.171989297078973,,3.1443328292684036,3.3312815544810994,4.142332210110582
2058,3.3663817632565176,3.090622312820337,3.4275683001163997,,3.121313275687578,3.0991619319528776,3.0567738676075997,,3.2567310411081123,3.9361490562391985,3.0753399284032543
2059,2.9790195852641386,3.1591705234588576,3.423272500357731,3.1761662052116457,3.160542439994791,3.689668217410272,3.1827908225950265,3.0111665487135593,3.3672554461668573,3.1497086912015835,3.1517207424405584
2060,3.2822775688948784,3.1603351519154637,3.063291054056815,3.445425696955056,3.4442518156652047,3.1854667695309113,3.037952935208467,,3.0422157409247617,3.635891631897228,3.1578091740853975
2061,3.0841198424108804,2.986679865793111,3.329593021657986,3.143148877301548,3.0351361703311954,3.209410761675352,3.2712119910893094,,,2.9319082619275805,3.202226984875835
2062,,3.4693820978233623,3.14067934603271,3.324746145374221,,3.5769410763370955,3.3452220087275912,,3.4133750579526074,3.265775647117406,
