mz,rt,quality,annot_ms1,IGF.Mean,Rapa.Mean,QC.Mean,VC.Mean,ttest.igf_vs_Rapa.meandiff,ttest.igf_vs_VC.meandiff,ttest.rapa_vs_VC.meandiff,ttest.IGF_vs_Rapa.pvalue,ttest.IGF_vs_Rapa.logpvalue,ttest.IGF_vs_VC.pvalue,ttest.IGF_vs_VC.logpvalue,ttest.VC_vs_Rapa.pvalue,ttest.VC_vs_Rapa.logpvalue,ttest.IGF_vs_Rapa.fdr,ttest.IGF_vs_Rapa.logfdr,ttest.Control_vs_Rapa.fdr,ttest.Control_vs_Rapa.logfdr,ttest.IGF_vs_Control.fdr,ttest.IGF_vs_Control.logfdr
59.789937160355,35.26,0.5496159791946411,Unknown,5.753283000817543,6.304324090176217,6.6940365928005665,6.198544398187611,-0.5510410893586739,-0.44526139737006787,0.10577969198860604,0.2659593936659305,,0.7471015889535146,,0.9381861041222324,,0.8160837347308761,,0.9921208594574054,,0.9356971188064506,
66.77823130409803,47.19422222222223,0.6644686460494995,Unknown,6.590970841777254,6.478980889296062,6.697107100244693,6.618480635315919,0.11198995248119203,-0.027509793538665228,-0.13949974601985726,0.4672029327844035,,0.7059006137715994,,0.3470894361055008,,0.8969592270190967,,0.9341936111129959,,0.9235989591949826,
74.02487142760823,424.48077777777775,0.7741199731826782,STD_Glycine;Acetohydroxamic Acid;Ethyl nitrite,5.686350852812971,5.495677341069868,5.66573830947707,5.723316279971371,0.19067351174310332,-0.03696542715839968,-0.227638938901503,0.2981938019703366,,0.8271876592481266,,0.032291927988549726,,0.8469361152380636,,0.8899859596062306,,0.9563914558871437,
78.95941482580734,459.3277142857143,0.5793499946594238,Carbon dioxide,6.934384008452338,6.640262265939845,6.790777263771836,6.914749183074572,0.2941217425124929,0.019634825377766063,-0.27448691713472684,0.0003182393530303649,,0.5962909200817211,,0.0002749027277663071,,0.10623349723192946,,0.0809784892363036,,0.9018193759843851,
84.4636890104645,69.27185714285714,0.5772956013679504,Unknown,4.715918992017518,4.7604032951085316,4.508072797899944,4.68368375158379,-0.044484303091013366,0.03223524043372805,0.07671954352474142,0.8111505114067988,,0.9180771539874989,,0.8128933425808964,,0.9803976711543582,,0.9670301754768821,,0.9789096034504242,
88.04028550088722,411.747,0.8769800066947937,STD_L-Alanine;STD_ß-Alanin;STD_D-Alanine,5.566408597780509,5.254976885733833,5.40592072752666,5.463170877033687,0.31143171204667564,0.10323772074682136,-0.20819399129985428,0.01672462133527082,,0.250901076821473,,0.08479029657263241,,0.38445950400680484,,0.9341936111129959,,0.8043439324474446,
89.22487760545224,330.54190000000006,0.8292558193206787,Unknown,5.2800985630165185,5.034579918108665,4.643689785291971,5.392105269034519,0.2455186449078539,-0.11200670601800056,-0.35752535092585447,0.6680199703121099,,0.8400400145158844,,0.057167092253611156,,0.9415990092790317,,0.9341936111129959,,0.9563914558871437,
97.06548295651656,256.37466666666666,0.6977999806404114,Cyclohexanone;2-Methyl-4-pentenal;4-Methyl-2-pentenal,4.577227470408851,4.735231802670195,4.887336070371369,4.69690681396847,-0.1580043322613438,-0.11967934355961862,0.03832498870172518,0.14444465737655093,,0.45000784690550233,,0.8001213210131899,,0.7427553204749326,,0.9670301754768821,,0.8735200432455408,
98.20147742432763,27.590375,0.5383622050285339,Unknown,3.81580289728004,4.5173465044602645,3.863421436225757,4.559244995938811,-0.7015436071802243,-0.7434420986587709,-0.04189849147854652,0.35061541116739786,,0.3290499378101256,,0.9049794096836068,,0.8616961145239895,,0.9852521345129869,,0.8288527624284971,
101.5475701851995,452.5074000000001,0.8339582085609436,Unknown,5.99932627881748,5.431994545933146,5.714739743775636,5.7187587369013135,0.5673317328843339,0.2805675419161666,-0.2867641909681673,0.11930470379038308,,0.308698257161784,,0.1556271996234803,,0.7304273081055243,,0.9341936111129959,,0.8251842306808576,
102.9030704098804,440.83199999999994,0.6211732029914856,Unknown,4.599035844256971,4.712468118959294,4.823633720995719,4.723618320354539,-0.11343227470232353,-0.12458247609756867,-0.01115020139524514,0.411391370811849,,0.4085556437069834,,0.9494559061742577,,0.886465534977753,,0.9933123029160053,,0.866747690923823,
109.12739240994642,435.9368181818182,0.8743963837623596,Unknown,4.460154357553294,4.450641803352968,4.49408419075897,4.568763157332728,0.009512554200325596,-0.10860879977943405,-0.11812135397975965,0.9610806586728732,,0.3882652384847309,,0.589501535440622,,0.9954021650632178,,0.9456878731807212,,0.8535031276542437,
112.29276037951843,146.567,0.6004959940910339,Unknown,4.521772256201385,4.3694475522819145,4.450336513337569,4.354904102756212,0.1523247039194704,0.16686815344517303,0.014543449525702634,0.6035777841478167,,0.5683269007843786,,0.921437396687679,,0.9142159978346233,,0.9891073250224165,,0.8925286134176609,
112.48898139617722,45.755,0.8735271096229553,Unknown,6.238792003131458,5.1941723110497025,6.356545995377132,6.36675115216084,1.0446196920817554,-0.12795914902938232,-1.1725788411111377,0.367048076279023,,0.13316377329658138,,0.31774462393062675,,0.8659389361669497,,0.9341936111129959,,0.7132044169806514,
115.03958946881886,220.36654545454542,0.9392924904823303,alpha-Ketoisovaleric acid;Methylacetoacetic acid;Levulinic a,4.920125784977992,4.956870418924134,5.042053167507605,5.145690583097569,-0.03674463394614236,-0.22556479811957786,-0.1888201641734355,0.844277580258223,,0.03691125305433832,,0.3162453448297019,,0.9924664829350389,,0.9341936111129959,,0.5602471319855509,
115.52169452980124,379.9425454545455,0.9686213135719299,Unknown,5.024344663780837,4.676745925031258,4.704615759747378,4.79704732175271,0.3475987387495785,0.2272973420281268,-0.12030139672145168,0.06823337990802422,,0.032722560264774686,,0.4739452818771185,,0.6655577164309516,,0.9343252415096033,,0.5602471319855509,
115.96004527104681,322.5908888888889,0.6668840646743774,Unknown,3.9107932796573586,3.5652663364432438,4.058093096227261,3.3991331272750642,0.3455269432141148,0.5116601523822943,0.16613320916817953,0.34575459473948084,,0.02029329787501657,,0.6567986510037387,,0.8616961145239895,,0.954391917600169,,0.44456914791582347,
116.51644268429044,895.6883333333333,0.750982940196991,Unknown,4.981060737981479,5.318950848322036,5.379256599670077,4.938110001180579,-0.33789011034055694,0.04295073680089967,0.3808408471414566,0.44886996983739363,,0.9380247454330016,,0.36263937934387136,,0.8890951892318769,,0.9341936111129959,,0.9883531042835203,
119.04907171830845,424.45419999999996,0.7961185574531555,Unknown,5.674929755918124,5.370727933396701,5.56726530833397,5.569497975347388,0.30420182252142336,0.10543178057073632,-0.19877004195068704,0.06444190669942333,,0.1402972392468075,,0.17383793591056385,,0.6450447165738393,,0.9341936111129959,,0.7254911932139494,
124.00732642892854,379.7060909090909,0.9625024795532227,STD_Taurin,5.9561103289164095,5.901116973083621,6.053024958354658,6.085281264237788,0.05499335583278864,-0.1291709353213788,-0.18416429115416744,0.750020902514814,,0.034944785200253396,,0.3128940187583787,,0.9647804747258556,,0.9341936111129959,,0.5602471319855509,
125.096664502819,116.16842857142856,0.5825949907302856,"(E)-2-octenal;2-Octenal;(3xi,5Z)-1,5-Octadien-3-ol",4.835999573794196,4.8366269746240045,5.000433020532682,4.922929107860324,-0.0006274008298081668,-0.0869295340661278,-0.08630213323631963,0.9967314933249877,,0.5271099744396306,,0.6342685929649023,,0.999914966043114,,0.9497907325298682,,0.8807947871106308,
128.03518933638009,384.15957142857144,0.5805224776268005,STD_D-Pyroglutamic acid ;Pyroglutamic acid (Not validated);P,5.343301551612748,5.116356282348742,5.382591151142817,5.15149519033299,0.2269452692640055,0.1918063612797578,-0.03513890798424768,0.05453631692670666,,0.17209767224532727,,0.7970495013055862,,0.6299753645966185,,0.9670301754768821,,0.7373372735493757,
128.76138484443354,450.11436363636363,0.9125139117240906,Unknown,5.363020048979489,4.95518796214779,5.446350048391301,5.27098443768345,0.40783208683169825,0.09203561129603877,-0.3157964755356595,0.6026208631844128,,0.8950142624978424,,0.6802900682154458,,0.9142159978346233,,0.954391917600169,,0.9702505947489781,
129.05539207637386,145.19145454545458,0.947920024394989,3-Methyl-2-oxovaleric acid;4-Acetylbutyrate;2-Methyl-3-ketov,5.669599798587524,5.672656557761016,5.77862412805254,5.7259508413388,-0.0030567591734920185,-0.05635104275127567,-0.05329428357778365,0.9731997833485431,,0.43358454254859136,,0.5555521347925401,,0.9954021650632178,,0.9439759149311477,,0.8735200432455408,
129.06403819475287,59.177099999999996,0.6964812874794006,Unknown,5.0660032788744305,4.325798591833596,4.708008251956603,4.521662181173707,0.7402046870408343,0.5443410977007233,-0.19586358934011106,0.09451197955829443,,0.08753213637228037,,0.6622465571880798,,0.7150338109748187,,0.954391917600169,,0.6594525298454849,
129.2547917675393,313.3938181818182,0.9150984883308411,Unknown,4.51188230649749,4.732773155389673,4.539328434120695,4.755563002586979,-0.22089084889218302,-0.2436806960894895,-0.02278984719730648,0.42112596195530755,,0.16205208536924529,,0.9254355924273546,,0.8890951892318769,,0.9912886458735997,,0.7373372735493757,
129.78341348618454,411.67336363636366,0.9557482004165649,Unknown,4.761471965751079,4.822495491967665,4.696301298521693,4.7470119830885835,-0.061023526216585466,0.014459982662495818,0.07548350887908128,0.751584356510977,,0.8379122136837611,,0.6951164170555393,,0.9650600665245981,,0.9575520026139989,,0.9563914558871437,
130.08687479127073,353.3185454545455,0.9293825030326843,"STD_L-Isoleucine;STD_D,L-Leucine;STD_L-Leucine",5.7124193317026455,5.2440752573358145,5.605998227748753,5.507334791698494,0.468344074366831,0.20508454000415188,-0.2632595343626791,0.16893236327907338,,0.005023791193807743,,0.3972705069159694,,0.7722656567258852,,0.9341936111129959,,0.22519690090503405,
131.03803704042215,441.7298888888889,0.6759300231933594,Unknown,4.471784953554571,4.900515497174369,4.2935817703809205,4.569470148085312,-0.4287305436197979,-0.09768519453074109,0.3310453490890568,0.30406627089586713,,0.7565713647769876,,0.5163957499956182,,0.8472520550068383,,0.9375398401843495,,0.9391238031320255,
133.27826171481604,28.968222222222224,0.5877517461776733,Unknown,4.038017428304151,4.435510243077972,4.5206492275393755,4.11980927522088,-0.3974928147738206,-0.0817918469167287,0.3157009678570919,0.5250928576922702,,0.9129565033946292,,0.5476160056392315,,0.8986119382783423,,0.9439759149311477,,0.978019728456359,
135.0445667549215,120.26230000000001,0.8606925010681152,Phenylacetic acid;2-Methylbenzoic acid;4-Hydroxyphenylacetal,4.724915668000931,4.663297952338287,4.827514355708106,4.796652299558506,0.061617715662643846,-0.0717366315575747,-0.13335434722021855,0.5819398819334807,,0.30337234312665234,,0.2655872493167802,,0.910896507211941,,0.9341936111129959,,0.8251842306808576,
139.7121768531248,316.15988888888893,0.5947095155715942,Unknown,3.594848208805439,3.258321212441628,4.434783382457228,4.050018001828842,0.3365269963638111,-0.45516979302340266,-0.7916967893872138,0.6613063013539678,,0.4863338175172314,,0.2767684306671748,,0.9386242468363262,,0.9341936111129959,,0.8740973647230489,
141.1081000263093,394.89318181818186,0.8996105194091797,Unknown,6.594012158889758,7.054499222300895,7.1497981384737255,7.131500800728865,-0.4604870634111373,-0.5374886418391078,-0.07700157842797051,0.3811156210881838,,0.31174515795363145,,0.39273468955680757,,0.8662226401476409,,0.9341936111129959,,0.8251842306808576,
143.7922650561063,132.12472727272726,0.9164543151855469,Unknown,4.868548205174177,4.995949693593092,4.966060263550787,4.978736282047541,-0.12740148841891497,-0.11018807687336452,0.01721341154555045,0.11288379656518435,,0.07134052939898286,,0.7841974700064429,,0.7277636160222334,,0.9667220674675763,,0.6395833548726202,
145.06189290967848,433.8951818181818,0.9624074697494507,"STD_L-Glutamine;STD_D,L-Glutamine;D-Glutamine",6.418147894398761,6.333382961645555,6.456976494516351,6.400919644707542,0.08476493275320607,0.017228249691219055,-0.06753668306198701,0.7379849941493626,,0.8123749641737419,,0.7874119972030781,,0.9646675789076422,,0.9667220674675763,,0.9526888772293054,
146.68416948934194,451.43409090909086,0.9566502571105957,Unknown,6.060323837251257,5.281402020746527,5.092797245986323,5.466384842952055,0.77892181650473,0.5939389942992017,-0.1849828222055283,0.18319524157429262,,0.3802366796423928,,0.7215729239637125,,0.7870374419187873,,0.9581389861520812,,0.8497523456780554,
147.7263214458722,443.7589,0.8561573624610901,Unknown,4.599046835805345,3.7816148669034235,4.46197008932424,4.577547832513624,0.8174319689019218,0.021499003291721053,-0.7959329656102008,0.16362453549657405,,0.7614421046834153,,0.1720201828625287,,0.7722656567258852,,0.9341936111129959,,0.9413031294107929,
151.7990104618143,443.0687142857143,0.53184574842453,Unknown,4.29317631608656,4.297655776880043,4.204793467790172,4.515170460701538,-0.004479460793482382,-0.22199414461497735,-0.21751468382149497,0.9719158793872288,,0.26613193635322774,,0.31190790408325664,,0.9954021650632178,,0.9341936111129959,,0.8124275167583956,
156.0958961189915,359.96199999999993,0.792503833770752,Unknown,5.779473623222653,5.509793660921136,5.630961153711481,5.170705827390969,0.2696799623015176,0.6087677958316844,0.3390878335301668,0.03103505732746049,,0.33286299271098335,,0.5747490670442167,,0.5202787659286466,,0.9456878731807212,,0.8288527624284971,
156.38590549670732,107.2076,0.7348038554191589,Unknown,4.620731677208526,4.027267880643344,3.669776368236864,4.812469048695331,0.5934637965651817,-0.19173737148680559,-0.7852011680519873,0.33198186584301065,,0.4167409870508376,,0.2024419880491002,,0.8589041497720049,,0.9341936111129959,,0.8686251632404102,
156.9907367989999,373.79699999999997,0.9722474813461304,"Diethyl disulfide;2,3-Butanedithiol;1,2-Bis(methylthio)ethan",5.7884777222216215,5.599139340486208,5.7488172273161595,5.794216440917769,0.18933838173541329,-0.005738718696147949,-0.19507710043156123,0.08806845083867987,,0.9162213579543066,,0.09695108904027384,,0.7046230338559829,,0.9341936111129959,,0.978019728456359,
158.38330653889437,54.1699,0.6935324668884277,Unknown,4.472840545436629,4.536478862258556,4.073743981979188,4.2587700672815805,-0.063638316821927,0.21407047815504843,0.2777087949769754,0.9441296376557711,,0.7989681287477304,,0.7607419337084961,,0.9954021650632178,,0.964729315686912,,0.9484584234184341,
160.21336241150948,136.685,0.6037083864212036,Unknown,4.206573854026318,4.786881158648398,4.507603849690299,4.196387292224344,-0.5803073046220799,0.010186561801973859,0.5904938664240538,0.21184439284038784,,0.9832783833197101,,0.3816583886880678,,0.7975119100181354,,0.9341936111129959,,0.9948577491685624,
160.93305997672317,314.376,0.9157257080078125,Unknown,3.7527496040612065,4.299211254144781,3.7559827101541257,4.220454299274256,-0.5464616500835748,-0.4677046952130497,0.07875695487052514,0.29801572360981404,,0.36274620872446506,,0.7251166581629784,,0.8469361152380636,,0.9581389861520812,,0.8457179855678237,
161.05375037526767,26.548,0.538655698299408,Unknown,4.443264880193231,5.0211489904993725,3.834328145800514,4.590237445396612,-0.5778841103061412,-0.14697256520338087,0.4309115451027603,0.3399844839005821,,0.8110947781071626,,0.3892414627900367,,0.8616961145239895,,0.9341936111129959,,0.9526888772293054,
161.34114629050188,336.34079999999994,0.850396990776062,Unknown,4.049813651144361,4.035375709582943,3.997441084718432,4.179378604883478,0.0144379415614182,-0.12956495373911725,-0.14400289530053545,0.9135591054613736,,0.10002136931580331,,0.32343909526331044,,0.9954021650632178,,0.9341936111129959,,0.6706104302567856,
161.44421846913696,443.2318,0.8331896066665649,Unknown,4.825046619972142,4.524742374133389,4.762300971630191,4.809852106057877,0.3003042458387526,0.015194513914264185,-0.2851097319244884,0.004122934507198192,,0.8255664233929099,,0.006592904989859677,,0.27276293130287305,,0.5277061486187916,,0.9563914558871437,
163.92639476301562,317.0071818181818,0.7944936156272888,Unknown,2.9853796208906807,3.8855281846308833,2.7672690294989164,3.320632402484422,-0.9001485637402027,-0.3352527815937414,0.5648957821464613,0.2190772827291304,,0.5445913381203286,,0.436786294691871,,0.7980087070322811,,0.9341936111129959,,0.8844087084608109,
164.07107439726934,349.3708,0.863985002040863,"STD_L-Phenylalanine;1,1-Dimethylbiguanide;Phenylalanine (Not",5.18657272746788,4.853240876012905,4.999866659600389,4.962137349564471,0.33333185145497435,0.22443537790340873,-0.10889647355156562,0.022678520613653406,,0.027191039141334323,,0.3273037601433123,,0.4496452837053204,,0.9341936111129959,,0.5143846120131319,
164.43529358260884,277.01266666666663,0.5716460347175598,Unknown,3.6802363144312626,4.011350973412193,3.9788377029229056,3.9581388312301193,-0.3311146589809302,-0.2779025167988567,0.053212142182073485,0.6277760749451284,,0.6204734373203458,,0.9206449128864975,,0.9226473745807946,,0.9891073250224165,,0.9073873955706049,
167.1584531380415,893.926142857143,0.5405490398406982,Unknown,3.5664986802785923,3.3033710871167727,3.2124675282839315,3.3634674629564407,0.26312759316181955,0.20303121732215157,-0.06009637583966798,0.6109819688653599,,0.6830412859402653,,0.7831150396849635,,0.9191625517023703,,0.9667220674675763,,0.9195697788067687,
168.5616430849462,278.21263636363636,0.8575678467750549,Unknown,3.9736492507052845,4.0647099704094884,4.431122396886025,4.340124298065205,-0.09106071970420393,-0.3664750473599203,-0.2754143276557164,0.5982516445035624,,0.1813142493883646,,0.2562305784572852,,0.9142159978346233,,0.9341936111129959,,0.7373372735493757,
169.08636888007172,116.44836363636364,0.9407774806022644,"FA 9:2+1O;1,4-Ipomeadiol;cis-3-Hexenyl pyruvate",5.048025308841786,4.844549128799569,5.123120644751894,5.080792758734927,0.2034761800422169,-0.032767449893141176,-0.23624362993535808,0.2392057559744774,,0.5477432262328206,,0.16741591403130515,,0.8046366538652078,,0.9341936111129959,,0.8844087084608109,
170.04280110313238,410.26009999999997,0.8737275004386902,6-Methyladenine;1-Methyladenine;3-Methyladenine,5.512542987723548,5.229324500607466,5.386020828871874,5.408970733206559,0.28321848711608233,0.10357225451698948,-0.17964623259909285,0.011963481961073913,,0.11903376692795349,,0.0671627019723567,,0.36277499711374134,,0.9341936111129959,,0.6886890452203801,
171.0381010089163,423.8338888888889,0.7771300077438354,Unknown,4.78096498118223,4.4856575462837425,4.660087363429101,4.853700346099682,0.2953074348984872,-0.07273536491745247,-0.3680427998159397,0.009029310398701425,,0.4715644708357891,,0.008047916434112786,,0.3139265442465625,,0.5722346099013987,,0.8740973647230489,
171.10197727200168,89.59009090909092,0.950564980506897,Tetrahydrofurfuryl butyrate;cis-3-Hexenyl lactate;3-Methylbu,5.4376753151405035,5.441642242360504,5.575731144494906,5.561369721074281,-0.003966927220000471,-0.12369440593377767,-0.1197274787137772,0.9707908292471045,,0.13702162203615634,,0.26725547413847406,,0.9954021650632178,,0.9341936111129959,,0.7224764368020604,
172.66368797528588,322.9583333333333,0.6004842519760132,Unknown,3.699648559166491,3.7113873062103155,3.399491921443058,3.3191566126458145,-0.011738747043824382,0.38049194652067664,0.392230693564501,0.9762478162415766,,0.24943168339792784,,0.3801278711461753,,0.9954021650632178,,0.9341936111129959,,0.8038018962252578,
173.11734286792623,139.99118181818184,0.9349725246429443,"(±)-3-Hydroxynonanoic acid;2,4,6-Triethyl-1,3,5-trioxane;FA ",4.7990929076853135,4.744269414895516,4.903799032568744,4.808335868184443,0.05482349278979726,-0.009242960499129538,-0.0640664532889268,0.6677510564463112,,0.952403995021555,,0.6177538022579588,,0.9415990092790317,,0.9481944780819669,,0.9941310504479282,
174.2012248161216,450.9093,0.7158905267715454,Unknown,4.178641516149773,4.910574134118923,4.094345670513658,4.38580968360643,-0.7319326179691492,-0.20716816745665678,0.5247644505124924,0.3865375100099055,,0.7641962791451616,,0.36060583421537284,,0.8662226401476409,,0.9341936111129959,,0.9424478035869158,
176.23553118889305,261.38142857142856,0.5193825960159302,Unknown,3.9593151238455095,3.726924669341592,4.094857826394588,3.910332648550496,0.2323904545039177,0.04898247529501365,-0.18340797920890406,0.3799429861908605,,0.7918438855974406,,0.5093218663282528,,0.8662226401476409,,0.9375398401843495,,0.9484584234184341,
179.05613718518524,444.22154545454543,0.9691075086593628,STD_myo Inositol;STD_a-D-galactose;STD_D-Glucose,5.937216818642086,5.33874638573607,5.89628670172055,5.935032002274453,0.5984704329060158,0.0021848163676327914,-0.596285616538383,0.0811847033844102,,0.9794077691591194,,0.07901172388564458,,0.6917473486721233,,0.9341936111129959,,0.9948577491685624,
180.69346099752894,371.488625,0.6151925325393677,Unknown,4.853655452604009,4.158000157408139,4.285095879012509,4.282997023116745,0.6956552951958699,0.5706584294872643,-0.12499686570860558,1.3171879321319195e-05,,0.034964185177609255,,0.5255243250418131,,0.01358020758028009,,0.939387126377869,,0.5602471319855509,
182.09077623707236,74.2437,0.6898468732833862,Unknown,4.1093634170001385,3.9103273345462775,4.424015786722661,4.444688420928899,0.19903608245386106,-0.3353250039287605,-0.5343610863826216,0.6825913554169053,,0.2809784663574506,,0.22357649799246052,,0.9435993578504407,,0.9341936111129959,,0.8191269103859745,
183.10177744570225,98.71654545454545,0.9478175044059753,"(1'R)-Nepetalic acid;(S)-Oleuropeic acid;(4S,8R)-8,9-Dihydro",4.488853193984939,4.606591877720204,4.631316688999072,4.638609726734175,-0.11773868373526497,-0.14975653274923584,-0.03201784901397087,0.050252095435997214,,0.04050529753631579,,0.4918240081116323,,0.6105368117599234,,0.9375398401843495,,0.5678883008262753,
186.0662008638453,28.031363636363633,0.8395563364028931,Unknown,4.350196340085321,3.8753315540672406,4.525348724862507,4.645151435877863,0.4748647860180806,-0.29495509579254175,-0.7698198818106223,0.1092275056135723,,0.6134582745833829,,0.2182325499987152,,0.7277636160222334,,0.9341936111129959,,0.9038550209038823,
186.2428215056205,330.177,0.7331655025482178,Unknown,5.243546519071928,4.635778182356121,5.061329149649277,5.094694696874268,0.6077683367158073,0.1488518221976598,-0.4589165145181475,0.2535391863866212,,0.7549395446411085,,0.014027990031856386,,0.8134870099533308,,0.7416850114278941,,0.9377622536445577,
195.3550010501834,437.54650000000004,0.680435836315155,Unknown,4.07279296820028,4.309589320183423,4.9858255503285545,4.134694239660576,-0.23679635198314308,-0.06190127146029667,0.1748950805228464,0.6525828867631787,,0.9273886199380775,,0.7805256482142016,,0.9373559221870628,,0.9667220674675763,,0.9845595367455153,
195.4005446515863,385.34155555555554,0.7242206335067749,Unknown,4.075639385486244,3.969497174563299,3.847074618024224,4.1549940717556195,0.10614221092294462,-0.07935468626937592,-0.18549689719232054,0.38774175405250855,,0.6938974873658719,,0.42572920055947455,,0.8662226401476409,,0.9341936111129959,,0.9196792731614726,
199.00353070964746,46.407599999999995,0.7237542867660522,Unknown,4.160702985236891,4.2904856853029685,4.861852496821928,3.9293710149049628,-0.12978270006607762,0.2313319703319281,0.3611146703980057,0.7874037509170311,,0.5500811578687808,,0.3014025828854909,,0.9719392763225705,,0.9341936111129959,,0.8844087084608109,
202.2257973133216,304.8032,0.7117001414299011,Unknown,3.405878936346422,3.556847367598292,3.3237118035908955,3.482941793928665,-0.15096843125186998,-0.07706285758224274,0.07390557366962724,0.7876384727133925,,0.4424039226992959,,0.8934608784435635,,0.9719392763225705,,0.9820449527455373,,0.8735200432455408,
202.83837963008824,471.2944444444445,0.6742469072341919,Unknown,3.7680015312704107,3.540118301056697,3.895588417909935,4.08885163911036,0.2278832302137137,-0.3208501078399495,-0.5487333380536632,0.22850187056315702,,0.052003260530596035,,0.011832209232774983,,0.7980087070322811,,0.6748926030137602,,0.609265472807324,
204.25298127060267,423.21579999999994,0.611282467842102,Unknown,3.9652736865637395,3.613547822109522,4.095912654510902,3.83447192722389,0.3517258644542176,0.1308017593398496,-0.220924105114368,0.47271725116896984,,0.8296423403185355,,0.5945165538598038,,0.8969592270190967,,0.9456878731807212,,0.9563914558871437,
209.3485045640909,95.54780000000001,0.8209390640258789,Unknown,4.249264898521585,4.401082336573024,4.314670107782087,4.269254587494395,-0.151817438051439,-0.019989688972809283,0.1318277490786297,0.3741724712952814,,0.9023592582473893,,0.46165455908482667,,0.8659389361669497,,0.9341936111129959,,0.9734606180244861,
209.58818482815533,48.073818181818176,0.8617535829544067,Unknown,4.142701950436897,4.231567115239988,4.188062936904526,4.614964270661015,-0.08886516480309137,-0.47226232022411807,-0.3833971554210267,0.48344575675548435,,0.07957248941378275,,0.15220439495822163,,0.8969592270190967,,0.9341936111129959,,0.6594525298454849,
209.92822608481993,485.1919,0.8646016120910645,Unknown,5.4082635545386095,5.331023578132881,5.4582939087559454,4.776400939185643,0.07723997640572833,0.6318626153529667,0.5546226389472384,0.5561834844454958,,0.4164213664544318,,0.47562855830003425,,0.9072925006558107,,0.9343252415096033,,0.8686251632404102,
211.78665150979387,411.7921818181818,0.9657028913497925,Unknown,5.2757800057426,5.164065028100728,5.32621711586038,5.355223108330719,0.11171497764187244,-0.07944310258811882,-0.19115808022999126,0.29483180317456165,,0.33203440066439566,,0.07578240518362686,,0.8461792473657245,,0.9341936111129959,,0.8288527624284971,
214.04895374932906,444.34172727272727,0.9715275168418884,Glucosamine;Fructosamine;beta-D-Glucosamine,6.159293326879159,6.0270860866044655,6.350307250714032,6.452704370246263,0.13220724027469366,-0.29341104336710355,-0.4256182836417972,0.6625786913897076,,0.006784218854408564,,0.20398673789675428,,0.9386242468363262,,0.9341936111129959,,0.2543465323234629,
214.35389404656743,362.8819,0.5688223242759705,Unknown,4.213078956256752,4.134778340792604,4.441352395734281,4.813341742043736,0.07830061546414857,-0.6002627857869838,-0.6785634012511323,0.7529986941467439,,0.41331724531969166,,0.33696652176802566,,0.9655990717230012,,0.9341936111129959,,0.8686251632404102,
215.2584876506941,425.77559999999994,0.7909534573554993,Unknown,5.333118798597531,5.151497163293546,5.26451846961433,5.260803113032728,0.18162163530398523,0.07231568556480283,-0.1093059497391824,0.15873974031836993,,0.6087295165205,,0.5136304243603756,,0.7701678694975972,,0.9375398401843495,,0.9036718956553427,
216.308446213217,49.0153,0.7402352094650269,Unknown,4.113621824083378,4.452810556618239,3.868661968046143,4.104315490672369,-0.33918873253486126,0.009306333411008616,0.3484950659458699,0.4945778482174115,,0.96882335077909,,0.461558277541289,,0.8969592270190967,,0.9341936111129959,,0.9946799654543693,
217.48921843810467,346.4741,0.8243275880813599,Unknown,4.937341544104066,5.698261345228555,5.669972252236402,6.0831854643567675,-0.7609198011244889,-1.1458439202527018,-0.3849241191282129,0.08191180990323922,,0.024453555356347408,,0.08545210033736467,,0.6929860718389551,,0.9341936111129959,,0.4756908598564939,
218.79606761858435,277.154625,0.5544905066490173,Unknown,3.889377020530516,3.8946874339037407,4.1566436969086835,3.789009065043352,-0.005310413373224687,0.10036795548716393,0.10567836886038862,0.974687558981525,,0.6083117621218505,,0.646536036394677,,0.9954021650632178,,0.9540281588203186,,0.9036718956553427,
220.1796011317459,34.25688888888888,0.6306893229484558,Unknown,4.533379239057537,4.616353044825588,4.710102554973692,5.098396659895525,-0.08297380576805047,-0.5650174208379877,-0.4820436150699372,0.9126105286350314,,0.3831728998965171,,0.6093290816516044,,0.9954021650632178,,0.9456878731807212,,0.85232202760153,
221.63682610149965,375.6042727272727,0.9482766389846802,Unknown,4.859507461049266,4.412218803782924,4.88916930099679,5.027444115733826,0.44728865726634215,-0.16793665468455998,-0.6152253119509021,0.4275769284475659,,0.11613084844178846,,0.2923522685553212,,0.8890951892318769,,0.9341936111129959,,0.6881210654511394,
223.02037190776647,398.8241818181818,0.9428524971008301,Diphenylsulfoxide;Cysteinyl-Cysteine;Ethyl aconitate,6.584048916915666,6.525230703172054,6.635018269441651,6.630524198790347,0.058818213743612624,-0.046475281874680974,-0.1052934956182936,0.606017807145973,,0.4229539317817323,,0.37724526578176426,,0.9154642625164808,,0.9341936111129959,,0.8735200432455408,
224.60863990327584,112.9775,0.6279542446136475,Unknown,4.790019785260657,4.734726647008425,4.152133289974839,4.6110153816757915,0.05529313825223259,0.1790044035848659,0.12371126533263332,0.7926017834345775,,0.3597353004427214,,0.5100727023420096,,0.9739838363778898,,0.9375398401843495,,0.8457179855678237,
225.69158069537247,473.1308000000001,0.8420876264572144,Unknown,4.346216988957329,4.784294253241666,4.784839381146149,4.850136553293757,-0.43807726428433647,-0.5039195643364272,-0.06584230005209069,0.1161604904010998,,0.03816004988779374,,0.705093845257295,,0.7277636160222334,,0.9581389861520812,,0.5660864954577748,
227.08533267872883,418.86127272727265,0.8593213558197021,Unknown,4.79050776942776,4.857223115158324,4.716057651098232,4.682151951015743,-0.06671534573056448,0.1083558184120168,0.17507116414258128,0.7167577243170253,,0.6520052602160449,,0.3222160275671651,,0.9541880945080187,,0.9341936111129959,,0.9180456102303685,
228.05122940400443,358.6366,0.854416012763977,Unknown,5.122553532307289,4.665950917523017,4.283153899010003,4.372488990220316,0.45660261478427167,0.7500645420869727,0.29346192730270104,0.00841817513907102,,0.14253223937250836,,0.5249066282208457,,0.3139265442465625,,0.939387126377869,,0.7254911932139494,
228.14888065864304,456.81975,0.5559535026550293,Unknown,4.008482170904032,3.9829630700692142,3.8980692620305324,4.806547913321759,0.025519100834817898,-0.7980657424177267,-0.8235848432525446,0.9602722522411673,,0.1724491932833295,,0.0001044560593224664,,0.9954021650632178,,0.05702147403203347,,0.7373372735493757,
228.1822458020672,433.44719999999995,0.7488617300987244,Unknown,4.691951397099847,3.593952981808124,4.684511320569678,4.5463965956236825,1.0979984152917228,0.14555480147616429,-0.9524436138155585,0.06962848496350466,,0.47046811588852866,,0.11886850945420042,,0.6655577164309516,,0.9341936111129959,,0.8740973647230489,
228.7217103867624,417.6575454545454,0.9483608603477478,Unknown,4.9677674840543995,4.350669449613586,4.676796879390833,4.791484372357453,0.6170980344408132,0.17628311169694655,-0.4408149227438667,0.16078974230826257,,0.4811681828418084,,0.26921789477829433,,0.7722656567258852,,0.9341936111129959,,0.8740973647230489,
231.95768188309924,41.634727272727275,0.9061158895492554,Unknown,4.113565251916416,3.9546993475637375,4.253251074396125,4.073973114280066,0.15886590435267856,0.039592137636350166,-0.11927376671632839,0.5947578839885118,,0.8699093398466505,,0.72866249727668,,0.9142159978346233,,0.9581389861520812,,0.9623977718257107,
234.0757903505319,891.336375,0.5980800986289978,Unknown,3.931356207797979,3.620483573168561,3.7728192818246447,3.8700679240335254,0.3108726346294177,0.0612882837644535,-0.24958435086496422,0.04626053513314381,,0.7238398806234894,,0.24744728974144953,,0.6047393306865833,,0.9341936111129959,,0.9294353092991543,
234.43316379113716,69.59122222222223,0.529624879360199,Unknown,4.206940504271251,4.369332690095275,4.232480158722565,3.842286472482996,-0.16239218582402426,0.36465403178825495,0.5270462176122792,0.5603534738434803,,0.41259513603635967,,0.18943898501619857,,0.9072925006558107,,0.9341936111129959,,0.8686251632404102,
235.43653878508252,306.1656,0.7440231442451477,Unknown,3.322924181503776,3.3950352823294736,3.1527615660924644,3.1238606427363784,-0.0721111008256976,0.19906353876739757,0.2711746395930952,0.7730914234295777,,0.38010479298750743,,0.4214044763171478,,0.9702743565980914,,0.9341936111129959,,0.8497523456780554,
239.07703901366705,444.2894,0.867609977722168,D-glycero-L-galacto-Octulose;N-Acetylserotonin;Mephenytoin,5.009173403067466,4.712044590143857,4.990906501921376,5.025842714578185,0.29712881292360915,-0.01666931151071882,-0.313798124434328,0.007487756069553671,,0.6997079665390269,,0.0031928280822227035,,0.3098216482842187,,0.3657561947524008,,0.9230952188122031,
241.02732702917038,375.5802,0.6476404070854187,Unknown,4.015610278418715,3.7555248462441164,3.635691470673608,3.665973957639505,0.2600854321745989,0.34963632077921014,0.08955088860461125,0.31131540830103616,,0.4962672058043956,,0.8608112424157484,,0.8472520550068383,,0.9733275451767794,,0.8789132780040859,
241.09130567893484,411.747,0.8769800066947937,D-erythro-D-galacto-octitol;9-methanesulfinylnonanoic acid;H,4.843737211614848,4.4309501202833195,4.621653164412286,4.683127811451235,0.4127870913315288,0.16060940016361336,-0.25217769116791544,0.004245802597491741,,0.18201002533299332,,0.05915026245342561,,0.27276293130287305,,0.9341936111129959,,0.7373372735493757,
241.97417691340374,35.3876,0.6679883599281311,Unknown,3.9022066231431736,4.129452371958432,4.132282361351202,4.348692772057254,-0.22724574881525816,-0.4464861489140808,-0.21924040009882262,0.4002153388397217,,0.18094850827317108,,0.5627450442927473,,0.8760552321523419,,0.9439759149311477,,0.7373372735493757,
242.07552898136032,355.1914,0.8033542037010193,Unknown,4.4492350452172795,3.8808294160361023,4.559586320131609,3.707726511873235,0.5684056291811772,0.7415085333440445,0.17310290416286733,0.37062873039994837,,0.22830016942530754,,0.8154298362836446,,0.8659389361669497,,0.9670301754768821,,0.7872156343728831,
242.0792915787067,433.77727272727276,0.9664599895477295,Miglitol;Miglitol;Metaxalone,4.8798668897860855,5.415657477963481,5.548556731921515,5.570514287214248,-0.5357905881773952,-0.6906473974281626,-0.1548568092507674,0.12279791395616073,,9.139071845508792e-05,,0.6061169701919724,,0.7304273081055243,,0.9456878731807212,,0.07421410401300936,
242.73571889674596,447.62955555555556,0.6223400235176086,Unknown,4.214650018088705,3.686634499505249,3.8102295717521653,3.7082383272386275,0.5280155185834565,0.506411690850078,-0.021603827733378544,0.03979535615115511,,0.09370494240772409,,0.9217794025134918,,0.5632026200334405,,0.9891073250224165,,0.6594525298454849,
244.08110726163787,451.57610000000005,0.7929800748825073,Unknown,4.152619066876594,3.9235475697858653,4.021655130882694,3.993632554386567,0.22907149709072838,0.1589865124900265,-0.0700849846007019,0.1557232159859092,,0.3115948753861846,,0.6598261880468088,,0.7697225800029147,,0.954391917600169,,0.8251842306808576,
245.0424541674976,410.32722222222225,0.7819799780845642,Sedoheptulose;L-Galacto-2-heptulose;D-altro-D-manno-Heptose,5.123948042267955,4.662223033899909,4.951725091894916,5.282737934355531,0.4617250083680462,-0.15878989208757588,-0.6205149004556221,0.010372084527715987,,0.1318400054892019,,0.006972806160472628,,0.32903443532539023,,0.5325157889960948,,0.7108524839327347,
248.1513012445803,99.14514285714286,0.5186468958854675,Unknown,5.2366306769904485,5.208241488849037,5.198658635654176,4.792036892419339,0.02838918814141156,0.44459378457110965,0.4162045964296981,0.9163601226698626,,0.035710850365368925,,0.19757042661111232,,0.9954021650632178,,0.9341936111129959,,0.5602471319855509,
249.13561264572456,71.39677777777777,0.6226241588592529,Unknown,4.0807658192834095,4.451535854512085,4.786264039647272,4.577463029565722,-0.37077003522867535,-0.4966972102823126,-0.12592717505363726,0.4400125189109545,,0.20707102609696854,,0.8254370294169435,,0.8890951892318769,,0.9670301754768821,,0.7607065471326157,
252.04615298606765,410.6794545454546,0.9681674838066101,Captopril;Captopril;Captopril (Capoten),4.8805858402406805,4.4317258799276225,4.750381571088013,4.792276505502405,0.4488599603130581,0.08830933473827596,-0.3605506255747821,0.16797546213279077,,0.11454128795863194,,0.2437177803767845,,0.7722656567258852,,0.9341936111129959,,0.6881210654511394,
253.73292936839894,304.3346,0.7224409580230713,Unknown,3.8712177535585792,3.207485178643166,3.2440047962471588,3.533976113397855,0.663732574915413,0.3372416401607241,-0.32649093475468893,0.017615684606065555,,0.35814676372812765,,0.34620327067402257,,0.387208668927478,,0.9341936111129959,,0.8457179855678237,
253.86351888876843,98.53472727272728,0.8740859627723694,Unknown,4.329186571602899,4.757986963012,4.479330549668296,4.463374550754881,-0.42880039140910053,-0.13418797915198155,0.294612412257119,0.2171465069232231,,0.05687827507874653,,0.370195834093101,,0.7979466639025367,,0.9341936111129959,,0.6140471372375673,
254.96736589531992,373.79699999999997,0.9722474813461304,Unknown,5.215600904448874,4.93070726897436,5.110300647821329,5.1453303609064545,0.2848936354745142,0.0702705435424198,-0.2146230919320944,0.08447449630523658,,0.2916042903556098,,0.17637246750129523,,0.7023645620217654,,0.9341936111129959,,0.8191269103859745,
255.40294187714045,49.35972727272727,0.9739429354667664,Unknown,5.953877875237055,6.304311192655987,6.118051458815327,5.551971550892792,-0.3504333174189327,0.4019063243442629,0.7523396417631956,0.1919382230003593,,0.5288571144911769,,0.29404532973563874,,0.796329883376522,,0.9341936111129959,,0.8819913012954292,
255.58300580727095,417.40060000000005,0.8730139136314392,Unknown,4.8203622195545845,4.527542716496498,4.147589088722183,4.926218106925272,0.29281950305808646,-0.10585588737068719,-0.39867539042877365,0.028126093136096975,,0.206350418010349,,0.021526424728283554,,0.5043130786663649,,0.8899859596062306,,0.7607065471326157,
256.6949662988532,357.0478,0.7498871088027954,Unknown,4.814267082371259,4.711958530149521,3.836807395056061,3.9621947034844722,0.1023085522217384,0.852072378886787,0.7497638266650486,0.6203859885747185,,0.194388423030256,,0.23295506526758003,,0.9191625517023703,,0.9341936111129959,,0.7502770326369649,
258.8908145359757,419.6731,0.8783125877380371,Unknown,5.997778940253386,5.762947769595314,5.783460831234192,5.475819557352804,0.23483117065807146,0.5219593829005813,0.28712821224250984,0.11752727181723235,,0.0963088190435965,,0.338035095694718,,0.7277636160222334,,0.9341936111129959,,0.6706104302567856,
260.6192904652678,446.4561111111111,0.6879248023033142,Unknown,3.8196428709657924,3.42613351814974,3.688439910585741,3.461867319434488,0.39350935281605226,0.35777555153130436,-0.0357338012847479,0.09557198105045873,,0.11615621655787933,,0.8847761701411462,,0.7150338109748187,,0.9771871788061294,,0.6881210654511394,
260.65217705889995,50.86272727272728,0.8194264769554138,Unknown,3.641691906588594,4.322832856209013,4.338271365110552,4.036147004967684,-0.6811409496204188,-0.39445509837908954,0.2866858512413293,0.016966932524063647,,0.1115397569984456,,0.31848630365643404,,0.38445950400680484,,0.9341936111129959,,0.6881210654511394,
261.16571932000403,493.5289000000001,0.8025490045547485,Unknown,3.83314475146295,3.563566226259713,3.9273130651586765,3.9183495055946405,0.269578525203237,-0.08520475413169049,-0.3547832793349275,0.06328758698936328,,0.46216750594133127,,0.0006424373239320395,,0.6428522382860448,,0.1471895291053184,,0.8740973647230489,
262.3423103721012,276.497,0.7035443782806396,Unknown,3.3257491288874,3.2956604135093053,3.3603525378262233,3.3635880609794726,0.030088715378094655,-0.037838932092072675,-0.06792764747016733,0.9189423019645064,,0.6032096541688186,,0.8230434335897513,,0.9954021650632178,,0.9670301754768821,,0.9028912947607407,
265.14872950792125,37.88372727272727,0.99058997631073,Dodecyl sulfate,6.7353213395765,6.332068233268447,6.819923673263903,6.542032283188341,0.40325310630805333,0.19328905638815908,-0.20996404991989426,0.12904866402577972,,0.16086637792235584,,0.36676566870671307,,0.7330532926202694,,0.9341936111129959,,0.7373372735493757,
267.0882006093665,415.01325,0.6153831481933594,Unknown,4.20346459451693,3.8277047382936202,3.959400414219149,4.026582456192416,0.37575985622331,0.1768821383245145,-0.1988777178987955,0.009637444779988054,,0.28049551541051704,,0.1996431880180751,,0.31543509740214865,,0.9341936111129959,,0.8191269103859745,
267.4023281744111,35.86125,0.6258273720741272,Unknown,3.474361461015692,3.3757467458459036,4.5312099563533,3.965225680889237,0.09861471516978826,-0.49086421987354534,-0.5894789350433336,0.7138381367601383,,0.09305749047910727,,0.030314021144208583,,0.953943122488273,,0.8899859596062306,,0.6594525298454849,
271.08327347150896,439.5344,0.814064085483551,Unknown,4.022115693545451,4.203540790517795,4.223136842564935,4.27912010197315,-0.18142509697234388,-0.257004408427699,-0.07557931145535512,0.3496372633925332,,0.07459899896291523,,0.6329760429309705,,0.8616961145239895,,0.9497907325298682,,0.6517929485658102,
271.82941633888515,486.466625,0.6269409656524658,Unknown,4.413864876320252,4.001090519429474,3.345202750982983,3.8588812893911086,0.412774356890778,0.5549835869291435,0.1422092300383655,0.1508452382063446,,0.157721165629834,,0.6823524215133416,,0.7642331232960259,,0.954391917600169,,0.7367812295051545,
272.40547436848647,316.9755,0.7511230111122131,Unknown,3.7617577407006735,3.4730751096884673,3.7149567419609273,3.6721073748913433,0.28868263101220615,0.08965036580933017,-0.19903226520287598,0.5065998025099341,,0.7287213312984797,,0.5805385247300912,,0.8969693764809423,,0.9456878731807212,,0.931964948293554,
273.02874623372554,219.02228571428572,0.5674650073051453,Nigakinone;Cystathionine sulfoxide;Hydroxyzileuton,4.070160211641158,4.196266784290656,4.316424094559446,4.121513464724861,-0.12610657264949765,-0.0513532530837022,0.07475331956579545,0.3644865477176355,,0.7786458119641324,,0.6746356006011895,,0.8659389361669497,,0.954391917600169,,0.9482657407148426,
274.10334613114884,462.28780000000006,0.8660550117492676,Glu-Gln;gamma-Glutamylglutamine;Norophthalmic acid,3.8799106065416837,4.2106171325548765,4.251664845663509,4.472354913928663,-0.3307065260131927,-0.592444307386979,-0.2617377813737862,0.04798885118157352,,0.00010797396316150731,,0.0922207530823676,,0.6047393306865833,,0.9341936111129959,,0.07421410401300936,
275.77282996787557,423.6624,0.8124287724494934,Unknown,3.9352899118106888,3.5313150431546343,4.179470340198411,3.554992445776461,0.4039748686560545,0.38029746603422776,-0.023677402621826715,0.02742941155338401,,0.361975112602623,,0.9498969921255542,,0.5021876991051458,,0.9933123029160053,,0.8457179855678237,
277.45980470809957,327.055625,0.5990462899208069,Unknown,4.911747945264287,3.390804430479557,3.5651619944579416,3.2566458604504214,1.5209435147847303,1.655102084813866,0.13415857002913567,6.726406318448596e-06,,0.0023435242012636442,,0.6021472491995549,,0.01358020758028009,,0.9456878731807212,,0.20269033696022837,
277.9112705879281,383.30000000000007,0.6234320402145386,Unknown,3.8212869015345254,3.5834200375336107,3.6248668664803407,3.665344466191977,0.23786686400091472,0.15594243534254826,-0.08192442865836647,0.4850277166873646,,0.6334997939574543,,0.6440897993209569,,0.8969592270190967,,0.9536533451648531,,0.914119366788153,
278.8385111655463,46.73445454545454,0.8879305720329285,Unknown,5.004029136673618,4.352669690159691,4.980930990448412,4.672952710010123,0.6513594465139274,0.3310764266634951,-0.3202830198504323,0.5813805956561708,,0.6819106232516969,,0.7553203236423817,,0.910896507211941,,0.9621697557564429,,0.9195697788067687,
278.9330493030977,378.85133333333334,0.7637766599655151,Unknown,3.766672513424787,3.9788500902907704,4.06839435910323,4.189017125393683,-0.21217757686598349,-0.42234461196889583,-0.21016703510291235,0.6715099573254018,,0.40442246361659673,,0.10434754713526595,,0.9435993578504407,,0.9341936111129959,,0.8665916804462865,
279.2320008205775,42.30709090909091,0.7631266713142395,Unknown,4.039667975867204,4.342848876359868,4.974882980574256,4.137837426459447,-0.30318090049266466,-0.09816945059224302,0.20501144990042164,0.566833102509529,,0.8483996799248934,,0.5364820765078621,,0.9076204238375956,,0.9417182934407179,,0.9563914558871437,
280.869303739032,146.3071111111111,0.7278801202774048,Unknown,3.790040526772715,3.8062897123508432,3.9794173712700793,3.9827756025411176,-0.016249185578128156,-0.19273507576840254,-0.17648589019027439,0.9217775505947404,,0.10278838639791485,,0.2655357438914836,,0.9954021650632178,,0.9341936111129959,,0.6706104302567856,
283.1325989493875,92.5454,0.7538045048713684,Unknown,5.2148756413149835,5.291863653305185,5.434806924185308,5.451275167902956,-0.07698801199020178,-0.2363995265879728,-0.15941151459777103,0.7283152968300736,,0.46364853647505805,,0.6745357707014402,,0.9598029087101473,,0.954391917600169,,0.8740973647230489,
283.63977224859167,412.35999999999996,0.6982496976852417,Unknown,4.502054272808059,4.1333573945452065,4.226764713766202,4.61700847082071,0.3686968782628526,-0.11495419801265072,-0.4836510762755033,0.22175706331167652,,0.6738045584190999,,0.01868889015066179,,0.7980087070322811,,0.8899859596062306,,0.9195697788067687,
284.6406456688626,432.79922222222217,0.6675783395767212,Unknown,4.663667052961041,3.7818758326216213,4.57783827087038,4.0190133362716685,0.8817912203394198,0.6446537166893727,-0.23713750365004715,0.1443754868779641,,0.2546978998077247,,0.7472989152610467,,0.7427553204749326,,0.962142235756001,,0.8043439324474446,
284.72819140373446,33.41836363636364,0.9622087478637695,Unknown,3.4638193586341406,4.116352948430165,3.8526329310627365,4.244645330229436,-0.652533589796024,-0.7808259715952954,-0.12829238179927138,0.5100523548459369,,0.24717379160886532,,0.9079363943662183,,0.8969693764809423,,0.9872576329935797,,0.8038018962252578,
285.6480588261048,47.73330000000001,0.672698974609375,Unknown,5.591845330073055,5.07659083518771,4.338133448505855,5.628522331813692,0.5152544948853457,-0.03667700174063704,-0.5519314966259827,0.22866327190067628,,0.9494918542554871,,0.3144595392260696,,0.7980087070322811,,0.9341936111129959,,0.9941310504479282,
285.8051884726061,420.0855454545455,0.9456037282943726,Unknown,4.685316749162901,4.342676812808775,4.388869416877164,4.263089377782211,0.34263993635412593,0.4222273713806901,0.07958743502656418,0.004915881885031559,,0.00308835147454537,,0.33068961380744477,,0.27940364191942335,,0.9341936111129959,,0.20269033696022837,
286.97732949263434,379.0357,0.870217502117157,Bauerine C,4.749364836000924,4.839899960459587,4.8662651540376265,5.019488350556013,-0.09053512445866296,-0.2701235145550882,-0.17958839009642524,0.49153560407623054,,0.0013520872925051558,,0.20884500602384573,,0.8969592270190967,,0.9341936111129959,,0.1595815416303236,
288.05666842779823,896.2749999999999,0.5189725756645203,Unknown,3.90877787490383,3.601452041892187,3.7986966444481554,4.168006404394347,0.30732583301164285,-0.25922852949051745,-0.5665543625021603,0.26165665222174095,,0.4630743727814825,,0.0906842239319655,,0.813523745154896,,0.9341936111129959,,0.8740973647230489,
290.7656260228192,283.13779999999997,0.7543474435806274,Unknown,3.7303723579527044,3.579791388111037,3.8351421577853033,3.713119774713688,0.15058096984166758,0.01725258323901624,-0.13332838660265134,0.31277260992995404,,0.8755541101289963,,0.4124731922009511,,0.8472520550068383,,0.9341936111129959,,0.96352067674902,
293.53524976619053,70.8769090909091,0.9384700655937195,Unknown,5.109728438217645,4.823834216909477,5.063682870621511,5.101743773356879,0.2858942213081681,0.007984664860765989,-0.2779095564474021,0.37083655848550884,,0.8854040327801429,,0.38654827759195143,,0.8659389361669497,,0.9341936111129959,,0.9670037688520416,
293.5764936507342,37.4393,0.8758769631385803,Unknown,5.388303580677174,5.531565998805888,5.966896844209213,5.528515358270719,-0.14326241812871388,-0.14021177759354497,0.0030506405351689025,0.8472728198623716,,0.8487916404317125,,0.9885902767885293,,0.9925778077022781,,0.9972960620048666,,0.9563914558871437,
293.97430291008004,50.8982,0.822121262550354,Unknown,4.9648895606475785,4.512085602744009,4.671157981185799,4.716923311025813,0.4528039579035692,0.24796624962176583,-0.20483770828180337,0.2791481999651353,,0.03941003639021572,,0.5999701037809645,,0.8305968085542698,,0.9456878731807212,,0.5678883008262753,
294.15705934736405,412.88354545454547,0.9242113828659058,Unknown,4.5831123891052785,4.449620780359811,4.592589017402215,4.661538314566263,0.13349160874546762,-0.07842592546098448,-0.2119175342064521,0.8563319952529608,,0.1814897618607313,,0.7747891244618313,,0.9954021650632178,,0.9647434629470387,,0.7373372735493757,
296.9725375877548,43.850272727272724,0.9601241946220398,Unknown,5.7053776917090095,5.734782719660374,6.236751400480423,5.548714230545969,-0.02940502795136446,0.1566634611630402,0.18606848911440466,0.9506462687616191,,0.819446962124899,,0.7243047878211735,,0.9954021650632178,,0.9581389861520812,,0.9557124637452159,
297.09087196734265,438.73609999999996,0.6043565273284912,Unknown,3.451669692223314,3.9108904961662936,3.256451018990023,4.031131166414797,-0.4592208039429795,-0.5794614741914828,-0.12024067024850327,0.40291992339183735,,0.04447360541510613,,0.8103415040209503,,0.8791755365438821,,0.9670301754768821,,0.5804936219507998,
297.3343395334248,380.9135555555556,0.7062102556228638,Unknown,4.2712099448653245,3.8816730433798425,4.266360593564215,3.3641966389419102,0.3895369014854819,0.9070133059234142,0.5174764044379323,0.2425649783184179,,0.10383758568530427,,0.2171583519607506,,0.8079920173605784,,0.9341936111129959,,0.6706104302567856,
297.5004203443582,438.73699999999997,0.8069191575050354,Unknown,4.021682597966796,3.678192965136797,4.105207614584193,4.0508637760041,0.34348963282999945,-0.029181178037303468,-0.3726708108673029,0.3413695288844329,,0.7588736946693204,,0.30879790750740393,,0.8616961145239895,,0.9341936111129959,,0.9398183533982815,
299.3747291375644,471.71799999999996,0.6623534560203552,Unknown,3.676729986783426,3.397762054415581,3.711708495329533,3.0721817015867945,0.2789679323678449,0.6045482851966315,0.3255803528287866,0.7209258901172211,,0.4291127138060199,,0.6003583143478822,,0.9565953574142277,,0.9456878731807212,,0.8735200432455408,
299.9982471633188,288.6913333333334,0.5729469060897827,Unknown,3.1756799798574846,3.003183282546825,3.3060835251417613,3.0716190061001796,0.17249669731065964,0.10406097375730505,-0.06843572355335459,0.2892066228649727,,0.6501080839181461,,0.7013235359544454,,0.8416604401902475,,0.9581389861520812,,0.9180456102303685,
302.50723946925564,348.3713333333333,0.6642983555793762,Unknown,3.717743320791378,3.11147491689048,3.8128778653144795,3.397117651804026,0.6062684039008981,0.3206256689873519,-0.2856427349135462,0.21722848623040156,,0.5352041838793313,,0.43983985715023616,,0.7979466639025367,,0.9341936111129959,,0.8842876820185747,
304.11455749023213,466.79563636363633,0.9661149978637695,2-(4-Methyl-5-thiazolyl)ethyl octanoate,4.468522387625961,5.120999465888709,5.134221057673112,5.2026140558488185,-0.6524770782627485,-0.7340916682228578,-0.08161458996010929,0.12828101740198058,,0.00028450798856978466,,0.8214099904896752,,0.7330532926202694,,0.9670301754768821,,0.0871244245243011,
305.0234539187267,400.29118181818177,0.9476724863052368,2-Chloro-6-O-methylnorlichexanthone;4-Chloro-6-O-methylnorli,7.132738102268398,7.0444781680013335,7.1793346157201405,7.170354306330197,0.08825993426706447,-0.03761620406179933,-0.1258761383288638,0.5262171742716265,,0.4895633269343919,,0.3762994060284783,,0.8986119382783423,,0.9341936111129959,,0.8755243539798058,
305.25602581593,525.4797500000001,0.669765293598175,Unknown,4.2194800428867065,4.174477178893425,4.495628075129269,4.106342586813675,0.04500286399328157,0.11313745607303183,0.06813459207975026,0.8811635527283489,,0.6993987643188593,,0.6171831839551218,,0.9954021650632178,,0.9481944780819669,,0.9230952188122031,
305.2712990508053,461.2347,0.8071287870407104,Unknown,4.557932037225684,4.637380285042455,4.595555140130434,4.443023804279728,-0.07944824781677085,0.11490823294595565,0.1943564807627265,0.736516336058428,,0.4151205686568312,,0.3452745800660534,,0.9646675789076422,,0.9341936111129959,,0.8686251632404102,
307.10233397345826,145.474875,0.6592925190925598,Sempervirine;Procaine (Novocaine) HCl;CPP_287.1310_14.5,4.482563269496929,4.2778750111375965,4.366565032297928,4.3399357704452255,0.20468825835933213,0.14262749905170313,-0.062060759307629,0.07634476326253073,,0.27703086170667635,,0.6449978727877284,,0.6840804939362677,,0.9536533451648531,,0.8186638975532324,
308.7707325001615,385.281625,0.548850417137146,Unknown,4.213795348271536,3.3515846885377827,3.6332403416669576,3.213364483670869,0.8622106597337535,1.0004308646006672,0.13822020486691367,0.0006099384540473956,,0.0037026551487395827,,0.41879538683566125,,0.11839130520257449,,0.9341936111129959,,0.20269033696022837,
309.2631660637317,483.91225000000003,0.518652081489563,Unknown,3.9427565822651576,3.067460628165153,3.8690352177372747,3.278371724854179,0.8752959541000047,0.6643848574109787,-0.21091109668902597,0.10248919472258784,,0.17572623795938472,,0.515485654603833,,0.7277636160222334,,0.9375398401843495,,0.7373372735493757,
309.77159335578745,38.254900000000006,0.8485404253005981,Unknown,6.010687763943772,5.126838375597226,5.0161706479344765,4.838156445064168,0.8838493883465457,1.1725313188796038,0.28868193053305813,0.20291274317999844,,0.1129687715940158,,0.7354462017916121,,0.7967966888619453,,0.9581389861520812,,0.6881210654511394,
310.3461522846044,82.32572727272728,0.9052817821502686,Unknown,4.8916582734838645,4.278959942411414,4.977154655546954,4.6089244420637945,0.6126983310724503,0.28273383142007,-0.3299644996523803,0.06012745524228924,,0.5774618867857757,,0.5605469234386242,,0.6428522382860448,,0.9439759149311477,,0.8969345767285403,
310.5121125717069,308.07989999999995,0.773876965045929,Unknown,4.526792310253362,3.7955661107114618,3.499491250410891,4.388311653420928,0.7312261995419003,0.13848065683243416,-0.5927455427094661,0.10852814788109125,,0.24160604670259467,,0.16795601681352665,,0.7277636160222334,,0.9341936111129959,,0.7988941882452661,
311.0784930861026,42.24881818181818,0.9722772240638733,Unknown,6.755179939229616,6.070950562241053,6.7882932930163005,6.312435049195353,0.6842293769885632,0.44274489003426254,-0.2414844869543007,0.16078387667036537,,0.3115052004408274,,0.6819114551326512,,0.7722656567258852,,0.954391917600169,,0.8251842306808576,
313.11312033817137,433.29409090909087,0.9632250070571899,SPA-9C (TENTATIVE);Phenylbutyrylglutamine;Fusarochromanone,5.722820687381637,5.597134878994077,5.772832239296378,5.7151745256914595,0.12568580838756027,0.007646161690177955,-0.11803964669738232,0.6537119743699776,,0.7924846339745919,,0.6742961463893736,,0.9380256097614517,,0.954391917600169,,0.9484584234184341,
315.2809117921416,450.91009999999994,0.8639412522315979,Unknown,5.1201871971824895,4.942320524596888,4.252652864149343,5.077102510252356,0.1778666725856013,0.043084686930133564,-0.13478198565546773,0.17380174226200748,,0.568787902258359,,0.22071498223999178,,0.7722656567258852,,0.9341936111129959,,0.8925727963902101,
315.75456683988693,413.596,0.5189865231513977,Unknown,3.945381933945568,3.457545173780803,3.749021158173263,3.916195960802009,0.4878367601647646,0.02918597314355864,-0.458650787021206,0.06954357329364455,,0.8928796679605526,,0.0835636770734434,,0.6655577164309516,,0.9341936111129959,,0.9700304928001368,
316.0798640568749,359.56700000000006,0.8672500252723694,N-(1-Deoxy-1-fructosyl)threonine;Prunasin;Sambunigrin,4.565946069171718,4.328930394814331,4.5348256645062595,4.69323455059697,0.23701567435738724,-0.12728848142525173,-0.36430415578263897,0.013899880626942166,,0.1012931976394095,,0.00665390876046973,,0.3674558186250609,,0.5277061486187916,,0.6706104302567856,
316.5065684388359,354.22599999999994,0.5031965970993042,Unknown,4.151938838278027,3.7939641779827604,3.3450687099351804,3.8337399653430544,0.3579746602952665,0.3181988729349725,-0.03977578736029397,0.007662902067165448,,0.26634384157549734,,0.8778945005852694,,0.3098216482842187,,0.974808002265388,,0.8124275167583956,
319.885818522242,447.7309,0.6797642111778259,Unknown,4.070453484603971,4.402468097617032,3.558696471957635,4.423601167368556,-0.3320146130130608,-0.3531476827645852,-0.021133069751524403,0.5796556240977478,,0.5292898502232395,,0.978206456004601,,0.910896507211941,,0.9955882094183057,,0.8819913012954292,
320.10423743580805,420.1943,0.7557406425476074,Unknown,3.780050478496181,4.165161586054205,3.484280077818786,4.154210570270294,-0.3851111075580236,-0.374160091774113,0.010951015783910556,0.3117014476793315,,0.28230567932122486,,0.9734062731909943,,0.8472520550068383,,0.9953426349734461,,0.8191269103859745,
320.5809573266725,371.74,0.7443993091583252,Unknown,3.715983807056762,3.9212441043089594,3.964531907227379,4.138132036675931,-0.20526029725219752,-0.4221482296191694,-0.2168879323669719,0.6904432905392195,,0.43389522167485023,,0.265988109836386,,0.9453373220162753,,0.9341936111129959,,0.8735200432455408,
322.9886939572368,40.7813,0.7559311389923096,Unknown,4.379557450009162,4.58920061303888,4.513112775229612,4.564470482946715,-0.20964316302971842,-0.184913032937553,0.024730130092165403,0.6841324151243495,,0.7774742219452424,,0.968518675035053,,0.9435993578504407,,0.9953426349734461,,0.9482657407148426,
325.12434172176756,443.7593,0.8609824776649475,Hydroxyhexamide;Clozapine;Clozapine,4.300278096584152,3.977816022704218,4.193194574582275,4.122410152685621,0.322462073879934,0.1778679438985309,-0.14459412998140309,0.005594127586304704,,0.016961886375751533,,0.09705054804925811,,0.28907529478065663,,0.9341936111129959,,0.43200818118005874,
325.3382089654933,357.4433,0.8697431087493896,Unknown,4.418449465905517,4.371275132804213,4.646102407762045,4.665105856555621,0.04717433310130392,-0.24665639065010403,-0.29383072375140795,0.863022812422203,,0.29924639953839133,,0.18339039703288304,,0.9954021650632178,,0.9341936111129959,,0.8191269103859745,
325.457083832748,42.135363636363635,0.9834238886833191,Unknown,6.466846144508964,5.9057886184406625,6.745596464394191,6.5990493246505615,0.5610575260683017,-0.13220318014159727,-0.693260706209899,0.37669175414518713,,0.6986321404675655,,0.2742437149918489,,0.8662226401476409,,0.9341936111129959,,0.9230952188122031,
326.2549176427758,410.80069999999995,0.8672702312469482,Unknown,4.38106746423725,3.918230286665977,4.120019544374236,4.553162803319167,0.4628371775712732,-0.17209533908191688,-0.6349325166531901,0.004379386693028162,,0.015487152078615429,,0.0021253912662323347,,0.27276293130287305,,0.34383676601584684,,0.41789701304965965,
326.498591169943,114.60733333333332,0.6045395135879517,Unknown,3.3823354851752008,3.580203654854357,3.3968783978879173,3.8761772431940833,-0.19786816967915621,-0.4938417580188825,-0.2959735883397263,0.38719377121057363,,0.16885182321635692,,0.36115833886870996,,0.8662226401476409,,0.9341936111129959,,0.7373372735493757,
326.5269594647667,477.5206999999999,0.7794466018676758,Unknown,4.234171106322093,4.079310936992909,4.17531661536719,3.969119387039745,0.15486016932918467,0.26505171928234805,0.11019154995316338,0.42806272781270316,,0.33081348146028094,,0.7213070338922969,,0.8890951892318769,,0.9581389861520812,,0.8288527624284971,
328.8742237014289,432.2167777777778,0.701394259929657,Unknown,3.7892796488531744,3.782373344219378,3.8143665765161874,4.139056309469585,0.0069063046337962675,-0.3497766606164108,-0.35668296525020704,0.9856235668210093,,0.4758956836498902,,0.29729315472838436,,0.9954021650632178,,0.9341936111129959,,0.8740973647230489,
329.633587144957,308.964375,0.5721421241760254,Unknown,3.5241231198161227,3.1276499652477323,2.9902256865580092,3.1999887886435787,0.3964731545683904,0.324134331172544,-0.07233882339584641,0.13957969440100468,,0.08463592673853931,,0.748376227134049,,0.7393027089682752,,0.9621697557564429,,0.6594525298454849,
331.90357483018363,453.051375,0.6235191822052002,Unknown,3.9460490135610082,3.4349080872771443,4.072058502295187,3.89607047297749,0.511140926283864,0.04997854058351825,-0.46116238570034573,0.28833504931501885,,0.7933495397100361,,0.32156222743469454,,0.8416604401902475,,0.9341936111129959,,0.9484584234184341,
331.95766434031157,353.898625,0.5686744451522827,Unknown,3.8614234036621387,3.747029944221834,3.6315700680146907,3.686503747737014,0.11439345944030466,0.17491965592512448,0.06052619648481983,0.7900352262559931,,0.6928490609890205,,0.8141925529216313,,0.9729438837646884,,0.9670301754768821,,0.9196792731614726,
332.60367494342836,476.19345454545453,0.9212086200714111,Unknown,5.422807027304209,4.603592161209371,5.3327919870382035,5.397244783165771,0.8192148660948382,0.025562244138438217,-0.7936526219564,0.2833556146085867,,0.6464270774351181,,0.2971387729383688,,0.8346846818898654,,0.9341936111129959,,0.9177037879457167,
334.0491429078827,410.31336363636365,0.9648450016975403,Avenanthramide 1c;(Z)-N-Coumaroyl-5-hydroxyanthranilic acid;,5.272544110873789,4.867771553400674,5.115763631376529,5.167563281111332,0.40477255747311514,0.10498082976245726,-0.2997917277106579,0.1145714281076855,,0.16526647479022172,,0.21474535945260312,,0.7277636160222334,,0.9341936111129959,,0.7373372735493757,
334.88745259301834,305.9152,0.8230668306350708,Unknown,3.0925488233705507,3.072039187790221,3.7581182303409877,3.744548681308712,0.02050963558032981,-0.6519998579381614,-0.6725094935184912,0.9218725115872395,,0.1555811848945065,,0.18445942354715578,,0.9954021650632178,,0.9341936111129959,,0.7357931083347601,
337.14802525646456,373.6755454545455,0.965998113155365,Unknown,4.547205122690282,4.61042749854158,4.556747471427571,4.746427429372504,-0.0632223758512982,-0.19922230668222252,-0.13599993083092432,0.6997249937801086,,0.14160084509316742,,0.4872527218540264,,0.9483438975763807,,0.9372342467005619,,0.7254911932139494,
337.17270619880264,487.00890909090907,0.9599701166152954,Unknown,5.054951218480663,4.932318567832323,5.2272610216578865,4.993215664191353,0.12263265064833995,0.0617355542893101,-0.060897096359029845,0.7885079212277919,,0.8282679457350083,,0.8648661940089191,,0.9723727097017917,,0.974808002265388,,0.9563914558871437,
337.3631515297045,450.77709999999996,0.8577476143836975,Unknown,4.289225907190569,3.6196998265463716,4.194367218888518,4.006800464447903,0.6695260806441974,0.28242544274266557,-0.3871006379015318,0.029176223850265307,,0.19430706601166903,,0.22148980652462727,,0.50984214897667,,0.9341936111129959,,0.7502770326369649,
338.53669429030936,358.7692,0.8553088903427124,Unknown,4.888306171233093,5.059063054032209,4.6805119015130945,5.232771905935457,-0.17075688279911638,-0.3444657347023643,-0.17370885190324792,0.6713870177847352,,0.3981872312692603,,0.11132116433208819,,0.9435993578504407,,0.9341936111129959,,0.866099230883138,
339.0689599125335,494.58630000000005,0.8684625029563904,Diazinon;Chlorpromazine;Vicine,4.27216718240936,4.006871181033321,4.097185732091893,3.8348489552490093,0.26529600137603904,0.43731822716035085,0.1720222257843118,0.4531335368629142,,0.2097687641337247,,0.2915080934715316,,0.8890951892318769,,0.9341936111129959,,0.7610393806327458,
339.29163049259256,371.99036363636367,0.9275333881378174,Unknown,4.787287659058982,4.7734217362267435,4.718062179432696,4.592519531584014,0.013865922832238198,0.1947681274749673,0.1809022046427291,0.9681833390053896,,0.6329265577834804,,0.39202175938449285,,0.9954021650632178,,0.9341936111129959,,0.9141129533346335,
339.38128820881826,41.53336363636364,0.985484778881073,Unknown,6.500902513515315,5.648850463868828,6.497434595416375,6.264268016598262,0.8520520496464865,0.23663449691705285,-0.6154175527294337,0.0632103762147361,,0.2085539525561193,,0.16952584966282658,,0.6428522382860448,,0.9341936111129959,,0.7607065471326157,
341.0073170673068,417.63136363636363,0.8538975715637207,Unknown,3.3986035926045264,4.101811730527587,4.096751132760816,3.512828277577811,-0.703208137923061,-0.11422468497328442,0.5889834529497766,0.20955355205430587,,0.7833205916992922,,0.16827943551348412,,0.7975119100181354,,0.9341936111129959,,0.9484584234184341,
341.0270004535186,73.22154545454545,0.8275811076164246,Unknown,4.2332627083161105,4.573190535219121,4.375848920207687,4.171266782678656,-0.3399278269030104,0.06199592563745426,0.40192375254046464,0.024343304310755223,,0.7836317733267602,,0.13099843072502018,,0.4647767915627525,,0.9341936111129959,,0.9484584234184341,
341.2545846827528,470.8825,0.7457314133644104,Unknown,3.5960098208026707,4.059999488776627,3.994763966021142,4.235464681170062,-0.4639896679739559,-0.6394548603673913,-0.1754651923934354,0.39323727911740003,,0.2475751118876923,,0.20707887514419637,,0.86820198711975,,0.9341936111129959,,0.8038018962252578,
341.546570197974,39.35309090909091,0.8339346051216125,Unknown,4.8824745761391375,4.859048376076129,4.037664472677435,3.8499154390037122,0.02342620006300855,1.0325591371354252,1.0091329370724167,0.9778139965268727,,0.004688973365437151,,0.26359253699578944,,0.9954021650632178,,0.9341936111129959,,0.21974234271662285,
343.66034291892856,413.071375,0.5650644898414612,Unknown,3.2023640539669667,3.644011556855783,3.8531126127340016,3.6960956111519345,-0.4416475028888165,-0.49373155718496786,-0.05208405429615137,0.3699765941564992,,0.13502231251987917,,0.9022306388097742,,0.8659389361669497,,0.9848594903259684,,0.7194212103772374,
344.3938382095073,146.249,0.7517580986022949,Unknown,3.760904282452371,3.6823650573753812,4.678165979181065,4.1951028182075945,0.07853922507698963,-0.4341985357552236,-0.5127377608322132,0.9102098872774081,,0.536816853611872,,0.4515828873702454,,0.9954021650632178,,0.9341936111129959,,0.8844087084608109,
345.56793155900607,448.0685,0.6023980975151062,Unknown,4.028866951676252,3.9459349690093073,3.98823272860739,3.6121721968586726,0.08293198266694501,0.41669475481757967,0.33376277215063466,0.6477412798899345,,0.44671887930761717,,0.5537449546881229,,0.9333630462145667,,0.9439759149311477,,0.8735200432455408,
345.73744476376334,110.57410000000002,0.7077220678329468,Unknown,4.153104947021052,4.194548762838559,4.509630599684339,4.457893627051807,-0.041443815817507,-0.30478868003075554,-0.26334486421324854,0.9083746490186013,,0.46823879183967415,,0.4889580954873675,,0.9954021650632178,,0.9375398401843495,,0.8740973647230489,
346.4036911406614,303.86179999999996,0.7484785318374634,Unknown,3.201060909014597,2.876543948433703,2.974598219051808,2.8940462702372347,0.32451696058089397,0.30701463877736224,-0.01750232180353173,0.33376704251163974,,0.34225612478047784,,0.9253724839024203,,0.860651080547679,,0.9912886458735997,,0.8309605221799807,
351.20885585107413,187.007,0.7406960725784302,Unknown,4.029516558750136,3.3544784979901743,3.5378886728448444,3.3759819022980757,0.6750380607599618,0.6535346564520603,-0.02150340430790143,0.09915544699031238,,0.09136015521557041,,0.9624966028989663,,0.7248129255790547,,0.9953199574612179,,0.6594525298454849,
352.9441728618576,359.30089999999996,0.8424025177955627,Unknown,5.513149527678249,5.237484924961864,5.343452003820177,5.434474775477553,0.27566460271638515,0.07867475220069586,-0.1969898505156893,0.04487696422079763,,0.34278116564215017,,0.0813952217798884,,0.5984165356922869,,0.9341936111129959,,0.8309605221799807,
352.944893006121,373.6755454545455,0.970704972743988,Unknown,5.657386899695126,5.466220341831412,5.587413725285078,5.678665385199584,0.19116655786371428,-0.021278485504457656,-0.21244504336817194,0.1842920975326559,,0.6813561690138255,,0.15375513854830286,,0.7884031226397022,,0.9341936111129959,,0.9195697788067687,
353.07596251806746,467.30679999999995,0.8677150011062622,Unknown,4.728171267457287,4.57259623793684,4.616538728662734,4.3955590686904875,0.15557502952044722,0.3326121987667996,0.17703716924635238,0.5465069926419361,,0.17005811645383975,,0.24347062952860876,,0.9072925006558107,,0.9341936111129959,,0.7373372735493757,
353.35821127037525,46.249272727272725,0.7697710394859314,Unknown,3.6585245286233037,4.156387906740384,3.620901398383583,4.207897339795061,-0.49786337811708004,-0.5493728111717577,-0.0515094330546777,0.26000081279676907,,0.01836815057120202,,0.8946204030096787,,0.813523745154896,,0.9827955626030674,,0.4417272773447638,
354.2429833230169,488.4587272727273,0.9662340879440308,Unknown,5.582061896699486,5.418774618038228,5.114231334681601,5.103001840058674,0.16328727866125803,0.47906005664081164,0.3157727779795536,0.5398464504553818,,0.23673152399820713,,0.45244114932934004,,0.9072925006558107,,0.9341936111129959,,0.7963138702843443,
355.0850257432195,422.6169090909091,0.8813682794570923,Unknown,4.032459553763311,3.4979144335997656,3.8448470096385883,3.4641179524596857,0.5345451201635454,0.5683416013036253,0.03379648114007994,0.3739244854805404,,0.23152459579779172,,0.9618707410223659,,0.8659389361669497,,0.9953199574612179,,0.7905434040620646,
355.0875101233655,42.380272727272725,0.9630380272865295,Unknown,4.1321499618714705,4.099920850226563,4.361940172832306,4.390877545803382,0.032229111644907604,-0.2587275839319112,-0.2909566955768188,0.9526876882525288,,0.4335144981158317,,0.5243714410770973,,0.9954021650632178,,0.939387126377869,,0.8735200432455408,
355.3773650876816,39.34372727272727,0.8906760811805725,Unknown,4.573548977476737,4.5516141398564045,5.350710150352953,4.5550926514342995,0.021934837620332104,0.018456326042437077,-0.003478511577895027,0.9689549046712855,,0.9708123627563328,,0.9954966609735856,,0.9954021650632178,,0.9998607476510148,,0.9946799654543693,
356.1884898916298,308.59936363636365,0.8836588263511658,Unknown,3.5158431101563115,3.2621134062638792,3.8534146414430257,3.531470774044905,0.2537297038924322,-0.015627663888593712,-0.2693573677810259,0.5759860948002087,,0.96760819364671,,0.5054911983378582,,0.910896507211941,,0.9375398401843495,,0.9946799654543693,
357.9281155973508,478.6678888888889,0.6425652503967285,Unknown,4.043155176057312,3.1229521936094176,3.3021564757086983,3.428795744244668,0.9202029824478948,0.6143594318126442,-0.3058435506352506,0.013886507439319585,,0.0608239863128849,,0.3516091001738196,,0.3674558186250609,,0.9341936111129959,,0.6240166054463303,
358.1954016856298,146.097,0.6721619367599487,Unknown,3.8766384543699837,3.884893595477161,4.099704164069157,3.9147232170469173,-0.008255141107177177,-0.038084762676933615,-0.029829621569756437,0.9592863703490229,,0.8390608656562949,,0.8636134576910596,,0.9954021650632178,,0.974808002265388,,0.9563914558871437,
359.40964681701263,444.15680000000003,0.7968035936355591,Unknown,3.9053482120111624,3.306726061365202,3.6511170718607615,3.602341067976173,0.5986221506459604,0.3030071440349893,-0.29561500661097107,0.009209780996677805,,0.4126754021553069,,0.4471537144219654,,0.3139265442465625,,0.9341936111129959,,0.8686251632404102,
362.28565329381337,409.2253333333333,0.6484381556510925,Unknown,4.633799467901176,3.6446620772439253,4.347520204582208,3.454600326428672,0.9891373906572509,1.179199141472504,0.19006175081525312,0.07384176199235892,,0.08224836989597477,,0.785486273860005,,0.6737243948152394,,0.9667220674675763,,0.6594525298454849,
362.308310917533,305.11530000000005,0.715481698513031,Unknown,3.5876274780238764,2.9051573681701943,3.3123813579375287,3.1309421041568424,0.6824701098536821,0.456685373867034,-0.22578473598664806,0.0075640020792120625,,0.21297007705022997,,0.5382351357416537,,0.3098216482842187,,0.9417182934407179,,0.7610819737912897,
363.4911707142624,69.91709090909092,0.6485818028450012,Unknown,3.147334196850704,4.609765133187131,3.2402511813154486,4.025126322324781,-1.462430936336427,-0.8777921254740773,0.5846388108623497,0.04725343436533585,,0.18525129179139602,,0.4640260684223562,,0.6047393306865833,,0.9343252415096033,,0.7431676336067288,
363.73113132690446,438.7385,0.5565298795700073,Unknown,3.3032821351216057,3.312500722225122,3.5235593576898907,3.3349212472764376,-0.009218587103516196,-0.03163911215483184,-0.022420525051315643,0.9710881871197214,,0.896946980450242,,0.9437195480983134,,0.9954021650632178,,0.9921208594574054,,0.9702505947489781,
366.57855398140487,44.869454545454545,0.8787014484405518,Unknown,3.779262018704633,4.498540213070923,5.143339842285545,4.178887056566029,-0.7192781943662898,-0.3996250378613957,0.3196531565048941,0.4445854714349514,,0.38770203179907725,,0.7269129438845426,,0.8890951892318769,,0.9581389861520812,,0.8535031276542437,
366.9597031866903,385.1428888888889,0.6497265100479126,Unknown,3.3275276387681103,4.290290369082225,3.9622343599962058,4.243842075420599,-0.9627627303141146,-0.9163144366524891,0.046448293661625506,0.20154748088415161,,0.2839062843718668,,0.9568482027553171,,0.7967966888619453,,0.9933123029160053,,0.8191269103859745,
375.7927307962102,411.30463636363635,0.9611312747001648,Unknown,4.848717141717214,5.117200459543116,4.861459322270363,4.937815539704084,-0.2684833178259023,-0.08909839798687003,0.17938491983903226,0.35107133196126084,,0.22520095047221034,,0.519693519559026,,0.8616961145239895,,0.9375398401843495,,0.7800902186024958,
377.1735076483071,279.4421111111111,0.6056213974952698,Unknown,3.04719495584323,2.9366582045682983,3.236098674827673,3.0509750506637743,0.11053675127493179,-0.0037800948205441998,-0.11431684609547599,0.3928238033966972,,0.9789566420489881,,0.5196185445133245,,0.86820198711975,,0.9375398401843495,,0.9948577491685624,
377.9872571713288,182.28377777777777,0.5680225491523743,Unknown,3.939199471347081,3.4415909102528137,3.6846661108240255,3.531509839689113,0.4976085610942671,0.4076896316579677,-0.08991892943629942,0.3208382356011308,,0.3418496426454142,,0.8831876044440182,,0.8488175108654057,,0.9769118469260648,,0.8309605221799807,
379.51232623658484,49.656555555555556,0.68505859375,Unknown,3.4959954311516674,3.345323518506966,3.6255919820710796,3.415060302334167,0.1506719126447016,0.08093512881750042,-0.06973678382720117,0.5831151258582745,,0.757401980896488,,0.803625549274205,,0.910896507211941,,0.9670301754768821,,0.9391238031320255,
380.66704308679823,439.6954444444444,0.6317816376686096,Unknown,4.082426725787942,4.048072488891779,4.363703350298678,3.7985076927255697,0.03435423689616268,0.283919033062372,0.2495647961662093,0.9644360254944364,,0.7314698312541643,,0.7392818268515815,,0.9954021650632178,,0.9581389861520812,,0.9324029462115769,
381.37377728247696,39.46809090909091,0.929801344871521,Unknown,4.330287297575812,4.45936121031932,5.113722924086179,3.600527393472016,-0.12907391274350744,0.7297599041037963,0.8588338168473038,0.8234591854240495,,0.17177835191895036,,0.09589656026574929,,0.986619895609756,,0.9341936111129959,,0.7373372735493757,
381.67067409558763,423.9442727272728,0.8980586528778076,Unknown,4.232164554090667,4.176400511988123,4.46915863579841,4.489770124221354,0.0557640421025436,-0.2576055701306874,-0.313369612233231,0.9088222798673927,,0.6343054122345229,,0.3623529520935643,,0.9954021650632178,,0.9341936111129959,,0.9143155734062032,
383.2347022341957,305.27688888888883,0.721703290939331,Unknown,2.873755557447088,2.88127274841429,2.4865507368993756,3.271494976236093,-0.007517190967202048,-0.3977394187890049,-0.3902222278218028,0.9849519413444048,,0.2980985220351088,,0.3483908059214016,,0.9954021650632178,,0.9341936111129959,,0.8191269103859745,
385.26063441304024,376.2502,0.730789303779602,Unknown,2.81758347399762,2.832975388704669,3.283865689680077,3.309807241246411,-0.015391914707048926,-0.4922237672487908,-0.4768318525417419,0.905352555948792,,0.3065789439304783,,0.3226472236259478,,0.9954021650632178,,0.9341936111129959,,0.8251842306808576,
385.5063152214603,458.418,0.7860477566719055,Unknown,3.900496813764016,3.8527981759130157,3.660224608688978,3.614564168215214,0.04769863785100048,0.28593264554880227,0.2382340076978018,0.6822443472915797,,0.0463661761896617,,0.0046929150514174334,,0.9435993578504407,,0.4207300363488151,,0.5804936219507998,
386.62965120405136,396.14045454545453,0.887416422367096,Unknown,3.862923802506632,3.9454750178802596,4.442715523788905,3.616698312860381,-0.08255121537362742,0.24622548964625102,0.32877670501987843,0.9063598111913702,,0.7330505833793142,,0.592008901320388,,0.9954021650632178,,0.9456878731807212,,0.9324029462115769,
386.7328375685813,358.2428000000001,0.827739953994751,Unknown,3.890201551302518,3.5104649249422235,3.659583164160357,3.854680407376991,0.3797366263602946,0.03552114392552719,-0.3442154824347674,0.016164390408279404,,0.7233917159404177,,0.00013807207214391887,,0.37876105706672875,,0.05702147403203347,,0.9294353092991543,
386.91806421197833,399.9232727272727,0.9725663661956787,Unknown,7.141705678685479,7.064412939501392,7.173169348435502,6.267823259154582,0.07729273918408719,0.8738824195308972,0.79658968034681,0.565101655681403,,0.37520720747940733,,0.4185443269111996,,0.9072925006558107,,0.9341936111129959,,0.8487157892223886,
387.0884238474799,353.20166666666665,0.6078711152076721,Unknown,3.895953311849471,3.405826709836321,3.728899955899106,3.308557479021186,0.49012660201315006,0.5873958328282853,0.09726923081513528,0.017941259674638874,,0.043826443090697845,,0.6355803496732657,,0.387208668927478,,0.9510643548811858,,0.5804936219507998,
389.9822912455992,278.0435,0.5782080292701721,Unknown,3.583890789476303,3.7416147183815887,3.771998691282197,3.6020055963348874,-0.15772392890528586,-0.018114806858584576,0.13960912204670128,0.6627725040706551,,0.9656203022584706,,0.6960005222521852,,0.9386242468363262,,0.9575520026139989,,0.9946799654543693,
391.35991865000716,76.234125,0.5422911643981934,Unknown,2.948538011769733,3.4564382466507273,3.2932795455161874,3.4790133050363052,-0.5079002348809945,-0.5304752932665724,-0.02257505838557794,0.29612152642554074,,0.08618689222098395,,0.9576648196881757,,0.8461792473657245,,0.9933123029160053,,0.6594525298454849,
391.9161002326084,493.9563333333333,0.6775887608528137,Unknown,3.898204073602367,4.121703417748471,4.325699011944634,4.696565201339136,-0.2234993441461035,-0.798361127736769,-0.5748617835906655,0.42532752845154587,,0.03300919715213447,,0.0003264147506328117,,0.8890951892318769,,0.08413340197560722,,0.5602471319855509,
394.0979376691316,43.525111111111116,0.6685894131660461,Unknown,4.180876309775107,4.099161191131082,4.235573262404161,4.100823770663256,0.08171511864402525,0.0800525391118514,-0.001662579532173858,0.8570040612457208,,0.8492751480929259,,0.9977632229255464,,0.9954021650632178,,0.9999676890838645,,0.9563914558871437,
398.08332973146247,377.8085555555556,0.6381749510765076,Unknown,3.13906535566165,3.6401644186436033,3.58243244290295,3.324593862603217,-0.5010990629819534,-0.18552850694156708,0.3155705560403863,0.3182919089541717,,0.663866236401145,,0.36972258574942246,,0.8474231217981774,,0.9341936111129959,,0.919454692032388,
398.87007111465584,358.76000000000005,0.6440552473068237,Unknown,3.564094119868639,3.4731784117456996,3.790821556696585,3.351905705340793,0.09091570812293925,0.2121884145278461,0.12127270640490684,0.7643765250655554,,0.41644832769078,,0.5917981956265371,,0.9681476625830314,,0.9456878731807212,,0.8686251632404102,
400.31818810676464,419.26890000000003,0.805626630783081,Unknown,4.054962168938672,3.6841350662671926,3.7976711404407983,3.510046834865324,0.3708271026714791,0.5449153340733477,0.17408823140186858,0.08260116773612479,,0.016421524949113062,,0.43134659803837455,,0.6929860718389551,,0.9341936111129959,,0.42862258791229285,
401.59510533428784,42.38581818181819,0.7794751524925232,Unknown,3.796632663907268,4.351694323213697,4.533078330346363,4.580816465644308,-0.5550616593064288,-0.7841838017370404,-0.22912214243061158,0.16975341550470405,,0.21105353557819556,,0.6535683321290229,,0.7722656567258852,,0.954391917600169,,0.7610393806327458,
402.0305628206939,305.85328571428573,0.5090987086296082,Unknown,2.7802001600376123,2.8225865175908584,2.9865805998504142,3.098104431279044,-0.04238635755324616,-0.3179042712414315,-0.27551791368818535,0.902281785439727,,0.39911575792761717,,0.04101449801931958,,0.9954021650632178,,0.9341936111129959,,0.8663596823821407,
402.1640257368297,433.71619999999996,0.8722699880599976,MMV020081,4.613925808118523,5.3552046871464425,5.2966781009177035,5.230956686422927,-0.7412788790279192,-0.6170308783044041,0.12424800072351516,0.02753029271908142,,0.0002687399394209929,,0.5935952237280371,,0.5021876991051458,,0.9456878731807212,,0.0871244245243011,
402.5510480883146,375.71619999999996,0.8549973964691162,Unknown,3.728768257036254,3.861886020552276,3.7530097823901314,3.9547224877458924,-0.1331177635160219,-0.22595423070963827,-0.09283646719361638,0.5013939133829192,,0.24699397461050657,,0.673893428565401,,0.8969592270190967,,0.954391917600169,,0.8038018962252578,
402.66532003128043,109.1115,0.6318382620811462,Unknown,3.4066784937784855,3.030587020714646,3.7667529181279615,3.3665251344347795,0.3760914730638394,0.04015335934370601,-0.3359381137201334,0.22803069598164868,,0.8861199430258901,,0.11857714280501368,,0.7980087070322811,,0.9341936111129959,,0.9671855599414265,
402.7244709180968,467.83630000000005,0.7597779631614685,Unknown,4.318250180773023,3.6024574647910543,3.6557152601874794,3.748541237744851,0.7157927159819688,0.5697089430281723,-0.1460837729537965,0.4212072617595817,,0.5065918161446835,,0.8327464516236005,,0.8890951892318769,,0.9670301754768821,,0.8791579978112207,
403.15512068822176,333.141375,0.5731339454650879,Unknown,2.84689237524463,3.5877121300338444,3.581811890684988,3.7523804385955573,-0.7408197547892144,-0.9054880633509272,-0.16466830856171288,0.19214387632211252,,0.13038527663237012,,0.5063125450404048,,0.796329883376522,,0.9375398401843495,,0.7075116853051242,
404.1303510160326,490.0057777777777,0.7034590244293213,Unknown,4.783813862116376,3.741013582775564,3.836415085196566,3.7846132065655476,1.042800279340812,0.9992006555508284,-0.04359962378998361,0.0008011959557480447,,0.004907877606985313,,0.8053997533707618,,0.1361706888329057,,0.9670301754768821,,0.22488985834674924,
405.03193496373336,444.2920000000001,0.692974328994751,Unknown,3.4563449314519077,3.541328277840506,3.634502389541298,3.2351962813516035,-0.0849833463885985,0.22114865010030416,0.30613199648890266,0.7617954381032683,,0.6010670270878467,,0.49984458642492824,,0.9680849820974129,,0.9375398401843495,,0.9028912947607407,
405.72349845767326,411.30281818181817,0.9491286277770996,Unknown,4.486298396973749,4.359856083646264,4.270802917916217,4.051330190968727,0.1264423133274848,0.4349682060050215,0.3085258926775367,0.5029818746061656,,0.29249984046227556,,0.477204313024092,,0.8969592270190967,,0.9343252415096033,,0.8191269103859745,
406.04459298323616,495.5111,0.8253921270370483,Unknown,3.552028519563173,3.556713827616651,3.5629146781804457,3.9643607750657406,-0.00468530805347811,-0.4123322555025677,-0.4076469474490896,0.9848653041469682,,0.02016935583964924,,0.18678022304960037,,0.9954021650632178,,0.9341936111129959,,0.44456914791582347,
408.22319345038017,307.1507777777777,0.7501950860023499,Unknown,3.418367666817252,3.169605457647551,3.2767412550487824,3.1735140831889392,0.24876220916970082,0.24485358362831278,-0.003908625541388044,0.10088327334684224,,0.35084865436160134,,0.9881950452069446,,0.7248129255790547,,0.9972960620048666,,0.8402438156720349,
408.9284330766594,411.796625,0.6587552428245544,Unknown,4.056888734406925,3.7753361595833184,3.4678602988583185,4.280569153054617,0.28155257482360696,-0.2236804186476915,-0.5052329934712985,0.0004009000054106907,,0.0074299673465801404,,0.00015646932212633609,,0.10623349723192946,,0.05702147403203347,,0.2641481494594526,
409.08812564819306,357.80685714285715,0.5040200352668762,Unknown,3.9112551425650497,3.8515671520095136,4.047972197538412,3.652224645175393,0.059687990555536086,0.25903049738965667,0.19934250683412058,0.7400930279909598,,0.3195705507987338,,0.46479037000343565,,0.9646675789076422,,0.9343252415096033,,0.8288527624284971,
410.1784316997273,359.8291,0.807051420211792,Unknown,4.303890923190202,3.957637840081585,4.140980152162151,3.9474455587881274,0.3462530831086168,0.3564453644020742,0.010192281293457395,0.06857968848090457,,0.1860070173634763,,0.9637185284378355,,0.6655577164309516,,0.9953426349734461,,0.7436071634482729,
412.36912204371066,146.0458888888889,0.668221652507782,Unknown,3.2460530287810805,3.1563344415486676,3.4289099656880273,3.268453144670687,0.08971858723241288,-0.022400115889606553,-0.11211870312201944,0.5827648513736169,,0.9309781390657528,,0.6818009499790891,,0.910896507211941,,0.954391917600169,,0.9849548090064558,
412.4457987420014,297.94599999999997,0.6342799067497253,Unknown,3.3392412476162057,2.9824295796585165,2.9774776652890553,3.213266907290033,0.35681166795768915,0.12597434032617283,-0.23083732763151632,0.004885054831127728,,0.46231981755142504,,0.17841917093733384,,0.27940364191942335,,0.9341936111129959,,0.8740973647230489,
413.4005304872753,48.861999999999995,0.8458381295204163,Unknown,3.6151261709178595,3.9227432086137157,3.7493876191297684,3.76458721143187,-0.30761703769585624,-0.14946104051401043,0.1581559971818458,0.15827467212475066,,0.6063267217663821,,0.6453848005984395,,0.7697225800029147,,0.9536533451648531,,0.9028912947607407,
414.99998694003403,304.5474285714286,0.5055518746376038,Unknown,3.2975013967402127,2.80791691302778,2.7975649325040695,2.9523500410822425,0.48958448371243257,0.34515135565797017,-0.1444331280544624,0.003358248233198331,,0.0641035665855231,,0.26336407750369323,,0.27276293130287305,,0.9341936111129959,,0.6265958193010359,
415.28025490561214,457.5277,0.8144972324371338,Unknown,4.237495266038501,4.1391917845046695,4.010147290238207,4.053452184617561,0.09830348153383106,0.18404308142093928,0.08573959988710822,0.5630648664699347,,0.14284647160274658,,0.6599177236113136,,0.9072925006558107,,0.954391917600169,,0.7254911932139494,
416.0514433694478,410.4361818181818,0.9682224988937378,Celecoxib,5.355558746219384,4.8985403283038425,5.146721190306353,5.171184600007041,0.4570184179155419,0.1843741462123436,-0.27264427170319827,0.16680866167908837,,0.008064520362003681,,0.3735883065053298,,0.7722656567258852,,0.9341936111129959,,0.2711965793163915,
417.75688642938314,374.4012727272728,0.9426042437553406,Unknown,4.750751582920384,4.4999867607659985,4.408197586655268,4.8901665799970315,0.25076482215438567,-0.1394149970766474,-0.39017981923103306,0.49668185678394217,,0.15828392834994148,,0.31019664260255153,,0.8969592270190967,,0.9341936111129959,,0.7367812295051545,
418.5630336163352,455.94339999999994,0.7846807837486267,Unknown,4.180248237777967,3.965611788369422,4.1646158493179355,3.815258821412898,0.21463644940854465,0.36498941636506865,0.150352966956524,0.24895831894529877,,0.3633278323110793,,0.7121491757323688,,0.808653599543001,,0.9581389861520812,,0.8457179855678237,
419.12019782897494,41.28663636363636,0.907384991645813,Unknown,4.975002913827188,4.463062484970387,4.361510249924583,4.60938573474741,0.5119404288568008,0.365617179079778,-0.14632324977702282,0.3539101398906405,,0.6668604923298007,,0.8778332575861598,,0.8616961145239895,,0.974808002265388,,0.919454692032388,
419.7017710174802,416.28000000000003,0.66354900598526,Unknown,3.9845906828201794,3.43287173309171,3.838082861431074,3.783211909014156,0.5517189497284694,0.20137877380602331,-0.35034017592244604,0.029561412221021155,,0.18670215097408788,,0.14298762102198212,,0.5122322016785346,,0.9341936111129959,,0.7438023431720084,
420.03781883305055,436.8809,0.823636531829834,Unknown,4.314080340129892,4.168252548839865,4.143632778606519,4.123104222259555,0.145827791290027,0.19097611787033664,0.04514832658030965,0.31527175714065137,,0.030630926341345528,,0.7539671021014678,,0.8472520550068383,,0.9621697557564429,,0.5540435975074954,
420.16305504094896,354.1369000000001,0.7315927147865295,Unknown,4.482459334169957,3.5749871518227025,4.099607444194767,3.7459882491400767,0.9074721823472545,0.7364710850298803,-0.17100109731737412,0.011798140855838477,,0.04079839802068197,,0.5010056080885962,,0.36277499711374134,,0.9375398401843495,,0.5678883008262753,
421.0636341965463,484.9272000000001,0.8674799799919128,"{[3,4-dihydroxy-5-(hydroxymethyl)-2-{[3,4,5-trihydroxy-6-(hy",5.412752796407947,5.293721634111489,5.286914993552006,5.456466511662363,0.11903116229645772,-0.04371371525441603,-0.16274487755087375,0.349686080024037,,0.5700675675525121,,0.24100530380535906,,0.8616961145239895,,0.9341936111129959,,0.8932213710435258,
421.61299472514685,470.34929999999997,0.8577631115913391,Unknown,3.6646783486243613,3.8577535974582893,3.1549026795795747,3.800251614880055,-0.19307524883392801,-0.13557326625569388,0.057501982578234134,0.3929306074281721,,0.07184119054701803,,0.7817826337467252,,0.86820198711975,,0.9667220674675763,,0.6405345881494827,
421.9329640188172,287.5733,0.7372643947601318,Unknown,3.0289645732121095,3.175254273783865,3.258062550099126,3.4729537584198202,-0.1462897005717556,-0.4439891852077107,-0.2976994846359551,0.6444466459798397,,0.17436213071874798,,0.15811608524157786,,0.9318716577913251,,0.9341936111129959,,0.7373372735493757,
422.1124984351009,301.76944444444445,0.5962757468223572,Unknown,3.4702110995317406,3.5626848758023666,3.6028929264720366,3.359431286997397,-0.09247377627062603,0.11077981253434377,0.2032535888049698,0.8306955628902438,,0.10001174325321541,,0.6444285336938207,,0.9867460358498636,,0.9536533451648531,,0.6706104302567856,
423.0197186127947,358.2403,0.8840931057929993,Unknown,4.413484328829848,4.452153786894133,3.9373635921083836,4.586547384713897,-0.03866945806428479,-0.17306305588404847,-0.13439359781976368,0.8876113744986698,,0.5102912225025702,,0.3465298746453925,,0.9954021650632178,,0.9341936111129959,,0.8791579978112207,
423.9960225631939,417.658,0.9239575862884521,Unknown,3.838780814082938,4.340940080993662,3.7895107207529035,3.774686080450285,-0.5021592669107244,0.06409473363265272,0.5662540005433772,0.1854319433039318,,0.8886065612391953,,0.20474120216228422,,0.7905736037934735,,0.9341936111129959,,0.9675564764692844,
424.28207434758485,358.6356,0.8228970766067505,Unknown,3.9607801611393807,4.050781582608305,4.208169403842216,4.088650726790782,-0.09000142146892465,-0.12787056565140098,-0.03786914418247633,0.5431521823182781,,0.5083434704998989,,0.856596131540048,,0.9072925006558107,,0.9720975361780841,,0.8791579978112207,
424.4840179705394,465.5865,0.8003871440887451,Unknown,3.145383291567652,3.3341388369648866,3.508292408616669,3.9316043207052602,-0.1887555453972345,-0.7862210291376082,-0.5974654837403737,0.6749623111617037,,0.010572347396124908,,0.19520493728364233,,0.9435993578504407,,0.9341936111129959,,0.3104992453660377,
425.3170200955628,39.98172727272727,0.9235554933547974,Unknown,4.833099109808914,4.240017450007525,4.51964838926968,4.418379008771254,0.5930816598013884,0.41472010103766,-0.1783615587637284,0.1657022670880868,,0.31087612150395066,,0.5953978777100587,,0.7722656567258852,,0.9456878731807212,,0.8251842306808576,
426.1046675784902,480.2979,0.761143147945404,Unknown,3.599949740011057,3.4652724790951623,3.0749871290108004,3.808987860192596,0.1346772609158946,-0.209038120181539,-0.3437153810974336,0.6969501648326766,,0.7432168464156219,,0.6185186617728922,,0.9473376663711134,,0.9481944780819669,,0.9356779827796421,
426.42185966875377,498.1523,0.8633694052696228,Unknown,4.336999069847877,4.746955028483788,4.774767451039123,4.217972605965507,-0.4099559586359103,0.11902646388237059,0.5289824225182809,0.4701090153559614,,0.8851031537266028,,0.43407379363534815,,0.8969592270190967,,0.9341936111129959,,0.9670037688520416,
426.56611032530384,487.6154545454545,0.9560402035713196,Unknown,4.183654822021113,3.4963676756610336,3.787813068897824,3.9094665664363433,0.6872871463600796,0.2741882555847699,-0.4130988907753097,0.25961602432068787,,0.550517771420775,,0.25874558343177645,,0.813523745154896,,0.9341936111129959,,0.8844087084608109,
427.12705750297084,144.94672727272726,0.9527999758720398,"6-[2-(carboxymethyl)-3,5-dihydroxy-4-(3-methylbut-2-en-1-yl)",4.139525816037277,4.107851569736871,4.405212411516393,4.3388096596040375,0.031674246300405606,-0.19928384356676077,-0.23095808986716637,0.8850685270300516,,0.1561599231593823,,0.2784885358199451,,0.9954021650632178,,0.9341936111129959,,0.7357931083347601,
429.2743190512319,36.91354545454546,0.9452746510505676,Unknown,4.492819292209263,4.2059454636565645,4.560975186081137,4.162831784577475,0.2868738285526984,0.3299875076317882,0.043113679079089806,0.04444760188178875,,0.26241082942740035,,0.876722233512125,,0.5984165356922869,,0.974808002265388,,0.8096454007707824,
430.01263960585567,46.975545454545454,0.8476369976997375,Unknown,3.2272900415290233,3.6541147506365657,3.6601966536487645,3.831933437341989,-0.42682470910754233,-0.6046433958129658,-0.17781868670542345,0.38029473868628316,,0.18399048278054325,,0.5703431162466548,,0.8662226401476409,,0.9453758084409986,,0.7395484902407021,
430.43075124424763,444.12211111111105,0.7185803651809692,Unknown,2.859735026256207,3.4524886328702302,3.235529292848593,3.470821547375093,-0.5927536066140231,-0.6110865211188861,-0.018332914504862963,0.3360898046766788,,0.0215446839861711,,0.97449914734641,,0.860651080547679,,0.9953426349734461,,0.44955230319902073,
431.06558544833234,410.666,0.757563591003418,Unknown,4.037013788905215,3.6399342645456527,3.496791685745384,3.721201630237425,0.3970795243595622,0.3158121586677898,-0.0812673656917724,0.31499595554656545,,0.20917585461891033,,0.8446470333468727,,0.8472520550068383,,0.9708261888301292,,0.7607065471326157,
431.12552747319086,477.65289999999993,0.867982029914856,Unknown,4.518799540329392,4.455859633964101,4.026639336795024,4.537076177605159,0.06293990636529134,-0.01827663727576656,-0.0812165436410579,0.6155976652811317,,0.7451163078215566,,0.5399725314187999,,0.9191625517023703,,0.9417182934407179,,0.9356971188064506,
431.1657100264523,330.6589,0.7563542723655701,Unknown,3.510775285279067,4.066420394677097,3.8816182545861535,3.9923467541224262,-0.5556451093980304,-0.48157146884335944,0.07407364055467092,0.12999443759474077,,0.10268046098421217,,0.8277024201902171,,0.7334813121935246,,0.9670301754768821,,0.6706104302567856,
432.2874477474743,143.2776,0.5846021175384521,Unknown,3.1075033069620694,3.487095939011905,3.3466594712300592,3.5896843139710435,-0.37959263204983573,-0.48218100700897404,-0.1025883749591383,0.060082024404518986,,0.24914182037366553,,0.7907635505648009,,0.6428522382860448,,0.9670301754768821,,0.8038018962252578,
433.2778264798701,272.59444444444443,0.7138715982437134,Unknown,4.331070494839618,4.719594140595962,3.8189310738134408,3.8469713016542557,-0.38852364575634457,0.484099193185362,0.8726228389417066,0.48704712856475274,,0.13272164373722498,,0.14011848262257567,,0.8969592270190967,,0.9341936111129959,,0.7126875765264529,
433.6551930283048,275.3544,0.8270365595817566,Unknown,4.4328614570098095,4.025690510285217,4.786024358180555,4.665120213057188,0.40717094672459275,-0.23225875604737833,-0.6394297027719711,0.35027408366854085,,0.6721363689486504,,0.13991393903562618,,0.8616961145239895,,0.9341936111129959,,0.9195697788067687,
434.12274651785697,461.6350909090909,0.9626449942588806,(-)-alpha-Narcotine;(±)-alpha-Narcotine;Noscapine,5.404231591941091,5.269370587581171,5.322166841131657,5.1185033144623775,0.13486100435992032,0.28572827747871354,0.15086727311879322,0.6379013389288535,,0.0010740647197702159,,0.6013483978891322,,0.9286759784328538,,0.9456878731807212,,0.15819438944044178,
434.28587180733194,295.21950000000004,0.7748890519142151,Unknown,4.11046502503726,3.5716708565167576,3.8751578894969656,3.7043788557476414,0.5387941685205022,0.4060861692896185,-0.13270799923088372,0.15441144757296665,,0.3045604546687761,,0.6737267802311981,,0.7690734417764667,,0.954391917600169,,0.8251842306808576,
435.1249958593284,309.23077777777775,0.619293749332428,Unknown,3.191105181446133,2.713645402214855,2.854539840742382,3.030981998422862,0.47745977923127825,0.16012318302327122,-0.317336596208007,0.007464402288064545,,0.6729643079583182,,0.41423246532125096,,0.3098216482842187,,0.9341936111129959,,0.9195697788067687,
435.30232700290713,373.6746363636364,0.9709570407867432,Unknown,4.437600093760147,4.395088236904271,4.384921239146147,4.496980490817989,0.04251185685587622,-0.059380397057841705,-0.10189225391371792,0.8116240304696003,,0.5939306129554819,,0.6093141810436018,,0.9803976711543582,,0.9456878731807212,,0.9013476837791984,
435.9076382793874,273.78511111111106,0.5811554789543152,Unknown,4.892995273076395,3.602164257743595,4.814563950758961,4.580126859532437,1.2908310153328002,0.3128684135439581,-0.9779626017888421,0.04627167782783467,,0.5531531991905707,,0.102487789001247,,0.6047393306865833,,0.9341936111129959,,0.8844087084608109,
436.09913424358365,292.73027272727273,0.9631201028823853,Unknown,4.662890669266118,4.918594272885439,4.9034309107384875,5.067969050267953,-0.2557036036193212,-0.405078381001835,-0.1493747773825138,0.4823198299667151,,0.2825412626085993,,0.0859723806122355,,0.8969592270190967,,0.9341936111129959,,0.8191269103859745,
436.22988418028865,420.32044444444443,0.6700628399848938,Unknown,3.4155515044456775,2.9955842219298,3.0247182486472344,3.454064990497279,0.41996728251587756,-0.03851348605160165,-0.4584807685674792,0.014623320861551563,,0.8869776400820745,,0.13184850080884783,,0.3722628100804855,,0.9341936111129959,,0.9671855599414265,
437.0902237308946,360.20445454545455,0.9144495129585266,Unknown,5.049627534401966,4.60998401466993,4.422169500002957,4.793894707017877,0.4396435197320363,0.2557328273840893,-0.183910692347947,0.19501162195872213,,0.18163709105430773,,0.59418016751517,,0.7967966888619453,,0.9456878731807212,,0.7373372735493757,
437.246257771708,375.43369999999993,0.737612247467041,Unknown,3.8223333844442102,4.492436706899192,4.4953674929793745,4.017882319797207,-0.6701033224549819,-0.19554893535299644,0.4745543871019855,0.2135504245343845,,0.7943519177992517,,0.44959616392783774,,0.7977191583150377,,0.9341936111129959,,0.9484584234184341,
437.25786512962964,48.39736363636364,0.6191010475158691,Unknown,3.387026206322856,4.117283629703285,3.576527600738382,3.799211886527846,-0.7302574233804289,-0.41218568020499013,0.31807174317543874,0.17864524585795585,,0.4545489780979454,,0.6575529375298985,,0.7803552659946523,,0.954391917600169,,0.8740973647230489,
437.8849047024146,348.05339999999995,0.7641274333000183,Unknown,3.3015067250232613,4.608316759287234,3.6674836056890285,4.698267288261607,-1.306810034263973,-1.3967605632383457,-0.08995052897437272,0.11243867253529377,,0.19686083351107536,,0.9215835369189462,,0.7277636160222334,,0.9891073250224165,,0.7519967808214734,
437.94173750107973,284.7482,0.8395862579345703,Unknown,3.621939964532133,3.820437022449987,3.8188971926345356,4.060588048590297,-0.19849705791785377,-0.43864808405816413,-0.24015102614031036,0.5032842977528006,,0.5373452909847902,,0.7170478583620477,,0.8969592270190967,,0.9581389861520812,,0.8844087084608109,
438.11175533224264,43.01572727272727,0.8639954328536987,Unknown,4.06607732195289,3.7376096883685346,3.683603748388521,3.741446183654766,0.3284676335843555,0.3246311382981242,-0.0038364952862313118,0.31932481359708237,,0.29542249749856925,,0.9884764569331679,,0.8474231217981774,,0.9972960620048666,,0.8191269103859745,
438.32590223313986,301.0682727272727,0.9588708281517029,Unknown,3.4272722453914413,3.6130728887302155,3.5675258209652423,3.427438750499489,-0.18580064333877422,-0.00016650510804794294,0.18563413823072628,0.28939730945435765,,0.9994646497252948,,0.36140574533156733,,0.8416604401902475,,0.9341936111129959,,0.9994646497252948,
438.5178493274469,410.87533333333323,0.5546079277992249,Unknown,3.928777959700246,3.598648308500232,3.900747298777043,3.4817264301503754,0.33012965120001425,0.4470515295498707,0.11692187834985646,0.0006233855179091627,,0.1860821029773564,,0.696093234591143,,0.11839130520257449,,0.9575520026139989,,0.7436071634482729,
439.57253368545685,443.38166666666666,0.5188148617744446,Unknown,3.1471738623736254,3.1711146383141675,3.091646607259415,3.3211983002612153,-0.023940775940542114,-0.17402443788758992,-0.1500836619470478,0.9270934007865566,,0.5444173911225256,,0.5927235189331916,,0.9954021650632178,,0.9456878731807212,,0.8844087084608109,
441.401975458256,466.86611111111114,0.6434854865074158,Unknown,3.607772531640519,3.2373288934170357,3.2696374667390073,2.8925737420645015,0.37044363822348325,0.7151987895760175,0.3447551513525342,0.3731346280701291,,0.08295084716447527,,0.17326495839124537,,0.8659389361669497,,0.9341936111129959,,0.6594525298454849,
441.63390307750296,439.1326,0.8664593696594238,Unknown,3.4279123106364584,3.2952829004487136,3.2930530406610403,3.400461911892949,0.13262941018774477,0.027450398743509297,-0.10517901144423547,0.29078255575012235,,0.7871931132402398,,0.4761281376892669,,0.8433103093625208,,0.9343252415096033,,0.9484584234184341,
442.9391762948538,290.28069999999997,0.6879793405532837,Unknown,3.291910372421883,3.147606065033638,3.5763559713690594,3.488255847162456,0.14430430738824462,-0.19634547474057307,-0.3406497821288177,0.5418881687768307,,0.7611222463056839,,0.5993879019288644,,0.9072925006558107,,0.9456878731807212,,0.9413031294107929,
444.37081096283305,388.0805555555555,0.6407485604286194,Unknown,3.6314873989063443,3.164128518796602,3.1422394613469766,3.7110582630393747,0.46735888010974236,-0.07957086413303038,-0.5469297442427727,0.21991776367091612,,0.8004393311667336,,0.1095920229090705,,0.7980087070322811,,0.9341936111129959,,0.9485666096929911,
444.6863928782426,483.03790909090907,0.9735754728317261,Unknown,4.418278174333457,4.154304535360667,4.583967351080533,4.659550374852295,0.26397363897279025,-0.24127220051883835,-0.5052458394916286,0.5075101340943308,,0.30765395744416274,,0.16663573851271277,,0.8969693764809423,,0.9341936111129959,,0.8251842306808576,
445.1147316561764,51.215818181818186,0.8122020363807678,Unknown,4.454359350349278,4.246005636888752,4.552677089746892,4.624341208895864,0.208353713460526,-0.16998185854658665,-0.37833557200711265,0.6794106523689092,,0.6247398420201378,,0.3543819362168543,,0.9435993578504407,,0.9341936111129959,,0.908617286236875,
445.47030181355495,481.60819999999995,0.7539658546447754,Unknown,3.8014015889983823,3.7895201253828765,3.952776449748186,3.961577554926174,0.011881463615505794,-0.1601759659277917,-0.1720574295432975,0.9864832995239817,,0.7734576342644651,,0.7254656961037576,,0.9954021650632178,,0.9581389861520812,,0.9480206600612057,
445.79187707960665,409.5863636363637,0.9180878400802612,Unknown,4.879575154863051,4.438194817613316,4.072241627436144,4.087079244352259,0.44138033724973535,0.7924959105107918,0.35111557326105647,0.002535906740845265,,0.1765164297784969,,0.5057036176240669,,0.247923402933008,,0.9375398401843495,,0.7373372735493757,
447.0064289881321,48.60936363636363,0.9479851126670837,Unknown,4.456910090127929,4.471172224452795,4.907585493112067,4.227934835327369,-0.014262134324866338,0.22897525480055947,0.2432373891254258,0.9725911388445803,,0.5397305730532259,,0.38876970082353624,,0.9954021650632178,,0.9341936111129959,,0.8844087084608109,
447.67942388777675,305.141,0.7832204103469849,Unknown,3.4488792780795303,3.642647402457785,3.2073798463076226,3.76511973804793,-0.19376812437825475,-0.3162404599683999,-0.12247233559014514,0.5010542049232098,,0.603362626166916,,0.826255200882413,,0.8969592270190967,,0.9670301754768821,,0.9028912947607407,
447.731158718717,175.8958,0.8011086583137512,Unknown,5.232752519345335,4.477201113772192,5.398425297922724,5.432890275384705,0.7555514055731436,-0.20013775603936956,-0.9556891616125132,0.43263222056658734,,0.14049733858871707,,0.3304814546492158,,0.8890951892318769,,0.9341936111129959,,0.7254911932139494,
449.5641200372281,418.50709090909095,0.9255973696708679,Unknown,3.979224965142958,3.787971072207704,3.3836432609156866,3.709696930967557,0.19125389293525386,0.26952803417540094,0.07827414124014709,0.6027957160302488,,0.00029576671758977096,,0.8285021777920052,,0.9142159978346233,,0.9670301754768821,,0.0871244245243011,
449.69148217691287,301.30863636363637,0.9644716382026672,Unknown,4.220962393108256,4.147978814303708,4.362431486677505,4.243241107994107,0.07298357880454809,-0.02227871488585098,-0.09526229369039907,0.8082495097589089,,0.955468933714497,,0.7292440375007614,,0.9803591112487471,,0.9581389861520812,,0.9941310504479282,
450.17650797088396,360.05455555555557,0.6778327226638794,Unknown,4.041231011501502,4.847248092547177,4.9999398733578175,4.33806614416357,-0.8060170810456748,-0.2968351326620686,0.5091819483836062,0.3251114704120896,,0.7198018068820113,,0.19293795662389276,,0.8500724613931757,,0.9341936111129959,,0.9294353092991543,
450.44771756170246,468.9542727272728,0.9259692430496216,Unknown,3.6321477321459708,3.642723291183264,3.5845669073068542,3.4226266485601946,-0.010575559037293125,0.20952108358577615,0.22009664262306927,0.9519300156253584,,0.29653349488523145,,0.07114969452062983,,0.9954021650632178,,0.9341936111129959,,0.8191269103859745,
450.4706496437464,51.62571428571429,0.5192273855209351,Unknown,3.859602093229874,4.581928008033695,3.953711746221492,4.2059649792163185,-0.7223259148038212,-0.3463628859864447,0.37596302881737653,0.13431013825784202,,0.23331254329162252,,0.3652609235524933,,0.73716694198491,,0.9341936111129959,,0.7916581861099324,
450.92082341347634,373.6755454545455,0.970704972743988,Fipronil sulfone,5.385087692890238,5.18671738355476,5.264520267810952,5.396988144508765,0.19837030933547783,-0.011900451618527264,-0.2102707609540051,0.18778872423233275,,0.798941883604172,,0.1685846743158011,,0.7934843224735043,,0.9341936111129959,,0.9484584234184341,
451.0361852838588,281.7937,0.8568174839019775,Unknown,4.452849772532751,4.540194570087807,4.678887303435117,4.381165090463803,-0.08734479755505564,0.07168468206894829,0.15902947962400393,0.8476864788378815,,0.9070561194427083,,0.7131815188022754,,0.9925778077022781,,0.9581389861520812,,0.974140478276492,
451.08504339256194,444.2210909090909,0.968209981918335,"6-[1-(6,7-dimethoxy-2H-1,3-benzodioxol-5-yl)-3-oxopropoxy]-3",4.62631783525358,4.843164876359521,4.949051989069613,5.029668014224989,-0.21684704110594044,-0.4033501789714089,-0.18650313786546846,0.36231974465208777,,0.0004034537376502298,,0.43259347333584225,,0.8659389361669497,,0.9341936111129959,,0.10399020087934674,
451.3269857026051,40.457375,0.578356921672821,Unknown,3.604757404258524,3.5209317259608404,3.6128896601513465,3.5214897156640945,0.08382567829768384,0.08326768859442968,-0.0005579897032541581,0.7585999677831935,,0.7446354838725726,,0.9986862085907589,,0.9679444992200359,,0.9999676890838645,,0.9356971188064506,
451.8165592929672,475.1212222222222,0.6073857545852661,Unknown,3.7188860025878294,3.6506407048426457,3.338610219901907,3.1642860909006187,0.06824529774518373,0.5545999116872107,0.48635461394202695,0.8274103659734966,,0.06726630931217302,,0.1410309333555427,,0.9867460358498636,,0.9341936111129959,,0.6265958193010359,
451.8552596278916,280.85779999999994,0.8158165812492371,Unknown,4.396913457722587,4.472980791980925,4.384893809519895,4.5625379470728795,-0.07606733425833845,-0.16562448935029295,-0.0895571550919545,0.9066668120757692,,0.8380366053803847,,0.854657394735582,,0.9954021650632178,,0.9720975361780841,,0.9563914558871437,
451.9257055641153,277.1032,0.7439289689064026,Unknown,4.046569719546869,3.6776157390673476,3.7205886125411487,4.045819066434384,0.36895398047952144,0.0007506531124850113,-0.3682033273670364,0.5141433612859556,,0.9991170159430771,,0.4344695426483865,,0.8986119382783423,,0.9341936111129959,,0.9994646497252948,
453.0879756841283,299.2200909090909,0.9044222831726074,Unknown,4.3163843406518465,3.366442330383224,4.419290877652129,4.541538767397719,0.9499420102686225,-0.22515442674587227,-1.1750964370144947,0.12595117788683674,,0.2552066999461048,,0.06506304942458949,,0.7304273081055243,,0.9341936111129959,,0.8043439324474446,
454.5831661282924,426.1012727272727,0.738429069519043,Unknown,4.191651046823284,4.19263829325497,3.6140629854426076,3.2762718162618456,-0.0009872464316860174,0.9153792305614386,0.9163664769931246,0.9990957957988367,,0.11443959361729118,,0.3315434163050664,,0.999914966043114,,0.9341936111129959,,0.6881210654511394,
456.24251719100204,328.6933,0.7252418398857117,Unknown,3.0462631558040982,3.4989446883286193,3.5152214530267383,3.38543919749153,-0.45268153252452104,-0.3391760416874319,0.11350549083708916,0.18320949181426668,,0.1441716149915347,,0.6491277918646493,,0.7870374419187873,,0.9540281588203186,,0.7285868753709014,
456.7828116838402,463.87289999999996,0.7977985143661499,Unknown,3.909752784788109,3.7686184236546456,3.4120078766687785,3.186278582816015,0.14113436113346323,0.7234742019720937,0.5823398408386304,0.3818685337803203,,0.036835892172826686,,0.08192515904510762,,0.8662226401476409,,0.9341936111129959,,0.5602471319855509,
457.0723014893725,424.59609090909095,0.9639317393302917,Unknown,4.734860367975127,3.6213050348462956,4.576727022465292,4.7833932383302304,1.1135553331288315,-0.04853287035510334,-1.1620882034839348,0.03505337546212292,,0.32583613704612485,,0.03140652283247177,,0.5465623686447973,,0.8899859596062306,,0.8288527624284971,
458.0728905031905,411.91118181818183,0.9761524796485901,Unknown,5.091854365767742,4.931727014412382,5.122888318936992,5.2115295822862215,0.16012735135536005,-0.11967521651847957,-0.2798025678738396,0.5003050833002846,,0.11433297297033074,,0.27523668567613435,,0.8969592270190967,,0.9341936111129959,,0.6881210654511394,
461.18181014450437,50.31972727272727,0.8675885200500488,Unknown,3.569644662645573,3.848660722771839,4.114161691739062,3.9252522517258903,-0.2790160601262661,-0.3556075890803174,-0.0765915289540513,0.09816809764658796,,0.13804835892338108,,0.6824788629713859,,0.7229379190973727,,0.954391917600169,,0.7224764368020604,
461.8250074281791,310.80400000000003,0.57773756980896,Unknown,3.116499535148961,2.8120645647272404,2.8871916718981305,3.217420292955167,0.3044349704217204,-0.10092075780620613,-0.40535572822792654,0.44968101111758835,,0.7985851759437331,,0.03922776332856613,,0.8890951892318769,,0.9341936111129959,,0.9484584234184341,
461.8535935275966,35.98072727272727,0.9126038551330566,Unknown,4.544850036338919,4.00554483723388,4.461719639509312,4.182174968591294,0.5393051991050388,0.3626750677476247,-0.17663013135741412,0.30794691137249125,,0.29602454646250276,,0.7457806851903922,,0.8472520550068383,,0.962142235756001,,0.8191269103859745,
461.9537795263324,295.138,0.6767918467521667,Unknown,3.3900245551561845,3.271757726624775,3.3612545466532167,3.6988603470835373,0.11826682853140946,-0.3088357919273528,-0.42710262045876224,0.6047239671129352,,0.3316278920345049,,0.23319392422544197,,0.9142159978346233,,0.9341936111129959,,0.8288527624284971,
462.1534390237081,462.8174,0.8660799860954285,Rosuvastatin 5 S-lactone;18-Carboxy-dinor-LTE4;6-Hydroxyfluv,4.160965728025585,4.034172442080816,3.9843674197152694,3.8152060405190427,0.12679328594476846,0.34575968750654207,0.2189664015617736,0.5469416664783391,,0.0009965327766868622,,0.32780578131748195,,0.9072925006558107,,0.9341936111129959,,0.15819438944044178,
462.23720913988217,76.05636363636364,0.9013176560401917,Unknown,3.648597902772036,3.823194627606713,3.312035103893144,3.4284761537347546,-0.17459672483467692,0.22012174903728132,0.39471847387195824,0.5314044409715943,,0.4066764966326621,,0.25253050079266315,,0.901856754965784,,0.9341936111129959,,0.8665916804462865,
462.4208308007657,292.11881818181814,0.8986453413963318,Unknown,4.029701129099851,5.052127377525163,4.000150145643543,4.350265213236296,-1.0224262484253117,-0.32056408413644455,0.7018621642888672,0.15822120594151226,,0.7510023334869946,,0.39602266793175805,,0.7697225800029147,,0.9341936111129959,,0.9371914612395388,
462.59927473782153,267.8895000000001,0.8073510527610779,Unknown,5.2891543234447544,5.146271786002605,4.613760056469865,5.338832076246498,0.14288253744214963,-0.04967775280174358,-0.1925602902438932,0.21646742521484877,,0.4702834918022963,,0.11608756934221165,,0.7979466639025367,,0.9341936111129959,,0.8740973647230489,
462.6763600626257,45.396727272727276,0.7304748296737671,Unknown,3.791831019339481,3.716896121243709,3.7938131313269343,3.9020615415808653,0.0749348980957718,-0.11023052224138441,-0.18516542033715622,0.8204775526958166,,0.6446844964147787,,0.5393515260686486,,0.985084562140028,,0.9417182934407179,,0.917668691528113,
462.7429381319773,385.6558888888889,0.6755573749542236,Unknown,3.779412574499979,4.148836048407131,3.5549610186439895,3.767315491383179,-0.369423473907152,0.012097083116799912,0.38152055702395193,0.37211179762799657,,0.9800991937032664,,0.2981500394299373,,0.8659389361669497,,0.9341936111129959,,0.9948577491685624,
463.0174743490466,436.73825,0.6205816268920898,Unknown,3.5709825807565956,3.570143818159316,3.406202540230708,3.414081580121414,0.000838762597279441,0.15690100063518164,0.1560622380379022,0.9980411080646834,,0.6435912745568324,,0.6761644519619481,,0.999914966043114,,0.954391917600169,,0.917668691528113,
464.09636363877144,503.8266,0.8708000183105469,"Delphinidin 3-glucoside;5,7-dihydroxy-3-{[3,4,5-trihydroxy-6",4.290804100108972,3.830489015942522,4.0211521064057445,3.9487937236995596,0.4603150841664503,0.3420103764094127,-0.11830470775703761,0.01523984112548961,,0.001325699975250423,,0.3294577544425331,,0.37527499861821545,,0.9341936111129959,,0.1595815416303236,
464.20068725391354,290.7768181818182,0.949068009853363,Unknown,4.72386883469776,4.473957836820602,4.454182704556726,4.544747563872735,0.24991099787715854,0.17912127082502494,-0.0707897270521336,0.33574933227702,,0.7063606007034372,,0.8767022843378951,,0.860651080547679,,0.974808002265388,,0.9235989591949826,
464.56772734311176,298.97463636363636,0.9604688286781311,Unknown,3.6313921177924056,3.997451588247132,3.8974661189626496,3.965328080910355,-0.36605947045472664,-0.33393596311794926,0.03212350733677738,0.013824388085619414,,0.02167417991813049,,0.4024765917851471,,0.3674558186250609,,0.9341936111129959,,0.44955230319902073,
465.27550186777796,64.20655555555555,0.5865941047668457,Unknown,3.346003655459907,4.002583967855135,3.2932505625907242,3.7338371671745043,-0.6565803123952283,-0.38783351171459746,0.26874680068063084,0.061409955032640955,,0.12948320587046858,,0.4558643518817158,,0.6428522382860448,,0.9341936111129959,,0.7060926858075226,
465.92738505972216,37.88063636363636,0.9872501492500305,Unknown,4.890975289596404,5.395393993526048,5.5228064851343905,4.8285414222809875,-0.5044187039296446,0.062433867315416336,0.5668525712450609,0.409812364256964,,0.9480202810590097,,0.4780586924569375,,0.886033747932616,,0.9343252415096033,,0.9941310504479282,
466.6635588855836,402.9799090909091,0.8712183833122253,Unknown,5.158748925649687,4.527207016040532,5.824377758120571,3.6106869986307615,0.6315419096091546,1.5480619270189253,0.9165200174097707,0.5724389851027447,,0.23650189345223102,,0.1073963368355897,,0.9100764743884808,,0.9341936111129959,,0.7963138702843443,
467.43530115989313,277.4966,0.7526320219039917,Unknown,3.371861852306529,3.6003585254770645,3.3230180027551928,3.1932276525473835,-0.22849667317053557,0.1786341997591454,0.407130872929681,0.5418747479178354,,0.5091343201381193,,0.23296814759621864,,0.9072925006558107,,0.9341936111129959,,0.8791579978112207,
468.5158959442592,307.902875,0.6126016974449158,Unknown,3.165219781450496,3.178023074759908,2.9276469940584535,3.2688879355596225,-0.012803293309412211,-0.10366815410912666,-0.09086486079971445,0.9690618890454266,,0.6857315483882835,,0.7080941553555022,,0.9954021650632178,,0.9581389861520812,,0.9195697788067687,
468.6346836774294,398.332,0.9610209465026855,Unknown,6.235087100682783,7.06690291003006,5.832701996775315,6.276781243863056,-0.831815809347277,-0.04169414318027265,0.7901216661670043,0.4140051550435453,,0.9753744561795128,,0.4299365604761194,,0.887399822972755,,0.9341936111129959,,0.9946799654543693,
469.06288800352127,141.17981818181818,0.8532360792160034,Unknown,3.8386256766050173,3.7568090014548474,4.200417944497442,3.421780461854476,0.08181667515016988,0.41684521475054126,0.3350285396003714,0.81372663524953,,0.1969341715051385,,0.2204186743731576,,0.9803976711543582,,0.9341936111129959,,0.7519967808214734,
469.0756393767611,41.04981818181818,0.971419632434845,Unknown,4.56564172248035,4.063911129043313,4.4915531066287855,4.394006039626167,0.5017305934370366,0.1716356828541823,-0.33009491058285434,0.22885038902821614,,0.6810436300618081,,0.4697363153743961,,0.7980087070322811,,0.9343252415096033,,0.9195697788067687,
469.81536416703005,486.734375,0.6499621272087097,Unknown,4.224244001746631,3.7593502216246173,3.890253332599121,4.171831526034677,0.46489378012201366,0.05241247571195373,-0.4124813044100599,0.1565019814168966,,0.8057495293894387,,0.08997127001613793,,0.7697225800029147,,0.9341936111129959,,0.9526299783833506,
472.1593399623881,422.7201999999999,0.7931910157203674,Unknown,3.7273328852330376,3.7209353763831436,3.5572659609530453,3.7241205062444664,0.006397508849893985,0.003212378988571185,-0.0031851298613227996,0.9771201075628537,,0.962655155410266,,0.9880493505014986,,0.9954021650632178,,0.9972960620048666,,0.9946799654543693,
474.024301332347,350.2965555555555,0.701309084892273,Unknown,4.116308725034172,3.6665552339676126,3.6006575130447125,4.347036458681292,0.4497534910665597,-0.23072773364711985,-0.6804812247136796,0.10240105577242647,,0.35494420374671826,,0.04818632053026017,,0.7277636160222334,,0.9341936111129959,,0.8418749320865763,
474.06903985668066,445.1894545454545,0.8930749893188477,Unknown,3.6388472531172966,3.676212661680683,3.086464306405956,3.4091863294588833,-0.03736540856338655,0.22966092365841329,0.26702633222179983,0.9465866884909719,,0.6030149380655312,,0.5524714172552165,,0.9954021650632178,,0.9439759149311477,,0.9028912947607407,
474.6571600945621,38.49281818181819,0.9462344646453857,Unknown,5.812937934787641,4.966971399257984,5.581569231092976,6.187370325844214,0.8459665355296568,-0.37443239105657344,-1.2203989265862303,0.17467903585682096,,0.2911701912725087,,0.04802041738414548,,0.7722656567258852,,0.9341936111129959,,0.8191269103859745,
475.3170979670354,408.685,0.523130476474762,Unknown,3.7075599859924027,3.303722411179095,3.570972874944109,4.535207607048577,0.40383757481330784,-0.8276476210561747,-1.2314851958694826,0.12366540975286344,,0.5820727594039106,,0.4190652271520027,,0.7304273081055243,,0.9341936111129959,,0.8970358967794196,
475.593193463188,453.65857142857146,0.5490803718566895,Unknown,4.047664001568325,3.6096042145734537,3.648894109233708,3.2397361674170795,0.43805978699487147,0.8079278341512457,0.3698680471563742,0.21409008218651537,,0.10112285330267307,,0.2642213932821321,,0.7979466639025367,,0.9341936111129959,,0.6706104302567856,
475.83533940012074,178.75475000000003,0.558555543422699,Unknown,3.5106875852143316,3.582642675900479,3.3833915166680133,4.3387254363929015,-0.07195509068614747,-0.82803785117857,-0.7560827604924225,0.8710894867403682,,0.29929988882879577,,0.3888068396311844,,0.9954021650632178,,0.9341936111129959,,0.8191269103859745,
475.95757706834684,436.75910000000005,0.7106881737709045,Unknown,3.4819069640776186,4.100899049587691,4.181130902886528,3.250397693125702,-0.6189920855100728,0.23150927095191642,0.8505013564619892,0.2211035322319837,,0.3487130432143766,,0.10528793434041257,,0.7980087070322811,,0.9341936111129959,,0.8370736846426595,
476.44406370960627,305.6344545454545,0.8102432489395142,Unknown,3.2446645096165554,3.360082948165639,3.8404134282072597,3.225179021323551,-0.11541843854908374,0.019485488293004227,0.13490392684208796,0.7613771031344894,,0.947561381341748,,0.6167864696938916,,0.9680849820974129,,0.9481944780819669,,0.9941310504479282,
477.822931715567,297.882,0.9269265532493591,Unknown,3.9505233655879075,4.256861617544757,4.319074542987234,4.607919841698573,-0.3063382519568498,-0.6573964761106654,-0.3510582241538156,0.6817561746367842,,0.4155326306541267,,0.5433878985006791,,0.9435993578504407,,0.9431530696198656,,0.8686251632404102,
478.1290161865344,274.138125,0.5821186900138855,Unknown,4.931089148232288,3.7814821586184046,4.225853335487045,4.010033540177576,1.1496069896138832,0.9210556080547114,-0.22855138155917176,0.0905390535556152,,0.3278318739773214,,0.76642050627526,,0.7046230338559829,,0.9647434629470387,,0.8288527624284971,
478.2931075492707,40.05963636363637,0.8165252208709717,Unknown,4.051016523155218,4.451747343201444,4.423307453843324,4.1479667269918465,-0.40073082004622584,-0.09695020383662811,0.30378061620959773,0.24755970322853052,,0.8709340189505628,,0.6234132510274502,,0.808653599543001,,0.9481944780819669,,0.9623977718257107,
478.32393853749437,359.3034,0.8041109442710876,Unknown,3.5834187698727438,3.524248472385597,3.3775951577851444,3.650376963937351,0.05917029748714686,-0.06695819406460712,-0.12612849155175399,0.6457989321637673,,0.8146285312797308,,0.6741430758708257,,0.9322370573860098,,0.954391917600169,,0.9527873122511655,
478.46461188036335,279.66200000000003,0.8658676147460938,Unknown,4.655634935303017,4.114879976771712,4.638147366288542,4.971058492859052,0.5407549585313056,-0.31542355755603513,-0.8561785160873407,0.4682813404048971,,0.5511539462611272,,0.27557814010451465,,0.8969592270190967,,0.9341936111129959,,0.8844087084608109,
479.8486849302175,296.5150909090908,0.9528219103813171,Unknown,4.970500762781764,3.875796122215481,4.78300699589772,4.962786020065567,1.0947046405662832,0.007714742716196987,-1.0869898978500863,0.0871582175274878,,0.8625602502715592,,0.08864841701210928,,0.7046230338559829,,0.9341936111129959,,0.9593662838515993,
480.8050177988485,281.0320909090909,0.9278950095176697,Unknown,4.939043782332954,4.2918794245130405,4.798216735330339,4.9885703078943955,0.6471643578199133,-0.04952652556144166,-0.696690883381355,0.17697427704682783,,0.5953615641645336,,0.15325958633381617,,0.7764275729160829,,0.9341936111129959,,0.9013476837791984,
480.92684097346734,41.802727272727275,0.9385366439819336,Unknown,5.282014305229409,4.51374235368965,5.185450561911306,4.827918565165852,0.7682719515397594,0.4540957400635568,-0.31417621147620256,0.0546398118033746,,0.12194638626132477,,0.3413499378404139,,0.6299753645966185,,0.9341936111129959,,0.6889135574543882,
481.3344786232217,130.85555555555555,0.635759711265564,Unknown,4.901661879256718,5.307038807745445,5.582244956949724,4.802950806058053,-0.4053769284887272,0.09871107319866468,0.5040880016873919,0.590305294748357,,0.942064743886887,,0.6648404766802497,,0.9142159978346233,,0.954391917600169,,0.9921029121015122,
482.3112558511675,418.0651,0.7674483060836792,Unknown,3.7797400542191717,3.749627425490011,3.7696594624925766,3.5681660986976893,0.03011262872916065,0.2115739555214824,0.18146132679232174,0.8742489842130684,,0.10521737769975427,,0.3825556537177809,,0.9954021650632178,,0.9341936111129959,,0.6742431547363272,
482.93028534404385,376.78150000000005,0.873497486114502,Unknown,4.073647572137635,4.18109470746951,4.181524494498748,4.34714767925181,-0.10744713533187511,-0.2735001071141747,-0.1660529717822996,0.49949077769545586,,0.003947436418471006,,0.31130524316974745,,0.8969592270190967,,0.9341936111129959,,0.20269033696022837,
483.0746744735561,433.5320909090909,0.9287053942680359,Unknown,4.657508477145609,4.090944333250558,3.716719177474599,4.000395156603187,0.566564143895051,0.6571133205424227,0.09054917664737161,0.12058962761616386,,0.04635489511484292,,0.8172423076452282,,0.7304273081055243,,0.9670301754768821,,0.5804936219507998,
483.5388174195635,304.4518888888889,0.619875967502594,Unknown,3.4049206056068484,2.9372854341910863,3.7883776459142147,3.572193912480268,0.46763517141576205,-0.1672733068734198,-0.6349084782891818,0.338102739533867,,0.6753889448948537,,0.13610860444313738,,0.8616961145239895,,0.9341936111129959,,0.9195697788067687,
484.3683237439471,301.192,0.9482951760292053,Unknown,3.8154217966909374,4.054197459026036,3.9946550510581975,3.860640599409827,-0.23877566233509873,-0.04521880271888978,0.19355685961620894,0.12826337637867988,,0.7038121655911966,,0.29123150812445225,,0.7330532926202694,,0.9341936111129959,,0.9235989591949826,
484.43210792316154,147.80533333333335,0.5178850889205933,Unknown,3.296210832977348,3.9990606037441583,3.6298454556090904,5.3125514761338914,-0.7028497707668104,-2.0163406431565436,-1.3134908723897332,0.40005558280460235,,0.008821549242966818,,0.1549523965463688,,0.8760552321523419,,0.9341936111129959,,0.27560658392420573,
484.873460896705,447.3550909090909,0.8935569524765015,Unknown,3.6498560692351423,3.951408894279172,3.275113670676701,3.918256799727736,-0.3015528250440296,-0.2684007304925937,0.03315209455143586,0.43328849255694396,,0.4840228937731747,,0.6206661288746214,,0.8890951892318769,,0.9481944780819669,,0.8740973647230489,
485.6473031676914,40.69054545454546,0.9816666841506958,Unknown,6.96255003970614,7.252376480602872,6.752324477681237,7.265274183089093,-0.28982644089673215,-0.30272414338295306,-0.012897702486220908,0.5239901620998468,,0.47066374840540004,,0.9449686556616606,,0.8986119382783423,,0.9921208594574054,,0.8740973647230489,
485.6957056416366,477.36359999999996,0.7240542769432068,Unknown,3.129165521445756,3.28428499876271,3.1198806687197713,3.2252289654172692,-0.15511947731695397,-0.09606344397151334,0.05905603334544063,0.5363396375103682,,0.6302015484282004,,0.7342586925991427,,0.9059305685856749,,0.9581389861520812,,0.9119126967431223,
485.758235728774,51.49990909090909,0.7254720330238342,Unknown,4.30490933569638,3.276848140846525,3.8186827234226715,4.049520379519855,1.0280611948498555,0.25538895617652546,-0.77267223867333,0.281519646533451,,0.7883927554661976,,0.18790469629526554,,0.8329790067647403,,0.9341936111129959,,0.9484584234184341,
486.44095069724216,385.46866666666665,0.6962825655937195,Unknown,4.101854392331662,3.939512067880706,3.707228812692836,4.19127027476046,0.16234232445095564,-0.08941588242879828,-0.2517582068797539,0.5923277479847542,,0.7524162183344574,,0.3046632393605988,,0.9142159978346233,,0.9341936111129959,,0.9371914612395388,
486.8114244076686,349.131875,0.5135259032249451,Unknown,3.3208884286284985,3.1800887333841232,3.334594642577553,3.2160285256318417,0.1407996952443753,0.10485990299665682,-0.03593979224771848,0.47616545593257287,,0.6698519973790218,,0.8731845179505432,,0.8969592270190967,,0.974808002265388,,0.9195697788067687,
487.0930435528545,413.4916000000001,0.8087373971939087,Viniferifuran;5-[6-hydroxy-2-(4-hydroxyphenyl)-4-[(E)-2-(4-h,4.402610797236211,4.269335827603917,4.088837650864233,4.736339851028254,0.13327496963229457,-0.33372905379204276,-0.46700402342433733,0.7992987071960265,,0.5088429494801807,,0.06159034518246677,,0.9762690413707179,,0.9341936111129959,,0.8791579978112207,
487.7882012010294,440.470875,0.5041431784629822,Unknown,3.592449431854682,3.67814506621817,3.849817397038949,3.3920776892133335,-0.08569563436348782,0.2003717426413485,0.2860673770048363,0.9176858801410428,,0.7795457767438494,,0.7004033495877224,,0.9954021650632178,,0.9581389861520812,,0.9483323844518097,
487.94590766419685,312.6947,0.8178144693374634,Unknown,3.119879322058793,3.397089627533114,3.7158742493392154,3.705541552372665,-0.27721030547432113,-0.5856622303138721,-0.308451924839551,0.47352408938735463,,0.09011179521604912,,0.27779264957167715,,0.8969592270190967,,0.9341936111129959,,0.6594525298454849,
489.2501089732053,310.26890000000003,0.8658531308174133,Unknown,3.213447258461765,3.4015000753380638,3.154083350915332,3.0054506908826535,-0.18805281687629893,0.20799656757911134,0.39604938445541027,0.6886796109797666,,0.35413165795196927,,0.3682502865936947,,0.9453373220162753,,0.9341936111129959,,0.8412666805264524,
489.27674670656756,33.83463636363636,0.9925574660301208,Ubiquinone-4;13'-Carboxy-alpha-tocotrienol;Ceanothenic acid,5.053695820311643,4.853467054444427,5.104162599826202,4.8651913301631,0.20022876586721594,0.1885044901485431,-0.01172427571867285,0.1726679873730286,,0.2584550099226863,,0.9529198330757969,,0.7722656567258852,,0.9933123029160053,,0.8062545090175175,
489.4858337652557,285.02540000000005,0.7613967657089233,Unknown,3.2347821118273266,3.0749098082427424,3.598727747495169,3.326623106199077,0.15987230358458415,-0.09184099437175064,-0.2517132979563348,0.25250219521150036,,0.7092097098963792,,0.3327890181961787,,0.8122613518348109,,0.9341936111129959,,0.9243934398270126,
489.6780663828455,306.3429,0.7691611051559448,Unknown,3.2521431857367724,3.290288425874863,2.7153226294390356,3.349924147631062,-0.0381452401380904,-0.09778096189428975,-0.059635721756199356,0.8213851675861522,,0.7435399913020417,,0.8583070219923667,,0.9852799392452856,,0.9724335600814616,,0.9356779827796421,
490.3259819685423,410.0793636363636,0.9465621113777161,Unknown,4.456691699805746,4.412070836303601,4.475243573428086,4.53154808574745,0.04462086350214456,-0.07485638594170396,-0.11947724944384852,0.8972032326106786,,0.682407514921404,,0.6888082151586247,,0.9954021650632178,,0.9575520026139989,,0.9195697788067687,
491.57700907488197,384.887,0.6111138463020325,Unknown,3.3360869323773827,3.275496776812901,3.4373457447500293,3.1273737829749586,0.06059015556448166,0.20871314940242414,0.14812299383794247,0.6272601359944459,,0.24009477485545053,,0.45399825970255103,,0.9225466479461822,,0.9341936111129959,,0.7988941882452661,
492.758447097309,443.49680000000006,0.7669820189476013,Unknown,3.0620420208081236,3.1294373688702777,3.7308422924880795,3.276808317724052,-0.06739534806215408,-0.2147662969159283,-0.14737094885377422,0.7207348187495539,,0.578168564349919,,0.7242409460888125,,0.9565953574142277,,0.9581389861520812,,0.8969345767285403,
492.7621356016046,472.34790000000004,0.7944901585578918,Unknown,4.212659522905767,3.7379463044850154,4.007836335806057,3.2741377214769023,0.47471321842075165,0.9385218014288648,0.4638085830081131,0.0036718621901658983,,0.05087908801381374,,0.2515968122095152,,0.27276293130287305,,0.9341936111129959,,0.6039446258489445,
492.8011475014335,38.124375,0.5738805532455444,Unknown,2.917013552239403,2.9078090715282006,3.0545527795790264,3.084244721162222,0.00920448071120239,-0.16723116892281897,-0.17643564963402136,0.9506353341253249,,0.4474486813380413,,0.3617797177238357,,0.9954021650632178,,0.9341936111129959,,0.8735200432455408,
494.553263593357,334.23439999999994,0.8742809891700745,Unknown,4.192856551340516,3.4033807553952724,3.9176947832926423,3.9197353117076843,0.7894757959452439,0.27312123963283197,-0.5163545563124119,0.013844211646888328,,0.13542672961349858,,0.09075444610329989,,0.3674558186250609,,0.9341936111129959,,0.7197162795439023,
495.99313993459674,357.0516,0.8206462860107422,Unknown,3.559860122914312,3.7776419546082494,3.7180086238900616,3.5199292858525273,-0.21778183169393728,0.039930837061784796,0.2577126687557221,0.45040157334387404,,0.9325214443055136,,0.5916522828396058,,0.8890951892318769,,0.9456878731807212,,0.9858198624585911,
497.18359628189694,424.43770000000006,0.7174276113510132,Unknown,3.510583202188352,3.4089315476771453,3.3260896563646627,3.3816407890922915,0.1016516545112065,0.12894241309606036,0.027290758584853858,0.7999520590648608,,0.6633213806982698,,0.9336059844069664,,0.9762690413707179,,0.9921208594574054,,0.919454692032388,
498.05438264432235,410.18745454545444,0.961697518825531,"Chondroitin 4-sulfate;2-{4-[(6-carboxy-3,4,5-trihydroxyoxan-",5.403650297184086,5.0563371768628524,5.2797740381166705,5.283467190591283,0.3473131203212336,0.12018310659280296,-0.22713001372843067,0.18556625811641184,,0.010264715261151615,,0.3528469171435047,,0.7905736037934735,,0.9341936111129959,,0.306751345920212,
498.3416505814221,279.66936363636364,0.9078509211540222,Unknown,3.6422418537695775,3.8750351038899726,3.4576544610646236,3.7332021800824773,-0.2327932501203951,-0.09096032631289974,0.14183292380749535,0.4929183711836454,,0.8319691492996559,,0.7275573180162078,,0.8969592270190967,,0.9581389861520812,,0.9563914558871437,
498.4338714779981,42.30045454545454,0.9043228030204773,Unknown,3.7481592432386086,3.791209063740481,3.5234631890500676,3.6741377396018144,-0.04304982050187256,0.07402150363679416,0.11707132413866672,0.8521136687391149,,0.7141573620830468,,0.42603491764929413,,0.9954021650632178,,0.9341936111129959,,0.9273252396821426,
499.1788813959079,485.2844444444445,0.5980021953582764,Unknown,3.129614634025639,3.111049261240307,2.6650821988802242,3.1568545751260593,0.0185653727853321,-0.02723994110042005,-0.04580531388575215,0.97174674882674,,0.9593184151064047,,0.9365758536716574,,0.9954021650632178,,0.9921208594574054,,0.9946799654543693,
499.98607148937333,297.265909090909,0.922354519367218,Unknown,3.1346758954552736,3.6604188926372525,3.6287178452133784,3.38120991408292,-0.5257429971819789,-0.24653401862764657,0.27920897855433235,0.09474954743297553,,0.5234209564459341,,0.5077249189883841,,0.7150338109748187,,0.9375398401843495,,0.8796202218349765,
500.2741917661266,277.89790000000005,0.7904382944107056,STD_18:1 Lyso PE;STD_Glycocholic acid;STD_Glycohyocholic aci,3.047800102382357,3.962951697928657,3.9394386059897633,4.198398927669531,-0.9151515955463001,-1.1505988252871737,-0.23544722974087362,0.006611480354180038,,0.0008079980387791327,,0.20009008825167401,,0.30295272200709417,,0.9341936111129959,,0.15819438944044178,
500.2933659542486,375.6119090909091,0.9412296414375305,Unknown,3.661974780853457,3.606363147338383,3.5840550328065026,3.911669764945453,0.05561163351507403,-0.2496949840919962,-0.30530661760707023,0.843948574170221,,0.021847098349294606,,0.3254017857522319,,0.9924664829350389,,0.9341936111129959,,0.44955230319902073,
500.47890614412256,45.2879,0.6568319797515869,Unknown,3.488272556437161,3.562595845630208,3.7406794013943303,3.498538496144226,-0.07432328919304698,-0.01026593970706502,0.06405734948598196,0.8414830645258683,,0.9753845248053999,,0.7383786046568422,,0.9924664829350389,,0.9581389861520812,,0.9946799654543693,
501.1930375273682,424.7168181818182,0.9677850008010864,"T2 Toxin;8-Pentanoylneosolaniol;NCGC00169100-02!2-[2,6-bis(3",5.6191748453069925,4.551521134512257,5.292519777216368,5.409556550341102,1.067653710794736,0.20961829496589068,-0.8580354158288452,0.018403577901436433,,0.053839593548893803,,0.03778050116194883,,0.3872263023751217,,0.9220602104908759,,0.6117935649074577,
502.33911877220885,414.85599999999994,0.921636700630188,Unknown,3.6897140139333016,3.807283005131117,3.8988473580515333,4.427405699998646,-0.11756899119781528,-0.7376916860653444,-0.6201226948675291,0.6859680877290024,,0.003970484287342042,,0.07843556661478132,,0.9442364465268377,,0.9341936111129959,,0.20269033696022837,
502.5701681868892,140.58899999999997,0.6668333411216736,Unknown,4.0960594028754125,3.3036404518952778,4.153294578972086,4.121328401434516,0.7924189509801347,-0.025268998559103473,-0.8176879495392382,0.22974190167500763,,0.9804592245929125,,0.4048735258567546,,0.7980087070322811,,0.9341936111129959,,0.9948577491685624,
502.62396205881265,306.51988888888883,0.6086707711219788,Unknown,3.1910041568757403,2.8929552137096977,2.796155953715665,3.0910223044933587,0.2980489431660427,0.09998185238238166,-0.19806709078366103,0.07752338571030289,,0.6155820040079241,,0.36726420232853724,,0.6840804939362677,,0.9341936111129959,,0.9052823952933148,
503.31626521438665,410.7963,0.7447999119758606,Unknown,3.7093857216600363,3.7305696326798574,3.608266216001045,3.592383221171348,-0.02118391101982109,0.11700250048868854,0.13818641150850963,0.9562316737328477,,0.6840720662049554,,0.7154547222519337,,0.9954021650632178,,0.9581389861520812,,0.9195697788067687,
505.5883832243304,274.8271,0.7095504999160767,Unknown,3.705150884245148,4.222972396441339,3.823064847350118,4.278008274301092,-0.5178215121961909,-0.5728573900559439,-0.05503587785975306,0.07721875893529392,,0.008562829292820076,,0.8143163815644525,,0.6840804939362677,,0.9670301754768821,,0.27169031054297976,
505.99736926690275,418.49174999999997,0.5499184727668762,Unknown,3.7613247528475817,3.541089185181748,3.7488848090731026,3.7850360460643575,0.22023556766583363,-0.023711293216775786,-0.24394686088260942,0.21748109850301922,,0.8951967870369497,,0.0410527801833085,,0.7979466639025367,,0.9341936111129959,,0.9702505947489781,
505.999984490703,290.3862,0.8093051910400391,Unknown,4.13309003218732,3.653587656651022,4.158469648279718,3.8155631736599105,0.4795023755362977,0.31752685852740914,-0.16197551700888857,0.03946992146198406,,0.24300027082177655,,0.4968890041606985,,0.5632026200334405,,0.9375398401843495,,0.7991492160039925,
506.3232447138908,291.3888181818181,0.9520996809005737,LysoPE(0:0/20:1(11Z));LysoPE(20:1(11Z)/0:0);Phosphatidyletha,3.9900082550301605,4.007184759339033,3.7215597734914283,4.199548407435092,-0.01717650430887252,-0.2095401524049314,-0.19236364809605888,0.9552773498845645,,0.4392088739539531,,0.4495899921925361,,0.9954021650632178,,0.9341936111129959,,0.8735200432455408,
507.1533707562867,372.9494444444444,0.7071530222892761,Unknown,3.6000776238888537,3.727104197632748,3.5307319403114574,3.5773084473958243,-0.12702657374389448,0.02276917649302934,0.14979575023692382,0.7486347671743199,,0.9617973082857658,,0.6302504507555835,,0.9647804747258556,,0.949441296879383,,0.9946799654543693,
507.8157465601229,357.9744999999999,0.8842257261276245,Unknown,4.323041090045564,3.4427213705972743,3.5162155994031736,3.7989143756223283,0.8803197194482895,0.5241267144232356,-0.3561930050250539,0.008275661181799033,,0.02013646705885948,,0.18821669587729278,,0.3139265442465625,,0.9341936111129959,,0.44456914791582347,
508.3865246226117,305.2552,0.8133763670921326,Unknown,3.347777361973049,3.072295608226067,3.1028853692115748,3.4230658821750217,0.27548175374698225,-0.07528852020197263,-0.3507702739489549,0.274060422777443,,0.7528296063156162,,0.002334488227071705,,0.8247186954288869,,0.34383676601584684,,0.9371914612395388,
508.63546973476764,45.61072727272726,0.8041359782218933,Unknown,3.422602760573188,3.79780465106924,4.042591748566766,3.6569242276153653,-0.3752018904960521,-0.23432146704217738,0.14088042345387475,0.36371650364195834,,0.520568603643661,,0.6190784574542225,,0.8659389361669497,,0.9481944780819669,,0.8791579978112207,
508.7415696319848,118.84220000000002,0.7110434174537659,Unknown,4.593925389713128,4.796743454008976,5.4600436964960135,4.756631663044078,-0.20281806429584837,-0.1627062733309499,0.040111790964898475,0.861284922800864,,0.8941992556304403,,0.9645027344195736,,0.9954021650632178,,0.9953426349734461,,0.9702505947489781,
508.75578254283045,494.0584,0.7069770097732544,Unknown,2.9479958670776445,3.4933543653162986,3.591534403599712,3.98392948550728,-0.5453584982386541,-1.0359336184296355,-0.4905751201909814,0.07796261691320219,,0.005421925024967353,,0.024140927624150665,,0.6840804939362677,,0.8899859596062306,,0.23252298444891592,
509.5493534344329,277.95418181818184,0.9037033319473267,Unknown,4.928267447875339,4.48427971214787,4.770750932208544,4.373588941020457,0.4439877357274691,0.5546785068548825,0.11069077112741343,0.11327680562239514,,0.4134660918772715,,0.8695530584943284,,0.7277636160222334,,0.974808002265388,,0.8686251632404102,
510.3105985417875,91.696,0.642516016960144,Unknown,4.201480002538758,4.09857801263169,3.050996407587398,5.147882966276012,0.10290198990706756,-0.9464029637372544,-1.049304953644322,0.9357535443634288,,0.5059062215189307,,0.46601801098827444,,0.9954021650632178,,0.9343252415096033,,0.8791579978112207,
511.89502244463995,306.74850000000004,0.8665592074394226,Unknown,3.298236203716842,3.668469081736338,3.6461168646933277,3.8540875338728235,-0.37023287801949634,-0.5558513301559818,-0.18561845213648542,0.3279799798892321,,0.12976124090036695,,0.3150623672844666,,0.85390747289343,,0.9341936111129959,,0.7060926858075226,
512.0255886057387,316.2694,0.8405754566192627,Unknown,3.2333713333494045,3.4462662567631503,3.224360147920679,3.7227418703569968,-0.21289492341374583,-0.48937053700759225,-0.2764756135938464,0.5447520787438478,,0.12499683044850012,,0.25478413554638324,,0.9072925006558107,,0.9341936111129959,,0.6966039577967763,
512.1275551770349,360.0153333333334,0.7600229382514954,Unknown,3.854902939195279,3.8180685187305348,3.5194278768870726,3.7990284157078933,0.036834420464744166,0.05587452348738564,0.019040103022641475,0.8930006776088938,,0.8785929346396848,,0.9514275274711206,,0.9954021650632178,,0.9933123029160053,,0.9639810616993636,
512.7779707421051,450.907,0.6638284921646118,Unknown,3.1328442336103675,3.0908100181735363,3.0858827523612082,3.3633948812492567,0.04203421543683117,-0.23055064763888922,-0.2725848630757204,0.8911819888519352,,0.5331916226972265,,0.43534398934912527,,0.9954021650632178,,0.9341936111129959,,0.8830852417684185,
515.786682356675,306.0829,0.7757250070571899,Unknown,3.3411278619971703,3.3427622457001944,3.401911426281119,3.125175956585419,-0.001634383703024156,0.21595190541175135,0.2175862891147755,0.9962149445021072,,0.3382655162212199,,0.45375416621197273,,0.999914966043114,,0.9341936111129959,,0.8309605221799807,
516.1133218524699,374.9172,0.8587409257888794,Unknown,4.477815868998037,4.599528875484537,4.603390066352546,4.76124814708776,-0.12171300648649996,-0.28343227808972316,-0.1617192716032232,0.56602350389777,,0.16636808711646933,,0.24554332997033992,,0.9075742340880263,,0.9341936111129959,,0.7373372735493757,
516.4535437650071,295.51539999999994,0.8266227841377258,Unknown,3.229131031771692,3.283763136061617,3.4643557608524578,2.8064250563604145,-0.05463210428992493,0.42270597541127763,0.47733807970120257,0.8129103262492442,,0.03901097682772254,,0.07512316940611938,,0.9803976711543582,,0.9341936111129959,,0.5678883008262753,
516.5068408131309,283.13469999999995,0.8188757300376892,Unknown,3.3001196638571915,3.599679239496543,3.3993439764751727,3.3874295475798832,-0.29955957563935165,-0.08730988372269177,0.21224969191665988,0.318302680880459,,0.7903536964556683,,0.5468578316939463,,0.8474231217981774,,0.9439759149311477,,0.9484584234184341,
516.6246126218907,42.272636363636366,0.9048424959182739,Unknown,3.989386403273406,3.6288386778295063,3.7576813242051728,3.957295181978278,0.36054772544389957,0.03209122129512787,-0.3284565041487717,0.449892227712181,,0.7230684368968125,,0.48082647011921276,,0.8890951892318769,,0.9343252415096033,,0.9294353092991543,
517.9350590490081,35.15642857142858,0.5046980381011963,Unknown,3.3648157741036218,3.422668248356446,3.509306408947384,3.098550878781532,-0.05785247425282414,0.26626489532208986,0.324117369574914,0.7762780766904797,,0.10885434394507679,,0.10955239873371421,,0.971182597467767,,0.9341936111129959,,0.6870711153442436,
518.2383850653307,308.465875,0.5105271339416504,Unknown,2.8592888089901742,2.9597240172628907,3.02887409510273,2.8599913731131323,-0.10043520827271646,-0.0007025641229581048,0.09973264414975835,0.7637737926868542,,0.998404600060691,,0.8257006173196413,,0.9680849820974129,,0.9670301754768821,,0.9994646497252948,
519.0408670099691,484.92729999999995,0.8585574626922607,"7,8,8,12,13,21,22-heptahydroxy-19-(hydroxymethyl)-2,17,20,23",4.640836013021562,4.588215710279799,4.58478603038987,4.712882230155202,0.05262030274176244,-0.07204621713364023,-0.12466651987540267,0.6818454319556777,,0.25355887010416456,,0.3457454699042878,,0.9435993578504407,,0.9341936111129959,,0.8043439324474446,
519.7615510588245,410.777,0.6670331358909607,Unknown,3.9606942679026047,3.861548243857193,4.118587663540083,3.9853275535936246,0.09914602404541162,-0.024633285691019857,-0.12377930973643148,0.6581651764905141,,0.8283553832102363,,0.6116421291215655,,0.9386242468363262,,0.9456878731807212,,0.9563914558871437,
519.8395359275962,472.87750000000005,0.5353142023086548,Unknown,3.039519401434298,2.9811524739184123,3.1464014538165834,2.93201058626313,0.05836692751588579,0.10750881517116806,0.04914188765528227,0.786602076965379,,0.7301040719654844,,0.8564040047400918,,0.9719392763225705,,0.9720975361780841,,0.9322578369164589,
520.2187286338868,294.4429999999999,0.6812322735786438,Unknown,3.20655849575922,3.317990834918667,3.189815813392695,3.4141461159402104,-0.11143233915944695,-0.2075876201809903,-0.09615528102154336,0.7475257710680283,,0.5939717603191559,,0.8413474472912097,,0.9647804747258556,,0.9697364093429147,,0.9013476837791984,
520.5586786220525,419.71645454545455,0.8650466203689575,Unknown,3.4036966601730136,3.731603304493061,3.8350817712381913,3.2589876057984424,-0.32790664432004757,0.14470905437457127,0.47261569869461884,0.1718123328088267,,0.6347205309271596,,0.08249363943043257,,0.7722656567258852,,0.9341936111129959,,0.9143155734062032,
520.6156309071698,39.100545454545454,0.9426529407501221,Unknown,3.858734226899521,3.752747368445934,4.476825323565909,4.370676149890267,0.10598685845358702,-0.5119419229907458,-0.6179287814443328,0.7826878438275755,,0.1889351162077755,,0.02698550719366908,,0.9719392763225705,,0.8899859596062306,,0.7463299034874198,
520.9238089605818,333.562,0.7263454794883728,Unknown,3.504895454071889,3.3311448277679596,2.9806719097587457,3.391995938347763,0.17375062630392923,0.11289951572412571,-0.060851110579803525,0.43854424727775204,,0.45820398046541577,,0.8007767368454908,,0.8890951892318769,,0.9670301754768821,,0.8740973647230489,
521.4730183700187,373.23277777777776,0.6124911904335022,Unknown,3.192341860518591,3.4764264573895702,3.685078091810128,3.4183215540019507,-0.2840845968709793,-0.22597969348335978,0.05810490338761953,0.4125561810245649,,0.5299647052885726,,0.7977143668963722,,0.886465534977753,,0.9670301754768821,,0.8819913012954292,
521.516611837684,358.505,0.8745136857032776,Unknown,4.359215666851042,4.128520560976749,4.182805859125798,4.180656600560094,0.2306951058742932,0.17855906629094775,-0.05213603958334545,0.14112573518653718,,0.37908566283834627,,0.8044294097077649,,0.7393027089682752,,0.9670301754768821,,0.8497523456780554,
521.5650908952441,357.5797,0.8161384463310242,Unknown,4.114586790929852,3.8574015973174354,4.187644900947605,3.9016624821033914,0.257185193612417,0.21292430882646096,-0.04426088478595602,0.3808744693657818,,0.5584545599249122,,0.853317138640807,,0.8662226401476409,,0.9720975361780841,,0.8854085614790521,
521.7000336272192,46.47990909090909,0.8691872358322144,Unknown,3.750645810403006,3.9222499988117576,4.388834121734661,3.851692855567691,-0.17160418840875158,-0.10104704516468477,0.07055714324406681,0.7386903299018841,,0.7871018006407697,,0.8644763644428793,,0.9646675789076422,,0.974808002265388,,0.9484584234184341,
522.4655318277431,330.9252727272727,0.980057954788208,Unknown,4.367708282731285,3.7709749440011158,3.983662122207239,4.383117688742405,0.5967333387301692,-0.015409406011119842,-0.612142744741289,0.11146403569910757,,0.8218971421628339,,0.09944107065350948,,0.7277636160222334,,0.9341936111129959,,0.9563914558871437,
523.6568822951215,61.4449090909091,0.7815221548080444,Unknown,3.515128301569797,3.8339120741630137,3.4396568198647524,3.7048010998785723,-0.3187837725932168,-0.18967279830877537,0.1291109742844414,0.3817028037023755,,0.5311303469693894,,0.7702419757121781,,0.8662226401476409,,0.9647434629470387,,0.8826854458052477,
524.4576903194178,43.839454545454544,0.973089337348938,Unknown,4.048274900817042,4.447080094809316,4.2284086548861755,4.239431436680028,-0.3988051939922732,-0.19115653586298542,0.2076486581292878,0.023974017719900976,,0.36820120656148864,,0.2627228034586527,,0.46200396764893287,,0.9341936111129959,,0.8486879142198621,
525.6828386271297,294.6917,0.7996312379837036,Unknown,3.609182344058127,3.5348857145368826,4.317170671209128,4.210813435607972,0.07429662952124438,-0.6016310915498448,-0.6759277210710892,0.6127064582991243,,0.28400917168008505,,0.24622924329981974,,0.9191625517023703,,0.9341936111129959,,0.8191269103859745,
526.1036233652359,276.53309090909084,0.8781473636627197,Unknown,4.305739988757598,3.7477777100663694,3.9419861857230236,4.203389453158837,0.5579622786912282,0.1023505355987604,-0.45561174309246777,0.23841689636572855,,0.8037183098420249,,0.2901694208298635,,0.8041478581799351,,0.9341936111129959,,0.9513588719255197,
526.5921435586017,389.3841818181818,0.8580334782600403,Unknown,4.0103029303235616,3.851337993509098,3.536388622368429,3.777866107923902,0.15896493681446344,0.23243682239965935,0.0734718855851959,0.6137292108743799,,0.5270691180241786,,0.7808723045643295,,0.9191625517023703,,0.9667220674675763,,0.8807947871106308,
527.3507898764882,412.51372727272724,0.9349119067192078,Unknown,4.469507083355846,4.2073121202184325,4.428834520326403,4.550996715158299,0.2621949631374134,-0.08148963180245339,-0.3436845949398668,0.40932944050676784,,0.7633111779407911,,0.09052773287158389,,0.886033747932616,,0.9341936111129959,,0.9419195983925261,
527.4666377915933,294.92972727272723,0.9449523687362671,Unknown,4.416402256604843,4.572273735530892,3.3453769359119345,4.305099231194994,-0.15587147892604936,0.11130302540984882,0.2671745043358982,0.7482086390221891,,0.8625921873234069,,0.5523827415643032,,0.9647804747258556,,0.9439759149311477,,0.9593662838515993,
528.9867451233739,428.68370000000004,0.8003103733062744,Unknown,4.810481677329423,3.9456724204047515,4.01584093114615,4.3415279117240155,0.8648092569246715,0.46895376560540747,-0.395855491319264,0.0001224180152683463,,0.058513773482452305,,0.10209549010693525,,0.059739365429442415,,0.9341936111129959,,0.6225714410813247,
529.6978417769853,273.6501111111111,0.5647183656692505,Unknown,4.686361327038195,3.1253852174299133,3.0982805391733983,3.424417963899424,1.5609761096082821,1.2619433631387715,-0.2990327464695106,0.015651624578645263,,0.05096331954302441,,0.35537420254634,,0.37527499861821545,,0.9341936111129959,,0.6039446258489445,
530.1782508355411,80.90129999999999,0.5477761626243591,Unknown,3.6677683606328713,3.2957993652727566,3.613343875022418,3.836922955034988,0.37196899536011463,-0.16915459440211666,-0.5411235897622313,0.4069198900027695,,0.6703606909259255,,0.17502372133797897,,0.8860283138180683,,0.9341936111129959,,0.9195697788067687,
530.2046067937545,293.70563636363636,0.9516718983650208,Unknown,5.0302175355854795,5.079165931789029,4.488927201912807,4.587163357430414,-0.048948396203549294,0.44305417815506587,0.49200257435861516,0.6580558718333809,,0.3045637893386762,,0.2482536594508163,,0.9386242468363262,,0.9341936111129959,,0.8251842306808576,
530.378740531562,275.9182727272727,0.9012467265129089,Unknown,4.959079767558213,3.8466285830968836,5.118010976177616,4.700590314784291,1.112451184461329,0.25848945277392144,-0.8539617316874075,0.12241031058452678,,0.4425498843348585,,0.2520395711899389,,0.7304273081055243,,0.9341936111129959,,0.8735200432455408,
530.4065681382326,44.702625,0.5382664203643799,Unknown,3.5592775181113754,3.614060697830167,4.087122854168102,3.467651499378625,-0.05478317971879143,0.09162601873275023,0.14640919845154166,0.8961274726239201,,0.7535710197551674,,0.6596139480927385,,0.9954021650632178,,0.954391917600169,,0.9371914612395388,
530.8459387304425,106.80459999999998,0.7427720427513123,Unknown,3.8019419678226547,3.3961415558567527,3.933888979293018,3.341703538032354,0.405800411965902,0.4602384297903006,0.05443801782439861,0.5019198325794468,,0.5318481874759342,,0.8977367948348232,,0.8969592270190967,,0.9835989749996841,,0.8829878925727669,
530.9939994971936,453.6540909090909,0.8073996901512146,Unknown,3.217278346239455,3.7000634905674272,2.756089376353178,3.412742537507414,-0.48278514432797204,-0.19546419126795866,0.2873209530600134,0.4235375388297961,,0.7369199770452135,,0.6249736289922024,,0.8890951892318769,,0.9481944780819669,,0.9345196756871035,
532.7233855726521,405.8313333333333,0.5712690353393555,Unknown,3.9779876532225558,4.435854623994763,3.322660068767309,3.8107495485436123,-0.4578669707722076,0.1672381046789435,0.6251050754511511,0.5961691069597732,,0.7631509662956713,,0.38650952973757746,,0.9142159978346233,,0.9341936111129959,,0.9419195983925261,
533.371003036419,459.592090909091,0.9586387872695923,Unknown,3.8962152308571754,3.6833121241253344,4.067686325957439,3.6822782503032507,0.21290310673184099,0.21393698055392463,0.0010338738220836419,0.542321155558082,,0.3449125336467928,,0.9979008928453313,,0.9072925006558107,,0.9999676890838645,,0.8327981784305466,
533.485895799109,499.66475,0.5611947774887085,Unknown,3.4326664734616705,2.941354779124706,3.242384774788687,3.172007644334473,0.4913116943369644,0.2606588291271974,-0.23065286520976702,0.07295712857650113,,0.31950557899261367,,0.09658190500123126,,0.6737243948152394,,0.9341936111129959,,0.8288527624284971,
533.5376837089108,376.4957,0.7998220920562744,Unknown,3.148229566976179,4.015486512067528,3.9290065777207435,4.723326904828833,-0.867256945091349,-1.5750973378526543,-0.7078403927613053,0.13063625034893675,,0.06822215166162555,,0.2519919078000828,,0.7334813121935246,,0.9341936111129959,,0.6265958193010359,
534.6856536398894,358.7691,0.8439233303070068,Unknown,4.690750657682248,4.4174976187766175,4.027315146965418,4.589915445945817,0.27325303890563024,0.10083521173643106,-0.17241782716919918,0.03567798603271057,,0.11486257687195263,,0.097152622094863,,0.5465623686447973,,0.9341936111129959,,0.6881210654511394,
534.686711108791,373.5856,0.8654409646987915,Unknown,4.20921583720105,4.144103061013532,4.092768692935513,4.3028138546364065,0.06511277618751787,-0.09359801743535634,-0.1587107936228742,0.6240676878677587,,0.2878041109367373,,0.23573004950135223,,0.9191625517023703,,0.9341936111129959,,0.8191269103859745,
534.9550444744076,43.27672727272727,0.8919116854667664,Unknown,3.7093488760345337,3.7456090079597524,3.5873313556223914,3.440109816047092,-0.03626013192521871,0.26923905998744146,0.3054991919126602,0.9294523824032312,,0.5737088857212327,,0.5588409543249317,,0.9954021650632178,,0.9439759149311477,,0.8955243923975639,
535.3193630855629,477.2757272727273,0.8978838324546814,Unknown,3.9675028531162817,3.907224197734666,3.7990748625354978,3.8066784127489157,0.06027865538161592,0.16082444036736598,0.10054578498575006,0.852975516070474,,0.00815431033832021,,0.7593275160885868,,0.9954021650632178,,0.9641215136543511,,0.2711965793163915,
535.5844988177207,292.28959999999995,0.695737361907959,Unknown,2.991772485239687,3.1896439710984423,3.199109156679812,3.191176462681773,-0.19787148585875514,-0.1994039774420857,-0.0015324915833305752,0.49278791335091515,,0.4517008915667299,,0.9934690361759342,,0.8969592270190967,,0.9998607476510148,,0.8740973647230489,
536.7860455395621,303.65727272727275,0.9152929186820984,Unknown,3.1709328004995165,3.5282314786449085,3.7399052023807022,3.1338536563429056,-0.35729867814539196,0.037079144156610955,0.3943778223020029,0.49296553177212454,,0.9225292353509613,,0.5013891815981876,,0.8969592270190967,,0.9375398401843495,,0.9812383931723658,
537.3574758663715,44.92854545454546,0.9701502323150635,Unknown,3.817342993538407,4.4911725526367485,3.858123593582023,4.403165645492618,-0.6738295590983414,-0.5858226519542109,0.08800690714413051,0.008925215295646147,,0.0008147744946139699,,0.5749337397235322,,0.3139265442465625,,0.9456878731807212,,0.15819438944044178,
537.6751754307709,483.8783,0.7343338131904602,Unknown,4.432620854389521,3.441911637955112,4.242611349243303,4.414624759741257,0.9907092164344089,0.017996094648263572,-0.9727131217861453,0.03495817447926458,,0.7437324024131102,,0.03772246541810091,,0.5465623686447973,,0.9220602104908759,,0.9356779827796421,
537.8853777594915,295.56027272727266,0.9291470050811768,Unknown,3.5970597385482943,3.3981486362443234,3.6607763129047615,3.485023647084795,0.1989111023039709,0.11203609146349924,-0.08687501084047167,0.43269170082746355,,0.5640724159303694,,0.7739075227738184,,0.8890951892318769,,0.9647434629470387,,0.8899137885603838,
539.5050016692646,66.85733333333333,0.6752435564994812,Unknown,4.469724665851884,3.742514527370286,3.3007594900623216,3.773879202876952,0.7272101384815981,0.695845462974932,-0.031364675506666106,0.21128060421863584,,0.07282491591502285,,0.9581966887378635,,0.7975119100181354,,0.9933642896819882,,0.6444848781835928,
539.7980151220919,410.5724545454545,0.9409939646720886,Unknown,5.0203631161031455,5.316040177471948,5.061699369908059,5.151968612136802,-0.2956770613688029,-0.13160549603365634,0.16407156533514655,0.24746742591559834,,0.08774357013659315,,0.5026255670911586,,0.808653599543001,,0.9375398401843495,,0.6594525298454849,
540.0529347177488,473.5280000000001,0.9644075036048889,Unknown,5.324125153544782,4.883624049000081,5.243327651504465,5.241944501624875,0.44050110454470115,0.08218065191990664,-0.3583204526247945,0.2343435705358333,,0.08293144366085091,,0.31978045286694584,,0.8016437494920924,,0.9341936111129959,,0.6594525298454849,
540.655350602075,270.6669090909091,0.8422629237174988,Unknown,3.4943452632587673,3.8545227379554685,3.487803152656425,3.721410489996739,-0.36017747469670125,-0.22706522673797158,0.13311224795872967,0.11717515982506994,,0.4153628067510093,,0.6428710523399932,,0.7277636160222334,,0.9536533451648531,,0.8686251632404102,
542.2457580272808,484.2665999999999,0.8284518122673035,Unknown,3.9734267563716394,3.9970947621466824,3.9334228887296057,3.5797001179942214,-0.02366800577504291,0.39372663837741806,0.41739464415246097,0.91869673209839,,0.1639107030603598,,0.2498986665238189,,0.9954021650632178,,0.9341936111129959,,0.7373372735493757,
543.0195792312184,387.6927777777778,0.7242535948753357,Unknown,5.033105454101843,3.6400127289565725,3.8664837839691417,4.249655990430398,1.3930927251452707,0.7834494636714453,-0.6096432614738254,0.11666302623702733,,0.2102924812651877,,0.2590770323804426,,0.7277636160222334,,0.9341936111129959,,0.7610393806327458,
543.1972652516389,45.223727272727274,0.8889087438583374,Unknown,3.570155414168525,3.5327038225853564,3.561668623910513,3.3833860334655363,0.037451591583168575,0.18676938070298865,0.14931778911982008,0.8639858567040425,,0.5477452353403092,,0.5521303295289313,,0.9954021650632178,,0.9439759149311477,,0.8844087084608109,
543.6622224046563,292.97181818181815,0.9482234716415405,Unknown,3.256150827674638,3.153659814217589,3.5534344199532084,3.138031634771712,0.10249101345704892,0.11811919290292616,0.015628179445877244,0.6233989555723929,,0.5181273560049499,,0.9473685870362358,,0.9191625517023703,,0.9931235518397143,,0.8791579978112207,
544.111319024425,449.9759,0.6822389960289001,Unknown,2.8566914377512798,3.00493080021953,2.863193804477184,3.0827892460661466,-0.1482393624682503,-0.2260978083148668,-0.0778584458466165,0.5436846190473157,,0.23765530185052375,,0.7589698918365355,,0.9072925006558107,,0.9641215136543511,,0.7967438865447922,
544.1693868478048,326.4781111111111,0.6118634939193726,Unknown,2.897600338544693,3.017381595300551,3.0444719793167154,3.4344016590228326,-0.11978125675585805,-0.5368013204781397,-0.4170200637222816,0.6135431664425319,,0.07042747129829997,,0.04251503100260568,,0.9191625517023703,,0.9341936111129959,,0.6344734251126901,
544.6618858471085,292.3703636363636,0.8794745206832886,Unknown,3.2202339131663607,2.797444563256006,2.81680987065762,3.223771380168435,0.4227893499103548,-0.003537467002074468,-0.42632681691242924,0.22899468093968234,,0.9825443741158533,,0.2704906214376571,,0.7980087070322811,,0.9341936111129959,,0.9948577491685624,
544.8149715623966,423.4133333333333,0.6185407638549805,Unknown,3.628886157120044,2.9271729454741866,2.8837783117370566,3.1631268034878484,0.7017132116458575,0.4657593536321958,-0.23595385801366175,0.01985382390853549,,0.22100386870973762,,0.4502436935200735,,0.4053325237564374,,0.9341936111129959,,0.772389791999117,
545.289899473769,45.84790909090909,0.767619788646698,Unknown,3.6330492414582847,3.397069714955195,3.881596707980119,3.747995082384136,0.2359795265030895,-0.11494584092585125,-0.35092536742894076,0.2594911215576551,,0.83837166753295,,0.5238407790465578,,0.813523745154896,,0.939387126377869,,0.9563914558871437,
547.640047858827,415.7138888888889,0.7297160625457764,Unknown,3.425058292766123,3.008338132099037,2.953574367268722,3.178111883467268,0.4167201606670856,0.2469464092988547,-0.16977375136823092,0.07036449184381545,,0.36002642337757973,,0.4675319292176951,,0.6655577164309516,,0.9343252415096033,,0.8457179855678237,
549.0797057398518,373.6755454545455,0.9687148928642273,Unknown,4.991167077635922,4.767519838719989,4.899760261184854,4.870601580812905,0.22364723891593297,0.12056549682301654,-0.10308174209291643,0.1719872439239314,,0.508050606430111,,0.6452958328295291,,0.7722656567258852,,0.9536533451648531,,0.8791579978112207,
549.5241346396691,398.69090909090903,0.9199722409248352,Unknown,5.356382209717698,4.495799667925427,3.918564635178212,5.366170996697033,0.8605825417922714,-0.009788786979334496,-0.870371328771606,0.3909324669448476,,0.9942511875703135,,0.3939815668918079,,0.86820198711975,,0.9341936111129959,,0.9994646497252948,
549.9634130910359,443.49118181818176,0.9077820181846619,Unknown,3.8122859828771674,3.5855314169104466,3.8254187189657136,3.2477158937588873,0.22675456596672072,0.5645700891182801,0.3378155231515594,0.1256253764580444,,0.08732312649855212,,0.28356987400552797,,0.7304273081055243,,0.9341936111129959,,0.6594525298454849,
550.4064605455492,358.38712499999997,0.6202415823936462,Unknown,4.262674141647207,4.375941329101683,4.534165977045702,3.837796906552583,-0.1132671874544755,0.42487723509462416,0.5381444225490997,0.7391502396640925,,0.3807813614968589,,0.18848371942713543,,0.9646675789076422,,0.9341936111129959,,0.8497523456780554,
550.8146752927904,401.02781818181825,0.9649177193641663,Unknown,5.905365135180119,7.114350353947309,7.214162803133856,6.310660801681132,-1.2089852187671895,-0.40529566650101234,0.8036895522661771,0.4099302597127622,,0.8127292148115667,,0.43894369284974105,,0.886033747932616,,0.9341936111129959,,0.9526888772293054,
551.4981476132373,495.1103,0.7431187033653259,Unknown,3.812823204270495,3.097950996906473,3.2878872093189506,2.9767990676643943,0.7148722073640221,0.8360241366061008,0.12115192924207863,0.21207425367291807,,0.19073912267455823,,0.7728243978068674,,0.7975119100181354,,0.9647434629470387,,0.7491506113427411,
552.522813109289,276.01990000000006,0.8267754316329956,Unknown,4.388030810183693,4.650260897895354,4.842495513392759,4.410264966430567,-0.2622300877116608,-0.022234156246874193,0.2399959314647866,0.7107589053157073,,0.9816189278458997,,0.7244512509695507,,0.9522968568947293,,0.9581389861520812,,0.9948577491685624,
552.5838034995511,465.52337500000004,0.5244040489196777,Unknown,3.3197012914835535,3.3768723218295578,3.0296398996107947,3.04338716168574,-0.05717103034600424,0.27631412979781356,0.3334851601438178,0.7866877368197918,,0.04186710378395429,,0.12792796367310333,,0.9719392763225705,,0.9341936111129959,,0.5678883008262753,
552.6448410457522,521.2738,0.6868205666542053,Unknown,3.4839620107406604,3.217651039218277,3.150546950162343,3.6133998153908635,0.26631097152238326,-0.12943780465020316,-0.3957487761725864,0.10807307935619694,,0.34330463126797783,,0.002560380244632339,,0.7277636160222334,,0.35196693762879216,,0.8309605221799807,
552.6737230407914,400.068875,0.6537109613418579,Unknown,3.2078952878182467,3.114716751673381,2.974854911951006,3.0015798306113552,0.09317853614486582,0.20631545720689148,0.11313692106202566,0.5032889552187657,,0.17304200911588696,,0.5500252896180386,,0.8969592270190967,,0.9439759149311477,,0.7373372735493757,
553.1681503873299,47.70044444444444,0.6594898104667664,Unknown,3.6210221646260847,3.803149634584585,3.4993676411632726,3.6956011704228486,-0.1821274699585005,-0.07457900579676391,0.10754846416173658,0.5649332928872535,,0.8332663680675247,,0.6947373235878087,,0.9072925006558107,,0.9575520026139989,,0.9563914558871437,
553.3364673742608,274.5505,0.7950873374938965,Notoginsenoside R10,5.027133948681574,5.073738117820466,4.801762479208719,4.978331192269272,-0.04660416913889165,0.04880275641230192,0.09540692555119357,0.8373812265980313,,0.7981757759993084,,0.6588282207786537,,0.992103205639134,,0.954391917600169,,0.9484584234184341,
554.1638594290856,398.39385714285714,0.5639399290084839,Unknown,3.0863308219688537,2.9515594922357593,2.943051129547414,2.9164705393237953,0.13477132973309436,0.16986028264505837,0.03508895291196401,0.26969786220373815,,0.2889643319632073,,0.8263983769710115,,0.8183113333371448,,0.9670301754768821,,0.8191269103859745,
554.2404096800262,293.09309090909096,0.957564651966095,Unknown,4.057463670097329,4.490267570100515,4.479739576343015,4.659992613920273,-0.4328039000031856,-0.6025289438229438,-0.16972504381975817,0.16643399230726413,,0.18985429278676078,,0.6082994843772704,,0.7722656567258852,,0.9456878731807212,,0.748526867545508,
555.0424393527366,421.80400000000003,0.7010990381240845,Unknown,3.4596872428869343,3.466903141877426,3.240369568009316,3.51065498064562,-0.007215898990491798,-0.05096773775868568,-0.043751838768193885,0.97192324374743,,0.4534546735734481,,0.8333360660718894,,0.9954021650632178,,0.9670301754768821,,0.8740973647230489,
555.9845380429065,445.9068181818182,0.9697926640510559,Unknown,4.785075501163848,4.6028900339140195,4.774980974699828,4.113231255480449,0.18218546724982865,0.6718442456833991,0.4896587784335704,0.5521583165076829,,0.31673925721797697,,0.4939575774349377,,0.9072925006558107,,0.9375398401843495,,0.8288278532785134,
556.4106489226077,275.52609090909095,0.8797393441200256,Unknown,4.804402276088932,4.408352912190334,4.847342724196855,4.567234113754368,0.396049363898598,0.23716816233456406,-0.15888120156403396,0.14097461035325756,,0.3428481208242333,,0.055383994814949655,,0.7393027089682752,,0.9341936111129959,,0.8309605221799807,
556.4642070507268,408.51289999999995,0.827262282371521,Unknown,4.15654543496905,3.5527749235982604,3.4781939631929504,3.4715078146243656,0.6037705113707892,0.685037620344684,0.08126710897389477,0.0061586126966819065,,0.11815577399713939,,0.8203150006192912,,0.29532696233856026,,0.9670301754768821,,0.6881210654511394,
556.6889878619396,291.5080909090909,0.9389030337333679,Unknown,4.8370577755755475,4.873793629380072,4.629104502735554,4.837209056338118,-0.036735853804524154,-0.00015128076257031609,0.03658457304195384,0.7390245802245199,,0.9994632797306586,,0.8579546386907337,,0.9646675789076422,,0.9724335600814616,,0.9994646497252948,
558.5240748173162,466.3132727272727,0.9224780201911926,Unknown,3.5082400434905754,3.456078297669041,3.5513829679888405,3.5582429689192683,0.05216174582153421,-0.05000292542869289,-0.1021646712502271,0.9000092014077608,,0.7895748166238477,,0.8197526544495406,,0.9954021650632178,,0.9670301754768821,,0.9484584234184341,
558.9891909043953,386.45944444444444,0.526389479637146,Unknown,3.1491766923528903,2.958517140009654,3.1352278755555734,3.4654207126138665,0.19065955234323617,-0.3162440202609762,-0.5069035726042124,0.5542598148756712,,0.3115161760112276,,0.03366581224504655,,0.9072925006558107,,0.8899859596062306,,0.8251842306808576,
559.7185627444896,43.96745454545454,0.9097179770469666,Unknown,3.5949739534933,3.7128750953549723,3.5191379132050247,3.1915097804442962,-0.11790114186167244,0.4034641730490036,0.5213653149106761,0.1742531652316101,,0.18822369517344523,,0.11212663563465336,,0.7722656567258852,,0.9341936111129959,,0.7459059637160711,
560.5014477979564,453.56589999999994,0.7681272029876709,Unknown,3.415142103196447,3.4203886659065303,3.583333968355057,3.8432763123691482,-0.005246562710083502,-0.4281342091727014,-0.4228876464626179,0.9753204550068362,,0.34656872454142806,,0.35711902837845577,,0.9954021650632178,,0.9341936111129959,,0.8340961667431646,
561.0309990314443,418.33729999999997,0.8399344086647034,Unknown,3.729459342491071,3.456501846976392,3.47071239354608,3.6806410281762454,0.27295749551467896,0.04881831431482553,-0.22413918119985343,0.20148289790252616,,0.44215417145456276,,0.25706899488918694,,0.7967966888619453,,0.9341936111129959,,0.8735200432455408,
561.8065130047512,423.708625,0.55855792760849,Unknown,4.037035928170407,3.314657209239167,3.677573694785136,3.802345237589305,0.7223787189312398,0.2346906905811017,-0.48768802835013814,0.00881660197027747,,0.14728414014526756,,0.05766868577191219,,0.3139265442465625,,0.9341936111129959,,0.7339839170277165,
563.466551947276,471.35845454545466,0.8541280627250671,Unknown,4.964789460132684,3.9325293438990485,4.380494790019901,4.030475852686631,1.0322601162336351,0.934313607446053,-0.09794650878758215,0.29724521971770523,,0.3283484768941365,,0.8331629337212393,,0.8465740926214201,,0.9670301754768821,,0.8288527624284971,
563.8519035288061,281.80229999999995,0.7733078002929688,Unknown,3.2234726003865766,3.0409121088638886,3.0988810304346437,3.6413020251522066,0.18256049152268794,-0.41782942476563,-0.600389916288318,0.1867903544548548,,0.29227794117053296,,0.15892839276333218,,0.7910596106091796,,0.9341936111129959,,0.8191269103859745,
564.2443566804563,43.34054545454545,0.987777054309845,Unknown,4.463037174727938,5.046001544543329,4.201178607952465,4.986856975829494,-0.5829643698153912,-0.5238198011015562,0.059144568713835,0.03255546741862296,,0.0864821889595776,,0.8202170284113995,,0.5326275618217038,,0.9670301754768821,,0.6594525298454849,
564.8891677545588,483.3968181818182,0.972213089466095,Unknown,5.644389330963236,5.608615604154636,6.289620495868163,6.3068706042076235,0.035773726808599804,-0.6624812732443877,-0.6982550000529875,0.9734840434546269,,0.5203197416348989,,0.13470788140490558,,0.9954021650632178,,0.9341936111129959,,0.8791579978112207,
566.2041767549438,386.97349999999994,0.8353853225708008,Unknown,4.534896541522286,4.387433476651487,3.7209438893292193,4.511635803282897,0.14746306487079952,0.023260738239389234,-0.12420232663141029,0.2200146323513674,,0.5674566910507672,,0.2917595694800432,,0.7980087070322811,,0.9341936111129959,,0.8925286134176609,
568.5499778300934,275.40945454545454,0.8804182410240173,Unknown,3.6560638909171046,3.6604109616051184,3.7409456359422624,3.9315389693398117,-0.0043470706880137655,-0.27547507842270713,-0.27112800773469337,0.992874932731491,,0.5068090653612697,,0.6281036735244092,,0.9991742856477961,,0.9492298056810894,,0.8791579978112207,
568.9120784274492,410.5724545454545,0.9434757828712463,Unknown,4.8029283704297745,4.397531163962341,4.658654021164789,4.696967633147934,0.40539720646743316,0.10596073728184052,-0.29943646918559264,0.06119253470482257,,0.043925377660915164,,0.13543677878580157,,0.6428522382860448,,0.9341936111129959,,0.5804936219507998,
569.2562634332772,289.8027272727272,0.9175535440444946,Unknown,3.7656671461618103,3.480116429516722,3.5506657090418847,3.33374248368008,0.28555071664508835,0.43192466248173034,0.14637394583664198,0.20965075727327812,,0.21733077167152426,,0.6905581445050446,,0.7975119100181354,,0.9575520026139989,,0.7699932150973935,
569.9125195526517,61.07827272727272,0.7956200242042542,Unknown,3.1859965943152715,3.6187410046594266,3.350778365889417,3.275609699199166,-0.4327444103441551,-0.0896131048838944,0.3431313054602607,0.4284676063522207,,0.6526268025191533,,0.5163017940243138,,0.8890951892318769,,0.9375398401843495,,0.9180456102303685,
570.1788483245433,47.83188888888889,0.6174612045288086,Unknown,3.3658998236900874,3.9198129132714854,3.7055543856776847,3.820529525147787,-0.553913089581398,-0.45462970145769965,0.0992833881236983,0.02210952591572786,,0.06521964571143735,,0.39751534525271437,,0.4426198294973868,,0.9341936111129959,,0.6265958193010359,
570.5456518631864,135.80300000000003,0.6315839886665344,Unknown,2.9679595040667643,3.4526635570005006,3.1518829196002627,3.0734322797621765,-0.4847040529337363,-0.10547277569541214,0.37923127723832417,0.2131081777012573,,0.6926394867412176,,0.309838918442539,,0.7975119100181354,,0.9341936111129959,,0.9196792731614726,
570.6073773969122,435.579,0.8132988214492798,Unknown,3.3205425284340415,3.8209737500734504,3.8119020341359118,3.82675768794436,-0.5004312216394089,-0.5062151595103184,-0.005783937870909472,0.08617086735430597,,0.03170081287737334,,0.9726505108043264,,0.7046230338559829,,0.9953426349734461,,0.5554592048275364,
571.0555933167698,486.2514000000001,0.6436070799827576,Unknown,3.497105244454358,3.271202838489064,3.7599881691618493,3.308391465846087,0.22590240596529387,0.1887137786082711,-0.037188627357022774,0.39055939382805627,,0.4267696129390021,,0.7360821050290084,,0.86820198711975,,0.9581389861520812,,0.8735200432455408,
571.3198708496926,421.21979999999996,0.7031164765357971,Unknown,3.3579609924284903,3.333187117134719,3.544568585206301,3.9833397381144278,0.024773875293771397,-0.6253787456859374,-0.6501526209797088,0.9185344693815767,,0.17490569068505246,,0.14855196276101115,,0.9954021650632178,,0.9341936111129959,,0.7373372735493757,
571.78251424128,330.6719,0.791653037071228,Unknown,3.8598938289973588,4.194050648618813,4.260819624697081,4.48267971318113,-0.33415681962145394,-0.6227858841837715,-0.2886290645623175,0.5980969085039765,,0.37367361658926235,,0.3306929566782922,,0.9142159978346233,,0.9341936111129959,,0.8487007823724386,
572.144964123583,502.4503636363637,0.9642350077629089,Haloperidol glucuronide,4.422423924788178,4.237182015234328,4.387712028179387,4.50785021076316,0.18524190955384956,-0.08542628597498236,-0.2706681955288319,0.42634185847435024,,0.2841920156271921,,0.2856024400957588,,0.8890951892318769,,0.9341936111129959,,0.8191269103859745,
572.2068390887717,43.712909090909086,0.9323027729988098,Unknown,3.6102511533713444,3.9324141986284773,4.076765599065727,4.06056637007955,-0.3221630452571329,-0.4503152167082054,-0.1281521714510725,0.3874956833329548,,0.332559406836077,,0.8104586274821304,,0.8662226401476409,,0.9670301754768821,,0.8288527624284971,
572.4820144069301,449.4531,0.8658442497253418,Unknown,3.702513683039752,3.498351826405097,3.7900437323103757,3.367245753007142,0.20416185663465525,0.33526793003261,0.13110607339795477,0.44928790942083047,,0.3586149989344094,,0.6002271279030049,,0.8890951892318769,,0.9456878731807212,,0.8457179855678237,
573.1894082378299,283.5770909090909,0.7451061010360718,Unknown,3.150201904876891,3.309117148435862,3.6128180231567617,3.2400381451596125,-0.15891524355897113,-0.08983624028272175,0.06907900327624938,0.17248620358710198,,0.6442704575528018,,0.7242155239139705,,0.7722656567258852,,0.9581389861520812,,0.917668691528113,
573.2300195265524,409.70790909090914,0.9639127850532532,Unknown,4.221615360098728,4.201713795096779,4.2067518491112885,4.4464080247844775,0.019901565001948285,-0.22479266468574988,-0.24469422968769816,0.9568783638440646,,0.0013377476601793598,,0.519373300406266,,0.9954021650632178,,0.9375398401843495,,0.1595815416303236,
573.9909039998669,303.8723333333333,0.5892490148544312,Unknown,2.605520410045346,2.4756942307035934,3.5315209090900623,2.831658383076727,0.12982617934175256,-0.22613797303138083,-0.3559641523731334,0.29254307875668245,,0.20323569320520604,,0.1003002951185802,,0.8445830223866468,,0.9341936111129959,,0.7607065471326157,
576.3326322820618,275.7502222222222,0.5165032744407654,Unknown,3.6937355723252367,4.121523061674901,4.583205448491556,3.984387357511222,-0.4277874893496638,-0.2906517851859851,0.1371357041636787,0.5588000393167627,,0.5160598362174368,,0.8314951261945829,,0.9072925006558107,,0.9670301754768821,,0.8791579978112207,
577.4952001879373,43.50945454545454,0.8608500957489014,Unknown,3.7623652758381936,3.8175415493450124,3.8118915136673044,3.494212962320697,-0.05517627350681886,0.2681523135174966,0.32332858702431544,0.8929153133473622,,0.49993723092489845,,0.17481252895702984,,0.9954021650632178,,0.9341936111129959,,0.8791579978112207,
578.3243527968409,273.217,0.7995176911354065,Unknown,4.614128989283662,4.161678400023134,5.076205570634006,4.041771895740776,0.45245058926052817,0.5723570935428857,0.1199065042823575,0.49047208254768593,,0.4251098228209153,,0.6811924088556606,,0.8969592270190967,,0.954391917600169,,0.8735200432455408,
578.5915302907945,290.6616363636364,0.8970398306846619,Unknown,3.5578125579570297,3.3587621925695927,3.7277153904572558,3.720336783182883,0.19905036538743692,-0.1625242252258534,-0.36157459061329034,0.5968586236625428,,0.7328689380962894,,0.3692738923244838,,0.9142159978346233,,0.9341936111129959,,0.9324029462115769,
579.4348150889697,510.04830000000004,0.8626865148544312,Unknown,5.01507476143423,4.527331354587087,4.461444737331928,4.7429411944413635,0.4877434068471427,0.27213356699286617,-0.2156098398542765,0.21085704935248495,,0.44382117094781987,,0.07092686402596175,,0.7975119100181354,,0.9341936111129959,,0.8735200432455408,
579.6007653258899,355.5103333333334,0.62196284532547,Unknown,3.1643868738821475,3.0931786900131013,3.194533057002339,3.2528289403695623,0.07120818386904615,-0.08844206648741482,-0.15965025035646097,0.7709726298006727,,0.6537408374992303,,0.46660496201964835,,0.9693889862128761,,0.9343252415096033,,0.9181961937818626,
580.0582047465977,409.6962727272727,0.9580374956130981,Celecoxib glucuronide,5.374360502852696,5.023009867722386,5.247527600674667,5.245072030345727,0.3513506351303102,0.1292884725069685,-0.22206216262334166,0.20402941402478522,,0.019924152876806354,,0.38849398309010535,,0.7967966888619453,,0.9341936111129959,,0.44456914791582347,
580.2618326665587,291.2659090909091,0.9607335925102234,Unknown,3.869554990035344,4.189776875595938,3.6615382667337517,4.3524025362598024,-0.3202218855605943,-0.4828475462244586,-0.1626256606638643,0.46570757145284974,,0.27512828789178423,,0.2541925728214468,,0.8969592270190967,,0.9341936111129959,,0.8186638975532324,
580.5881642480508,494.0541,0.832503080368042,Unknown,3.2121041042435947,3.4032169148039433,3.8735313140819128,3.830504295957251,-0.19111281056034857,-0.6184001917136563,-0.4272873811533078,0.636710293005518,,0.031670259209718436,,0.26029846921483707,,0.9278421372278289,,0.9341936111129959,,0.5554592048275364,
580.6397062446161,44.558181818181815,0.9713873863220215,Unknown,4.223580227359524,4.8318950880805085,5.4522945691542475,4.278066337670871,-0.6083148607209843,-0.054486110311346536,0.5538287504096377,0.5561812353442654,,0.9541487340123527,,0.6133490687800187,,0.9072925006558107,,0.9473601346999241,,0.9941310504479282,
580.8132749215715,273.22845454545455,0.8652179837226868,Unknown,4.819893934278262,4.545287584489472,4.587845125827998,5.263214080489797,0.2746063497887903,-0.44332014621153437,-0.7179264960003247,0.7242873963258312,,0.19123934600159773,,0.34377156062333025,,0.9585152349227432,,0.9341936111129959,,0.7496873221583545,
580.9077181607109,376.5147999999999,0.8661049604415894,Unknown,3.8338161769729666,3.9777871346606624,3.9763651151686306,4.1453053672861735,-0.14397095768769574,-0.3114891903132069,-0.16751823262551113,0.35553308005834733,,0.003967537033566029,,0.30938933189404577,,0.8616961145239895,,0.9341936111129959,,0.20269033696022837,
581.9076155427451,510.99850000000004,0.8126944899559021,Unknown,3.6411454794598357,3.7658644455509616,4.324344996380251,3.8147753842767465,-0.12471896609112587,-0.17362990481691076,-0.04891093872578489,0.7445289240857496,,0.6418777768824225,,0.6508166118475929,,0.9646675789076422,,0.954391917600169,,0.917668691528113,
582.1912431141596,524.6923333333334,0.6163561344146729,Unknown,3.2666750750428535,3.201894909309862,3.6508253836064393,3.1966043281578327,0.06478016573299161,0.0700707468850208,0.0052905811520291834,0.8599158527193314,,0.8489716468597732,,0.9707456091606892,,0.9954021650632178,,0.9953426349734461,,0.9563914558871437,
583.5940430259749,144.60381818181816,0.7876589894294739,Unknown,2.9533599977026284,3.5379437010811228,3.262825820041783,3.520867856840656,-0.5845837033784944,-0.5675078591380278,0.017075844240466598,0.1033388301330158,,0.13749486502137406,,0.9315130376836716,,0.7277636160222334,,0.9921208594574054,,0.7224764368020604,
583.9356301846884,61.10790909090909,0.8831387758255005,Unknown,3.1465410711954367,3.1956703655681777,3.347689721720452,3.3742241961075603,-0.04912929437274105,-0.2276831249121236,-0.17855383053938256,0.8736926100126994,,0.25762808871305837,,0.5892994526883919,,0.9954021650632178,,0.9456878731807212,,0.8051269092036252,
584.6305924731776,414.1281818181818,0.9097515940666199,Unknown,3.635924731190253,3.8709763360895377,3.719161395692547,4.189999921169594,-0.23505160489928478,-0.5540751899793412,-0.31902358508005646,0.012520662782603845,,0.002555467930812616,,0.02598020762195274,,0.3674558186250609,,0.8899859596062306,,0.20269033696022837,
585.0645966519392,413.48240000000004,0.8039489984512329,Unknown,3.6331951031871808,3.4808184178500494,3.7000476130559847,3.7087171573282163,0.15237668533713133,-0.07552205414103552,-0.22789873947816686,0.5970100186373074,,0.7709893763974502,,0.11389975799190671,,0.9142159978346233,,0.9341936111129959,,0.946297675078299,
585.3325002222308,480.75172727272735,0.9454830288887024,Unknown,3.6392564797417415,3.5028625776302156,3.51137067974567,3.777331435448124,0.1363939021115259,-0.1380749557063825,-0.2744688578179084,0.18611819908675103,,0.5521398756295679,,0.28716599778363794,,0.7910596106091796,,0.9341936111129959,,0.8844087084608109,
585.4069881902977,40.32654545454545,0.9721629023551941,Unknown,4.07654601715417,3.926683678747827,4.084517345146434,3.7923608457430453,0.1498623384063431,0.28418517141112476,0.13432283300478165,0.45322662670151853,,0.3352220941587093,,0.564419598453785,,0.8890951892318769,,0.9439759149311477,,0.8309605221799807,
585.441066365705,37.87072727272727,0.9217018485069275,Unknown,3.6514815022570315,3.9019630846248234,3.1519781594731358,3.656346318448468,-0.25048158236779194,-0.004864816191436638,0.2456167661763553,0.5177125738461864,,0.9903686702317,,0.5333050895559626,,0.8986119382783423,,0.9417182934407179,,0.9987507752554117,
585.5283124127011,419.7916,0.6234107613563538,Unknown,3.4069391960803332,3.0985165903685092,3.400380139611885,3.1487495570866213,0.308422605711824,0.25818963899371195,-0.05023296671811206,0.40274534304389803,,0.5210140995758059,,0.9083537906042243,,0.8791755365438821,,0.9872576329935797,,0.8791579978112207,
585.5987185008139,36.2493,0.6819828748703003,Unknown,3.1510914695579206,4.249235678451884,2.975275679895144,3.121235836915574,-1.098144208893963,0.029855632642346475,1.1279998415363095,0.32590275282836,,0.9359053979272881,,0.3162476746043979,,0.8500724613931757,,0.9341936111129959,,0.9881397493733067,
586.4355263337545,286.88045454545454,0.9235188364982605,Unknown,3.6481397431104354,3.508632681613052,3.624195185632661,3.5963204861562197,0.13950706149738323,0.05181925695421574,-0.08768780454316749,0.18255395225720625,,0.5091522633514806,,0.45677821175413613,,0.7870374419187873,,0.9341936111129959,,0.8791579978112207,
586.7553289408617,484.6642999999999,0.8472709059715271,Unknown,4.0727612613933415,3.1278053408745765,3.9971098553405064,3.3725798194992507,0.944955920518765,0.7001814418940908,-0.24477447862467416,0.03434726498373305,,0.20253033575229723,,0.6002548625340041,,0.5465623686447973,,0.9456878731807212,,0.7607065471326157,
588.2006656635785,276.64909090909083,0.8495674133300781,Unknown,3.7062624560208355,3.465093164761372,3.4517445851629787,4.066166455068952,0.2411692912594634,-0.35990399904811676,-0.6010732903075802,0.2930704214648029,,0.6110926357597719,,0.4091910578780877,,0.8445830223866468,,0.9341936111129959,,0.9038550209038823,
588.2069406660642,295.9070909090909,0.9007989168167114,Unknown,3.5529732678528916,3.5893331383618903,3.5273915349199054,3.3685605585585896,-0.03635987050899869,0.18441270929430198,0.22077257980330067,0.9093242638638457,,0.610607913443405,,0.3790290608713757,,0.9954021650632178,,0.9341936111129959,,0.9038550209038823,
588.402917571529,313.8602,0.6982671618461609,Unknown,3.1206374179906384,3.099501233071585,3.6301851703495642,3.2734727574347455,0.021136184919053225,-0.1528353394441071,-0.17397152436316032,0.9464063848391275,,0.6220496734862206,,0.07669037739858314,,0.9954021650632178,,0.9341936111129959,,0.9085828744115507,
589.2154095975814,373.59369999999996,0.8207924365997314,Unknown,2.705095251776291,3.057915010880413,3.2255390662796053,3.2866908614401438,-0.352819759104122,-0.5815956096638528,-0.22877585055973082,0.3091262724666513,,0.10107801734455621,,0.47035146732957667,,0.8472520550068383,,0.9343252415096033,,0.6706104302567856,
589.3092353823984,439.6602,0.8703417181968689,Unknown,3.854171947323126,3.8647099085737984,3.848102669382464,3.738949207616766,-0.01053796125067219,0.11522273970636032,0.1257607009570325,0.9659427196866106,,0.5330453431886752,,0.4812088888475852,,0.9954021650632178,,0.9343252415096033,,0.8830852417684185,
589.8314551965865,496.3185555555556,0.747368574142456,Unknown,3.9333898724713268,3.8334510553473513,3.932175139088063,4.432348368770978,0.09993881712397545,-0.4989584962996516,-0.5988973134236271,0.6231248194697014,,0.04122038586372739,,0.002974748828019187,,0.9191625517023703,,0.3608195343162096,,0.5678883008262753,
590.5263104908225,308.8325454545455,0.9331745505332947,Unknown,3.111155421502096,3.3742282612647614,3.5116680793362383,3.2384037759315945,-0.2630728397626654,-0.12724835442949844,0.13582448533316693,0.41720321358285894,,0.5604303407575432,,0.6592507964399619,,0.8890951892318769,,0.954391917600169,,0.886201965216299,
592.1421174588553,335.90488888888893,0.578700602054596,Unknown,3.418650978468797,3.200584016836966,4.2168207770427895,3.5691064598171884,0.21806696163183092,-0.15045548134839137,-0.3685224429802223,0.4398080160963338,,0.5581404911873176,,0.2052646298878217,,0.8890951892318769,,0.9341936111129959,,0.8854085614790521,
592.7214359671591,43.72681818181819,0.9038789868354797,Unknown,3.7389037434312073,3.8465022989926134,3.7285855344121868,3.909804446013974,-0.10759855556140607,-0.17090070258276668,-0.06330214702136061,0.770270527888649,,0.6722237934579679,,0.8558724788603386,,0.9693889862128761,,0.9720975361780841,,0.9195697788067687,
593.0414859173801,56.03409090909091,0.8317896723747253,Unknown,3.3549453571357843,4.0520991934243495,3.2175277134393796,3.2186611589936547,-0.6971538362885652,0.13628419814212966,0.8334380344306949,0.1430561497955101,,0.5794492925989734,,0.07279360996907683,,0.7393027089682752,,0.9341936111129959,,0.8969345767285403,
593.720141189933,357.6222222222222,0.7318178415298462,Unknown,3.2767562542685678,3.3254511871583428,3.4801227055104684,3.4156301758220544,-0.048694932889775,-0.13887392155348666,-0.09017898866371166,0.8699475284988046,,0.6553992951578189,,0.7158274779363776,,0.9954021650632178,,0.9581389861520812,,0.9187174348167387,
594.4007678284443,282.7532,0.6302980780601501,Unknown,3.602461432736103,2.954520324940159,3.4365727754865167,3.2538861431250825,0.647941107795944,0.34857528961102036,-0.2993658181849237,0.2431949696177768,,0.5409539274268809,,0.31310799219652435,,0.8079920173605784,,0.9341936111129959,,0.8844087084608109,
595.4038877547424,327.90290000000005,0.7931583523750305,Unknown,4.042208954168778,4.465739851416882,4.527229211380304,4.781171768732114,-0.4235308972481038,-0.7389628145633358,-0.315431917315232,0.6234097413556381,,0.3939047997141976,,0.30250478413928367,,0.9191625517023703,,0.9341936111129959,,0.862133777309593,
595.9337524370723,290.0471818181818,0.9115055203437805,Unknown,3.923947375530076,3.63443521650696,3.7839869152001366,4.475896466373059,0.2895121590231158,-0.5519490908429829,-0.8414612498660987,0.6219687005699062,,0.20583511492063486,,0.10850047122536727,,0.9191625517023703,,0.9341936111129959,,0.7607065471326157,
596.3024212499062,487.7138,0.8081511855125427,Unknown,3.5487641219939055,3.291693857188825,3.5108195580149415,2.9952925970353608,0.25707026480508066,0.5534715249585447,0.296401260153464,0.2536722344325857,,0.09336795922219926,,0.29224501042531886,,0.8134870099533308,,0.9341936111129959,,0.6594525298454849,
596.3335120386469,44.68518181818182,0.9904699921607971,Unknown,5.611009043257184,5.64187565272221,5.696807415009027,5.595281070514772,-0.030866609465026507,0.015727972742412,0.046594582207438506,0.8087586007421597,,0.8812338997591176,,0.7074909402011295,,0.9803976711543582,,0.9581389861520812,,0.9639810616993636,
596.8722920938726,443.2342,0.7783265113830566,Unknown,2.996001645710495,3.161409679908457,3.352895350732379,3.4130695511523235,-0.16540803419796202,-0.4170679054418285,-0.25165987124386646,0.6256988498237248,,0.22243478870003433,,0.1311767644611647,,0.9209072293622559,,0.9341936111129959,,0.7760753541446206,
597.3206220633482,48.427125000000004,0.5279188752174377,Unknown,3.4038154045416373,3.9043219587719182,3.7450424735672723,3.4489187697541923,-0.5005065542302809,-0.04510336521255498,0.4554031890177259,0.2966962152499606,,0.7981857613265568,,0.3676956477896895,,0.8461792473657245,,0.9341936111129959,,0.9484584234184341,
597.7608966512372,334.30436363636363,0.9544183015823364,Unknown,4.740705278953288,4.174972620385389,3.908478409319887,4.578338557559181,0.5657326585678994,0.16236672139410757,-0.4033659371737919,0.2514601022437481,,0.6808981812325607,,0.14597445500619266,,0.8114408933123765,,0.9341936111129959,,0.9195697788067687,
598.116201267815,411.5401818181818,0.952060878276825,Unknown,4.267319307376485,3.792425787043875,3.9081090440855353,3.98238874858033,0.4748935203326097,0.2849305587961548,-0.18996296153645487,0.0010590794636521131,,0.03695131423377057,,0.07454599340711111,,0.13776417559899864,,0.9341936111129959,,0.5602471319855509,
598.1855362960638,424.8456,0.8035323619842529,Unknown,3.563467911058041,3.2243438747918756,3.257423184814797,3.6322157838419558,0.3391240362661656,-0.06874787278391459,-0.4078719090500802,0.014476286502754948,,0.7076183748688165,,0.09312402809940609,,0.3722628100804855,,0.9341936111129959,,0.9237915489206803,
598.7209693637119,32.4476,0.8941028118133545,Unknown,4.277500179729938,3.8563384709017754,3.9250875684717195,3.735134162058085,0.42116170882816295,0.5423660176718532,0.12120430884369027,0.21525489463811986,,0.08767748691840728,,0.7493675512801666,,0.7979466639025367,,0.9621697557564429,,0.6594525298454849,
599.8204381861246,44.198,0.9362334609031677,Unknown,3.923916880804589,3.8111639013174767,3.590985543076945,4.001052319572884,0.11275297948711227,-0.0771354387682952,-0.18988841825540748,0.7624358484372584,,0.7136607034877887,,0.6577243010339633,,0.9680849820974129,,0.954391917600169,,0.9272642536810461,
601.5351752722586,376.53550000000007,0.6598718762397766,Unknown,3.4554548474634026,3.4498042794459516,3.6171095954839014,3.3687797476319936,0.0056505680174510076,0.08667509983140897,0.08102453181395797,0.982580969554041,,0.8097618405465554,,0.8315929637674248,,0.9954021650632178,,0.9670301754768821,,0.9526888772293054,
601.6501322044337,307.60545454545456,0.8493680357933044,Unknown,3.4771384187501124,3.4101977817702807,2.977501547868166,3.1898031510634812,0.06694063697983177,0.2873352676866312,0.22039463070679943,0.8149377344124975,,0.37004049710670534,,0.2215775638195562,,0.9803976711543582,,0.9341936111129959,,0.8486879142198621,
601.8263327141678,150.24854545454545,0.614804744720459,Unknown,3.1507833307184647,3.411109535974798,3.131209622470772,3.0768170368449606,-0.2603262052563333,0.07396629387350417,0.3342924991298375,0.36292068853706705,,0.6947044502910555,,0.32573447979361403,,0.8659389361669497,,0.9341936111129959,,0.9200260606937422,
602.5740917382906,473.6455555555555,0.6484918594360352,Unknown,3.092250157920899,3.501663336367475,3.4220474970336268,3.2451789866030647,-0.409413178446576,-0.15292882868216573,0.25648434976441026,0.49520795808469487,,0.5880173166324597,,0.6534675885060404,,0.8969592270190967,,0.954391917600169,,0.9001423213779747,
604.0458367243488,268.6865,0.808406412601471,Unknown,3.4593076031338157,3.7308319607130955,3.805299607969042,3.895149544049674,-0.27152435757927984,-0.4358419409158585,-0.16431758333657864,0.3724032996021692,,0.1620089787234973,,0.16846633987861825,,0.8659389361669497,,0.9341936111129959,,0.7373372735493757,
604.3441764772659,409.3378181818182,0.8247473239898682,Unknown,3.9706991280687514,3.676572769162826,3.5183879529641446,3.654877693469478,0.2941263589059253,0.31582143459927314,0.02169507569334783,0.0488265953495179,,0.15142317242247447,,0.9207378683621571,,0.6047393306865833,,0.9891073250224165,,0.7351711427863571,
604.9367978251302,45.53033333333333,0.6747104525566101,Unknown,3.2479643639026445,3.5577731022694175,3.3736081893548544,3.044544121369728,-0.3098087383667729,0.20342024253291635,0.5132289808996893,0.11565339121790037,,0.4046090754579534,,0.061888819456749074,,0.7277636160222334,,0.9341936111129959,,0.8665916804462865,
604.9766199032578,503.6914,0.8000126481056213,Unknown,3.528643948314025,3.4191319621254834,3.3827861126535144,3.5033520948231636,0.10951198618854141,0.02529185349086127,-0.08422013269768014,0.5029271737453738,,0.9083125678302213,,0.742366876525846,,0.8969592270190967,,0.9603265366350655,,0.9744747736034944,
605.4803624064264,481.60312500000003,0.6190329194068909,Unknown,3.5841713701157474,3.5743601055896037,3.7263685770474506,3.740819781453402,0.00981126452614367,-0.15664841133765472,-0.1664596758637984,0.9531242219359264,,0.406376240615049,,0.5057097189016759,,0.9954021650632178,,0.9375398401843495,,0.8665916804462865,
605.9101497046422,358.37109999999996,0.8620921969413757,Unknown,3.9248929087604654,3.7992316481347266,3.8994513478647743,3.834796198344005,0.1256612606257388,0.09009671041646028,-0.03556455020927851,0.47363559791228044,,0.6403250937027178,,0.8717746541195904,,0.8969592270190967,,0.974808002265388,,0.917547146084089,
606.1408335606791,358.6343,0.7460981011390686,Unknown,3.3278202163938033,3.444753747610037,3.9095642959666406,3.5546008404907035,-0.11693353121623362,-0.22678062409690014,-0.10984709288066652,0.7681758571100424,,0.6257209245666162,,0.7805994229880867,,0.9693889862128761,,0.9667220674675763,,0.908617286236875,
606.1655987567248,471.96236363636365,0.9690224528312683,Unknown,6.628787977500029,5.868431156192293,6.448314196221872,6.3920221391686445,0.7603568213077363,0.23676583833138487,-0.5235909829763514,0.20110293969574164,,0.0024485671872744564,,0.35204623507007016,,0.7967966888619453,,0.9341936111129959,,0.20269033696022837,
606.6312898893468,331.1883333333333,0.6532083749771118,Unknown,3.1474142299706975,3.414300044999887,3.5410677245617785,3.2119869765198126,-0.2668858150291893,-0.06457274654911505,0.20231306848007424,0.6738566369640058,,0.7210498416204816,,0.7550445841989484,,0.9435993578504407,,0.9621697557564429,,0.9294353092991543,
606.6614946953179,451.15185714285707,0.547683835029602,Unknown,2.976874134996397,3.008682153839729,3.170346378033657,3.0301217956962887,-0.03180801884333162,-0.05324766069989151,-0.021439641856559888,0.8996819701041742,,0.8397113038874142,,0.8984886026080705,,0.9954021650632178,,0.9837408470732024,,0.9563914558871437,
608.2852760308399,39.338727272727276,0.946757972240448,Unknown,3.678052916443478,3.5059298934447654,3.8591561932556147,3.28450610352195,0.17212302299871274,0.39354681292152804,0.2214237899228153,0.4668089883398348,,0.32532984658548575,,0.5957736462710232,,0.8969592270190967,,0.9456878731807212,,0.8288527624284971,
608.8021954572527,410.92545454545456,0.9459537267684937,Unknown,4.816489506947123,4.506002222290751,4.469647692486556,4.275194049515492,0.31048728465637243,0.5412954574316311,0.23080817277525867,0.017461693082495955,,0.06825162650833404,,0.37423416471637544,,0.387208668927478,,0.9341936111129959,,0.6265958193010359,
609.3051284475752,59.86945454545453,0.7925349473953247,Unknown,3.2035191000174468,3.335141545007273,3.1961378558488835,3.5135868847258442,-0.131622444989826,-0.31006778470839746,-0.17844533971857146,0.11752923575916767,,0.36864864886950244,,0.5834972279459983,,0.7277636160222334,,0.9456878731807212,,0.8486879142198621,
610.3736821208288,269.2205,0.8137005567550659,Unknown,3.679173619316606,3.2801954374722655,3.3336652812853655,3.9985148588079773,0.39897818184434053,-0.3193412394913713,-0.7183194213357118,0.2769703720394642,,0.31317857733306526,,0.010513858703793016,,0.8301059696880452,,0.6748926030137602,,0.8258691109022972,
610.6880192295438,505.3229999999999,0.51778244972229,Unknown,4.3299655267086585,3.8991517388887793,3.8477199360037737,4.038255065001735,0.4308137878198792,0.2917104617069235,-0.13910332611295573,0.012901391352441388,,0.08155052841207364,,0.2828392061229755,,0.3674558186250609,,0.9341936111129959,,0.6594525298454849,
610.9225571418798,303.2238888888889,0.6070981025695801,Unknown,2.6145113189997544,3.0078919996437237,2.912386916772423,3.180990356025782,-0.39338068064396925,-0.5664790370260278,-0.1730983563820585,0.2007162665054354,,0.10295362393895044,,0.5010248534645382,,0.7967966888619453,,0.9375398401843495,,0.6706104302567856,
611.0643848387493,76.38233333333334,0.5164686441421509,Unknown,3.194739091606195,3.353278963876614,3.2071047269944497,3.4969237785265705,-0.1585398722704192,-0.3021846869203757,-0.1436448146499565,0.6907969567010536,,0.5277841230098377,,0.6857671619143719,,0.9453373220162753,,0.9567333476775608,,0.8812071754220934,
611.1435841977838,525.6263636363637,0.962215006351471,Glutathione (oxidized);Oxidized glutathione;L-Glutathione (o,6.248397067496625,4.944896624069566,5.691490682311631,5.289932316076722,1.3035004434270592,0.9584647514199025,-0.34503569200715667,0.09087896079417233,,0.0121665535446844,,0.5685829710691006,,0.7046230338559829,,0.9439759149311477,,0.3436634713580717,
611.453422859571,283.2812,0.6976563334465027,Unknown,3.5531174405269534,3.353483702755167,3.507213901166509,3.371414908159256,0.19963373777178628,0.1817025323676975,-0.017931205404088768,0.6878575261088117,,0.7044972258692108,,0.9669805399015835,,0.9453373220162753,,0.9953426349734461,,0.9235989591949826,
612.1045403762078,414.90912499999996,0.6381615400314331,Unknown,3.974524322010216,3.8391093154242415,3.341140570731155,3.8656198247897557,0.1354150065859745,0.10890449722046025,-0.026510509365514245,0.552786602749265,,0.6931374747666494,,0.939142739320123,,0.9072925006558107,,0.9921208594574054,,0.9196792731614726,
612.5872717065544,478.7189090909091,0.9223858118057251,Unknown,4.317740459571751,3.595422231749937,4.217578528754557,4.116108071363687,0.7223182278218139,0.20163238820806395,-0.5206858396137499,0.12589257041924137,,0.4067839080745817,,0.17292960416646205,,0.7304273081055243,,0.9341936111129959,,0.8665916804462865,
613.418407827658,45.422999999999995,0.973406195640564,Unknown,3.97857343231502,4.437016342020441,4.497882872159558,4.360304976864974,-0.458442909705421,-0.38173154454995384,0.07671136515546717,0.3474565539192239,,0.4849094490448291,,0.8747037957445616,,0.8616961145239895,,0.974808002265388,,0.8740973647230489,
613.692302516012,374.2523,0.85719233751297,Unknown,4.122182149208965,4.33878678585157,4.029886602637199,4.524805935478756,-0.21660463664260554,-0.4026237862697917,-0.18601914962718613,0.4914526954554269,,0.21236926404047385,,0.16783427147359686,,0.8969592270190967,,0.9341936111129959,,0.7610393806327458,
613.8453636886534,44.19718181818181,0.8762933015823364,Unknown,3.758224143562881,3.753182284208389,3.732795364967687,3.8260410800849036,0.005041859354491862,-0.0678169365220227,-0.07285879587651456,0.9792280647716195,,0.45463091758564317,,0.7324294965003342,,0.9954021650632178,,0.9581389861520812,,0.8740973647230489,
615.341660643146,123.9369,0.5601310729980469,Unknown,3.0455293579059686,3.306551173748358,3.101125153306831,3.285551007511035,-0.2610218158423896,-0.24002164960506622,0.02100016623732337,0.20373044690792524,,0.369137698616895,,0.9428238878545319,,0.7967966888619453,,0.9921208594574054,,0.8486879142198621,
615.4965119018826,283.0981818181818,0.9111480116844177,Unknown,4.002582797607939,3.4997269571419385,3.305742606552796,3.8932157264074667,0.5028558404660006,0.1093670712004724,-0.3934887692655282,0.2789155597217735,,0.7949903937708959,,0.07318827086600943,,0.8305968085542698,,0.9341936111129959,,0.9484584234184341,
615.5410012389123,487.17600000000004,0.7220021486282349,Unknown,3.1839690885936442,3.2058562513642497,3.600693726421514,3.4357878856778172,-0.02188716277060543,-0.251818797084173,-0.22993163431356756,0.9537784312193589,,0.549172995933328,,0.5509771120417275,,0.9954021650632178,,0.9439759149311477,,0.8844087084608109,
616.4645413534043,43.99781818181818,0.71575528383255,Unknown,3.914432657666817,3.720858392709625,4.187658930401952,3.7795775746630436,0.1935742649571921,0.13485508300377358,-0.05871918195341852,0.434169086720283,,0.5648046005714573,,0.642792769482309,,0.8890951892318769,,0.9536533451648531,,0.890387680717389,
617.6972378125807,290.1157,0.7645270228385925,Unknown,3.2296613831774166,3.639114654075582,3.56949909066439,3.0393731838001266,-0.4094532708981653,0.19028819937729002,0.5997414702754553,0.5416938313675632,,0.6794933730029853,,0.25694736304341126,,0.9072925006558107,,0.9341936111129959,,0.9195697788067687,
619.478201634387,442.5155555555556,0.7585964202880859,Unknown,3.6927917447969048,3.844756580091117,3.266445576896005,3.7696012938025167,-0.15196483529421245,-0.07680954900561199,0.07515528628860046,0.45479037514695897,,0.6449261387631919,,0.7327686860868785,,0.8895603752942621,,0.9581389861520812,,0.917668691528113,
619.6771698941878,57.66518181818182,0.8580543398857117,Unknown,3.1205345330326626,3.546756303219794,3.2078218447300513,3.188381215963314,-0.42622177018713137,-0.06784668293065144,0.35837508725647993,0.1408567760999034,,0.6650933835540479,,0.1841581079248046,,0.7393027089682752,,0.9341936111129959,,0.919454692032388,
619.6932900262982,285.77554545454547,0.9403238296508789,Unknown,3.6317983429020484,3.39109884607621,4.300300886644088,4.231126659487738,0.24069949682583847,-0.5993283165856895,-0.840027813411528,0.4354187324488436,,0.13168612414804057,,0.010888045539574148,,0.8890951892318769,,0.6748926030137602,,0.7108524839327347,
619.6941081302969,358.90400000000005,0.8685985207557678,Unknown,4.153285077281101,4.120518648265985,3.5729894279050614,4.166081471251989,0.032766429015116394,-0.01279639397088772,-0.045562822986004115,0.8943535405965484,,0.9614270717813932,,0.8605333966045254,,0.9954021650632178,,0.9733275451767794,,0.9946799654543693,
620.0929720011436,319.92955555555557,0.5124139189720154,Unknown,2.95017965845785,3.2482717419954734,3.6209196919989752,3.621825834397652,-0.2980920835376235,-0.6716461759398022,-0.37355409240217874,0.05063132629046891,,0.11091694591571309,,0.33862564569332665,,0.6105368117599234,,0.9341936111129959,,0.6881210654511394,
620.798091735619,326.84659999999997,0.8155540227890015,Unknown,3.7111183086274937,4.1798243254373615,4.007931665091058,4.2257093625058575,-0.4687060168098678,-0.5145910538783638,-0.045885037068496004,0.30127806907420174,,0.1615677404462303,,0.9270314924007692,,0.8472520550068383,,0.9914621044244741,,0.7373372735493757,
620.9631862132092,418.2620909090909,0.8492299318313599,Unknown,3.042120725563795,3.4426620883321863,2.9673142297841855,2.8906196949232297,-0.40054136276839136,0.1515010306405653,0.5520423934089567,0.3067961776060029,,0.4523183302864033,,0.20236249911696338,,0.8472520550068383,,0.9341936111129959,,0.8740973647230489,
621.3942405884764,332.3628181818182,0.9682859778404236,Unknown,4.565075818266131,3.86568971396235,4.246292295869351,4.839053061150481,0.6993861043037808,-0.2739772428843503,-0.9733633471881311,0.10739432468148988,,0.05258955285747804,,0.04040590261783576,,0.7277636160222334,,0.9341936111129959,,0.6117935649074577,
621.4831023418712,387.33181818181816,0.7885686159133911,Unknown,3.488963447073825,4.574511748416238,5.045513452405949,4.97266834470977,-1.0855483013424125,-1.4837048976359446,-0.39815659629353206,0.26735952787413664,,0.15182807144421923,,0.6965132790728111,,0.8183113333371448,,0.9575520026139989,,0.7351711427863571,
621.8016035074459,410.8161818181818,0.9480406045913696,Unknown,4.9420909090021965,5.2743158566664095,4.984146512027443,5.059999086387754,-0.33222494766421296,-0.1179081773855577,0.21431677027865526,0.215942905623809,,0.178362035442519,,0.3997478755200436,,0.7979466639025367,,0.9341936111129959,,0.7373372735493757,
621.8358917299951,368.95680000000004,0.6369714140892029,Unknown,3.6963455213079413,3.7788338812654385,3.376908648480301,3.346260417891917,-0.08248835995749726,0.35008510341602417,0.4325734633735214,0.8128770082067753,,0.4281854822447558,,0.3805922649919178,,0.9803976711543582,,0.9341936111129959,,0.8735200432455408,
623.4978621949191,42.9810909090909,0.9539176821708679,Unknown,3.9390599694036013,3.7747805750566656,3.874427431590382,3.2778929679283784,0.16427939434693561,0.6611670014752229,0.4968876071282873,0.49641596046958325,,0.056212450496562365,,0.14173400178812942,,0.8969592270190967,,0.9341936111129959,,0.6117935649074577,
625.3553953515061,292.9745454545455,0.8961641788482666,Unknown,2.996723438904928,3.077194090178878,3.048387362344488,3.0258232507251357,-0.08047065127394992,-0.02909981182020749,0.051370839453742434,0.7286228196337521,,0.8458650395081606,,0.8094423895747014,,0.9598029087101473,,0.9670301754768821,,0.9563914558871437,
625.6904960194277,53.1472,0.6033130884170532,Unknown,3.4463784600518133,3.21948934092009,3.464568162524044,3.262061428202974,0.22688911913172305,0.18431703184883919,-0.042572087282883864,0.7167979429645591,,0.7471063373764277,,0.880869872642524,,0.9541880945080187,,0.976306997818268,,0.9356971188064506,
626.0001011981204,42.37645454545454,0.9850748181343079,Unknown,3.5563313491414945,3.502647833998767,3.762274497858437,3.9023303778688594,0.05368351514272751,-0.3459990287273649,-0.3996825438700924,0.6762352689059968,,0.031786705222914304,,0.00344649533947267,,0.9435993578504407,,0.3740354415785603,,0.5554592048275364,
627.0050772057139,32.4336,0.8263118863105774,Unknown,4.188428489178789,3.9806960198362216,4.442388705494181,3.8394669732053237,0.2077324693425675,0.34896151597346536,0.14122904663089786,0.6720940596730124,,0.5518710970998606,,0.7793170342831064,,0.9435993578504407,,0.9667220674675763,,0.8844087084608109,
627.6922963546293,472.0810000000001,0.9464089274406433,Unknown,4.433899031104284,3.965366002388864,3.5437264855935497,4.108216533139175,0.4685330287154197,0.32568249796510873,-0.14285053075031096,0.03061572084131111,,0.0014704409752551641,,0.3835473554840683,,0.5174591005767843,,0.9341936111129959,,0.1595815416303236,
627.8505180619412,43.240272727272725,0.9322988986968994,Unknown,3.7516830533373056,3.675220875948529,4.004848761133591,3.791925650179016,0.07646217738877636,-0.04024259684171039,-0.11670477423048675,0.7786651804376943,,0.8614945847985142,,0.6456353394035572,,0.9719392763225705,,0.9536533451648531,,0.9593662838515993,
627.9565252885512,272.0186,0.754483163356781,Unknown,3.434168404660747,3.030685925209991,3.3629711461332845,3.359611870483551,0.4034824794507559,0.07455653417719565,-0.3289259452735602,0.027764014402515337,,0.3801429116536685,,0.0283124523469161,,0.5021876991051458,,0.8899859596062306,,0.8497523456780554,
628.2942894749498,44.62118181818182,0.7865782380104065,Unknown,3.686282836874398,3.701976264107602,3.920870203789745,3.6510453338661386,-0.015693427233204105,0.03523750300825945,0.05093093024146356,0.9552344388458583,,0.918143148920039,,0.8175847399958399,,0.9954021650632178,,0.9670301754768821,,0.9789096034504242,
629.2248160296721,489.54027272727274,0.9664504528045654,Unknown,4.278139847399486,4.289041957540657,4.052795879376301,4.231313744295604,-0.010902110141170596,0.04682610310388213,0.05772821324505273,0.9613207046854901,,0.15198516305623033,,0.79865181920246,,0.9954021650632178,,0.9670301754768821,,0.7351711427863571,
631.0796183177245,373.6751818181818,0.966983437538147,Unknown,3.957727439478049,4.030872172932091,3.953010538267594,4.2472656250116305,-0.07314473345404249,-0.2895381855335817,-0.2163934520795392,0.6211317707109036,,0.08598188067915948,,0.29944264379147967,,0.9191625517023703,,0.9341936111129959,,0.6594525298454849,
631.3016274498334,110.2645,0.510521411895752,Unknown,3.102839872218602,3.067259034359845,3.2186730351932447,3.0681828211139113,0.035580837858756986,0.03465705110469086,-0.0009237867540661249,0.8688436835561333,,0.7659746329955267,,0.9968833452776855,,0.9954021650632178,,0.9999676890838645,,0.9435123615512402,
632.7858011238003,399.43463636363634,0.9645411372184753,Unknown,7.152734163448854,6.136811118335481,5.80843906337064,3.5911914283876034,1.0159230451133734,3.5615427350612507,2.5456196899478774,0.2996704406403127,,0.0009247828269318826,,0.05434491807266318,,0.8472520550068383,,0.9341936111129959,,0.15819438944044178,
632.8590884245409,358.40033333333326,0.7548774480819702,Unknown,4.646700174682938,4.371592886962392,4.4633028404798,4.443692782039916,0.27510728772054627,0.20300739264302248,-0.07209989507752379,0.03479175869422877,,0.16118499196423283,,0.605284814292776,,0.5465623686447973,,0.9456878731807212,,0.7373372735493757,
633.124609425536,525.0787,0.8723424673080444,Oxidized glutathione;Glutathione (oxidized);L-Glutathione (o,4.48726059967141,3.9531549567104385,4.169827630184638,3.879172997560614,0.5341056429609718,0.6080876021107962,0.0739819591498243,0.008802189348814392,,0.00297205458591391,,0.4642935942534288,,0.3139265442465625,,0.9343252415096033,,0.20269033696022837,
633.1929606929963,482.683,0.781160295009613,Unknown,3.7632425250525703,3.356092659311648,3.7110260991303843,4.253868144569047,0.4071498657409225,-0.4906256195164769,-0.8977754852573994,0.6421801804767863,,0.5595770341176904,,0.1620540473914467,,0.9298985478533239,,0.9341936111129959,,0.8858897875959848,
633.3210182461958,372.23027272727273,0.9247410893440247,Unknown,3.8152682599408236,4.286819666106915,4.1886686709743195,4.391455067811406,-0.47155140616609126,-0.5761868078705823,-0.10463540170449104,0.37237527274337595,,0.2934106429988192,,0.32261796231509166,,0.8659389361669497,,0.9341936111129959,,0.8191269103859745,
633.5845115266706,400.16200000000003,0.9183520674705505,Unknown,3.5582221006316566,5.186437895196134,5.227462026800158,7.184581177183682,-1.6282157945644773,-3.626359076552025,-1.9981432819875478,0.21611568887992536,,0.0010363181884715806,,0.12310905859673286,,0.7979466639025367,,0.9341936111129959,,0.15819438944044178,
634.2783504922902,419.279125,0.5266696214675903,Unknown,2.937585991797563,2.9651200684832086,2.786966816981361,3.747957994309946,-0.02753407668564556,-0.8103720025123828,-0.7828379258267373,0.9198784355158045,,0.15090183780528038,,0.14281254184826925,,0.9954021650632178,,0.9341936111129959,,0.7351711427863571,
635.6137244434715,400.11466666666666,0.7277704477310181,Unknown,3.6009570685910113,3.080721425522457,3.1645288240789595,3.0574824719214484,0.5202356430685544,0.5434745966695629,0.023238953601008472,0.26132284221316504,,0.24572068313714227,,0.8745976110786052,,0.813523745154896,,0.974808002265388,,0.8038018962252578,
636.0288248143179,92.15469999999999,0.8541507124900818,Unknown,3.6109383993313724,3.464601348411859,3.480864442642778,3.407959272174638,0.14633705091951343,0.2029791271567345,0.05664207623722106,0.5814024966157643,,0.2922609413918476,,0.8250531442261665,,0.910896507211941,,0.9670301754768821,,0.8191269103859745,
636.4335228341951,59.37963636363636,0.8566643595695496,Unknown,3.1833122126866855,3.293802150262966,3.279517083378553,3.2594873473770165,-0.11048993757628045,-0.07617513469033099,0.03431480288594946,0.6939771939615399,,0.713112597894095,,0.900218084690826,,0.9468605457729028,,0.9842257108337663,,0.9271363031889179,
636.5191343185179,44.46690909090909,0.9204676151275635,Unknown,3.9474992131788986,3.987377288800564,3.6869772777185306,3.5452925502350507,-0.03987807562166523,0.4022066629438479,0.4420847385655131,0.9456652408156885,,0.44324634011622854,,0.30912577109478334,,0.9954021650632178,,0.9341936111129959,,0.8735200432455408,
636.888147955263,265.11199999999997,0.5063439011573792,Unknown,2.8566233688614577,2.68594057056346,3.3357020705277907,3.1670334338135646,0.1706827982979977,-0.3104100649521069,-0.4810928632501046,0.009286866730863392,,0.16794984411009786,,0.05650577838715152,,0.3139265442465625,,0.9341936111129959,,0.7373372735493757,
638.1296041489315,473.2635,0.8691032528877258,Unknown,4.433311438098408,3.9617692079605873,4.26796166577899,4.3092204881496485,0.4715422301378207,0.12409094994875947,-0.34745128018906124,0.05920972337722778,,0.11762567593693174,,0.13209183066405014,,0.6428522382860448,,0.9341936111129959,,0.6881210654511394,
638.2333826160724,290.0494545454545,0.8315165638923645,Unknown,3.3247470568331443,3.30428867347783,3.198408888042285,3.145778513277723,0.020458383355314247,0.17896854355542136,0.1585101602001071,0.8830830038721946,,0.40719868368064477,,0.5280066340795103,,0.9954021650632178,,0.939387126377869,,0.8665916804462865,
638.4884406609925,38.848636363636366,0.87827068567276,Unknown,3.5284699161747146,4.212589424073993,4.6336976593594885,3.936178477632037,-0.6841195078992786,-0.40770856145732237,0.2764109464419562,0.09710015505811617,,0.430474852944682,,0.6037529942985127,,0.7184294826675341,,0.9456878731807212,,0.8735200432455408,
639.2117865126088,410.2738888888889,0.7110702991485596,Unknown,4.069807969098515,3.8235892388454324,3.598713339917258,3.903920475503641,0.24621873025308272,0.16588749359487398,-0.08033123665820874,0.1313005529041712,,0.23342782597227882,,0.648860382060716,,0.7334813121935246,,0.9540281588203186,,0.7916581861099324,
639.3607670574254,292.44075,0.5481462478637695,Unknown,2.965654745676014,2.80565962309169,3.754363406939018,2.958836696227839,0.1599951225843239,0.006818049448174879,-0.15317707313614903,0.4905144316793709,,0.981406879325876,,0.43405765651368644,,0.8969592270190967,,0.9341936111129959,,0.9948577491685624,
639.4761956880491,293.82599999999996,0.9542692303657532,Unknown,3.4301859463437556,3.2810297231785306,3.5152765735479035,3.27519909787987,0.14915622316522503,0.15498684846388544,0.005830625298660408,0.47450091410280554,,0.4732863520646989,,0.9775163692491051,,0.8969592270190967,,0.9955882094183057,,0.8740973647230489,
640.1385528577559,509.26009999999997,0.8658124804496765,Unknown,3.992604871489848,3.8604656121621415,4.058477048691544,4.159469482766164,0.13213925932770643,-0.1668646112763157,-0.2990038706040221,0.2731883825739531,,0.08945599828534355,,0.03325285046268023,,0.823559129923233,,0.8899859596062306,,0.6594525298454849,
641.2735183393339,273.3429090909091,0.7358837127685547,Unknown,3.374099982156308,3.2312331126559424,3.4332487112895143,3.3658019798083174,0.14286686950036565,0.008298002347990607,-0.13456886715237504,0.5921942693705486,,0.9809242140141019,,0.6782742058121263,,0.9142159978346233,,0.954391917600169,,0.9948577491685624,
642.2267918402996,416.92490909090907,0.9404652118682861,Unknown,3.274682275846942,3.422727249069771,3.630851379476682,3.252271466056176,-0.14804497322282906,0.022410809790766262,0.17045578301359532,0.4241196401044234,,0.9227456862379886,,0.4153234385810314,,0.8890951892318769,,0.9341936111129959,,0.9812383931723658,
642.3626503575508,477.65289999999993,0.8674699068069458,Unknown,4.6389508257811345,3.7922196605557374,4.086512852152585,4.352985292472278,0.846731165225397,0.28596553330885666,-0.5607656319165404,0.04812521124709669,,0.0067357845886355265,,0.13649577607835006,,0.6047393306865833,,0.9341936111129959,,0.2543465323234629,
643.0429135632813,282.6027272727273,0.9433076977729797,Unknown,4.680436657474513,3.536383135869311,3.8088262618441937,3.6384531132252818,1.1440535216052021,1.0419835442492316,-0.10206997735597056,0.039535839757376796,,0.10895841644886889,,0.8749173798290993,,0.5632026200334405,,0.974808002265388,,0.6870711153442436,
643.5848179619306,332.67590000000007,0.8178625106811523,Unknown,2.8960852785461775,2.818655949578726,3.04991895239717,3.3566901729538983,0.07742932896745147,-0.4606048944077208,-0.5380342233751723,0.45623634260821605,,0.02017897066294952,,0.02245005141427277,,0.8900277563463967,,0.8899859596062306,,0.44456914791582347,
643.896206027808,52.16354545454545,0.8758488297462463,Unknown,3.468547585893063,4.044926113985344,3.9271948501398097,3.8249873377826216,-0.5763785280922811,-0.35643975188955856,0.2199387762027225,0.1228781716474917,,0.27286039521930205,,0.12203818545291298,,0.7304273081055243,,0.9341936111129959,,0.8183982418140834,
644.3760134599627,42.98463636363636,0.9651262760162354,Unknown,3.623432310779254,3.7504885463761166,3.9684127415249577,3.578876508934591,-0.12705623559686252,0.04455580184466301,0.17161203744152553,0.07983206619939752,,0.8303993865536801,,0.4371388833235945,,0.6895725087731611,,0.9341936111129959,,0.9563914558871437,
644.6504368409724,411.54077777777775,0.659238338470459,Unknown,3.426088456589394,3.4961814564140337,3.372199559024665,3.5563363541000137,-0.07009299982463979,-0.13024789751061983,-0.060154897685980036,0.7965440457787754,,0.6666613000231203,,0.8432495707839597,,0.9762690413707179,,0.97038688032919,,0.919454692032388,
644.8973047236415,257.09145454545455,0.8399184346199036,Unknown,3.8426329458368387,3.6357731032709872,3.3068466795407137,3.6803311694456617,0.20685984256585144,0.16230177639117693,-0.044558066174674504,0.051837029165163084,,0.18199064950553173,,0.7297756721058253,,0.6178494458876663,,0.9581389861520812,,0.7373372735493757,
645.2477852945685,281.618,0.9217267632484436,Unknown,4.8610049508798525,4.091114535218154,4.433889565113489,3.602238015501563,0.7698904156616981,1.2587669353782895,0.4888765197165914,0.015862538279785027,,0.03989593164210628,,0.31269500023310554,,0.3759603900335256,,0.9341936111129959,,0.5678883008262753,
646.8755147946232,373.6755454545455,0.970704972743988,Unknown,4.948227142991076,4.698701733324921,4.809559472441117,4.9483856694790145,0.24952540966615544,-0.00015852648793845958,-0.2496839361540939,0.17228057326810192,,0.9977288438056674,,0.16076960018061343,,0.7722656567258852,,0.9341936111129959,,0.9994646497252948,
647.1477190057881,360.68763636363633,0.9034043550491333,Unknown,4.560602960435314,4.035951991175362,4.356153145511915,4.475384671578232,0.5246509692599517,0.0852182888570816,-0.4394326804028701,0.2058293897985599,,0.295275612714619,,0.278259527526196,,0.7975119100181354,,0.9341936111129959,,0.8191269103859745,
647.8649176347626,485.7950000000001,0.5158700346946716,Unknown,3.3394310193447847,3.14766326006162,3.1260143591648046,3.221357055215469,0.1917677592831648,0.11807396412931581,-0.073693795153849,0.3046964213964916,,0.6923821371376107,,0.7613722971676238,,0.8472520550068383,,0.9647434629470387,,0.9196792731614726,
649.0942638109824,525.2998571428573,0.5747799873352051,Unknown,3.8082297062872708,3.1825599435627674,3.2503544982470056,3.1320049792218474,0.6256697627245034,0.6762247270654234,0.050554964340919994,0.01016066280017271,,0.006498648315986348,,0.45937988395522567,,0.3273638545930645,,0.9341936111129959,,0.2543465323234629,
649.4591433795193,388.003,0.7581384181976318,Unknown,4.59257904030531,3.9813051234122967,4.463136490680916,4.443364931037007,0.6112739168930132,0.14921410926830259,-0.46205980762471066,0.21285607197991463,,0.24870209327825607,,0.3380567275098876,,0.7975119100181354,,0.9341936111129959,,0.8038018962252578,
649.6194404822521,45.050999999999995,0.9787999987602234,Unknown,3.9127225405692,3.8812632000334157,3.8902316377472106,3.917739231641099,0.031459340535784364,-0.005016691071898727,-0.03647603160768309,0.9534000956570385,,0.9925587463269759,,0.8806209258880666,,0.9954021650632178,,0.976306997818268,,0.9994646497252948,
649.668486332589,44.34866666666667,0.6775373220443726,Unknown,3.3974110001839826,3.6325532541393337,3.3747007559481217,3.74581211986283,-0.23514225395535115,-0.34840111967884724,-0.11325886572349608,0.20115774894825839,,0.0921467780570704,,0.5390541830261896,,0.7967966888619453,,0.9417182934407179,,0.6594525298454849,
649.8136153790113,435.69489999999996,0.8174325823783875,Unknown,4.117453555696356,3.7252528213223037,3.3700651351595896,3.60616014943397,0.3922007343740521,0.5112934062623857,0.11909267188833361,0.043576871730285835,,0.0022472987420691748,,0.4525036749896484,,0.5955607313717711,,0.9341936111129959,,0.20269033696022837,
650.9160425993227,410.4498181818181,0.9404475092887878,Unknown,4.752784737679657,4.429200784007346,4.6123804544379485,4.678960837289472,0.3235839536723111,0.0738239003901846,-0.24976005328212647,0.05437507689873273,,0.0002624708412876072,,0.10601207630155127,,0.6299753645966185,,0.9341936111129959,,0.0871244245243011,
652.0716586434136,328.5317777777778,0.6456204056739807,Unknown,2.983506387293089,3.0315534302390876,3.074342662048817,2.8506720074822547,-0.04804704294599871,0.13283437981083424,0.18088142275683294,0.810843291227531,,0.36262853728124095,,0.33471458539685695,,0.9803976711543582,,0.9341936111129959,,0.8457179855678237,
652.4647143138361,288.09527272727274,0.8787920475006104,Unknown,2.9240743009526944,3.310868097754762,3.089907361531367,2.9872311401835367,-0.3867937968020678,-0.06315683923084237,0.32363695757122546,0.03864562995521772,,0.7062064284734373,,0.028189951368705994,,0.5632026200334405,,0.8899859596062306,,0.9235989591949826,
652.8905676705134,42.25427272727273,0.9369646906852722,Unknown,3.626125257466233,3.6834397250965125,3.9125358473973346,3.9624280672417327,-0.0573144676302797,-0.33630280977549987,-0.27898834214522017,0.7865121115201125,,0.10783375954243607,,0.30074030392979667,,0.9719392763225705,,0.9341936111129959,,0.6854599562350054,
653.3010848362538,46.162545454545466,0.9747424721717834,AERUGINOSIN 98B;Coagulin R 3-glucoside;Tetrahydrogambogic Ac,5.177056353121343,4.787087611658019,5.270434533111979,5.013920645397191,0.38996874146332416,0.16313570772415176,-0.2268330337391724,0.193096479965209,,0.2837009210605372,,0.46143021374043847,,0.796329883376522,,0.9341936111129959,,0.8191269103859745,
653.4333875139852,38.48827272727272,0.9758449196815491,Unknown,4.343807868125062,3.9333599845544605,4.232463267438339,4.023900378759252,0.41044788357060114,0.3199074893658098,-0.09054039420479132,0.05054469180173728,,0.1724536316559059,,0.704995268781174,,0.6105368117599234,,0.9581389861520812,,0.7373372735493757,
653.7584830758049,485.4111111111112,0.7668425440788269,Unknown,3.8851680183772532,3.8810315145870065,3.7666720417893904,3.8527752835163867,0.0041365037902467705,0.03239273486086658,0.02825623107061981,0.9735058220216275,,0.8500150530482248,,0.8863854930125182,,0.9954021650632178,,0.9779170072722378,,0.9563914558871437,
655.5866047861346,408.4861818181818,0.9396378993988037,Unknown,4.146895335307892,4.157363422582063,4.412554948264234,4.321323436050039,-0.010468087274170479,-0.17442810074214687,-0.1639600134679764,0.9766795058290295,,0.014026913740066607,,0.6511869015736346,,0.9954021650632178,,0.954391917600169,,0.38564661509356457,
656.6697292311176,96.41987499999999,0.5422558188438416,Unknown,3.3626573369740407,3.1188627120499124,3.123163887872037,3.013831521546713,0.2437946249241283,0.3488258154273276,0.10503119050319931,0.3489018331067257,,0.2595785374277456,,0.5789451535674972,,0.8616961145239895,,0.9456878731807212,,0.8081670850995563,
657.3987106706866,50.15744444444445,0.5559156537055969,Unknown,3.5941584971391642,3.594346054927542,3.447770453460953,3.847140172943915,-0.0001875577883776458,-0.25298167580475095,-0.2527941180163733,0.99958325429929,,0.5859299972122465,,0.5181555522187502,,0.999914966043114,,0.9375398401843495,,0.8976134132627431,
657.6930512772504,414.44990000000007,0.7339394688606262,Unknown,3.2192083409528203,3.239371389712652,3.675992186844597,3.349773160214612,-0.02016304875983188,-0.13056481926179186,-0.11040177050195998,0.9571233734318746,,0.7980346492785596,,0.8304742749580719,,0.9954021650632178,,0.9670301754768821,,0.9484584234184341,
658.2052146845325,441.3786,0.8568736910820007,Unknown,3.3457298984242847,3.3646975742438268,3.8420910371108095,3.3650987036053515,-0.018967675819542062,-0.01936880518106676,-0.00040112936152469914,0.9690829846827077,,0.9702652001318004,,0.9991690258041763,,0.9954021650632178,,0.9999676890838645,,0.9946799654543693,
658.940266974007,282.7341818181818,0.9366447329521179,Unknown,3.7492452006574744,3.4038251944904196,3.504794508142112,3.5152170779725758,0.3454200061670547,0.2340281226848986,-0.11139188348215612,0.13172400657778624,,0.14272678346968734,,0.5867603737075683,,0.7334813121935246,,0.9456878731807212,,0.7254911932139494,
659.2205663598851,61.5780909090909,0.8310465812683105,Unknown,4.473184134124732,3.511479813458832,3.841013292614253,3.400404075093931,0.9617043206658997,1.0727800590308005,0.11107573836490081,0.06018695156851132,,0.01979687190037802,,0.8232562321185938,,0.6428522382860448,,0.9670301754768821,,0.44456914791582347,
659.5510308067845,43.46581818181818,0.9528631567955017,Unknown,3.8461902855828947,3.816698501624295,3.4635954764749206,4.06341406596669,0.029491783958599527,-0.21722378038379508,-0.2467155643423946,0.884985995265543,,0.23586371805337514,,0.2210400856061663,,0.9954021650632178,,0.9341936111129959,,0.7963138702843443,
660.0885571519268,431.6007000000001,0.7290270328521729,Unknown,3.0222617793909916,3.6889551578504913,3.6534025955270533,3.7642445775910596,-0.6666933784594997,-0.741982798200068,-0.07528941974056824,0.19608992595420366,,0.06270924063134559,,0.8763209082097541,,0.7967966888619453,,0.974808002265388,,0.6265958193010359,
660.736558331219,259.4083636363637,0.9033283591270447,Unknown,4.134484653124795,3.821922594185999,3.8167629671765444,3.8558687887156466,0.31256205893879585,0.2786158644091481,-0.033946194529647755,0.05976793276945445,,0.09203228897494943,,0.5524890489326845,,0.6428522382860448,,0.9439759149311477,,0.6594525298454849,
662.0614982949519,409.4534545454546,0.9647150039672852,6-Sinapoylglucoraphenin,5.29028411689963,4.933697719579407,5.1491472473497675,5.16945862322643,0.356586397320223,0.12082549367320006,-0.23576090364702296,0.1999533865916771,,0.019894282421341218,,0.370499858421854,,0.7967966888619453,,0.9341936111129959,,0.44456914791582347,
662.1001945086092,473.4074545454545,0.967722475528717,beta-Nicotinamide adenine dinucleotide;Fenugreekine;NAD,4.85826345684669,4.490639599382417,4.7966993480789455,4.867127380091097,0.36762385746427295,-0.00886392324440699,-0.37648778070867994,0.23069107913284492,,0.8113147295387119,,0.2236133790688498,,0.7980087070322811,,0.9341936111129959,,0.9526888772293054,
665.105694554444,42.836,0.6339102387428284,Unknown,3.3664783917795087,3.3615163051319095,3.332697612799225,3.557890831696007,0.004962086647599229,-0.19141243991649848,-0.1963745265640977,0.9859130355763971,,0.5174603566067252,,0.2851710982755027,,0.9954021650632178,,0.9341936111129959,,0.8791579978112207,
666.1491868229432,32.13618181818182,0.9900029897689819,Unknown,4.647725786081936,4.138308072509619,4.3890659642165275,4.314213028684235,0.5094177135723168,0.3335127573977008,-0.175904956174616,0.08772412226578419,,0.2548388527278964,,0.5549848908275575,,0.7046230338559829,,0.9439759149311477,,0.8043439324474446,
666.404062545993,111.93788888888888,0.5763729810714722,Unknown,2.9666856032176394,3.091817417429994,3.448650576711941,2.6942989584850197,-0.12513181421235453,0.27238664473261975,0.3975184589449743,0.561472544861997,,0.2234444896759045,,0.04906439130978271,,0.9072925006558107,,0.9341936111129959,,0.7763800438408057,
666.8612310651645,478.36488888888886,0.6226429343223572,Unknown,3.7976619722154985,3.432466320700098,3.8070669207869967,3.4893213763583613,0.3651956515154007,0.30834059585713725,-0.05685505565826343,0.04275547797207755,,0.06469553630596139,,0.6695639645976859,,0.5916899032108986,,0.954391917600169,,0.6265958193010359,
667.1426921728076,268.4697777777778,0.5359468460083008,Unknown,3.0933397035998715,3.7001400044637016,3.2087192030328215,3.657752096539756,-0.6068003008638301,-0.5644123929398845,0.042387907923945534,0.22058911170469836,,0.29716510630322684,,0.9461417348109669,,0.7980087070322811,,0.992415276329258,,0.8191269103859745,
667.1787082866193,275.0646363636364,0.8579132556915283,Unknown,3.7678487799580904,3.270990946443458,3.45077345178915,3.1836837886259004,0.4968578335146323,0.58416499133219,0.08730715781755771,0.11383931411625678,,0.21972643057527277,,0.8157232724424317,,0.7277636160222334,,0.9670301754768821,,0.7717149129191864,
667.1999798721172,414.3720909090909,0.8881893157958984,Unknown,3.6801425557979743,3.294536901593062,3.4006427906899805,3.554452000989565,0.38560565420491244,0.12569055480840952,-0.2599150993965029,0.14667475870928598,,0.7130911491906988,,0.509708398970497,,0.7500917755689107,,0.9375398401843495,,0.9271363031889179,
667.437700171607,524.9266250000001,0.662612795829773,Unknown,3.9787003435465635,3.210599924722749,3.5144795240484616,2.9122234373278446,0.7681004188238147,1.066476906218719,0.2983764873949042,0.006409343314278723,,0.007824750372867697,,0.13237883219193797,,0.300365134410062,,0.9341936111129959,,0.2711965793163915,
667.781672244523,45.57427272727273,0.8936349153518677,Unknown,3.615157712486747,3.6336106696640154,3.6848433976538484,3.8589586145865087,-0.01845295717726847,-0.2438009020997618,-0.22534794492249333,0.9339616338106888,,0.2970813890234096,,0.28114518524926885,,0.9954021650632178,,0.9341936111129959,,0.8191269103859745,
667.996069567956,290.0439999999999,0.9387663006782532,Unknown,3.3284816689652454,3.246160149146752,3.7335412842958187,3.2461482608811902,0.08232151981849345,0.0823334080840552,1.1888265561754707e-05,0.7490118781703649,,0.6466651813215938,,0.9999676890838645,,0.9647804747258556,,0.9999676890838645,,0.9177037879457167,
669.6310028237921,376.76971428571426,0.5239341259002686,Unknown,3.167267813019817,2.933910753659761,2.8785656173961227,2.7503775254085183,0.23335705936005624,0.41689028761129876,0.18353322825124252,0.45178165193875397,,0.03170897922266703,,0.5363380368536864,,0.8890951892318769,,0.9417182934407179,,0.5554592048275364,
669.9323628297496,252.9603636363637,0.8493303656578064,Unknown,4.589785993479904,4.260018903174222,4.404606839939854,4.441929643323271,0.3297670903056815,0.14785635015663257,-0.18191074014904896,0.30013113565312494,,0.2775199148349706,,0.5209955275780229,,0.8472520550068383,,0.9386337305743279,,0.8186638975532324,
670.569291583435,51.97545454545454,0.9694532752037048,Unknown,4.770260325812086,4.702508546861493,4.473014928972324,4.546786754296849,0.06775177895059326,0.22347357151523717,0.1557217925646439,0.860027694955939,,0.4369910426601909,,0.5733490067764249,,0.9954021650632178,,0.9456878731807212,,0.8735200432455408,
671.0792373919057,280.4013636363636,0.9149894118309021,Unknown,4.825439972139811,3.8338747752989444,4.112484744693545,4.1321863274817545,0.9915651968408663,0.6932536446580562,-0.29831155218281014,0.036048730424681104,,0.03692128555597957,,0.43876721432925,,0.5465623686447973,,0.9341936111129959,,0.5602471319855509,
672.2299350188995,52.48499999999999,0.9809938073158264,Unknown,5.0368202384416945,5.0837593173234055,5.319867737199743,5.348586097813107,-0.046939078881711005,-0.31176585937141255,-0.26482678048970154,0.9180909374915989,,0.3411431053725906,,0.4552849767071807,,0.9954021650632178,,0.9341936111129959,,0.8309605221799807,
672.6349361967756,415.85975,0.6241617202758789,Unknown,2.979355135031066,2.7965823288644374,2.9631299638656055,2.896036120003789,0.1827728061666285,0.08331901502727668,-0.09945379113935182,0.4185779928156888,,0.7506810234456902,,0.5997637901164374,,0.8890951892318769,,0.9456878731807212,,0.9371914612395388,
672.6790891493639,252.7180909090909,0.8922414779663086,Unknown,5.565985681755819,5.45165577444343,5.42130397293503,5.117039262662019,0.11432990731238935,0.44894641909379995,0.3346165117814106,0.5259382642333285,,0.17907921778597266,,0.2904395608422111,,0.8986119382783423,,0.9341936111129959,,0.7373372735493757,
672.7895186013038,43.875454545454545,0.8812022805213928,Unknown,3.8146236112595076,3.823861107826065,3.2518710650849263,3.654855632394939,-0.009237496566557368,0.1597679788645685,0.16900547543112587,0.9798647382788166,,0.6857794627827841,,0.7140540557861637,,0.9954021650632178,,0.9581389861520812,,0.9195697788067687,
673.7559485506603,358.89939999999996,0.7810895442962646,Unknown,3.414219569502331,3.1708156563569214,3.258327814384044,3.0309551452411974,0.24340391314540977,0.38326442426113383,0.13986051111572406,0.07982287118717403,,0.11589700106810577,,0.5275275417053942,,0.6895725087731611,,0.939387126377869,,0.6881210654511394,
675.2484163201248,42.859909090909085,0.9641042351722717,Unknown,3.7613820115296286,3.5789910017240536,3.7844574132883047,3.6934599912042625,0.182391009805575,0.0679220203253661,-0.1144689894802089,0.6353813203329033,,0.8261684919329638,,0.7112917336989095,,0.9270796555740983,,0.9581389861520812,,0.9563914558871437,
676.1732259943659,410.53069999999997,0.8334026336669922,Unknown,3.300122434527436,3.6671325254401346,3.726053412378335,3.623855937212102,-0.36701009091269876,-0.32373350268466616,0.0432765882280326,0.39429786604261874,,0.553636193570618,,0.9107801746284832,,0.868408759891448,,0.9881995759324709,,0.8844087084608109,
679.8545821293217,411.41909090909087,0.9632418751716614,Unknown,4.303159920391782,3.572668913053903,3.9615210401346213,3.866995044128128,0.7304910073378794,0.4361648762636543,-0.2943261310742251,0.07186362070616927,,0.002720285409158737,,0.38126898803298803,,0.6706568788159012,,0.9341936111129959,,0.20269033696022837,
679.902649198783,378.10900000000004,0.8255436420440674,Unknown,3.5576113499385666,3.7331502659351607,3.1039590354692868,3.7750030404012516,-0.1755389159965941,-0.21739169046268492,-0.041852774466090814,0.4799140084877946,,0.49998059484449225,,0.8992975250887423,,0.8969592270190967,,0.9837408470732024,,0.8791579978112207,
681.2001365715759,42.619,0.9474864602088928,Unknown,3.6860327158227206,3.961474120699201,3.9439714831602464,3.672975626046013,-0.27544140487648017,0.01305708977670772,0.2884984946531879,0.3161809384015917,,0.9732201054844705,,0.3879481585370722,,0.8472520550068383,,0.9341936111129959,,0.9946799654543693,
681.4009714209548,42.78175,0.5329034328460693,Unknown,3.507288516293787,3.686146832496414,3.5796860224118725,3.9741327780486677,-0.17885831620262715,-0.4668442617548809,-0.28798594555225376,0.6829133357546275,,0.0902874835873881,,0.4666262635374442,,0.9435993578504407,,0.9343252415096033,,0.6594525298454849,
683.8561761759701,41.161545454545454,0.8471476435661316,Unknown,3.2725263132514226,3.599494734848807,3.698214090865858,3.587648843476535,-0.3269684215973845,-0.3151225302251124,0.0118458913722721,0.6041955433295275,,0.6052516856192994,,0.9734963587417546,,0.9142159978346233,,0.9953426349734461,,0.9028912947607407,
684.7984020756484,410.3158181818182,0.902787446975708,Unknown,3.9286174696387106,3.4462711537959003,3.6989378998256415,3.7786002288420613,0.4823463158428103,0.15001724079664935,-0.33232907504616094,0.2429620882685602,,0.24165074406335593,,0.4156920800177225,,0.8079920173605784,,0.9341936111129959,,0.7988941882452661,
685.1168743375783,481.7558888888889,0.7712761759757996,Unknown,4.106948742446426,3.57538067928416,3.831764168690693,3.550004912392371,0.5315680631622661,0.5569438300540552,0.02537576689178911,0.00014485782111891955,,0.11822144478741956,,0.9328466254209581,,0.059739365429442415,,0.9921208594574054,,0.6881210654511394,
685.4734531183284,292.8695454545455,0.8725709915161133,Unknown,3.075995394573191,3.2000214188314082,3.036909331328101,3.3439183572253697,-0.1240260242582174,-0.26792296265217885,-0.14389693839396145,0.5992057838648622,,0.34463223817824545,,0.584150684085389,,0.9142159978346233,,0.9456878731807212,,0.8327981784305466,
686.4714998385911,374.1587272727273,0.9305926561355591,Unknown,3.2471497066893362,3.3974093402531533,3.623098100751195,3.0565085673303294,-0.1502596335638171,0.19064113935900684,0.34090077292282395,0.5584077720179838,,0.6063813880400937,,0.26606760513975736,,0.9072925006558107,,0.9341936111129959,,0.9028912947607407,
686.5674343190506,56.121,0.7576594352722168,Unknown,5.2765976917995046,4.5229032409562135,3.400112498193761,5.392027331345665,0.753694450843291,-0.1154296395461607,-0.8691240903894517,0.27584832673533766,,0.5574907436206709,,0.2042469202980139,,0.8279465061546816,,0.9341936111129959,,0.8854085614790521,
686.6523863532173,263.0132222222222,0.549859881401062,Unknown,5.390235279640006,3.683922306603211,3.8641484038328695,4.42197998868829,1.7063129730367947,0.9682552909517161,-0.7380576820850786,0.07379719783360515,,0.2393344128568145,,0.49047372938973754,,0.6737243948152394,,0.9375398401843495,,0.7985559212148082,
686.7350785197668,280.866,0.6990228891372681,Unknown,3.985099819135995,3.9477511614614555,3.84046146589914,3.35887834334461,0.03734865767453943,0.6262214757913851,0.5888728181168457,0.925512282752331,,0.2698110416321455,,0.13556243181096556,,0.9954021650632178,,0.9341936111129959,,0.8157630027059882,
686.9608630207903,281.14745454545454,0.9211377501487732,Unknown,3.61762691704004,4.6481294941290505,4.663751531488643,4.614609758702653,-1.0305025770890106,-0.9969828416626134,0.03351973542639719,0.1946829803764442,,0.20722190156176065,,0.5417472141631865,,0.7967966888619453,,0.9417182934407179,,0.7607065471326157,
688.1223815700748,444.114,0.776764988899231,Unknown,3.7130279362416467,4.1748652262826225,4.089514318880074,4.229869187918719,-0.46183729004097573,-0.516841251677072,-0.05500396163609622,0.05413751127387335,,0.0037696326176426226,,0.7388489272718803,,0.6299753645966185,,0.9581389861520812,,0.20269033696022837,
688.5627401344087,53.811545454545445,0.904598593711853,Unknown,4.862360380873937,4.7684626796233465,5.510916293863401,5.56082986018036,0.09389770125059016,-0.6984694793064232,-0.7923671805570134,0.9194734469725347,,0.37263666926722405,,0.21254747580045483,,0.9954021650632178,,0.9341936111129959,,0.8486879142198621,
688.5780449417265,257.22118181818183,0.901147186756134,Unknown,5.464828403197546,5.035338407052023,5.249538733786281,4.42055573238914,0.42948999614552363,1.0442726708084065,0.6147826746628828,0.07772052386584767,,0.25460381003894256,,0.47557292552693786,,0.6840804939362677,,0.9343252415096033,,0.8043439324474446,
689.4333499194456,359.4136666666666,0.6631459593772888,Unknown,3.5733163127212393,3.2746320646270495,3.538069669025463,2.917708649580374,0.2986842480941898,0.6556076631408652,0.35692341504667535,0.23303096481903401,,0.017665886405361774,,0.06933673054296464,,0.8008497490947469,,0.9341936111129959,,0.4336554496173331,
690.7163575231622,410.1923636363636,0.9665994048118591,Unknown,4.801348269639999,4.505023556852028,4.5147696048945996,4.531724186994041,0.2963247127879711,0.26962408264595794,-0.026700630142013182,0.02328824281125522,,5.6127294469799185e-05,,0.7670717099435971,,0.4530222328000779,,0.9647434629470387,,0.07421410401300936,
690.793296630946,391.5598888888889,0.5859644412994385,Unknown,3.2078154981319726,3.662303138583633,3.254903586446186,3.4922762174882345,-0.45448764045166046,-0.2844607193562618,0.17002692109539863,0.2892566748510736,,0.5506283045831131,,0.7115655313423264,,0.8416604401902475,,0.9581389861520812,,0.8844087084608109,
691.2820907417207,60.36354545454546,0.9273175001144409,Unknown,3.986590453901769,3.857085565647477,5.41404860271274,3.54070171480558,0.12950488825429218,0.4458887390961892,0.316383850841897,0.8384832632590657,,0.0543970721977577,,0.6232819014247075,,0.992103205639134,,0.9481944780819669,,0.6117935649074577,
691.401360869456,151.2962222222222,0.6596101522445679,Unknown,4.200074099393036,3.3481257802081843,3.8289173637430154,3.7438704450706406,0.8519483191848516,0.4562036543223953,-0.3957446648624563,0.06865048688026983,,0.2406648843302728,,0.3510085603539877,,0.6655577164309516,,0.9341936111129959,,0.7988941882452661,
691.4539988646416,85.52236363636364,0.9307124614715576,"PA(P-16:0e/18:2(9Z,12Z))",4.947996595696104,4.448352710256176,4.555423687335509,4.536297423040769,0.49964388543992744,0.41169917265533496,-0.08794471278459248,0.12885429260971573,,0.07752372694164687,,0.7210906850807947,,0.7330532926202694,,0.9581389861520812,,0.6560580051135537,
693.0169788184893,411.20820000000003,0.8165446519851685,Unknown,4.209080216873787,3.8727323683495336,3.655167205787291,4.1259817037471755,0.33634784852425303,0.0830985131266111,-0.25324933539764194,0.15267805044988844,,0.6231045146246275,,0.35129801130083504,,0.7652029819083129,,0.9341936111129959,,0.9085828744115507,
694.1904240515868,48.70725,0.5773945450782776,Unknown,3.622866967210742,3.7004950595402906,3.4894462202781678,3.9550088577536293,-0.0776280923295487,-0.33214189054288745,-0.25451379821333875,0.7458067372000332,,0.5744719939240654,,0.6602287361280652,,0.9646675789076422,,0.954391917600169,,0.8960372552733911,
695.0231253747318,249.18554545454543,0.775791347026825,Unknown,4.010360023027896,4.646130716854625,3.875826819514357,4.884955485926333,-0.6357706938267285,-0.8745954628984363,-0.2388247690717078,0.518445041093547,,0.3236037468871189,,0.8033137028056735,,0.8986119382783423,,0.9670301754768821,,0.8288527624284971,
695.494205594333,41.64872727272727,0.9922545552253723,Unknown,5.0250574861757205,5.310782269141583,4.954826438082785,5.326842782933661,-0.2857247829658629,-0.30178529675794064,-0.016060513792077735,0.19975487459951033,,0.2549754687660417,,0.950034231722793,,0.7967966888619453,,0.9933123029160053,,0.8043439324474446,
696.190512309107,280.7646363636364,0.8588423132896423,Unknown,3.3909119305769218,3.549316601191584,3.70008471571495,3.835254147843905,-0.15840467061466246,-0.4443422172669833,-0.28593754665232085,0.6527852106016596,,0.23619624863412117,,0.4949640914526464,,0.9373559221870628,,0.9375398401843495,,0.7963138702843443,
696.3050465839739,374.7853999999999,0.7902799844741821,Unknown,3.4680203846424633,3.5228754966193048,3.492270422539157,3.721753356216846,-0.05485511197684145,-0.25373297157438257,-0.19887785959754112,0.8283827337353367,,0.29639682883451746,,0.45942038594006135,,0.9867460358498636,,0.9341936111129959,,0.8191269103859745,
696.3129296836529,248.45572727272727,0.8471701741218567,Unknown,4.854147439482294,4.236614713682382,5.208139588008798,4.664501288254584,0.6175327257999124,0.1896461512277101,-0.42788657457220225,0.34003272512115723,,0.8053994815226162,,0.4844556733831711,,0.8616961145239895,,0.9362366339830893,,0.9526299783833506,
696.4959529461102,51.237909090909085,0.9757803678512573,Unknown,4.872852155746664,4.657211882476508,4.695238211632885,4.611869065303838,0.21564027327015634,0.2609830904428261,0.04534281717266975,0.5654077901759054,,0.47621247616671736,,0.6654971544848352,,0.9072925006558107,,0.954391917600169,,0.8740973647230489,
696.6232612632392,417.519375,0.6527004241943359,Unknown,3.177679588114645,3.162717595609198,3.035240449383484,3.2709799290746617,0.01496199250544672,-0.09330034096001683,-0.10826233346546354,0.958346082587276,,0.7750004801684763,,0.7731224906250133,,0.9954021650632178,,0.9647434629470387,,0.9480206600612057,
697.9622174882519,249.67327272727272,0.8941715955734253,Unknown,5.4976640209543275,5.429371425492072,5.722954425519443,5.024784647691956,0.06829259546225508,0.47287937326237106,0.404586777800116,0.8950472497749296,,0.343169011537132,,0.46166017930365805,,0.9954021650632178,,0.9341936111129959,,0.8309605221799807,
698.3865957334377,51.35881818181818,0.9860934615135193,Unknown,5.160933374296175,4.773792413673202,5.557368334988367,5.512316111976173,0.38714096062297365,-0.35138273767999806,-0.7385236983029717,0.6625548095223921,,0.22365167121311283,,0.4015045573441949,,0.9386242468363262,,0.9341936111129959,,0.7763800438408057,
698.5551506129563,105.1392,0.8691250085830688,Glucosylceramide (d18:1/16:0);Galactosylceramide (d18:1/16:0,4.8955000785342495,4.6092699349529225,4.694957863860217,4.7490369683544325,0.28623014358132703,0.14646311017981706,-0.13976703340150998,0.3285143047201431,,0.4978906127004768,,0.6103822888930153,,0.8542200458170682,,0.9456878731807212,,0.8791579978112207,
699.1216663254362,42.75909090909091,0.8939028382301331,Unknown,3.905476751529173,3.8458583811929095,4.3953540870574415,3.4365133278469897,0.05961837033626338,0.46896342368218313,0.40934505334591975,0.8463794170278942,,0.1786020024578392,,0.31635774257296967,,0.9925778077022781,,0.9341936111129959,,0.7373372735493757,
700.1019624007508,388.53763636363635,0.8788402080535889,Unknown,4.110015667877598,5.688522537713584,5.6372532469126195,5.6273294933526685,-1.5785068698359854,-1.5173138254750702,0.061193044360915216,0.1025267620221627,,0.11249146447431349,,0.002208766167736921,,0.7277636160222334,,0.34383676601584684,,0.6881210654511394,
701.6435363359922,41.16927272727273,0.9695268869400024,Unknown,3.5545482080588866,3.7250262011281112,3.795683760601888,3.5117038164855754,-0.17047799306922462,0.042844391573311214,0.21332238464253583,0.24867944156861568,,0.7882685012539616,,0.22767016486052638,,0.808653599543001,,0.9341936111129959,,0.9484584234184341,
702.0731293859385,251.37781818181818,0.9110069870948792,Unknown,4.818575678726106,5.542298322368865,5.014718857237174,5.223253380115364,-0.7237226436427591,-0.4046777013892582,0.3190449422535009,0.18020631064370235,,0.5225479250784881,,0.5236669517474739,,0.7822850790469774,,0.939387126377869,,0.8794412402024059,
703.4411782813227,278.6458888888889,0.5624783039093018,Unknown,4.07875233611052,3.811676147922244,3.6087850169818587,3.4357272564190304,0.2670761881882755,0.6430250796914891,0.37594889150321364,0.7062866621341262,,0.45660331113836483,,0.5661485311391432,,0.9512872396649651,,0.9439759149311477,,0.8740973647230489,
703.5568088406449,357.57509999999996,0.8709625005722046,Unknown,3.59026001881943,3.728243535312032,3.783540358774256,3.6287744659753365,-0.1379835164926022,-0.038514447155906684,0.09946906933669553,0.7248559433576147,,0.915807464385124,,0.5916834352064704,,0.9585152349227432,,0.9456878731807212,,0.978019728456359,
703.9117423567915,299.090090909091,0.9238527417182922,Unknown,4.277059455458421,3.796640722657022,4.252044740599939,3.8344352396273194,0.4804187328013989,0.44262421583110134,-0.037794516970297565,0.05776115715431983,,0.19072430085877548,,0.8966591248125173,,0.6428522382860448,,0.9834210847629602,,0.7491506113427411,
703.9397636474098,376.2384,0.8255351185798645,Unknown,3.4793004983485147,3.1130029519863185,3.0016893457623848,3.3062932290652967,0.36629754636219625,0.17300726928321808,-0.19329027707897817,0.12718400326968596,,0.06173588143115974,,0.3466512846835655,,0.7330532926202694,,0.9341936111129959,,0.6240166054463303,
704.0831370119267,411.2935454545455,0.9549449682235718,Unknown,4.847898295050748,4.723075698756008,4.913581260243252,4.997215155285556,0.1248225962947398,-0.1493168602348076,-0.2741394565295474,0.641240873353814,,0.12434354995007514,,0.33533938590696105,,0.9298985478533239,,0.9341936111129959,,0.6948411924039429,
705.3844231896574,44.870999999999995,0.6758756637573242,Unknown,3.397129752232711,3.922455990398228,3.561461236567273,3.246878108445142,-0.5253262381655173,0.15025164378756894,0.6755778819530862,0.5320592175879406,,0.18176630020761778,,0.4318846282568039,,0.9022254166663927,,0.9341936111129959,,0.7373372735493757,
707.3314966190146,372.2732,0.6983986496925354,Unknown,3.548234264349858,3.185047558265231,3.4662595321731873,3.3560714501766054,0.363186706084627,0.19216281417325254,-0.17102389191137446,0.2598494795745262,,0.5351865865731626,,0.6873036987106116,,0.813523745154896,,0.9575520026139989,,0.8842876820185747,
709.5945763600631,283.344909090909,0.9338915944099426,Unknown,4.3737317568670955,3.693392465962321,4.113268801584749,3.9669197844962363,0.6803392909047745,0.4068119723708592,-0.2735273185339153,0.05871819270547168,,0.04946008510606253,,0.3087656555574357,,0.6428522382860448,,0.9341936111129959,,0.599921738168829,
709.7304129651731,406.28427272727276,0.8279619216918945,Unknown,3.714248136491084,5.280164428228174,3.1340497316961233,3.4022346602778115,-1.5659162917370897,0.3120134762132727,1.8779297679503624,0.17018361967103002,,0.28546203612480187,,0.12207564985025471,,0.7722656567258852,,0.9341936111129959,,0.8191269103859745,
710.4724714799213,249.2388888888889,0.6075488924980164,Unknown,3.992908656902762,3.998777422503441,3.649078386257451,4.532491947484285,-0.005868765600679282,-0.5395832905815232,-0.5337145249808439,0.9937723341935418,,0.45930927307887726,,0.5960019673970676,,0.9995895381010163,,0.9456878731807212,,0.8740973647230489,
711.0101632024121,52.224,0.9511141180992126,Unknown,4.534057082810604,4.280691462485063,3.9706849145585084,4.324811574104765,0.25336562032554166,0.20924550870583936,-0.04412011161970231,0.4833036684692596,,0.49657321477922406,,0.8139404668705288,,0.8969592270190967,,0.9670301754768821,,0.8789132780040859,
711.0895383326607,282.2398181818181,0.874984622001648,Unknown,3.5550665581569993,3.6964926414007913,3.5260923535650672,3.3990728951105034,-0.1414260832437919,0.15599366304649598,0.2974197462902879,0.7018412315641688,,0.428842822681579,,0.44965027391371853,,0.9483438975763807,,0.9341936111129959,,0.8735200432455408,
711.4491607881475,411.4794444444445,0.6767125725746155,Unknown,3.4858140966768008,2.983660438704515,3.231781884901392,3.3045880801825565,0.5021536579722858,0.1812260164942443,-0.32092764147804154,0.04036639483979101,,0.7386957787750974,,0.5388784849582146,,0.5662279330588371,,0.9417182934407179,,0.9346540342515478,
711.5241958260535,43.3420909090909,0.9763871431350708,Unknown,3.8167970443627532,3.5592007865630677,4.13509844971929,3.490813623886568,0.25759625779968554,0.32598342047618534,0.0683871626764998,0.2505094678073346,,0.19682541826362263,,0.5964481239124834,,0.8096403175842067,,0.9456878731807212,,0.7519967808214734,
711.9331037848488,249.5510909090909,0.8402129411697388,Unknown,4.598358456555358,4.3981224820204385,4.096360738283455,4.432800525235668,0.2002359745349196,0.16555793131969043,-0.03467804321522916,0.6682597219872743,,0.8412142711103852,,0.9662246147761269,,0.9415990092790317,,0.9953426349734461,,0.9563914558871437,
712.0685821768448,374.6509,0.8653889298439026,Unknown,4.305253108402121,4.259502801423115,4.172457763733071,4.51179359769735,0.04575030697900573,-0.2065404892952296,-0.25229079627423534,0.7100929246358865,,0.04056208188830036,,0.0823788776651024,,0.9520231538356294,,0.9341936111129959,,0.5678883008262753,
712.2068701853677,51.956999999999994,0.8866025805473328,Unknown,4.527107222253711,4.6295964118124395,4.372313370410366,4.921125761124951,-0.1024891895587281,-0.39401853887123917,-0.29152934931251107,0.8488558640387817,,0.35321989734819814,,0.43735344559379274,,0.9930761885709214,,0.9341936111129959,,0.8404927161945523,
712.6962699441095,255.51736363636365,0.9004319310188293,Unknown,4.062906535460882,3.9521981850265426,4.027216949454479,4.699085837289669,0.11070835043433913,-0.6361793018287871,-0.7468876522631263,0.9184599399599178,,0.17602303364180932,,0.471158361849271,,0.9954021650632178,,0.9343252415096033,,0.7373372735493757,
713.1776842212431,401.2720909090909,0.9296458959579468,Unknown,5.086871998524203,4.19263447847164,4.324074213771931,5.974659915133505,0.8942375200525632,-0.8877879166093017,-1.7820254366618649,0.4378589341076802,,0.5965478316404953,,0.2023003030661198,,0.8890951892318769,,0.9341936111129959,,0.9018193759843851,
714.3237571356483,53.10536363636363,0.9660307765007019,Unknown,5.845859964731147,5.268344660174407,5.724410153911364,5.878443426003361,0.5775153045567407,-0.03258346127221401,-0.6100987658289547,0.22907743192639884,,0.3043843821718146,,0.2083685629712488,,0.7980087070322811,,0.9341936111129959,,0.8251842306808576,
715.1570228783891,398.82172727272734,0.955764889717102,Unknown,6.146495767395941,5.646635592225128,7.102498314538039,4.881127479821394,0.49986017517081294,1.265368287574547,0.765508112403734,0.7603918537807626,,0.4352144138112192,,0.672892497283833,,0.9679444992200359,,0.954391917600169,,0.8735200432455408,
715.7619226292019,253.5681818181818,0.9180736541748047,Unknown,5.626421184658839,5.473676470746649,5.687367511705412,4.330578059297978,0.15274471391219002,1.2958431253608609,1.1430984114486709,0.6829286251851769,,0.255632217556676,,0.2824375874353053,,0.9435993578504407,,0.9341936111129959,,0.8043439324474446,
716.0200370569241,290.5236,0.7034150958061218,Unknown,3.6897479609672406,3.005021666245943,3.8020639404357173,3.043949421407584,0.6847262947212975,0.6457985395596566,-0.03892775516164093,0.22580171341230876,,0.12019274601664592,,0.9170855948034018,,0.7980087070322811,,0.9890326864459281,,0.6886890452203801,
716.9264609622528,142.89,0.5314369201660156,Unknown,4.420048390462973,4.34735744685921,3.6247770812849964,4.979182854468689,0.07269094360376283,-0.5591344640057168,-0.6318254076094796,0.9232395053266431,,0.4803336350410668,,0.011633459774398953,,0.9954021650632178,,0.6748926030137602,,0.8740973647230489,
717.0501044749301,357.97299999999996,0.8667027950286865,Unknown,3.9944824771323346,3.572872401001318,4.05221359656896,3.843387280610887,0.4216100761310164,0.15109519652144776,-0.27051487960956866,0.3526865168575648,,0.6910776530480802,,0.5965583597202623,,0.8616961145239895,,0.9456878731807212,,0.9196792731614726,
717.3737760874282,43.380272727272725,0.9058888554573059,Unknown,4.276927774410897,4.134590451992879,3.535977961614099,3.3260477049061308,0.142337322418018,0.9508800695047661,0.8085427470867481,0.8357911295004841,,0.11620928315169164,,0.14370205804226177,,0.9914625789913484,,0.9341936111129959,,0.6881210654511394,
717.47186235776,82.93918181818182,0.9346299767494202,PG(16:1(9Z)/16:1(9Z)),5.982189436105885,5.602878495742821,5.624639572542733,5.613038170986968,0.3793109403630641,0.3691512651189166,-0.010159675244147515,0.2288931409000606,,0.08151084377084851,,0.9678112628394053,,0.7980087070322811,,0.9953426349734461,,0.6594525298454849,
717.9296321874222,145.249,0.7319843173027039,Unknown,5.0084298862165815,4.283998430469471,4.582582381964444,4.777739260990671,0.7244314557471103,0.23069062522591022,-0.4937408305212001,0.12741453311324377,,0.310069993129732,,0.31021220283291734,,0.7330532926202694,,0.9341936111129959,,0.8251842306808576,
718.2394019151434,358.9556666666667,0.7470732927322388,Unknown,3.982307056535747,3.479371578792302,3.5139255580944866,3.421361494616494,0.5029354777434447,0.5609455619192527,0.058010084175808,0.10772696576032947,,0.0651812668117174,,0.8594664667906826,,0.7277636160222334,,0.9732124407042216,,0.6265958193010359,
718.5607347593887,401.0655714285714,0.5442842841148376,Unknown,3.0342404305192843,2.9316467616980013,2.8837949357188934,3.1120054136444963,0.10259366882128296,-0.07776498312521207,-0.18035865194649503,0.6178504909690146,,0.6115139988882166,,0.23577049566727304,,0.9191625517023703,,0.9341936111129959,,0.9038550209038823,
719.511776873513,61.603636363636376,0.9317152500152588,Unknown,4.3518064411037285,4.882590056659947,4.605816010293144,3.762415357505747,-0.5307836155562189,0.5893910835979814,1.1201746991542003,0.5476819076003359,,0.4208299694108259,,0.17184297465272438,,0.9072925006558107,,0.9341936111129959,,0.872989332922659,
720.9710509029693,48.87581818181818,0.807769775390625,Unknown,5.092692065909011,4.506853841317516,4.608389508952884,4.91669574354163,0.5858382245914955,0.17599632236738127,-0.4098419022241142,0.590585000157291,,0.8103546802288842,,0.7528220090022155,,0.9142159978346233,,0.9621697557564429,,0.9526888772293054,
721.0463656926803,245.1640909090909,0.8687266707420349,Unknown,5.0843515336892855,5.128593956814146,4.819697687926463,4.944178905739289,-0.04424242312486015,0.14017262794999663,0.18441505107485678,0.88676690504784,,0.6294366679460784,,0.4026115887302201,,0.9954021650632178,,0.9341936111129959,,0.9119126967431223,
721.4841323931701,410.193875,0.6140897870063782,Unknown,4.235909547046852,3.5612320549899743,3.611922477930912,3.314547256950295,0.6746774920568774,0.9213622900965568,0.24668479803967935,0.0026451575482668165,,0.03949948401914963,,0.46830506162586527,,0.247923402933008,,0.9343252415096033,,0.5678883008262753,
722.1449095775341,50.876,0.9642278552055359,Unknown,5.054082270662186,4.921949889697321,5.223737013947018,5.082891369121548,0.13213238096486535,-0.028809098459361415,-0.16094147942422676,0.6766362082896498,,0.6134499381438694,,0.6115937421452036,,0.9435993578504407,,0.9456878731807212,,0.9038550209038823,
722.5436242804298,413.3531000000001,0.8295570611953735,Unknown,4.036244891226296,3.4658505772082644,3.029101294374578,3.957405698889327,0.5703943140180319,0.07883919233696934,-0.4915551216810625,0.0562666214911317,,0.36006300836613375,,0.09651767141289429,,0.6428522382860448,,0.9341936111129959,,0.8457179855678237,
722.7111256451756,242.7711111111111,0.7016230225563049,Unknown,5.264829362551718,5.316929567898243,5.463464250271529,4.457405750889454,-0.05210020534652493,0.807423611662264,0.8595238170087889,0.8748654846230615,,0.335430124643998,,0.3276601187407497,,0.9954021650632178,,0.9341936111129959,,0.8309605221799807,
723.0382998318028,71.65977777777778,0.530562162399292,Unknown,4.164525047772968,4.356880814318205,4.99056415982771,4.8409478633096965,-0.19235576654523712,-0.6764228155367285,-0.48406704899149133,0.6569917033550011,,0.09978114906471752,,0.12187903476451595,,0.9386242468363262,,0.9341936111129959,,0.6706104302567856,
724.1241614803772,282.9626363636364,0.9126434326171875,Unknown,3.9655054365243103,3.848016059435448,4.071372571200911,4.0539781398683745,0.11748937708886231,-0.08847270334406421,-0.20596208043292652,0.7421134730702976,,0.5199111636795591,,0.5500743990427491,,0.9646675789076422,,0.9439759149311477,,0.8791579978112207,
725.0771062953537,245.65190909090913,0.8344603180885315,Unknown,5.63126469106825,5.688211111342543,5.669418128890114,5.496305219518464,-0.05694642027429353,0.13495947154978527,0.1919058918240788,0.7631424905672524,,0.4553688837568004,,0.17927514882048634,,0.9680849820974129,,0.9341936111129959,,0.8740973647230489,
726.0846116273266,246.9910909090909,0.8990184664726257,Unknown,5.733350605824416,5.801035421514648,5.370139732992509,5.531790482131761,-0.06768481569023166,0.20156012369265497,0.2692449393828866,0.7524693711453342,,0.3308966912600263,,0.25687516345888367,,0.9655207487876036,,0.9341936111129959,,0.8288527624284971,
726.1393541310431,472.73330000000004,0.8563993573188782,Unknown,4.0565829252000745,3.9564237640664675,4.120119157719202,4.067943542667049,0.10015916113360701,-0.011360617466974254,-0.11151977860058127,0.7251618654119687,,0.9664124430307812,,0.28805836379231986,,0.9585152349227432,,0.9341936111129959,,0.9946799654543693,
726.35729113546,51.73500000000001,0.9596988558769226,Unknown,5.285583589177828,4.9234496750919545,5.469819948977458,5.355921931871897,0.3621339140858737,-0.07033834269406913,-0.43247225677994283,0.5207757550102087,,0.16881983571831502,,0.4483778446535008,,0.8986119382783423,,0.9341936111129959,,0.7373372735493757,
726.8556872456536,282.391625,0.5232972502708435,Unknown,3.451269454581171,3.8506165091235665,4.311447476242666,3.9647947432779973,-0.3993470545423956,-0.5135252886968265,-0.11417823415443085,0.24223058300063566,,0.17018291589682252,,0.7359318253239683,,0.8079920173605784,,0.9581389861520812,,0.7373372735493757,
727.6761499445736,373.45269999999994,0.7923474907875061,Unknown,3.770044163223092,3.3623257752636735,3.3934773468707977,3.881538887483164,0.4077183879594184,-0.1114947242600719,-0.5192131122194903,0.1255142908234094,,0.3433454727921162,,0.08174609963882865,,0.7304273081055243,,0.9341936111129959,,0.8309605221799807,
729.4699104469134,299.7102727272727,0.9658024907112122,PG(a-13:0/i-18:0);PG(i-12:0/i-19:0);PG(i-13:0/i-18:0),4.515779116485165,4.091230949044522,4.385402344783829,4.212416454395757,0.4245481674406433,0.3033626620894081,-0.12118550535123518,0.08102314718996893,,0.048959196496984735,,0.4592573542873787,,0.6917473486721233,,0.9341936111129959,,0.599921738168829,
729.7827293347108,483.86449999999996,0.8251517415046692,Unknown,3.5275680732189048,3.761370829527202,3.393187500448416,3.685207537322173,-0.23380275630829717,-0.15763946410326835,0.07616329220502882,0.5486515305475134,,0.7219242496740108,,0.7926554366409053,,0.9072925006558107,,0.9670301754768821,,0.9294353092991543,
730.6592094849047,373.43290909090916,0.9621123671531677,Unknown,3.9247414562304797,4.069450946644554,4.022054898466992,4.107767707696559,-0.144709490414074,-0.18302625146607943,-0.03831676105200543,0.10694701241579654,,0.062161116395422295,,0.5567367554627781,,0.7277636160222334,,0.9439759149311477,,0.6252498634505403,
730.7329534206372,43.057545454545455,0.87460857629776,Unknown,3.6021550182491993,3.5954965962052943,3.4420378209801363,3.7602045892729534,0.006658422043904988,-0.15804957102375417,-0.16470799306765915,0.9723213336783421,,0.8252771874839184,,0.816458956424804,,0.9954021650632178,,0.9670301754768821,,0.9563914558871437,
730.818535367644,386.4457272727273,0.931811511516571,Unknown,4.544134691965609,4.1897484692757025,4.406863423577066,4.533352490531722,0.3543862226899064,0.010782201433887195,-0.3436040212560192,0.36389829115843336,,0.7534171779174721,,0.37630677076985614,,0.8659389361669497,,0.9341936111129959,,0.9371914612395388,
730.8367634840444,359.1683,0.8523474931716919,Unknown,4.344489389201088,4.089577837700564,4.153882516371862,4.241304706103823,0.25491155150052336,0.1031846830972647,-0.15172686840325866,0.03883043168156614,,0.1371964898007613,,0.1445952567097328,,0.5632026200334405,,0.9341936111129959,,0.7224764368020604,
731.7917132613186,83.47760000000001,0.847387433052063,Unknown,4.514181589772698,4.212117619291971,4.274023444999841,4.2399104709608535,0.3020639704807273,0.2742711188118445,-0.02779285166888279,0.19026530376492795,,0.1834938078370927,,0.8691042453701815,,0.796329883376522,,0.974808002265388,,0.7395484902407021,
731.8484468217731,300.08418181818183,0.9609869122505188,Unknown,5.002383297988185,4.4959005199243665,4.809600759544534,4.66046413054739,0.5064827780638188,0.3419191674407953,-0.1645636106230235,0.06415415449432084,,0.09090038315490159,,0.3557380901170806,,0.6450447165738393,,0.9341936111129959,,0.6594525298454849,
732.5929955773695,46.25954545454545,0.6990745663642883,Unknown,3.822755851046731,3.4520475355312334,3.941979621715467,3.7972608658122127,0.37070831551549777,0.02549498523451854,-0.3452133302809792,0.018019536408064196,,0.9491121976882507,,0.40258337727737725,,0.387208668927478,,0.9341936111129959,,0.9941310504479282,
732.9196766567104,410.4498181818181,0.9404543042182922,Unknown,4.698537719151228,4.417779891172386,4.560792135039861,4.6185755107861555,0.2807578279788423,0.07996220836507284,-0.20079561961376946,0.10573840488004861,,0.06837248270743602,,0.21721690481966394,,0.7277636160222334,,0.9341936111129959,,0.6265958193010359,
734.5221956723261,105.77227272727274,0.8621649742126465,Unknown,4.22350862673189,4.1287290480668215,4.0534479661537,4.510602853527268,0.0947795786650687,-0.28709422679537777,-0.38187380546044647,0.6638228254405195,,0.37620088814222263,,0.2597009487967058,,0.9394664832246749,,0.9341936111129959,,0.8487157892223886,
735.7888938683946,254.66645454545457,0.9106740951538086,Unknown,4.183045664180829,4.81639990537039,4.676271654803321,4.572971596003172,-0.6333542411895605,-0.3899259318223427,0.24342830936721782,0.1671725056775349,,0.3825372324658065,,0.3096728312769977,,0.7722656567258852,,0.9341936111129959,,0.8518269690545281,
735.9373752942637,281.6334545454545,0.9104294180870056,Unknown,4.683565225179353,3.499036900704027,4.433145539275264,4.331240156659529,1.184528324475326,0.35232506851982404,-0.8322032559555019,0.11432766175800466,,0.6528526266086176,,0.41832802517903356,,0.7277636160222334,,0.9341936111129959,,0.9180456102303685,
736.3084495178043,250.76700000000002,0.8540915846824646,Unknown,3.751462565719626,4.7612093957410035,4.774874327925153,4.395921323659323,-1.0097468300213777,-0.644458757939697,0.3652880720816807,0.13573639335215937,,0.29296572945598753,,0.06425890640407719,,0.7390037456294316,,0.9341936111129959,,0.8191269103859745,
736.7721934265079,51.98736363636363,0.9713225364685059,Unknown,4.444105141946913,4.32484618169061,4.655379234055042,4.687220947307549,0.11925896025630323,-0.24311580536063548,-0.3623747656169387,0.5967108600978963,,0.12750249448768278,,0.09678380343129768,,0.9142159978346233,,0.9341936111129959,,0.7048529319935707,
737.3394956643455,409.21927272727277,0.9506281614303589,Unknown,3.6457089372154954,4.096397857170306,3.9910625925512906,4.1840668754407195,-0.45068891995481053,-0.5383579382252242,-0.08766901827041362,0.41541398835162197,,0.16452559097230496,,0.8315608164463997,,0.8888135497586966,,0.9670301754768821,,0.7373372735493757,
737.943943291353,429.47210000000007,0.7898766994476318,Unknown,3.383455381447906,3.609501968945113,3.5860852700682324,3.4657709236074274,-0.22604658749720707,-0.08231554215952164,0.14373104533768544,0.31199186482153196,,0.6541368616224812,,0.5356499619863581,,0.8472520550068383,,0.9417182934407179,,0.9181961937818626,
738.3556463678565,52.700909090909086,0.8466485142707825,Unknown,4.380547166710895,3.7464887801609543,5.0190084845676015,5.127167700506561,0.6340583865499405,-0.7466205337956664,-1.380678920345607,0.38990601175961614,,0.219727704541134,,0.029181262965713668,,0.86820198711975,,0.8899859596062306,,0.7717149129191864,
738.4846591669055,270.08244444444443,0.6868380308151245,Unknown,3.3135749635129326,3.119912290294525,3.2465339666741473,3.766469274375181,0.19366267321840747,-0.4528943108622485,-0.646556984080656,0.3759156436050125,,0.33187579779279075,,0.16611898000112302,,0.8662226401476409,,0.9341936111129959,,0.8288527624284971,
738.8987567738061,405.4505555555556,0.6974019408226013,Unknown,4.736557740250393,4.723051930950354,3.6791214118946263,4.585701643963435,0.013505809300038862,0.15085609628695806,0.1373502869869192,0.9280736858180378,,0.5598032944896063,,0.6446660097765646,,0.9954021650632178,,0.9536533451648531,,0.8858897875959848,
739.0679614265326,282.36418181818175,0.927173912525177,Unknown,5.136946783380215,4.731747764440612,5.201980135530709,4.49664450724173,0.4051990189396033,0.6403022761384847,0.23510325719888137,0.5079997205782585,,0.4524092126584163,,0.7717488782846884,,0.8969693764809423,,0.9647434629470387,,0.8740973647230489,
739.2104091302695,42.499909090909085,0.9454063773155212,Unknown,3.522487093573123,3.4766025051768517,4.1601535497424535,3.842774984832104,0.0458845883962713,-0.32028789125898083,-0.3661724796552521,0.7874425365723305,,0.17034972134261062,,0.03217237784324267,,0.9719392763225705,,0.8899859596062306,,0.7373372735493757,
742.7024131637517,284.0974545454546,0.8520673513412476,Unknown,4.000162926796475,3.9341310969198653,3.3946216636961335,3.44104513636789,0.06603182987660938,0.5591177904285849,0.4930859605519755,0.9436336714078616,,0.5736979150401298,,0.44221413482529276,,0.9954021650632178,,0.9341936111129959,,0.8955243923975639,
743.1127882473129,50.24118181818182,0.8969331383705139,Unknown,4.178746329254522,4.612984870008858,5.528101744798512,5.587069134147633,-0.4342385407543361,-1.4083228048931113,-0.9740842641387752,0.7274205250763385,,0.10358258587588506,,0.36282828681013995,,0.9596552288595074,,0.9341936111129959,,0.6706104302567856,
744.0656780633482,409.5752727272727,0.9613649845123291,Unknown,5.206084083755319,4.839384470071714,5.122463326215791,5.099483448660693,0.36669961368360493,0.10660063509462603,-0.2600989785889789,0.17423353225405638,,0.08706683986181205,,0.31278505960317277,,0.7722656567258852,,0.9341936111129959,,0.6594525298454849,
744.4966760962184,56.364888888888885,0.6176717877388,Unknown,5.00860920000031,5.199306847685573,4.336024187734978,5.0404182144212655,-0.19069764768526287,-0.03180901442095507,0.1588886332643078,0.741988734237234,,0.921606666023116,,0.7795215338722932,,0.9646675789076422,,0.9667220674675763,,0.9812383931723658,
744.5748168019866,136.89514285714284,0.5182443261146545,Unknown,4.730858387668518,4.856821366708705,4.996503370903939,4.353974832542868,-0.12596297904018705,0.37688355512564975,0.5028465341658368,0.8840915695955298,,0.7343464523024252,,0.481597590624102,,0.9954021650632178,,0.9343252415096033,,0.9324029462115769,
744.745170625156,77.15145454545456,0.776024580001831,Unknown,4.756925764315686,4.942963852789127,5.1549140728946945,5.4508590737846605,-0.18603808847344094,-0.6939333094689744,-0.5078952209955334,0.8137781721778281,,0.40110893281452575,,0.05869154141932271,,0.9803976711543582,,0.9341936111129959,,0.8665916804462865,
744.8522971850678,359.3008,0.8423999547958374,Unknown,4.219394428341585,3.86182079884524,3.9883081843750876,4.12190515098867,0.35757362949634475,0.09748927735291435,-0.2600843521434304,0.005013547405925637,,0.1916841390155378,,0.021524288445462347,,0.27940364191942335,,0.8899859596062306,,0.7500051131879297,
744.8654869828925,88.48688888888888,0.6156092286109924,Unknown,4.608091985516631,5.024969562252615,5.066678193768626,4.57253555742101,-0.4168775767359838,0.03555642809562087,0.4524340048316047,0.7007211093971053,,0.9770862262951406,,0.5170028537352598,,0.9483438975763807,,0.9375398401843495,,0.9948577491685624,
744.8971254359236,250.52200000000002,0.9299836158752441,Unknown,4.928324685516681,5.555951146217855,5.012308796472512,5.3620518502881245,-0.6276264607011743,-0.4337271647714438,0.19389929592973054,0.1713715293200067,,0.31891207716331627,,0.44949896538736983,,0.7722656567258852,,0.9341936111129959,,0.8288527624284971,
745.0879977924795,43.07481818181819,0.785326361656189,Unknown,3.4679567508209934,4.6891522206085385,3.5046471685785177,3.341402806073356,-1.2211954697875451,0.12655394474763737,1.3477494145351825,0.31930294320119756,,0.6653494709744237,,0.27597351275343734,,0.8474231217981774,,0.9341936111129959,,0.919454692032388,
745.2165609491677,373.6755454545455,0.9667282104492188,Unknown,4.537659882129252,4.358096197212564,4.505489261378395,4.57266493385037,0.17956368491668773,-0.03500505172111801,-0.21456873663780573,0.31451895080424436,,0.6914648797286927,,0.23526185182433149,,0.8472520550068383,,0.9341936111129959,,0.9196792731614726,
745.5947928278838,80.729,0.9344188570976257,Unknown,6.05528468146358,6.048236196399844,6.0346241643105865,5.741868348273741,0.00704848506373601,0.3134163331898394,0.3063678481261034,0.9849571591788141,,0.4431224880677427,,0.4554219727600716,,0.9954021650632178,,0.9341936111129959,,0.8735200432455408,
746.8876063875878,139.95274999999998,0.6229762434959412,Unknown,5.504832337341618,5.088104594085607,5.19757893284008,5.2147771577808655,0.41672774325601125,0.29005517956075266,-0.1266725636952586,0.051355141533204016,,0.2896908749828111,,0.5644170772740285,,0.6156645455899226,,0.9439759149311477,,0.8191269103859745,
747.2455486712828,242.47518181818177,0.8497602939605713,Unknown,5.413541383326565,5.538570908472288,5.2780746023643,5.433505382327277,-0.12502952514572296,-0.019963999000712107,0.10506552614501086,0.6302416402663411,,0.937049687275906,,0.6157619406897861,,0.9242946388543352,,0.9481944780819669,,0.9883531042835203,
747.4867240039838,47.732,0.924270749092102,Unknown,4.752730764001115,5.576174863169757,4.563279107671445,5.122265010228546,-0.8234440991686416,-0.36953424622743025,0.45390985294121133,0.3987475504357849,,0.7732290033821813,,0.6448951195990158,,0.8756309361007332,,0.9536533451648531,,0.9480206600612057,
747.5786304259561,471.29822222222214,0.7604332566261292,Unknown,3.5508460248089686,3.299523240727822,3.4724230506701597,3.290979620093573,0.2513227840811467,0.25986640471539557,0.00854362063424885,0.15920328096336983,,0.019214378283350795,,0.954602057709445,,0.7706036745222268,,0.9933123029160053,,0.44456914791582347,
747.6343177135732,268.59736363636364,0.8715715408325195,Unknown,4.656756213324981,4.040768945130259,4.154873608045939,4.638270534068259,0.615987268194722,0.018485679256722065,-0.597501588938,0.3846463087078464,,0.982216097180812,,0.2754130470382203,,0.8662226401476409,,0.9341936111129959,,0.9948577491685624,
747.9800317369951,414.72174999999993,0.5991889834403992,Unknown,3.3550508609828804,3.3387063435015722,3.426928795996578,3.5590837614862334,0.016344517481308163,-0.204032900503353,-0.22037741798466115,0.9428181205501691,,0.4903934779469574,,0.5108617382336004,,0.9954021650632178,,0.9375398401843495,,0.8757873369339121,
748.7581764886198,241.12444444444444,0.6298927664756775,Unknown,5.49557385322765,5.7597142507246595,5.649753973730187,5.087656183007371,-0.2641403974970098,0.4079176702202787,0.6720580677172885,0.308744993069617,,0.32346787284039175,,0.1375171594568544,,0.8472520550068383,,0.9341936111129959,,0.8288527624284971,
749.6447007017077,525.0730000000001,0.5228918194770813,Unknown,3.410955459095541,2.995977682233123,3.2132689797800706,2.952617321696803,0.4149777768624179,0.4583381373987381,0.0433603605363202,0.0017619472050728407,,0.002741380201593286,,0.35381826331319016,,0.20184084093667765,,0.9341936111129959,,0.20269033696022837,
750.1750031412602,49.87809090909091,0.9875870943069458,Unknown,5.169561503565393,4.666219085520773,5.379997772347055,5.104673517564591,0.5033424180446202,0.06488798600080159,-0.4384544320438186,0.36634205900637923,,0.7057522225883777,,0.4036211940144188,,0.8659389361669497,,0.9341936111129959,,0.9235989591949826,
750.6308690169343,295.8020909090909,0.8093559741973877,Unknown,3.187694976058276,3.697686093296269,3.4927076306987948,3.314953360826197,-0.509991117237993,-0.12725838476792095,0.382732732470072,0.07992620252026456,,0.6583980348313212,,0.1464642832247102,,0.6895725087731611,,0.9341936111129959,,0.9187201324214735,
750.6426305498499,415.1165000000001,0.8152872323989868,Unknown,3.5535163515029367,3.2576311206502737,3.012263616929201,3.4132868026457515,0.29588523085266294,0.1402295488571852,-0.15565568199547775,0.10810004086486624,,0.3768660834456968,,0.4541953431121669,,0.7277636160222334,,0.9341936111129959,,0.8492872831311767,
752.3254612708636,270.3285454545455,0.7269788384437561,Unknown,3.944619251473848,3.760087070805653,3.852837505146373,3.77785964501567,0.184532180668195,0.16675960645817778,-0.01777257421001721,0.5840637214831643,,0.6762409098836255,,0.9565135902470864,,0.91168765609257,,0.9933123029160053,,0.9195697788067687,
752.443616094784,35.17445454545455,0.9774802923202515,Unknown,3.9009926533826036,3.809502385899879,4.2434595088566915,3.915251540528098,0.09149026748272471,-0.014258887145494281,-0.10574915462821899,0.8699347380723891,,0.9750519424067599,,0.7697781905174521,,0.9954021650632178,,0.9647434629470387,,0.9946799654543693,
752.7600258176083,484.5576666666667,0.7595840692520142,Unknown,3.5974596687632285,3.3805520454521445,3.4910857133305253,3.576620951215683,0.21690762331108404,0.020838717547545738,-0.1960689057635383,0.19704812932280072,,0.747377863566549,,0.199603419541238,,0.7967966888619453,,0.9341936111129959,,0.9356971188064506,
753.1983780187522,243.5732727272727,0.8720275163650513,Unknown,4.882548032290658,5.35675085675386,4.880399475837514,5.147997014197183,-0.4742028244632017,-0.2654489819065251,0.20875384255667662,0.1247722846923438,,0.32089953472976984,,0.08742606558790843,,0.7304273081055243,,0.9341936111129959,,0.8288527624284971,
753.2566639462952,286.2656363636364,0.9197539687156677,Unknown,3.865394860973876,3.926676917082695,3.7292029407859166,3.589390917168116,-0.061282056108819205,0.27600394380576,0.3372859999145792,0.8521204168897749,,0.2892157311818611,,0.24718886592223538,,0.9954021650632178,,0.9341936111129959,,0.8191269103859745,
755.3269858374734,298.1147272727273,0.949137270450592,Unknown,3.868259398559001,3.49937016192372,3.51820090978527,3.5948996963301365,0.36888923663528095,0.2733597022288645,-0.09552953440641643,0.6503173832012789,,0.7221999297576147,,0.7971051770213495,,0.9357672324920007,,0.9670301754768821,,0.9294353092991543,
756.8506084255777,46.253454545454545,0.8523063659667969,Unknown,3.6521424020083546,3.7993632778597743,4.08838674706321,4.589555035346852,-0.14722087585141974,-0.9374126333384978,-0.790191757487078,0.8064119165596881,,0.29423236012135917,,0.29427020899415046,,0.9794402964076038,,0.9341936111129959,,0.8191269103859745,
757.2370676850311,43.17209090909091,0.908687949180603,Unknown,3.851218009307036,3.417304519629433,3.427981695649165,3.310807497696926,0.4339134896776029,0.5404105116101099,0.10649702193250699,0.33656947709143653,,0.2515845105848562,,0.39777778208148035,,0.860651080547679,,0.9341936111129959,,0.8043439324474446,
757.591506976248,298.7169090909091,0.9689574241638184,Unknown,4.576363618331874,4.5334936440502425,4.650389233057646,4.464680117009795,0.04286997428163186,0.11168350132207916,0.0688135270404473,0.9220224182212393,,0.7875256212674393,,0.6529122044169442,,0.9954021650632178,,0.954391917600169,,0.9484584234184341,
758.0299495376082,106.60045454545453,0.9105161428451538,Unknown,4.039221395635867,4.293608475194877,4.571036549442129,4.650316043886779,-0.2543870795590104,-0.6110946482509121,-0.3567075686919017,0.6855543298213465,,0.2315655751956775,,0.4228055226521491,,0.9442364465268377,,0.9341936111129959,,0.7905434040620646,
758.4658136136147,246.2457,0.6755228042602539,Unknown,4.858239387763423,5.093475179619981,5.560889849237446,5.006470671864515,-0.23523579185655752,-0.148231284101092,0.08700450775546553,0.5948758206093636,,0.7224682087755863,,0.8301752324106004,,0.9142159978346233,,0.9670301754768821,,0.9294353092991543,
758.6466813159361,410.39533333333327,0.7072691917419434,Unknown,3.5616353523975657,3.565007937745149,3.6470648359753044,3.8115192635830515,-0.0033725853475834455,-0.2498839111854858,-0.24651132583790236,0.9897227538645539,,0.4039852034008712,,0.35785617457341135,,0.9973911563499249,,0.9341936111129959,,0.8665916804462865,
759.308764966447,80.39950000000002,0.8134744763374329,Unknown,4.56995555779157,4.4210941983900955,4.4561451862368795,4.015689612903185,0.14886135940147405,0.5542659448883844,0.4054045854869104,0.5562626869423674,,0.27663699371583345,,0.3640410912001542,,0.9072925006558107,,0.9341936111129959,,0.8186638975532324,
760.0437436139232,43.38699999999999,0.6909018158912659,Unknown,3.9951199387722127,3.918042206280537,3.694266966500451,3.322753012213564,0.07707773249167582,0.6723669265586487,0.5952891940669729,0.9303460923994045,,0.34334503099662195,,0.370726709978902,,0.9954021650632178,,0.9341936111129959,,0.8309605221799807,
760.078102115745,473.28799999999995,0.9696074724197388,Unknown,5.103777481756496,4.476118312674639,4.918913347182823,5.0503819467393285,0.6276591690818574,0.05339553501716754,-0.5742636340646898,0.24212597404775774,,0.1642003941836642,,0.2778848003135521,,0.8079920173605784,,0.9341936111129959,,0.7373372735493757,
760.9675981839071,299.5959090909091,0.9193704724311829,Unknown,5.368254688252556,4.613947880209811,5.083955102861472,4.798418746057729,0.7543068080427444,0.5698359421948265,-0.18447086584791794,0.10865729982476972,,0.060418693806742335,,0.6564237456803579,,0.7277636160222334,,0.954391917600169,,0.6240166054463303,
761.579250766162,281.5129090909091,0.9413179755210876,Unknown,4.9733594692922685,4.9010570002077625,4.866104917120351,4.702206246660171,0.072302469084506,0.2711532226320976,0.19885075354759163,0.6357374553742847,,0.36385903948818904,,0.4481617882668665,,0.9270796555740983,,0.9341936111129959,,0.8457179855678237,
762.338791166941,411.34260000000006,0.8782580494880676,Unknown,4.269854342412416,3.815914369778488,3.974555571679093,3.8905569993292204,0.45393997263392816,0.37929734308319585,-0.07464262955073231,0.004497545908970748,,0.022870359689561633,,0.5912945849060108,,0.27276293130287305,,0.9456878731807212,,0.4623400164693734,
762.4434052591167,51.08872727272726,0.9676513671875,Unknown,5.271805488695548,4.650091103150234,5.1773168073226365,5.155017721590514,0.6217143855453138,0.11678776710503325,-0.5049266184402805,0.21107847097225488,,0.005638287692747718,,0.29308035208073185,,0.7975119100181354,,0.9341936111129959,,0.23252298444891592,
762.6064835254821,251.85763636363637,0.8556699752807617,Unknown,5.082710085344569,5.034953549637925,4.205629031044534,5.635520282179542,0.047756535706644065,-0.5528101968349723,-0.6005667325416164,0.784194833834703,,0.16279910188179328,,0.16519064365631164,,0.9719392763225705,,0.9341936111129959,,0.7373372735493757,
762.7121067999374,375.8521,0.6854269504547119,Unknown,2.8736243929622254,2.9640356291829058,2.902821115665798,2.9433770986559615,-0.09041123622068037,-0.06975270569373615,0.02065853052694422,0.6325810667057512,,0.6234940675520584,,0.9284197146520408,,0.9261034628240976,,0.9919178505764291,,0.9085828744115507,
763.9991186378174,246.6242727272727,0.8973309397697449,Unknown,5.155940403977845,5.438501954852442,4.988971284083364,5.320147366762168,-0.2825615508745969,-0.16420696278432256,0.11835458809027433,0.4587268308459563,,0.6688973429891034,,0.8164889625446407,,0.8940403829908903,,0.9670301754768821,,0.9195697788067687,
764.7392563392178,280.42254545454546,0.9216726422309875,Unknown,4.0520222650441164,4.2938520409378995,3.744329943933449,4.330911464206305,-0.24182977589378307,-0.27888919916218846,-0.03705942326840539,0.24451358818283261,,0.491585109657142,,0.9158018174785063,,0.8079920173605784,,0.9882837729166245,,0.8757873369339121,
766.8404301765306,539.2729999999999,0.782051682472229,Unknown,4.142962369650779,3.5597691827536977,3.6024232313256945,3.7338087721907556,0.5831931868970814,0.40915359746002355,-0.17403958943705788,0.008759579489643487,,0.009457020929940644,,0.24210042641408797,,0.3139265442465625,,0.9341936111129959,,0.29105040533638216,
766.9561775860705,44.76645454545454,0.8818758130073547,Unknown,4.285502305033747,4.093232024340119,3.6808838182156842,3.5007159311331013,0.19227028069362806,0.7847863739006455,0.5925160932070175,0.819596982671864,,0.17639501749675135,,0.4308113535629609,,0.9848537169402003,,0.9341936111129959,,0.7373372735493757,
767.0828080796049,409.9418888888888,0.6057470440864563,Unknown,3.4233130422946316,3.2212350534231575,3.468434775000518,3.9459384317053225,0.2020779888714741,-0.5226253894106909,-0.724703378282165,0.5878280567080622,,0.19437763085743615,,0.02100382176677783,,0.9140098623710701,,0.8899859596062306,,0.7502770326369649,
768.408874882398,408.97381818181816,0.9151641130447388,Unknown,3.55243912524964,3.894158028910633,3.5842086895257146,3.5932764668094883,-0.3417189036609929,-0.040837341559848195,0.3008815621011447,0.2722447606084895,,0.5660667556487995,,0.3338298892124614,,0.8219161001093782,,0.9341936111129959,,0.891695683840966,
768.973937570975,282.25290909090904,0.8710764050483704,Unknown,3.766730959536336,4.457032410923818,3.422773720705897,3.899766968944125,-0.6903014513874823,-0.13303600940778892,0.5572654419796934,0.2863860768594993,,0.6030052640590562,,0.3797764345523926,,0.8412081061029737,,0.9341936111129959,,0.9028912947607407,
769.767717975905,72.10499999999999,0.5988438129425049,Unknown,4.465309599376963,4.078327065841011,3.427426468054581,4.184847479822978,0.386982533535952,0.2804621195539845,-0.10652041398196754,0.6956333005641019,,0.7601021028441934,,0.9041047426139233,,0.9468605457729028,,0.9852521345129869,,0.9407746314914327,
769.9849310242561,79.00809090909091,0.9542438983917236,Unknown,4.49747157613148,4.63320272232011,5.1893680972834275,4.757698005820963,-0.13573114618862991,-0.2602264296894825,-0.1244952835008526,0.841913133242767,,0.6385515468901674,,0.7662663495797707,,0.9924664829350389,,0.9647434629470387,,0.9159720463142764,
770.0859992887092,282.818,0.6252962946891785,Unknown,3.451768689875575,3.699225369890898,3.862134303778779,3.924282327050079,-0.24745668001532328,-0.472513637174504,-0.22505695715918073,0.5264419114647126,,0.2613489232285849,,0.2554051468998824,,0.8986119382783423,,0.9341936111129959,,0.8096454007707824,
771.1514640665872,78.88427272727273,0.9282613396644592,Unknown,5.761880730733402,5.314260188647697,5.149555344297576,5.404565655798037,0.4476205420857058,0.3573150749353653,-0.09030546715034049,0.39530272150733603,,0.17700096663581616,,0.8477901016230488,,0.8689916969596236,,0.9720975361780841,,0.7373372735493757,
771.4424556686856,387.7889,0.8037400841712952,Unknown,4.015244652239607,3.2644538616320617,3.4975965764619636,3.4966365993251025,0.7507907906075455,0.5186080529145047,-0.23218273769304076,0.17132587170794134,,0.2892449690689351,,0.6253853007718113,,0.7722656567258852,,0.9481944780819669,,0.8191269103859745,
771.8417047457359,47.83454545454545,0.9577196836471558,Unknown,4.810407836027722,4.051896550444202,5.719264770074885,5.88335052014519,0.7585112855835199,-1.0729426841174678,-1.8314539697009877,0.5168051115490511,,0.26969132776688715,,0.08282207108832551,,0.8986119382783423,,0.9341936111129959,,0.8157630027059882,
772.5330139042621,240.40190909090916,0.8615086078643799,Unknown,5.0231610603322725,5.227442461268207,4.95736592248937,4.9752559026522905,-0.20428140093593417,0.04790515767998205,0.2521865586159162,0.3486638986790851,,0.723380384954635,,0.1750386407315598,,0.8616961145239895,,0.9341936111129959,,0.9294353092991543,
772.7842779047979,51.31227272727272,0.8628234267234802,Unknown,4.791680163082329,5.889637573325373,6.103063049924981,4.847627274616108,-1.097957410243044,-0.055947111533778404,1.0420102987092656,0.24941982992693917,,0.962206379803768,,0.3311577282731778,,0.808653599543001,,0.9341936111129959,,0.9946799654543693,
773.0912012806631,410.44,0.9590437412261963,Unknown,4.699947226497572,4.406404040002958,4.270480717797372,4.375454594683478,0.2935431864946141,0.3244926318140937,0.03094944531947963,0.014103768689422987,,0.001399799015517711,,0.6651372203708436,,0.3681262156656987,,0.954391917600169,,0.1595815416303236,
773.5335701427229,79.62,0.9334099888801575,"PG(18:0/18:2(9Z,12Z));PG(18:1(11Z)/18:1(11Z));PG(18:1(11Z)/1",6.275848050367107,6.005298764512655,6.016707637568404,5.8482270565888745,0.27054928585445204,0.42762099377823226,0.15707170792378022,0.46480502148626707,,0.17412784656821387,,0.5905727229709294,,0.8969592270190967,,0.9456878731807212,,0.7373372735493757,
774.5139497405635,40.824,0.9269141554832458,Unknown,3.6048738474611213,3.5233379872278707,3.51488762867328,3.570591503068936,0.08153586023325055,0.03428234439218514,-0.04725351584106541,0.5257746337788667,,0.5926078535410455,,0.6966312011909157,,0.8986119382783423,,0.9575520026139989,,0.9013476837791984,
775.9315657688952,269.57127272727274,0.9206990003585815,Unknown,4.0774634088715205,4.05027577243831,4.29464900741151,4.0537065362104165,0.02718763643321065,0.023756872661103934,-0.0034307637721067152,0.9240265586377499,,0.9375559090993646,,0.9746327619397221,,0.9954021650632178,,0.9953426349734461,,0.9883531042835203,
777.2627018754326,375.7161,0.870070219039917,Unknown,3.5402684669442386,3.6969113972628627,3.570333652804047,3.9073485872432663,-0.15664293031862409,-0.3670801202990277,-0.21043718998040362,0.4322026801602701,,0.05615846193947459,,0.20101160093772208,,0.8890951892318769,,0.9341936111129959,,0.6117935649074577,
777.3211774877553,248.23322222222225,0.6074080467224121,Unknown,4.237223784029766,4.849650724855389,3.869274194675945,4.750288146786578,-0.6124269408256229,-0.5130643627568121,0.09936257806881077,0.23143026518200974,,0.2959982465207214,,0.7378127210173947,,0.7980087070322811,,0.9581389861520812,,0.8191269103859745,
777.5597635876306,48.97863636363636,0.967582106590271,Unknown,4.799379894709664,4.209310039336563,5.007502776804399,4.5932799681454135,0.590069855373101,0.20609992656425025,-0.3839699288088507,0.16747658180020686,,0.7014766621879274,,0.5546581059069029,,0.7722656567258852,,0.9439759149311477,,0.9235989591949826,
778.2150656867968,42.153090909090906,0.8155710697174072,Unknown,3.75698032334387,3.349635788510149,3.4018350149560437,3.120355919588942,0.407344534833721,0.636624403754928,0.229279868921207,0.4992180190194011,,0.3242731530560312,,0.423057802071557,,0.8969592270190967,,0.9341936111129959,,0.8288527624284971,
778.3892186668157,387.37162500000005,0.6009813547134399,Unknown,4.037739137386356,3.981311927398684,3.3797373378838715,3.444375979886813,0.05642720998767192,0.5933631574995428,0.5369359475118709,0.9579136554077395,,0.4368205782319339,,0.5212102917107688,,0.9954021650632178,,0.9386337305743279,,0.8735200432455408,
778.3932753548071,241.25581818181817,0.8514519929885864,Unknown,4.558698730663552,4.807173660224473,4.699010063648178,4.782772725481972,-0.24847492956092143,-0.22407399481842027,0.024400934742501157,0.4408905530737952,,0.5066905235401822,,0.94242555756597,,0.8890951892318769,,0.9921208594574054,,0.8791579978112207,
778.487795556349,287.9197777777778,0.6967442035675049,Unknown,3.590488721923817,3.210636655566196,3.079357240781544,3.3417516032459447,0.3798520663576208,0.24873711867787218,-0.13111494767974863,0.2592724380141763,,0.6056137935910584,,0.7918176946739901,,0.813523745154896,,0.9670301754768821,,0.9028912947607407,
778.6650215214178,105.25354545454543,0.9770506620407104,Unknown,4.531026963162287,4.149545956106882,4.372849197040978,4.5017822109983925,0.3814810070554042,0.029244752163894105,-0.3522362548915101,0.0639616173964733,,0.8436293877492669,,0.004598088165345082,,0.6450447165738393,,0.4207300363488151,,0.9563914558871437,
779.3190290812988,415.4690909090909,0.8968852162361145,Unknown,3.2380303505354533,3.8286580279594618,2.9150288060833867,3.163893076529177,-0.5906276774240085,0.07413727400627623,0.6647649514302847,0.521257894380691,,0.8107108603462059,,0.4497080566877413,,0.8986119382783423,,0.9341936111129959,,0.9526888772293054,
780.230550272294,47.67988888888888,0.545568585395813,Unknown,3.604975337676232,3.5769934677429664,3.5578876908134407,2.9842055371699843,0.027981869933265457,0.6207698005062476,0.5927879305729822,0.9150987311642036,,0.06694078025821744,,0.054097492576611915,,0.9954021650632178,,0.9341936111129959,,0.6265958193010359,
782.0595315659461,473.2635,0.8696075081825256,Unknown,4.167304720524341,3.9789474305905705,4.027781701444655,4.1352011052537145,0.18835728993377066,0.03210361527062666,-0.156253674663144,0.08075882252646101,,0.15366106992225242,,0.12497156722656615,,0.6917473486721233,,0.9341936111129959,,0.7357931083347601,
782.399054569262,283.2259090909091,0.8812253475189209,Unknown,3.610435198261198,3.5698930706838117,3.522141079668307,3.2272055132155444,0.04054212757738629,0.3832296850456536,0.3426875574682673,0.8664491909952475,,0.1757689476671525,,0.09902214829571485,,0.9954021650632178,,0.9341936111129959,,0.7373372735493757,
782.5030232779235,96.1391,0.7742472290992737,Unknown,3.7318111591286978,3.3804980713018353,3.5697307797636646,4.0923936377044114,0.35131308782686244,-0.3605824785757137,-0.7118955664025761,0.24689193607050436,,0.6046976154753527,,0.3445556370659165,,0.808653599543001,,0.9341936111129959,,0.9028912947607407,
782.5619884286414,296.7704545454546,0.9397556781768799,Unknown,4.086890109369547,3.5667197630414034,4.053749005050168,3.9160319991727417,0.5201703463281433,0.17085811019680497,-0.3493122361313383,0.23522629438126205,,0.6666747737900071,,0.290130910066338,,0.8016437494920924,,0.9341936111129959,,0.919454692032388,
782.7389776408254,485.16100000000006,0.5105509161949158,Unknown,3.0476796899522327,2.914254733727905,2.9283166692946105,3.38057346908191,0.13342495622432793,-0.3328937791296771,-0.46631873535400503,0.5184642524275895,,0.25718536807891307,,0.04939291381598767,,0.8986119382783423,,0.9341936111129959,,0.8051269092036252,
784.2361265234808,298.872,0.8361828327178955,Unknown,4.106240959572548,4.491377613982434,4.128089695743184,4.092195364525126,-0.38513665440988554,0.01404559504742231,0.39918224945730785,0.3594083372281729,,0.9730943571319235,,0.42107596913255235,,0.8659389361669497,,0.9341936111129959,,0.9946799654543693,
784.4380345885456,376.89759999999995,0.8083668351173401,Unknown,3.2709268009182697,3.937857898051631,4.40798802919917,3.371550021080921,-0.6669310971333613,-0.10062322016265135,0.56630787697071,0.4416953141615054,,0.05636595132394363,,0.5086009058387837,,0.8890951892318769,,0.9375398401843495,,0.6117935649074577,
785.2595052130699,48.479818181818175,0.9583063721656799,Unknown,3.5189348516647834,3.6583346577001845,4.089996381489958,3.7655199429390414,-0.13939980603540114,-0.24658509127425798,-0.10718528523885684,0.8147964514633805,,0.6939965805234003,,0.7890470557564739,,0.9803976711543582,,0.9667220674675763,,0.9196792731614726,
786.2442987534968,251.6209090909091,0.9130072593688965,Unknown,4.320685960014998,4.531030203829931,5.397947811045327,4.464026807382695,-0.21034424381493277,-0.14334084736769714,0.06700339644723563,0.8288288809927485,,0.8771827103148047,,0.9373448260007549,,0.9867460358498636,,0.9921208594574054,,0.9639810616993636,
786.2690362480297,410.80209090909096,0.9491408467292786,Unknown,4.3294272239642,4.552744639884699,4.750681897666338,4.828936769363782,-0.2233174159204987,-0.49950954539958214,-0.27619212947908345,0.6344033560141493,,0.25360193363459044,,0.33299507140424883,,0.9270796555740983,,0.9341936111129959,,0.8043439324474446,
786.5288636236265,300.07436363636356,0.9657974243164062,"PS(18:0/18:2(9Z,12Z));PS(18:1(9Z)/18:1(9Z));PS(18:2(9Z,12Z)/",5.054552143976722,4.556883718473806,4.482254478864586,4.8351582761268235,0.49766842550291646,0.21939386784989878,-0.2782745576530177,0.3531684837425677,,0.1660126297593287,,0.5801551745959355,,0.8616961145239895,,0.9456878731807212,,0.7373372735493757,
787.050590655339,250.64881818181814,0.8009021282196045,Unknown,5.170094131244368,5.355120444257227,4.055047956140172,3.4829144607452913,-0.18502631301285888,1.6871796704990767,1.8722059835119356,0.7100853851851976,,0.029923816178338995,,0.002097388069117463,,0.9520231538356294,,0.34383676601584684,,0.5460434421215488,
787.1867816414701,409.29144444444444,0.5637295246124268,Unknown,3.850628726247649,2.976625787141446,3.103948242314517,3.790234365457452,0.874002939106203,0.06039436079019689,-0.8136085783160061,0.14684959712626044,,0.9327519649159608,,0.17080319103047198,,0.7500917755689107,,0.9341936111129959,,0.9858198624585911,
787.2763573576434,50.21881818181817,0.8864995241165161,Unknown,4.493998347833278,3.3617138285620496,3.3585962841198347,4.844337938434234,1.1322845192712285,-0.35033959060095565,-1.4826241098721842,0.23571604832448056,,0.7949112032443718,,0.2015465499885402,,0.8016437494920924,,0.9341936111129959,,0.9484584234184341,
788.1999574960133,358.53988888888887,0.7502114772796631,Unknown,3.192321547255831,3.107405478047214,3.115445599924529,3.140668684853692,0.08491606920861727,0.051652862402138844,-0.03326320680647843,0.769371277270215,,0.7802925259125439,,0.8883742348023189,,0.9693889862128761,,0.97906342713115,,0.9484584234184341,
788.6479293398668,50.74181818181818,0.9872847199440002,Unknown,5.793788557504765,4.662807750395329,5.643453904621137,5.599160706963974,1.1309808071094363,0.19462785054079124,-0.936352956568645,0.15723938480970173,,0.006156627180884355,,0.22380695869789258,,0.7697225800029147,,0.9341936111129959,,0.24892088719575567,
790.9533471778536,410.0712727272727,0.8207812905311584,Unknown,3.7456727839825867,3.283154241585208,3.3067971784819012,4.127006216717951,0.4625185423973788,-0.38133343273536413,-0.8438519751327429,0.007333804504842179,,0.5938104232861522,,0.2714514635149005,,0.3098216482842187,,0.9341936111129959,,0.9013476837791984,
791.3783922474544,253.08218181818177,0.8938587307929993,Unknown,5.337886908097768,5.701769463216967,5.6689253321560695,5.1052420586161995,-0.36388255511919887,0.23264484948156827,0.5965274046007671,0.5368802884634796,,0.7683277202474206,,0.34877438794143917,,0.9059305685856749,,0.9341936111129959,,0.9450277567243969,
791.3896622386596,389.873,0.9156010746955872,Unknown,3.5267951932542267,4.149839695055853,4.108352864508819,4.136962052394966,-0.6230445018016262,-0.6101668591407394,0.012877642660886757,0.35139451542562405,,0.3606785593085008,,0.8713880881411905,,0.8616961145239895,,0.974808002265388,,0.8457179855678237,
792.097147375758,50.56466666666667,0.6197013854980469,Unknown,5.0205246851777305,4.792318570287197,4.898741697183724,4.630951578224107,0.22820611489053366,0.38957310695362324,0.16136699206308958,0.7365104362642264,,0.6248605968021035,,0.836699456518484,,0.9646675789076422,,0.9676243854969792,,0.908617286236875,
792.3998855418987,36.64863636363636,0.9862774610519409,beta-D-Glucosyloxydestruxin B,5.294301587426049,4.926091546483123,5.273513863188467,5.032000986630506,0.36821004094292586,0.26230060079554285,-0.10590944014738302,0.16584606202476915,,0.13399612995356425,,0.7030451018842427,,0.7722656567258852,,0.9581389861520812,,0.7158031605291437,
793.4404126450695,283.71181818181816,0.8883995413780212,Unknown,4.204604013319352,3.8816738020248978,3.650046965194439,4.128087170418329,0.3229302112944539,0.07651684290102256,-0.2464133683934313,0.07720305967398544,,0.39493671433801797,,0.13379321529485214,,0.6840804939362677,,0.9341936111129959,,0.862133777309593,
793.7158797416178,56.34036363636364,0.9460834860801697,Unknown,5.276892838240719,5.1308720384760464,5.215990075926456,4.5231193210842635,0.1460207997646723,0.7537735171564552,0.6077527173917829,0.6835077032370172,,0.00855233815131865,,0.14757622465655787,,0.9435993578504407,,0.9341936111129959,,0.27169031054297976,
794.2102260813026,524.7375714285714,0.5772574543952942,Unknown,3.580373192698682,3.16688301567338,3.136671040295375,2.9835275603301796,0.41349017702530233,0.5968456323685025,0.1833554553432002,0.07611936706278118,,0.01615492564841901,,0.11224903410705005,,0.6840804939362677,,0.9341936111129959,,0.42706995752615384,
794.5611545596257,248.21869999999998,0.7305560111999512,Unknown,4.87122140327057,4.415663927499976,4.201043096659859,4.366527360038348,0.45555747577059424,0.504694043232222,0.049136567461627756,0.3998603377588447,,0.33322935987062274,,0.8342252991909201,,0.8760552321523419,,0.9670301754768821,,0.8288527624284971,
795.2446698828087,374.7843,0.8716561198234558,Unknown,3.40395189683654,3.4830049825550837,3.395321343984634,3.6764792412850418,-0.07905308571854386,-0.2725273444485019,-0.19347425872995805,0.6298799568679265,,0.06986194114403871,,0.2175210372605887,,0.9242946388543352,,0.9341936111129959,,0.6344734251126901,
795.2515339292189,398.8156363636363,0.9224998950958252,Unknown,4.0292845224484415,3.998867976282271,5.461204173034263,5.927256457446563,0.03041654616617029,-1.8979719349981217,-1.928388481164292,0.8626490858139306,,0.10132000717281855,,0.1005687444317769,,0.9954021650632178,,0.9341936111129959,,0.6706104302567856,
796.4620720853222,400.29172727272726,0.9610540866851807,Unknown,6.802925284361021,6.683171881898571,5.156119236584268,5.014625232077827,0.11975340246245025,1.7883000522831942,1.668546649820744,0.5511870604144525,,0.12289663581718248,,0.14877491264211481,,0.9072925006558107,,0.9341936111129959,,0.6923848717350554,
797.3418657113168,274.70909090909095,0.9409984350204468,Unknown,3.7723265778664135,3.7231006914882303,3.955704207332426,3.5529893009979223,0.04922588637818315,0.21933727686849114,0.170111390490308,0.7975169883701175,,0.15207803925503854,,0.3608136697230731,,0.9762690413707179,,0.9341936111129959,,0.7351711427863571,
797.7095502056421,48.105727272727265,0.9694375991821289,Unknown,4.810360061850798,4.751589595052578,4.901944647490028,5.250879085062362,0.05877046679821962,-0.44051902321156433,-0.49928949000978395,0.9121276606020924,,0.0650670655907259,,0.3881038411427007,,0.9954021650632178,,0.9341936111129959,,0.6265958193010359,
797.7098681692902,41.9824,0.8096626400947571,Unknown,3.594408375807936,3.5702457819160194,3.7389495137997275,3.3168930528950855,0.02416259389191655,0.2775153229128504,0.25335272902093386,0.942980506920731,,0.4039152886588797,,0.41759847929752353,,0.9954021650632178,,0.9341936111129959,,0.8665916804462865,
798.17986460019,76.43,0.9488794803619385,Unknown,4.53384284918518,4.721883014114078,4.49419448775728,4.438247886229935,-0.18804016492889808,0.09559496295524461,0.2836351278841427,0.6178846072847888,,0.3837948006893241,,0.4560235446082221,,0.9191625517023703,,0.9341936111129959,,0.8527854299799421,
798.2162262610268,280.186,0.9559503197669983,Unknown,3.7711441466332265,3.7606345644066277,3.7159219853692536,3.612320768069107,0.010509582226598813,0.15882337856411954,0.14831379633752073,0.9080839552857691,,0.31320545331018257,,0.3850631122510033,,0.9954021650632178,,0.9341936111129959,,0.8258691109022972,
798.7503794629001,295.60044444444446,0.5878244042396545,Unknown,3.099397734374012,4.1002381657900004,3.356639972848507,3.7964100970339003,-1.0008404314159884,-0.6970123626598883,0.30382806875610013,0.19752996985500793,,0.31429019421006565,,0.7322677357844974,,0.7967966888619453,,0.9581389861520812,,0.8268266863845994,
799.8070770809675,47.452090909090906,0.954454243183136,Unknown,4.7412644370245625,4.30189233626696,5.008177523399533,4.926697113345323,0.4393721007576028,-0.18543267632076077,-0.6248047770783636,0.5075861978797699,,0.7254836438927307,,0.454255108618104,,0.8969693764809423,,0.9341936111129959,,0.9297372739010631,
800.5215862904536,280.8523,0.7423622012138367,Unknown,3.9045562137513854,3.6402041412761768,3.8226208585518586,3.7821129296919964,0.26435207247520864,0.12244328405938898,-0.14190878841581966,0.5525429099315493,,0.7979602956761627,,0.5396789805303587,,0.9072925006558107,,0.9417182934407179,,0.9484584234184341,
800.6297759311308,361.0095,0.7551489472389221,Unknown,3.7166709953808,3.4506342126865888,3.288873171634445,3.6211317914297223,0.2660367826942114,0.09553920395107784,-0.17049757874313354,0.09554783548947439,,0.570706540282296,,0.3092047081370538,,0.7150338109748187,,0.9341936111129959,,0.8935435733197374,
800.8488457817424,266.4230909090909,0.9216236472129822,Unknown,3.4699371196623683,3.76538631758487,3.561736568704677,4.0760900589791715,-0.29544919792250157,-0.6061529393168033,-0.3107037413943017,0.4125213521529863,,0.2653649545262251,,0.44217652644563316,,0.886465534977753,,0.9341936111129959,,0.8124275167583956,
802.9488780134227,50.97981818181818,0.9012730717658997,Unknown,4.707647984411796,4.507242072856106,4.7890780440641905,4.525587512554369,0.20040591155569043,0.1820604718574268,-0.018345439698263633,0.20204830020323317,,0.4187152628387655,,0.9416715897455864,,0.7967966888619453,,0.9921208594574054,,0.8697340981825961,
802.9566709214553,249.3077272727273,0.89530348777771,Unknown,4.607027685072201,4.81710917011552,4.928759059510548,4.748783911845493,-0.21008148504331903,-0.1417562267732917,0.06832525827002733,0.5295475820980964,,0.6772868263697895,,0.8534138845140535,,0.9016314420093802,,0.9720975361780841,,0.9195697788067687,
803.6769468321547,269.174125,0.5403030514717102,Unknown,3.802888015744282,3.4148902626840827,3.634939970279097,3.6800450023724203,0.38799775306019946,0.12284301337186188,-0.2651547396883376,0.08636668170910936,,0.7585728521974437,,0.47864726215137426,,0.7046230338559829,,0.9343252415096033,,0.9398183533982815,
804.0625255788595,62.121,0.5791345238685608,Unknown,4.116256949834622,3.895339507745355,4.004760777047192,4.293393136246018,0.22091744208926745,-0.1771361864113956,-0.39805362850066306,0.514024365090553,,0.7413340658134592,,0.5169231735057225,,0.8986119382783423,,0.9375398401843495,,0.9349424120534269,
804.3895083835773,411.0521818181818,0.9630807638168335,Unknown,3.9567468170934093,3.8360840943694137,3.724895128298037,3.605357306248189,0.12066272272399559,0.3513895108452201,0.2307267881212245,0.44243152424511784,,0.2020314951663248,,0.4402496224327372,,0.8890951892318769,,0.9341936111129959,,0.7607065471326157,
804.3958858717556,412.071,0.7010250091552734,Unknown,3.868405552069133,3.2596944604949876,3.763035031880076,3.246387933863925,0.6087110915741456,0.622017618205208,0.013306526631062354,0.11882236697244605,,0.15696764339030317,,0.9568351222053585,,0.7304273081055243,,0.9933123029160053,,0.7357931083347601,
804.3991151293438,39.10627272727272,0.9928374886512756,Unknown,4.551188770768861,4.150357140111702,4.504521952223246,4.343777065728727,0.40083163065715866,0.2074117050401343,-0.19341992561702437,0.04763545154196568,,0.018423155117191895,,0.2683968779228648,,0.6047393306865833,,0.9341936111129959,,0.4417272773447638,
804.5899457117907,34.199636363636365,0.964402973651886,Phosphatidylethanolamine alkyl 20;Phosphatidylethanolamine a,3.694431931801688,3.3790701681743927,3.6131125802003297,3.564625010276485,0.3153617636272954,0.12980692152520312,-0.18555484210209228,0.26072238149567944,,0.6674560126945075,,0.6384467384128811,,0.813523745154896,,0.9536533451648531,,0.919454692032388,
804.9472440898484,510.08912499999997,0.6252501606941223,Unknown,4.155063656953588,3.4795591990236225,3.5268424849994657,3.8708697426761733,0.6755044579299652,0.28419391427741436,-0.3913105436525508,0.0034361453947492782,,0.07365116488400746,,0.05154418719476543,,0.27276293130287305,,0.9341936111129959,,0.6490115469693307,
805.3361593268497,373.847,0.656101644039154,Unknown,3.021530192224407,2.7019677268248166,3.04264448480665,2.704913931409243,0.3195624653995903,0.3166162608151639,-0.002946204584426404,0.4231280009239295,,0.42971268622794817,,0.9871237767264263,,0.8890951892318769,,0.9972960620048666,,0.8735200432455408,
805.6714689802797,291.86245454545457,0.9016391634941101,Unknown,4.804349714109471,3.5580952079380683,4.490679952949968,4.517606010703347,1.246254506171403,0.286743703406124,-0.959510802765279,0.02875027430651567,,0.0768657183917582,,0.05579217832476235,,0.50984214897667,,0.9341936111129959,,0.6553828616246611,
805.8631371695941,300.81718181818184,0.9588561058044434,Unknown,4.76548568265386,3.8645308392463065,4.130335143902962,4.3804295296390565,0.9009548434075532,0.3850561530148031,-0.51589869039275,0.09089705480392407,,0.15588173774017802,,0.24866969841320619,,0.7046230338559829,,0.9341936111129959,,0.7357931083347601,
806.1033276631216,472.25699999999995,0.5516423583030701,Unknown,3.6040592670496534,3.155963698933759,3.362487813383618,3.2197267911837035,0.44809556811589424,0.3843324758659499,-0.06376309224994436,0.04390166400024695,,0.05778280699389805,,0.632476328987944,,0.5955607313717711,,0.9497907325298682,,0.6205632709448843,
806.2233825007393,249.6740909090909,0.8074021935462952,Unknown,4.460448559100027,4.3574810030839055,4.824287065924228,4.4561025660665585,0.10296755601612162,0.004345993033468609,-0.09862156298265301,0.7429459847986593,,0.992517655850355,,0.8548410738227104,,0.9646675789076422,,0.9720975361780841,,0.9994646497252948,
807.3148915570691,95.73122222222223,0.5807938575744629,Unknown,3.5060949295965433,3.180183227735324,3.4320268500722375,4.433978447259502,0.3259117018612194,-0.9278835176629587,-1.2537952195241782,0.3300920330401744,,0.050070910548996934,,0.030457552353519424,,0.8550876534281906,,0.8899859596062306,,0.6033830894284244,
807.3203877461252,290.8917272727273,0.9284667372703552,Unknown,5.105665370493054,4.369726965057241,4.895784169793831,4.963807425512511,0.7359384054358129,0.1418579449805435,-0.5940804604552694,0.13232543556546614,,0.38802464712607826,,0.20384343819680517,,0.7334813121935246,,0.9341936111129959,,0.8535031276542437,
808.2017788388326,401.29562500000003,0.588283896446228,Unknown,3.441876047700937,3.2234519605396925,3.637843717954949,3.5818386938394227,0.21842408716124462,-0.13996264613848552,-0.35838673329973014,0.5750657872152776,,0.6616267658433114,,0.37639229699375343,,0.910896507211941,,0.9341936111129959,,0.919454692032388,
808.3945788243292,37.26436363636364,0.98260498046875,Unknown,5.296474407060489,5.041079671145916,5.267544174257861,5.142964945864577,0.2553947359145736,0.15350946119591224,-0.10188527471866138,0.31979653022606663,,0.2031386877673041,,0.693579423147356,,0.8475841199564902,,0.9575520026139989,,0.7607065471326157,
808.6660489116783,97.33481818181818,0.9758824706077576,Unknown,4.333170268841395,4.350154669240624,4.370422291749399,4.379949140318693,-0.016984400399228328,-0.04677887147729809,-0.029794471078069762,0.9169469664313776,,0.6173720811930624,,0.83396468885179,,0.9954021650632178,,0.9670301754768821,,0.9052823952933148,
809.6040947875077,49.48663636363636,0.7524170279502869,Unknown,3.7590310259869106,3.826047247341094,3.498759295364973,3.899208973519078,-0.06701622135418317,-0.1401779475321674,-0.07316172617798422,0.8032018607200254,,0.5522614684359815,,0.8223142565314223,,0.9778944512473403,,0.9670301754768821,,0.8844087084608109,
810.2080632154231,374.519,0.961395800113678,Unknown,4.082913660431459,3.595839429499371,4.043170177654218,4.220853380862802,0.48707423093208835,-0.1379397204313424,-0.6250139513634307,0.30598629484198914,,0.19240615878536804,,0.20968164615188795,,0.8472520550068383,,0.9341936111129959,,0.7502770326369649,
810.8280852914625,48.60136363636364,0.9703376293182373,Unknown,3.4995659536946246,4.000086319053067,3.2081326666455876,3.664644382695071,-0.5005203653584425,-0.16507842900044656,0.3354419363579959,0.2259104445942554,,0.10803806293713712,,0.38073054609134976,,0.7980087070322811,,0.9341936111129959,,0.6854599562350054,
811.4890532121573,92.75590909090909,0.8573775291442871,Unknown,3.4516488116739743,3.5590143530473264,4.689819407703131,3.5784258050639615,-0.10736554137335208,-0.12677699338998716,-0.019411452016635078,0.4611914575712233,,0.6069203745068648,,0.9339717206638091,,0.896565912473612,,0.9921208594574054,,0.9028912947607407,
812.1766164881366,298.83681818181816,0.9660239815711975,Unknown,4.310008450423568,4.265296920143961,4.258663698332359,4.227022685860677,0.04471153027960639,0.0829857645628902,0.0382742342832838,0.8611928335203377,,0.47377128038354416,,0.8725194192669372,,0.9954021650632178,,0.974808002265388,,0.8740973647230489,
812.316183580014,399.74637500000006,0.526417076587677,Unknown,3.193288404736188,3.4454472972728354,3.143781584478191,3.4154154399745713,-0.25215889253664736,-0.22212703523838329,0.030031857298264075,0.5882049439298068,,0.4369064303286347,,0.9480925931484123,,0.9140098623710701,,0.9933123029160053,,0.8735200432455408,
812.5040874733797,244.84166666666664,0.5886909365653992,Unknown,3.907912540093907,4.674538486677163,3.4933666844424693,3.9890231213159275,-0.7666259465832557,-0.08111058122202053,0.6855153653612351,0.3114659727319819,,0.8740725955862152,,0.4279952319123965,,0.8472520550068383,,0.9341936111129959,,0.9627872286852435,
812.732686705618,286.2295,0.7189874053001404,Unknown,3.9720197783606843,3.8208393879165405,3.767706592176594,4.232743015908153,0.15118039044414378,-0.26072323754746884,-0.4119036279916126,0.5363173649984572,,0.3406165151981449,,0.23306120614261353,,0.9059305685856749,,0.9341936111129959,,0.8309605221799807,
813.0152828449998,388.035,0.86285001039505,Unknown,4.3693986498674064,4.183868799718793,4.284199624006886,4.396985947253114,0.18552985014861356,-0.027587297385707643,-0.2131171475343212,0.08963276796421632,,0.6043435415627515,,0.0779751581809872,,0.7046230338559829,,0.9341936111129959,,0.9028912947607407,
814.2383530191975,249.91645454545457,0.8874388337135315,Unknown,5.027724794991463,4.0664222535403685,5.328508721461931,4.413060953454203,0.9613025414510945,0.6146638415372596,-0.3466386999138349,0.19637306298702323,,0.5117071255022937,,0.6882083013634316,,0.7967966888619453,,0.9575520026139989,,0.8791579978112207,
814.2937150045207,33.591727272727276,0.9690990447998047,Unknown,4.102227860947419,3.4886956656492054,4.1227966298920595,3.895713538074373,0.6135321952982138,0.20651432287304639,-0.4070178724251674,0.11086440990989335,,0.2826336200882548,,0.3013759096443026,,0.7277636160222334,,0.9341936111129959,,0.8191269103859745,
814.9779495092699,48.237909090909085,0.9262146353721619,Unknown,4.471054506063829,3.404687781177515,4.045675179767103,4.43791322628876,1.0663667248863136,0.03314127977506853,-1.033225445111245,0.26154960050020604,,0.9742165132242759,,0.21977793548478983,,0.813523745154896,,0.9341936111129959,,0.9946799654543693,
815.0178199488672,411.1734545454546,0.9583377242088318,Unknown,4.534821172217148,3.97382827317168,4.427217079626728,4.47960091670587,0.560992899045468,0.05522025551127818,-0.5057726435341898,0.09048053377411996,,0.3299949436505438,,0.11498916207421012,,0.7046230338559829,,0.9341936111129959,,0.8288527624284971,
815.324199842898,358.50329999999997,0.8495252132415771,Unknown,3.6886077765973586,3.7105344649142906,3.7811112203260007,3.6765973372796075,-0.021926688316932008,0.012010439317751143,0.03393712763468315,0.9225446705184754,,0.9730604513346056,,0.9157827404601901,,0.9954021650632178,,0.9882837729166245,,0.9946799654543693,
815.6648151476661,372.94888888888886,0.6208045482635498,Unknown,2.9600023585327944,2.9061108819255197,2.9795396608649822,3.0911777093025883,0.05389147660727467,-0.13117535076979392,-0.1850668273770686,0.8118491656559697,,0.5785281718329272,,0.501683750842106,,0.9803976711543582,,0.9375398401843495,,0.8969345767285403,
816.0257348873124,250.40436363636363,0.8613661527633667,Unknown,5.565414868953,5.812814823250979,5.31263323590491,5.438377599647207,-0.247399954297979,0.1270372693057933,0.3744372236037723,0.3614491764664918,,0.6758573944545859,,0.19549686299750355,,0.8659389361669497,,0.9341936111129959,,0.9195697788067687,
816.8650168470608,49.74945454545454,0.9771263003349304,Unknown,5.094304241718953,4.944781598086269,5.799472699403383,5.656986793160427,0.1495226436326833,-0.5626825514414744,-0.7122051950741577,0.8441948837949382,,0.23006414043967147,,0.2965026222873273,,0.9924664829350389,,0.9341936111129959,,0.7881271695877057,
817.3677066678654,436.88239999999996,0.8437020778656006,Unknown,3.742268574808371,3.3242472130624043,3.1574101498658127,3.0842614257576018,0.4180213617459665,0.6580071490507691,0.23998578730480258,0.05859676063270491,,0.0020349859189196986,,0.2599598939859784,,0.6428522382860448,,0.9341936111129959,,0.20269033696022837,
819.4278103874625,408.73472727272724,0.9455686211585999,Unknown,3.5898098961560017,3.9877167808687077,4.306608521360335,4.043877963745214,-0.3979068847127061,-0.4540680675892119,-0.056161182876505844,0.4806359373510583,,0.11624054111334993,,0.9087366573335666,,0.8969592270190967,,0.9872576329935797,,0.6881210654511394,
819.5428571898797,44.876,0.8906750679016113,Unknown,4.411051841447079,4.750277327674415,3.5896767335743585,3.344889144059748,-0.3392254862273365,1.0661626973873308,1.4053881836146673,0.6203192350331437,,0.171551495063919,,0.03673739448873834,,0.9191625517023703,,0.9220602104908759,,0.7373372735493757,
819.718563385908,297.37663636363635,0.917904257774353,Unknown,3.9269674605324525,3.621375261752732,3.934755377934227,3.6427320004987194,0.30559219877972055,0.2842354600337331,-0.021356738745987425,0.30869359620365916,,0.27194903217829947,,0.9446621963317567,,0.8472520550068383,,0.9921208594574054,,0.8183982418140834,
820.5394953401574,284.821,0.6306382417678833,Unknown,4.15369055714482,3.870769987547176,3.722204701093742,3.7770312684195955,0.282920569597644,0.3766592887252247,0.0937387191275807,0.13748618304154067,,0.18371855677750587,,0.7539068698068221,,0.7393027089682752,,0.9621697557564429,,0.7395484902407021,
820.6190449332153,36.3538,0.7954152822494507,Unknown,3.3087263629840145,2.791852183340973,3.34345462062543,3.7212613293790517,0.5168741796430414,-0.4125349663950373,-0.9294091460380787,0.10623598841050375,,0.43475241512854995,,0.11088520263372754,,0.7277636160222334,,0.9341936111129959,,0.8735200432455408,
820.8243038254923,402.7126999999999,0.7672826647758484,Unknown,4.791102665731201,4.787564579746621,3.0650981726094395,4.859514279513176,0.0035380859845801638,-0.0684116137819748,-0.07194969976655496,0.9806538586622817,,0.03526188944677878,,0.6302388837519661,,0.9954021650632178,,0.949441296879383,,0.5602471319855509,
820.836133229894,70.3729090909091,0.8360949754714966,Unknown,5.046578687180749,4.329976052745169,4.957147396620343,4.802686460699845,0.7166026344355796,0.24389222648090403,-0.47271040795467556,0.15763681608597124,,0.3528674861742747,,0.2686815797568362,,0.7697225800029147,,0.9341936111129959,,0.8404927161945523,
821.4445029114348,56.306363636363635,0.9261513948440552,Unknown,4.897752537270583,4.624701217318941,4.935345145952647,4.597132812154698,0.27305131995164267,0.30061972511588486,0.027568405164242193,0.5512093054457388,,0.6453053359436294,,0.9711049949207536,,0.9072925006558107,,0.9953426349734461,,0.917668691528113,
822.0219427009937,62.205099999999995,0.6518413424491882,Unknown,4.044461826887717,4.597449569466222,3.9101168829100086,4.331783287437226,-0.5529877425785052,-0.28732146054950913,0.2656662820289961,0.13287688167686923,,0.6838497379934738,,0.6816877037554951,,0.734563351253899,,0.954391917600169,,0.9195697788067687,
822.8397137314666,265.69718181818183,0.9399649500846863,Unknown,3.7001106700624127,3.9596374359887423,3.9193887674160948,4.058036541762655,-0.2595267659263296,-0.35792587170024204,-0.09839910577391242,0.4298205068560105,,0.3103433046389258,,0.5449751639535034,,0.8890951892318769,,0.9435254307910361,,0.8251842306808576,
823.9706202050784,295.7468888888889,0.5662156939506531,Unknown,3.0487098288936263,3.0264600343836485,3.0996949602190274,3.674794155964241,0.02224979450997777,-0.6260843270706147,-0.6483341215805924,0.9392532364688269,,0.2494797696564444,,0.19696144533850446,,0.9954021650632178,,0.9341936111129959,,0.8038018962252578,
824.1182640355628,471.3925555555555,0.7746358513832092,Unknown,3.3611117005743623,3.181069242015153,3.3776264813178196,3.2165808642602394,0.18004245855920908,0.1445308363141229,-0.035511622245086194,0.3844472636421075,,0.46543152636509444,,0.8002420073622583,,0.8662226401476409,,0.9670301754768821,,0.8740973647230489,
824.7456249409726,266.1897272727273,0.7688565850257874,Unknown,4.086547509762474,3.391868042378442,3.651519749891549,4.158837254241573,0.6946794673840322,-0.07228974447909842,-0.7669692118631306,0.005607668181972001,,0.9045445334547104,,0.2404458809849518,,0.28907529478065663,,0.9341936111129959,,0.9734606180244861,
825.8963405181407,40.68118181818182,0.9476810097694397,Unknown,3.8831481700312396,3.5862471683250803,4.000943298900275,3.8580422417869134,0.2969010017061593,0.025105928244326225,-0.27179507346183307,0.2466499870540341,,0.8935254989520726,,0.12678201018331378,,0.808653599543001,,0.9341936111129959,,0.9702209472560156,
826.0844904367494,277.71827272727273,0.904120922088623,Unknown,3.727403402133607,4.106232368397565,3.9357076066874295,3.568097772592241,-0.3788289662639581,0.15930562954136596,0.5381345958053241,0.2107363170346689,,0.5838331248845972,,0.05500168547935603,,0.7975119100181354,,0.9341936111129959,,0.8970669921848281,
826.1593547279765,409.5752727272727,0.960858941078186,Unknown,4.9454714028734115,4.579905688638476,4.495367862143963,4.8574059366413715,0.36556571423493534,0.08806546623203992,-0.2775002480028954,0.24436855562505963,,0.15829005076177663,,0.35881163939851435,,0.8079920173605784,,0.9341936111129959,,0.7367812295051545,
826.3978665319096,48.08363636363636,0.9766683578491211,Unknown,3.838221240303744,4.143722786402312,4.0446417883714325,4.239987120739333,-0.3055015460985677,-0.4017658804355895,-0.09626433433702175,0.10880303894884034,,0.2722994544965812,,0.7738724633785887,,0.7277636160222334,,0.9647434629470387,,0.8183982418140834,
827.6867627063257,243.5802727272727,0.8530271649360657,Unknown,4.178432995899455,4.254541856977334,4.316975520042574,4.309069498001897,-0.07610886107787884,-0.13063650210244138,-0.054527641024562534,0.7120826874268891,,0.6181559711799162,,0.7520298788527323,,0.9534509749832761,,0.9621697557564429,,0.9052823952933148,
827.8427519978322,372.35172727272726,0.9164639115333557,Unknown,3.6503205588667096,3.2464402864729247,3.4937095148026063,3.6494813060523352,0.4038802723937849,0.0008392528143743583,-0.4030410195794105,0.07187932600306216,,0.9957235975094036,,0.02954981322192103,,0.6706568788159012,,0.8899859596062306,,0.9994646497252948,
828.639608182776,373.6751818181819,0.9648584127426147,Unknown,3.748135006684066,3.6829705604107605,3.619376533806192,3.8925543901107615,0.06516444627330564,-0.14441938342669536,-0.209583829700001,0.501226912095561,,0.20155155357047794,,0.020867968255463845,,0.8969592270190967,,0.8899859596062306,,0.7607065471326157,
828.8142103234972,358.9022,0.8523449897766113,Unknown,4.080162500382009,3.734201718841678,3.8781906421876577,3.9478484622856347,0.3459607815403314,0.13231403809637454,-0.21364674344395684,0.01383244170698182,,0.1152263894491163,,0.0200036768304864,,0.3674558186250609,,0.8899859596062306,,0.6881210654511394,
829.5331471493612,397.15985714285716,0.5018065571784973,Unknown,3.294775653189427,3.7462864799988953,3.326102936147758,3.309072194776752,-0.4515108268094683,-0.014296541587325073,0.43721428522214323,0.09996779579980956,,0.953191670493184,,0.19045712680113397,,0.7248129255790547,,0.9341936111129959,,0.9941310504479282,
829.5498207745907,298.19269999999995,0.8426187038421631,Unknown,3.5685462110441883,3.6456743976971757,3.7914365351481627,3.496615001000748,-0.07712818665298737,0.07193121004344016,0.14905939669642754,0.8307425403663256,,0.8843881372979643,,0.7324284031006145,,0.9867460358498636,,0.9581389861520812,,0.9669185255081667,
829.639937508059,47.37354545454546,0.8732705116271973,Unknown,4.154825079224938,3.955683644189834,4.062373005772921,4.032627760830167,0.1991414350351044,0.12219731839477177,-0.07694411664033263,0.510484671917099,,0.7782211825124626,,0.8359969419027155,,0.8969693764809423,,0.9676243854969792,,0.9482657407148426,
829.661784480157,239.90350000000004,0.6866943836212158,Unknown,4.258318050914578,4.572931908478046,4.4827594406226225,4.128131447256873,-0.3146138575634678,0.1301866036577053,0.4448004612211731,0.1684640038079011,,0.48749368061663734,,0.023752464668672254,,0.7722656567258852,,0.8899859596062306,,0.8740973647230489,
829.8827946467775,107.62277777777777,0.6259810924530029,Unknown,4.438584424956441,3.4208635226552975,3.9730562423521563,3.563516941651334,1.0177209023011438,0.8750674833051071,-0.14265341899603667,0.07070612215162457,,0.08873901587439302,,0.7969740378190098,,0.66573526884315,,0.9670301754768821,,0.6594525298454849,
830.9559804099532,35.69018181818182,0.9177541136741638,Unknown,3.9116226010724517,3.6730024300793507,3.9030365199647656,3.693984668901279,0.23862017099310107,0.21763793217117255,-0.02098223882192851,0.26986018752146385,,0.3358292319068383,,0.9421556703964951,,0.8183113333371448,,0.9921208594574054,,0.8309605221799807,
830.9741035886195,42.914636363636355,0.7828465700149536,Unknown,3.60882146246017,3.3642491889707977,3.613466325598988,3.5127719596176115,0.24457227348937227,0.09604950284255853,-0.14852277064681374,0.20596304955398098,,0.7105784102418906,,0.49959437589601174,,0.7975119100181354,,0.9375398401843495,,0.9255923448634102,
831.3177563026685,286.1446363636364,0.8967041969299316,Unknown,5.100200478850684,4.038908754685669,4.07617909341807,3.900792481929651,1.0612917241650148,1.1994079969210327,0.1381162727560179,0.11188258482591053,,0.043595624693951424,,0.8211936613569177,,0.7277636160222334,,0.9670301754768821,,0.5804936219507998,
831.6115383131955,147.411,0.808908224105835,Unknown,4.194041844563855,4.0291048133936105,3.8482452058804926,4.125051749839025,0.16493703117024427,0.06899009472483009,-0.09594693644541419,0.3344880366482141,,0.6579599199281474,,0.5745216799482304,,0.860651080547679,,0.9456878731807212,,0.9187201324214735,
832.0019410975251,299.5882727272727,0.9666782021522522,Unknown,4.78678121305002,4.42036197612945,3.491231736343523,4.536683202994339,0.3664192369205699,0.2500980100556811,-0.11632122686488877,0.525695194594984,,0.47429133602429624,,0.8475563335297718,,0.8986119382783423,,0.9720975361780841,,0.8740973647230489,
832.7879619449457,412.76254545454543,0.941133439540863,Unknown,3.5764152507629574,3.2344042182714094,3.1286440887924414,3.1561572899736507,0.34201103249154796,0.42025796078930666,0.0782469282977587,0.04915708615169411,,0.005623149089024824,,0.5991657812213451,,0.6047393306865833,,0.9456878731807212,,0.23252298444891592,
832.8724255145108,287.24199999999996,0.918724775314331,Unknown,5.352556295555345,4.46378647189405,4.927977777369453,4.847325990656265,0.8887698236612955,0.5052303048990803,-0.38353951876221526,0.3496540809454252,,0.2155989030014375,,0.665553250749225,,0.8616961145239895,,0.954391917600169,,0.7674886532446056,
833.3788298398115,405.9491,0.6335774660110474,Unknown,3.3932556497350173,3.059509627235679,3.5389652332636006,3.739787336689922,0.33374602249933805,-0.34653168695490466,-0.6802777094542427,0.2858734719834711,,0.33069775368763715,,0.11507125253947416,,0.840900284208156,,0.9341936111129959,,0.8288527624284971,
834.0687385320645,299.83336363636363,0.9563316702842712,Unknown,5.742194403831351,4.7434931539521905,5.18769716553984,5.063363289417346,0.9987012498791605,0.6788311144140051,-0.3198701354651554,0.044982814273668514,,0.032710281121689895,,0.37579424207058654,,0.5984165356922869,,0.9341936111129959,,0.5602471319855509,
836.1979118284551,247.84527272727271,0.8061213493347168,Unknown,4.126533631287678,4.490465889144007,4.157946451037246,4.387133010730884,-0.36393225785632843,-0.26059937944320577,0.10333287841312266,0.4422765090622276,,0.44379542109764825,,0.8102568220432212,,0.8890951892318769,,0.9670301754768821,,0.8735200432455408,
836.8822571181896,92.04718181818181,0.7943899631500244,Unknown,3.7243391646698996,3.920302669141843,3.7595910186762556,3.2228419164292563,-0.19596350447194366,0.5014972482406432,0.6974607527125869,0.5539038395723888,,0.11788033604277103,,0.1282410024722531,,0.9072925006558107,,0.9341936111129959,,0.6881210654511394,
837.233215426832,266.78754545454547,0.8631105422973633,Unknown,3.322210743602888,3.3727840973147036,3.3707037409531746,3.559730877278477,-0.050573353711815816,-0.23752013367558922,-0.1869467799637734,0.8770488838823036,,0.7037054536767281,,0.7841931549188668,,0.9954021650632178,,0.9667220674675763,,0.9235989591949826,
837.7387994488688,297.6467,0.8112161755561829,Unknown,4.67922953131115,2.9500730850399166,3.380538714476478,4.530358507120268,1.7291564462712334,0.14887102419088194,-1.5802854220803515,0.057182177661640125,,0.8710262828999116,,0.05088268786953306,,0.6428522382860448,,0.9341936111129959,,0.9623977718257107,
837.8762518010044,43.116727272727275,0.9390668869018555,Unknown,3.597964245645422,3.5644765891298777,3.7134206968793144,3.670642980335426,0.033487656515544195,-0.07267873469000419,-0.10616639120554838,0.8725404136538643,,0.7240204671414574,,0.24180186103285714,,0.9954021650632178,,0.9341936111129959,,0.9294353092991543,
838.1910171532919,245.6507272727273,0.8790868520736694,Unknown,3.9733853425770165,4.130412184973153,4.100317861903985,4.102191472769202,-0.1570268423961365,-0.12880613019218545,0.02822071220395106,0.3452648145694382,,0.07206790710508244,,0.8650301937000965,,0.8616961145239895,,0.974808002265388,,0.6405345881494827,
838.2269785366876,399.7986363636364,0.926133930683136,Unknown,4.749120036037514,4.617294229804403,4.76190286341159,3.9875891304845807,0.13182580623311058,0.7615309055529331,0.6297050993198225,0.5625743900565521,,0.2537300220172258,,0.35924385740715586,,0.9072925006558107,,0.9341936111129959,,0.8043439324474446,
839.5683235590678,48.989727272727265,0.9625212550163269,Unknown,4.164520780834349,4.109054364202022,3.734688423331305,3.93578195458097,0.055466416632326876,0.22873882625337894,0.17327240962105206,0.9227532541409358,,0.4649134638817479,,0.7791756805728731,,0.9954021650632178,,0.9667220674675763,,0.8740973647230489,
839.8709267641298,50.086999999999996,0.6598002314567566,Unknown,3.570592578172294,3.6341958789247593,3.7541546637583387,4.044501696872292,-0.06360330075246523,-0.47390911869999774,-0.4103058179475325,0.9220270942999753,,0.4828810563562153,,0.6441817476917694,,0.9954021650632178,,0.9536533451648531,,0.8740973647230489,
839.9374954696455,73.54566666666666,0.5711650252342224,Unknown,4.156379346508817,4.387114308588569,4.044393467649594,4.577917854974426,-0.23073496207975275,-0.42153850846560914,-0.1908035463858564,0.7492956520456893,,0.5181548895107218,,0.7640458320922823,,0.9647804747258556,,0.9647434629470387,,0.8791579978112207,
842.0781613974286,247.84509090909089,0.8195069432258606,Unknown,4.553453237699853,5.340601407402818,4.307745852632671,5.0597759807888085,-0.7871481697029648,-0.5063227430889556,0.2808254266140091,0.1250856341072945,,0.1868523830082931,,0.33868271978754166,,0.7304273081055243,,0.9341936111129959,,0.7438023431720084,
842.2239307633173,247.23563636363633,0.8781395554542542,Unknown,5.20786540868482,4.883951899295378,5.077669735683154,4.907215774458414,0.32391350938944186,0.30064963422640645,-0.023263875163035408,0.2814291155579443,,0.42277224846365746,,0.9570786159084792,,0.8329790067647403,,0.9933123029160053,,0.8735200432455408,
842.3976226210348,49.7610909090909,0.9843106865882874,Unknown,4.641821516885709,4.648581536458984,4.464147302513118,4.505298680098563,-0.006760019573275322,0.1365228367871456,0.14328285636042093,0.984191266430155,,0.6070680519331513,,0.7195357988310187,,0.9954021650632178,,0.9581389861520812,,0.9028912947607407,
842.4379224576016,281.74454545454546,0.8962967395782471,Unknown,3.6378006428230543,3.5757256558345447,3.8880901341861813,3.5461003090067824,0.06207498698850955,0.09170033381627185,0.0296253468277623,0.8454862899812464,,0.6786742304442954,,0.9204277378375789,,0.9925778077022781,,0.9891073250224165,,0.9195697788067687,
843.0300616492772,373.5856,0.865362823009491,Unknown,4.3899636875209795,4.124263404984248,4.096122923245561,4.355308605436481,0.2657002825367316,0.03465508208449819,-0.23104520045223342,0.0348183070528368,,0.5829504131474262,,0.031133877184961953,,0.5465623686447973,,0.8899859596062306,,0.8970669921848281,
843.0517551245148,358.98333333333335,0.7497605085372925,Unknown,3.8472316930394435,3.4567831548638366,3.5755832083199532,3.7765569964002768,0.3904485381756069,0.0706746966391667,-0.3197738415364402,0.008257492326569721,,0.5169471079035081,,0.03679724931071297,,0.3139265442465625,,0.9220602104908759,,0.8791579978112207,
843.1353154293838,485.0565,0.6644399762153625,Unknown,3.789548672052734,3.6872538344028896,3.506103928330563,3.648494324906569,0.10229483764984426,0.14105434714616472,0.038759509496320455,0.4980997729829046,,0.3251806886316264,,0.790060878206418,,0.8969592270190967,,0.966828208226489,,0.8288527624284971,
843.4412042445767,410.92277777777775,0.7090901136398315,Unknown,3.5795586945548536,3.5158640658212907,3.3283713692031514,3.3822746328886875,0.06369462873356291,0.1972840616661662,0.13358943293260328,0.7424048307304046,,0.13949714704323565,,0.5147315203389213,,0.9646675789076422,,0.9375398401843495,,0.7254911932139494,
843.4801001420797,43.1640909090909,0.8898745179176331,Unknown,3.9150111343312837,3.581216893984856,3.984917021651728,3.3896313379926766,0.3337942403464278,0.5253797963386071,0.1915855559921793,0.6146852502149303,,0.408993939509641,,0.5278421066296827,,0.9191625517023703,,0.939387126377869,,0.866747690923823,
843.9295085483645,410.93700000000007,0.8752010464668274,Unknown,4.195700742755382,3.611298326004739,3.910203204311724,3.944914525809507,0.5844024167506432,0.2507862169458752,-0.333616199804768,0.010943011456875242,,0.021587784307848076,,0.06513968537113621,,0.34188620642540524,,0.9341936111129959,,0.44955230319902073,
844.5989324535786,69.51054545454545,0.8328828811645508,PS(16:0/24:1(15Z));PS(16:1(9Z)/24:0);PS(18:0/22:1(13Z)),4.234354311043887,4.351311071745261,4.89644016213955,4.60552375547979,-0.11695676070137395,-0.3711694444359024,-0.25421268373452843,0.6900864099792856,,0.34190919087036287,,0.4547023315810969,,0.9453373220162753,,0.9341936111129959,,0.8309605221799807,
844.8570927966139,79.01018181818182,0.9204652309417725,Unknown,3.7375193295981775,4.108651014580191,4.8702463900557635,3.9922367209120835,-0.3711316849820139,-0.254717391313906,0.11641429366810785,0.3496126095879081,,0.6987201570150103,,0.86707698931795,,0.8616961145239895,,0.974808002265388,,0.9230952188122031,
845.5932133949875,272.4802222222222,0.5665083527565002,Unknown,4.016008406282117,3.763615667741965,3.4188437923350774,3.7931332071624895,0.25239273854015165,0.22287519911962717,-0.029517539420524486,0.5630123897394361,,0.6580174150425082,,0.9412545906854308,,0.9072925006558107,,0.9921208594574054,,0.9187201324214735,
845.7418383368171,254.1711818181818,0.8918697834014893,Unknown,4.8317950939598004,4.88530639132613,3.7457458878503007,4.909925706903258,-0.0535112973663292,-0.07813061294345758,-0.024619315577128376,0.9510425669787769,,0.9290607371845723,,0.9764500493987587,,0.9954021650632178,,0.9953426349734461,,0.9845595367455153,
845.767006006411,279.68409090909097,0.9535523056983948,Unknown,4.0394053086562955,4.2396763856004,4.29216996176111,3.776473838558603,-0.2002710769441043,0.26293147009769235,0.46320254704179664,0.4357150128988068,,0.280890780894559,,0.18232194237153057,,0.8890951892318769,,0.9341936111129959,,0.8191269103859745,
846.0345703678186,293.3444,0.7525288462638855,Unknown,3.4924436551591644,3.4091589333434804,3.986651573081036,3.588074639221377,0.08328472181568403,-0.09563098406221249,-0.1789157058778965,0.6746640451184993,,0.5949695202813924,,0.27587110863339337,,0.9435993578504407,,0.9341936111129959,,0.9013476837791984,
847.459942387613,296.54118181818177,0.9292865991592407,Unknown,4.0987862030754805,3.8402406501986093,4.057262933183849,3.6173381939324916,0.2585455528768712,0.4814480091429889,0.2229024562661177,0.4813229570594242,,0.10968561009252943,,0.6034120608843201,,0.8969592270190967,,0.9456878731807212,,0.6875695115034599,
847.8246081025712,298.7457,0.8263385891914368,Unknown,3.436644786978595,3.7603635949009706,3.677337848830599,3.5539515843569007,-0.3237188079223756,-0.11730679737830574,0.20641201054406988,0.6411233147476214,,0.870748132840454,,0.5314632848607287,,0.9298985478533239,,0.9417182934407179,,0.9623977718257107,
848.2520192452054,280.3085,0.8238950967788696,Unknown,4.314735320827848,4.058117871379781,3.86732410565064,4.1147481007829505,0.25661744944806664,0.1999872200448971,-0.05663022940316953,0.4529241074178618,,0.6577589723296471,,0.8832037732972501,,0.8890951892318769,,0.9769118469260648,,0.9187201324214735,
848.8525457768909,55.218454545454534,0.921614944934845,Unknown,4.528132209130068,4.100502904754748,4.528242237560212,4.586335734489661,0.4276293043753201,-0.058203525359592945,-0.48583282973491304,0.3680414769842904,,0.8609474556672109,,0.38809533004432134,,0.8659389361669497,,0.9341936111129959,,0.9593662838515993,
850.602789800027,67.78981818181819,0.9405339360237122,Unknown,4.9739909868121925,4.617686252304815,4.899521390459448,4.513526284553641,0.3563047345073773,0.46046470225855174,0.10415996775117442,0.5368076243009078,,0.24736886880178333,,0.8746938753792536,,0.9059305685856749,,0.974808002265388,,0.8038018962252578,
850.6663706595411,278.3058,0.7104676961898804,Unknown,3.970107418056744,3.8584089950790563,4.290888075516278,3.857707331293783,0.11169842297768762,0.11240008676296087,0.0007016637852732543,0.735728547190262,,0.4772174867217018,,0.9983503703984893,,0.9646675789076422,,0.9999676890838645,,0.8740973647230489,
850.7079487183969,267.63627272727274,0.9204351902008057,Unknown,4.254292395411046,4.476631149201938,4.302504274285935,4.262340923109836,-0.22233875379089252,-0.008048527698790053,0.21429022609210246,0.33683095150435355,,0.9576080622770444,,0.2582293424543518,,0.860651080547679,,0.9341936111129959,,0.9946799654543693,
850.8280332560488,43.236636363636364,0.9474655389785767,Unknown,3.5420870283472023,3.390259586674732,3.7224792548968426,3.7756948272643416,0.15182744167247053,-0.23360779891713923,-0.38543524058960976,0.23094214475675626,,0.46510411252121997,,0.27512296966241917,,0.7980087070322811,,0.9341936111129959,,0.8740973647230489,
854.0619284961303,48.0313,0.8181517720222473,Unknown,4.109936015310222,3.959794401269253,3.9217441266374644,3.7894130550542733,0.15014161404096882,0.3205229602559485,0.1703813462149797,0.6950709764144953,,0.18808652333033468,,0.6793361845184743,,0.9468605457729028,,0.954391917600169,,0.7459059637160711,
854.1039727776988,396.1133,0.6463507413864136,Unknown,3.655364142766503,3.41056639151905,3.163871939136386,3.5869450448477167,0.2447977512474533,0.06841909791878642,-0.17637865332866687,0.23867046033274503,,0.8433351514202115,,0.6518376471755243,,0.8041478581799351,,0.954391917600169,,0.9563914558871437,
854.412711906327,241.99263636363636,0.8642536997795105,Unknown,3.990637349015717,4.131014197507913,4.5316957090723085,4.0854221876932355,-0.14037684849219545,-0.0947848386775183,0.04559200981467715,0.3142310041589741,,0.7038311502604487,,0.8323768260189279,,0.8472520550068383,,0.9670301754768821,,0.9235989591949826,
854.4754995534068,61.93863636363637,0.9278458952903748,Unknown,3.4776473248240385,4.285643045603002,4.398479126561288,4.500167739730129,-0.8079957207789632,-1.0225204149060905,-0.21452469412712727,0.0884583792728535,,0.02675718899919025,,0.4849179074170414,,0.7046230338559829,,0.9362366339830893,,0.5108641084845398,
854.9364445139222,279.9409090909091,0.9324406981468201,Unknown,3.7173461364868117,3.8669755417581295,4.031049387817668,3.740170944314721,-0.14962940527131785,-0.02282480782790941,0.12680459744340844,0.7858141225785409,,0.9679482079390184,,0.6666388901651679,,0.9719392763225705,,0.954391917600169,,0.9946799654543693,
855.0182262242587,288.95787500000006,0.5182737112045288,Unknown,3.8000460759152603,3.8264525811852277,4.013853458160751,3.8575078026731986,-0.02640650526996735,-0.05746172675793826,-0.031055221487970908,0.9503206411823498,,0.9013807465187484,,0.897097507487453,,0.9954021650632178,,0.9834210847629602,,0.9734606180244861,
855.280161356783,237.7965,0.7050271034240723,Unknown,4.299556788264089,4.366532656532765,4.14807500870269,4.471235530145548,-0.06697586826867674,-0.17167874188145937,-0.10470287361278263,0.8305092043618207,,0.6674640904602513,,0.7517060250085397,,0.9867460358498636,,0.9621697557564429,,0.919454692032388,
856.2841915392632,411.05299999999994,0.954237699508667,Unknown,4.254375737454084,4.181466163923464,3.9129526494943097,3.73115304864014,0.07290957353062044,0.5232226888139442,0.45031311528332374,0.7779309161916849,,0.19848699973948572,,0.2199740123834441,,0.9719392763225705,,0.9341936111129959,,0.7551295082339844,
856.9595175728897,45.42999999999999,0.5576009750366211,Unknown,3.793810881611211,3.3472059072879916,3.4266060761920594,3.3339550239148217,0.4466049743232192,0.45985585769638915,0.01325088337316993,0.20856516182109633,,0.10258338128490328,,0.9545766120654094,,0.7975119100181354,,0.9933123029160053,,0.6706104302567856,
857.2645269317004,281.6276363636364,0.8190627098083496,Unknown,4.736107681115601,4.485970067183284,4.884136989716284,4.294974149520936,0.25013761393231704,0.44113353159466495,0.1909959176623479,0.6216644225226151,,0.3792198337015638,,0.73876799096003,,0.9191625517023703,,0.9581389861520812,,0.8497523456780554,
857.3685237446966,297.73918181818186,0.9635199904441833,Unknown,4.288369329312432,4.20321098707475,4.603891880322134,4.163227681387679,0.0851583422376816,0.12514164792475313,0.039983305687071535,0.9031017012936662,,0.871316637492601,,0.9364311514104513,,0.9954021650632178,,0.9921208594574054,,0.9623977718257107,
857.3749698722141,410.2038181818181,0.9100050926208496,Unknown,3.444623971600103,4.082176124867591,3.4699242790884597,3.7620174742571053,-0.6375521532674884,-0.3173935026570023,0.3201586506104861,0.05333297449684958,,0.4241151326812233,,0.3009055353492802,,0.6299753645966185,,0.9341936111129959,,0.8735200432455408,
858.2583234010764,41.89227272727272,0.8980789184570312,Unknown,3.471002226416578,3.3892215457946127,3.545145729666646,3.3510218413630906,0.0817806806219652,0.11998038505348729,0.0381997044315221,0.4907033093714773,,0.10387362196053769,,0.7133449852900802,,0.8969592270190967,,0.9581389861520812,,0.6706104302567856,
858.7613149203995,474.4514000000001,0.8128572702407837,Unknown,3.802909000739739,3.4947783777475414,3.6416147566737163,3.6375623274152793,0.3081306229921976,0.16534667332445974,-0.14278394966773789,0.009587427872868082,,0.02335607036040163,,0.14835046831184748,,0.31543509740214865,,0.9341936111129959,,0.4675749231373607,
859.7260511453464,145.754625,0.6247766613960266,Unknown,3.9165748828106266,3.8148453168063448,3.6104249764487326,3.7356959032091304,0.10172956600428185,0.18087897960149624,0.07914941359721439,0.5704805731507472,,0.17546380091772118,,0.6948166600528156,,0.9097233790149534,,0.9575520026139989,,0.7373372735493757,
859.8097656023366,297.25418181818185,0.9358645081520081,Unknown,5.640056320800721,4.76921880078547,5.243547615084603,4.669915576939606,0.8708375200152503,0.9701407438611147,0.09930322384586443,0.07012860532495455,,0.1510783413370054,,0.873861622225607,,0.6655577164309516,,0.974808002265388,,0.7351711427863571,
860.6530488093568,286.9265555555555,0.7022307515144348,Unknown,5.350995223939326,5.370275764656571,5.374584573600961,5.077240000758785,-0.019280540717245387,0.27375522318054113,0.2930357638977865,0.9060209806332906,,0.2754814163380374,,0.296957515183935,,0.9954021650632178,,0.9341936111129959,,0.8186638975532324,
860.9097539049152,283.8267272727272,0.9224014282226562,Unknown,5.269491498347637,4.5349887983164185,5.3529461439969115,4.445078606280739,0.7345027000312188,0.8244128920668983,0.08991019203567951,0.47409482490485827,,0.24176041390157424,,0.9383527493792583,,0.8969592270190967,,0.9921208594574054,,0.7988941882452661,
861.1826264922765,298.3483636363637,0.9589678049087524,Unknown,5.734900676534244,4.998710326293208,5.28686465292404,5.040523703335615,0.7361903502410359,0.6943769731986293,-0.04181337704240651,0.12579402410312185,,0.03745256151645946,,0.9159118768398009,,0.7304273081055243,,0.9882837729166245,,0.5637020572769299,
861.5567230177072,412.346875,0.5152820944786072,Unknown,3.3092919230512785,3.3550498330276306,3.0462467625442926,2.836096816631302,-0.045757909976352096,0.4731951064199764,0.5189530163963285,0.9470391579119326,,0.45935665142312454,,0.17314303156200436,,0.9954021650632178,,0.9341936111129959,,0.8740973647230489,
862.540091813882,47.33827272727273,0.8827180862426758,Unknown,3.5408460919882523,3.8396436851113283,3.3428371687169953,3.7479558643842026,-0.29879759312307597,-0.2071097723959503,0.09168782072712567,0.07636303179905775,,0.48733840197914213,,0.7370948159166668,,0.6840804939362677,,0.9581389861520812,,0.8740973647230489,
862.5557779929009,246.62718181818184,0.8013866543769836,Unknown,3.9548948191455904,4.554326736874759,3.8324703020062314,4.049449444823614,-0.5994319177291687,-0.0945546256780232,0.5048772920511455,0.08666046874868072,,0.7032940366327015,,0.02216193206081274,,0.7046230338559829,,0.8899859596062306,,0.9235989591949826,
863.5978745356675,99.50450000000001,0.722484827041626,Unknown,3.7671166042784763,3.494481104415629,3.6991488547650198,3.626455187419507,0.2726354998628473,0.14066141685896927,-0.13197408300387803,0.5249137096380968,,0.7312119237986225,,0.4470652781714099,,0.8986119382783423,,0.9341936111129959,,0.9324029462115769,
864.7107133427387,391.3412727272728,0.9235390424728394,Unknown,4.617488837831478,5.3267649712193315,4.276935133719646,4.715066445379228,-0.7092761333878537,-0.09757760754775013,0.6116985258401035,0.31638413305299007,,0.914751102236264,,0.359491756705939,,0.8472520550068383,,0.9341936111129959,,0.978019728456359,
865.6419129487299,61.32218181818182,0.7209124565124512,Unknown,3.556861454143432,3.7386731630658976,3.6442484585131183,3.8540765640499672,-0.1818117089224658,-0.29721510990653544,-0.11540340098406965,0.659711022563202,,0.5162545938024365,,0.6616474731012233,,0.9386242468363262,,0.954391917600169,,0.8791579978112207,
865.9052994464951,267.6444545454545,0.8967525362968445,Unknown,3.639078008028074,3.5302919732686853,3.6771069780310244,3.351318129110101,0.10878603475938853,0.28775987891797294,0.17897384415858442,0.6588374022988329,,0.27564740148549116,,0.4242475910125566,,0.9386242468363262,,0.9341936111129959,,0.8186638975532324,
866.7866017194814,240.6697,0.5535564422607422,Unknown,4.02875443490305,4.419925081094995,4.6724707433615755,4.33720359754708,-0.3911706461919451,-0.3084491626440302,0.08272148354791486,0.11492726642273052,,0.06672417339084627,,0.7030733216899467,,0.7277636160222334,,0.9581389861520812,,0.6265958193010359,
866.94739530719,276.26045454545454,0.7930623292922974,Unknown,3.4403092821235632,4.1396416123920945,3.783163517640257,4.137346642680394,-0.6993323302685313,-0.697037360556831,0.00229496971170029,0.056961803554450983,,0.09265834034332088,,0.9949164247812863,,0.6428522382860448,,0.9998607476510148,,0.6594525298454849,
867.5819030724622,48.85709090909091,0.9768819212913513,Unknown,3.8656670758570506,4.10116218337787,3.7599149192297645,3.9950481620752583,-0.23549510752081915,-0.12938108621820765,0.1061140213026115,0.3697703831871621,,0.45693257625964667,,0.6925587101344406,,0.8659389361669497,,0.9575520026139989,,0.8740973647230489,
867.994871408816,409.8235454545454,0.9519160389900208,Unknown,4.40290750805175,4.314970761661271,4.274004910465788,4.601112906297956,0.08793674639047921,-0.19820539824620642,-0.28614214463668564,0.7694645756132754,,0.12978134234774544,,0.37070912110297727,,0.9693889862128761,,0.9341936111129959,,0.7060926858075226,
868.6986233743977,239.79536363636362,0.8491419553756714,Unknown,4.108373983522392,4.246612678884128,4.322686403226307,4.421231873163102,-0.1382386953617365,-0.3128578896407106,-0.1746191942789741,0.7392436895599908,,0.32369325029936546,,0.6800984431702704,,0.9646675789076422,,0.954391917600169,,0.8288527624284971,
869.4620759529781,295.1750909090909,0.9586374759674072,Unknown,3.9349787415416153,3.776357135656592,3.662035799198523,4.027841460144707,0.15862160588502316,-0.09286271860309148,-0.25148432448811464,0.8006163670988768,,0.8535247786971455,,0.5193850593390694,,0.9762690413707179,,0.9375398401843495,,0.9564591519024918,
869.4847868855861,41.187090909090905,0.7560067176818848,Unknown,3.427615524233485,3.3845392172254063,3.4007364794209805,3.6193029828877012,0.04307630700807863,-0.19168745865421633,-0.23476376566229495,0.917780031999329,,0.6905849177898028,,0.5050968725749108,,0.9954021650632178,,0.9375398401843495,,0.9196792731614726,
869.6531105490055,277.13663636363634,0.9435978531837463,Unknown,4.0420297788862385,4.0503543477239115,4.118424626159493,3.9511531091195002,-0.008324568837672963,0.09087666976673825,0.09920123860441121,0.9720932996077608,,0.6996097120515596,,0.24329407347229182,,0.9954021650632178,,0.9341936111129959,,0.9230952188122031,
869.9263524193794,253.68854545454545,0.9152318835258484,Unknown,3.9452039184492587,3.75421283297162,3.7136013168600783,4.146226240693462,0.19099108547763866,-0.20102232224420336,-0.392013407721842,0.5519343717873281,,0.601539572020763,,0.3451731369717267,,0.9072925006558107,,0.9341936111129959,,0.9028912947607407,
871.4741611049354,266.43163636363636,0.722720205783844,Unknown,3.772321547170284,4.280591237798203,4.3593015747190265,3.7229040519146785,-0.5082696906279187,0.04941749525560546,0.5576871858835242,0.12204374452773603,,0.8554367838377537,,0.09884184990519558,,0.7304273081055243,,0.9341936111129959,,0.9574403298640808,
871.4815788336092,49.10936363636363,0.9157828688621521,Unknown,4.179990639068482,3.833101676200219,4.079336256971015,4.305966140606025,0.34688896286826276,-0.12597550153754344,-0.4728644644058062,0.4347572074689643,,0.6547678400552917,,0.19511314431963955,,0.8890951892318769,,0.9341936111129959,,0.9184566572748377,
871.6418046756443,278.23145454545454,0.9267981648445129,Unknown,4.163916277668947,4.338844234580766,4.353984541625948,4.037296187690423,-0.1749279569118194,0.12662008997852414,0.30154804689034354,0.082120448690639,,0.35078930127402824,,0.07901426591883018,,0.6929860718389551,,0.9341936111129959,,0.8402438156720349,
872.7156460755491,44.32563636363636,0.9759671092033386,Unknown,3.7628884617778477,3.7065913635347094,4.019202445996024,3.8346618457846566,0.05629709824313833,-0.07177338400680888,-0.12807048224994722,0.8809185653879781,,0.8428571046152196,,0.7464708270441662,,0.9954021650632178,,0.962142235756001,,0.9563914558871437,
873.0657880955721,283.18025,0.5818494558334351,Unknown,3.9291929157701126,4.0697121315189335,4.31691764192734,4.115563746283698,-0.14051921574882087,-0.18637083051358516,-0.04585161476476429,0.3436666797750738,,0.21258908013795422,,0.7711351984632032,,0.8616961145239895,,0.9647434629470387,,0.7610393806327458,
873.1251515828695,410.68800000000005,0.9017593860626221,Unknown,3.72328170150465,3.5367252381947814,3.2927141121160846,3.3343253600621807,0.18655646330986864,0.38895634144246927,0.20239987813260063,0.5685987033544101,,0.04673227024434179,,0.5666001665205826,,0.9076204238375956,,0.9439759149311477,,0.5804936219507998,
874.2120398518844,386.0657,0.6956928968429565,Unknown,2.830046700401718,3.0234009702675038,3.0280753244417458,3.8319947352785406,-0.19335426986578597,-1.0019480348768228,-0.8085937650110369,0.5241628434538159,,0.049288249972724976,,0.028702118748400916,,0.8986119382783423,,0.8899859596062306,,0.599921738168829,
874.266242575835,395.8614,0.7091500163078308,Unknown,3.6730954141117764,4.11818373542724,3.93134009719111,3.6825644764082277,-0.4450883213154637,-0.00946906229645128,0.43561925901901244,0.2932693714979821,,0.9851849273852996,,0.26812358767789274,,0.8445830223866468,,0.9341936111129959,,0.9958094707198469,
875.2405238810572,375.31620000000004,0.8594914078712463,Unknown,3.3007894436227097,3.5242453852505915,3.536329196896081,3.6574741540366045,-0.22345594162788185,-0.3566847104138948,-0.13322876878601297,0.3556272519204244,,0.14558875935474472,,0.5264736403187508,,0.8616961145239895,,0.939387126377869,,0.7304234106800088,
875.8073073678737,221.71220000000002,0.7544519305229187,Unknown,3.643200933704579,3.971276971665978,4.194266581076069,4.05157993674832,-0.3280760379613987,-0.40837900304374086,-0.08030296508234214,0.1558746077196466,,0.05443595606944303,,0.5625113635851073,,0.7697225800029147,,0.9439759149311477,,0.6117935649074577,
875.8086140941444,296.8401,0.8099448680877686,Unknown,3.7383008111424196,3.321401968883695,3.8774193945479447,3.822456478449041,0.41689884225872476,-0.0841556673066215,-0.5010545095653463,0.5014897410339644,,0.8908184009525497,,0.22402686633645236,,0.8969592270190967,,0.9341936111129959,,0.9688119951287751,
876.0978819074462,65.09936363636363,0.8807699680328369,Unknown,4.632011564272209,4.120921070371133,4.181857074884245,4.1584748058448335,0.5110904939010759,0.4735367584273753,-0.037553735473700556,0.32938329076065687,,0.14451601941159004,,0.9342572434869982,,0.8550876534281906,,0.9921208594574054,,0.7285868753709014,
876.9844357141214,264.73027272727273,0.9445755481719971,Unknown,4.274861362125898,4.143401217106335,4.064832790096111,4.077264845739965,0.13146014501956316,0.197596516385933,0.06613637136636985,0.5967835456365214,,0.5545783026381321,,0.8159089244508283,,0.9142159978346233,,0.9670301754768821,,0.8844087084608109,
877.3520449272921,283.1367,0.840648353099823,Unknown,3.9793871141942376,3.513306570543549,3.8183976255925547,3.751803692721697,0.46608054365068874,0.22758342147254051,-0.23849712217814822,0.029874849513945617,,0.23437085393066337,,0.05554585363961024,,0.5133494974812989,,0.9341936111129959,,0.7935512328489784,
877.8138358459482,46.72474999999999,0.5190188884735107,Unknown,3.045185622159303,3.5805033376930666,3.6522890481763546,3.1828718116700436,-0.5353177155337634,-0.1376861895107404,0.397631526023023,0.41552680017816856,,0.7836254630306,,0.6219933258442689,,0.8888135497586966,,0.9481944780819669,,0.9484584234184341,
878.0916761864148,264.97272727272724,0.9201620221138,Unknown,4.262919901791052,4.589768628181454,4.507221492264323,4.1179687585807185,-0.3268487263904021,0.1449511432103332,0.4717998696007353,0.23205942990847386,,0.6120252419978585,,0.11199998719982068,,0.7988423113042957,,0.9341936111129959,,0.9038550209038823,
878.6867568608465,66.7547,0.7180179953575134,Unknown,4.307403780251588,4.103530009280338,4.7681182817639725,4.242498704475685,0.20387377097124926,0.06490507577590243,-0.13896869519534683,0.7563326615537658,,0.8759603138039536,,0.8135601477956643,,0.9670813279466856,,0.9670301754768821,,0.96352067674902,
879.1021834356656,43.711181818181814,0.9421145915985107,Unknown,3.385714229108315,3.5705386372680397,3.592366730662876,3.508538496007734,-0.18482440815972456,-0.12282426689941905,0.06200014126030551,0.26401773094224246,,0.38796413540971925,,0.5858386859739049,,0.813758686401949,,0.9456878731807212,,0.8535031276542437,
879.1829880112781,401.027,0.9686868786811829,Unknown,5.947943688455818,6.496448098633984,5.627928716755701,5.975203964477416,-0.5485044101781655,-0.02726027602159764,0.5212441341565679,0.48440810718569727,,0.9783671338352088,,0.48621800853949415,,0.8969592270190967,,0.9370235287149749,,0.9948577491685624,
879.4622374552524,404.73799999999994,0.768917441368103,Unknown,5.275468352502744,3.5413405858403046,5.635353244390791,4.9106080387571565,1.7341277666624397,0.3648603137455879,-1.3692674529168518,0.09968464308045846,,0.7685798002069901,,0.26400036198886234,,0.7248129255790547,,0.9341936111129959,,0.9450277567243969,
880.0368575298387,473.2631,0.8696173429489136,Unknown,3.6150895163948555,3.49068088434847,3.5960466720132223,3.6005651032366175,0.12440863204638575,0.014524413158238048,-0.1098842188881477,0.3507687911471549,,0.8438027588026557,,0.3759821627800894,,0.8616961145239895,,0.9341936111129959,,0.9563914558871437,
880.2093968329634,244.30999999999997,0.9065068960189819,Unknown,4.105744408790254,4.2216472675592565,4.072846692255616,3.5937427239211175,-0.11590285876900275,0.5120016848691362,0.627904543638139,0.7997941551464752,,0.273064010847764,,0.20686907673942634,,0.9762690413707179,,0.9341936111129959,,0.8183982418140834,
881.1599640041998,296.6365454545454,0.9438149929046631,Unknown,4.365078915645863,3.5370312799784505,3.924421717503984,4.149738584024913,0.8280476356674122,0.21534033162094968,-0.6127073040464626,0.03163948218232704,,0.5191770056358685,,0.12300735238531041,,0.5261339698383738,,0.9341936111129959,,0.8791579978112207,
881.3827976972607,282.59620000000007,0.8265998363494873,Unknown,3.7090663811214046,3.838006350660221,3.123615132627236,3.8014913275334616,-0.12893996953881626,-0.09242494641205701,0.03651502312675925,0.9044167154754508,,0.8994126419369006,,0.9718660751520289,,0.9954021650632178,,0.9953426349734461,,0.9720067440638831,
881.6503299567067,243.4444545454546,0.7762408256530762,Unknown,4.296263512679758,4.442033017658047,4.059327429157581,4.108707479314666,-0.145769504978289,0.18755603336509186,0.33332553834338086,0.6796192186277092,,0.6412844705506655,,0.5271715505196969,,0.9435993578504407,,0.939387126377869,,0.917668691528113,
881.6682988318275,60.37318181818182,0.9209681153297424,Unknown,4.068443907136924,3.425503498322039,4.523389838784995,4.446982675271503,0.6429404088148849,-0.3785387681345789,-1.0214791769494638,0.01547276615317293,,0.07432986614441534,,0.006480700951307574,,0.37527499861821545,,0.5277061486187916,,0.6517929485658102,
882.510133646674,374.2800000000001,0.941548228263855,Unknown,3.1549818342130806,2.906876548359087,2.8625498271757825,3.1507166548468195,0.2481052858539936,0.00426517936626114,-0.24384010648773247,0.203423653345285,,0.9843714792163116,,0.2811048476753937,,0.7967966888619453,,0.9341936111129959,,0.9954752281236069,
883.7182449386074,296.5155454545454,0.956672191619873,Unknown,5.127660363233429,4.568670585074368,4.747722714634966,4.39897620951571,0.5589897781590611,0.7286841537177189,0.16969437555865774,0.047580243563142305,,0.09921220881192319,,0.6078054796627919,,0.6047393306865833,,0.9456878731807212,,0.6706104302567856,
884.0423028453273,391.4226,0.6667526960372925,Unknown,2.8638132315243126,2.6959008648285163,3.571325473299376,3.6077640763786945,0.16791236669579623,-0.7439508448543819,-0.9118632115501781,0.5400049456081737,,0.2298169745338883,,0.12237653080142029,,0.9072925006558107,,0.9341936111129959,,0.7881271695877057,
885.2474134159761,409.4155,0.5451840758323669,Unknown,3.726255882574568,3.227271408944049,3.576612795212375,3.7124657894576303,0.49898447363051934,0.013790093116937907,-0.48519438051358144,0.22445112195067957,,0.9721623739468437,,0.1102921969625689,,0.7980087070322811,,0.9341936111129959,,0.9946799654543693,
885.5497880816852,296.3938181818182,0.9641774892807007,"PI(18:1e/20-HETE);PI(16:0/22:4(10Z,13Z,16Z,19Z));PI(16:0/22:",5.555553115418415,4.969680613032026,5.321848427608012,5.192624045562287,0.5858725023863887,0.3629290698561283,-0.2229434325302604,0.2029691256821122,,0.0992658261894943,,0.5677650058977547,,0.7967966888619453,,0.9439759149311477,,0.6706104302567856,
885.650383016028,50.945454545454545,0.8037490844726562,Unknown,3.8166666472163846,3.3986262515784222,3.2260152279244854,3.8460957989729647,0.41804039563796236,-0.02942915175658012,-0.4474695473945425,0.11012135196055274,,0.9478025824459878,,0.3835501071035572,,0.7277636160222334,,0.9341936111129959,,0.9941310504479282,
886.2258778744376,412.2773636363636,0.9370939135551453,Unknown,3.88599309189189,3.7527237352000533,3.7362551537591937,3.56055725132628,0.13326935669183682,0.32543584056561015,0.19216648387377333,0.542852590554864,,0.2194619511635371,,0.5441680434422137,,0.9072925006558107,,0.9435254307910361,,0.7717149129191864,
886.6685483728872,282.86859999999996,0.6806619167327881,Unknown,4.1620628080144835,4.616476521066239,3.719965984062591,5.060317963909707,-0.45441371305175515,-0.8982551558952236,-0.4438414428434685,0.6025006059374937,,0.2115793640339568,,0.4529358742472039,,0.9142159978346233,,0.9341936111129959,,0.7610393806327458,
887.2774350785664,279.66963636363636,0.8604458570480347,Unknown,5.301811090373259,3.905578677940539,5.417870829230952,5.425331378279565,1.39623241243272,-0.12352028790630598,-1.5197527003390259,0.2076100502313038,,0.44702611850025864,,0.17400132890618586,,0.7975119100181354,,0.9341936111129959,,0.8735200432455408,
887.8099098937766,146.67620000000002,0.7833740711212158,Unknown,3.9676717977930083,3.732615674328187,3.853696823873361,3.709658362554052,0.2350561234648212,0.2580134352389565,0.02295731177413529,0.01334174781683144,,0.07526584945473419,,0.8269876965418835,,0.3674558186250609,,0.9670301754768821,,0.6527185274412508,
888.2647728789241,296.1695,0.8330464959144592,Unknown,5.518280196094181,5.342846996249633,5.373694552117786,4.549491927377013,0.17543319984454797,0.9687882687171676,0.7933550688726196,0.49056290562484,,0.26020845606704146,,0.3399947619484888,,0.8969592270190967,,0.9341936111129959,,0.8081670850995563,
888.3289254621242,97.31072727272728,0.9124544858932495,Unknown,3.733069386061926,3.7011292881908004,4.0896771127654805,4.14168735427543,0.031940097871125506,-0.4086179682135045,-0.44055806608463,0.9298556117958539,,0.20904872446145914,,0.12485778847110936,,0.9954021650632178,,0.9341936111129959,,0.7607065471326157,
889.1087122447071,44.31872727272727,0.9679059386253357,Unknown,3.190655791941573,3.3821354578977716,3.504992947369342,3.4079564817577523,-0.1914796659561988,-0.21730068981617956,-0.025821023859980752,0.09570772639624149,,0.05887557275017377,,0.6755686703010028,,0.7150338109748187,,0.954391917600169,,0.6225714410813247,
890.3699877720738,399.4216666666666,0.7194707989692688,Unknown,4.092529132771372,3.7190651989784627,4.249704526458766,3.8864779124165394,0.37346393379290976,0.20605122035483303,-0.16741271343807673,0.43462913527046043,,0.622623557123809,,0.7813267974789416,,0.8890951892318769,,0.9667220674675763,,0.9085828744115507,
890.4630553874773,64.02411111111113,0.5625073909759521,Unknown,3.326362973901889,4.1937385236761875,3.2066841540254982,3.258255885160082,-0.8673755497742985,0.06810708874180715,0.9354826385161057,0.1409923207538314,,0.837465668286702,,0.16091301668983968,,0.7393027089682752,,0.9341936111129959,,0.9563914558871437,
890.9646518070766,49.72936363636364,0.9018102288246155,Unknown,3.636320321754194,3.6307498600515267,3.48761455210052,3.467412636378377,0.005570461702667284,0.1689076853758169,0.16333722367314962,0.9796307857064709,,0.6243444747520142,,0.5677901755179857,,0.9954021650632178,,0.9439759149311477,,0.908617286236875,
891.8587845674675,251.6176363636364,0.8739343881607056,Unknown,3.7716197278660686,3.670279459945873,3.787957104253394,3.926381830581132,0.10134026792019579,-0.1547621027150634,-0.2561023706352592,0.668982807271475,,0.5165971998413744,,0.40433761764053733,,0.9415990092790317,,0.9341936111129959,,0.8791579978112207,
893.094610927,406.8949090909091,0.9272368550300598,Unknown,3.469742622273465,3.828314654707874,3.4619717337714024,3.0815960618606315,-0.35857203243440905,0.38814656041283335,0.7467185928472424,0.39442870221715265,,0.21137206293460042,,0.05980387045027328,,0.868408759891448,,0.9341936111129959,,0.7610393806327458,
894.4562945938454,293.6182,0.8082049489021301,Unknown,3.4373888281817195,3.546007439809634,3.401618705823165,3.552490574882627,-0.10861861162791442,-0.11510174670090745,-0.006483135072993029,0.7947373602077731,,0.6802321778628352,,0.9878877411176472,,0.9755297569572341,,0.9972960620048666,,0.9195697788067687,
894.6691381977636,280.76081818181814,0.9056896567344666,Unknown,3.937326757990514,3.57663964540326,4.266555722688485,4.127267343314452,0.36068711258725417,-0.1899405853239382,-0.5506276979111924,0.20402576888597143,,0.5804788309366851,,0.20557056037338134,,0.7967966888619453,,0.9341936111129959,,0.8969345767285403,
894.8487160703295,41.646,0.8345867991447449,Unknown,3.3229438987521167,3.553336351644168,3.589592125811855,3.5203553572543385,-0.23039245289205112,-0.19741145850222175,0.03298099438982938,0.46706201856284923,,0.44433906302315024,,0.9132528958051221,,0.8969592270190967,,0.9882837729166245,,0.8735200432455408,
895.0192859325078,389.26172727272734,0.9288824796676636,Unknown,4.266788440507583,4.080832789854397,4.147854652102266,4.236869579553033,0.1859556506531863,0.029918860954550652,-0.15603678969863566,0.12239652114899317,,0.46936258960192,,0.18201083357217207,,0.7304273081055243,,0.9341936111129959,,0.8740973647230489,
895.5331577942952,371.6082,0.7295129299163818,Unknown,3.231018048152361,3.2024904890670562,3.3388116156233982,2.8569500606008607,0.028527559085304688,0.3740679875515003,0.3455404284661956,0.8903861563379385,,0.20731428774436367,,0.21189998343404495,,0.9954021650632178,,0.9341936111129959,,0.7607065471326157,
896.5832592742481,239.52050000000003,0.6660710573196411,Unknown,3.93347656869884,3.788462744855813,3.7479281891382352,3.866518667820138,0.1450138238430272,0.06695790087870224,-0.07805592296432495,0.4854872743787276,,0.6866924452084918,,0.757999617459132,,0.8969592270190967,,0.9636222017267141,,0.9195697788067687,
896.9663352520516,287.8465,0.7553334832191467,Unknown,4.396839889987869,4.087267463972019,4.215988795000673,4.144137936355041,0.30957242601585033,0.2527019536328279,-0.05687047238302245,0.591510177664138,,0.7545224344540159,,0.938544897239888,,0.9142159978346233,,0.9921208594574054,,0.9377622536445577,
897.0966109352802,410.07800000000003,0.9611009359359741,Unknown,4.320969628067935,3.9429234147543375,3.7737360256035837,4.305934344524476,0.3780462133135978,0.015035283543459066,-0.3630109297701387,0.29885210514015226,,0.8261039148529536,,0.32004157209697437,,0.8472520550068383,,0.9341936111129959,,0.9563914558871437,
897.8109116955641,473.3782222222223,0.6708921194076538,Unknown,3.1688711686638182,3.2036337658565333,2.9626506290155423,3.1226001042762697,-0.03476259719271502,0.04627106438754858,0.0810336615802636,0.865218689873617,,0.8003849962392721,,0.7515784587228248,,0.9954021650632178,,0.9621697557564429,,0.9485666096929911,
897.9316773207222,48.00636363636363,0.9370642900466919,Unknown,3.8026896617349877,3.7645613161901768,3.722476194863945,3.708214481280628,0.038128345544810927,0.09447518045435954,0.056346834909548615,0.892024529350905,,0.7760263146939583,,0.8091955366181633,,0.9954021650632178,,0.9670301754768821,,0.9480206600612057,
899.4165026548947,359.2965,0.8063870072364807,Unknown,3.436304887047646,3.348604104344979,3.0349063508758087,3.2444789097316864,0.08770078270266701,0.1918259773159594,0.1041251946132924,0.654161409717249,,0.514975969024262,,0.7417235353071563,,0.9380256097614517,,0.9600966288784408,,0.8791579978112207,
899.5164555000814,296.3009,0.6476956605911255,Unknown,3.4910304957593206,3.0858144858822834,3.131280153310314,3.4943379564593644,0.4052160098770372,-0.0033074607000438405,-0.40852347057708105,0.35188894090494577,,0.9940358991844628,,0.31157331432769997,,0.8616961145239895,,0.9341936111129959,,0.9994646497252948,
900.261829937392,220.36772727272728,0.9277534484863281,Unknown,3.7190920545382524,3.8511622291621386,3.866074300529677,3.826092001632663,-0.13207017462388615,-0.10699994709441052,0.02507022752947563,0.22276916169453767,,0.28994438551488466,,0.8172095155372909,,0.7980087070322811,,0.9670301754768821,,0.8191269103859745,
901.9881612538926,409.05210000000005,0.8176066875457764,Unknown,3.4040365272406583,3.3182511785387647,3.550903164362403,3.8603556650284894,0.08578534870189358,-0.45631913778783106,-0.5421044864897246,0.6991983157518931,,0.06097118414654963,,0.010093099591086738,,0.9483438975763807,,0.6713539147361566,,0.6240166054463303,
902.3086222669651,86.4244,0.7222115993499756,Unknown,3.883471170763942,3.848528566918567,4.074275395321854,3.862093481028467,0.034942603845375064,0.02137768973547516,-0.013564914109899906,0.8023269097142682,,0.8887254929354146,,0.9415554956776989,,0.9777766476541496,,0.9921208594574054,,0.9675564764692844,
902.9908718653058,285.0483636363636,0.9136020541191101,Unknown,3.4461946711563507,3.444731805973294,3.688907652970372,3.5486220036217655,0.0014628651830568273,-0.1024273324654148,-0.10389019764847163,0.9967241799049602,,0.7406074803136065,,0.7000132947400098,,0.999914966043114,,0.9581389861520812,,0.9346540342515478,
903.2808299631998,397.71027272727275,0.9178292155265808,Unknown,4.847171479241737,4.94032086602192,4.073597044993196,4.912622233261459,-0.09314938678018247,-0.06545075401972156,0.027698632760460917,0.038132195195368854,,0.03672106070149618,,0.47864851735429154,,0.5628156863574466,,0.9343252415096033,,0.5602471319855509,
904.2910306847422,263.5202727272727,0.931995689868927,Unknown,3.6749125613712326,3.7779622598420075,3.583002886088474,3.707109231151741,-0.10304969847077494,-0.03219666978050828,0.07085302869026666,0.6200482769030992,,0.8012323000417196,,0.7121266064518887,,0.9191625517023703,,0.9581389861520812,,0.94896094353017,
904.5946551807147,60.827499999999986,0.7378937005996704,Unknown,3.699936005755177,3.8459339524233838,3.586852232602479,3.6326214668801042,-0.14599794666820687,0.06731453887507266,0.21331248554327953,0.6381832499705886,,0.794312084409306,,0.43326297011080184,,0.9286759784328538,,0.9341936111129959,,0.9484584234184341,
904.8566579434956,248.31354545454545,0.7038607001304626,Unknown,3.8763634603277164,3.6601969343952807,3.836348403574593,3.8967581270001355,0.21616652593243568,-0.02039466667241907,-0.23656119260485475,0.35030227116450974,,0.9068610593354414,,0.40510891229694407,,0.8616961145239895,,0.9341936111129959,,0.974140478276492,
904.985713701129,35.910000000000004,0.8670231699943542,Unknown,3.328953056800666,3.398347950894087,3.522620217622617,3.4567103632493654,-0.06939489409342059,-0.1277573064486992,-0.058362412355278614,0.7452050005912019,,0.5495715992593753,,0.8445184274022849,,0.9646675789076422,,0.9708261888301292,,0.8844087084608109,
906.3323351894635,282.20560000000006,0.7841998338699341,Unknown,3.799827496949973,3.5491038275521922,3.8684008509292527,3.4938464827629763,0.25072366939778057,0.3059810141869965,0.055257344789215956,0.4391554427210095,,0.3696559400474949,,0.8521650184306022,,0.8890951892318769,,0.9720975361780841,,0.8486879142198621,
906.420991923586,435.8362857142856,0.5249595642089844,Unknown,3.142562527632028,3.0707561846672267,3.1432896878700918,3.128358698566656,0.07180634296480148,0.014203829065372098,-0.057602513899429386,0.7474028275402858,,0.943924852940722,,0.806706044657735,,0.9647804747258556,,0.9670301754768821,,0.9930474728386576,
906.7782102318637,43.60672727272727,0.9130948781967163,Unknown,3.750381590374804,3.599513295782058,3.77404728586242,3.611511375839198,0.1508682945927462,0.138870214535606,-0.011998080057140204,0.652056181166782,,0.4594334754958255,,0.9706440219189623,,0.9373559221870628,,0.9953426349734461,,0.8740973647230489,
907.8240891275811,374.6509,0.8673924207687378,Unknown,3.857275943269334,3.7604602697122496,3.7906760520728895,3.9286541511448516,0.09681567355708465,-0.07137820787551741,-0.16819388143260205,0.5042549502767218,,0.5760087031490494,,0.2746784821780092,,0.8969693764809423,,0.9341936111129959,,0.8969345767285403,
908.1623236137762,409.4534545454546,0.9642100930213928,Unknown,4.7429960304716365,4.170167359657641,4.608110141700716,4.639526361496732,0.5728286708139958,0.1034696689749044,-0.4693590018390914,0.2891695472222758,,0.15700725881052105,,0.37694515963054553,,0.8416604401902475,,0.9341936111129959,,0.7357931083347601,
908.1942671440485,63.513374999999996,0.5026677250862122,Unknown,3.460956993520044,3.4928645802356986,3.560440959535952,3.3018058833957333,-0.031907586715654634,0.1591511101243106,0.19105869683996524,0.8796393241278864,,0.4830434151403695,,0.12843195290998882,,0.9954021650632178,,0.9341936111129959,,0.8740973647230489,
908.212221253271,103.6677,0.6171949505805969,Unknown,3.7707204415511995,3.57766691051976,3.8185287546930753,3.4499795222159295,0.19305353103143963,0.32074091933526994,0.1276873883038303,0.5796949368494202,,0.5543488557724394,,0.8201420805074993,,0.910896507211941,,0.9670301754768821,,0.8844087084608109,
908.7165728732372,281.63563636363637,0.9292479753494263,Unknown,4.143679656495499,3.6675435590119,4.217244710810675,3.640378226337026,0.4761360974835993,0.5033014301584733,0.027165332674873977,0.3389510971428013,,0.29088009023439143,,0.9622105290465237,,0.8616961145239895,,0.9953199574612179,,0.8191269103859745,
909.3100009448151,404.8793,0.6486903429031372,Unknown,3.431734447087163,3.07348221758953,3.2326615293057945,3.0406637767875675,0.3582522294976327,0.3910706702995954,0.03281844080196272,0.20717473333687197,,0.14249680145311425,,0.9122792394789139,,0.7975119100181354,,0.9882837729166245,,0.7254911932139494,
909.3686561823263,296.0264545454545,0.9486241340637207,Unknown,4.171742225521644,3.221863854665798,3.3244395265261075,3.8631316581727737,0.949878370855846,0.3086105673488704,-0.6412678035069757,0.005185121996351417,,0.14815447802076503,,0.00016592087497196937,,0.28136109359149003,,0.05702147403203347,,0.7343618598048498,
910.0338004912817,40.075900000000004,0.6466712951660156,Unknown,3.3590792982047026,3.1255882687671295,3.185596629736204,3.400376448542895,0.23349102943757316,-0.04129715033819226,-0.2747881797757654,0.11904803063211124,,0.7871498729802858,,0.13045542103700716,,0.7304273081055243,,0.9341936111129959,,0.9484584234184341,
910.5864896428404,401.1893,0.7612918615341187,Unknown,4.07561698298232,3.800044472709356,4.6945403279629785,3.525604696555464,0.2755725102729638,0.5500122864268557,0.2744397761538919,0.6004855620749374,,0.41519392707508007,,0.6706774420265378,,0.9142159978346233,,0.954391917600169,,0.8686251632404102,
910.6725633966645,243.5783636363636,0.8717747926712036,Unknown,3.941082636554398,3.8985275236453503,4.016731067086312,3.5302987356467965,0.042555112909047565,0.4107839009076013,0.36822878799855374,0.7759789427214543,,0.03634168322430989,,0.11501158399242341,,0.971182597467767,,0.9341936111129959,,0.5602471319855509,
912.428736315676,142.40863636363636,0.8825685977935791,Unknown,3.5179071155232897,3.6472053176057955,3.5651450530093993,3.395541678943021,-0.12929820208250575,0.12236543658026866,0.2516636386627744,0.47777509727881273,,0.5496663955405041,,0.052076901461941764,,0.8969592270190967,,0.9341936111129959,,0.8844087084608109,
913.0482248346959,397.55612499999995,0.5546645522117615,Unknown,3.539217731414947,3.928590429002018,3.5232224274787183,4.06735218722939,-0.38937269758707105,-0.5281344558144427,-0.1387617582273717,0.5173672026271424,,0.4277227789509546,,0.794114837143475,,0.8986119382783423,,0.9670301754768821,,0.8735200432455408,
913.8874130644538,360.0922,0.8013569712638855,Unknown,3.4967794190764594,3.458028027742016,3.5437058259431025,3.3722092870601243,0.0387513913344435,0.12457013201633504,0.08581874068189155,0.8551436201190095,,0.726458777504217,,0.7944047183868774,,0.9954021650632178,,0.9670301754768821,,0.9298311602816235,
914.3504832403638,411.34130000000005,0.8359105587005615,Unknown,3.520630982960537,3.447742937547215,3.256328510605888,3.1794605727587495,0.07288804541332228,0.3411704102017876,0.26828236478846534,0.9021840985839933,,0.06499776485259624,,0.6617125155748654,,0.9954021650632178,,0.954391917600169,,0.6265958193010359,
914.8391464988075,280.1578181818182,0.8514429330825806,Unknown,3.1754381685980615,3.543509878030521,3.5886038471966195,3.501074058969756,-0.3680717094324595,-0.3256358903716947,0.04243581906076477,0.3926506884052342,,0.37131970890627314,,0.8919934490375233,,0.86820198711975,,0.9817817638321394,,0.8486879142198621,
915.5382907388762,41.66718181818182,0.9060680866241455,Unknown,3.53945305881564,3.7612729258479103,3.8213445529421604,3.3325462603414953,-0.2218198670322704,0.20690679847414462,0.42872666550641503,0.43498976733670497,,0.5847578103175193,,0.29887971555879866,,0.8890951892318769,,0.9341936111129959,,0.8971507476746464,
917.4517021090951,295.76800000000003,0.8253901600837708,Unknown,3.291534740608883,3.1700986937719278,3.4156497312680667,3.1184577993562943,0.1214360468369553,0.17307694125258877,0.051640894415633465,0.5205893013505897,,0.22000588644026076,,0.7713027465132043,,0.8986119382783423,,0.9647434629470387,,0.7717149129191864,
919.1136874153497,65.98936363636363,0.7238781452178955,Unknown,3.355755354895551,3.4327442131115276,3.508165941200115,3.6117816727227723,-0.07698885821597656,-0.2560263178272213,-0.17903745961124473,0.7705273291646761,,0.3176326005721274,,0.45208750692185734,,0.9693889862128761,,0.9341936111129959,,0.8288527624284971,
919.3694561342913,292.22762500000005,0.5199788808822632,Unknown,3.1633709365379805,2.7256660238730324,3.292066796790823,3.0854712494806904,0.43770491266494815,0.07789968705729011,-0.35980522560765804,0.19999545766904733,,0.8126501985567814,,0.08667485010906696,,0.7967966888619453,,0.9341936111129959,,0.9526888772293054,
920.0476537629471,401.0253636363636,0.9544374346733093,Unknown,5.24265812651955,5.049978595931903,5.235097882446265,5.2425128605866,0.19267953058764675,0.0001452659329501671,-0.19253426465469659,0.43799949955378165,,0.9966851272288515,,0.4408951203817837,,0.8890951892318769,,0.9341936111129959,,0.9994646497252948,
920.8057198959749,47.949000000000005,0.9558408856391907,Unknown,3.496474849213356,3.4875879938203167,3.4020628389675416,3.6797733873639995,0.008886855393039461,-0.18329853815064334,-0.1921853935436828,0.9502694304810992,,0.06739964750986902,,0.25978584448235464,,0.9954021650632178,,0.9341936111129959,,0.6265958193010359,
920.8059077904913,121.02777777777777,0.5359244346618652,Unknown,3.674005094065182,2.9840993572126755,3.101492864734875,3.032810268842749,0.6899057368525066,0.6411948252224331,-0.04871091163007346,0.04248292876079429,,0.10600210046868092,,0.8335818092728685,,0.5916899032108986,,0.9670301754768821,,0.6767069076359754,
920.9800350827087,35.0663,0.7603495717048645,Unknown,3.566984431357518,3.4056502113765235,3.4890947071744636,3.345039497817717,0.1613342199809944,0.22194493353980072,0.06061071355880632,0.6021852024401639,,0.45617466496915576,,0.8363691902726877,,0.9142159978346233,,0.9676243854969792,,0.8740973647230489,
922.2880856594855,281.27299999999997,0.935423731803894,Unknown,3.3163279521058997,3.6170435453316006,3.196574723998087,3.5313163872396287,-0.30071559322570085,-0.214988435133729,0.08572715809197184,0.44410360654480585,,0.5804623849273567,,0.5958540959875989,,0.8890951892318769,,0.9456878731807212,,0.8969345767285403,
923.3185228054601,413.167,0.5304832458496094,Unknown,3.2460799959854008,3.3682233128191346,3.4695258305131373,3.3109696429925157,-0.1221433168337338,-0.06488964700711497,0.057253669826618836,0.596071399379519,,0.8539482534687136,,0.8609842106704392,,0.9142159978346233,,0.9733275451767794,,0.9564591519024918,
923.4338737176488,44.201727272727275,0.9665104150772095,Unknown,3.5865913069829887,3.558873074264836,3.8285878540776963,3.5398291897677097,0.02771823271815288,0.04676211721527901,0.01904388449712613,0.9128837799208729,,0.8257955196550739,,0.9354295963239481,,0.9954021650632178,,0.9921208594574054,,0.9563914558871437,
924.7833143150325,245.33749999999995,0.6969439387321472,Unknown,3.585243493739691,3.5953537966153344,3.7396054247523534,3.70119390351741,-0.010110302875643296,-0.11595040977771909,-0.10584010690207579,0.9719323834161941,,0.7896960151333163,,0.8342682354190757,,0.9954021650632178,,0.9670301754768821,,0.9484584234184341,
925.4524436469026,225.12181818181818,0.8153061270713806,Unknown,3.8716817753824895,3.8803623530704745,3.6444953592606697,3.408629916485522,-0.008680577687985025,0.4630518588969674,0.47173243658495245,0.9827273721584897,,0.17740700742413062,,0.14969991494871768,,0.9954021650632178,,0.9341936111129959,,0.7373372735493757,
925.6323219029895,411.47620000000006,0.8417031168937683,Unknown,4.053149427249245,3.6102339004864894,3.6273012489245966,3.5871454630756587,0.4429155267627558,0.46600396417358647,0.023088437410830664,0.007025027858870641,,0.04181337124356965,,0.90120733951239,,0.3098216482842187,,0.984263524403892,,0.5678883008262753,
926.1292338859262,299.84088888888886,0.7016253471374512,Unknown,3.046035817180021,2.8366646877061363,2.6315988948770315,2.991202776844126,0.20937112947388448,0.05483304033589498,-0.1545380891379895,0.27746970283127326,,0.7947001389865441,,0.4198628312330149,,0.8303955402584695,,0.9341936111129959,,0.9484584234184341,
926.6944066168593,287.1695,0.7865385413169861,Unknown,3.491218078098535,3.0483337652473765,3.159418093604986,3.1219272137527194,0.4428843128511586,0.3692908643458157,-0.07359344850534288,0.03595731998511953,,0.0033125822805167857,,0.6076182468817093,,0.5465623686447973,,0.9456878731807212,,0.20269033696022837,
926.6996138893461,373.85249999999996,0.8698580265045166,Unknown,3.5570651990393247,3.3729788355100823,3.61520939541371,3.705111888371866,0.18408636352924246,-0.14804668933254117,-0.33213305286178363,0.3407228935432752,,0.23009338316770067,,0.08674328088036358,,0.8616961145239895,,0.9341936111129959,,0.7881271695877057,
926.7566645925895,44.74909090909091,0.8632232546806335,Unknown,3.3835090801098744,3.234744921309659,3.3678763971624224,3.3912103767755184,0.14876415880021554,-0.0077012966656440085,-0.15646545546585955,0.38293415086056853,,0.9632258599214569,,0.4294169306823416,,0.8662226401476409,,0.9341936111129959,,0.9946799654543693,
927.2341797887943,358.835,0.7444383502006531,Unknown,3.7406514132141653,3.397602546261078,3.526825698012753,3.5473993555248584,0.3430488669530871,0.19325205768930687,-0.14979680926378025,0.03262872077427621,,0.04156322713570963,,0.25874062841394707,,0.5326275618217038,,0.9341936111129959,,0.5678883008262753,
927.6411915149931,395.9203333333333,0.6254027485847473,Unknown,3.21931694570405,3.1664819216001767,3.7883751138782937,3.1675746472326165,0.052835024103873085,0.0517422984714333,-0.0010927256324397838,0.7315647445206985,,0.6902670790353154,,0.9925605972949152,,0.9626589044043908,,0.9998607476510148,,0.9196792731614726,
928.8478547590221,561.7696666666667,0.7195516228675842,Unknown,3.946914297202204,3.2357590512656516,3.3438727652807847,3.417270771631848,0.7111552459365527,0.5296435255703562,-0.18151172036619645,0.002842723668810996,,0.003759512734976777,,0.12762577728490382,,0.2548563567429684,,0.9341936111129959,,0.20269033696022837,
928.975166287757,33.59527272727272,0.9415383338928223,Unknown,3.428370609749191,3.1024390300058724,3.3470888702212966,3.450506835040084,0.32593157974331843,-0.022136225290893208,-0.34806780503421164,0.225494358439314,,0.9306223273065481,,0.33051981510696077,,0.7980087070322811,,0.9341936111129959,,0.9849548090064558,
929.2526822653567,85.92636363636365,0.8192359805107117,Unknown,3.3493235532973618,3.8573724113658394,4.018531914253424,4.079840062919163,-0.5080488580684777,-0.7305165096218014,-0.2224676515533237,0.28901043754813466,,0.15682731925116103,,0.2760342894470642,,0.8416604401902475,,0.9341936111129959,,0.7357931083347601,
929.6412297724636,410.56045454545455,0.9563433527946472,Unknown,3.4446662291524013,3.3854573610328926,3.4972609446754754,3.6493676452461377,0.05920886811950865,-0.20470141609373638,-0.263910284213245,0.908609853927165,,0.17672527296467738,,0.6252970547363597,,0.9954021650632178,,0.9481944780819669,,0.7373372735493757,
931.047999042064,276.756,0.843304455280304,Unknown,3.376036373323808,3.2044912423112444,3.415612414059785,3.071989298587828,0.17154513101256352,0.3040470747359798,0.13250194372341628,0.3871456455026109,,0.2075749151968156,,0.5164824670198804,,0.8662226401476409,,0.9375398401843495,,0.7607065471326157,
931.8532134447456,388.34939999999995,0.6574689745903015,Unknown,3.4996011491910175,3.280923501571421,2.8779085475369106,3.1208052433425824,0.21867764761959663,0.37879590584843514,0.16011825822883852,0.5032276994203672,,0.10407145377408894,,0.5619711978959934,,0.8969592270190967,,0.9439759149311477,,0.6706104302567856,
932.2343349039799,69.30627272727271,0.6500192880630493,Unknown,3.26327483935599,3.872191952499254,3.7278621899459337,3.433580720369014,-0.608917113143264,-0.1703058810130238,0.4386112321302402,0.09447217651228894,,0.6440877374910637,,0.3441427186516071,,0.7150338109748187,,0.9341936111129959,,0.917668691528113,
932.3946090599991,399.9224545454545,0.9293352365493774,Unknown,3.9698307611510244,4.273361932938211,3.7960873962077892,4.318557481115177,-0.30353117178718625,-0.34872671996415283,-0.04519554817696658,0.4384722529426261,,0.3466636347715286,,0.7884536800621939,,0.8890951892318769,,0.9667220674675763,,0.8340961667431646,
933.0439436878984,37.24399999999999,0.7701548933982849,Unknown,3.3882700824018817,3.4326918915361744,2.9948916593421977,3.0504618804774317,-0.04442180913429272,0.33780820192444994,0.38223001105874266,0.8861683541888055,,0.43078346290171476,,0.2527492539944137,,0.9954021650632178,,0.9341936111129959,,0.8735200432455408,
933.7640414147291,42.99490909090909,0.972070574760437,Unknown,3.6368220238651685,3.5181930415609446,3.93821818340926,3.4202457520818244,0.11862898230422392,0.21657627178334415,0.09794728947912024,0.4864810967680403,,0.0927886814155025,,0.5074993330657691,,0.8969592270190967,,0.9375398401843495,,0.6594525298454849,
937.5932246510193,409.5883636363637,0.9104093909263611,Unknown,4.3023867462870165,3.5174488300160918,3.414219582601227,3.728997091350717,0.7849379162709247,0.5733896549362996,-0.21154826133462512,0.13692306048351327,,0.18174847092636795,,0.7192665022015158,,0.7393027089682752,,0.9581389861520812,,0.7373372735493757,
938.0160441951125,99.96433333333333,0.7295678853988647,Unknown,3.500005773705725,3.2697929505791747,3.542497131355888,3.3496180094562504,0.23021282312655034,0.15038776424947464,-0.0798250588770757,0.3762382655784071,,0.5837881971900452,,0.6477884786726296,,0.8662226401476409,,0.9540281588203186,,0.8970669921848281,
938.8463032598921,411.17999999999995,0.9713534712791443,Unknown,3.678969335776456,3.7573691846979482,3.908609713722949,3.863817629808878,-0.07839984892149232,-0.1848482940324221,-0.10644844511092977,0.7546863838266054,,0.14736631505794115,,0.6469965587945723,,0.9660666181049634,,0.9540281588203186,,0.7339839170277165,
939.0459078328563,44.207454545454546,0.9544615149497986,Unknown,3.357968893697137,3.381700489233292,3.603288056506668,3.413231202332876,-0.023731595536155226,-0.05526230863573911,-0.031530713099583885,0.8587089163819579,,0.6385723879447225,,0.8343097391723439,,0.9954021650632178,,0.9670301754768821,,0.9159720463142764,
939.1978656953731,143.2587,0.7611197829246521,Unknown,3.4376789770719864,3.633539251888642,3.298419995687147,3.4107151507970244,-0.19586027481665536,0.026963826274962077,0.22282410109161743,0.46208968062713907,,0.8363095735417143,,0.3861118433165413,,0.8969592270190967,,0.9341936111129959,,0.9563914558871437,
939.7659312646716,284.35450000000003,0.5664837956428528,Unknown,3.081488766285228,3.0734509707057356,2.9770867404862082,3.213496519282232,0.008037795579492357,-0.13200775299700407,-0.14004554857649643,0.9608967767189222,,0.4934643754841058,,0.4765469029006363,,0.9954021650632178,,0.9343252415096033,,0.8764199330303413,
940.8072430854114,373.7196,0.8707048892974854,Unknown,4.06183697799793,3.7145865262555824,3.8878108513714746,3.985562385189663,0.3472504517423478,0.0762745928082671,-0.2709758589340807,0.000412157118261608,,0.1153230021572895,,0.004473138182555191,,0.10623349723192946,,0.4207300363488151,,0.6881210654511394,
940.870117033055,46.60363636363636,0.8687171339988708,Unknown,3.1901103654444487,3.4016609709099694,3.464844135034989,3.2582556640634457,-0.21155060546552074,-0.06814529861899699,0.14340530684652375,0.43203451453837405,,0.6658961111299225,,0.5417420887122031,,0.8890951892318769,,0.9417182934407179,,0.919454692032388,
941.7161555959699,241.1842,0.7263233065605164,Unknown,3.590433116630092,3.7345008044460335,3.4874947902196136,3.703626440077555,-0.1440676878159417,-0.11319332344746336,0.030874364368478346,0.3779546184690264,,0.5785213717761986,,0.8121440015414269,,0.8662226401476409,,0.9670301754768821,,0.8969345767285403,
942.1790936948235,361.69399999999996,0.608110249042511,Unknown,3.1963408456302798,3.009406498333876,3.1100097343476003,3.0885395252478194,0.18693434729640357,0.10780132038246037,-0.0791330269139432,0.5208883669886527,,0.7043163128326554,,0.6138477592810985,,0.8986119382783423,,0.9474207182916355,,0.9235989591949826,
942.5626311368229,389.53349999999995,0.7064388394355774,Unknown,3.905695504972132,4.779604022348145,4.6984647692568515,3.1906166935725793,-0.8739085173760128,0.7150788113995525,1.5889873287755654,0.38521943077991555,,0.40060778745565506,,0.02976693856935752,,0.8662226401476409,,0.8899859596062306,,0.8665916804462865,
942.8648643891131,34.68572727272727,0.8336895704269409,Unknown,3.1940294107275164,3.1689672513358738,3.2391319821790177,3.2567834610704023,0.02506215939164269,-0.06275405034288584,-0.08781620973452853,0.9051495703527412,,0.5253680195645749,,0.7000344628297402,,0.9954021650632178,,0.9581389861520812,,0.8807389075952466,
942.9076408190382,281.1355,0.7557914853096008,Unknown,3.251497667040708,3.045638968020716,3.0760318317413717,3.2312678382942868,0.2058586990199922,0.02022982874642132,-0.1856288702735709,0.20106360451138816,,0.8790964075186953,,0.23589697341874885,,0.7967966888619453,,0.9341936111129959,,0.9639810616993636,
943.7447781236009,300.0882727272727,0.903224766254425,Unknown,2.9551472490139137,2.6898133579131716,2.831476044268345,2.905665317475281,0.2653338911007421,0.04948193153863256,-0.21585195956210956,0.3886521822379577,,0.850345811062071,,0.2712192982427798,,0.8673168828730182,,0.9341936111129959,,0.9563914558871437,
944.4083400295458,34.44881818181818,0.936460554599762,Unknown,3.495735071627486,3.160953356144151,3.4938624671624425,3.2553363829148814,0.3347817154833348,0.2403986887126046,-0.09438302677073018,0.039877586093541376,,0.12130141137645355,,0.566859132463891,,0.5632026200334405,,0.9439759149311477,,0.6886890452203801,
946.0196003692322,406.64500000000004,0.6830794215202332,Unknown,3.223080529222397,3.0750702665393703,3.400439136646513,3.525291423529182,0.14801026268302664,-0.30221089430678516,-0.4502211569898118,0.5791434844481183,,0.5018797854849988,,0.38647053892325695,,0.910896507211941,,0.9341936111129959,,0.8791579978112207,
946.1982520519557,286.4925,0.8042664527893066,Unknown,3.2282429298166964,3.1026807756256125,3.3034175936867474,3.1301717749319207,0.12556215419108385,0.09807115488477569,-0.02749099930630816,0.5723406976021737,,0.6252966331074534,,0.8094895135491929,,0.9100764743884808,,0.9670301754768821,,0.908617286236875,
946.2293902120704,107.66277777777778,0.6167073249816895,Unknown,3.761682951950645,3.2379483131899103,3.476718246469217,3.3419284810636363,0.5237346387607347,0.4197544708870087,-0.10398016787372599,0.012437125141735485,,0.07938430514464569,,0.6210702560111767,,0.3674558186250609,,0.9481944780819669,,0.6594525298454849,
946.2441030745969,295.53863636363633,0.9332982301712036,Unknown,3.211086763007856,3.0892992372646355,3.1277937036828733,3.008716760351838,0.12178752574322038,0.2023700026560178,0.08058247691279741,0.44183937502558507,,0.4926118470751266,,0.7696655592910882,,0.8890951892318769,,0.9647434629470387,,0.8757873369339121,
946.5769080721282,249.7887272727273,0.8779525756835938,Unknown,3.4062214052258146,3.5294828048928015,3.6276726551238756,3.679961629486254,-0.1232613996669869,-0.2737402242604392,-0.1504788245934523,0.5686933014540123,,0.22006225450847797,,0.15945485821165642,,0.9076204238375956,,0.9341936111129959,,0.7717149129191864,
947.1281705073806,402.97681818181815,0.8162592649459839,Unknown,4.340495066865691,3.2182627912842676,3.9248755882664397,3.7421067421651717,1.1222322755814238,0.5983883247005197,-0.5238439508809041,0.10679779937622053,,0.48156213962701694,,0.40375586600652885,,0.7277636160222334,,0.9341936111129959,,0.8740973647230489,
947.7891782639664,50.327363636363636,0.7816320657730103,Unknown,2.8561142168250306,3.3879678712787644,3.3284892891695717,3.536405320610194,-0.5318536544537338,-0.6802911037851636,-0.14843744933142977,0.029162817611388666,,0.0044633570764156145,,0.41042465543011647,,0.50984214897667,,0.9341936111129959,,0.21403354166439528,
948.1166774829209,42.61645454545454,0.9691988229751587,Unknown,4.153144598044296,3.810761828436648,3.9930353714766937,4.167456124869831,0.342382769607648,-0.014311526825535381,-0.3566942964331834,0.261358046987374,,0.966004731125834,,0.17734381606221558,,0.813523745154896,,0.9341936111129959,,0.9946799654543693,
948.9507925874431,145.89557142857143,0.5074049234390259,Unknown,3.2020926189645014,3.138089076243032,3.5217914845832414,3.4045008834073407,0.06400354272146958,-0.20240826444283933,-0.2664118071643089,0.5810056834046278,,0.1802591195210673,,0.03221709720434569,,0.910896507211941,,0.8899859596062306,,0.7373372735493757,
949.5022148040969,388.9725,0.5620086193084717,Unknown,4.5801932497822735,3.9032081567226395,4.037727521857201,4.092313486284333,0.676985093059634,0.4878797634979408,-0.18910532956169313,0.13474316417285778,,0.522887953679995,,0.7810849638259795,,0.73716694198491,,0.9667220674675763,,0.8794412402024059,
949.8493553869758,407.9974545454545,0.9362380504608154,Unknown,4.081793663724823,4.034097963676925,4.215991948325427,4.35542472553735,0.047695700047897915,-0.2736310618125275,-0.3213267618604254,0.9087547380792891,,0.11351225401316303,,0.4534881908000888,,0.9954021650632178,,0.9341936111129959,,0.6881210654511394,
950.2727769610486,44.083363636363636,0.9254334568977356,Unknown,3.5734370941653335,3.609488490195357,3.624564224903986,3.727565232950036,-0.0360513960300235,-0.15412813878470244,-0.11807674275467894,0.7743251471910084,,0.4280210046865478,,0.519459035648844,,0.9702743565980914,,0.9375398401843495,,0.8735200432455408,
951.4752967408929,394.109125,0.5730966925621033,Unknown,3.612286459809169,4.187296157479607,4.345513630041317,4.347469363027418,-0.575009697670438,-0.7351829032182491,-0.16017320554781111,0.27884333816882734,,0.369973801429165,,0.7938987657036647,,0.8305968085542698,,0.9670301754768821,,0.8486879142198621,
953.0200300874762,296.5135454545454,0.9154948592185974,Unknown,3.182668264218764,3.1033661068984877,3.045781392175144,2.9799621153751517,0.07930215732027612,0.20270614884361216,0.12340399152333603,0.6836263416484631,,0.2963327830420712,,0.39021998460762997,,0.9435993578504407,,0.9341936111129959,,0.8191269103859745,
953.4737389203594,245.28736363636364,0.780804455280304,Unknown,3.344687518048561,3.2066261909820875,3.6867581295371696,3.463824232255876,0.13806132706647345,-0.1191367142073152,-0.25719804127378865,0.4490613632927329,,0.5952652293451304,,0.3227737918091894,,0.8890951892318769,,0.9341936111129959,,0.9013476837791984,
953.6281402984085,409.35027272727274,0.8318033814430237,Unknown,3.446584109035181,4.013387931101756,3.440803489860591,3.1785598992552173,-0.5668038220665754,0.26802420977996366,0.8348280318465391,0.5250704064628149,,0.646643292663962,,0.2500000552757512,,0.8986119382783423,,0.9341936111129959,,0.9177037879457167,
954.8673371871649,33.348909090909096,0.9807019233703613,Unknown,3.9806761063126843,3.654028726444841,3.4139445939090836,3.6912468410661305,0.3266473798678433,0.28942926524655377,-0.037218114621289544,0.2678757784658744,,0.12840367510462566,,0.903035363537018,,0.8183113333371448,,0.985216359583773,,0.7060926858075226,
955.3964016077133,75.44172727272728,0.8495030403137207,Unknown,3.4365352940187077,3.4627008618585555,3.579166370566398,3.5284577558094465,-0.026165567839847803,-0.09192246179073882,-0.06575689395089102,0.9184077961684802,,0.6903451982433457,,0.8454532025691239,,0.9954021650632178,,0.9712114226727206,,0.9196792731614726,
956.3002609492339,286.6316,0.8442912697792053,Unknown,3.1954071172647915,3.101191839210921,3.288305154293428,3.2946280856993475,0.09421527805387075,-0.09922096843455597,-0.19343624648842672,0.5388938182760707,,0.4973497907438165,,0.12935309130455058,,0.9072925006558107,,0.9341936111129959,,0.8791579978112207,
957.5583671173088,100.9529,0.7224520444869995,Unknown,3.4986231399555057,3.5038924086103074,4.002337135587035,2.9737276102434023,-0.0052692686548017065,0.5248955297121034,0.5301647983669051,0.9867821125076037,,0.2569400483243855,,0.25134641015334536,,0.9954021650632178,,0.9341936111129959,,0.8051269092036252,
957.9712011286526,45.33481818181818,0.9445778131484985,Unknown,3.851117648976459,3.400575734588642,3.7202079977060256,3.5429333034964503,0.4505419143878173,0.30818434548000884,-0.14235756890780848,0.038212510227954674,,0.20897013330895836,,0.5955697361560932,,0.5628156863574466,,0.9456878731807212,,0.7607065471326157,
958.1980792814851,278.97079999999994,0.8523004055023193,Unknown,3.3551804773112184,3.2542233330099655,3.289569042231233,3.2525359226510395,0.10095714430125291,0.10264455466017885,0.0016874103589259448,0.7055477868212741,,0.5246284167329165,,0.9951280659212549,,0.9512872396649651,,0.9998607476510148,,0.8802146422321186,
958.3137216697895,275.6954444444444,0.7033237814903259,Unknown,2.9885358774819717,3.3151919654612336,3.3849447046392567,3.3784370015630802,-0.32665608797926193,-0.38990112408110855,-0.06324503610184662,0.32222909758143414,,0.2772240403669619,,0.7690351565635123,,0.8496629145945233,,0.9647434629470387,,0.8186638975532324,
958.4209510593065,399.80209090909085,0.9293183088302612,Unknown,4.77513506036864,4.864184082989703,5.238122059497188,5.028858481219977,-0.08904902262106251,-0.2537234208513368,-0.1646743982302743,0.9460168653266757,,0.8358740851218147,,0.8955998373323637,,0.9954021650632178,,0.9833476382211576,,0.9563914558871437,
959.5757371541506,296.18719999999996,0.7550293803215027,Unknown,3.085840732063236,2.879913745305784,3.1672894716980915,3.0108419630173784,0.20592698675745202,0.07499876904585756,-0.13092821771159446,0.44342065408671966,,0.8377170751312905,,0.7551836426614849,,0.8890951892318769,,0.9621697557564429,,0.9563914558871437,
960.4857505374598,402.2558181818182,0.88596510887146,Unknown,4.487908554359186,5.487198602070978,3.9419276698182397,4.1497148236213635,-0.9992900477117921,0.33819373073782266,1.3374837784496147,0.48843063607377707,,0.7942921991953069,,0.24562685936075718,,0.8969592270190967,,0.9341936111129959,,0.9484584234184341,
960.5990319236771,34.81618181818182,0.9589105248451233,Unknown,3.7031556723729424,3.4538975454023753,3.6371258732531278,3.4958311925387235,0.24925812697056715,0.20732447983421887,-0.041933647136348284,0.2589288142901798,,0.15254212059255653,,0.855717254140085,,0.813523745154896,,0.9720975361780841,,0.7351711427863571,
961.4781383988538,403.5678888888889,0.589022696018219,Unknown,4.051723915103319,4.039317025654557,4.1879399711652034,4.229336123755552,0.012406889448762115,-0.17761220865223226,-0.19001909810099438,0.9862404563228133,,0.8922670429204922,,0.885348538072765,,0.9954021650632178,,0.9772958701852471,,0.9698759317354005,
962.4946720687643,42.49681818181818,0.9768589735031128,Unknown,3.751179547797585,3.9528264100870296,4.001183679680746,4.3293493811906485,-0.2016468622894445,-0.5781698333930634,-0.3765229711036189,0.6156117006046299,,0.168931233543344,,0.09436558015215885,,0.9191625517023703,,0.9341936111129959,,0.7373372735493757,
962.6578649147481,48.313,0.6966719031333923,Unknown,3.135945249477476,3.2396560118419218,3.438791368824332,3.385953305423005,-0.10371076236444576,-0.2500080559455289,-0.14629729358108312,0.46767978745118044,,0.3222107821708826,,0.4951796009020859,,0.8969592270190967,,0.9375398401843495,,0.8288527624284971,
962.729689084116,402.24581818181815,0.7550057172775269,Unknown,4.130892327421989,3.891723557337888,3.3994240189650204,4.775623912105345,0.2391687700841012,-0.6447315846833561,-0.8839003547674573,0.8610058698962754,,0.6907921327347517,,0.41629699996922104,,0.9954021650632178,,0.9341936111129959,,0.9196792731614726,
963.9558076289973,227.2579090909091,0.6943845152854919,Unknown,3.5162630496493095,3.2161050390070867,3.0743177588384865,3.4830415424708083,0.3001580106422228,0.03322150717850114,-0.26693650346372166,0.21196818624483224,,0.9132406809186682,,0.3587643773148672,,0.7975119100181354,,0.9341936111129959,,0.978019728456359,
966.049324318301,36.843875000000004,0.5235713124275208,Unknown,3.1821619755213235,3.5484540668813214,3.8581476430073245,3.484691163586247,-0.36629209135999785,-0.30252918806492346,0.06376290329507439,0.22335784072515386,,0.5127273484450908,,0.8965174727351786,,0.7980087070322811,,0.9834210847629602,,0.8791579978112207,
966.2723314221142,541.6289,0.853102445602417,Unknown,4.025742605400533,3.204548204569996,3.498188024933565,3.5671749973529505,0.8211944008305374,0.4585676080475829,-0.3626267927829545,0.0011357861227851488,,0.011714888214408307,,0.029121990437700224,,0.13776417559899864,,0.8899859596062306,,0.33550138191819345,
966.3646694335897,43.101181818181814,0.9202062487602234,Unknown,4.041322698636168,3.6387969831085285,3.954952722411967,3.3813276638463505,0.40252571552763916,0.6599950347898171,0.257469319262178,0.3255726062292877,,0.16634156848609666,,0.18271477991768367,,0.8500724613931757,,0.9341936111129959,,0.7373372735493757,
966.6294110151764,238.54660000000004,0.6199950575828552,Unknown,3.49307617071517,3.7561647493074735,3.414609112800491,3.349165706456825,-0.2630885785923036,0.14391046425834464,0.40699904285064825,0.13588633290329236,,0.5513599713740236,,0.09165150922904662,,0.7390037456294316,,0.9341936111129959,,0.8844087084608109,
968.0374376178512,411.30163636363636,0.9528160691261292,Unknown,3.7035634677163003,3.639165161190329,3.5024465268946434,3.712362348084531,0.06439830652597145,-0.008798880368230844,-0.07319718689420229,0.8400808430351528,,0.8904670264119499,,0.8166316666594798,,0.992103205639134,,0.9670301754768821,,0.9688119951287751,
969.1553395657351,282.97411111111114,0.6245855689048767,Unknown,3.3094942923226403,2.841717406882257,2.971116597762157,2.9440226756533967,0.4677768854403834,0.36547161666924355,-0.10230526877113988,0.04378078853257292,,0.051667292087246186,,0.45597958338442374,,0.5955607313717711,,0.9341936111129959,,0.608788321622295,
969.5083193074411,107.45462500000001,0.5237493515014648,Unknown,3.241820686938117,3.063427651047712,3.2293149505846626,3.3864335463747715,0.17839303589040512,-0.14461285943665425,-0.32300589532705937,0.4077093421883732,,0.7760712289928783,,0.5496799794575629,,0.886033747932616,,0.9439759149311477,,0.9480206600612057,
969.7111687436372,403.98244444444447,0.7001307010650635,Unknown,3.6675903121580666,3.101654210406254,3.1239695407610655,3.1312836585609696,0.5659361017518125,0.5363066535970971,-0.029629448154715465,0.0652032361599348,,0.12056664447834355,,0.8775873813517041,,0.64951242976708,,0.974808002265388,,0.6886890452203801,
969.8269087027535,140.49911111111112,0.5906205773353577,Unknown,3.148603671906605,2.8693154016441476,2.8559844872904376,3.0084904744315413,0.2792882702624575,0.1401131974750638,-0.13917507278739372,0.2694427163833005,,0.5155521135170965,,0.3400357263405625,,0.8183113333371448,,0.9341936111129959,,0.8791579978112207,
969.9527419567355,32.501363636363635,0.9812352657318115,Unknown,5.450515260860655,4.956212711087011,4.29291516835805,4.355847426616993,0.49430254977364374,1.094667834243662,0.6003652844700182,0.20958464668166188,,0.17347974766790644,,0.4595305750443954,,0.7975119100181354,,0.9341936111129959,,0.7373372735493757,
970.3271929822841,40.69899999999999,0.7934198975563049,Unknown,3.5922785339780225,3.7866260723556953,4.0379597358643675,3.5967166190980535,-0.1943475383776727,-0.004438085120030966,0.18990945325764175,0.7731351018777003,,0.9933375919219756,,0.7075086682712606,,0.9702743565980914,,0.9581389861520812,,0.9994646497252948,
972.8860967547577,297.0124,0.7145336270332336,Unknown,3.099079216025642,2.9662848757189866,2.9834526196918976,2.972478604523637,0.13279434030665538,0.12660061150200486,-0.006193728804650522,0.4613270771748314,,0.12416832604572911,,0.9728755178706698,,0.896565912473612,,0.9953426349734461,,0.6948411924039429,
972.8932444845505,397.71236363636365,0.9136364459991455,Unknown,3.732419758054421,4.257461074239691,4.324586817893658,4.00886753128137,-0.5250413161852698,-0.27644777322694924,0.2485935429583206,0.17341735289404536,,0.5575189567790014,,0.5195799240089372,,0.7722656567258852,,0.9375398401843495,,0.8854085614790521,
973.5171837651172,375.05010000000004,0.848918616771698,Unknown,3.2426421383199706,3.2140351131844436,3.068534093506056,3.385593196369635,0.028607025135527042,-0.14295105804966424,-0.17155808318519128,0.8904208565863521,,0.40497639155380105,,0.41237294757350285,,0.9954021650632178,,0.9341936111129959,,0.8665916804462865,
973.5614477754374,283.92763636363634,0.8962341547012329,Unknown,3.3740831195722696,3.367574291471646,3.344738150166415,2.9991674997957873,0.006508828100623365,0.37491561977648225,0.3684067916758589,0.9640349231336762,,0.01726822452193939,,0.05118837042340723,,0.9954021650632178,,0.9341936111129959,,0.4336554496173331,
975.0040061546166,408.1871,0.810450553894043,Unknown,3.454131861358249,3.218761420976542,3.32768069843966,3.2211060891862995,0.23537044038170718,0.23302577217194953,-0.00234466820975765,0.06122617741232153,,0.08099232147171052,,0.9869583060483418,,0.6428522382860448,,0.9972960620048666,,0.6594525298454849,
975.3235238375197,241.63081818181817,0.8726122975349426,Unknown,3.8435995259384277,3.8619425968663044,3.157948466112317,3.557833634747467,-0.01834307092787668,0.28576589119096063,0.3041089621188373,0.9531895867741939,,0.38847834081482285,,0.03303758215479349,,0.9954021650632178,,0.8899859596062306,,0.8535031276542437,
975.7689326124837,34.68509090909091,0.9591766595840454,Unknown,3.412944293434938,3.123502144615467,3.546637250180905,3.1977434455349454,0.28944214881947117,0.21520084789999272,-0.07424130091947845,0.18683124654057734,,0.23816949419593228,,0.7627652641930079,,0.7910596106091796,,0.9647434629470387,,0.7967438865447922,
975.8165423674257,388.30420000000004,0.8312981724739075,Unknown,3.862467217896363,3.9824708388794257,4.056298308722628,3.960660025764175,-0.12000362098306283,-0.09819280786781226,0.02181081311525057,0.702289588554381,,0.7744590521167234,,0.9157943561155839,,0.9483438975763807,,0.9882837729166245,,0.9480206600612057,
977.4333796664047,43.008545454545455,0.9417573809623718,Unknown,3.536151414165124,3.6114793385373622,3.878983892475609,3.8015207141692535,-0.07532792437223845,-0.2653693000041297,-0.19004137563189127,0.413139369114268,,0.2061481180222114,,0.3667562906489639,,0.886465534977753,,0.9341936111129959,,0.7607065471326157,
977.6549071173099,46.59609090909091,0.8884328007698059,Unknown,4.112889482138624,3.2984438347708096,3.4467764067153626,3.259825948830016,0.8144456473678146,0.8530635333086081,0.03861788594079352,0.05924637627500463,,0.03504011335326319,,0.8360933276915281,,0.6428522382860448,,0.9676243854969792,,0.5602471319855509,
978.3483171892447,279.2405,0.7893883585929871,Unknown,3.4175470329614073,3.2614505211535225,3.4512161315758094,3.450964182067388,0.15609651180788475,-0.033417149105980926,-0.18951366091386568,0.35215528101056404,,0.853191866466189,,0.2746399345372104,,0.8616961145239895,,0.9341936111129959,,0.9564591519024918,
978.7127823357757,410.12840000000006,0.8355833292007446,Unknown,4.102332645908112,3.773826373638135,4.038846520835674,4.104679580757604,0.32850627226997764,-0.0023469348494913334,-0.330853207119469,0.1295229316650017,,0.9765242968428849,,0.1274291510499932,,0.7334813121935246,,0.9341936111129959,,0.9948577491685624,
979.2858879769437,232.26680000000002,0.5476193428039551,Unknown,3.569191418921397,3.276395571738933,3.6364544545246558,3.459970894236005,0.2927958471824641,0.10922052468539212,-0.18357532249707198,0.22646869681865667,,0.578561833779976,,0.4252481576878957,,0.7980087070322811,,0.9341936111129959,,0.8969345767285403,
979.3034989438448,296.7629090909091,0.9494835734367371,Unknown,3.02485141138072,3.037563552109385,2.9552792832161288,3.0823028251161255,-0.012712140728664778,-0.05745141373540541,-0.04473927300674063,0.9471285080760095,,0.7389108519843139,,0.8273280955554113,,0.9954021650632178,,0.9670301754768821,,0.9346540342515478,
979.5362535792655,284.62244444444445,0.6082541942596436,Unknown,3.011081010375826,3.0319308091185473,3.0650148540824382,3.1408462079889685,-0.020849798742721415,-0.12976519761314265,-0.10891539887042123,0.928179380376871,,0.26298735123547284,,0.6448016060566302,,0.9954021650632178,,0.9536533451648531,,0.8096454007707824,
980.4518809856515,373.7192999999999,0.8703939914703369,Unknown,3.2030224645057532,3.1030128798613235,2.920789490712659,3.3531596989638053,0.10000958464442977,-0.15013723445805205,-0.2501468191024818,0.36731932828638547,,0.07838786570065552,,0.07285399640302409,,0.8659389361669497,,0.9341936111129959,,0.6594525298454849,
981.1507798305661,100.56563636363636,0.7028650641441345,Unknown,3.370114979502084,3.3952981694396525,3.131365480415293,3.3605734376346903,-0.025183189937568518,0.009541541867393644,0.03472473180496216,0.9076176569207425,,0.9438368710767325,,0.8527877019609998,,0.9954021650632178,,0.9720975361780841,,0.9930474728386576,
983.0864763171095,408.8537272727273,0.9435448050498962,Unknown,3.317004528244993,4.062560860975218,3.464281772910267,3.7049121590606124,-0.7455563327302248,-0.3879076308156195,0.3576487019146053,0.17234822237612177,,0.02201977818773089,,0.467856096985592,,0.7722656567258852,,0.9343252415096033,,0.44955230319902073,
983.5107158380546,62.510299999999994,0.760286271572113,Unknown,3.0764804962577066,3.2152686352209585,3.5226240720058835,3.3915227519419413,-0.13878813896325193,-0.3150422556842347,-0.1762541167209828,0.2899282078996949,,0.11846895161743672,,0.34576187299034217,,0.8420168516748886,,0.9341936111129959,,0.6881210654511394,
984.5517138330952,293.21219999999994,0.7993090748786926,Unknown,3.0789347684085224,3.0856890885181585,3.038592002714902,2.762297512737158,-0.006754320109636058,0.3166372556713646,0.32339157578100064,0.9760237707957241,,0.11406799274564756,,0.18475846464645965,,0.9954021650632178,,0.9341936111129959,,0.6881210654511394,
984.6075252700467,244.91736363636366,0.7810438871383667,Unknown,3.2407905047788668,3.4513935254399715,3.05802711180484,3.2910381554714943,-0.2106030206611047,-0.05024765069262749,0.1603553699684772,0.36246063772222314,,0.8797121932440055,,0.6146771438713959,,0.8659389361669497,,0.9479912271225268,,0.9639810616993636,
984.9654394683877,35.310181818181825,0.9159149527549744,Unknown,3.959417958439637,3.5289525704006977,3.9626594044219896,3.5627370219939283,0.4304653880389395,0.3966809364457089,-0.033784451593230624,0.35517993047833163,,0.009784254298207597,,0.938191400812342,,0.8616961145239895,,0.9921208594574054,,0.29669312298388334,
985.0162749524544,269.4593636363636,0.8249964714050293,Unknown,3.091025912640727,3.294184340832516,3.2026102973627983,3.3861928881461174,-0.20315842819178886,-0.2951669755053903,-0.09200854731360142,0.0630825893436057,,0.03384021840026103,,0.41353886681866503,,0.6428522382860448,,0.9341936111129959,,0.5602471319855509,
985.5450778130303,47.96690909090909,0.9659824967384338,Unknown,3.864726679601059,3.574520466075695,3.8408833817251606,3.7358208013642584,0.290206213525364,0.12890587823680066,-0.16130033528856336,0.06994192794730553,,0.26624616064841955,,0.3090836488716799,,0.6655577164309516,,0.9341936111129959,,0.8124275167583956,
985.6106630893357,398.8205,0.8083007335662842,Unknown,4.864045411213859,4.368855421912599,4.92080637688751,4.921653840307034,0.49518998930126035,-0.05760842909317443,-0.5527984183944348,0.30544520646006157,,0.0601721842789518,,0.2606005806885246,,0.8472520550068383,,0.9341936111129959,,0.6240166054463303,
985.9772608608887,47.21955555555556,0.6425203084945679,Unknown,3.1931794676887573,3.530078359382126,3.6205881694334634,3.3747293422300224,-0.3368988916933686,-0.18154987454126514,0.15534901715210347,0.015253969398025648,,0.2735576897096155,,0.30956675259261174,,0.37527499861821545,,0.9341936111129959,,0.8186638975532324,
986.4935435230899,32.25727272727273,0.9902774095535278,Unknown,4.762600304871541,4.339917503933977,4.6369893157376785,4.430630794790093,0.4226828009375643,0.33196951008144815,-0.09071329085611612,0.19047215207384605,,0.06014237800075525,,0.7638922426349981,,0.796329883376522,,0.9647434629470387,,0.6240166054463303,
989.2152745158957,400.804625,0.621674120426178,Unknown,3.4513256545033983,4.148316683770164,3.402899350981869,3.5199567565314944,-0.696991029266766,-0.06863110202809608,0.62835992723867,0.1928961486951112,,0.8117942417507775,,0.2875941641937485,,0.796329883376522,,0.9341936111129959,,0.9526888772293054,
989.389787695526,499.6925555555556,0.7713559865951538,Unknown,3.0757491203469502,3.0889078344880248,2.960862972340487,3.375738065626718,-0.013158714141074501,-0.2999889452797677,-0.2868302311386932,0.9253941104668278,,0.04187292228708491,,0.043322163490245404,,0.9954021650632178,,0.9341936111129959,,0.5678883008262753,
989.5446880588817,234.6782727272727,0.8684073686599731,Unknown,3.397802922992241,3.615024562438009,3.4910497120008674,3.367686115153733,-0.21722163944576822,0.030116807838507675,0.2473384472842759,0.14276589219452696,,0.9356720088737179,,0.5052317735037246,,0.7393027089682752,,0.9375398401843495,,0.9881397493733067,
990.117355607274,409.209,0.9682531356811523,Unknown,4.204936522471683,3.924788510882999,4.4372706147535075,4.478619685318933,0.28014801158868385,-0.27368316284725047,-0.5538311744359343,0.5652346018171455,,0.48631694491488425,,0.11696870865536645,,0.9072925006558107,,0.9341936111129959,,0.8740973647230489,
990.1725497126786,401.74833333333333,0.6778584718704224,Unknown,3.4068648372250063,3.610096208154491,3.259618149898297,3.594392900737921,-0.20323137092948462,-0.18752806351291484,0.01570330741656978,0.6814026475814363,,0.5843628278161632,,0.9704872956945865,,0.9435993578504407,,0.9953426349734461,,0.8971507476746464,
991.547113510836,288.1983333333334,0.6188894510269165,Unknown,3.1561309834375577,2.9639963387735135,3.0263803111434386,3.2087215967089886,0.19213464466404417,-0.052590613271430886,-0.24472525793547506,0.18276993144194684,,0.7073931319841107,,0.2175731020224302,,0.7870374419187873,,0.9341936111129959,,0.9237915489206803,
992.9951326963061,374.38469999999995,0.8404384255409241,Unknown,3.075719229810346,3.161328357131213,2.9950164680205225,3.259667296377268,-0.085609127320867,-0.18394806656692175,-0.09833893924605475,0.5770626926608692,,0.11726413132953543,,0.5181437951112381,,0.910896507211941,,0.9375398401843495,,0.6881210654511394,
993.0377897362335,41.28999999999999,0.7874075174331665,Unknown,2.9158770661382754,3.3493026667795394,3.636295135324008,3.4828325996862106,-0.433425600641264,-0.5669555335479353,-0.13352993290667126,0.21561747266291983,,0.01069129312366085,,0.6474269191514123,,0.7979466639025367,,0.9540281588203186,,0.3104992453660377,
993.412269638294,295.5032,0.7750905156135559,Unknown,2.9212607892510047,3.1313821129814925,2.8127474914658377,2.740609621841436,-0.21012132373048775,0.18065116740956855,0.3907724911400563,0.5717745931667235,,0.44929411362774624,,0.3141584413771619,,0.9100764743884808,,0.9341936111129959,,0.8735200432455408,
995.1798864448438,76.9172,0.6540535092353821,Unknown,3.142231823850013,3.276009083345666,3.448951646234101,3.214094152427409,-0.13377725949565322,-0.07186232857739627,0.06191493091825695,0.5531115761455387,,0.7177619811200114,,0.8038547562809608,,0.9072925006558107,,0.9670301754768821,,0.9294353092991543,
995.2249820428098,396.9789090909091,0.9283587336540222,Unknown,4.180840765817727,4.463401830182068,4.619529333755348,4.632169070568472,-0.2825610643643408,-0.4513283047507448,-0.168767240386404,0.5567922313060638,,0.3103374219618398,,0.46543164997843955,,0.9072925006558107,,0.9343252415096033,,0.8251842306808576,
996.2161278570411,236.2871,0.6515086889266968,Unknown,3.515048692555235,3.6987482744856894,3.622705174856933,3.2997938317663564,-0.18369958193045433,0.21525486078887868,0.398954442719333,0.09039873102814505,,0.007937587306167778,,0.009069686481795106,,0.7046230338559829,,0.6233897841820503,,0.2711965793163915,
996.7627759782226,282.6048,0.8060848116874695,Unknown,3.257935450425188,3.4054982428168294,3.35780602388514,3.3241430180951252,-0.14756279239164138,-0.06620756766993718,0.0813552247217042,0.562938454721277,,0.6204322332074437,,0.7712238805200001,,0.9072925006558107,,0.9647434629470387,,0.9073873955706049,
997.2002613241131,42.26199999999999,0.8784724473953247,Unknown,3.569914061406994,3.6355727820609745,3.6948499099120475,3.3655538480772784,-0.06565872065398048,0.20436021332971555,0.27001893398369603,0.7994627147656512,,0.21895996343551632,,0.3721570523435278,,0.9762690413707179,,0.9341936111129959,,0.7717149129191864,
997.4757405732225,411.20640000000003,0.8209919929504395,Unknown,3.527832950434003,3.0530813305241313,2.986601598438438,3.305523357733994,0.4747516199098718,0.22230959270000916,-0.25244202720986264,0.061903566225718756,,0.40144708629481024,,0.4256938856140331,,0.6428522382860448,,0.9341936111129959,,0.8665916804462865,
998.8579631730287,295.76509999999996,0.8398916125297546,Unknown,3.088615257444074,3.052999402087224,3.023269313864149,3.0674660850178737,0.035615855356849746,0.02114917242620029,-0.014466682930649455,0.8608737260931612,,0.8716303455957427,,0.927641116035405,,0.9954021650632178,,0.9915997829263894,,0.9623977718257107,
999.0048946299646,409.4481111111111,0.5769648551940918,Unknown,2.953631856867665,2.9598409985994323,2.9031096931781217,2.8425784435298485,-0.0062091417317673425,0.11105341333781649,0.11726255506958383,0.9854024235029558,,0.7649950595015568,,0.6929818271029122,,0.9954021650632178,,0.9575520026139989,,0.942868985470538,
999.4018487161142,48.449636363636365,0.9108066558837891,Unknown,3.280006253394456,3.377076461866696,3.240261495966034,3.334803154317289,-0.09707020847224035,-0.05479690092283329,0.04227330754940706,0.7458486740594342,,0.8484835163386701,,0.9010924122537997,,0.9646675789076422,,0.984263524403892,,0.9563914558871437,
1000.0511836460196,34.68536363636364,0.921382486820221,Unknown,3.1281253163806446,3.1797987473616893,3.179908788259522,3.155609240721627,-0.05167343098104471,-0.02748392434098257,0.02418950664006214,0.7148020393664759,,0.8367322839139547,,0.8922691684875991,,0.9541880945080187,,0.9817817638321394,,0.9563914558871437,
1002.0144357074392,295.57788888888894,0.6597936153411865,Unknown,2.934953343752765,3.024070894096328,3.0274937810313727,2.8303910787827973,-0.08911755034356306,0.10456226496996779,0.19367981531353085,0.6614578585359769,,0.46262265505666944,,0.3598449487117973,,0.9386242468363262,,0.9341936111129959,,0.8740973647230489,
1002.0505335548004,400.6588181818181,0.9523624777793884,Unknown,5.39904383714831,5.190497958764988,5.403161117712776,5.405523639957148,0.20854587838332161,-0.006479802808838642,-0.21502568119216026,0.4450110199409206,,0.8793979475912077,,0.4360485553510652,,0.8890951892318769,,0.9341936111129959,,0.9639810616993636,
1003.2190847023032,239.99339999999998,0.6925522089004517,Unknown,3.6108182569919927,3.5457249351609,3.7220598800627807,3.418842189144487,0.06509332183109251,0.19197606784750576,0.12688274601641325,0.7087405686481514,,0.3151027279168922,,0.45320902721605505,,0.9514472998388595,,0.9341936111129959,,0.8268266863845994,
1003.2296450900235,120.70811111111112,0.554314911365509,Unknown,3.417233831299639,2.932735789721303,2.875302836460454,2.7896648043046235,0.48449804157833576,0.6275690269950154,0.14307098541667962,0.01683528522505897,,0.003167256592527611,,0.25680238743739153,,0.38445950400680484,,0.9341936111129959,,0.20269033696022837,
1005.0947056351575,373.0664,0.8096868991851807,Unknown,3.5796443015306516,3.291191553498837,3.533351047122718,3.64607863652965,0.28845274803181464,-0.06643433499899842,-0.35488708303081307,0.06154702110651115,,0.4183970808898471,,0.05301807818680188,,0.6428522382860448,,0.9341936111129959,,0.8697340981825961,
1005.5868561980049,277.09139999999996,0.8119754195213318,Unknown,3.9306321085724654,3.799477631637909,3.7998585561066034,3.746175473798633,0.13115447693455629,0.18445663477383256,0.053302157839276276,0.6199579163076265,,0.43144050300547765,,0.7694354546127975,,0.9191625517023703,,0.9647434629470387,,0.8735200432455408,
1006.1910541049622,44.5207,0.7175706028938293,Unknown,3.2066364738672952,2.9916073107405867,3.4237837196651757,3.397587628860848,0.2150291631267085,-0.19095115499355275,-0.40598031812026125,0.5225254322328163,,0.2682182070243443,,0.24235583348850354,,0.8986119382783423,,0.9341936111129959,,0.8146545314502892,
1006.2835833732299,292.4424285714286,0.5060194134712219,Unknown,3.180157521077014,2.650761980004057,2.6971424978419485,2.8438728070825987,0.5293955410729567,0.3362847139944152,-0.19311082707854155,0.2098535713921152,,0.48708817751509653,,0.531997415280381,,0.7975119100181354,,0.9417182934407179,,0.8740973647230489,
1006.8748207889054,46.69381818181818,0.946561336517334,Unknown,3.6553225321982743,3.2411263431366977,3.414675230148698,3.4661704296697775,0.4141961890615766,0.1891521025284968,-0.22504408653307983,0.14284843689187646,,0.4914170483042826,,0.25901057573940045,,0.7393027089682752,,0.9341936111129959,,0.8757873369339121,
1007.4871266958809,274.5527272727273,0.8520073890686035,Unknown,3.7672120955150543,3.661780642001483,4.249488241137875,4.316592684058761,0.10543145351357142,-0.5493805885437064,-0.6548120420572778,0.8556310487052273,,0.29795024334355064,,0.10495763984084747,,0.9954021650632178,,0.9341936111129959,,0.8191269103859745,
1008.1254491324672,410.6925454545454,0.9577163457870483,Unknown,3.8629958787071543,3.5492884705491883,3.6528018896803234,3.4167410361081316,0.31370740815796605,0.4462548425990227,0.13254743444105666,0.0010936051660319788,,0.1320351606916767,,0.6090669298541455,,0.13776417559899864,,0.9456878731807212,,0.7108524839327347,
1009.6621772809393,75.18463636363636,0.7584612369537354,Unknown,3.136771057430073,3.17187136879488,3.196472252583711,3.394559627434432,-0.035100311364806736,-0.25778857000435895,-0.22268825863955222,0.7082216309086056,,0.04606557619940903,,0.02987926827082601,,0.951370034484394,,0.8899859596062306,,0.5804936219507998,
1010.8164031822432,390.31755555555554,0.7238604426383972,Unknown,3.5859782412595096,3.5338499847713543,3.463539114565063,3.3408111755310763,0.05212825648815533,0.24516706572843328,0.19303880924027794,0.8830642384857417,,0.09155090595381643,,0.5980595859866834,,0.9954021650632178,,0.9456878731807212,,0.6594525298454849,
1011.2946033794605,32.86472727272727,0.9540879726409912,Unknown,5.961672064772544,4.7093487706359385,5.845956526962365,5.59393160438297,1.2523232941366054,0.367740460389574,-0.8845828337470314,0.2628553687600777,,0.020852560653429532,,0.411717385200946,,0.813758686401949,,0.9341936111129959,,0.4478956257017885,
1011.804072225421,409.957909090909,0.8384928107261658,Unknown,3.019787816571068,3.678759967856795,3.231370716089879,3.3213332056186657,-0.658972151285727,-0.30154538904759765,0.3574267622381293,0.08267438102443402,,0.11751454186035272,,0.2215344495383091,,0.6929860718389551,,0.9341936111129959,,0.6881210654511394,
1011.8722802332527,405.84524999999996,0.5301617980003357,Unknown,3.261841185164021,3.1854134622856747,3.1776414090174336,3.4167452112540655,0.07642772287834632,-0.1549040260900445,-0.23133174896839082,0.7135738732863749,,0.6267928207731146,,0.4974451923311383,,0.953943122488273,,0.9375398401843495,,0.9095332839086294,
1012.2377588831052,48.08363636363636,0.9830048084259033,Unknown,3.9401174049977263,3.965675089937958,4.00627566515441,3.748406519208949,-0.025557684940231695,0.19171088578877749,0.21726857072900918,0.8756493321693887,,0.21063205058055617,,0.30137493927726067,,0.9954021650632178,,0.9341936111129959,,0.7610393806327458,
1014.2613762808,399.17972727272723,0.9300335645675659,Unknown,4.000036947825706,4.2833294500807435,4.3041730321027245,4.377098467909717,-0.2832925022550379,-0.3770615200840117,-0.09376901782897384,0.42182424947636415,,0.2619039105412208,,0.5336765936343103,,0.8890951892318769,,0.9417182934407179,,0.8096454007707824,
1015.3629869253548,408.37309999999997,0.7912437915802002,Unknown,3.250068056877035,3.2496998961585866,3.534992821012451,3.4532962130555926,0.0003681607184482516,-0.20322815617855783,-0.20359631689700608,0.9989844883963381,,0.4889337138400982,,0.1141246469913105,,0.999914966043114,,0.9341936111129959,,0.875157394043648,
1015.4499536950532,296.020125,0.6130810976028442,Unknown,3.094684614185132,2.9184988868951263,2.8858298244976126,2.8130552070071295,0.1761857272900058,0.28162940717800256,0.10544367988799674,0.34387384355173906,,0.16759279012080397,,0.5777347893391891,,0.8616961145239895,,0.9456878731807212,,0.7373372735493757,
1016.5769131322043,37.2575,0.5687410831451416,Unknown,3.1809488924966303,3.064141342398754,3.5309014315202263,3.18662345755911,0.11680755009787624,-0.005674565062479875,-0.12248211516035612,0.4624977671226271,,0.9678012560454915,,0.37407165185534064,,0.8969592270190967,,0.9341936111129959,,0.9946799654543693,
1017.4719601610308,45.507000000000005,0.8125293850898743,Unknown,3.266059288969142,3.265813339026559,3.488171304446502,3.4130656656635803,0.00024594994258331226,-0.14700637669443806,-0.14725232663702137,0.9986736230242823,,0.5855944649624223,,0.6290712088668436,,0.999914966043114,,0.949441296879383,,0.8976134132627431,
1017.9884995527202,235.60880000000003,0.5955345630645752,Unknown,3.4080140346058463,3.3043426207035664,3.621102707062227,3.32263652102003,0.10367141390227985,0.08537751358581636,-0.018293900316463496,0.5090441694315523,,0.531237942892489,,0.9144158537165964,,0.8969693764809423,,0.9882837729166245,,0.8826854458052477,
1019.7004339459738,410.32272727272726,0.9420146942138672,Unknown,4.146804252036207,4.0059446803154675,3.642504643820093,3.3879049760723583,0.14085957172073993,0.7588992759638491,0.6180397042431092,0.49000326643890274,,0.0607599702382524,,0.14706808949499364,,0.8969592270190967,,0.9341936111129959,,0.6240166054463303,
1019.9388047723027,70.77572727272728,0.8233709931373596,Unknown,3.032625004833925,3.2830013923609833,3.295482858994428,3.4515135092270923,-0.25037638752705815,-0.41888850439316716,-0.168512116866109,0.22156496294645783,,0.19463147943110906,,0.5103407173634206,,0.7980087070322811,,0.9375398401843495,,0.7502770326369649,
1021.7016578956878,373.2088,0.6889039874076843,Unknown,3.2217639025394895,3.354149832563735,3.2729654569149815,3.2089827157594564,-0.13238593002424537,0.012781186780033149,0.14516711680427852,0.8064288260190036,,0.9638254858342381,,0.7850100017769794,,0.9794402964076038,,0.9667220674675763,,0.9946799654543693,
1021.8862534132095,39.949909090909095,0.9195991158485413,Unknown,3.538804638585081,3.1723572310673944,3.328073518307138,3.5539115683064466,0.3664474075176867,-0.015106929721365514,-0.3815543372390522,0.16362304917124604,,0.9486898413063298,,0.22467123490163227,,0.7722656567258852,,0.9341936111129959,,0.9941310504479282,
1023.5778185447099,289.2254545454545,0.7858301997184753,Unknown,3.013357510452932,2.8659095979739764,3.010571793047393,2.8374752398334646,0.1474479124789556,0.17588227061946737,0.028434358140511762,0.34476440595972446,,0.2970270583476676,,0.8498272949071082,,0.8616961145239895,,0.9720975361780841,,0.8191269103859745,
1023.715161488127,409.21981818181814,0.8578183650970459,Unknown,3.2275868391764497,3.3115275364104027,3.1382788986051775,3.1849247349051253,-0.08394069723395292,0.04266210427132444,0.12660280150527736,0.7461507446774653,,0.916359900765124,,0.7244820624881824,,0.9646675789076422,,0.9581389861520812,,0.978019728456359,
1023.9308685918273,64.8838,0.6151483058929443,Unknown,3.047625334893439,3.2523816292364582,3.0274556496613885,3.166936837793673,-0.20475629434301945,-0.11931150290023407,0.08544479144278538,0.2610691095941726,,0.5570393946281723,,0.7263404010830246,,0.813523745154896,,0.9581389861520812,,0.8854085614790521,
1023.9452498802723,403.53437499999995,0.5098817348480225,Unknown,3.202372242932911,3.0341519470248937,3.451835215509602,3.128627748974836,0.16822029590801746,0.07374449395807492,-0.09447580194994254,0.4928511186113089,,0.8322857970964203,,0.7294650370886776,,0.8969592270190967,,0.9581389861520812,,0.9563914558871437,
1024.479546618703,373.5872,0.868449330329895,Unknown,3.2905539011781166,3.2407188704047165,3.192188126543167,3.324365029472109,0.049835030773400124,-0.033811128293992354,-0.08364615906739248,0.7909568197248069,,0.8761402855986482,,0.6405611685865888,,0.973122292525389,,0.9536533451648531,,0.96352067674902,
1024.9847060034276,394.23069999999996,0.7294884920120239,Unknown,3.354574949619938,3.711160594655977,3.335349262930621,3.1350789992115846,-0.35658564503603873,0.21949595040835357,0.5760815954443923,0.7072100802585164,,0.6904847088779679,,0.4713707600705013,,0.9512872396649651,,0.9343252415096033,,0.9196792731614726,
1025.8143502154498,273.8747777777778,0.6233094930648804,Unknown,3.063354850150089,3.194250422012724,3.04743565049565,3.0931084574938867,-0.13089557186263523,-0.02975360734379784,0.10114196451883739,0.441918394831073,,0.823130860611493,,0.6100056466660144,,0.8890951892318769,,0.9456878731807212,,0.9563914558871437,
1026.3800662298497,33.108181818181826,0.9797711372375488,Unknown,5.604419711460427,5.158490155050054,3.408314243883215,5.287867474450613,0.44592955641037246,0.3165522370098133,-0.1293773194005592,0.16514217808600157,,0.06763264323816208,,0.6715990772036489,,0.7722656567258852,,0.954391917600169,,0.6265958193010359,
1027.9057291918136,387.9282,0.7834215760231018,Unknown,5.033300382823729,4.18780441230685,4.0376641678698135,4.3863574271114425,0.845495970516879,0.6469429557122863,-0.19855301480459264,0.32396019192661,,0.4076595198995625,,0.8561969647518888,,0.8500724613931757,,0.9720975361780841,,0.8665916804462865,
1031.42468704149,222.0712,0.678333580493927,Unknown,2.9817771608476615,3.3012086856181218,3.426613524400988,3.5700099616608547,-0.3194315247704602,-0.5882328008131932,-0.26880127604273296,0.17533333733034398,,0.02825004112801772,,0.06567742913896575,,0.7725156871264302,,0.9341936111129959,,0.52175159844382,
1031.6068624412335,41.63945454545455,0.8950170278549194,Unknown,3.5669357329875226,3.299341867597629,3.390011006265371,3.6373503776901117,0.2675938653898937,-0.07041464470258907,-0.3380085100924828,0.018067025505882153,,0.7493126965714766,,0.1725875075887405,,0.387208668927478,,0.9341936111129959,,0.9371914612395388,
1032.279574690878,408.97554545454545,0.9284167885780334,Unknown,3.867964496642537,4.457237949580406,4.121827227313501,4.154797464633898,-0.5892734529378694,-0.2868329679913608,0.30244048494650855,0.13878538503939636,,0.2071377302995733,,0.35098683745245784,,0.7393027089682752,,0.9341936111129959,,0.7607065471326157,
1032.743459113817,278.4722727272727,0.9072211980819702,Unknown,2.86264547000323,2.974451263180585,3.166301000499075,3.124184637079796,-0.11180579317735484,-0.2615391670765659,-0.14973337389921104,0.38070993699129085,,0.10162417948998399,,0.35263814872889915,,0.8662226401476409,,0.9341936111129959,,0.6706104302567856,
1034.4441317623964,45.38470000000001,0.7212545871734619,Unknown,3.0181898895963464,3.21490637805322,3.238925456636358,3.2075528103812245,-0.1967164884568735,-0.18936292078487815,0.0073535676719953535,0.5791325039577204,,0.6051693152945563,,0.9746253158392605,,0.910896507211941,,0.9953426349734461,,0.9028912947607407,
1034.5303425998707,410.5334,0.7780143618583679,Unknown,3.1291414416698657,3.0634294868801213,2.9438365253182175,3.571508400201085,0.06571195478974445,-0.4423669585312191,-0.5080789133209636,0.8476420668627547,,0.36621654195294073,,0.2568187881558562,,0.9925778077022781,,0.9341936111129959,,0.8465678357701388,
1034.996639582702,296.7748571428571,0.5496708154678345,Unknown,2.8915729121017755,2.6731118530646434,2.6429901462348786,2.6613659593403574,0.2184610590371321,0.23020695276141812,0.011745893724286027,0.14748479823813487,,0.12125216087655846,,0.9442903076226852,,0.7508979110297139,,0.9921208594574054,,0.6886890452203801,
1036.0928077205658,400.29081818181817,0.9316036105155945,Unknown,4.0801470411764065,3.9434779311024983,3.898565442937066,3.7756503760130316,0.13666911007390814,0.3044966651633749,0.16782755508946678,0.828374589223764,,0.707851914303916,,0.7773947996483765,,0.9867460358498636,,0.9667220674675763,,0.9237915489206803,
1036.8366819251853,46.57063636363637,0.9674443006515503,Unknown,3.419564044839717,3.1996707766636336,3.310385817968413,3.388069482890477,0.21989326817608346,0.03149456194923994,-0.18839870622684352,0.17920307131363888,,0.8066401271859021,,0.3298160198836332,,0.7803552659946523,,0.9341936111129959,,0.9526299783833506,
1037.1736789866613,392.48019999999997,0.8062644600868225,Unknown,3.887561959080646,3.8070673852789803,3.101286533825215,4.308578873651193,0.08049457380166558,-0.42101691457054713,-0.5015114883722127,0.8967393830601421,,0.4232335568888976,,0.4007970597768739,,0.9954021650632178,,0.9341936111129959,,0.8735200432455408,
1037.25093719928,44.475125,0.5293152332305908,Unknown,3.2568724578211175,3.404510347537116,3.325376254946897,3.33388642243492,-0.14763788971599867,-0.07701396461380261,0.07062392510219606,0.4291660477619487,,0.6719579036640524,,0.6760271367736054,,0.8890951892318769,,0.954391917600169,,0.9195697788067687,
1039.7852265591705,373.98449999999997,0.8647064566612244,Unknown,3.6028579101833635,3.3870416293438,3.3812747617794567,3.599600961735439,0.2158162808395634,0.003256948447924568,-0.21255933239163882,0.3473869993967856,,0.9882070175195211,,0.1820982041442653,,0.8616961145239895,,0.9341936111129959,,0.9978858325784783,
1039.8580519146751,371.8873,0.6394940614700317,Unknown,2.9969404667887285,3.0573866051052625,3.200547944312911,3.269629414096425,-0.060446138316534004,-0.2726889473076963,-0.21224280899116232,0.7690362093462171,,0.3618347344620464,,0.4106457871507229,,0.9693889862128761,,0.9341936111129959,,0.8457179855678237,
1041.582820563682,72.23230000000001,0.7214398980140686,Unknown,3.2398920728268017,3.1157430676236886,3.395547665437574,3.3774517775266055,0.12414900520311312,-0.13755970469980383,-0.26170870990291695,0.6750627674838787,,0.536315278708259,,0.2724720305738465,,0.9435993578504407,,0.9341936111129959,,0.8844087084608109,
1042.1882419095703,48.70863636363636,0.8923398852348328,Unknown,3.4322141967500177,3.1239234013430086,3.661149723079574,3.5000581736196454,0.3082907954070091,-0.06784397686962773,-0.37613477227663683,0.11955933928422358,,0.8143856083162161,,0.19602110176558477,,0.7304273081055243,,0.9341936111129959,,0.9527873122511655,
1042.284333118279,33.10772727272727,0.9815945625305176,Unknown,4.144355738126182,3.2635225730297397,3.8019452275431465,3.917354239688367,0.8808331650964427,0.22700149843781547,-0.6538316666586272,0.19774992706994027,,0.7338757512982848,,0.22868932492767854,,0.7967966888619453,,0.9341936111129959,,0.9324029462115769,
1042.7586815597213,400.04699999999997,0.958536684513092,Unknown,6.330607477513797,6.166606594031831,6.352213191398749,5.484458109828158,0.1640008834819664,0.8461493676856389,0.6821484842036725,0.4689207121074037,,0.3728296509980208,,0.4759073074042202,,0.8969592270190967,,0.9343252415096033,,0.8486879142198621,
1044.6930064680178,295.37420000000003,0.7809969186782837,Unknown,3.0630779501178877,2.8188839620917285,2.8738080238431247,3.016023649099907,0.24419398802615921,0.047054301017980915,-0.1971396870081783,0.23015512632491447,,0.7856659878272908,,0.20338163120899908,,0.7980087070322811,,0.9341936111129959,,0.9484584234184341,
1046.65797085395,33.9185,0.7371446490287781,Unknown,2.8915072317424033,3.1844866840591277,3.0751802726147273,3.0444953041483593,-0.2929794523167244,-0.15298807240595602,0.13999137991076838,0.3946163957411672,,0.6274946843454927,,0.5313015183291003,,0.868408759891448,,0.9417182934407179,,0.9099114199158973,
1047.2693309753045,282.602,0.7108175754547119,Unknown,2.8890112201381903,2.920293844767619,2.971211058733089,3.0576548018783156,-0.03128262462942866,-0.16864358174012528,-0.13736095711069662,0.8432895690779868,,0.1592067236767525,,0.28925323033398037,,0.9924664829350389,,0.9341936111129959,,0.7373372735493757,
1048.6238659711746,405.43327272727277,0.8416691422462463,Unknown,3.2041010946864077,3.447054266025194,3.305656894892724,3.702994514608736,-0.24295317133878624,-0.4988934199223283,-0.25594024858354203,0.5762787865169499,,0.4608850079650233,,0.676901273184543,,0.910896507211941,,0.954391917600169,,0.8740973647230489,
1049.6146316930292,75.45277777777778,0.5850159525871277,Unknown,2.8293219244781853,3.0649211955178792,2.9310051726654236,3.1349748647292333,-0.2355992710396939,-0.30565294025104794,-0.07005366921135403,0.17334411967260047,,0.10528918323234596,,0.734990609385036,,0.7722656567258852,,0.9581389861520812,,0.6742431547363272,
1050.048901062599,411.301,0.9612026214599609,Unknown,3.5544075267480544,3.7001997458602234,3.1768316273780366,3.538780467633002,-0.145792219112169,0.015627059115052244,0.16141927822722124,0.554353846113111,,0.7428792243027429,,0.5145742850094445,,0.9072925006558107,,0.9375398401843495,,0.9356779827796421,
1050.48316567562,47.73254545454545,0.9290961027145386,Unknown,3.1072825815972642,3.3445175958957116,3.2037717229409055,3.0583596595294846,-0.2372350142984474,0.048922922067779595,0.286157936366227,0.0038996126882272298,,0.857145901517504,,0.3210861366808708,,0.27276293130287305,,0.9341936111129959,,0.9574403298640808,
1051.3836157126477,42.425090909090905,0.8912113308906555,Unknown,3.3451230575301545,3.3220984085206937,3.2041416116519237,3.220906161304916,0.023024649009460774,0.12421689622523857,0.1011922472157778,0.9082847723150013,,0.6613142064022817,,0.703265110554345,,0.9954021650632178,,0.9581389861520812,,0.919454692032388,
1051.8757245377599,391.4201111111111,0.7022753953933716,Unknown,3.564574589873865,3.526762846502281,3.376654620917879,3.4014657888745448,0.03781174337158433,0.16310880099932046,0.12529705762773613,0.862404076023335,,0.20211763426129942,,0.5992746845310342,,0.9954021650632178,,0.9456878731807212,,0.7607065471326157,
1054.3197763586247,112.949,0.7010380625724792,Unknown,3.15243390991159,2.910700860249584,3.074478502152132,2.870853384628132,0.24173304966200604,0.281580525283458,0.03984747562145197,0.3847062886371957,,0.3079183953665749,,0.7864443483536141,,0.8662226401476409,,0.9667220674675763,,0.8251842306808576,
1054.3817036678593,52.406375000000004,0.5081586837768555,Unknown,3.2125436180349567,3.038837094182682,3.1478479494380487,3.3859487791938476,0.17370652385227459,-0.17340516115889093,-0.3471116850111655,0.5104065313054852,,0.46253647837894313,,0.24689081609644842,,0.8969693764809423,,0.9341936111129959,,0.8740973647230489,
1055.7615510589687,399.8014545454546,0.9064216613769531,Unknown,3.663491895577065,4.216720307905817,4.351760222989434,4.208368166731399,-0.5532284123287519,-0.5448762711543336,0.008352141174418293,0.1903307234918196,,0.17488141218107103,,0.9659026716282753,,0.796329883376522,,0.9953426349734461,,0.7373372735493757,
1056.9764121692579,295.04827272727266,0.9449013471603394,Unknown,2.967729564970322,3.1400226172068515,3.0877918482052604,3.23540758340279,-0.17229305223652958,-0.2676780184324681,-0.0953849661959385,0.2484729083570962,,0.12122209185319531,,0.4026571816086385,,0.808653599543001,,0.9341936111129959,,0.6886890452203801,
1057.110992816621,403.65637499999997,0.5018225312232971,Unknown,3.5981771976642283,3.23412387017572,3.280221775937087,3.123145955980594,0.3640533274885085,0.4750312416836344,0.11097791419512593,0.37924592137699104,,0.27600683396171366,,0.5088001493207334,,0.8662226401476409,,0.9375398401843495,,0.8186638975532324,
1058.4393780132682,326.1867,0.8620215654373169,Unknown,3.1245172735999702,3.1285685275237576,3.3083248627216557,3.6004049109334297,-0.004051253923787357,-0.4758876373334595,-0.47183638340967216,0.9871956486684192,,0.1111089221313539,,0.011701822988021913,,0.9954021650632178,,0.6748926030137602,,0.6881210654511394,
1058.5542704067082,33.34945454545454,0.9750927090644836,Unknown,3.5347179523599372,3.183285838838664,3.674956239874518,3.275810217169908,0.35143211352127324,0.2589077351900291,-0.09252437833124416,0.41747384351850747,,0.4561172207449128,,0.8162810546311976,,0.8890951892318769,,0.9670301754768821,,0.8740973647230489,
1058.6601664538566,389.62836363636364,0.9048947095870972,Unknown,4.046413458248018,3.8238107763049425,3.785024879315336,3.8805517360859594,0.2226026819430751,0.1658617221620582,-0.0567409597810169,0.25945211416198766,,0.18145784207226529,,0.786140966041806,,0.813523745154896,,0.9667220674675763,,0.7373372735493757,
1060.2675962674386,43.74745454545455,0.8762989044189453,Unknown,3.531178011574545,3.525877312281173,3.2894327092883127,3.3107716438330907,0.00530069929337218,0.22040636774145428,0.2151056684480821,0.9911200490327808,,0.6055343416675177,,0.3899148904946791,,0.9978952837429659,,0.9341936111129959,,0.9028912947607407,
1061.2026740019637,410.56418181818185,0.9663549661636353,Unknown,3.966721978538331,3.750969007112321,3.933647397626936,3.8441431855696777,0.21575297142601002,0.12257879296865326,-0.09317417845735676,0.17137844107802142,,0.5640542331443563,,0.6899580356992651,,0.7722656567258852,,0.9575520026139989,,0.8899137885603838,
1062.6789115571244,321.41722222222216,0.7271937131881714,Unknown,3.1809347084957023,3.0803921805207453,3.1415571660786314,3.0805014188468065,0.100542527974957,0.10043328964889575,-0.00010923832606124506,0.5532712035618861,,0.6387816695440978,,0.9995450070885387,,0.9072925006558107,,0.9999676890838645,,0.9159720463142764,
1062.6961002804867,408.48081818181817,0.8420201539993286,Unknown,3.3598598124793426,3.1640877964980807,3.1110795859042204,3.285523194981755,0.19577201598126193,0.07433661749758746,-0.12143539848367446,0.43206307430271634,,0.6927318547952435,,0.68004212624196,,0.8890951892318769,,0.954391917600169,,0.9196792731614726,
1063.2056108983522,47.70954545454545,0.9320475459098816,Unknown,3.5101874235160495,3.4158702464188466,3.1151514403172627,3.2335533799750587,0.09431717709720289,0.27663404354099086,0.18231686644378797,0.8297417627424067,,0.5267982919897762,,0.32293644893686635,,0.9867460358498636,,0.9341936111129959,,0.8807947871106308,
1064.8275100710277,399.22279999999995,0.755620539188385,Unknown,4.276188222046585,3.4123545435238434,4.9035982472793975,3.7425942406885553,0.8638336785227416,0.5335939813580297,-0.3302396971647119,0.23394211505295442,,0.5484806007247767,,0.6283698762146882,,0.8016437494920924,,0.9492298056810894,,0.8844087084608109,
1066.2538493309482,408.0715,0.6249649524688721,Unknown,3.127174385860336,3.634813388604661,2.874433288374277,3.3020698517530853,-0.5076390027443254,-0.1748954658927495,0.33274353685157587,0.505926659299437,,0.554316936119849,,0.6675299441079722,,0.8969693764809423,,0.954391917600169,,0.8844087084608109,
1067.7001317678116,401.21714285714285,0.5035619139671326,Unknown,2.9929370186041244,3.4047233791044147,3.454891376483471,2.9965353750192847,-0.41178636050029027,-0.0035983564151602643,0.40818800408513,0.2780723807958949,,0.9793567958516789,,0.2874476388367864,,0.8305968085542698,,0.9341936111129959,,0.9948577491685624,
1069.5989311972878,49.348363636363636,0.8329691886901855,Unknown,2.9296488224446304,3.058744156013486,3.5066652367111804,3.232858765716603,-0.1290953335688556,-0.30320994327197237,-0.17411460970311676,0.17158249740343662,,0.005606522101979618,,0.058931278550179975,,0.7722656567258852,,0.9341936111129959,,0.23252298444891592,
1069.7204067429236,43.09718181818182,0.9774953126907349,Unknown,3.740177020790778,3.4843613010035965,3.6215558165854147,3.663969376065135,0.25581571978718154,0.07620764472564323,-0.1796080750615383,0.44830245185415063,,0.6424373648192891,,0.5448097571561973,,0.8890951892318769,,0.9435254307910361,,0.917668691528113,
1069.9838014717673,64.2148,0.6669586300849915,Unknown,3.2384629690026947,3.092352159253361,3.0603608998139142,3.2381347491253343,0.14611080974933355,0.000328219877360425,-0.14578258987197312,0.4653630384605048,,0.9978686955556129,,0.47386472634333204,,0.8969592270190967,,0.9343252415096033,,0.9994646497252948,
1070.0521253600068,36.061,0.736804187297821,Unknown,2.6862468032840865,3.235492700635472,2.6876148394129356,3.009512706738447,-0.5492458973513856,-0.32326590345436035,0.22597999389702528,0.013350860191548576,,0.04573560715661696,,0.09483290242028246,,0.3674558186250609,,0.9341936111129959,,0.5804936219507998,
1070.550162271367,400.66187499999995,0.5576456785202026,Unknown,3.3277662436978095,3.2234793876433936,3.298640971042624,3.824987770816053,0.1042868560544159,-0.4972215271182434,-0.6015083831726593,0.8004621551494726,,0.5193254045507212,,0.37502217194457177,,0.9762690413707179,,0.9341936111129959,,0.8791579978112207,
1070.5891878277475,400.45169999999996,0.85915207862854,Unknown,3.825081416908251,3.5590627864161895,3.7577205156285904,3.9641837936363675,0.26601863049206154,-0.13910237672811654,-0.4051210072201781,0.36407807829821914,,0.28102338835646523,,0.1604549605683549,,0.8659389361669497,,0.9341936111129959,,0.8191269103859745,
1070.9987083164747,284.3404,0.8292444348335266,Unknown,3.009640408147316,2.922486928471431,2.873802840178005,3.0535295917468104,0.08715347967588505,-0.04388918359949434,-0.1310426632753794,0.6028807779830313,,0.7406173052740942,,0.3427160664265617,,0.9142159978346233,,0.9341936111129959,,0.9346540342515478,
1071.616248386737,408.35963636363635,0.9329937100410461,Unknown,4.3903870513835,4.44682952093817,4.234435040268933,4.282199249894888,-0.05644246955467036,0.10818780148861151,0.16463027104328187,0.7695357751020103,,0.08597907582530898,,0.42154772765943066,,0.9693889862128761,,0.9341936111129959,,0.6594525298454849,
1072.0890476858203,374.7843,0.8520448803901672,Unknown,2.8620844940067998,2.912842618892285,3.0897447653261096,3.2340587458655663,-0.050758124885485145,-0.37197425185876654,-0.3212161269732814,0.8241638376932345,,0.0461043783800996,,0.13699292994255702,,0.9866434507391115,,0.9341936111129959,,0.5804936219507998,
1072.4955035363841,296.3095,0.8365383744239807,Unknown,2.791670621593178,2.903925338312946,2.894953706260438,2.8337175386706064,-0.11225471671976806,-0.04204691707742825,0.07020779964233981,0.6011026444821972,,0.8101200030248304,,0.7335890303393042,,0.9142159978346233,,0.9581389861520812,,0.9526888772293054,
1074.3159735148115,276.876625,0.580167293548584,Unknown,2.7348045017730214,2.7902658775267475,2.8079882174699895,2.860311075355986,-0.055461375753726116,-0.1255065735829648,-0.07004519782923868,0.7069415687425686,,0.5000779226254906,,0.7103276622074939,,0.9512872396649651,,0.9581389861520812,,0.8791579978112207,
1074.816235995851,399.80472727272723,0.7871158719062805,Unknown,3.0750901767393697,3.3055791150938396,3.4385739781070965,3.740180538850795,-0.23048893835446993,-0.6650903621114255,-0.43460142375695554,0.3733938680071245,,0.3369764072645994,,0.4934140375840327,,0.8659389361669497,,0.9375398401843495,,0.8309605221799807,
1076.4960123835867,42.97754545454545,0.9770083427429199,Unknown,3.5815103208840378,3.217997910383732,3.632042838609719,3.3896384181203043,0.3635124105003058,0.19187190276373345,-0.17164050773657236,0.13208223785578652,,0.03795580751140505,,0.4235932156493535,,0.7334813121935246,,0.9341936111129959,,0.5660864954577748,
1076.5154708988607,372.047,0.6622046828269958,Unknown,2.977793814794849,2.839885259968072,2.7564228873790397,2.9036290426537126,0.13790855482677689,0.07416477214113648,-0.0637437826856404,0.5107603309412939,,0.7457219604129146,,0.7740037179266468,,0.8969693764809423,,0.9647434629470387,,0.9356971188064506,
1076.5886254498714,399.92454545454535,0.9327614903450012,Unknown,4.61692160957531,4.556250614869029,3.335080142391071,4.405452671884452,0.0606709947062809,0.2114689376908574,0.1507979429845765,0.6833306560311536,,0.44761756576245887,,0.6269127865307955,,0.9435993578504407,,0.9486546830090266,,0.8735200432455408,
1078.7596107348809,48.730363636363634,0.7789140343666077,Unknown,3.175683192635564,3.3026765700084177,3.3344336304022555,3.1573958204550494,-0.12699337737285354,0.018287372180514794,0.14528074955336834,0.4648085650669784,,0.7995164879922267,,0.3710921270230725,,0.8969592270190967,,0.9341936111129959,,0.9485632901265659,
1079.5031825006586,412.6394545454546,0.8929255604743958,Unknown,3.3176062251254854,3.254112561657943,2.991652417552065,2.9562095138117637,0.06349366346754248,0.36139671131372175,0.29790304784617927,0.5464257042757494,,0.08242419512568248,,0.15099262562164859,,0.9072925006558107,,0.9341936111129959,,0.6594525298454849,
1080.9914983033811,321.777,0.55910724401474,Unknown,3.0033515297724502,2.796001238326484,2.8863364722118288,2.702050130407668,0.2073502914459664,0.3013013993647822,0.09395110791881578,0.2720872215061468,,0.087434834842389,,0.5141715917842323,,0.8219161001093782,,0.9375398401843495,,0.6594525298454849,
1081.134598707134,38.46171428571428,0.5111921429634094,Unknown,3.123094917048826,2.765787615005499,2.8612841246477076,3.272747626601655,0.35730730204332684,-0.14965270955282906,-0.5069600115961559,0.027439297824540708,,0.49250261989931277,,0.07840730803695034,,0.5021876991051458,,0.9341936111129959,,0.8757873369339121,
1081.3765071447735,74.348,0.6116172671318054,Unknown,3.210621110647029,3.2301231461238906,3.4022708785638964,3.0525097079991217,-0.01950203547686158,0.15811140264790735,0.17761343812476893,0.9549166673409509,,0.5217401859290518,,0.4999264241017745,,0.9954021650632178,,0.9375398401843495,,0.8794412402024059,
1081.6003531141173,290.12409999999994,0.7967239022254944,Unknown,2.692452081427921,2.630154135928087,2.8830276442080547,2.7977058023592547,0.06229794549983403,-0.10525372093133356,-0.1675516664311676,0.7547688272391349,,0.5735713435501444,,0.16219390160606234,,0.9660666181049634,,0.9341936111129959,,0.8955243923975639,
1083.6208815535706,62.55354545454545,0.909917414188385,Unknown,3.405537506750766,3.2426717942878205,3.416555676963904,3.215241693558164,0.16286571246294557,0.19029581319260203,0.02743010072965646,0.47171227573342706,,0.47509483668401103,,0.8546036742857691,,0.8969592270190967,,0.9720975361780841,,0.8740973647230489,
1083.8270225112412,400.536,0.9607086777687073,Unknown,5.375986816698877,5.154783436897667,4.34648012460963,5.376137070415063,0.22120337980121008,-0.00015025371618637706,-0.22135363351739645,0.4394775266235486,,0.9969278413489067,,0.44182790285278006,,0.8890951892318769,,0.9341936111129959,,0.9994646497252948,
1084.2626187285607,43.23090909090908,0.9669899940490723,Unknown,3.3485499921358772,3.4455359169536006,3.730303265949485,3.6958299173390032,-0.09698592481772339,-0.347279925203126,-0.2502940003854026,0.7802046561300983,,0.1151533000189843,,0.45316347135875473,,0.9719392763225705,,0.9341936111129959,,0.6881210654511394,
1085.9713924544449,390.28075,0.5555270314216614,Unknown,3.1759865552580564,3.1165061615965937,4.346473044080691,3.1226043441244538,0.05948039366146274,0.05338221113360264,-0.0060981825278600965,0.7843702228391749,,0.7877030992498342,,0.9761481119162636,,0.9719392763225705,,0.9953426349734461,,0.9484584234184341,
1087.3682747864289,409.3207999999999,0.7664535045623779,Unknown,3.062867494083056,3.118851317178503,2.973025405477346,3.2086388623783826,-0.055983823095446805,-0.14577136829532655,-0.08978754519987975,0.8303031548071029,,0.5030929940966091,,0.6111669435413793,,0.9867460358498636,,0.9456878731807212,,0.8791579978112207,
1087.8151389675986,402.807,0.7035711407661438,Unknown,3.251188226999036,3.0761039836828536,3.037101127182101,3.4755837308564614,0.17508424331618233,-0.22439550385742546,-0.3994797471736078,0.2959451523071733,,0.22986669696329343,,0.07534757025624127,,0.8461792473657245,,0.9341936111129959,,0.7881271695877057,
1088.5034608104456,42.85081818181818,0.9022520780563354,Unknown,3.296483766697469,3.324861933873675,3.456142003570014,3.1944012801160646,-0.028378167176206226,0.10208248658140429,0.1304606537576105,0.9510423856367736,,0.7406521299549123,,0.7547179103632516,,0.9954021650632178,,0.9621697557564429,,0.9346540342515478,
1090.3454519656896,408.86136363636365,0.9301174879074097,Unknown,3.6827825975827433,3.2733549211304775,3.4988953659682185,3.6288241971867534,0.40942767645226574,0.05395840039598987,-0.3554692760562759,0.1361888570995073,,0.6585200561197565,,0.22078020277814275,,0.7390037456294316,,0.9341936111129959,,0.9187201324214735,
1090.7726948341365,574.9585714285714,0.5426937937736511,Unknown,3.173595627310704,2.9721802624844096,2.72107793343879,2.720834172271413,0.2014153648262944,0.4527614550392909,0.2513460902129965,0.6047481188391979,,0.053946532565079336,,0.4793149193048936,,0.9142159978346233,,0.9343252415096033,,0.6117935649074577,
1091.0923369972677,374.1285,0.7742782831192017,Unknown,3.0799637410484357,2.9099067432759274,2.843394631346463,3.2699556382372434,0.17005699777250838,-0.1899918971888077,-0.3600488949613161,0.1522331575254533,,0.054824342482474565,,0.03622319165775732,,0.7652029819083129,,0.9220602104908759,,0.6117935649074577,
1091.9803744750336,48.219454545454546,0.9262140989303589,Unknown,3.0442347438720634,3.0030380019613667,3.00805481203469,3.212254657412172,0.041196741910696666,-0.1680199135401086,-0.20921665545080526,0.4128955790101466,,0.19381881436358242,,0.10567701092776306,,0.886465534977753,,0.9341936111129959,,0.7502770326369649,
1093.1010334045407,33.59136363636364,0.9650739431381226,Unknown,3.0081627564028124,3.0814093675239125,2.8946192001761446,3.1357429161740167,-0.07324661112110009,-0.1275801597712043,-0.0543335486501042,0.7854942814139978,,0.604498593013299,,0.8635036272616323,,0.9719392763225705,,0.974808002265388,,0.9028912947607407,
1096.2651823579433,399.54836363636366,0.9216296672821045,Unknown,4.051126201923686,4.197183239206423,4.348462621686982,4.317152733396983,-0.14605703728273767,-0.26602653147329747,-0.1199694941905598,0.6649965722807787,,0.3959460170282175,,0.4804821845622893,,0.9404821207427747,,0.9343252415096033,,0.862133777309593,
1097.3509323210628,400.8322222222222,0.7574415802955627,Unknown,3.576050823424694,3.556292982352444,3.9494417072388726,4.183847406742767,0.019757841072250315,-0.6077965833180725,-0.6275544243903228,0.9660118350788647,,0.1833890494035704,,0.04771555569003573,,0.9954021650632178,,0.9341936111129959,,0.7395484902407021,
1097.650740514148,312.9697,0.8579224944114685,Unknown,3.456922372982733,3.467953833191899,3.4434379666408765,3.378165117938213,-0.0110314602091659,0.07875725504452014,0.08978871525368604,0.9495704068517326,,0.6482879862467268,,0.6773798509828377,,0.9954021650632178,,0.954391917600169,,0.9180456102303685,
1097.7151026898905,43.8407,0.7126208543777466,Unknown,3.2842026498611587,3.3700538658383223,3.1114763158026166,3.1942257158155773,-0.08585121597716361,0.08997693404558138,0.175828150022745,0.727349954776684,,0.6790908818940666,,0.47727130851915295,,0.9596552288595074,,0.9343252415096033,,0.9195697788067687,
1097.9798690699631,404.203,0.6504970788955688,Unknown,3.421792072136109,3.3731884753458163,3.852173697170831,3.625359713089973,0.04860359679029269,-0.20356764095386382,-0.2521712377441565,0.8770393905259537,,0.6579090511022491,,0.49835524115319335,,0.9954021650632178,,0.9375398401843495,,0.9187201324214735,
1098.4634866833871,407.7038,0.7453120946884155,Unknown,3.7279790014802665,3.319216239334157,3.443886946642621,3.431297571118282,0.4087627621461096,0.2966814303619847,-0.11208133178412494,0.13477785505737683,,0.28483102540381977,,0.5648012843303151,,0.73716694198491,,0.9439759149311477,,0.8191269103859745,
1099.2652173666581,322.88939999999997,0.874718427658081,Unknown,3.5944480506855414,3.432678457642696,3.3613806026705726,3.1935276333484386,0.16176959304284555,0.4009204173371028,0.23915082429425727,0.5742487248537732,,0.3813404480293894,,0.5542748470925838,,0.910896507211941,,0.9439759149311477,,0.8500800041476766,
1100.6013521219356,312.56469999999996,0.8254042863845825,Unknown,3.9363120697304907,3.6678040188768066,4.03997855831633,3.4758768171121885,0.2685080508536841,0.4604352526183022,0.19192720176461808,0.4910225351839188,,0.4657873318222252,,0.7881493949017823,,0.8969592270190967,,0.9667220674675763,,0.8740973647230489,
1101.406915239479,407.6971,0.7886084318161011,Unknown,3.074055485075641,3.467957954313512,3.4123062765115932,3.2664792004365126,-0.393902469237871,-0.19242371536087166,0.20147875387699932,0.4824068353864303,,0.5812079959163754,,0.663011730315032,,0.8969592270190967,,0.954391917600169,,0.8969528345492007,
1101.4571087793706,73.21936363636362,0.827605128288269,Unknown,2.84636527504875,3.2022877322532337,3.1428392137942263,3.0232067799445255,-0.3559224572044837,-0.17684150489577544,0.17908095230870824,0.046996745404578405,,0.44878601684924246,,0.4567154359375328,,0.6047393306865833,,0.9341936111129959,,0.8735200432455408,
1101.5450444038452,316.732875,0.5210195183753967,Unknown,2.8648026620698275,2.9056902148617785,2.6571946478080237,2.8487447180731587,-0.040887552791951,0.016057943996668822,0.05694549678861982,0.8748837447893592,,0.9600241716468929,,0.8493586310424988,,0.9954021650632178,,0.9720975361780841,,0.9946799654543693,
1101.6293436220376,43.84018181818181,0.9616482257843018,Unknown,3.553241039568505,3.3897328854823403,3.625078103128897,3.3352368542220123,0.16350815408616448,0.21800418534649246,0.05449603126032798,0.5008303944652021,,0.15495114489453166,,0.8394326496073148,,0.8969592270190967,,0.9697364093429147,,0.7357931083347601,
1102.4574788126686,394.2837272727273,0.8501086235046387,Unknown,3.4472195895504387,3.7988791367674577,3.4038652594726106,3.4988817130638474,-0.351659547217019,-0.05166212351340871,0.29999742370361027,0.5546082460938278,,0.9222043405282871,,0.471078043904335,,0.9072925006558107,,0.9343252415096033,,0.9812383931723658,
1103.2166948313375,47.066,0.8255672454833984,Unknown,2.990172277481701,3.1504441176746076,3.2963531204219203,3.0901596276524708,-0.16027184019290663,-0.09998735017076976,0.06028449002213687,0.17490206677545508,,0.6693003843112313,,0.8013686960785531,,0.7722656567258852,,0.9670301754768821,,0.9195697788067687,
1104.3444832840507,410.8147272727272,0.9655763506889343,Unknown,3.206541202708904,3.4647374379281963,3.336692141096788,3.128313652438329,-0.25819623521929236,0.07822755027057493,0.3364237854898673,0.32609472209602425,,0.8353773029326467,,0.2768085148902025,,0.8500724613931757,,0.9341936111129959,,0.9563914558871437,
1104.3817259351395,374.3851000000001,0.8537140488624573,Unknown,3.243182182081967,3.073786352568792,3.224404288884889,3.4020939391394163,0.16939582951317478,-0.15891175705744942,-0.3283075865706242,0.49477696708409313,,0.4658852406528797,,0.09103192798390751,,0.8969592270190967,,0.9341936111129959,,0.8740973647230489,
1108.7357231412032,63.12170000000001,0.7099483609199524,Unknown,3.341604213968182,3.152485953559413,3.3868017594841167,3.261580718864503,0.1891182604087689,0.08002349510367912,-0.10909476530508977,0.5641255137292002,,0.8111084201230117,,0.6569859506165963,,0.9072925006558107,,0.954391917600169,,0.9526888772293054,
1108.9336203744228,36.31,0.8981296420097351,Unknown,3.3180446013519407,3.031564070341742,3.2111013805288464,3.349978947070691,0.28648053101019855,-0.0319343457187502,-0.31841487672894875,0.2656897380980487,,0.8735350112732623,,0.2939582273078236,,0.8160837347308761,,0.9341936111129959,,0.962709349676893,
1109.8959047903018,375.30511111111105,0.7111876606941223,Unknown,2.8360477886571984,2.8244615921082263,2.999439513332824,3.0524421031672766,0.011586196548972083,-0.21639431451007818,-0.22798051105905026,0.9571599244521138,,0.22765029597238415,,0.25725898593189445,,0.9954021650632178,,0.9341936111129959,,0.7862896319850187,
1111.1753465951415,394.65718181818187,0.8803606033325195,Unknown,2.9495253952940317,4.977176613536405,4.962018101116502,3.419330477689949,-2.027651218242373,-0.46980508239591723,1.557846135846456,0.0009550417971371925,,0.17738162279205386,,0.0011104477894279463,,0.13776417559899864,,0.2289743341800425,,0.7373372735493757,
1111.9818791272476,87.643,0.7345839738845825,Unknown,3.524065814801206,3.187292621375479,3.3516618046752082,3.124870367918479,0.336773193425727,0.399195446882727,0.06242225345700003,0.30812811290280123,,0.17272190043606325,,0.7438269786698242,,0.8472520550068383,,0.9610095426172791,,0.7373372735493757,
1113.0775410231458,402.4547999999999,0.7313764095306396,Unknown,4.193254273546113,3.161175041551536,3.4868157645964493,3.5130268238486444,1.0320792319945773,0.680227449697469,-0.35185178229710834,0.0669952626544381,,0.2950867800930011,,0.421187554611773,,0.660977184657662,,0.9341936111129959,,0.8191269103859745,
1114.3701141003803,409.94463636363633,0.9647116661071777,Unknown,3.5417385956450786,3.92959130475316,3.901187852581261,4.006135540045079,-0.38785270910808123,-0.4643969444000007,-0.07654423529191945,0.1156665996314003,,0.08073986924075487,,0.5572127833790665,,0.7277636160222334,,0.9439759149311477,,0.6594525298454849,
1115.4430941671835,42.616545454545445,0.9580157995223999,Unknown,3.54667507209628,3.1810323474461657,3.440544550306776,3.3829924987546995,0.3656427246501144,0.16368257334158054,-0.20196015130853384,0.09702639041341501,,0.05637283090805867,,0.31957783025353603,,0.7184294826675341,,0.9341936111129959,,0.6117935649074577,
1116.0605446778225,46.497,0.8413383364677429,Unknown,2.9119377937443374,3.547779446678893,2.879812411544677,3.3623026305110586,-0.6358416529345554,-0.45036483676672123,0.18547681616783418,0.1692869969348287,,0.006680626131093038,,0.6540755558530498,,0.7722656567258852,,0.954391917600169,,0.2543465323234629,
1118.0936870010164,397.95745454545454,0.9264788627624512,Unknown,4.537251789621951,4.559541774644101,4.632545883192929,4.64231066577151,-0.02228998502214985,-0.10505887614955878,-0.08276889112740893,0.8855243165829563,,0.24754918602246137,,0.5649695064382794,,0.9954021650632178,,0.9439759149311477,,0.8038018962252578,
1120.351200217501,42.61845454545454,0.9451656341552734,Unknown,3.502806752016619,3.4417577143205045,3.285913872553194,3.314510536583681,0.06104903769611436,0.18829621543293795,0.1272471777368236,0.2306437905199318,,0.6073279465728163,,0.7277660335431353,,0.7980087070322811,,0.9581389861520812,,0.9028912947607407,
1120.4182278075127,281.044875,0.5363686680793762,Unknown,2.6102141120226396,2.9308858921318826,2.847348407067864,2.688973059037916,-0.3206717801092429,-0.07875894701527653,0.24191283309396638,0.20894598061479486,,0.6492719798843667,,0.38240781874539254,,0.7975119100181354,,0.9341936111129959,,0.9180456102303685,
1120.8404377523625,402.741,0.857552707195282,Unknown,3.2342405330365054,3.5397371093598196,3.249568597004065,3.4518248201540556,-0.3054965763233142,-0.21758428711755018,0.087912289205764,0.22940162595013808,,0.5009196630153498,,0.7530907370151101,,0.7980087070322811,,0.9621697557564429,,0.8791579978112207,
1121.4966730319607,408.4904444444444,0.6199114918708801,Unknown,3.146010659250734,3.5222043285028644,3.236356035117991,3.1221238858990787,-0.3761936692521304,0.023886773351655233,0.4000804426037856,0.47473727475552235,,0.8718521036714004,,0.4401960771461232,,0.8969592270190967,,0.9341936111129959,,0.9623977718257107,
1121.6162542397194,47.12181818181818,0.8949084281921387,Unknown,2.9864127017549387,3.3055621271827316,3.096248967015912,2.979458251092348,-0.3191494254277929,0.0069544506625907054,0.3261038760903836,0.20595189036803632,,0.9548806067430429,,0.22622180742598505,,0.7975119100181354,,0.9341936111129959,,0.9941310504479282,
1124.0450956151046,373.7187,0.827682614326477,Unknown,3.2808767864064294,3.108082393261814,3.2875612674052186,2.9641933501111346,0.17279439314461564,0.31668343629529483,0.14388904315067919,0.1793833152674419,,0.02363076398813948,,0.32221327505728975,,0.7803552659946523,,0.9341936111129959,,0.4685253398417655,
1125.0554384954341,401.02672727272727,0.9572873711585999,Unknown,6.163365423128688,5.990182101942973,6.177168772707928,6.181614705406226,0.17318332118571522,-0.018249282277537304,-0.19143260346325253,0.4789773982830702,,0.6359266839993178,,0.43799517207725946,,0.8969592270190967,,0.9341936111129959,,0.9143155734062032,
1126.2401975537618,401.3753333333333,0.7433605194091797,Unknown,3.5637577411130876,3.6398493821062683,3.765218761281226,3.6673284343383536,-0.07609164099318066,-0.10357069322526602,-0.027479052232085355,0.6611892409696338,,0.3552042632955002,,0.8517868261036419,,0.9386242468363262,,0.9720975361780841,,0.8418749320865763,
1127.878715390701,60.462,0.5929620862007141,Unknown,3.0827239539141513,3.0988097393069034,3.1248486391159123,3.2022250109561283,-0.016085785392752072,-0.119501057041977,-0.10341527164922493,0.9320249434247314,,0.450316103768191,,0.6060400069527541,,0.9954021650632178,,0.9456878731807212,,0.8735200432455408,
1127.9411238169464,37.047636363636364,0.7716214060783386,Unknown,3.169723140338085,3.305747794414831,3.169641771186504,3.0290691558110345,-0.13602465407674602,0.14065398452705047,0.2766786386037965,0.6334040149209988,,0.7053249318581853,,0.36140838063807756,,0.9262972189837586,,0.9341936111129959,,0.9235989591949826,
1128.323559884067,564.06675,0.6661499738693237,Unknown,3.814495129918202,2.945598884298215,3.174920160472579,3.241323836779884,0.8688962456199869,0.5731712931383179,-0.29572495248166897,0.000858496098364585,,0.004128513167958095,,8.271524869773072e-07,,0.1361706888329057,,0.0017055884281472074,,0.20269033696022837,
1130.0339158130007,74.97154545454545,0.8021503686904907,Unknown,3.4247908292646563,2.947437651349557,3.3374816879431624,3.2431970413143705,0.47735317791509946,0.1815937879502858,-0.29575938996481366,0.11175033502512279,,0.5170196774915813,,0.23502145354601275,,0.7277636160222334,,0.9341936111129959,,0.8791579978112207,
1130.4269239120417,401.599,0.6601336002349854,Unknown,3.125233389023538,3.282706280669943,3.3459030624631723,3.5802326959574935,-0.157472891646405,-0.4549993069339555,-0.2975264152875505,0.5949810119772525,,0.14807859604383553,,0.3285225871159303,,0.9142159978346233,,0.9341936111129959,,0.7343618598048498,
1130.7406158664896,42.989,0.8736790418624878,Unknown,2.8754521290177055,3.2867209826226667,3.498991795323553,3.0638317934207095,-0.4112688536049611,-0.18837966440300402,0.2228891892019571,0.04797430462701641,,0.25248515383822767,,0.32197915323748666,,0.6047393306865833,,0.9341936111129959,,0.8043439324474446,
1131.887611442419,42.375181818181815,0.9596394896507263,Unknown,3.338112641618263,3.2872026414608726,3.445094680561423,3.2555488068169747,0.050910000157390556,0.08256383480128848,0.03165383464389793,0.8439116206288251,,0.5449455245432789,,0.8933195791827213,,0.9924664829350389,,0.9820449527455373,,0.8844087084608109,
1132.3170734924272,409.4668181818182,0.9147548675537109,Unknown,3.3445572141030504,3.481870528643105,3.3141869472197496,3.4153974239917653,-0.1373133145400547,-0.07084020988871487,0.06647310465133982,0.7190392235680598,,0.7768520345371666,,0.8826135146096874,,0.9559373816875173,,0.9769118469260648,,0.9482657407148426,
1134.4565333994115,405.15575,0.5520315766334534,Unknown,3.007246330177594,3.267497415145273,3.0265556481200155,3.2774705329531177,-0.2602510849676789,-0.2702242027755237,-0.009973117807844822,0.5237774786297545,,0.48640877505708763,,0.9638339727930303,,0.8986119382783423,,0.9953426349734461,,0.8740973647230489,
1134.5597119233685,293.887,0.7255935668945312,Unknown,2.6120728272333293,2.6519675899152477,2.7726280527243654,2.712054519841029,-0.03989476268191838,-0.09998169260769973,-0.06008692992578135,0.7841680505416022,,0.3379371945250863,,0.7222811234077355,,0.9719392763225705,,0.9581389861520812,,0.8309605221799807,
1137.126280179529,399.3037272727272,0.9592764973640442,Unknown,4.2113356792093,3.913366286131346,4.2802003545969605,4.227090855401925,0.29796939307795434,-0.015755176192624454,-0.3137245692705788,0.21275689300681763,,0.7514381135909566,,0.1966606743482019,,0.7975119100181354,,0.9341936111129959,,0.9371914612395388,
1137.4308293980203,43.10036363636363,0.9749213457107544,Unknown,3.2233755666710486,3.1066317608025558,3.281385158637506,3.2476185991791966,0.11674380586849287,-0.024243032508147966,-0.14098683837664083,0.3045561686574522,,0.8425002586742519,,0.4027420071115969,,0.8472520550068383,,0.9341936111129959,,0.9563914558871437,
1137.7630519079019,373.7192,0.8553004860877991,Unknown,3.496287604092647,3.130077503925945,3.4643989287768506,3.271824817783152,0.3662101001667022,0.22446278630949523,-0.14174731385720696,0.0006315734031175167,,0.09139492938723905,,0.2473609153271574,,0.11839130520257449,,0.9341936111129959,,0.6594525298454849,
1138.748693918157,43.9242,0.6663540601730347,Unknown,3.0858742288237093,2.859196152496349,3.503903397062583,3.204882487542346,0.22667807632736015,-0.11900825871863674,-0.3456863350459969,0.4790772091223432,,0.6697571514192324,,0.06664472169661712,,0.8969592270190967,,0.9341936111129959,,0.9195697788067687,
1139.9247352953362,406.88581818181825,0.9156028032302856,Unknown,3.409995096374845,3.7467302931280764,3.1930461337073055,3.2439908543628495,-0.3367351967532315,0.16600424201199537,0.5027394387652269,0.38148113148516616,,0.058746032305715346,,0.22206930687336113,,0.8662226401476409,,0.9341936111129959,,0.6225714410813247,
1139.9551937400424,388.0551,0.738156795501709,Unknown,3.58269207146938,3.614065911547238,3.6209064209132364,3.6862037655103213,-0.03137384007785826,-0.1035116940409413,-0.07213785396308303,0.9332413186754702,,0.8093348457698358,,0.7716197838428251,,0.9954021650632178,,0.9647434629470387,,0.9526888772293054,
1140.9349586194883,64.35818181818182,0.8335915207862854,Unknown,3.007018732204683,3.145407202231634,3.285091868033655,3.1772285337650317,-0.1383884700269511,-0.1702098015603486,-0.0318213315333975,0.42054199687465044,,0.25587778480107953,,0.8229437016079156,,0.8890951892318769,,0.9670301754768821,,0.8043439324474446,
1143.2310888814968,409.0983636363637,0.926922619342804,Unknown,3.62158868305263,3.586567919669005,3.7614218861267665,3.563998262524509,0.03502076338362503,0.05759042052812102,0.02256965714449599,0.862604341205174,,0.8576350051111771,,0.9415861042678727,,0.9954021650632178,,0.9921208594574054,,0.9574679916292622,
1146.3699085683272,42.256181818181815,0.9607492685317993,Unknown,3.394225821854265,3.285623779752593,3.618488045743944,3.51551323148848,0.10860204210167224,-0.1212874096342147,-0.22988945173588693,0.5127426926156009,,0.2819307052270973,,0.19751938192529606,,0.8986119382783423,,0.9341936111129959,,0.8191269103859745,
1147.166928628577,395.57722222222225,0.7281954288482666,Unknown,3.2598217762516737,3.4303597992057124,3.118463904782744,3.503847967393129,-0.17053802295403875,-0.2440261911414554,-0.07348816818741666,0.6231172606623037,,0.4214834293094896,,0.712088813069607,,0.9191625517023703,,0.9581389861520812,,0.8734661620463996,
1147.2518873554152,48.96245454545454,0.758324921131134,Unknown,2.7875939311093565,3.3009317967404486,3.110329358449813,3.0735729687522046,-0.5133378656310921,-0.28597903764284816,0.22735882798824392,0.004200861556072181,,0.43909134936832783,,0.5357936028194059,,0.27276293130287305,,0.9417182934407179,,0.8735200432455408,
1147.4313779270908,70.78136363636364,0.7005221843719482,Unknown,3.1526669602449693,2.8874735495890214,3.2027031245447874,3.0858697382034754,0.2651934106559479,0.06679722204149385,-0.19839618861445407,0.3047835584428147,,0.8168571360875401,,0.3765531258640649,,0.8472520550068383,,0.9341936111129959,,0.9539286056337392,
1148.5001725287507,400.30300000000005,0.7743785381317139,Unknown,3.5309156289449515,3.3306530715820912,4.166414115109944,4.309655181734481,0.20026255736286025,-0.7787395527895296,-0.9790021101523898,0.7745255048304842,,0.40539240875532373,,0.1443800542555758,,0.9702743565980914,,0.9341936111129959,,0.8665916804462865,
1149.351104231419,396.9272,0.8258913159370422,Unknown,3.957071888159806,4.39252029339541,3.62367055543145,3.9943905614484443,-0.43544840523560424,-0.03731867328863814,0.3981297319469661,0.5308344183314198,,0.9509974290153935,,0.5613067324051855,,0.9016314420093802,,0.9439759149311477,,0.9941310504479282,
1151.0257389160495,392.8392222222222,0.6442885994911194,Unknown,3.4573008512647037,3.331929315609859,3.3297300514513184,3.785698583862977,0.12537153565484482,-0.32839773259827343,-0.45376926825311825,0.5649162198616169,,0.5191645837298551,,0.3894984565853143,,0.9072925006558107,,0.9341936111129959,,0.8791579978112207,
1151.6024913761821,337.55129999999997,0.8607114553451538,Unknown,3.5396264490421436,3.2887376814140175,3.409326971196868,3.7574029407394978,0.2508887676281262,-0.21777649169735414,-0.4686652593254803,0.5784241606428008,,0.6299373566374656,,0.0038322781028681595,,0.910896507211941,,0.3951078724057072,,0.9119126967431223,
1151.7047333328692,331.8614,0.8786699175834656,"Ganglioside GM3 (d18:1/16:0);CL(8:0/8:0/16:0/18:2(9Z,11Z));C",3.7328617297326265,3.6272467268239823,3.667210282227417,3.900966712274313,0.10561500290864423,-0.16810498254168627,-0.2737199854503305,0.34291104440193493,,0.09676913941083225,,0.07154331630106402,,0.8616961145239895,,0.9341936111129959,,0.6706104302567856,
1151.9226535018786,43.24772727272727,0.9320318698883057,Unknown,3.3287364189511615,3.21543514011293,3.161272530304762,3.349175450168232,0.11330127883823149,-0.020439031217070358,-0.13374031005530185,0.6042956465837576,,0.9032470844066876,,0.5959797122609725,,0.9142159978346233,,0.9456878731807212,,0.9734606180244861,
1152.5419102008934,400.6576363636363,0.968557596206665,Unknown,4.314783792445849,4.040693404463884,4.318955359764727,4.116282077068681,0.27409038798196494,0.19850171537716754,-0.0755886726047974,0.4406273674511229,,0.3596467514678061,,0.8494935158607912,,0.8890951892318769,,0.9720975361780841,,0.8457179855678237,
1153.4353948701819,407.87054545454544,0.9234585165977478,Unknown,4.221459472606765,3.790128367594741,4.122907011244777,4.101764171416776,0.43133110501202365,0.11969530118998861,-0.31163580382203504,0.24043682848987874,,0.08693583398357475,,0.3802496898445369,,0.8074604891630781,,0.9341936111129959,,0.6594525298454849,
1154.5829050893362,282.8402222222222,0.66956627368927,Unknown,3.283899999003566,2.710097420674515,2.7499780736884616,3.0521576811129747,0.573802578329051,0.2317423178905913,-0.3420602604384597,0.09563002924125541,,0.34557149810022525,,0.15218757105547798,,0.7150338109748187,,0.9341936111129959,,0.8334133673481455,
1158.211042488695,400.07124999999996,0.589180052280426,Unknown,3.017798598240524,3.1795772236117443,2.9671702664138335,3.12227905772759,-0.16177862537122012,-0.10448045948706586,0.05729816588415426,0.6068481957257967,,0.4434764962575117,,0.842856769397342,,0.9160475692434794,,0.97038688032919,,0.8735200432455408,
1158.957834869027,396.9775454545454,0.9001332521438599,Unknown,4.535747567823251,4.306977468127113,4.109614140986372,3.683522230695124,0.22877009969613837,0.8522253371281274,0.623455237431989,0.31259965213656954,,0.14052722958965713,,0.27873739018820676,,0.8472520550068383,,0.9341936111129959,,0.7254911932139494,
1159.6445735494551,39.8039,0.7094354629516602,Unknown,2.82818289134986,3.2616042679100854,2.9104548691244956,2.7625029989552936,-0.4334213765602253,0.06567989239456651,0.4991012689547918,0.2198910741754978,,0.8687513624342693,,0.12222778628093732,,0.7980087070322811,,0.9341936111129959,,0.9623977718257107,
1159.7739096482014,77.5093,0.8097019195556641,Unknown,3.0556328560783945,2.9649925103071495,2.996662930199414,3.095254070953762,0.09064034577124502,-0.03962121487536763,-0.13026156064661265,0.5249467218130941,,0.692787752204344,,0.4084588249325174,,0.8986119382783423,,0.9341936111129959,,0.9196792731614726,
1160.8343559103369,412.5535,0.8052694201469421,Unknown,3.1871837149939446,2.934923107584378,2.9856847507246473,3.0545005346376155,0.2522606074095668,0.1326831803563291,-0.1195774270532377,0.3456014137080344,,0.47566719037601435,,0.5760615528788595,,0.8616961145239895,,0.9456878731807212,,0.8740973647230489,
1160.9271632434668,42.858,0.9514468312263489,Unknown,3.4003733116857298,3.195467682168483,3.4149546656069076,3.2965038386352075,0.2049056295172469,0.1038694730505223,-0.10103615646672459,0.3210851883971952,,0.5513979727570004,,0.6677050519580613,,0.8488175108654057,,0.954391917600169,,0.8844087084608109,
1162.6212817209012,406.7107777777777,0.652269721031189,Unknown,3.1035101252321784,3.058820327292627,3.7485635846308014,2.895878981845121,0.0446897979395513,0.20763114338705746,0.16294134544750616,0.8142538605757301,,0.5263901893843702,,0.6238052660159594,,0.9803976711543582,,0.9481944780819669,,0.8807947871106308,
1163.2792718035532,49.158857142857144,0.5013836622238159,Unknown,3.0038406272003773,2.9917514452992484,3.067082320463367,3.1630962570553725,0.012089181901128843,-0.1592556298549952,-0.17134481175612404,0.9289449494051238,,0.43627334419603964,,0.3246649940669967,,0.9954021650632178,,0.9341936111129959,,0.8735200432455408,
1165.2795820634358,288.23109999999997,0.7535166144371033,Unknown,2.9151948564030814,2.661450341993019,2.6171982290370934,2.7353291259056127,0.2537445144100623,0.17986573049746868,-0.07387878391259362,0.24525607900156662,,0.30695219341399604,,0.5583818701279064,,0.808653599543001,,0.9439759149311477,,0.8251842306808576,
1166.0569188814486,401.14881818181817,0.9606448411941528,Unknown,5.296903433746941,5.098470470316186,5.3134899650488885,5.311664781338191,0.19843296343075512,-0.01476134759125003,-0.21319431102200515,0.47312247283223974,,0.6675022622791723,,0.4444472358757702,,0.8969592270190967,,0.9341936111129959,,0.919454692032388,
1167.1966955906973,349.23909999999995,0.8757964968681335,Unknown,3.5174429321597294,3.28591822751959,3.165645204948681,3.4325345883323286,0.2315247046401394,0.08490834382740076,-0.14661636081273866,0.44784068653573667,,0.7697350633328089,,0.7043741876829018,,0.8890951892318769,,0.9581389861520812,,0.9453208460942538,
1167.5635616745208,42.99245454545454,0.910639226436615,Unknown,3.0607909024244964,3.206856897700163,3.300294468760578,3.0038370353277215,-0.14606599527566644,0.05695386709677486,0.2030198623724413,0.61684551264019,,0.8515119896539192,,0.1953994855402557,,0.9191625517023703,,0.9341936111129959,,0.9564591519024918,
1169.3577108641339,400.77472727272726,0.8166089653968811,Unknown,3.091219338505814,3.6224747623478066,3.378875285922006,3.4121138427359052,-0.5312554238419924,-0.320894504230091,0.2103609196119014,0.42537530394865636,,0.31896743046031617,,0.7167253702700754,,0.8890951892318769,,0.9581389861520812,,0.8288527624284971,
1169.4307725141723,408.5136,0.7572506666183472,Unknown,3.0413841491110745,3.1722256334072205,2.8983913628419105,3.2363831528857365,-0.13084148429614606,-0.19499900377466206,-0.064157519478516,0.583020400669902,,0.3087080077931818,,0.7695669560103566,,0.910896507211941,,0.9647434629470387,,0.8251842306808576,
1172.3736757625306,411.0690000000001,0.8542978763580322,Unknown,3.5072472286623735,3.2189720617587008,3.1004127278313143,3.161584890177505,0.2882751669036727,0.3456623384848685,0.05738717158119577,0.1424968432049531,,0.06595565624550366,,0.7351419270491801,,0.7393027089682752,,0.9581389861520812,,0.6265958193010359,
1172.4308124797808,43.55250000000001,0.6341122388839722,Unknown,3.0632413122472504,3.1814860154316893,3.1815855009614347,3.268264454775999,-0.11824470318443892,-0.20502314252874854,-0.08677843934430962,0.615018965536662,,0.3720419182087346,,0.6721490743753797,,0.9191625517023703,,0.954391917600169,,0.8486879142198621,
1172.5433211106797,317.7906666666667,0.6509448885917664,Unknown,2.6754777718755993,2.6382545268474407,2.5937306418859336,2.7393509350879945,0.03722324502815866,-0.06387316321239522,-0.10109640824055388,0.8405452474546882,,0.6675187555637657,,0.48929885838802073,,0.992103205639134,,0.9375398401843495,,0.919454692032388,
1172.5823774981168,375.978,0.75669264793396,Unknown,2.7382296818660734,2.738352132094622,2.9752090775853293,3.0460617942040216,-0.0001224502285483986,-0.30783211233794816,-0.30770966210939976,0.9992471746609,,0.007102012119928408,,0.04433122479716553,,0.999914966043114,,0.9341936111129959,,0.25691840335600663,
1174.510635801177,41.65954545454545,0.9424719214439392,Unknown,3.4231863008903454,3.6415994918786674,3.4517667237276957,3.457114352969987,-0.21841319098832201,-0.033928052079641446,0.18448513890868057,0.06939642804594504,,0.774744915012255,,0.24316406422091044,,0.6655577164309516,,0.9341936111129959,,0.9480206600612057,
1174.872651013171,64.50427272727273,0.7952898144721985,Unknown,2.9936582725261354,3.125909380177862,3.2957611545915966,2.967576098397213,-0.13225110765172676,0.026082174128922553,0.15833328178064932,0.2569874655712524,,0.8602344904789765,,0.2998504073877356,,0.813523745154896,,0.9341936111129959,,0.9593662838515993,
1175.7455513877326,387.4363,0.6371548175811768,Unknown,3.3029240802292907,3.328109345125442,3.0429314483538166,3.065373389793272,-0.02518526489615125,0.23755069043601873,0.26273595533217,0.9427500185244088,,0.5525553605550761,,0.5183604415781613,,0.9954021650632178,,0.9375398401843495,,0.8844087084608109,
1176.249637229909,402.79057142857147,0.5169175267219543,Unknown,3.400432771933937,3.5060278462100984,3.5168637625028514,3.615439130500079,-0.10559507427616133,-0.21500635856614192,-0.10941128428998059,0.6611229634477046,,0.6156902971565958,,0.7885723920238282,,0.9386242468363262,,0.9667220674675763,,0.9052823952933148,
1177.993771302831,399.43509090909083,0.9410768747329712,Unknown,4.13873259812291,3.7230577712922552,4.216317579867763,4.136925300196132,0.41567482683065515,0.0018072979267786948,-0.41386752890387646,0.30337466930497864,,0.9887805714601605,,0.30904370038951545,,0.8472520550068383,,0.9341936111129959,,0.9979762791732016,
1178.086052368004,75.9915,0.5735693573951721,Unknown,2.802154506657786,2.9995025760850282,3.135343363549018,2.9891072775692678,-0.19734806942724203,-0.18695277091148155,0.010395298515760487,0.12283890874456106,,0.14603393426629382,,0.9462116553168386,,0.7304273081055243,,0.992415276329258,,0.7308785739249948,
1178.3725878107914,393.27377777777775,0.6254140138626099,Unknown,3.6496891096306094,3.6161722096236972,3.3230064141502034,3.7400740371539087,0.03351690000691221,-0.0903849275232993,-0.1239018275302115,0.9346515649062126,,0.7569881680723127,,0.7855249768134035,,0.9954021650632178,,0.9667220674675763,,0.9391238031320255,
1179.754707627645,400.1702727272727,0.9395363330841064,Unknown,4.350298446630333,4.081725691458331,4.330488836321145,4.394371140934646,0.2685727551720021,-0.0440726943043126,-0.3126454494763147,0.45110122552145054,,0.4398183400752455,,0.3907650376986339,,0.8890951892318769,,0.9341936111129959,,0.8735200432455408,
1180.860095090394,281.65549999999996,0.8380693197250366,Unknown,3.359239664873991,3.1132105668774774,3.3233947116456877,3.3075224255302054,0.24602909799651362,0.05171723934378569,-0.19431185865272793,0.4457157473464417,,0.8565793295178614,,0.2529955335264118,,0.8890951892318769,,0.9341936111129959,,0.9574403298640808,
1180.9548567247505,405.767,0.8099752068519592,Unknown,3.1947509293827387,3.1956544698413105,3.319368835209107,3.8744990971647315,-0.0009035404585717721,-0.6797481677819928,-0.678844627323421,0.9958152907800696,,0.06548907674840679,,0.09174331674026964,,0.999914966043114,,0.9341936111129959,,0.6265958193010359,
1181.863200752671,398.2614444444444,0.6272758841514587,Unknown,3.2435361540512986,3.1680233048291355,3.561838489557675,3.1705443566649936,0.07551284922216306,0.07299179738630501,-0.002521051835858046,0.615349006407317,,0.662548525858587,,0.9873031296033306,,0.9191625517023703,,0.9972960620048666,,0.919454692032388,
1182.7138039495248,44.682,0.7657272219657898,Unknown,2.930073403170867,2.955982102378787,3.1275444826531356,3.0772734385395157,-0.025908699207919828,-0.14720003536864867,-0.12129133616072885,0.9361735748100152,,0.5928733369341757,,0.6248057469156907,,0.9954021650632178,,0.9481944780819669,,0.9013476837791984,
1183.1823135478446,408.85227272727275,0.9528117775917053,Unknown,3.6346941550630345,3.492362647870779,3.791958977024152,3.52007249906703,0.1423315071922553,0.11462165599600471,-0.02770985119625058,0.6997048347780317,,0.5520193099463582,,0.9337797974329972,,0.9483438975763807,,0.9921208594574054,,0.8844087084608109,
1188.7740275683818,403.83990909090903,0.871277928352356,Unknown,3.056508455435276,3.4772006626011773,4.103688243184775,3.46626349298267,-0.42069220716590117,-0.40975503754739373,0.010937169618507436,0.4197339864256655,,0.16041584752705576,,0.9803274200379417,,0.8890951892318769,,0.9962716314037633,,0.7373372735493757,
1189.740851312383,371.542375,0.618843674659729,Unknown,3.0092815787023426,2.815176180833605,2.7599259897463937,2.889752252372185,0.19410539786873748,0.11952932633015756,-0.07457607153857992,0.32503992723909036,,0.4514470627959297,,0.7082285839236806,,0.8500724613931757,,0.9581389861520812,,0.8740973647230489,
1190.659331926592,41.895272727272726,0.9364160895347595,Unknown,3.3837372514683093,3.4530222141004274,3.341110655336277,3.2626097816540054,-0.06928496263211814,0.12112746981430389,0.19041243244642203,0.5617210824028647,,0.5388339004892251,,0.26506280105381524,,0.9072925006558107,,0.9341936111129959,,0.8844087084608109,
1191.1479929482282,395.9724,0.7141074538230896,Unknown,4.306148699126118,4.305988502300694,4.342667270493521,4.851073976965025,0.00016019682542456337,-0.5449252778389067,-0.5450854746643312,0.9998344074716476,,0.32619241091415413,,0.3680335899740095,,0.999914966043114,,0.9341936111129959,,0.8288527624284971,
1193.918118478964,51.01711111111111,0.5757688879966736,Unknown,2.969111941283309,3.208195648687788,3.020809866628805,3.018841888432386,-0.23908370740447893,-0.04972994714907708,0.18935376025540185,0.34933112064334326,,0.8516886516045272,,0.5122325233965792,,0.8616961145239895,,0.9375398401843495,,0.9564591519024918,
1195.7601333345015,43.22418181818182,0.9672591090202332,Unknown,3.1028711104800486,3.3185227489391806,3.1942278781352997,3.1898284626664974,-0.21565163845913204,-0.08695735218644884,0.1286942862726832,0.26237701297696037,,0.5039092466327658,,0.3797177573536507,,0.8135660161781839,,0.9341936111129959,,0.8791579978112207,
1196.6539941681704,396.2593333333333,0.6572664380073547,Unknown,3.3249643537760902,3.2311000756891683,3.36230624505223,3.1889694252057694,0.09386427808692188,0.1359949285703208,0.042130650483398924,0.6791265713431328,,0.5621320398423387,,0.8218898212875649,,0.9435993578504407,,0.9670301754768821,,0.8882116982029904,
1196.8329306914623,409.0975454545454,0.9376624226570129,Unknown,3.4722504082214747,3.4861429897490392,3.7510823616434483,3.702450422370067,-0.013892581527564563,-0.23020001414859248,-0.21630743262102792,0.971614089431539,,0.21587944659644578,,0.5585991768564847,,0.9954021650632178,,0.9439759149311477,,0.7674886532446056,
1197.8790707670678,400.04400000000004,0.917259693145752,Unknown,3.62220247890483,3.1315992378965647,3.397962197807277,3.237946031379622,0.49060324100826547,0.38425644752520816,-0.10634679348305731,0.365639001971998,,0.4846193326833875,,0.48211544954714736,,0.8659389361669497,,0.9343252415096033,,0.8740973647230489,
1198.659783337354,40.35172727272727,0.7897723913192749,Unknown,3.025327276884731,3.2002999498875417,2.331732916869254,3.112251968619178,-0.17497267300281072,-0.08692469173444684,0.08804798126836388,0.31412051259466983,,0.557469827599017,,0.5286825323984923,,0.8472520550068383,,0.9397787774186993,,0.8854085614790521,
1198.803544862013,408.48809090909094,0.8229168653488159,Unknown,2.848502281947759,3.476098812408935,2.963754826113705,3.1759609844645715,-0.6275965304611764,-0.32745870251681275,0.3001378279443636,0.06651516659445399,,0.2782001156203202,,0.18874476890441336,,0.6593955457584814,,0.9341936111129959,,0.8191269103859745,
1199.312863630733,33.226818181818174,0.9478078484535217,Unknown,3.0328403999246785,3.060364848038495,3.099235444771402,2.860841778739381,-0.02752444811381638,0.1719986211852973,0.19952306929911368,0.9228161755815829,,0.44791710884821584,,0.3358538880870258,,0.9954021650632178,,0.9341936111129959,,0.8735200432455408,
1199.958694156921,396.1191818181818,0.9326612949371338,Unknown,4.1186623022318285,4.49341361343518,4.4306972404157685,4.587293737486675,-0.3747513112033518,-0.46863143525484663,-0.09388012405149482,0.44616712573657674,,0.32601290970725927,,0.5683106017614299,,0.8890951892318769,,0.9439759149311477,,0.8288527624284971,
1202.4714042581347,399.061625,0.6466193795204163,Unknown,3.4516267526067517,3.5745784160702967,3.4084301320480366,3.5543562020246875,-0.12295166346354502,-0.10272944941793583,0.0202222140456092,0.5847832379411848,,0.5296823495649635,,0.9299712894471923,,0.9121203000262655,,0.9921208594574054,,0.8819913012954292,
1203.4587717325542,374.3846,0.8519017100334167,Unknown,3.22673662309454,2.8341111449436163,2.887680964048749,3.079506774257325,0.3926254781509235,0.14722984883721457,-0.24539562931370895,0.015344937254823722,,0.3085226502763423,,0.19432073496199948,,0.37527499861821545,,0.9341936111129959,,0.8251842306808576,
1204.5097945467967,43.723363636363636,0.9305317401885986,Unknown,3.1494867724712505,3.0962998255423613,3.166755274439698,3.0716731643682462,0.053186946928889256,0.0778136081030043,0.02462666117411505,0.8669677417300015,,0.7670823624354391,,0.9149936945237751,,0.9954021650632178,,0.9882837729166245,,0.9443127351294779,
1205.0500437302655,41.71212499999999,0.5167253613471985,Unknown,2.9188122483638455,3.1701052833484646,2.8269291233630076,3.036624817976874,-0.2512930349846192,-0.11781256961302855,0.13348046537159064,0.08906363967482823,,0.6531221798687584,,0.6044913297705765,,0.7046230338559829,,0.9456878731807212,,0.9180456102303685,
1207.058858869791,400.9043636363636,0.9578149318695068,Unknown,6.0112067151207285,5.832404657371076,6.001579253220589,6.017825789479057,0.1788020577496523,-0.00661907435832898,-0.18542113210798128,0.47272998283555007,,0.8183472724904733,,0.4575899054556175,,0.8969592270190967,,0.9341936111129959,,0.9549700485995224,
1207.633310858214,400.5357272727273,0.9293881058692932,Unknown,3.891787939713943,3.6747807544153517,3.8461967994557087,3.5443642820608257,0.2170071852985913,0.34742365765311733,0.13041647235452603,0.4635739942905352,,0.257703084420171,,0.7436944352746165,,0.8969592270190967,,0.9610095426172791,,0.8051269092036252,
1208.0148301857914,400.9021818181818,0.8829081058502197,Unknown,3.3480464238688383,3.7049578597803525,3.8870916508264033,3.605108886462176,-0.3569114359115142,-0.25706246259333776,0.09984897331817644,0.11321801099378086,,0.4480151494777043,,0.7232072082449603,,0.7277636160222334,,0.9581389861520812,,0.8735200432455408,
1208.3637577890884,307.6864,0.8569779396057129,Unknown,2.903607973842219,3.011495223804456,2.9112870523176078,2.977807065102427,-0.10788724996223698,-0.07419909126020796,0.033688158702029014,0.6421182603162316,,0.6515562635842529,,0.8502054830914642,,0.9298985478533239,,0.9720975361780841,,0.9180456102303685,
1209.437482288365,317.9628888888889,0.7772872447967529,Unknown,3.1503585889910113,3.0773194053000723,3.028622754398442,3.357551536601159,0.07303918369093898,-0.20719294761014773,-0.2802321313010867,0.8301968044282857,,0.5377276158399868,,0.40506449368836284,,0.9867460358498636,,0.9341936111129959,,0.8844087084608109,
1209.9605637677919,41.163000000000004,0.7161986827850342,Unknown,2.8166728116272304,3.158973608002308,2.9782892376590504,2.8035222761865253,-0.3423007963750777,0.013150535440705102,0.3554513318157828,0.1765094027410327,,0.9556726140203486,,0.04155691641115694,,0.7760392077868005,,0.9341936111129959,,0.9941310504479282,
1212.1737654622152,397.71363636363634,0.841555655002594,Unknown,3.7144779336815685,3.243011182421599,3.3239924182722316,3.178881738449063,0.47146675125996973,0.5355961952325057,0.06412944397253595,0.2743729510495715,,0.22356378321699957,,0.23678380606497887,,0.8247186954288869,,0.9341936111129959,,0.7763800438408057,
1213.1944457981854,393.6925,0.7333265542984009,Unknown,3.475731669784091,3.4052602032958945,3.373064816644697,3.668615577790163,0.07047146648819647,-0.1928839080060718,-0.26335537449426827,0.7903399637758745,,0.5052896638764427,,0.2514763627083551,,0.9729438837646884,,0.9341936111129959,,0.8791579978112207,
1214.0647361184845,409.4697272727273,0.9307112693786621,Unknown,3.1046352726499378,3.3680326995477756,3.359808966736365,3.382019860007956,-0.26339742689783785,-0.2773845873580183,-0.013987160460180448,0.5111246446969482,,0.15691983439299031,,0.9685061646777252,,0.8969693764809423,,0.9953426349734461,,0.7357931083347601,
1214.669731690266,43.22090909090909,0.966370701789856,Unknown,3.1692757107957212,3.1593170513292095,3.1123242109128366,3.056932297928608,0.009958659466511754,0.11234341286711302,0.10238475340060127,0.9428629422407181,,0.5090546831022038,,0.611807770525258,,0.9954021650632178,,0.9456878731807212,,0.8791579978112207,
1215.6510956024242,405.60625,0.5575821995735168,Unknown,3.2314652730080713,3.28098296085865,3.1795433699651072,3.3543472503129164,-0.04951768785057853,-0.12288197730484507,-0.07336428945426654,0.7638575489197337,,0.4665127912132944,,0.7116062896058363,,0.9680849820974129,,0.9581389861520812,,0.8740973647230489,
1216.5239461620602,45.82490909090909,0.8962684273719788,Unknown,2.6974828983923533,3.1716096768780897,3.0345991941044375,3.0688933637411373,-0.47412677848573637,-0.37141046534878397,0.1027163131369524,0.0023304879107826073,,0.013424745874047926,,0.3889394820091802,,0.247923402933008,,0.9341936111129959,,0.37407872962549765,
1218.949904895228,398.2084545454545,0.9412964582443237,Unknown,4.165035246881727,3.9964519049620635,3.8934981385044676,3.9113131842852837,0.16858334191966362,0.25372206259644337,0.08513872067677974,0.3071675023006159,,0.4402035121352887,,0.8087083661142633,,0.8472520550068383,,0.9670301754768821,,0.8735200432455408,
1219.730298339861,374.11187500000005,0.6124005913734436,Unknown,2.7946445928577286,2.7097925590779894,2.6342416528229062,2.891014674009385,0.08485203377973916,-0.09637008115165635,-0.1812221149313955,0.7603421269488989,,0.6136494561084145,,0.4767398775926032,,0.9679444992200359,,0.9343252415096033,,0.9038550209038823,
1221.4688723126785,404.5618181818182,0.8392423987388611,Unknown,3.3545692382910564,3.1828695378565968,3.8178293075006806,3.17756132396547,0.1716997004344596,0.1770079143255865,0.0053082138911269006,0.12149738444155549,,0.06743984974446122,,0.9610793890102569,,0.7304273081055243,,0.9953199574612179,,0.6265958193010359,
1222.9647251323142,40.9180909090909,0.9527148604393005,Unknown,2.815076747955768,3.2550475729127553,3.420604082492371,3.042315421374455,-0.43997082495698736,-0.2272386734186873,0.21273215153830005,0.2720963798889991,,0.5220422634499479,,0.2858671923116734,,0.8219161001093782,,0.9341936111129959,,0.8794412402024059,
1223.303946189459,387.2516,0.8272684216499329,Unknown,3.6947174542547656,3.5017488047673737,3.5106732655541624,3.7347448297103543,0.1929686494873919,-0.040027375455588654,-0.23299602494298055,0.2619688490702478,,0.7198308535258617,,0.11833998394109178,,0.813523745154896,,0.9341936111129959,,0.9294353092991543,
1225.4412377032263,351.48600000000005,0.8798143267631531,Unknown,3.780571108803217,3.038401018722421,3.651587174906493,3.7594060239226414,0.7421700900807959,0.021165084880575336,-0.7210050052002206,0.018214956782718412,,0.8481944210088139,,0.013790811901515071,,0.387208668927478,,0.7416850114278941,,0.9563914558871437,
1226.0211224658424,409.466,0.9388328790664673,Unknown,3.5308245869793353,3.746755699422577,3.560668990453622,3.6357226711174966,-0.2159311124432417,-0.10489808413816126,0.11103302830508044,0.643130607304669,,0.4926834679162648,,0.8072995696338127,,0.9306212717629666,,0.9670301754768821,,0.8757873369339121,
1226.543425042088,43.42471428571429,0.5312973260879517,Unknown,3.0816549613786073,3.185057300851174,2.898529174925536,3.097795935564539,-0.1034023394725665,-0.016140974185931523,0.08726136528663497,0.5527446674527746,,0.9466413881531348,,0.7239835950050264,,0.9072925006558107,,0.9581389861520812,,0.9941310504479282,
1228.6605739776348,400.1614545454546,0.9025437831878662,Unknown,3.303599581608269,3.4024763537430487,3.55405326164525,3.671128621378156,-0.09887677213477986,-0.36752903976988716,-0.2686522676351073,0.5934054363031884,,0.05538923420351138,,0.13153266224435184,,0.9142159978346233,,0.9341936111129959,,0.6117935649074577,
1231.1703328783647,406.07512499999996,0.5471816658973694,Unknown,2.918456210524644,3.0375202270463415,3.0433906577648147,3.6331744328354287,-0.11906401652169762,-0.7147182223107849,-0.5956542057890872,0.4887545647909758,,0.2855754830717362,,0.35790734232663407,,0.8969592270190967,,0.9341936111129959,,0.8191269103859745,
1231.5640035930833,399.3596,0.8389315605163574,Unknown,4.304527245416473,4.117435605287708,4.160433500357079,4.229714142460593,0.18709164012876478,0.07481310295588006,-0.11227853717288472,0.7535805556880903,,0.9037071840255503,,0.8680207721761921,,0.965744627612705,,0.974808002265388,,0.9734606180244861,
1234.4240299882522,400.78072727272723,0.95626300573349,Unknown,4.383128213037591,4.094539451395362,4.389634612439109,4.419681167081428,0.28858876164222913,-0.03655295404383718,-0.3251417156860663,0.44599571322952214,,0.4838821591448822,,0.3971695568010245,,0.8890951892318769,,0.9341936111129959,,0.8740973647230489,
1234.694376346563,396.12160000000006,0.7078245878219604,Unknown,3.475848251636336,3.1054287277931443,3.2584117896902556,3.5348994118035297,0.37041952384319154,-0.05905116016719392,-0.42947068401038546,0.11018490581378289,,0.7362357138838656,,0.052777801783136506,,0.7277636160222334,,0.9341936111129959,,0.9342264874021728,
1235.3409649458104,373.5856,0.8624396920204163,Unknown,3.27101634199555,3.021438832533137,3.010083974253993,3.134615125641567,0.24957750946241308,0.13640121635398295,-0.11317629310843014,0.023258171445921783,,0.2615524009090233,,0.3941484900770863,,0.4530222328000779,,0.9341936111129959,,0.8096454007707824,
1236.1678747765845,409.0855454545455,0.954403281211853,Unknown,4.061843679061608,3.7432338931378975,3.8698870626120057,3.945421984912618,0.3186097859237109,0.11642169414899017,-0.20218809177472075,0.16995974537028646,,0.061218230322048414,,0.3588100626090947,,0.7722656567258852,,0.9341936111129959,,0.6240166054463303,
1236.9830822263784,403.2663,0.7784039378166199,Unknown,3.0560493879893293,3.3358270641253274,3.4853195708544824,3.326100870655251,-0.279777676135998,-0.2700514826659215,0.009726193470076527,0.30452725212075543,,0.37079864473261576,,0.9765170468240938,,0.8472520550068383,,0.9953426349734461,,0.8486879142198621,
1237.524273910266,34.739374999999995,0.622020959854126,Unknown,3.4574389796178884,3.163752922283578,3.2718209299742855,2.8081129072022004,0.2936860573343103,0.649326072415688,0.35564001508137766,0.38152037505560565,,0.0836138532342406,,0.22721698902360946,,0.8662226401476409,,0.9341936111129959,,0.6594525298454849,
1241.0988319257144,399.4273636363636,0.9187408089637756,Unknown,4.105666398522589,4.438510776266108,3.840547103780191,4.534577849024125,-0.3328443777435188,-0.4289114505015359,-0.09606707275801707,0.43200801136799155,,0.298004867044744,,0.5085171230710963,,0.8890951892318769,,0.9375398401843495,,0.8191269103859745,
1241.4789288908091,399.31199999999995,0.8213515877723694,Unknown,3.2716300072721913,3.196640377063519,3.1330619295885835,3.2282884996515606,0.07498963020867233,0.043341507620630715,-0.031648122588041616,0.48736126569177435,,0.39956743838283987,,0.7498206557995724,,0.8969592270190967,,0.9621697557564429,,0.8663596823821407,
1242.9978455811622,409.432125,0.591196596622467,Unknown,3.1319229718485553,3.0350013111087293,3.0261082662791585,2.7994699451581897,0.096921660739826,0.3324530266903656,0.23553136595053958,0.49994811112998766,,0.01697025347991501,,0.191337634309878,,0.8969592270190967,,0.9341936111129959,,0.43200818118005874,
1243.0114941022637,42.984818181818184,0.9354282021522522,Unknown,3.081057508828383,3.19274080190819,3.4288334117958144,3.283089849935438,-0.11168329307980729,-0.20203234110705504,-0.09034904802724775,0.7434652070731194,,0.5537689690570737,,0.6331534800061662,,0.9646675789076422,,0.9497907325298682,,0.8844087084608109,
1248.0604574888139,400.7737272727272,0.9570647478103638,Unknown,5.203945107943622,4.994701661807875,5.2036890560502815,5.208742598495707,0.20924344613574686,-0.004797490552085115,-0.21404093668783197,0.44857628500641256,,0.8959433180310086,,0.44119923196813277,,0.8890951892318769,,0.9341936111129959,,0.9702505947489781,
1250.962973665475,43.73588888888889,0.733146071434021,Unknown,3.0496725041862245,3.125895234008979,3.1762680988836474,3.164023863362567,-0.07622272982275469,-0.11435135917634254,-0.03812862935358785,0.6560937417248993,,0.5246015795229139,,0.8433236127788111,,0.9386242468363262,,0.97038688032919,,0.8802146422321186,
1253.1483122740349,410.6654,0.8478187918663025,Unknown,3.19496042671528,3.138201189739622,3.214260025234121,3.1732673557784934,0.05675923697565821,0.02169307093678663,-0.03506616603887158,0.774317512725413,,0.9249271680539864,,0.8572681171193957,,0.9702743565980914,,0.9723250041255193,,0.9825862032598248,
1254.8309989390668,33.337199999999996,0.8389987349510193,Unknown,3.232023457929534,3.1585412939419015,3.2072182942050844,3.0187545518020564,0.07348216398763263,0.21326890612747773,0.1397867421398451,0.7997789786112744,,0.29371904792251474,,0.5714966361355234,,0.9762690413707179,,0.9456878731807212,,0.8191269103859745,
1255.1435150391274,398.4554545454546,0.9108479022979736,Unknown,3.3823998114902456,3.346218354040697,3.6315208235229255,3.351207812207203,0.03618145744954848,0.031191999283042726,-0.004989458166505756,0.8996910317804531,,0.9291751979082821,,0.9862419706016466,,0.9954021650632178,,0.9972960620048666,,0.9845595367455153,
1255.4340180641682,270.299,0.576809287071228,Unknown,2.7190888311602683,2.524978536595362,2.8037639909173846,2.5822458608025296,0.19411029456490647,0.13684297035773874,-0.057267324207167736,0.09298743969868971,,0.2523719793373195,,0.6827003290301887,,0.7150338109748187,,0.954391917600169,,0.8043439324474446,
1256.549615144197,396.9495,0.7375106811523438,Unknown,3.2273280117874577,3.8312507918574474,3.31658753254841,3.527859923838644,-0.6039227800699898,-0.30053191205118646,0.30339086801880333,0.14021793838877716,,0.5028052919640853,,0.5883581654487375,,0.7393027089682752,,0.9456878731807212,,0.8791579978112207,
1256.7466159786916,402.1861,0.7590218186378479,Unknown,3.430785645840499,3.4307468512528465,3.6724863192000656,3.1857830200844828,3.87945876525464e-05,0.24500262575601628,0.24496383116836373,0.999914966043114,,0.32729854998149605,,0.4410844627543936,,0.999914966043114,,0.9341936111129959,,0.8288527624284971,
1257.4261295391043,42.37109090909091,0.9448474049568176,Unknown,3.175413800413679,3.114795898807984,3.1393401326925394,3.2275051536743207,0.060617901605695135,-0.052091353260641515,-0.11270925486633665,0.6952313512481112,,0.7950560702289684,,0.6270690266446669,,0.9468605457729028,,0.9486546830090266,,0.9484584234184341,
1259.7396918181564,399.77599999999995,0.8387823700904846,Unknown,3.7413045366236037,4.076448431634733,4.057860013492937,4.096380826664082,-0.3351438950111296,-0.35507629004047825,-0.019932395029348626,0.24880411371352887,,0.22547709519257397,,0.7843640259754785,,0.808653599543001,,0.9667220674675763,,0.7800902186024958,
1261.0596605057242,397.1187777777778,0.6870763897895813,Unknown,3.8726997861022916,3.482957370774352,3.9096920832437014,3.5830020698544804,0.38974241532793963,0.28969771624781115,-0.10004469908012847,0.26980872902068825,,0.41473920242426204,,0.7044576603790402,,0.8183113333371448,,0.9581389861520812,,0.8686251632404102,
1261.6133291293222,334.23429999999996,0.8784666061401367,Unknown,3.3326942975393226,3.319352149701139,3.374172523793172,3.5475414239832546,0.01334214783818366,-0.214847126443932,-0.22818927428211566,0.9582846696508525,,0.40358262541634937,,0.10683349545917446,,0.9954021650632178,,0.9341936111129959,,0.8665916804462865,
1261.9091080005699,400.65954545454537,0.9643173813819885,Unknown,4.120136927685626,4.162276289576027,4.387128769869802,4.395649511267961,-0.042139361890400906,-0.2755125835823353,-0.23337322169193442,0.9156048101163005,,0.33994115405390335,,0.4536875018382798,,0.9954021650632178,,0.9341936111129959,,0.8309605221799807,
1262.8686277701277,403.40125,0.5067588090896606,Unknown,3.5365889921035603,3.4203554438545325,3.664191500871718,3.3979232513293858,0.11623354824902776,0.13866574077417448,0.02243219252514672,0.64945277916316,,0.5200638350368868,,0.9110414131171809,,0.9351757197167849,,0.9881995759324709,,0.8791579978112207,
1263.2330048106357,345.4258,0.7293831706047058,Unknown,2.6893132682519916,3.4346293694780203,3.158788689623152,3.6289164554312396,-0.7453161012260288,-0.9396031871792481,-0.1942870859532193,0.03557802164403433,,0.007034449188916574,,0.5372548509146456,,0.5465623686447973,,0.9417182934407179,,0.25691840335600663,
1265.0920353935041,406.03963636363636,0.9279338717460632,Unknown,3.5200018434582376,3.734313416867927,3.348542034761585,3.5332607360053614,-0.21431157340968943,-0.013258892547123757,0.20105268086256567,0.6214825354412868,,0.9779413545244044,,0.6737772811924302,,0.9191625517023703,,0.954391917600169,,0.9948577491685624,
1267.1679540975438,409.8342727272727,0.9139063358306885,Unknown,3.4921151336350005,3.0020534934372987,3.1123259464974575,3.1449384733243075,0.4900616401977018,0.34717666031069294,-0.14288497988700888,0.07980359310134508,,0.0776324700522343,,0.5307604241253114,,0.6895725087731611,,0.9417182934407179,,0.6560580051135537,
1267.4191261915905,400.0888888888889,0.6564409732818604,Unknown,3.5636339878033034,3.5268636946487817,3.539780022702548,3.5803751994481963,0.03677029315452174,-0.01674121164489284,-0.05351150479941458,0.9080440293703973,,0.9531376450969462,,0.8989149224938532,,0.9954021650632178,,0.9837408470732024,,0.9941310504479282,
1268.0064975692756,375.33299999999997,0.5524857044219971,Unknown,2.652293937249906,3.0210604558890535,2.5662194368346567,2.91724513296494,-0.36876651863914756,-0.2649511957150339,0.10381532292411366,0.22598493068736938,,0.07559650437010815,,0.7081827123237023,,0.7980087070322811,,0.9581389861520812,,0.6527185274412508,
1272.9342805356616,401.69579999999996,0.765758216381073,Unknown,3.6908251852830465,3.1243313060847946,3.0445762515967374,3.2829152606114462,0.5664938791982519,0.40790992467160025,-0.15858395452665164,0.32270016225888937,,0.4645020114839975,,0.06543798890182223,,0.8498183072513792,,0.9341936111129959,,0.8740973647230489,
1274.8036950284136,399.67845454545454,0.9218437671661377,Unknown,3.3036173931752373,4.753310438245511,3.241785878167396,3.610013384547322,-1.4496930450702736,-0.3063959913720846,1.143297053698189,0.004157297879370553,,0.643828663425236,,0.11472667898021993,,0.27276293130287305,,0.9341936111129959,,0.917668691528113,
1275.3428261765362,346.9381111111111,0.6947913765907288,Unknown,2.6027230371715753,2.648808915431919,2.830786919246889,2.882091123980119,-0.046085878260343716,-0.27936808680854375,-0.23328220854820003,0.8127928842622769,,0.14908128304098744,,0.09497028308897013,,0.9803976711543582,,0.9341936111129959,,0.7351711427863571,
1277.0064298116638,40.3114,0.8038941025733948,Unknown,3.1553727315041793,3.1746678927224523,2.879184763032792,3.440584927619532,-0.019295161218273016,-0.28521219611535287,-0.26591703489707985,0.962003466524928,,0.3794096207411014,,0.5100168427165475,,0.9954021650632178,,0.9375398401843495,,0.8497523456780554,
1277.7655366575316,409.8539999999999,0.8456296920776367,Unknown,3.313685449575923,3.5080872210010816,3.2606076400628656,3.436948525861728,-0.19440177142515846,-0.1232630762858049,0.07113869513935356,0.5063833641413351,,0.666899327698095,,0.7411386958059905,,0.8969693764809423,,0.9599422052462012,,0.919454692032388,
1277.9007374975822,394.231,0.766520619392395,Unknown,4.272734648811954,3.142955755345316,3.47300850840611,3.157560160184546,1.1297788934666384,1.115174488627408,-0.014604404839230423,0.05468748315363468,,0.06741844946305728,,0.9427804639005268,,0.6299753645966185,,0.9921208594574054,,0.6265958193010359,
1279.2757117268518,400.2236666666666,0.5981123447418213,Unknown,2.9887767096306956,3.3321357233196927,3.3713689437246757,3.31279767994252,-0.343359013688997,-0.3240209703118242,0.01933804337717282,0.3710422373399515,,0.36578117805908117,,0.9664371278126895,,0.8659389361669497,,0.9953426349734461,,0.8465678357701388,
1280.6567968444565,399.0487777777778,0.6475070118904114,Unknown,3.0864807500353746,3.024287895748143,3.980054489053122,3.5412994952413412,0.06219285428723165,-0.45481874520596666,-0.5170115994931983,0.7266133044979183,,0.5007937771297282,,0.44930475913154355,,0.9596552288595074,,0.9341936111129959,,0.8791579978112207,
1281.6283059579314,44.09736363636363,0.9318649768829346,Unknown,3.1360054980514485,3.07713648706959,3.0096757711769113,3.2017967559031058,0.058869010981858594,-0.06579125785165729,-0.12466026883351589,0.7401872093527537,,0.5794693444722215,,0.47496935650468697,,0.9646675789076422,,0.9343252415096033,,0.8969345767285403,
1282.6457312496811,399.3102727272728,0.9157876968383789,Unknown,3.552443279591356,4.342515128687897,3.877676356753855,3.935487170276479,-0.7900718490965413,-0.3830438906851228,0.4070279584114185,0.19059928332603637,,0.5132432309210514,,0.30187673295101536,,0.796329883376522,,0.9341936111129959,,0.8791579978112207,
1285.4514328233474,398.6904545454545,0.8921721577644348,Unknown,3.7971706747747667,3.4465973019181484,3.490135741769026,3.585329624274985,0.35057337285661827,0.21184105049978186,-0.1387323223568364,0.12842329503067013,,0.4964917509721938,,0.6970347021937984,,0.7330532926202694,,0.9575520026139989,,0.8789132780040859,
1285.5398881125966,351.6304,0.7286406755447388,Unknown,2.943219964209227,3.057235603166317,2.8901841305222833,3.1688368884867333,-0.11401563895708966,-0.22561692427750613,-0.11160128532041647,0.6620665094029586,,0.19505197472680652,,0.6401360163608605,,0.9386242468363262,,0.9536533451648531,,0.750367857997528,
1285.6729009877633,351.7725454545455,0.9771827459335327,Unknown,3.6376104580316793,3.453029217227852,3.704453236561964,3.481544232451004,0.1845812408038272,0.15606622558067507,-0.02851501522315214,0.47902188706287385,,0.5947788379228769,,0.9362283160387284,,0.8969592270190967,,0.9921208594574054,,0.9013476837791984,
1289.0618380141648,400.90481818181814,0.9606499671936035,Unknown,5.8494774524282365,5.657138268798856,5.843247006951181,5.8579123348027755,0.19233918362938063,-0.008434882374539043,-0.20077406600391967,0.47106709772762134,,0.7757688699070756,,0.4534730346457514,,0.8969592270190967,,0.9341936111129959,,0.9480206600612057,
1290.5479680478084,399.43372727272725,0.9424537420272827,Unknown,3.830469147051866,3.1953059973817566,3.9633591545056017,3.808773170574613,0.6351631496701096,0.021695976477253076,-0.6134671731928565,0.12407823614873696,,0.9537036943914591,,0.014565914335830087,,0.7304273081055243,,0.7508728840120409,,0.9941310504479282,
1290.9819207396558,399.92218181818185,0.825428307056427,Unknown,3.446521129643651,3.7303284251159865,3.2008264844226337,3.5384769146448147,-0.2838072954723354,-0.09195578500116364,0.19185151047117177,0.5587953433340375,,0.8337263308770095,,0.693604959748266,,0.9072925006558107,,0.9575520026139989,,0.9563914558871437,
1291.450081698346,399.701,0.5272898077964783,Unknown,2.92913571156542,3.0691876857619724,3.5442403872670543,3.089556470454337,-0.14005197419655246,-0.16042075888891683,-0.02036878469236436,0.6908939593979277,,0.6162438934718297,,0.9219516385514473,,0.9453373220162753,,0.9891073250224165,,0.9052823952933148,
1292.1820119587042,44.896,0.5567870140075684,Unknown,2.8558029423953273,3.0348713520594544,3.2421676292831325,2.8209210693882425,-0.17906840966412707,0.034881873007084785,0.21395028267121186,0.6001783597527858,,0.908154365104952,,0.19435420966748887,,0.9142159978346233,,0.9341936111129959,,0.9744747736034944,
1292.3994182151157,402.141625,0.6341367959976196,Unknown,3.027602712664287,3.5532708043651158,3.4233506814899783,3.5773210922567475,-0.5256680917008287,-0.5497183795924605,-0.024050287891631772,0.3741763298374162,,0.30367043245200603,,0.9658122992472081,,0.8659389361669497,,0.9953426349734461,,0.8251842306808576,
1293.923783940538,42.909099999999995,0.8688681721687317,Unknown,3.1347347860572246,3.129581647660142,3.3388743931811766,3.130641741788088,0.005153138397082646,0.004093044269136481,-0.001060094127946165,0.9665829980358243,,0.9714887318546799,,0.9944361525012655,,0.9954021650632178,,0.9998607476510148,,0.9946799654543693,
1294.7329169278364,404.0744,0.8074749708175659,Unknown,3.1133642739985716,3.317547768655525,3.305464607621539,3.1740939185378294,-0.20418349465695318,-0.06072964453925778,0.1434538501176954,0.48264195962553297,,0.7234674679624231,,0.6229958988730842,,0.8969592270190967,,0.9481944780819669,,0.9294353092991543,
1297.199459932635,398.9573333333334,0.6458519101142883,Unknown,3.4138480280714294,3.174490834957645,3.0922078739440897,3.609525461044244,0.23935719311378456,-0.1956774329728148,-0.4350346260865994,0.38644260863517477,,0.4701710400452962,,0.027508639830970738,,0.8662226401476409,,0.8899859596062306,,0.8740973647230489,
1301.179012546244,398.08781818181814,0.960692286491394,Unknown,4.043729613115982,3.9682233417879598,3.707338445627779,4.126296768538516,0.07550627132802212,-0.08256715542253446,-0.15807342675055658,0.6940297204008994,,0.15203233718824527,,0.4367108439425709,,0.9468605457729028,,0.9341936111129959,,0.7351711427863571,
1301.4215028965427,373.9868,0.7416337728500366,Unknown,2.998682649730506,2.7985056809223177,2.6410567823938234,2.8802849801271626,0.20017696880818825,0.1183976696033433,-0.08177929920484495,0.2032226753292534,,0.40720831184291445,,0.6633930063778073,,0.7967966888619453,,0.954391917600169,,0.8665916804462865,
1303.3181463387823,407.02560000000005,0.7869849801063538,Unknown,3.2129279089960447,3.086899713848313,3.089194057369164,3.008458080031124,0.12602819514773156,0.20446982896492072,0.07844163381718916,0.5798239312207589,,0.03594105443157239,,0.7320120606324759,,0.910896507211941,,0.9581389861520812,,0.5602471319855509,
1306.8569976604053,388.4691000000001,0.7335337400436401,Unknown,3.746346676642754,3.3551110905349852,3.537679779979202,3.508151117238846,0.39123558610776854,0.2381955594039078,-0.15304002670386074,0.09088329592022018,,0.2205088347626625,,0.5230616678977286,,0.7046230338559829,,0.939387126377869,,0.7719681108329542,
1307.7675823150157,407.8751818181818,0.9136594533920288,Unknown,3.4449788812670135,3.743853658266945,3.0181090899658862,3.3435584706398216,-0.2988747769999316,0.10142041062719187,0.40029518762712346,0.536371305433605,,0.609602519238564,,0.4318812279465033,,0.9059305685856749,,0.9341936111129959,,0.9038550209038823,
1308.5796641204379,41.732,0.7191705703735352,Unknown,3.1007202355157233,3.086592937556017,3.089745041107613,3.0907047712617426,0.014127297959706464,0.0100154642539807,-0.004111833705725765,0.9498422662318966,,0.955046618257779,,0.9820769038853286,,0.9954021650632178,,0.9965760707733995,,0.9941310504479282,
1311.2786650294165,399.714625,0.5813555717468262,Unknown,3.1235287508138776,2.967555519101143,3.2206853179042336,3.390456086726088,0.1559732317127347,-0.2669273359122104,-0.4229005676249451,0.2256785545116048,,0.21210571584553403,,0.053213703902232616,,0.7980087070322811,,0.9341936111129959,,0.7610393806327458,
1311.853355511128,398.4546363636363,0.8968071341514587,Unknown,3.487636319678939,3.2209147095190143,3.570748609568112,3.862564884005234,0.2667216101599248,-0.37492856432629473,-0.6416501744862195,0.4788874324043536,,0.3310805021848857,,0.00014742108679190554,,0.8969592270190967,,0.05702147403203347,,0.8288527624284971,
1312.769281483723,399.802,0.9641499519348145,Unknown,4.530158379016263,3.7685980617661414,4.6037480321087845,4.57305516185271,0.7615603172501215,-0.042896782836447045,-0.8044571000865686,0.09419296304041362,,0.17939516116687124,,0.08191274910026981,,0.7150338109748187,,0.9341936111129959,,0.7373372735493757,
1313.2052149003778,402.592125,0.5892618298530579,Unknown,2.95780657493049,3.6706014449806705,3.5458439891808133,3.39471666528061,-0.7127948700501805,-0.43691009035011996,0.27588477970006053,0.3068681148426346,,0.36301168881508183,,0.6512641847930278,,0.8472520550068383,,0.954391917600169,,0.8457179855678237,
1316.3974555473399,401.0187272727273,0.9436123371124268,Unknown,4.350921970650567,4.084460050500767,4.371539128354719,4.39580888376704,0.2664619201497995,-0.04488691311647308,-0.3113488332662726,0.40402155873223555,,0.470126951142254,,0.33902579885506984,,0.8806474144882344,,0.9341936111129959,,0.8740973647230489,
1317.5265539400743,407.38363636363647,0.9404392242431641,Unknown,3.5651349602706564,3.7413859150201056,3.5599959596002604,3.466398409688001,-0.1762509547494493,0.09873655058265518,0.2749875053321045,0.5681100174775516,,0.8308323963755653,,0.5038476019148722,,0.9076204238375956,,0.9375398401843495,,0.9563914558871437,
1317.9647626063668,397.71781818181825,0.9019761681556702,Unknown,3.307927153368047,3.5422633112694633,3.3011086329573383,3.4102500614296365,-0.23433615790141626,-0.1023229080615895,0.13201324983982676,0.29245365270453255,,0.5134692680971227,,0.5779848386830384,,0.8445830223866468,,0.9456878731807212,,0.8791579978112207,
1320.419249167298,373.1588571428571,0.5710154175758362,Unknown,2.999289182723549,2.594910540805343,2.795320211853299,2.580637232200701,0.40437864191820605,0.41865195052284765,0.014273308604641599,0.04883347434587544,,0.03611667378620926,,0.9192203830094684,,0.6047393306865833,,0.9891073250224165,,0.5602471319855509,
1322.8280438646868,401.02472727272726,0.9458535313606262,Unknown,4.050181180728752,4.0863261942498,4.479320374293778,4.4679780294234375,-0.03614501352104771,-0.41779684869468525,-0.38165183517363754,0.9368541322872987,,0.2995255530703321,,0.1981607517674843,,0.9954021650632178,,0.9341936111129959,,0.8191269103859745,
1324.8715851514978,399.0609090909091,0.8875921368598938,Unknown,3.274836242173494,3.1242154730047953,3.5997852190598385,3.27918818281447,0.1506207691686985,-0.004351940640976437,-0.15497270980967492,0.20549240845993208,,0.97395882386595,,0.3866760579173025,,0.7975119100181354,,0.9341936111129959,,0.9946799654543693,
1328.1062664586755,45.20819999999999,0.7778298854827881,Unknown,2.859529858995568,3.2221514384608843,3.1128514733114874,3.0197059243711135,-0.36262157946531604,-0.1601760653755453,0.20244551408977074,0.09865252043031365,,0.3778391568146522,,0.15192461108246064,,0.7239199186025151,,0.9341936111129959,,0.8497523456780554,
1330.0638839238056,400.29209090909086,0.9603724479675293,Unknown,5.067474476745215,4.839049170482712,5.073083599404778,5.09547766299351,0.22842530626250301,-0.02800318624829501,-0.256428492510798,0.45556535223605277,,0.4318347762718371,,0.4057124337362208,,0.8895603752942621,,0.9341936111129959,,0.8735200432455408,
1333.5338745049942,398.18611111111113,0.6412610411643982,Unknown,3.3472163738121927,3.343939063444051,3.112332515749496,3.249003370776999,0.003277310368141606,0.09821300303519376,0.09493569266705215,0.9843003800228958,,0.6136746019715981,,0.6775544858716067,,0.9954021650632178,,0.954391917600169,,0.9038550209038823,
1334.3422758112831,399.5418181818182,0.8264939188957214,Unknown,3.153396291372865,3.2010033115966032,2.9674989673877903,3.3223819525481755,-0.04760702022373842,-0.16898566117531066,-0.12137864095157225,0.7020500819502142,,0.2425876801715882,,0.4726226186227835,,0.9483438975763807,,0.9343252415096033,,0.7991492160039925,
1334.4567573761622,375.6061111111111,0.7019045948982239,Unknown,2.7767476220150464,2.6196036635666444,2.815544190614644,2.972323226717707,0.157143958448402,-0.19557560470266067,-0.3527195631510627,0.3003064488323628,,0.2407652662243868,,0.01211010005407814,,0.8472520550068383,,0.6748926030137602,,0.7988941882452661,
1335.5654642118498,408.8487272727273,0.9299272894859314,Unknown,3.201139660285751,3.235360017773408,2.8079432353436795,3.1756478217753004,-0.03422035748765717,0.02549183851045056,0.05971219599810773,0.7709980297716376,,0.8728486663055286,,0.7088333919302642,,0.9693889862128761,,0.9581389861520812,,0.962709349676893,
1335.8547257611897,347.7887,0.8756053447723389,Unknown,3.183958753608861,2.8719489910697384,2.9905073814438854,3.0613240160297663,0.3120097625391227,0.12263473757909482,-0.1893750249600279,0.027422500425494812,,0.44253002251973855,,0.24574512611773172,,0.5021876991051458,,0.9341936111129959,,0.8735200432455408,
1338.6779465702214,399.6975714285714,0.5016517639160156,Unknown,3.325205116808848,3.4673591164071476,3.972372587650041,3.6127056789245287,-0.14215399959829966,-0.28750056211568076,-0.1453465625173811,0.3695110763157762,,0.5449010229218965,,0.7604283769234023,,0.8659389361669497,,0.964729315686912,,0.8844087084608109,
1340.0254283015943,397.4761,0.778958797454834,Unknown,3.3381095313589966,3.3966664372457225,3.240397112158691,3.642750645602168,-0.05855690588672591,-0.30464111424317153,-0.24608420835644562,0.8952967953729556,,0.4798611748388063,,0.596036629173701,,0.9954021650632178,,0.9456878731807212,,0.8740973647230489,
1341.5946213105112,400.16990909090913,0.9197805523872375,Unknown,3.6742026736529723,3.8296639369147436,4.002182861442707,3.8076307959604114,-0.15546126326177134,-0.13342812230743917,0.022033140954332175,0.7585973201306556,,0.794328437461023,,0.9576112022344525,,0.9679444992200359,,0.9933123029160053,,0.9484584234184341,
1342.3113995810984,42.27685714285714,0.5236424207687378,Unknown,2.96148859405856,3.063591547353505,3.2235779744108806,3.1190252113742694,-0.10210295329494512,-0.15753661731570956,-0.05543366402076444,0.49691503704455664,,0.3126617254595588,,0.7541449702273516,,0.8969592270190967,,0.9621697557564429,,0.8258691109022972,
1343.6716173317532,398.0945,0.5300799012184143,Unknown,3.4518223484818638,3.604339055527588,3.693531150544098,3.593133114630644,-0.15251670704572406,-0.14131076614878024,0.011205940896943822,0.6868331512357326,,0.685715347444539,,0.9702346902172299,,0.9447965029006543,,0.9953426349734461,,0.9195697788067687,
1343.9118128625084,400.4134545454545,0.9614614248275757,Unknown,4.35598639770197,4.181833598536555,4.362216153522921,4.1076553331239785,0.17415279916541504,0.24833106457799126,0.07417826541257622,0.5389090113632685,,0.38931411576432556,,0.8488622780526113,,0.9072925006558107,,0.9720975361780841,,0.8540060709638716,
1347.0299244555697,406.89563636363636,0.9290148019790649,Unknown,3.3461952667540964,3.4767629987005493,3.983111925007951,3.0603414197447916,-0.13056773194645288,0.28585384700930483,0.4164215789557577,0.7076986545325201,,0.209055412192493,,0.2632076435266742,,0.9512872396649651,,0.9341936111129959,,0.7607065471326157,
1347.1415168023652,408.799625,0.5466204285621643,Unknown,3.1233402214277173,3.0918041910889333,2.7744780740145547,2.879328202511145,0.03153603033878394,0.24401201891657243,0.2124759885777885,0.9338259873175034,,0.4879873825992313,,0.3257273937658567,,0.9954021650632178,,0.9341936111129959,,0.8742224004514465,
1352.6895556384663,397.71863636363634,0.8889977931976318,Unknown,3.0580474875938717,3.20686916920064,3.4776227605110224,3.2484469372317153,-0.14882168160676823,-0.1903994496378436,-0.04157776803107538,0.18389013593028689,,0.07046285856004172,,0.7329779240284264,,0.7883190442583192,,0.9581389861520812,,0.6344734251126901,
1353.3715044242156,353.09137499999997,0.5601160526275635,Unknown,2.98538846964402,2.8464970204755993,2.9126465525222933,3.0901575827129393,0.13889144916842078,-0.10476911306891923,-0.24366056223734,0.2653433974754031,,0.675165336370811,,0.38608985784601196,,0.8160837347308761,,0.9341936111129959,,0.9195697788067687,
1354.3705260178428,401.2679090909091,0.8938004970550537,Unknown,3.548142511059273,4.121352540852469,3.2333172607585903,3.7219152429303577,-0.5732100297931964,-0.17377273187108466,0.3994372979221117,0.4534534813374646,,0.8145375981431425,,0.5620776545955752,,0.8890951892318769,,0.9439759149311477,,0.9527873122511655,
1354.8865641967654,355.05850000000004,0.8749840259552002,Unknown,3.786626988006755,3.730885212300597,3.779471125241908,3.8488286888020142,0.055741775706158236,-0.06220170079525911,-0.11794347650141734,0.7403700398910704,,0.7317489781394909,,0.6014755586185001,,0.9646675789076422,,0.9456878731807212,,0.9324029462115769,
1355.1727921158729,399.06690909090906,0.9096099138259888,Unknown,3.2521384420835133,3.7494933191664224,4.632382505475647,3.6836479712721384,-0.49735487708290904,-0.43150952918862506,0.06584534789428398,0.34734040540476774,,0.4272542871766609,,0.9269216802350204,,0.8616961145239895,,0.9914621044244741,,0.8735200432455408,
1357.3004960580606,282.5381428571429,0.5747987627983093,Unknown,2.836389384527065,2.8647667598124955,2.67162345321095,2.799810806872108,-0.028377375285430606,0.036578577654956757,0.06495595294038736,0.8701483588265925,,0.8064388756751073,,0.6896370547418812,,0.9954021650632178,,0.9575520026139989,,0.9526299783833506,
1357.3676089396179,396.85209090909086,0.7912458181381226,Unknown,3.608004818313207,3.0042315979651284,3.4092080976940387,3.270800979073366,0.6037732203480788,0.3372038392398413,-0.26656938110823747,0.3299476433409429,,0.5449840638733218,,0.39517455840220184,,0.8550876534281906,,0.9341936111129959,,0.8844087084608109,
1360.3035948469224,403.09322222222215,0.6028915643692017,Unknown,2.996148315447732,3.0353292962296776,3.3816976149399944,2.955579904953037,-0.03918098078194543,0.04056841049469506,0.07974939127664049,0.8467184333613147,,0.8504465751954381,,0.7465917040269914,,0.9925778077022781,,0.962142235756001,,0.9563914558871437,
1361.2076043033774,55.141,0.6004393100738525,Unknown,3.2752436465737085,2.8755641723029073,2.7754945488524125,2.891515450824693,0.3996794742708012,0.3837281957490153,-0.015951278521785905,0.062510787759395,,0.04530263357411692,,0.9182924992959546,,0.6428522382860448,,0.9891073250224165,,0.5804936219507998,
1361.28132064324,407.5068181818182,0.8657147288322449,Unknown,3.092333490481122,3.460143748364377,3.126302099520373,3.255788559858875,-0.36781025788325517,-0.16345506937775323,0.20435518850550194,0.11410146031124996,,0.41704117924733564,,0.2405172109940239,,0.7277636160222334,,0.9341936111129959,,0.8686251632404102,
1363.9284794471234,256.6146363636364,0.8209627866744995,Unknown,2.976247770653462,2.968453055323474,2.946665398754063,2.89097384708827,0.007794715329987767,0.08527392356519181,0.07747920823520404,0.9644169565084324,,0.6505875691235579,,0.6546364921014326,,0.9954021650632178,,0.954391917600169,,0.9180456102303685,
1364.467568218273,400.0470909090909,0.9285614490509033,Unknown,3.697129136781039,4.333889179822295,3.9154901455011353,4.081056748350132,-0.6367600430412561,-0.3839276115690935,0.2528324314721626,0.1714753095975821,,0.48102216298169787,,0.5376805034227023,,0.7722656567258852,,0.9417182934407179,,0.8740973647230489,
1365.8198436871253,400.4113636363636,0.9488489031791687,Unknown,3.559969498245723,3.5698500006557925,3.2213557391239966,3.6224658445873366,-0.009880502410069436,-0.062496346341613496,-0.05261584393154406,0.9689500555147403,,0.834191855944987,,0.872358347069771,,0.9954021650632178,,0.974808002265388,,0.9563914558871437,
1366.5521860381912,57.494375000000005,0.5095808506011963,Unknown,3.175114416492089,2.8180548976621136,2.949270373441826,2.8865732121609997,0.35705951882997544,0.2885412043310893,-0.06851831449888612,0.02144529500676772,,0.03394125852430275,,0.5582305649394438,,0.43353135592112785,,0.9439759149311477,,0.5602471319855509,
1366.9354520172274,397.18462500000004,0.5622856616973877,Unknown,3.288374439060115,3.1013492365371356,2.9544499492896668,3.5284735641464624,0.1870252025229795,-0.24009912508634734,-0.42712432760932684,0.2638794113670318,,0.37413628088096346,,0.13260213053390735,,0.813758686401949,,0.9341936111129959,,0.8487007823724386,
1367.1001501616413,397.95709999999997,0.6620569229125977,Unknown,3.696476043559946,3.6429401973003372,3.4045691941306693,3.915868574490481,0.05353584625960872,-0.21939253093053512,-0.27292837719014384,0.913437635054406,,0.678939693347077,,0.5828585837553681,,0.9954021650632178,,0.9456878731807212,,0.9195697788067687,
1370.7842543525762,364.2067,0.8348097205162048,Unknown,3.350294406261827,3.283260977446504,3.087355528072568,3.3807593436786103,0.06703342881532315,-0.030464937416783133,-0.09749836623210628,0.666248781294151,,0.7858473725909579,,0.497801736485382,,0.9415990092790317,,0.9375398401843495,,0.9484584234184341,
1371.065670879073,400.658,0.9556999206542969,Unknown,5.685671355828916,5.491855091880108,5.678608146758676,5.694738993720091,0.1938162639488077,-0.009067637891175373,-0.20288390183998306,0.4710971994386762,,0.697197823665634,,0.4522029573481326,,0.8969592270190967,,0.9341936111129959,,0.9227355021813461,
1371.4921887212338,400.1691818181818,0.9648072719573975,Unknown,4.081889098680743,3.847744104874218,4.107909015696014,3.8693472365655452,0.2341449938065252,0.21254186211519777,-0.021603131691327437,0.4553951414541476,,0.2745861461986147,,0.95083279191202,,0.8895603752942621,,0.9933123029160053,,0.8186638975532324,
1371.5131844972934,51.136,0.7978305220603943,Unknown,3.2237559751021556,3.1014256312130044,2.9087143532082904,3.1064762374100146,0.1223303438891512,0.11727973769214106,-0.0050506061970101435,0.7075145894767445,,0.7120095451649107,,0.9787763301326322,,0.9512872396649651,,0.995676760105322,,0.9268710114457359,
1372.9809841278397,407.39775,0.5227935910224915,Unknown,3.044991841558499,2.890744917210034,3.312283993556619,2.935223689546612,0.154246924348465,0.10976815201188694,-0.04447877233657804,0.3604021059649369,,0.47974222337398176,,0.782502507963809,,0.8659389361669497,,0.9667220674675763,,0.8740973647230489,
1374.627444965152,400.7812727272727,0.8532599806785583,Unknown,3.4950069733634237,3.54776708376122,3.2600985400206848,3.603470712848864,-0.05276011039779638,-0.10846373948544041,-0.055703629087644035,0.8540062339082853,,0.7690736908619826,,0.8720421099032744,,0.9954021650632178,,0.974808002265388,,0.945071484241602,
1374.9182870333034,350.3983333333333,0.6068836450576782,Unknown,2.636162488039859,3.0922473122813465,2.837495561463232,3.192333338161701,-0.45608482424148766,-0.5561708501218421,-0.10008602588035442,0.15289215739390152,,0.19460200425712992,,0.8298251387396424,,0.7652029819083129,,0.9670301754768821,,0.7502770326369649,
1375.7797326158745,253.5687272727273,0.9152302145957947,Unknown,3.217944733047515,3.4560702795967315,3.4964853496688466,3.2873388597772375,-0.2381255465492167,-0.06939412672972267,0.16873141981949402,0.3877105597198496,,0.7876374120351998,,0.13968833560785965,,0.8662226401476409,,0.9341936111129959,,0.9484584234184341,
1376.1927389209063,261.0886,0.6561593413352966,Unknown,3.3121391839498546,2.830066275008935,2.944625168861979,3.057880141600782,0.4820729089409195,0.2542590423490725,-0.227813866591847,0.07580028090361163,,0.4610870517838979,,0.43391730013786456,,0.6840804939362677,,0.9341936111129959,,0.8740973647230489,
1376.7279368702411,51.48899999999999,0.612987756729126,Unknown,2.94442649665261,3.067386373797921,3.515075171948654,3.223151987693882,-0.12295987714531087,-0.27872549104127176,-0.15576561389596089,0.6685776198263751,,0.4251207241529074,,0.479614457685438,,0.9415990092790317,,0.9343252415096033,,0.8735200432455408,
1376.7566964791492,400.6583636363637,0.8121426701545715,Unknown,3.076402973410069,3.2231618812494234,3.3138950471748387,3.429896345830356,-0.14675890783935452,-0.35349337242028733,-0.2067344645809328,0.33943906578197064,,0.15259614408950573,,0.35255218732664434,,0.8616961145239895,,0.9341936111129959,,0.7351711427863571,
1380.8570265742035,395.71560000000005,0.6710667014122009,Unknown,3.022886374057291,3.2602841651006518,3.2177709595484485,3.4310838270500086,-0.23739779104336067,-0.4081974529927175,-0.1707996619493568,0.5249541477343268,,0.2630758576704288,,0.46014530557090855,,0.8986119382783423,,0.9341936111129959,,0.8096454007707824,
1382.959515706977,402.4795,0.5723788738250732,Unknown,2.96728740304104,3.11963406208628,3.606402430899502,3.345330363017652,-0.15234665904524025,-0.3780429599766122,-0.22569630093137194,0.576835969614951,,0.2459314492493948,,0.30355939171293134,,0.910896507211941,,0.9341936111129959,,0.8038018962252578,
1383.1369256636963,399.31300000000005,0.945107102394104,Unknown,3.976456417278824,3.8124576428581345,3.806767055928076,3.9715627603650066,0.16399877442068966,0.004893656913817601,-0.15910511750687206,0.45361130875145683,,0.9206778466839165,,0.47318657132299163,,0.8890951892318769,,0.9343252415096033,,0.9811047647866852,
1386.1724387818917,408.235,0.8589068055152893,Unknown,3.443627949480413,2.998678257494589,2.853810067455319,3.0874362423503405,0.444949691985824,0.35619170713007264,-0.08875798485575137,0.07230101726537422,,0.017507695967141135,,0.6774101769223043,,0.6715526918973047,,0.954391917600169,,0.4336554496173331,
1387.0109667060942,52.648,0.8817734718322754,Unknown,3.4992560628929046,3.1818388538107687,3.2255563360840376,3.4065584051749496,0.3174172090821359,0.09269765771795502,-0.22471955136418087,0.03061591186729762,,0.49602310336732913,,0.1102812035847943,,0.5174591005767843,,0.9341936111129959,,0.8789132780040859,
1387.5744782944369,390.1165555555556,0.7147027850151062,Unknown,3.2778142284878378,3.120318133117813,3.083670186276064,3.211482129154081,0.15749609537002485,0.06633209933375683,-0.09116399603626801,0.6736447498829691,,0.8570138965155395,,0.5895303623048787,,0.9435993578504407,,0.9456878731807212,,0.9574403298640808,
1388.488418682376,256.6137272727273,0.8958954215049744,Unknown,3.4599160556946393,3.211017458125878,3.441183962582137,3.437590536850415,0.2488985975687612,0.0223255188442244,-0.2265730787245368,0.15673495525650932,,0.8169922005573149,,0.13315731676308193,,0.7697225800029147,,0.9341936111129959,,0.9539286056337392,
1388.867804114997,408.36509090909095,0.9137308597564697,Unknown,3.304364939283053,3.2805698155362606,3.1331335088397374,3.2224750357989027,0.0237951237467926,0.08188990348415048,0.05809477973735788,0.6981468027139517,,0.518008323917256,,0.6080671626362493,,0.9483390692991888,,0.9456878731807212,,0.8791579978112207,
1390.4167362909575,350.233875,0.5517150163650513,Unknown,2.7772945861035168,2.8074783621551416,2.72313910456924,2.662170955670602,-0.03018377605162481,0.11512363043291485,0.14530740648453966,0.8976453568367679,,0.5437444513521734,,0.48419652460949425,,0.9954021650632178,,0.9362366339830893,,0.8844087084608109,
1392.2406468507024,56.70133333333334,0.7380552291870117,Unknown,3.668331967801917,3.3137399393868994,3.1694606971845496,3.445584184870011,0.3545920284150177,0.222747782931906,-0.1318442454831117,0.019192623163046704,,0.18124828704563237,,0.32711180318810495,,0.3997493834565889,,0.9341936111129959,,0.7373372735493757,
1392.493463423458,256.97781818181824,0.8591611385345459,Unknown,3.4625467859293235,3.0565012617062806,3.403152945111625,3.2362082164189516,0.40604552422304296,0.2263385695103719,-0.17970695471267106,0.21996477038469633,,0.42844201729779974,,0.3748074533372325,,0.7980087070322811,,0.9341936111129959,,0.8735200432455408,
1393.05742627433,397.23027272727273,0.8054233193397522,Unknown,3.6135793983683953,3.1760414165299102,3.1058868046286925,3.4065709211898674,0.437537981838485,0.20700847717852788,-0.23052950465995714,0.38421383523947117,,0.6658043606282011,,0.4761104857229943,,0.8662226401476409,,0.9343252415096033,,0.919454692032388,
1393.312231984786,401.4998888888889,0.6609451174736023,Unknown,3.577385351428966,3.017790726820968,3.0922013082669544,3.610048663583734,0.5595946246079979,-0.03266331215476814,-0.5922579367627661,0.30921065771117817,,0.9611435220117293,,0.22675504898633028,,0.8472520550068383,,0.9341936111129959,,0.9946799654543693,
1393.3183956325825,398.82209090909095,0.9453098773956299,Unknown,3.6675199829879213,3.955779755079142,3.877506507933502,3.5470836546267104,-0.2882597720912208,0.12043632836121088,0.40869610045243165,0.6406831361364602,,0.8528120496723017,,0.5547301421222834,,0.9298985478533239,,0.9439759149311477,,0.9564591519024918,
1393.981780418263,400.587,0.6278336048126221,Unknown,3.1765069547054767,3.169963611671568,3.091168221842123,2.9135732367578107,0.006543343033908577,0.26293371794766607,0.2563903749137575,0.9789102452205866,,0.12912203473151024,,0.38256256760850404,,0.9954021650632178,,0.9341936111129959,,0.7060926858075226,
1394.0334159921347,399.9244545454545,0.9341920614242554,Unknown,3.8449372027947324,3.6242077443390266,3.905223080658809,3.5971751812684762,0.2207294584557058,0.24776202152625615,0.027032563070550353,0.4251856219752338,,0.2723741078421499,,0.934829813523379,,0.8890951892318769,,0.9921208594574054,,0.8183982418140834,
1395.0696218905637,347.92,0.8727482557296753,Unknown,3.000710154517785,2.9900327119033654,3.0072740966482763,2.914871950400625,0.010677442614419608,0.08583820411715992,0.07516076150274031,0.9629353331481593,,0.6856369745642928,,0.7034594248991661,,0.9954021650632178,,0.9581389861520812,,0.9195697788067687,
1398.247934928426,399.80236363636357,0.9586176872253418,Unknown,3.784234598107331,4.053504876771768,4.39237925942332,3.93417054303031,-0.2692702786644374,-0.14993594492297913,0.1193343337414583,0.6827280608703284,,0.8312428692504523,,0.8405479544817358,,0.9435993578504407,,0.9697364093429147,,0.9563914558871437,
1398.669387530782,248.429125,0.5118321180343628,Unknown,3.5922081661204293,3.324988983238763,2.8535561638166174,3.0394928393761305,0.26721918288166613,0.5527153267442988,0.28549614386263267,0.3106872874027327,,0.06378889335709804,,0.02024774385226439,,0.8472520550068383,,0.8899859596062306,,0.6265958193010359,
1398.9918078313653,376.01637500000004,0.5742087960243225,Unknown,2.760872000787714,2.680832439088382,2.6542594066819225,2.8244522840989936,0.08003956169933168,-0.06358028331127974,-0.14361984501061142,0.6839846569189227,,0.6867785932892453,,0.5270029327339907,,0.9435993578504407,,0.939387126377869,,0.9195697788067687,
1400.7140253393925,408.11572727272727,0.933543860912323,Unknown,3.728188558337431,3.763697088091668,3.463420301034177,3.647976819602604,-0.03550852975423702,0.0802117387348269,0.11572026848906392,0.8033720661556715,,0.43490740637861297,,0.4920325319015407,,0.9778944512473403,,0.9375398401843495,,0.8735200432455408,
1400.9717713643427,399.216,0.6337001323699951,Unknown,3.589663836175299,4.014043275235365,3.584638365749937,3.057984603087182,-0.42437943906006614,0.5316792330881173,0.9560586721481834,0.5300086315976671,,0.2558921530967622,,0.1350036888450501,,0.9016314420093802,,0.9341936111129959,,0.8043439324474446,
1401.6333003418758,52.645,0.8591011762619019,Unknown,3.7265152550301774,3.4337348338722866,3.5947929001884504,3.7050739994199766,0.2927804211578908,0.021441255610200827,-0.27133916554769,0.037084191783403005,,0.6531391417109362,,0.05951191124203043,,0.5581576894699051,,0.9341936111129959,,0.9180456102303685,
1401.7910109783015,252.59636363636358,0.9003190994262695,Unknown,3.628756284478055,3.8391886277952403,3.686254176455052,3.5166358448951276,-0.2104323433171853,0.11212043958292739,0.3225527829001127,0.43337188724916054,,0.7214540372372575,,0.1727084662720671,,0.8890951892318769,,0.9341936111129959,,0.9294353092991543,
1403.9677278115805,397.71945454545454,0.9226012825965881,Unknown,3.51692933864151,3.5935395795427874,4.377672290304041,4.378622894878891,-0.07661024090127722,-0.8616935562373809,-0.7850833153361036,0.9054688667870772,,0.10970434979856368,,0.14797133766565634,,0.9954021650632178,,0.9341936111129959,,0.6875695115034599,
1404.235270626223,252.9624545454546,0.7875305414199829,Unknown,3.4030460760366346,3.352564118026752,3.736281565949801,3.3322639166125456,0.05048195800988253,0.07078215942408894,0.02030020141420641,0.7153018106817768,,0.6004461654160792,,0.6107069301329704,,0.9541880945080187,,0.9456878731807212,,0.9028912947607407,
1405.114600768288,398.0501111111111,0.7150135040283203,Unknown,3.320840970460703,3.1661659932734225,3.1185174455913747,3.369329316999472,0.1546749771872804,-0.0484883465387691,-0.2031633237260495,0.5882110026025267,,0.8622765692512511,,0.26990438317330856,,0.9140098623710701,,0.9341936111129959,,0.9593662838515993,
1406.5845000490033,409.2199090909091,0.8989861607551575,Unknown,3.004356067730354,2.935567116500892,3.3503677167987425,3.066804134609518,0.06878895122946194,-0.062448066879164266,-0.1312370181086262,0.7249382334756644,,0.795572960117956,,0.5725975315146233,,0.9585152349227432,,0.9456878731807212,,0.9484584234184341,
1407.7964980150434,400.4749,0.8021358251571655,Unknown,3.2464272486013956,3.213761647891706,3.2997676841437484,3.1465147127485866,0.03266560070968971,0.09991253585280901,0.0672469351431193,0.6962426563571034,,0.4076388852769064,,0.6237752529915577,,0.9470002357574849,,0.9481944780819669,,0.8665916804462865,
1410.4621977582797,49.90570000000001,0.7670367956161499,Unknown,2.94939036240998,3.2408576819795236,2.9878779945570213,3.1673654890556437,-0.29146731956954364,-0.21797512664566376,0.07349219292387987,0.35153720980034286,,0.5169189256015116,,0.8399375836731219,,0.8616961145239895,,0.9697364093429147,,0.8791579978112207,
1412.0916519959746,400.90390909090905,0.9656445980072021,Unknown,4.368995038580082,4.745983556955278,4.955093070072634,4.966945381089283,-0.376988518375196,-0.5979503425092005,-0.22096182413400456,0.5963235204559976,,0.375601927725327,,0.4585602115763526,,0.9142159978346233,,0.9341936111129959,,0.8487157892223886,
1413.834268932947,51.5564,0.868670642375946,Unknown,3.4838857040312017,3.3184924230110044,3.714885361300288,3.460967005241347,0.16539328102019724,0.02291869878985464,-0.1424745822303426,0.4234692470364234,,0.8664238520387062,,0.5244948348802405,,0.8890951892318769,,0.939387126377869,,0.9623977718257107,
1414.964565825279,407.63009090909094,0.8392954468727112,Unknown,2.952478807179794,3.356179703818141,2.981591785194989,2.873594328280859,-0.4037008966383473,0.07888447889893468,0.482585375537282,0.2314262553563549,,0.5926114139665348,,0.13566303434284574,,0.7980087070322811,,0.9341936111129959,,0.9013476837791984,
1415.597791449204,254.78690909090912,0.9153985381126404,Unknown,3.624092759173253,3.4956049530274913,3.4233574703019833,3.3220642639794726,0.1284878061457615,0.30202849519378017,0.17354068904801867,0.6938592201214939,,0.413853959738307,,0.5350646443817701,,0.9468605457729028,,0.9417182934407179,,0.8686251632404102,
1416.4227694726922,255.1527272727273,0.8437683582305908,Unknown,3.4043355206880928,3.5887127478818175,3.593771713075405,3.6941329676485295,-0.18437722719372474,-0.28979744696043674,-0.10542021976671201,0.2636429077885835,,0.10155068303999945,,0.5037872146183735,,0.813758686401949,,0.9375398401843495,,0.6706104302567856,
1420.0910685816234,397.3366,0.7642679810523987,Unknown,3.289221950504835,3.084583056700916,3.1160971004351516,3.4412067382986344,0.20463889380391898,-0.15198478779379965,-0.3566236815977186,0.6157587212477356,,0.6735263939866863,,0.26466226094602957,,0.9191625517023703,,0.9341936111129959,,0.9195697788067687,
1420.1439044454926,52.787299999999995,0.8333047032356262,Unknown,4.13002911029524,3.5941534248944698,3.652830219620701,3.5956119324133486,0.5358756854007702,0.5344171778818914,-0.001458507518878882,0.03809385093081022,,0.04591690463346021,,0.9924202167603391,,0.5628156863574466,,0.9998607476510148,,0.5804936219507998,
1420.3961386356468,400.90463636363637,0.924191415309906,Unknown,3.655499289093102,3.404444678010116,3.9974004617131227,3.934836686387976,0.2510546110829863,-0.27933739729487383,-0.5303920083778602,0.4670066010501964,,0.33116447703079943,,0.045140222878849036,,0.8969592270190967,,0.9341936111129959,,0.8288527624284971,
1420.6651164522764,395.14933333333335,0.6766332983970642,Unknown,3.265878816674474,3.3787664194435094,3.751105899647688,3.3661186170874493,-0.11288760276903531,-0.1002398004129752,0.012647802356060112,0.45100539776714943,,0.7959934123940338,,0.9746887232517192,,0.8890951892318769,,0.9953426349734461,,0.9484584234184341,
1422.6078329163688,395.41366666666664,0.6068202257156372,Unknown,3.429520610775379,3.4147441549862685,3.1637757407969103,3.3433755658504616,0.014776455789110354,0.08614504492491726,0.0713685891358069,0.9679927245348675,,0.816220133740438,,0.8672605589867278,,0.9954021650632178,,0.974808002265388,,0.9539286056337392,
1424.3252269367954,400.03681818181815,0.9283331632614136,Unknown,3.582748755691726,3.5041946799157286,3.8740660432267253,3.928294485945148,0.07855407577599749,-0.3455457302534217,-0.4240998060294192,0.8535896799346498,,0.3728958536775922,,0.14189829644520838,,0.9954021650632178,,0.9341936111129959,,0.8486879142198621,
1424.7949191844405,245.65354545454548,0.8756693005561829,Unknown,3.4775832422974404,3.662162385550097,3.719516717444498,3.2917774277241096,-0.18457914325265667,0.18580581457333079,0.37038495782598746,0.5860623770008399,,0.5553426505571927,,0.11894072717957174,,0.913424505952934,,0.9341936111129959,,0.8849432345045837,
1425.7649296126663,400.40599999999995,0.9487177729606628,Unknown,4.278716903602558,4.102911058689762,4.36913827473578,4.3398990845404795,0.17580584491279616,-0.06118218093792116,-0.23698802585071732,0.5187933374739475,,0.2384049359835775,,0.40054210933489715,,0.8986119382783423,,0.9341936111129959,,0.7967438865447922,
1426.251817894384,50.467,0.8756399154663086,Unknown,3.331535608923243,3.3675012395495614,3.35370201928869,3.4972463489898,-0.0359656306263183,-0.16571074006655673,-0.12974510944023843,0.9040671964053346,,0.5426398092304229,,0.6340535005222095,,0.9954021650632178,,0.9497907325298682,,0.8844087084608109,
1427.5214421425012,405.24862499999995,0.5215902328491211,Unknown,3.2259853196225357,3.302012838791397,2.894982357270848,3.1140238611535125,-0.07602751916886152,0.11196145846902317,0.1879889776378847,0.8861979599849028,,0.8253370404345673,,0.47002192837535395,,0.9954021650632178,,0.9343252415096033,,0.9563914558871437,
1428.7078208109738,251.01154545454546,0.8959684371948242,Unknown,3.9595253667765946,3.966173069593268,3.7419237850575664,3.7404891038531254,-0.006647702816673373,0.21903626292346923,0.2256839657401426,0.9757035590268313,,0.3592128434388081,,0.07868815219299259,,0.9954021650632178,,0.9341936111129959,,0.8457179855678237,
1428.8654936045439,249.1878,0.5943944454193115,Unknown,3.6328302283555964,3.609985764599063,3.651752859545412,3.7437807124728075,0.022844463756533262,-0.11095048411721109,-0.13379494787374435,0.9400021738519625,,0.7387988696819034,,0.5845759384182596,,0.9954021650632178,,0.9456878731807212,,0.9346540342515478,
1430.5691439273235,409.5897272727274,0.9223490357398987,Unknown,3.218333761633495,3.226240253157424,3.053711338400208,3.196491822565143,-0.007906491523929304,0.021841939068351746,0.02974843059228105,0.9751633050082555,,0.9590862801018674,,0.9509387663239248,,0.9954021650632178,,0.9933123029160053,,0.9946799654543693,
1430.9667804896512,401.64212499999996,0.5709095597267151,Unknown,2.989409128936814,3.3844128995734155,3.1546618277361267,3.0856853391382013,-0.39500377063660164,-0.09627621020138744,0.2987275604352142,0.2832165880629289,,0.6477495413615271,,0.43934983930864674,,0.8346846818898654,,0.9341936111129959,,0.9180456102303685,
1433.1209560616387,400.51,0.7313233017921448,Unknown,3.658333721543731,3.1306899245929007,3.2981056793139967,2.972654356851684,0.5276437969508301,0.6856793646920467,0.15803556774121663,0.07363779801372247,,0.028289443457385578,,0.2412057200090726,,0.6737243948152394,,0.9341936111129959,,0.52175159844382,
1433.1292311990137,401.02099999999996,0.9412446618080139,Unknown,3.190706016636351,3.3331695755073234,3.2326929635231814,3.2306095026863813,-0.1424635588709724,-0.039903486050030246,0.10256007282094215,0.13143603994427613,,0.4330292173468876,,0.2538748173090697,,0.7334813121935246,,0.9341936111129959,,0.8735200432455408,
1433.7588830802526,399.08979999999997,0.8433539867401123,Unknown,2.971934420345784,3.1907423727402544,3.2827622556232665,3.3190342956958254,-0.21880795239447037,-0.3470998753500414,-0.12829192295557101,0.47795106924963915,,0.254411755670714,,0.3217695282183747,,0.8969592270190967,,0.9341936111129959,,0.8043439324474446,
1435.119054253129,50.452200000000005,0.7322858572006226,Unknown,3.7467534255301973,3.3975693261313733,3.7664569131006127,3.340617388798343,0.349184099398824,0.4061360367318545,0.0569519373330305,0.3334521414281347,,0.34292827303088175,,0.9048693665302049,,0.860651080547679,,0.9852521345129869,,0.8309605221799807,
1436.7975141655024,252.96200000000002,0.8479933142662048,Unknown,3.577474077262341,3.568389927841229,3.3540647660113203,3.322654703731294,0.00908414942111202,0.2548193735310469,0.24573522410993487,0.9677421554695158,,0.19740316182832324,,0.19618875932986293,,0.9954021650632178,,0.9341936111129959,,0.7523943062661784,
1437.9277446299045,279.49975,0.5731220841407776,Unknown,3.145539042382484,2.9525424408721115,2.8106210837557923,3.2269973319289185,0.19299660151037257,-0.08145828954643441,-0.274454891056807,0.25788369093214314,,0.785283429743844,,0.3948263370991567,,0.813523745154896,,0.9341936111129959,,0.9484584234184341,
1439.3653582931825,250.6616,0.6808632612228394,Unknown,3.4473995796821195,3.3885805703253724,3.3735728385406114,3.6099228509440677,0.05881900935674711,-0.1625232712619482,-0.22134228061869532,0.7180510265011537,,0.5682069429442327,,0.41903506961227205,,0.9552394946099219,,0.9341936111129959,,0.8925286134176609,
1440.2579755512047,397.4724,0.7595656514167786,Unknown,4.098783403047855,3.594225972570156,3.9001138476297985,3.411957162828584,0.5045574304776985,0.6868262402192706,0.1822688097415721,0.45263393125606644,,0.14145193393518127,,0.7257806969594238,,0.8890951892318769,,0.9581389861520812,,0.7254911932139494,
1441.0510851050026,51.009699999999995,0.872654914855957,Unknown,3.6761521569660265,3.32137996388944,3.5441856966455654,3.425320958258706,0.35477219307658636,0.2508311987073206,-0.10394099436926574,0.002468864271656905,,0.055436356553444935,,0.37095853556260666,,0.247923402933008,,0.9341936111129959,,0.6117935649074577,
1441.393763258934,402.7398181818182,0.9254754185676575,Unknown,3.3549847997814317,3.6286691681120407,3.3955840845442458,4.18938681593992,-0.27368436833060894,-0.8344020161584882,-0.5607176478278793,0.4755413272181552,,0.05318320800196538,,0.2818052066928278,,0.8969592270190967,,0.9341936111129959,,0.6117935649074577,
1442.9567188800831,408.64300000000003,0.8206619024276733,Unknown,3.047854165316542,3.2083631784652518,3.32450016101712,3.08043806432304,-0.1605090131487099,-0.03258389900649794,0.12792511414221197,0.5439239021787721,,0.9041520965848548,,0.626589498055885,,0.9072925006558107,,0.9486546830090266,,0.9734606180244861,
1446.1604487239033,252.10545454545456,0.9133813977241516,Unknown,3.8415059964382716,3.8032051479248543,3.9569587514138433,3.6153770878286977,0.03830084851341731,0.2261289086095739,0.1878280600961566,0.837892287784723,,0.33927300917991055,,0.3834908885497297,,0.992103205639134,,0.9341936111129959,,0.8309605221799807,
1446.289085692385,398.0820909090908,0.9515698552131653,Unknown,4.30025189998102,3.8474260288064754,4.352854604686429,4.355377596928876,0.4528258711745443,-0.055125696947856184,-0.5079515681224005,0.22220394888920858,,0.12157265395742888,,0.18174388078878048,,0.7980087070322811,,0.9341936111129959,,0.6886890452203801,
1447.7942405093556,399.79836363636366,0.9329109787940979,Unknown,3.5622496387695075,3.2997903713207113,3.8376541550222343,3.6558135549800266,0.2624592674487962,-0.09356391621051907,-0.3560231836593153,0.3673583520071791,,0.7832370232698069,,0.17553514736356898,,0.8659389361669497,,0.9341936111129959,,0.9484584234184341,
1449.0684270451227,400.06944444444446,0.6283239722251892,Unknown,3.193480741588252,3.661069412914665,3.5675762120630794,3.2573944859551784,-0.46758867132641324,-0.06391374436692665,0.4036749269594866,0.23693390171439369,,0.5729108071589364,,0.2982528195470475,,0.8026568324879237,,0.9341936111129959,,0.8955243923975639,
1449.1588669533521,51.42059999999999,0.7842004895210266,Unknown,3.5930551895723055,3.464513238433051,3.9111408819641293,3.6843407417171172,0.1285419511392547,-0.09128555214481171,-0.21982750328406642,0.2952118675624154,,0.4443196398382985,,0.19117622844992824,,0.8461792473657245,,0.9341936111129959,,0.8735200432455408,
1449.3514282269296,244.3056363636364,0.7796146869659424,Unknown,3.7416892876154075,3.681900265271993,3.646189746318184,3.7138185166471014,0.059789022343414544,0.027870770968306147,-0.0319182513751084,0.7163152504843847,,0.8683755470524275,,0.8067755228195437,,0.9541880945080187,,0.9670301754768821,,0.9623977718257107,
1451.717654058466,399.88620000000003,0.6744369268417358,Unknown,3.5904821646196527,3.1594146108790944,3.317175580366772,3.3346871450411677,0.4310675537405584,0.25579501957848505,-0.17527253416207333,0.005820749779080452,,0.13775965940706866,,0.274265247361987,,0.2894744918476264,,0.9341936111129959,,0.7224764368020604,
1453.0697372631073,400.78154545454544,0.9544374346733093,Unknown,5.511811654095342,5.321499230959253,5.506300318767876,5.523688630351832,0.19031242313608931,-0.011876976256489868,-0.20218939939257918,0.45959730295158757,,0.7246902469642653,,0.4349732775113949,,0.8948910658037522,,0.9341936111129959,,0.9294353092991543,
1453.585360757683,399.4348181818181,0.9668045043945312,Unknown,4.074807500557875,3.572250770881919,3.8632730603282575,4.132219034636887,0.5025567296759559,-0.05741153407901223,-0.5599682637549681,0.15286773561161346,,0.3518609718515545,,0.12262664977946337,,0.7652029819083129,,0.9341936111129959,,0.8404927161945523,
1453.6208267129743,354.96137500000003,0.670106828212738,Unknown,2.8947602801362726,2.7239289607146695,2.612516285329088,3.0125633307919544,0.17083131942160312,-0.11780305065568175,-0.2886343700772849,0.3550912742843259,,0.47734076144332593,,0.027686533502323217,,0.8616961145239895,,0.8899859596062306,,0.8740973647230489,
1455.1315066658278,397.7348,0.7704996466636658,Unknown,3.2556471535117897,3.55662837546463,2.994463771142283,3.212594477735946,-0.30098122195284027,0.043052675775843596,0.34403389772868387,0.5023492162047467,,0.8697145075953735,,0.4751112729712811,,0.8969592270190967,,0.9343252415096033,,0.9623977718257107,
1455.3722950377391,50.875,0.873001754283905,Unknown,3.8880704264708945,3.652971548800759,3.7463173595017016,3.624458590720602,0.2350988776701355,0.26361183575029257,0.02851295808015708,0.15652521147266246,,0.11987492810257387,,0.8871574019265487,,0.7697225800029147,,0.9782452207339803,,0.6886890452203801,
1456.7232586014516,250.1602727272727,0.888937771320343,Unknown,4.182056218801068,3.940611328386327,3.8952913449532995,3.881307766738626,0.24144489041474104,0.30074845206244216,0.05930356164770112,0.17100194660334075,,0.12344643068683654,,0.6875653353869109,,0.7722656567258852,,0.9575520026139989,,0.6935873026601006,
1457.2660613458236,401.149,0.9032959938049316,Unknown,3.296903383485196,3.483580353240466,3.5489169143481836,3.21800919629592,-0.18667696975527015,0.0788941871892761,0.26557115694454625,0.3030600905503826,,0.70270115011412,,0.12856311609234577,,0.8472520550068383,,0.9341936111129959,,0.9235989591949826,
1460.393510370336,398.6967142857143,0.5415851473808289,Unknown,3.3255667639097566,3.190804390313588,2.994337780375633,3.1567095914971133,0.1347623735961685,0.1688571724126433,0.034094798816474814,0.5931137436605802,,0.4995638078559574,,0.8412342263920289,,0.9142159978346233,,0.9697364093429147,,0.8791579978112207,
1461.95578324144,409.1888,0.7471482753753662,Unknown,3.0557932851175367,3.079459778772236,3.007492481855194,2.78982408199145,-0.023666493654699305,0.26596920312608674,0.28963569678078604,0.9524184218610822,,0.2986090710822518,,0.41387854271981633,,0.9954021650632178,,0.9341936111129959,,0.8191269103859745,
1462.0060602672243,248.3934,0.7441216707229614,Unknown,3.5886731236607354,3.69542308471172,3.8422948318773082,3.818461022518525,-0.10674996105098478,-0.2297878988577895,-0.12303793780680472,0.40920433475101664,,0.07685442396723934,,0.31533750831336915,,0.886033747932616,,0.9341936111129959,,0.6553828616246611,
1463.893897799789,350.8258000000001,0.8736856579780579,Unknown,3.0082755643461447,2.805400353547699,2.776571813925485,3.083168238819122,0.20287521079844595,-0.0748926744729772,-0.27776788527142315,0.26968834494045035,,0.7147711552745812,,0.2579505442386557,,0.8183113333371448,,0.9341936111129959,,0.9275381511492677,
1464.5508085291483,399.30990909090906,0.9376691579818726,Unknown,3.8088769855883373,3.4967863235062566,3.7018350154351083,3.7526085914743503,0.3120906620820807,0.056268394113986986,-0.2558222679680937,0.3113534713646861,,0.3956121663216806,,0.4039287444018928,,0.8472520550068383,,0.9341936111129959,,0.862133777309593,
1469.3205698599425,406.52555555555557,0.6853334307670593,Unknown,3.2288892115599865,3.1045807338266225,2.7350136228210955,2.9103372070159508,0.12430847773336406,0.31855200454403576,0.1942435268106717,0.8004145175835213,,0.2059475433122423,,0.6926328458839263,,0.9762690413707179,,0.9575520026139989,,0.7607065471326157,
1469.8078933320548,250.28081818181818,0.8936908841133118,Unknown,3.8243774093926093,3.775152700516477,3.7474655362714113,3.66799038989604,0.04922470887613217,0.1563870194965693,0.10716231062043713,0.8289083273642143,,0.27404136425327974,,0.648859648048872,,0.9867460358498636,,0.9540281588203186,,0.8186638975532324,
1470.15928670503,397.73920000000004,0.6361788511276245,Unknown,3.0619336105134978,3.235180474276399,3.50784663313585,3.4855425763980477,-0.17324686376290144,-0.4236089658845499,-0.25036210212164844,0.29624416401762166,,0.0040770120764713315,,0.1846541942015931,,0.8461792473657245,,0.9341936111129959,,0.20269033696022837,
1470.24017861724,51.73618181818181,0.9461063146591187,Unknown,3.9370472625813373,3.4176038226989807,3.667197610156374,3.7445973944366835,0.5194434398823566,0.1924498681446538,-0.3269935717377028,0.16235518782417827,,0.20139607972122284,,0.30425097672046975,,0.7722656567258852,,0.9341936111129959,,0.7607065471326157,
1470.8009076831675,252.23145454545454,0.7817010283470154,Unknown,3.506514271263717,3.738193708298681,3.7533395242958996,3.7459062010681206,-0.23167943703496396,-0.2393919298044036,-0.007712492769439638,0.44206650227648975,,0.43564815027922976,,0.8908242228169017,,0.8890951892318769,,0.981239074491694,,0.8735200432455408,
1472.8210901530174,400.5367272727272,0.9441530704498291,Unknown,3.291962064360758,3.242885922151737,3.2338556778622847,3.354552972348935,0.0490761422090209,-0.06259090798817724,-0.11166705019719814,0.42813691129484954,,0.6561792085873528,,0.4093687259340652,,0.8890951892318769,,0.9341936111129959,,0.9187201324214735,
1473.0033371480786,398.8544285714286,0.5494988560676575,Unknown,3.2126079692489493,3.009629645247212,3.0444270063917673,3.2670891957007657,0.20297832400173732,-0.05448122645181641,-0.25745955045355373,0.2546451815988156,,0.7322944925955241,,0.026250308030067143,,0.813523745154896,,0.8899859596062306,,0.9324029462115769,
1473.5804346763255,399.75840000000005,0.726776123046875,Unknown,3.2189355211690778,3.075478067730112,3.2835956702476414,3.410430872427447,0.14345745343896565,-0.19149535125836925,-0.3349528046973349,0.35786441901723637,,0.17638007185528307,,0.10625430192471422,,0.8659389361669497,,0.9341936111129959,,0.7373372735493757,
1473.8735726504924,401.637090909091,0.9341484308242798,Unknown,3.48338576897151,3.4960850884138863,3.430468814810041,3.595639931862202,-0.012699319442376122,-0.11225416289069168,-0.09955484344831556,0.9800642372455584,,0.8420765588508927,,0.8330800432893091,,0.9954021650632178,,0.9670301754768821,,0.9563914558871437,
1475.9421005029224,398.0878181818182,0.8851553797721863,Unknown,3.9437339283689776,3.4617560935561893,3.451384624901336,3.8009906819850277,0.48197783481278833,0.14274324638394997,-0.33923458842883836,0.18314307685145184,,0.5535517942897177,,0.21000483964550334,,0.7870374419187873,,0.9341936111129959,,0.8844087084608109,
1476.6582758384975,399.09119999999996,0.853142261505127,Unknown,3.8909284309921564,4.054989751263304,4.322468646837111,3.982956091840182,-0.16406132027114761,-0.0920276608480255,0.07203365942312212,0.7019605490883019,,0.8636692819908731,,0.8728873971889454,,0.9483438975763807,,0.974808002265388,,0.9600463932426848,
1479.7235756532546,243.57918181818178,0.8320704698562622,Unknown,3.88795681084679,3.668254322523536,3.86046196289836,3.5817429259906493,0.21970248832325412,0.30621388485614087,0.08651139653288675,0.08979915364573256,,0.02833956305805424,,0.09862152740859317,,0.7046230338559829,,0.9341936111129959,,0.52175159844382,
1480.032589731385,402.37154545454547,0.9388114213943481,Unknown,3.3880447710390658,3.5201382003667963,3.0427419233848516,3.316536273311666,-0.1320934293277305,0.07150849772739987,0.20360192705513036,0.3175144125171246,,0.6178114574696376,,0.2247460780577394,,0.8474231217981774,,0.9341936111129959,,0.9052823952933148,
1481.097593035298,400.4140909090909,0.9598398804664612,Unknown,3.890258030781664,3.9762926202955615,3.7458325109665234,3.5097397549259846,-0.08603458951389742,0.38051827585567954,0.46655286536957696,0.8692861731393258,,0.5194497923604907,,0.4367580006669983,,0.9954021650632178,,0.9341936111129959,,0.8791579978112207,
1482.7809326152028,51.5111,0.8390393257141113,Unknown,3.6381791799128376,3.4656969485072113,3.8093343925560723,3.750326820338009,0.17248223140562624,-0.11214764042517134,-0.2846298718307976,0.6328223953051181,,0.1538838183009038,,0.4362725889519519,,0.9261034628240976,,0.9341936111129959,,0.7357931083347601,
1484.5411347726301,408.37140000000005,0.7973889708518982,Unknown,3.27525183446288,2.91676423896774,3.1329140575180916,3.252012982136012,0.3584875954951401,0.023238852326867843,-0.33524874316827225,0.22615268124840618,,0.9516342252857962,,0.30748354029532055,,0.7980087070322811,,0.9341936111129959,,0.9941310504479282,
1485.6595060590373,249.18545454545455,0.8730879426002502,Unknown,3.9368357193332115,3.9625595826247015,3.7412390923025134,3.940259757677777,-0.025723863291490012,-0.0034240383445656164,0.022299824946924396,0.8361558801483777,,0.9706538761902177,,0.8152074780673102,,0.9914625789913484,,0.9670301754768821,,0.9946799654543693,
1485.7636871970692,397.8773,0.8110626935958862,Unknown,3.248046320126606,3.1836559170238616,3.77367025862155,3.1718550439589923,0.06439040310274446,0.07619127616761379,0.011800873064869322,0.6153214545888708,,0.580702065922697,,0.9444310168709165,,0.9191625517023703,,0.9921208594574054,,0.8969345767285403,
1486.819486233161,50.707249999999995,0.5775208473205566,Unknown,3.69244195096918,3.773898834359939,3.4466891524425636,3.6541693280667626,-0.08145688339075896,0.038272622902417286,0.11972950629317625,0.784989683389331,,0.8803558645695478,,0.6986201076213001,,0.9719392763225705,,0.9581389861520812,,0.9639810616993636,
1487.0839929813985,399.80181818181813,0.9430593848228455,Unknown,4.246761190038941,3.668426149529696,3.6861537369979924,4.275471241205964,0.5783350405092453,-0.028710051167022854,-0.6070450916762682,0.23706014111791732,,0.36483976321434886,,0.21935066649663845,,0.8026568324879237,,0.9341936111129959,,0.8462312618087596,
1487.1745771114954,398.94910000000004,0.7499386072158813,Unknown,3.4075397551376363,3.1454773172625607,3.2438476226256716,3.172666648599492,0.26206243787507555,0.23487310653814442,-0.027189331336931133,0.4337224257003559,,0.4848809940686113,,0.877222713356367,,0.8890951892318769,,0.974808002265388,,0.8740973647230489,
1490.2840351676375,396.11942857142856,0.5344282984733582,Unknown,3.1010381923929127,3.5099872503409397,3.8405729251336846,3.6842941048448825,-0.40894905794802705,-0.5832559124519698,-0.1743068545039428,0.3932592899950759,,0.3869530894008486,,0.8240690545585184,,0.86820198711975,,0.9670301754768821,,0.8535031276542437,
1492.2718133235192,399.5542727272727,0.8941724896430969,Unknown,3.2246768212689134,3.2458473888479102,3.3903080479820957,3.224417656908271,-0.021170567578996824,0.0002591643606422167,0.02142973193963904,0.8662269243584063,,0.9982360495227998,,0.7565779841867475,,0.9954021650632178,,0.9628060746868204,,0.9994646497252948,
1493.4030168219474,247.95300000000003,0.6417480111122131,Unknown,3.566086430568983,3.534265932432703,3.5868943048828204,3.7271649082350304,0.03182049813627996,-0.16107847766604744,-0.1928989758023274,0.8399960791269225,,0.24284405544039622,,0.1970942081677147,,0.992103205639134,,0.9341936111129959,,0.7991492160039925,
1494.0939223410003,400.4134545454545,0.9743872284889221,Unknown,4.842665852936487,4.603556957840676,4.877445886939021,4.418034333392839,0.23910889509581068,0.42463151954364786,0.18552262444783718,0.454033576266327,,0.3739698064179453,,0.736044512939843,,0.8890951892318769,,0.9581389861520812,,0.8487007823724386,
1495.6337070772888,250.52518181818184,0.8597103953361511,Unknown,3.6456821488275124,3.7218330868707388,3.6173162177053158,3.627774102960025,-0.07615093804322637,0.0179080458674874,0.09405898391071377,0.7326344055666696,,0.929607246878159,,0.40922601837097106,,0.9628375680551132,,0.9341936111129959,,0.9845595367455153,
1496.4394104473586,51.00145454545455,0.9470353126525879,Unknown,3.751483979372385,3.309580709047737,3.750622400625611,3.7623989346890667,0.44190327032464793,-0.010914955316681851,-0.4528182256413298,0.24293588381356926,,0.868212408678972,,0.2379206903987532,,0.8079920173605784,,0.9341936111129959,,0.9623977718257107,
1497.191158176294,401.63872727272724,0.8675623536109924,Unknown,3.015682609908012,3.3555826452182065,3.1715098967791753,3.1279635757910964,-0.3399000353101944,-0.11228096588308434,0.22761906942711008,0.01975313074994195,,0.3761708143706136,,0.08358770539398974,,0.4053325237564374,,0.9341936111129959,,0.8487157892223886,
1497.8971996645134,397.712375,0.602448046207428,Unknown,3.1297278833677904,3.1271586215405573,3.067116962916961,3.215446471795053,0.002569261827233049,-0.08571858842726243,-0.08828785025449548,0.9871054277045943,,0.48482796557198765,,0.4400940952722216,,0.9954021650632178,,0.9341936111129959,,0.8740973647230489,
1500.505572876927,400.7745,0.7049920558929443,Unknown,3.254296831177006,3.2484021644960013,3.2376084260657763,3.243427393890865,0.00589466668100469,0.010869437286141093,0.004974770605136403,0.9707732277704193,,0.9629608857489256,,0.9834459937533702,,0.9954021650632178,,0.9972960620048666,,0.9946799654543693,
1501.0054752303427,395.4072727272727,0.8193837404251099,Unknown,3.403622014361377,3.3676047476167885,3.06022806793319,2.9846309631640486,0.03601726674458838,0.41899105119732827,0.3829737844527399,0.8945983253338088,,0.2172267679313021,,0.0554103480132563,,0.9954021650632178,,0.9341936111129959,,0.7699932150973935,
1502.4668253945988,249.5481818181818,0.9180452227592468,Unknown,3.8312863016250276,3.6885781853963873,3.8167199670999485,3.7655214745295034,0.14270811622864032,0.06576482709552423,-0.0769432891331161,0.5777893962597236,,0.6352283399848229,,0.7216478116067813,,0.910896507211941,,0.9581389861520812,,0.9143155734062032,
1503.8528541543042,399.79254545454546,0.8922095894813538,Unknown,3.2478006159067228,3.7618193465293186,3.6399678509507085,3.7195759819117282,-0.5140187306225958,-0.47177536600500547,0.04224336461759037,0.026997707793126213,,0.0887179093222531,,0.8776503677946078,,0.5021876991051458,,0.974808002265388,,0.6594525298454849,
1504.6998285955046,81.085375,0.6130228042602539,Unknown,3.8201445214078564,3.4174733877133896,3.757731411372554,3.6534353265487383,0.40267113369446683,0.16670919485911817,-0.23596193883534866,0.11364843354357286,,0.4807261174035111,,0.15626184031302057,,0.7277636160222334,,0.9341936111129959,,0.8740973647230489,
1505.008269303632,242.97181818181818,0.8004242181777954,Unknown,3.7473548460152486,3.7609342302482744,3.7070600228311035,3.796282459032796,-0.013579384233025849,-0.04892761301754733,-0.035348228784521485,0.9329700041442528,,0.4497406236245916,,0.8252185890857753,,0.9954021650632178,,0.9670301754768821,,0.8735200432455408,
1506.3230054954706,397.4673636363636,0.9085008502006531,Unknown,3.73278878652798,3.8115897570259616,3.856168237976261,3.843167973911891,-0.07880097049798174,-0.11037918738391106,-0.03157821688592932,0.5607830208111643,,0.4489782896294627,,0.6539575363044572,,0.9072925006558107,,0.954391917600169,,0.8735200432455408,
1507.7387028916085,400.6591818181818,0.9523524641990662,Unknown,4.241557571228284,3.920703069506024,4.237705401009181,4.246091666071409,0.3208545017222595,-0.0045340948431258354,-0.3253885965653853,0.46740362123334694,,0.9531396672474064,,0.46135621950629135,,0.8969592270190967,,0.9341936111129959,,0.9941310504479282,
1508.7653088586158,51.250299999999996,0.7632097005844116,Unknown,3.498249260503766,3.3964497847732886,3.8119080282186246,3.4606587334820262,0.10179947573047743,0.03759052702173982,-0.06420894870873761,0.6291440022404288,,0.831540340392688,,0.7390857238595516,,0.9239992397576667,,0.9581389861520812,,0.9563914558871437,
1510.651305948751,405.852125,0.60968416929245,Unknown,2.9480257225845286,2.9848005032906255,2.899264657501366,3.0744101154302594,-0.036774780706096966,-0.1263843928457309,-0.08960961213963392,0.9058077413198118,,0.7404283404226746,,0.8506141856125531,,0.9954021650632178,,0.9720975361780841,,0.9346540342515478,
1511.8347673546893,400.841,0.7774956822395325,Unknown,3.1804489712781407,3.0679657488405234,3.2599265487179894,3.1975984613614195,0.11248322243761733,-0.017149490083278707,-0.12963271252089603,0.3667086034889209,,0.836534997224716,,0.32148616146715736,,0.8659389361669497,,0.9341936111129959,,0.9563914558871437,
1511.9695538732185,396.0817777777778,0.6599855422973633,Unknown,3.39517827070031,3.4312109611918884,3.6793847531276014,3.442807074987936,-0.0360326904915782,-0.04762880428762584,-0.011596113796047636,0.9086184689687307,,0.8972312169986558,,0.9615573909512533,,0.9954021650632178,,0.9953199574612179,,0.9702505947489781,
1513.2329364028797,247.84563636363634,0.8568159341812134,Unknown,3.5316964941792137,3.83192822571746,3.6085514297655426,3.4552973262986604,-0.3002317315382461,0.07639916788055334,0.37663089941879946,0.23797312312967375,,0.730163145790534,,0.036597755577517224,,0.8041478581799351,,0.9220602104908759,,0.9322578369164589,
1514.383967976651,399.0542727272727,0.8921923041343689,Unknown,3.4030132425066086,3.2347368038821664,3.326526900566699,3.4293684992481297,0.1682764386244422,-0.02635525674152106,-0.19463169536596325,0.17480139778876505,,0.9028952925806989,,0.36118194696590017,,0.7722656567258852,,0.9341936111129959,,0.9734606180244861,
1516.592952988924,401.147909090909,0.9388905167579651,Unknown,3.362029880201007,3.685982907663007,3.253492136214983,3.3314466579774824,-0.32395302746200016,0.030583222223524498,0.35453624968552466,0.334986176517118,,0.7521966555138967,,0.3095173346585096,,0.860651080547679,,0.9341936111129959,,0.9371914612395388,
1516.9575119188476,377.63377777777777,0.7785887718200684,Unknown,3.132837168861093,2.9552809803940345,3.0382786563686577,3.0443746567027965,0.17755618846705845,0.08846251215829648,-0.08909367630876197,0.25664885700811424,,0.6608462636804884,,0.6666431985735658,,0.813523745154896,,0.954391917600169,,0.919454692032388,
1520.1047621061318,398.5765454545454,0.8477908372879028,Unknown,3.2650851852623384,3.609672703605332,3.8934730689009838,3.2466207263172167,-0.3445875183429936,0.01846445894512172,0.36305197728811534,0.4441005849783488,,0.8955230042562942,,0.43458666280942587,,0.8890951892318769,,0.9341936111129959,,0.9702505947489781,
1520.292126675734,251.25572727272728,0.9034912586212158,Unknown,3.5223112395791216,3.563220066854297,3.59569848021483,3.32908066895379,-0.04090882727517542,0.19323057062533167,0.23413939790050708,0.7855243491507107,,0.3886709199162633,,0.24735432946759944,,0.9719392763225705,,0.9341936111129959,,0.8535031276542437,
1521.4858112223365,50.0167,0.8245337009429932,Unknown,3.703480340523999,3.5763532295029616,3.681658991228057,3.797397009449256,0.12712711102103746,-0.09391666892525707,-0.22104377994629454,0.7564996032871018,,0.6114222446182931,,0.5890515247351115,,0.9670813279466856,,0.9456878731807212,,0.9038550209038823,
1521.4950193242303,398.90875,0.5719698667526245,Unknown,3.47588957084227,4.040247353621169,4.131443644750889,3.8622164398890724,-0.5643577827788988,-0.38632686904680247,0.17803091373209634,0.24796163644622607,,0.5136318863859352,,0.7101061063799904,,0.808653599543001,,0.9581389861520812,,0.8791579978112207,
1522.4122884647836,246.67490000000004,0.6200261116027832,Unknown,3.709663040365528,3.6150217824098365,3.5640112075657755,3.567108523164213,0.09464125795569167,0.14255451720131518,0.04791325924562351,0.243946118518867,,0.015605271583328705,,0.5618413362459824,,0.8079920173605784,,0.9439759149311477,,0.41789701304965965,
1522.8710599192784,404.8144545454545,0.9316079616546631,Unknown,3.1492660020975216,3.421944487787586,3.1907552802205954,3.1659738613172674,-0.2726784856900646,-0.016707859219745824,0.25597062647031876,0.23594437563356718,,0.8525083469676732,,0.27461712597124033,,0.8016437494920924,,0.9341936111129959,,0.9564591519024918,
1524.76891558451,399.5157777777778,0.6340939998626709,Unknown,3.2505246800353995,3.1522041026800047,3.362225972056671,3.44057437130488,0.09832057735539479,-0.19004969126948046,-0.28837026862487525,0.6239529119465487,,0.5062538318773038,,0.271002051843328,,0.9191625517023703,,0.9341936111129959,,0.8791579978112207,
1528.294154086674,399.79209090909086,0.9201890230178833,Unknown,3.8716892769978783,4.145271868436144,4.222419916834524,3.922611742148137,-0.27358259143826524,-0.05092246515025867,0.22266012628800658,0.5187805091838639,,0.9231825813551842,,0.5923944374869173,,0.8986119382783423,,0.9456878731807212,,0.9812383931723658,
1529.2146933716022,246.38118181818183,0.9067082405090332,Unknown,3.6544620186682777,3.435376484230304,3.570644404253362,3.475008870563446,0.21908553443797363,0.1794531481048316,-0.03963238633314203,0.36349130141220537,,0.18171354123025377,,0.8760951082552588,,0.8659389361669497,,0.974808002265388,,0.7373372735493757,
1529.744417072533,245.8933636363636,0.7604512572288513,Unknown,3.685156466086166,3.367226592016006,3.591065720383945,3.46745324951252,0.31792987407016016,0.21770321657364633,-0.10022665749651383,0.2966506173310163,,0.08455921970168721,,0.7188720820807746,,0.8461792473657245,,0.9581389861520812,,0.6594525298454849,
1530.086587474369,78.08342857142858,0.5116523504257202,Unknown,3.4935996467029304,3.0374623709580795,3.5169911141184826,3.2609425751757004,0.45613727574485097,0.23265707152723003,-0.22348020421762094,0.15379905252336004,,0.36420832744142945,,0.24855821076628684,,0.7678780782159041,,0.9341936111129959,,0.8457179855678237,
1530.334079762376,398.40869999999995,0.8421355485916138,Unknown,3.5334571362038365,3.7024377742934553,3.8113804907949875,3.5706273438540497,-0.16898063808961883,-0.03717020765021317,0.13181043043940566,0.5063591529393777,,0.8808117410734111,,0.5501325941505557,,0.8969693764809423,,0.9439759149311477,,0.9639810616993636,
1533.734550823732,401.0214545454546,0.7675273418426514,Unknown,3.374932848636663,3.4189874028210343,2.725091892793821,3.214815529037319,-0.04405455418437132,0.16011731959934394,0.20417187378371526,0.8843778234997743,,0.35308910567407803,,0.5568705519406608,,0.9954021650632178,,0.9439759149311477,,0.8404927161945523,
1535.0736492918365,400.9033636363636,0.9538947939872742,Unknown,5.347403139812428,5.14977710057978,5.355879262474721,5.339397342607729,0.19762603923264788,0.008005797204699405,-0.18962024202794847,0.4813571637215218,,0.8560614471675371,,0.5014063411044274,,0.8969592270190967,,0.9375398401843495,,0.9574403298640808,
1535.0748676941416,400.5353636363636,0.9430409073829651,Unknown,4.137030552964551,3.8409404421434594,4.111479077881987,3.9132219639986174,0.2960901108210914,0.22380858896593336,-0.07228152185515802,0.4084796329030107,,0.2658104293282129,,0.8519757440453231,,0.886033747932616,,0.9720975361780841,,0.8124275167583956,
1536.8954408094642,53.45477777777777,0.6656768321990967,Unknown,3.2738592417403716,3.196988365206789,3.3817461549373533,3.3498210866662017,0.0768708765335826,-0.07596184492583014,-0.15283272145941273,0.6460556522815752,,0.5164423080022207,,0.266651096517521,,0.9322370573860098,,0.9341936111129959,,0.8791579978112207,
1537.4332686012706,399.58233333333334,0.7029236555099487,Unknown,3.319213529349788,3.329395882350495,3.0547125025632687,3.455092319601723,-0.010182353000707245,-0.13587879025193494,-0.1256964372512277,0.9788188015708067,,0.7531297909423156,,0.7554572427593023,,0.9954021650632178,,0.9621697557564429,,0.9371914612395388,
1539.5684899708497,77.02472727272728,0.729320228099823,Unknown,3.233320311052397,3.500160983998636,3.2284691812992348,3.306169281631608,-0.2668406729462389,-0.0728489705792108,0.19399170236702812,0.05752542847400732,,0.6168278328623656,,0.1582312315938122,,0.6428522382860448,,0.9341936111129959,,0.9052823952933148,
1539.9660984167058,243.81536363636363,0.858064591884613,Unknown,3.3350592297705286,3.393580647102077,3.3422701262618495,3.4531165299500888,-0.05852141733154825,-0.11805730017956018,-0.05953588284801192,0.6900115129597693,,0.43758274975215616,,0.7522966239608156,,0.9453373220162753,,0.9621697557564429,,0.8735200432455408,
1541.8375784872733,403.3486363636364,0.8988330960273743,Unknown,3.1135974410747598,3.1722727924954355,3.2225465327221223,3.326217045334994,-0.0586753514206757,-0.2126196042602344,-0.1539442528395587,0.6237897658431197,,0.1946645065280195,,0.39989759021937704,,0.9191625517023703,,0.9341936111129959,,0.7502770326369649,
1543.4748981066639,400.88155555555556,0.6977221369743347,Unknown,3.240316036127792,3.4085109161312452,3.2957045595622287,3.2356459114873695,-0.1681948800034534,0.0046701246404223795,0.17286500464387577,0.5272761055254733,,0.9832784155215957,,0.5711544437030482,,0.8992914223271514,,0.9456878731807212,,0.9948577491685624,
1543.8316475414865,395.4465,0.7969129681587219,Unknown,3.095774493178876,3.2861231647278966,3.338277115916598,3.397578792635884,-0.19034867154902058,-0.3018042994570078,-0.11145562790798724,0.5541145133490251,,0.32745916796487706,,0.5021768150535204,,0.9072925006558107,,0.9375398401843495,,0.8288527624284971,
1544.6368457515634,245.478,0.6153993606567383,Unknown,3.1489161184629304,3.550665868934965,3.2499736458297086,3.1342501009268333,-0.40174975047203443,0.014666017536097087,0.4164157680081315,0.11357908066906969,,0.9557517264986128,,0.18872741815280805,,0.7277636160222334,,0.9341936111129959,,0.9941310504479282,
1547.0607029051303,397.60659999999996,0.8306742310523987,Unknown,3.600326208825664,3.3047368628304663,3.6167334257118204,3.4396085170678723,0.2955893459951975,0.1607176917577915,-0.134871654237406,0.14161729767262554,,0.4798602771376899,,0.5049916754420917,,0.7393027089682752,,0.9375398401843495,,0.8740973647230489,
1547.2870532249763,49.5130909090909,0.9594829678535461,Unknown,3.4625264817804347,3.482113635141264,3.6010643175111245,3.595414696915752,-0.01958715336082939,-0.13288821513531746,-0.11330106177448807,0.9600926041643612,,0.6510609868372834,,0.6790940617022801,,0.9954021650632178,,0.954391917600169,,0.9180456102303685,
1547.4015820986306,250.89054545454547,0.8784257769584656,Unknown,3.6298193124511857,3.3578585568680706,3.5901457244044552,3.3619941111527147,0.27196075558311517,0.267825201298471,-0.004135554284644183,0.25996321219137936,,0.17489662154057276,,0.9872667468567211,,0.813523745154896,,0.9972960620048666,,0.7373372735493757,
1548.0942831168513,400.73277777777776,0.6396991610527039,Unknown,2.9092642688592716,3.4706173333358787,3.5008796600341774,3.4784239858962915,-0.5613530644766072,-0.56915971703702,-0.007806652560412797,0.32190562933377737,,0.3150887695664553,,0.9803244788646357,,0.8496629145945233,,0.9962716314037633,,0.8268266863845994,
1548.700528219957,400.52927272727266,0.7490201592445374,Unknown,3.12343588976481,3.1393566814220804,3.028145722265732,3.2480417619942368,-0.01592079165727034,-0.12460587222942676,-0.10868508057215642,0.8098601590253613,,0.5173433836855943,,0.5506924144050491,,0.9803976711543582,,0.9439759149311477,,0.8791579978112207,
1550.7988983932437,278.9811111111111,0.7085361480712891,Unknown,2.8696853100026387,2.8585245004896898,2.8387024603100026,3.1625878977638133,0.011160809512948955,-0.2929025877611746,-0.30406339727412357,0.9559697528257475,,0.30886929596529655,,0.22144493083645514,,0.9954021650632178,,0.9341936111129959,,0.8251842306808576,
1554.23133823967,397.33900000000006,0.8606616258621216,Unknown,3.361382124206248,3.1404584851132022,3.2190565702385525,3.27786478963657,0.22092363909304558,0.0835173345696778,-0.13740630452336777,0.35216279713780246,,0.6804346488533528,,0.21560006609697024,,0.8616961145239895,,0.9341936111129959,,0.9195697788067687,
1554.8434645335203,399.55645454545447,0.9076625108718872,Unknown,3.170099052065309,3.291189835278189,3.359711884167824,3.4609569513529883,-0.12109078321288003,-0.29085789928767936,-0.16976711607479933,0.36280379427849047,,0.14912559895045474,,0.4103195196213174,,0.8659389361669497,,0.9341936111129959,,0.7351711427863571,
1555.3162943249843,245.64963636363638,0.8936628699302673,Unknown,3.2868604516436055,3.425827060276086,3.257098850190343,3.4489368415930897,-0.13896660863248034,-0.16207638994948415,-0.023109781317003808,0.3711653205533067,,0.4054162224592258,,0.9140975026174086,,0.8659389361669497,,0.9882837729166245,,0.8665916804462865,
1555.9726938140548,400.1665454545455,0.8075537085533142,Unknown,3.329493081682981,3.562771857460024,3.1343509251996036,3.19580757147485,-0.23327877577704292,0.13368551020813113,0.36696428598517405,0.5874192521931538,,0.6913894280167608,,0.4848783961481691,,0.9140098623710701,,0.9362366339830893,,0.9196792731614726,
1556.034552114266,66.74629999999999,0.5871196389198303,Unknown,3.2333702017529453,3.1987548411662448,3.201259467469887,3.129761026294974,0.03461536058670056,0.10360917545797133,0.06899381487127076,0.8244358223198298,,0.5203791247022346,,0.6031679194913411,,0.9866434507391115,,0.9456878731807212,,0.8791579978112207,
1556.6573246472806,403.00100000000003,0.5464811325073242,Unknown,3.5891224205380396,3.1368107393012874,3.2577882703151575,3.293139343612967,0.45231168123675225,0.29598307692507264,-0.1563286043116796,0.25187061953091994,,0.43551436889081696,,0.3286605499173234,,0.8114956523011826,,0.9341936111129959,,0.8735200432455408,
1559.700707534615,241.75944444444445,0.5956678986549377,Unknown,3.2790725926509494,3.4800838663066362,3.4065197769702555,3.2372453861027064,-0.20101127365568683,0.04182720654824301,0.24283848020392984,0.5538191792636916,,0.8499092449320804,,0.4468077243492007,,0.9072925006558107,,0.9341936111129959,,0.9563914558871437,
1559.8595210534672,399.0669090909092,0.9554087519645691,Unknown,3.446837171699934,3.668403409448445,3.4706704400293873,3.8156334006367163,-0.2215662377485108,-0.3687962289367821,-0.1472299911882713,0.6585699706746078,,0.39252238621197144,,0.7081827174800419,,0.9386242468363262,,0.9581389861520812,,0.8601287570340969,
1562.1359142242015,398.9450909090909,0.9493236541748047,Unknown,3.846548464406638,3.887453540164073,4.2389886024775345,3.8710019124211335,-0.04090507575743496,-0.02445344801449556,0.0164516277429394,0.9460955086230575,,0.9640533547509162,,0.9779600436657457,,0.9954021650632178,,0.9955882094183057,,0.9946799654543693,
1562.3363291771805,400.1678,0.7364373803138733,Unknown,3.8122220055924045,3.4707626248897374,3.4523006784040327,3.7235858466328113,0.3414593807026671,0.0886361589595932,-0.2528232217430739,0.3661799937072963,,0.8490952354687991,,0.590870520928435,,0.8659389361669497,,0.9456878731807212,,0.9563914558871437,
1562.7890770722604,399.4335454545455,0.89947509765625,Unknown,3.4168491560318794,3.2338618321077397,3.1793325694174603,3.946667505491831,0.18298732392413974,-0.5298183494599518,-0.7128056733840915,0.6567656589144866,,0.3236564595359842,,0.09970172245884268,,0.9386242468363262,,0.9341936111129959,,0.8288527624284971,
1563.6004221197254,246.8617272727273,0.7967355847358704,Unknown,3.2820995235946273,3.4180432627733377,3.0927100680964132,3.061901604891799,-0.1359437391787104,0.22019791870282823,0.3561416578815386,0.4126023101358458,,0.49169810909930767,,0.2867434613774149,,0.886465534977753,,0.9341936111129959,,0.8757873369339121,
1564.2964933569644,407.1378181818182,0.9469439387321472,Unknown,3.46567553208069,3.3584445544626758,3.276102666612304,3.301538026844138,0.10723097761801403,0.1641375052365519,0.05690652761853787,0.11559980588838477,,0.12947487579477707,,0.578420890984507,,0.7277636160222334,,0.9456878731807212,,0.7060926858075226,
1567.7466150413245,81.55337499999999,0.6003110408782959,Unknown,3.195915362432349,2.856571522151467,2.6358948001236024,2.5110682527146744,0.3393438402808817,0.6848471097176745,0.34550326943679277,0.35430258421605737,,0.04936662955814953,,0.34912504473517597,,0.8616961145239895,,0.9341936111129959,,0.599921738168829,
1569.4079426015226,397.5970909090909,0.9454151391983032,Unknown,4.194521010674426,4.04665023593843,3.7200201011540406,4.179657787711041,0.14787077473599552,0.014863222963384715,-0.1330075517726108,0.400807927052527,,0.47860966697476826,,0.4473536899667145,,0.8764219995570633,,0.9341936111129959,,0.8740973647230489,
1570.248518134018,404.925625,0.571861207485199,Unknown,3.004645248518895,2.907939332586622,3.1608407381332464,2.8838598048516992,0.09670591593227273,0.12078544366719557,0.024079527734922834,0.6953272843733348,,0.5975016380157159,,0.8759549863979768,,0.9468605457729028,,0.974808002265388,,0.9022414435568011,
1570.3992471174622,399.09119999999996,0.85007244348526,Unknown,3.236001540472292,3.210707317337136,3.5858445402482335,3.260257595191714,0.02529422313515628,-0.024256054719421716,-0.049550277854577995,0.8315213244975919,,0.7205480028902431,,0.7173156420514331,,0.9871024589027256,,0.9581389861520812,,0.9294353092991543,
1571.5218772870458,398.61859999999996,0.7713944911956787,Unknown,3.156176673604866,3.251999279559426,3.768144820663254,3.481568843441913,-0.09582260595455994,-0.325392169837047,-0.22956956388248706,0.44039482243436817,,0.02589754256954556,,0.17681522790305934,,0.8890951892318769,,0.9341936111129959,,0.4990722689570369,
1571.673039301333,50.269363636363636,0.8899604082107544,Unknown,3.3932098891143654,3.355021377468207,3.25562313540912,3.4516149130758222,0.03818851164615822,-0.05840502396145686,-0.09659353560761508,0.8389779634215828,,0.7632217465106711,,0.6341641104978173,,0.992103205639134,,0.9497907325298682,,0.9419195983925261,
1572.3695585395196,400.47362499999997,0.5401266813278198,Unknown,3.2839986940063617,3.067825119047544,3.2371195079098616,3.135281472414807,0.21617357495881784,0.14871722159155487,-0.06745635336726297,0.139296902519272,,0.28525967204243785,,0.6387462254521473,,0.7393027089682752,,0.9536533451648531,,0.8191269103859745,
1572.8267928630542,242.70239999999998,0.640040934085846,Unknown,3.045918868941539,3.207112862952748,3.023045756819476,3.2009394024054707,-0.16119399401120882,-0.15502053346393163,0.0061734605472771875,0.6856625554677636,,0.7089390023284854,,0.9814738574809762,,0.9442364465268377,,0.9965760707733995,,0.9243934398270126,
1573.865601228732,249.06300000000002,0.8856473565101624,Unknown,3.481571367457098,3.281617958518902,3.3981094134379077,3.556592609288142,0.19995340893819602,-0.07502124183104408,-0.2749746507692401,0.5486539053095484,,0.7341465423394432,,0.3331765066964863,,0.9072925006558107,,0.9341936111129959,,0.9324029462115769,
1576.2347085045515,401.1484545454545,0.9588518738746643,Unknown,3.757392494587846,4.460717368312315,4.734295603923527,4.23344256043455,-0.7033248737244686,-0.4760500658467035,0.2272748078777651,0.302125901597628,,0.5529339909084969,,0.7323319493998264,,0.8472520550068383,,0.9581389861520812,,0.8844087084608109,
1578.2613476373076,398.07349999999997,0.6454360485076904,Unknown,4.2119849017751605,3.197119028515004,3.5113961847231607,3.458012964404278,1.0148658732601565,0.7539719373708826,-0.2608939358892739,0.1127611513990255,,0.2142959147625039,,0.0654820915161359,,0.7277636160222334,,0.9341936111129959,,0.7644951146025658,
1578.564536473273,398.35662499999995,0.592827558517456,Unknown,3.018939025281964,2.996986786737662,3.2498440696408006,3.316714059911598,0.021952238544302283,-0.29777503462963395,-0.31972727317393623,0.8760890538977281,,0.11975089547395097,,0.11955314267676505,,0.9954021650632178,,0.9341936111129959,,0.6886890452203801,
1579.5666812004627,57.30457142857143,0.5225536823272705,Unknown,3.0762090355384935,2.970447631588968,3.1627619885931892,3.0726212666222303,0.1057614039495256,0.003587768916263112,-0.10217363503326249,0.5537462453051392,,0.9862728564333598,,0.5968670170865229,,0.9072925006558107,,0.9456878731807212,,0.9964206908209643,
1580.196980497639,402.86,0.8141958713531494,Unknown,3.3141782866536986,3.2326557268387894,3.415106450035704,2.8636928933813226,0.08152255981490919,0.450485393272376,0.36896283345746683,0.7637835114748894,,0.26569098214475256,,0.20105067170480065,,0.9680849820974129,,0.9341936111129959,,0.8124275167583956,
1580.9056764854008,400.41463636363636,0.9304183721542358,Unknown,2.985914177404305,3.3132751393581485,3.1690852686738404,3.2285457741466552,-0.32736096195384334,-0.24263159674235002,0.08472936521149332,0.19258248857365956,,0.3049588478107772,,0.2939815947620189,,0.796329883376522,,0.9341936111129959,,0.8251842306808576,
1583.5895883643125,241.4958888888889,0.554463267326355,Unknown,3.145905760872117,3.124798291432308,2.8538747661352923,2.9283881772538103,0.021107469439809012,0.21751758361830653,0.19641011417849752,0.9443778957711699,,0.28089778206372557,,0.49718688867492894,,0.9954021650632178,,0.9375398401843495,,0.8191269103859745,
1585.4041386505887,63.28345454545454,0.8144218921661377,Unknown,3.2138061630726393,2.784132775583331,3.390168025522998,3.1878238539935637,0.4296733874893084,0.025982309079075616,-0.4036910784102328,0.08355221940333797,,0.8418946181213052,,0.1104661100877174,,0.6975088113752343,,0.9341936111129959,,0.9563914558871437,
1586.6711334458737,400.0306,0.7746263146400452,Unknown,3.539819221515692,3.585238490441144,3.3919009608647794,3.855121453994966,-0.045419268925452005,-0.315302232479274,-0.269882963553822,0.9006483992549457,,0.3709853443498889,,0.12086024185695149,,0.9954021650632178,,0.9341936111129959,,0.8486879142198621,
1587.2574020054199,245.22019999999998,0.7358489036560059,Unknown,3.142177161340293,3.131405435135898,3.488630281387861,3.026016548581836,0.010771726204394927,0.11616061275845668,0.10538888655406176,0.9572244324081174,,0.592785786440092,,0.6155500574278672,,0.9954021650632178,,0.9481944780819669,,0.9013476837791984,
1587.2847276091702,398.74357142857144,0.5318828225135803,Unknown,3.5157533978069573,3.443336633074393,3.333863234949354,3.2036157710399613,0.07241676473256442,0.31213762676699597,0.23972086203443155,0.8065420093598987,,0.14248075016861883,,0.3361929786893443,,0.9794402964076038,,0.9341936111129959,,0.7254911932139494,
1589.4995687288176,399.7990909090909,0.9308599829673767,Unknown,3.885863899724042,3.862869276125865,4.228408668016951,4.229957230422495,0.022994623598176833,-0.34409333069845305,-0.3670879542966299,0.9642475381359537,,0.34212749739193943,,0.37525204799405343,,0.9954021650632178,,0.9341936111129959,,0.8309605221799807,
1589.5608978646064,399.9265454545455,0.8822603821754456,Unknown,3.2711083047998737,3.533495320460172,3.6562397538585225,3.741431257238664,-0.2623870156602983,-0.4703229524387904,-0.2079359367784921,0.37180777415529875,,0.05033069417152716,,0.3744514515609192,,0.8659389361669497,,0.9341936111129959,,0.6033830894284244,
1591.2303514155105,398.576,0.5619913935661316,Unknown,3.3948331512239385,3.093277611823208,3.3139043450060814,3.500848522789696,0.3015555394007303,-0.10601537156575747,-0.4075709109664878,0.23557253404912046,,0.7264343848881285,,0.09152887358686682,,0.8016437494920924,,0.9341936111129959,,0.9298311602816235,
1594.0545131956032,405.4296363636364,0.8246506452560425,Unknown,3.2187214028369913,3.328464343061176,2.9837252846202302,2.9577924674424434,-0.10974294022418452,0.26092893539454787,0.3706718756187324,0.7461832882954359,,0.4023679254622976,,0.1285827227512237,,0.9646675789076422,,0.9341936111129959,,0.8665916804462865,
1594.5007598617838,52.56609999999999,0.6329836249351501,Unknown,2.685862386425311,3.1678101212572956,2.9166058375355393,2.9916417939911724,-0.4819477348319845,-0.3057794075658613,0.1761683272661232,0.005896182666149519,,0.003472634033072136,,0.1366467878605837,,0.2894744918476264,,0.9341936111129959,,0.20269033696022837,
1597.3877993222623,399.80137499999995,0.6441807746887207,Unknown,3.2725939047531885,3.2369029144346473,3.7994330827219898,3.339378991878077,0.03569099031854117,-0.06678508712488851,-0.10247607744342968,0.8530248432579286,,0.7192809163348732,,0.6696406641547761,,0.9954021650632178,,0.954391917600169,,0.9294353092991543,
1597.4956741025594,397.06359999999995,0.8429907560348511,Unknown,3.288754136857797,3.1978524530271932,3.3145686410356614,3.3895401440686594,0.09090168383060382,-0.1007860072108624,-0.1916876910414662,0.4111785029581457,,0.4499611391713635,,0.2813464295132434,,0.886465534977753,,0.9341936111129959,,0.8735200432455408,
1597.6448625111584,396.334,0.6384268999099731,Unknown,3.3108743555748674,3.3931754136148857,3.495023994945905,3.6289539522401455,-0.0823010580400183,-0.3180795966652781,-0.23577853862525977,0.6801447107550332,,0.38746228218492124,,0.5421045656227605,,0.9435993578504407,,0.9417182934407179,,0.8535031276542437,
1598.0856619141848,397.9575454545454,0.8927527666091919,Unknown,3.4860503508084952,3.327252139697134,3.351328355227645,3.289574622124451,0.15879821111136128,0.19647572868404417,0.037677517572682895,0.7018636275396057,,0.6323089687107921,,0.6173556317388971,,0.9483438975763807,,0.9481944780819669,,0.9141129533346335,
1600.9779599621063,248.45581818181816,0.797622561454773,Unknown,3.198564449268878,3.463420845129349,3.42658315204679,3.2875219738529666,-0.26485639586047105,-0.08895752458408879,0.17589887127638226,0.24421136889672698,,0.5537665840774055,,0.29058239119488455,,0.8079920173605784,,0.9341936111129959,,0.8844087084608109,
1607.1136041790953,398.07836363636363,0.8293021321296692,Unknown,3.8619670826486545,3.5803275176551033,4.171376463417693,3.877542441462882,0.28163956499355125,-0.015575358814227336,-0.2972149238077786,0.5653695599496498,,0.9706206461400785,,0.5133558550977486,,0.9072925006558107,,0.9375398401843495,,0.9946799654543693,
1609.0481868420445,60.73549999999999,0.6721735596656799,Unknown,3.0072946734943176,3.2296454634709986,3.2228060971798858,3.235395867969841,-0.222350789976681,-0.22810119447552335,-0.005750404498842343,0.09720748092349273,,0.04648918334321135,,0.9497607169758793,,0.7184294826675341,,0.9933123029160053,,0.5804936219507998,
1609.7679271536201,398.5816363636364,0.8544729948043823,Unknown,3.2620328633351234,3.3540094047097644,3.4265463338781728,3.4964001027864917,-0.09197654137464095,-0.23436723945136828,-0.14239069807672733,0.7869397473447473,,0.63305203557801,,0.6987223578421706,,0.9719392763225705,,0.9581389861520812,,0.9141129533346335,
1612.0648757257256,398.6926363636363,0.9308664798736572,Unknown,3.529261612359671,3.2436798430028815,3.7073786754917615,3.5927649173643896,0.28558176935678947,-0.06350330500471868,-0.34908507436150815,0.29125621567404103,,0.8109801427462654,,0.13992384508729824,,0.8434976358425177,,0.9341936111129959,,0.9526888772293054,
1613.220996472478,397.5810000000001,0.667619526386261,Unknown,3.5551460633788756,3.6260352320715428,3.5818553248493616,3.349340258523282,-0.07088916869266715,0.20580580485559352,0.27669497354826067,0.7697312557141683,,0.36797848433676117,,0.06663789234503158,,0.9693889862128761,,0.9341936111129959,,0.8486879142198621,
1616.2129166087732,400.29090909090905,0.9238514304161072,Unknown,5.190083372292643,4.702314834471862,4.236393576753613,5.188209792290807,0.48776853782078167,0.0018735800018365723,-0.4858949578189451,0.4174425782533197,,0.9708453282824216,,0.42014186526294844,,0.8890951892318769,,0.9341936111129959,,0.9946799654543693,
1617.2904805856963,399.9226363636364,0.9011893272399902,Unknown,3.807174097957667,3.572792485324495,3.7731180466613288,4.001664623973809,0.23438161263317214,-0.19449052601614225,-0.4288721386493144,0.6407660891496615,,0.617678665496393,,0.2899748072784136,,0.9298985478533239,,0.9341936111129959,,0.9052823952933148,
1617.6276144454168,238.6953,0.6651815176010132,Unknown,2.81685148476733,3.174637689270113,3.3444349860983564,3.048676104587022,-0.3577862045027831,-0.23182461981969205,0.12596158468309104,0.1422908407761888,,0.42460702658002514,,0.6070908240236492,,0.7393027089682752,,0.9456878731807212,,0.8735200432455408,
1617.7937312101117,400.6449,0.8190719485282898,Unknown,3.249110798522679,3.6892223558801702,3.3646148479776894,3.448500098210001,-0.4401115573574912,-0.1993892996873221,0.24072225767016908,0.3719078515259062,,0.3266447036112196,,0.6329098684542817,,0.8659389361669497,,0.9497907325298682,,0.8288527624284971,
1621.22494203335,396.64225,0.6069254875183105,Unknown,3.011198469253794,2.944314529342537,3.168951654912914,3.193785961006739,0.06688393991125707,-0.1825874917529453,-0.24947143166420238,0.5951399682693698,,0.14432453328876735,,0.03316404321795242,,0.9142159978346233,,0.8899859596062306,,0.7285868753709014,
1622.1432842866282,400.43780000000004,0.7922050356864929,Unknown,3.7119386768539244,3.400748816617418,3.348619159423407,3.6644319503193166,0.31118986023650663,0.04750672653460786,-0.2636831337018988,0.3040613341386406,,0.9035250443721561,,0.4209899515127172,,0.8472520550068383,,0.9341936111129959,,0.9734606180244861,
1623.0047733117522,395.50827272727275,0.9167503118515015,Unknown,3.2592532523260123,3.4954517237999063,3.328019532407736,3.337724810547727,-0.23619847147389406,-0.07847155822171459,0.15772691325217947,0.2868145015074339,,0.49991170247973216,,0.40273640937783756,,0.8412681395566554,,0.9341936111129959,,0.8791579978112207,
1625.6328321099224,399.778625,0.5364879369735718,Unknown,3.079205925778569,2.983740931151303,3.270923308440636,3.2140390540634782,0.0954649946272661,-0.13483312828490934,-0.23029812291217544,0.48620384077924594,,0.324001566130807,,0.11431447184376672,,0.8969592270190967,,0.9341936111129959,,0.8288527624284971,
1625.8598558456854,398.95324999999997,0.5582879781723022,Unknown,3.150517636088765,3.2754350957221487,3.378042504683223,3.062185481281073,-0.12491745963338374,0.08833215480769185,0.2132496144410756,0.5951389237447329,,0.785235040922238,,0.5549353211442243,,0.9142159978346233,,0.9439759149311477,,0.9484584234184341,
1626.8848426062175,399.795,0.8674167394638062,Unknown,3.0200096285859868,3.301614003107661,3.6459281838566513,3.3489230998352557,-0.2816043745216743,-0.32891347124926895,-0.047309096727594646,0.20220922189146942,,0.12628270603151237,,0.7690346607276523,,0.7967966888619453,,0.9647434629470387,,0.701873153199403,
1628.6137082981725,244.91518181818182,0.7213984131813049,Unknown,3.0303516845654705,3.117818794684481,3.3717038452941432,3.25494073369922,-0.08746711011901054,-0.22458904913374944,-0.1371219390147389,0.7766634836199553,,0.353398246818951,,0.6846439594020393,,0.971182597467767,,0.9558130293073832,,0.8404927161945523,
1629.9938450008624,398.7002727272727,0.9107154011726379,Unknown,3.491241324064157,3.5119028295927794,3.247892626610655,3.696187205034422,-0.02066150552862256,-0.20494588097026512,-0.18428437544164256,0.9339031833752155,,0.27072475299846904,,0.34609613619278445,,0.9954021650632178,,0.9341936111129959,,0.8173271459485258,
1633.9306396545069,403.5465714285714,0.538898766040802,Unknown,3.0224376973416263,3.0347235701213573,2.92729583695135,2.9514799657056776,-0.012285872779731033,0.07095773163594865,0.08324360441567968,0.9445222914036657,,0.8286077562569065,,0.7989244188907645,,0.9954021650632178,,0.9670301754768821,,0.9563914558871437,
1634.0170632140207,49.602888888888884,0.5979809761047363,Unknown,2.4995935146197,3.0571713433211642,2.700752709010189,2.769822029772763,-0.5575778287014641,-0.2702285151530628,0.2873493135484013,0.0035729380772518624,,0.003619613792194937,,0.024278869795958228,,0.27276293130287305,,0.8899859596062306,,0.20269033696022837,
1636.3268117140926,398.72144444444444,0.6726467609405518,Unknown,3.4769927452809832,3.121147714186685,3.2092345940674543,3.2889109658760725,0.3558450310942982,0.18808177940491078,-0.16776325168938744,0.12610675154489168,,0.3528965203275089,,0.2685765843882824,,0.7304273081055243,,0.9341936111129959,,0.8404927161945523,
1636.996315837322,402.21633333333335,0.6972300410270691,Unknown,3.214503487532966,3.1527722076025704,3.2652209464133177,3.4133589910499764,0.06173127993039573,-0.1988555035170103,-0.26058678344740605,0.8403105976677168,,0.38857985146229124,,0.4346055613372516,,0.992103205639134,,0.9341936111129959,,0.8535031276542437,
1637.4036479021502,397.1994,0.7394780516624451,Unknown,3.3779230370226627,3.402562627592923,3.519949153769568,3.478329994308227,-0.024639590570260328,-0.10040695728556415,-0.07576736671530382,0.9207249474314945,,0.4449979407084174,,0.7667428682286275,,0.9954021650632178,,0.9647434629470387,,0.8735200432455408,
1640.2535918242722,399.31218181818184,0.927074670791626,Unknown,3.6647097434603033,3.286255395316553,3.0394277609680884,3.589676642508163,0.37845434814375034,0.07503310095214033,-0.30342124719161,0.1907115901904108,,0.4757830036475924,,0.2952633535352416,,0.796329883376522,,0.9341936111129959,,0.8740973647230489,
1640.3094850306813,400.7816363636364,0.9378451108932495,Unknown,3.4723143280529363,3.569030060987467,3.5555901455950196,4.047939267795447,-0.09671573293453051,-0.5756249397425104,-0.4789092068079799,0.7600707761169205,,0.09341673846051539,,0.03800927152847937,,0.9679444992200359,,0.9220602104908759,,0.6594525298454849,
1640.798339464147,396.9351,0.8264676928520203,Unknown,3.366707633244436,3.5381796905758978,3.3234480960519504,3.2135308172515233,-0.17147205733146187,0.15317681599291255,0.3246488733243744,0.6903755192042932,,0.5486653337505811,,0.38645783482796325,,0.9453373220162753,,0.9341936111129959,,0.8844087084608109,
1644.0166353904158,397.4628,0.7038124799728394,Unknown,3.1493851738350904,3.171974179788151,3.3327219041022818,3.194051385682842,-0.02258900595306068,-0.04466621184775166,-0.022077205894690977,0.9008416734490703,,0.779031117735666,,0.9228773997559345,,0.9954021650632178,,0.9895856465401648,,0.9482657407148426,
1644.4721099440058,399.5484545454546,0.9499262571334839,Unknown,4.16745876241735,3.8213495689351142,4.1833751612597405,4.167564303006845,0.34610919348223534,-0.00010554058949541201,-0.34621473407173076,0.3876936228503792,,0.9985261404541819,,0.3904620857010009,,0.8662226401476409,,0.9341936111129959,,0.9994646497252948,
1646.1208442496827,242.20819999999998,0.6597287654876709,Unknown,3.2209209699107273,3.291426541251692,3.400142367156441,3.3460635057601245,-0.07050557134096458,-0.12514253584939716,-0.054636964508432584,0.7459061580518893,,0.4472898983928729,,0.716961676493923,,0.9646675789076422,,0.9581389861520812,,0.8735200432455408,
1650.4383933216204,397.0605,0.5432885885238647,Unknown,2.9730050819883584,3.0870827004433625,2.9462202819507297,3.198042539824982,-0.11407761845500408,-0.22503745783662366,-0.11095983938161957,0.49676130471082164,,0.0696639436817921,,0.48668874842567317,,0.8969592270190967,,0.9370235287149749,,0.6344734251126901,
1651.2974150331995,398.6991818181818,0.9572955369949341,Unknown,4.077355865220304,3.979835950006377,4.063133237972313,3.778554972723736,0.097519915213927,0.29880089249656816,0.20128097728264116,0.6349586803989296,,0.3858702294687391,,0.6053732342421425,,0.9270796555740983,,0.9456878731807212,,0.8535031276542437,
1652.2193252047189,400.0331,0.8007655739784241,Unknown,3.3368405455933257,3.167876572709883,3.124449385378603,3.469568388567815,0.16896397288344245,-0.13272784297448936,-0.3016918158579318,0.442774200933206,,0.7220170395181762,,0.4671480436537514,,0.8890951892318769,,0.9343252415096033,,0.9294353092991543,
1652.3416165734648,400.41300000000007,0.8521149158477783,Unknown,3.19285786296618,3.0662199305017936,3.112689270112318,3.2537980374282864,0.12663793246438626,-0.06094017446210653,-0.1875781069264928,0.31597360359610477,,0.4118972113228582,,0.15044172470537975,,0.8472520550068383,,0.9341936111129959,,0.8686251632404102,
1654.699923879901,398.7884444444445,0.5857545733451843,Unknown,3.3373313927333768,3.147433133285572,3.1707812369825614,3.0835524024500223,0.18989825944780492,0.2537789902833545,0.06388073083554957,0.5209038070140594,,0.38050583253674275,,0.6939724795592743,,0.8986119382783423,,0.9575520026139989,,0.8497523456780554,
1656.4537211406528,400.03200000000004,0.8234894871711731,Unknown,3.2674576939453974,3.1631652806720614,3.3503867371146114,3.7308941504903026,0.10429241327333605,-0.4634364565449052,-0.5677288698182412,0.5076195601110101,,0.32978476913478166,,0.24264018736037357,,0.8969693764809423,,0.9341936111129959,,0.8288527624284971,
1657.9664844929719,400.53627272727266,0.9684666991233826,Unknown,4.189808665229016,4.002587886732021,4.615311882418038,3.8327095348980857,0.1872207784969948,0.3570991303309303,0.16987835183393551,0.7505256565762128,,0.59282755573995,,0.7743809008856973,,0.9648278702370018,,0.9647434629470387,,0.9013476837791984,
1660.1501161539554,399.0027777777778,0.6010558009147644,Unknown,3.1996648267015004,3.1278678472757395,3.292866074220261,3.2308948637117325,0.07179697942576091,-0.03123003701023208,-0.10302701643599299,0.5217157512257051,,0.8290357085715208,,0.5722786223834793,,0.8986119382783423,,0.9456878731807212,,0.9563914558871437,
1660.807929016365,397.88300000000004,0.6487324833869934,Unknown,3.214247212742498,3.047041527214107,3.11485963547708,3.05502782211574,0.167205685528391,0.15921939062675827,-0.007986294901632718,0.22222141628696931,,0.2697507205972825,,0.9567614954495919,,0.7980087070322811,,0.9933123029160053,,0.8157630027059882,
1662.0970615301733,400.704,0.7775756120681763,Unknown,3.2824489435983306,3.551652302067408,3.375905895391159,3.2928169572491,-0.26920335846907717,-0.010368013650769559,0.2588353448183076,0.6548124796236261,,0.9135808514021686,,0.6690841667740581,,0.938306694220929,,0.954391917600169,,0.978019728456359,
1663.216284191067,400.5364545454546,0.9043442606925964,Unknown,3.159794829838026,3.3409616837416727,3.3928753241306806,3.3908926461931643,-0.18116685390364662,-0.23109781635513826,-0.049930962451491645,0.11608422417937506,,0.2602439110116903,,0.7878417762724408,,0.7277636160222334,,0.9667220674675763,,0.8081670850995563,
1666.7729647099939,397.2044,0.8520310521125793,Unknown,3.744217723649155,3.652653007215461,3.671630447842445,3.4201844817423264,0.09156471643369413,0.3240332419068288,0.23246852547313468,0.5138292106176398,,0.16097208378960404,,0.31378050845933936,,0.8986119382783423,,0.9341936111129959,,0.7373372735493757,
1667.6594874308403,399.22587500000003,0.5869318842887878,Unknown,3.453746105973338,3.356591178214677,3.3034460268347257,3.403711836990619,0.09715492775866075,0.0500342689827189,-0.04712065877594185,0.6686968482346064,,0.7822743254304078,,0.8139200600054998,,0.9415990092790317,,0.9670301754768821,,0.9484584234184341,
1671.654491189802,400.53518181818185,0.9472649097442627,Unknown,3.7116924598295005,3.82727606350025,4.133355696577318,4.121136030367423,-0.11558360367074938,-0.4094435705379227,-0.2938599668671733,0.8231867678323653,,0.20763957799557914,,0.5128807510473259,,0.986619895609756,,0.9375398401843495,,0.7607065471326157,
1671.7965926736863,401.75539999999995,0.7079654932022095,Unknown,3.183449325367352,3.3418107196840183,3.4547073415697396,3.366851303138894,-0.15836139431666618,-0.18340197777154188,-0.025040583454875698,0.5043892651398607,,0.4592485454802529,,0.914892701314556,,0.8969693764809423,,0.9882837729166245,,0.8740973647230489,
1672.235335957124,398.52275000000003,0.5240716338157654,Unknown,3.880182059071462,3.3942320864814053,3.668027154143117,3.536635533177065,0.4859499725900567,0.3435465258943968,-0.14240344669565985,0.10077768557200359,,0.3166116836469879,,0.5185875065689064,,0.7248129255790547,,0.9375398401843495,,0.8288278532785134,
1675.234561573009,400.52763636363636,0.8926257491111755,Unknown,3.239726817087894,3.3244477563889085,3.503131100649457,3.1513178100870234,-0.08472093930101465,0.08840900700087051,0.17312994630188516,0.4952229879817322,,0.07917828302600348,,0.18204710469104027,,0.8969592270190967,,0.9341936111129959,,0.6594525298454849,
1677.5452988773352,398.5011111111111,0.6700385808944702,Unknown,3.3700420227415933,3.1418186531235346,3.372466890530932,3.470785983685411,0.22822336961805867,-0.10074396094381788,-0.32896733056187655,0.06293685005872603,,0.5344223254175077,,0.055630194235460825,,0.6428522382860448,,0.9341936111129959,,0.8842876820185747,
1679.9764913900497,398.9015,0.6524556279182434,Unknown,3.304725008008004,3.0423087965375273,3.0006305085433898,3.2393719594901627,0.26241621147047667,0.0653530485178413,-0.19706316295263537,0.1346132219837455,,0.58948558910792,,0.14715560302261751,,0.73716694198491,,0.9341936111129959,,0.9010521013643671,
1680.4586664507426,401.76,0.9581097960472107,Unknown,3.4095117407871705,3.493591125342021,3.2527318229543782,3.3376247324402626,-0.08407938455485064,0.07188700834690787,0.1559663929017585,0.7682576682206517,,0.7247972732071,,0.6058086257786774,,0.9693889862128761,,0.9456878731807212,,0.9294353092991543,
1681.019168804235,398.0889090909091,0.8867624998092651,Unknown,3.337372602540112,3.1520994821372024,3.6997615522225376,3.5838719220574795,0.18527312040290944,-0.2464993195173677,-0.43177243992027714,0.20014933954605338,,0.476899651776519,,0.22436277961221054,,0.7967966888619453,,0.9341936111129959,,0.8740973647230489,
1681.5990864265575,397.69849999999997,0.7421037554740906,Unknown,3.2315646447212387,3.347929442032464,3.261972287047652,3.577273458836766,-0.1163647973112254,-0.3457088141155271,-0.22934401680430172,0.5082752151288257,,0.36378115432338864,,0.4865666643470456,,0.8969693764809423,,0.9370235287149749,,0.8457179855678237,
1692.3690639959154,399.79400000000004,0.9086957573890686,Unknown,3.4876431420536647,3.6452789225805495,4.074960807653602,4.07808192875029,-0.15763578052688487,-0.5904387866966254,-0.43280300616974055,0.695680759867094,,0.10041459444193876,,0.16293529160852496,,0.9468605457729028,,0.9341936111129959,,0.6706104302567856,
1692.381538770386,397.4743,0.8328067660331726,Unknown,3.5140663511895727,3.0808845673063865,3.0537868799933294,3.129019810742548,0.4331817838831862,0.38504654044702447,-0.04813524343616171,0.10051998165539318,,0.08273732573502661,,0.7168289202585636,,0.7248129255790547,,0.9581389861520812,,0.6594525298454849,
1692.941569018485,398.1381,0.7982152104377747,Unknown,3.130561440871473,3.2955282263112533,3.385970282039551,3.3598715757952653,-0.1649667854397805,-0.22931013492379249,-0.06434334948401199,0.5417265572825443,,0.33041412587131375,,0.8325849026043739,,0.9072925006558107,,0.9670301754768821,,0.8288527624284971,
1693.0378645025723,400.72275,0.5518627166748047,Unknown,3.327247875728778,3.265326078095267,3.2476784059171147,3.14063163424154,0.06192179763351069,0.18661624148723766,0.12469444385372697,0.885677658388738,,0.6362304479919538,,0.6249294160130825,,0.9954021650632178,,0.9481944780819669,,0.9143155734062032,
1694.9269894244367,399.5564545454545,0.9346041083335876,Unknown,3.623362067158723,3.5516467342332363,3.6367505078995284,3.5922543806498375,0.07171533292548693,0.031107686508885735,-0.040607646416601195,0.8281511061741412,,0.8352940850788696,,0.9102067976775617,,0.9867460358498636,,0.9881995759324709,,0.9563914558871437,
1697.9957862201652,398.4164,0.7735093235969543,Unknown,3.3224196507341586,3.382664768567222,3.2761413907853894,3.325081198472198,-0.06024511783306341,-0.0026615477380396158,0.057583570095023795,0.8447035293651761,,0.9905166515020936,,0.7994507253804849,,0.9924664829350389,,0.9670301754768821,,0.9987507752554117,
1698.7931036424116,398.1893333333333,0.6421858072280884,Unknown,3.667151498720926,3.214116028752832,4.003536349257563,3.722100776252058,0.4530354699680941,-0.05494927753113199,-0.5079847474992261,0.5628835122881928,,0.9560435853725711,,0.4612100492626636,,0.9072925006558107,,0.9341936111129959,,0.9941310504479282,
1699.0336763392932,401.0268181818182,0.9579758644104004,Unknown,4.408414698570396,4.827642062499115,4.063027379872629,3.84131729413163,-0.4192273639287194,0.567097404438766,0.9863247683674854,0.5676603733938573,,0.5539494123907278,,0.21844567477699964,,0.9076204238375956,,0.9341936111129959,,0.8844087084608109,
1700.224747368862,400.78099999999995,0.9633767008781433,Unknown,3.8535735336130266,3.4327338041483824,4.119819890198953,3.6094096848899273,0.4208397294646442,0.24416384872309926,-0.17667588074154494,0.33534766117897974,,0.469503232777879,,0.7154326194061905,,0.860651080547679,,0.9581389861520812,,0.8740973647230489,
1700.4131916608474,400.37014285714287,0.5670626163482666,Unknown,3.818864601399936,3.3616089373445326,3.193111156686517,3.6156616163825075,0.4572556640554035,0.20320298501742862,-0.2540526790379749,0.17850735179171676,,0.6506426222062622,,0.48065359658567164,,0.7803552659946523,,0.9343252415096033,,0.9180456102303685,
1705.7477672508567,400.78054545454546,0.9011979699134827,Unknown,3.296830657424113,3.2948656173422983,3.3329085931527964,3.310768510120637,0.0019650400818145286,-0.013937852696524367,-0.015902892778338895,0.9901356435733736,,0.9053410963619282,,0.9345069769271204,,0.9973911563499249,,0.9921208594574054,,0.9734606180244861,
1705.876931639191,398.8229,0.8129076957702637,Unknown,3.130294107059497,3.164371163300482,3.295502803990276,3.0022772357586107,-0.034077056240985115,0.12801687130088624,0.16209392754187135,0.8154738148489412,,0.5586404163357162,,0.5325500207265841,,0.9804705575618173,,0.9417182934407179,,0.8854085614790521,
1706.8170148450884,394.93499999999995,0.6376090049743652,Unknown,3.1961412888352387,3.1659534491792205,3.372512761311132,3.1385688645735588,0.030187839656018234,0.057572424261679966,0.027384584605661733,0.866142670733473,,0.7461853264607831,,0.8841912175061308,,0.9954021650632178,,0.9770644643610085,,0.9356971188064506,
1706.8672305772216,398.5362857142857,0.5220798254013062,Unknown,3.1874112148857328,3.0370087572695463,3.412768616627462,3.1549809788551495,0.15040245761618642,0.03243023603058326,-0.11797222158560317,0.21637249886720414,,0.8486088714992698,,0.426872177140871,,0.7979466639025367,,0.9341936111129959,,0.9563914558871437,
1712.164755406775,398.5533,0.8405798673629761,Unknown,3.5332025918014938,3.324881832672077,3.3291099137354583,3.529520517484768,0.20832075912941672,0.0036820743167256254,-0.2046386848126911,0.1930021206378408,,0.9375017333424006,,0.21574714790458027,,0.796329883376522,,0.9341936111129959,,0.9883531042835203,
1712.843372364861,397.53450000000004,0.585115373134613,Unknown,3.2901188956528373,3.2467186844858937,3.0834792637795196,3.0764011182156725,0.04340021116694359,0.2137177774371648,0.1703175662702212,0.7872744241856536,,0.13778097548938772,,0.3508345327618074,,0.9719392763225705,,0.9341936111129959,,0.7224764368020604,
1715.8540035774,401.1122,0.7874072790145874,Unknown,3.262487258964548,3.1461419808061115,3.425431265022027,3.2366733931420497,0.11634527815843665,0.02581386582249845,-0.0905314123359382,0.6078529204127316,,0.7777515712225948,,0.6689543780217525,,0.9168929933365417,,0.954391917600169,,0.9482657407148426,
1718.0046133133103,398.6997272727273,0.9349756240844727,Unknown,3.125601611680924,3.1398467007269724,3.2843846632931872,3.197002167336878,-0.014245089046048154,-0.07140055565595382,-0.05715546660990567,0.9215695260453399,,0.5521485789326986,,0.6811260003108889,,0.9954021650632178,,0.954391917600169,,0.8844087084608109,
1718.5089958997169,400.7672727272727,0.8157645463943481,Unknown,3.331817203228544,3.3746885116737992,3.377922075767361,3.2509177542719456,-0.04287130844525544,0.08089944895659817,0.12377075740185361,0.7461904890192479,,0.5755850146268102,,0.11729910611245625,,0.9646675789076422,,0.9341936111129959,,0.8969345767285403,
1719.2057485369528,398.14760000000007,0.856151282787323,Unknown,3.360196288011309,3.2183934437098984,3.2525905574072613,3.485908776145116,0.14180284430141077,-0.12571248813380675,-0.2675153324352175,0.28156467881426966,,0.4688471397443291,,0.20836468198505675,,0.8329790067647403,,0.9341936111129959,,0.8740973647230489,
1722.92481097177,400.16018181818185,0.9110043048858643,Unknown,3.5403378247344173,3.650676985398802,3.711938846370602,3.9924489674891652,-0.11033916066438465,-0.45211114275474795,-0.3417719820903633,0.7604607607839273,,0.09481884280115233,,0.2715684608390201,,0.9679444992200359,,0.9341936111129959,,0.6650219518910752,
1723.080728814833,399.8010909090909,0.9394994378089905,Unknown,3.507312884095052,3.7329664424621405,3.498575259952897,3.562986919450907,-0.22565355836708845,-0.05567403535585491,0.16997952301123354,0.3899709223177651,,0.8615983380132057,,0.5690914443419051,,0.86820198711975,,0.9440599824883413,,0.9593662838515993,
1727.5653783279731,398.9439090909091,0.9583815932273865,Unknown,3.795447894762239,3.4850947254345237,3.568086134996862,3.476592100299513,0.3103531693277155,0.3188557944627264,0.008502625135010877,0.5103232311535622,,0.3198532640946582,,0.9818949543648925,,0.8969693764809423,,0.9965760707733995,,0.8288527624284971,
1728.5812254973662,400.496375,0.626071035861969,Unknown,3.610970067821256,3.150545580236267,3.625346609389606,3.525749966321271,0.460424487584989,0.08522010149998538,-0.3752043860850036,0.15825195953232474,,0.8387147510536745,,0.26366281311611023,,0.7697225800029147,,0.9341936111129959,,0.9563914558871437,
1728.910523897061,402.37045454545455,0.903437614440918,Unknown,3.072764858538388,3.233091074737762,3.1015188143867416,3.345409071271922,-0.16032621619937393,-0.272644212733534,-0.11231799653416008,0.04927071171452278,,0.00856443752924039,,0.04774427774779267,,0.6047393306865833,,0.9341936111129959,,0.27169031054297976,
1731.5574866604493,395.33425,0.6189747452735901,Unknown,3.0999280734116255,3.192574885060573,3.357136489438464,3.1653049075327004,-0.09264681164894739,-0.06537683412107498,0.027269977527872413,0.5795531803923636,,0.683622314785278,,0.8785845328995915,,0.910896507211941,,0.975049142539805,,0.9195697788067687,
1733.7478840804813,399.55536363636367,0.9566627144813538,Unknown,3.7364872941095535,3.815286750376941,3.535268920635239,3.6645302232373886,-0.07879945626738749,0.07195707087216485,0.15075652713955234,0.8060660153860882,,0.8731427920120345,,0.7160100383732942,,0.9794402964076038,,0.9581389861520812,,0.962709349676893,
1735.0791580270757,399.1605,0.5759218335151672,Unknown,3.08301774298789,3.1644264813474314,3.4965784674127356,3.5496881601550663,-0.08140873835954121,-0.46667041716717605,-0.38526167880763484,0.47954306466601027,,0.09697299690223048,,0.1723369837439749,,0.8969592270190967,,0.9341936111129959,,0.6706104302567856,
1737.9896929355507,400.78018181818186,0.9230654239654541,Unknown,3.6552642687723265,3.54561833501564,3.8143478049409945,3.5989519664526335,0.10964593375668663,0.056312302319692975,-0.053333631436993656,0.8749010060304876,,0.9294688472004876,,0.9391138917926645,,0.9954021650632178,,0.9921208594574054,,0.9845595367455153,
1740.2658812453185,399.92418181818175,0.9664174318313599,Unknown,3.768106210091853,3.9054282276442884,4.007202088257674,3.7451047954019105,-0.13732201755243523,0.023001414689942656,0.16032343224237788,0.794806009548086,,0.967618965598454,,0.7739756470314341,,0.9755297569572341,,0.9647434629470387,,0.9946799654543693,
1740.999874302822,397.73459999999994,0.7241641283035278,Unknown,3.194634846204399,3.1571042918474834,2.9064074976461587,3.773923479853995,0.03753055435691577,-0.5792886336495959,-0.6168191880065117,0.8074324305082078,,0.20861132480674247,,0.2051095902472691,,0.9799444801106089,,0.9341936111129959,,0.7607065471326157,
1742.6373655455834,397.96263636363636,0.8512765169143677,Unknown,3.248789234612078,3.2175503545770745,3.3595825115776474,3.181777195134756,0.031238880035003636,0.06701203947732193,0.03577315944231829,0.5745871142025154,,0.28530049783881634,,0.5387963608247587,,0.910896507211941,,0.9417182934407179,,0.8191269103859745,
1745.2885557943212,401.2721818181819,0.9369650483131409,Unknown,3.1575053836817637,3.179649834396477,3.42760107357491,3.1061467403527203,-0.022144450714713493,0.051358643329043385,0.07350309404375688,0.9377807590727032,,0.40996345578200377,,0.7994029900760371,,0.9954021650632178,,0.9670301754768821,,0.8679103139861312,
1746.7468660104391,399.21709999999996,0.7909225225448608,Unknown,3.3456938064233905,3.2065246421405207,3.1852401201727387,3.1938843353706567,0.13916916428286985,0.1518094710527338,0.01264030676986394,0.5246148670442409,,0.32719109754851233,,0.9538583154245495,,0.8986119382783423,,0.9933123029160053,,0.8288527624284971,
1752.4361719349192,399.231125,0.5836660265922546,Unknown,3.277693907888836,3.1185118976530064,3.0460036707327993,3.4014907790513456,0.15918201023582945,-0.1237968711625097,-0.28297888139833915,0.5182532328012248,,0.6055599541562573,,0.10453157465291373,,0.8986119382783423,,0.9341936111129959,,0.9028912947607407,
1753.931106809026,400.536909090909,0.9705414772033691,Unknown,4.079566187206794,3.7118148018742914,4.002018824957878,3.738073135979596,0.3677513853325025,0.34149305122719786,-0.026258334105304648,0.4099168010052103,,0.17928925804195492,,0.9564053743780455,,0.886033747932616,,0.9933123029160053,,0.7373372735493757,
1755.0284961117452,400.4138181818182,0.8733907341957092,Unknown,3.412679635689152,3.6040741134298635,3.181177910004252,3.6071426415480783,-0.19139447774071172,-0.1944630058589265,-0.003068528118214786,0.6115505907823542,,0.7290298067883136,,0.9954610088418487,,0.9191625517023703,,0.9998607476510148,,0.931964948293554,
1755.3007968066563,397.40766666666667,0.6060100793838501,Unknown,3.2273685015338525,3.1330638464198626,3.3992798256260057,3.5654318738183357,0.09430465511398989,-0.33806337228448324,-0.43236802739847313,0.5304026889084609,,0.1569676903951439,,0.1305991114063915,,0.9016314420093802,,0.9341936111129959,,0.7357931083347601,
1756.4560354286978,398.69145454545463,0.9169102311134338,Unknown,3.276995798140097,3.338709607594073,3.3102885386171126,3.2979630411304264,-0.061713809453975976,-0.02096724299032937,0.040746566463646605,0.7324062601937067,,0.9115080392393522,,0.7895053160113474,,0.9628375680551132,,0.9667220674675763,,0.9773944757730338,
1757.107177021118,398.0063333333333,0.7057726979255676,Unknown,3.2972820990114595,3.2106445503612697,3.1453099763234627,3.4130490163140217,0.0866375486501898,-0.11576691730256217,-0.20240446595275197,0.6579116874012132,,0.5677501599115033,,0.31879123143771865,,0.9386242468363262,,0.9341936111129959,,0.8925286134176609,
1758.1035863024997,400.3035,0.8282601833343506,Unknown,3.2201493990270422,3.1235709378827203,3.491405972949684,3.33324239509005,0.09657846114432189,-0.1130929960630076,-0.2096714572073295,0.3875880389237575,,0.46394538026547194,,0.2886231539895933,,0.8662226401476409,,0.9341936111129959,,0.8740973647230489,
1761.1075326650632,399.8983999999999,0.8697014451026917,Unknown,3.322282162484789,3.3421143467640335,3.4470530086564843,3.3216854766033017,-0.01983218427924438,0.0005966858814874243,0.020428870160731805,0.9053651465254905,,0.996303916483029,,0.9039822562274318,,0.9954021650632178,,0.9852521345129869,,0.9994646497252948,
1761.997620699271,396.87359999999995,0.8098040223121643,Unknown,3.1798209996054854,3.0780726042828,3.210386218628981,3.4171021018367482,0.10174839532268543,-0.23728110223126286,-0.3390294975539483,0.3183582914825162,,0.020482089743939492,,0.02385174517807694,,0.8474231217981774,,0.8899859596062306,,0.44456914791582347,
1767.7816532466124,396.51433333333335,0.6966491341590881,Unknown,3.4496286653999064,2.9467571596981847,3.153276712448002,3.4278208569604245,0.5028715057017217,0.021807808439481935,-0.48106369726223974,0.14267337900442428,,0.9589596322250385,,0.20686386308726065,,0.7393027089682752,,0.9341936111129959,,0.9946799654543693,
1770.7705589348182,398.4067,0.7558097839355469,Unknown,3.1725878587569274,3.1055141643214426,3.1807423406363746,3.2563960622097645,0.06707369443548483,-0.08380820345283713,-0.15088189788832196,0.5984940979026614,,0.4739150275631098,,0.26689065004127027,,0.9142159978346233,,0.9341936111129959,,0.8740973647230489,
1772.5898491840278,400.7805454545454,0.8811318278312683,Unknown,3.1450703704448606,3.2077954105766877,3.206857899365736,3.2363610401312815,-0.06272504013182711,-0.09129066968642086,-0.02856562955459374,0.6140124018836255,,0.19563025696250702,,0.8298808503929394,,0.9191625517023703,,0.9670301754768821,,0.7511910425636675,
1775.6034798942746,399.067,0.8379018306732178,Unknown,3.773284442161932,3.7104939498137806,3.5807720188388332,3.7042354971491975,0.06279049234815126,0.06904894501273429,0.006258452664583025,0.9256649316517505,,0.8374015706024382,,0.9930366120787353,,0.9954021650632178,,0.9998607476510148,,0.9563914558871437,
1775.8778310888222,400.5369999999999,0.9439972639083862,Unknown,3.0925054338890856,3.842866767495798,3.73694468339976,3.4619654588822546,-0.7503613336067123,-0.369460024993169,0.3809013086135433,0.032804898327524916,,0.293632499204459,,0.2876813547507429,,0.5326275618217038,,0.9341936111129959,,0.8191269103859745,
1776.1819735428267,398.0025,0.8488765954971313,Unknown,3.5187850422446996,3.502662697058625,3.507645517217672,3.507250154075885,0.016122345186074583,0.01153488816881465,-0.004587457017259933,0.9067228786280561,,0.966593492186085,,0.9875805805069485,,0.9954021650632178,,0.9972960620048666,,0.9946799654543693,
1780.133963795786,398.2047272727272,0.8406149744987488,Unknown,3.2543719403449067,3.218597544348667,3.244949745876143,3.3731569293705106,0.03577439599623977,-0.11878498902560386,-0.15455938502184363,0.7516423214541729,,0.4751573284764616,,0.4321633444959904,,0.9650600665245981,,0.9341936111129959,,0.8740973647230489,
1780.6291290808474,401.02700000000004,0.9577621817588806,Unknown,4.88829155910966,4.098893206812966,4.08875741889695,4.90853338061271,0.7893983522966934,-0.020241821503049984,-0.8096401737997434,0.19092754935113226,,0.612449436032724,,0.18207680571656207,,0.796329883376522,,0.9341936111129959,,0.9038550209038823,
1781.60005528881,400.5367272727272,0.9646838307380676,Unknown,4.065086141283747,3.7832088610264294,4.064109406510787,3.763021298378457,0.28187728025731795,0.30206484290529056,0.020187562647972612,0.4451760820006707,,0.03970744056279479,,0.9564923776782983,,0.8890951892318769,,0.9933123029160053,,0.5678883008262753,
1783.9313811918573,400.16955555555546,0.7298360466957092,Unknown,3.0232879639926282,3.15935929141517,3.4512057669268663,3.3918657999166713,-0.1360713274225418,-0.36857783592404303,-0.23250650850150123,0.5991680562328014,,0.3958821594085036,,0.623099436322949,,0.9142159978346233,,0.9481944780819669,,0.862133777309593,
1784.475278102933,398.09099999999995,0.6128770709037781,Unknown,3.2092389056525605,2.9655046789075867,3.2093460770809417,3.172030938776007,0.2437342267449738,0.03720796687655348,-0.20652625986842033,0.3141716003300212,,0.8803774040154522,,0.24668196983202148,,0.8472520550068383,,0.9341936111129959,,0.9639810616993636,
1785.8266060982241,399.0265,0.5500777959823608,Unknown,3.0258973517113534,3.245129858481674,2.9761991261026903,3.1172775804382464,-0.2192325067703207,-0.091380228726893,0.1278522780434277,0.11358448016541983,,0.5884892121770332,,0.44151738765709586,,0.7277636160222334,,0.9341936111129959,,0.900196406163978,
1789.033953303866,400.2559,0.7218757271766663,Unknown,2.93203643048604,3.1553877682260336,3.2637426518986254,3.338865760832121,-0.22335133773999383,-0.40682933034608126,-0.18347799260608744,0.4377238585180432,,0.23284350539025062,,0.2895245594603593,,0.8890951892318769,,0.9341936111129959,,0.7916581861099324,
1789.4408603327818,398.67670000000004,0.8202367424964905,Unknown,3.1418920187819914,3.0024173435943227,3.2529681538490056,3.3332401697498906,0.13947467518766876,-0.19134815096789914,-0.3308228261555679,0.39197121686238034,,0.15072104432775615,,0.09240652386673837,,0.86820198711975,,0.9341936111129959,,0.7351711427863571,
1794.04931658615,399.55381818181814,0.891656756401062,Unknown,3.260340482115644,3.390836612345261,3.375085361176014,3.4040602623367007,-0.1304961302296168,-0.14371978022105658,-0.013223649991439768,0.5582238290899179,,0.4850925689091761,,0.9259078234493467,,0.9072925006558107,,0.9912886458735997,,0.8740973647230489,
1797.8088778638978,399.9241818181818,0.9383105635643005,Unknown,3.2501697756534207,3.2118039079435317,3.062563571184599,3.150707557363194,0.038365867709889034,0.09946221829022672,0.06109635058033769,0.7207012711755264,,0.3479223983898044,,0.43973416053150266,,0.9565953574142277,,0.9341936111129959,,0.836149167225847,
1798.1299709444334,398.8221111111111,0.5951342582702637,Unknown,3.063188015408675,3.0517998346725492,3.1219715606024625,3.1938987702344517,0.011388180736125797,-0.13071075482577665,-0.14209893556190245,0.945068493542705,,0.45002523862349625,,0.36870210272965787,,0.9954021650632178,,0.9341936111129959,,0.8735200432455408,
1799.6599985961357,398.4166666666667,0.709681510925293,Unknown,3.225995534249232,3.2713201628017483,3.1824787604214726,3.094962935755451,-0.04532462855251618,0.13103259849378102,0.1763572270462972,0.7576526438001433,,0.44694223181574616,,0.09744606270911386,,0.9679444992200359,,0.9341936111129959,,0.8735200432455408,
1800.783669103071,397.87620000000004,0.8202012777328491,Unknown,3.333623774416092,3.2584263986354287,3.275126565286606,3.2332044334348122,0.07519737578066321,0.10041934098127969,0.02522196520061648,0.7498426647619643,,0.3995121355464878,,0.9084377446250862,,0.9647804747258556,,0.9872576329935797,,0.8663596823821407,
1802.408861558181,401.11099999999993,0.8275073766708374,Unknown,3.3631615935358874,3.1589074905708134,3.3837929085101885,3.54860270468494,0.20425410296507396,-0.1854411111490526,-0.38969521411412655,0.0886361457270433,,0.12670579344825772,,0.007507831151192264,,0.7046230338559829,,0.5528981369199446,,0.702331575511579,
1802.7166435391935,399.5785714285715,0.5116615295410156,Unknown,3.205004155348457,3.213364542601734,3.6911032573744578,3.1796018608700245,-0.008360387253277146,0.025402294478432452,0.0337626817317096,0.972843799588283,,0.9152001090081232,,0.8087793820686905,,0.9954021650632178,,0.9670301754768821,,0.978019728456359,
1806.4851651951299,399.455,0.8626335859298706,Unknown,3.285932831653747,3.184249370733846,3.447931184765734,3.4679840499402883,0.10168346091990088,-0.18205121828654125,-0.28373467920644213,0.6788309994698623,,0.5785460724981931,,0.22473647034807662,,0.9435993578504407,,0.9341936111129959,,0.8969345767285403,
1808.4523054256074,400.56350000000003,0.8536234498023987,Unknown,3.962651221813092,3.890499028584499,4.010906488267762,4.01758078191542,0.07215219322859312,-0.05492956010232808,-0.1270817533309212,0.533527827470832,,0.583302583554965,,0.40209374658726904,,0.9039723748930613,,0.9341936111129959,,0.8970669921848281,
1810.8151178799787,396.4044444444445,0.6628868579864502,Unknown,3.318587709043429,2.9892814236384613,2.9887927249676056,3.2897811927716174,0.32930628540496754,0.02880651627181141,-0.3004997691331561,0.19965376956769584,,0.9296495722810467,,0.28717348493333056,,0.7967966888619453,,0.9341936111129959,,0.9845595367455153,
1814.5219120187294,397.4626666666667,0.7676833868026733,Unknown,3.184401696896907,3.113885544178706,3.04085532897819,3.2048663570233447,0.07051615271820122,-0.02046466012643755,-0.09098081284463877,0.641699105791889,,0.8496326534279458,,0.4816638006212954,,0.9298985478533239,,0.9343252415096033,,0.9563914558871437,
1815.4691539246376,400.0453636363636,0.9402970671653748,Unknown,3.620254201024571,3.526652087125523,3.4606408517070384,3.8958244386391123,0.09360211389904771,-0.27557023761454147,-0.3691723515135892,0.7836332951401734,,0.3385904350385154,,0.13921380311743098,,0.9719392763225705,,0.9341936111129959,,0.8309605221799807,
1816.8306078837977,399.42455555555557,0.6570290923118591,Unknown,3.343360360204114,3.3594658419441337,3.2804363713872102,3.5627044830101187,-0.016105481740019467,-0.21934412280600446,-0.203238641065985,0.9715461552860694,,0.6743060961194711,,0.7052244459461929,,0.9954021650632178,,0.9581389861520812,,0.9195697788067687,
1817.5864410309307,401.38009999999997,0.7842174768447876,Unknown,3.367805831741062,3.201837659342105,3.193267481116342,3.1430428564080817,0.16596817239895678,0.22476297533298029,0.058794802934023505,0.21262845125099494,,0.07691690228572647,,0.6836495300248964,,0.7975119100181354,,0.9550713624060544,,0.6553828616246611,
1818.489881059141,399.0897,0.8235089182853699,Unknown,3.1619508458628047,3.132196213501549,3.5415323300781547,3.2100580573743933,0.02975463236125586,-0.04810721151158859,-0.07786184387284445,0.8207445575929041,,0.65930817379293,,0.5813718002680228,,0.985084562140028,,0.9456878731807212,,0.9191977379046801,
1821.858232514815,399.4326363636364,0.9174126982688904,Unknown,3.652539109376169,3.1513982555330955,3.25309275591078,3.409131997961385,0.5011408538430735,0.243407111414784,-0.2577337424282895,0.254631158016479,,0.5397698874252775,,0.09370303231079458,,0.813523745154896,,0.9341936111129959,,0.8844087084608109,
1821.8600554885963,401.14890909090906,0.9663069844245911,Unknown,4.018317443418092,4.145531772029856,4.372546331416753,3.6798173048053147,-0.12721432861176396,0.3385001386127775,0.46571446722454146,0.7916689140537004,,0.5326870323388263,,0.36849596417947406,,0.9734175914005547,,0.9341936111129959,,0.8830852417684185,
1825.3028998032019,398.0778,0.6625842452049255,Unknown,3.1238845029337114,3.104076004533215,3.2336564319551933,3.165176202697514,0.019808498400496255,-0.04129169976380265,-0.0611001981642989,0.9250985939879797,,0.6362962404645498,,0.7635219398744553,,0.9954021650632178,,0.9647434629470387,,0.9143155734062032,
1825.7476502269435,399.00299999999993,0.7009980082511902,Unknown,3.169135116609983,3.1030897835301015,3.3968135904656185,3.034333537502493,0.06604533307988136,0.1348015791074899,0.06875624602760855,0.5609812654140761,,0.14557142173937607,,0.6088515553691403,,0.9072925006558107,,0.9456878731807212,,0.7304234106800088,
1831.0398686892847,398.5442,0.8288722634315491,Unknown,3.423205006151924,3.3644647260309335,3.268462453822851,3.839843465193154,0.05874028012099064,-0.41663845904122976,-0.4753787391622204,0.781173709563456,,0.1532654050510134,,0.09383992771871734,,0.9719392763225705,,0.9341936111129959,,0.7357931083347601,
1831.6867887489555,400.5349999999999,0.8877806663513184,Unknown,3.4166801829083977,3.2473087562989,3.143454081366005,3.2820247708705295,0.1693714266094979,0.13465541203786824,-0.03471601457162965,0.4848139952355261,,0.3747887994699911,,0.8749728002744563,,0.8969592270190967,,0.974808002265388,,0.8487157892223886,
1833.1414192151972,399.18836363636365,0.8013589382171631,Unknown,3.114521179483932,3.226030903328027,3.261998847887009,3.479327692499544,-0.11150972384409519,-0.36480651301561196,-0.25329678917151677,0.5297172737158311,,0.20648772353793549,,0.2973719014357672,,0.9016314420093802,,0.9341936111129959,,0.7607065471326157,
1833.7454503117758,398.0123,0.8162462115287781,Unknown,3.332303334971158,3.282359357216022,3.33019710714813,3.470874005866273,0.049943977755135815,-0.1385706708951151,-0.18851464865025092,0.7357072868707284,,0.23823765484790688,,0.16728607707000662,,0.9646675789076422,,0.9341936111129959,,0.7967438865447922,
1836.291703388205,400.29172727272726,0.9645720720291138,Unknown,3.9254499596851438,3.4076081369807354,3.8799726486513952,3.7234877456851634,0.5178418227044084,0.20196221399998038,-0.315879608704428,0.11242118723816043,,0.41652976600572167,,0.4023435456767772,,0.7277636160222334,,0.9341936111129959,,0.8686251632404102,
1842.1722372690012,399.67763636363634,0.9451336860656738,Unknown,3.2693538080691504,3.1539863629532765,3.292278803266546,3.300041104904745,0.11536744511587393,-0.03068729683559468,-0.14605474195146861,0.2695440802489352,,0.7896933720561132,,0.23541626134495233,,0.8183113333371448,,0.9341936111129959,,0.9484584234184341,
1842.7418193238664,400.37624999999997,0.6190652847290039,Unknown,3.2003815433105935,3.1216115694933344,3.4125897713927844,3.2309778369028073,0.07876997381725914,-0.03059629359221372,-0.10936626740947286,0.7157102826670183,,0.8878309833291604,,0.5169054446202747,,0.9541880945080187,,0.9375398401843495,,0.9675564764692844,
1843.7639646563416,399.5544545454546,0.9107168912887573,Unknown,3.0523664901885894,3.306245583305699,3.2894940764686953,3.1369769040183413,-0.25387909311710954,-0.08461041382975187,0.16926867928735767,0.13839207444826496,,0.6427576761635851,,0.35142828371078744,,0.7393027089682752,,0.9341936111129959,,0.917668691528113,
1844.7680242308238,398.851875,0.5666922926902771,Unknown,2.9281310457664573,3.0094750374370807,3.22938743525593,2.95929686516528,-0.08134399167062334,-0.03116581939882268,0.05017817227180066,0.7030123596096322,,0.8798101927296729,,0.789501125423242,,0.9486986161747785,,0.9667220674675763,,0.9639810616993636,
1845.5745815782288,398.5516999999999,0.7357826828956604,Unknown,3.234540290722442,3.4755946216942015,3.190206192982126,3.2205592984111084,-0.24105433097175943,0.013980992311333651,0.2550353232830931,0.5672214842701223,,0.905478887182815,,0.540372677346394,,0.9076204238375956,,0.9417182934407179,,0.9734606180244861,
1849.4487483431094,399.189,0.647666871547699,Unknown,3.6816705043363935,3.5000359071495466,3.5219513217840888,3.1711824876252996,0.18163459718684694,0.5104880167110939,0.32885341952424696,0.5610636691803034,,0.07968366851563341,,0.2541159627726751,,0.9072925006558107,,0.9341936111129959,,0.6594525298454849,
1850.8474733572307,400.033125,0.618578314781189,Unknown,3.1656253902701734,3.0194530892687683,3.224071517623517,3.3901941845808428,0.1461723010014051,-0.22456879431066934,-0.37074109531207444,0.31855068166931366,,0.42934611553750174,,0.2045638671016329,,0.8474231217981774,,0.9341936111129959,,0.8735200432455408,
1852.9440547305844,397.8343636363636,0.8741399049758911,Unknown,3.3611211572610435,3.590385028223593,3.5828031793011794,3.1765866102850446,-0.22926387096254963,0.18453454697599891,0.41379841793854855,0.5478250652015393,,0.5692928345413638,,0.20810337529078454,,0.9072925006558107,,0.9341936111129959,,0.8926857983454694,
1856.340349672047,394.295625,0.6567862629890442,Unknown,3.22755367842708,2.9558557284131397,3.3456246272007126,3.087392344876978,0.2716979500139405,0.14016133355010219,-0.1315366164638383,0.45277158488989716,,0.7380733902944911,,0.6341331684658252,,0.8890951892318769,,0.9497907325298682,,0.9346540342515478,
1856.6810321058956,398.649,0.6585327982902527,Unknown,3.0631954058873134,3.233670552289554,3.346109284497449,3.336757923663862,-0.1704751464022407,-0.2735625177765484,-0.10308737137430768,0.3774084100361371,,0.13930721074267635,,0.6303516660658949,,0.8662226401476409,,0.949441296879383,,0.7254911932139494,
1858.6623329984739,400.1700909090909,0.9376429915428162,Unknown,3.343836784064426,3.3725247522419113,3.4413844625253667,3.1972198600244,-0.028687968177485423,0.1466169240400257,0.1753048922175111,0.9380950947120195,,0.6826246446178068,,0.31168294151406034,,0.9954021650632178,,0.9341936111129959,,0.9195697788067687,
1858.9344918892248,398.44618181818186,0.9511553049087524,Unknown,3.5137617612909504,3.1826018976028556,3.5572070805049525,3.5213968286427892,0.3311598636880948,-0.007635067351838831,-0.33879493103993363,0.1604384290692487,,0.9145550696773441,,0.13896675103416548,,0.7722656567258852,,0.9341936111129959,,0.978019728456359,
1859.7431058635348,400.5723333333334,0.7056904435157776,Unknown,3.506810797344737,4.343847806650964,3.8839202077045116,3.4927644229600525,-0.8370370093062269,0.01404637438468459,0.8510833836909115,0.14904029460203658,,0.9569800803144369,,0.13625337549207558,,0.7569484913039395,,0.9341936111129959,,0.9946032891171215,
1861.1091275748017,399.55636363636364,0.9436452984809875,Unknown,4.729670310929617,3.1794523600350826,3.208614198411765,3.6712684333942462,1.5502179508945342,1.0584018775353705,-0.49181607335916366,3.4961076066152976e-05,,0.09792624202329296,,0.3785884936684818,,0.024029912949469143,,0.9341936111129959,,0.6706104302567856,
1863.696102686601,399.92472727272724,0.966781497001648,Unknown,3.573875741825654,3.6741440232038074,3.926986699320554,3.8883724697573734,-0.10026828137815347,-0.31449672793171946,-0.214228446553566,0.8284066209837695,,0.30822609479990215,,0.5923820881936932,,0.9867460358498636,,0.9456878731807212,,0.8251842306808576,
1867.6830007373003,398.95609999999994,0.8028134107589722,Unknown,3.2001201177749166,2.963199157323421,3.9185090521741626,3.6868821137108667,0.2369209604514957,-0.48676199593595015,-0.7236829563874458,0.06264021529718596,,0.4188389716272153,,0.2524908322512398,,0.6428522382860448,,0.9341936111129959,,0.8697340981825961,
1868.664865693728,401.3933636363636,0.8433524966239929,Unknown,3.0948842791341757,3.552837952854412,3.267249384343353,3.2290777352799878,-0.4579536737202363,-0.13419345614581202,0.3237602175744243,0.15147081814081356,,0.4086769505395538,,0.23743384530826683,,0.7652029819083129,,0.9341936111129959,,0.866747690923823,
1869.304437615389,398.55080000000004,0.8492706418037415,Unknown,3.1690595348692168,2.9919749516210357,3.0403543163845823,3.096199014526068,0.1770845832481811,0.07286052034314894,-0.10422406290503217,0.1619378849522245,,0.5929111260304389,,0.5276241256354374,,0.7722656567258852,,0.939387126377869,,0.9013476837791984,
1871.964306745915,399.089,0.6915297508239746,Unknown,3.264735698177845,3.095271417714482,3.18649856038086,3.131432968251984,0.16946428046336282,0.13330272992586067,-0.03616155053750214,0.4762283505045354,,0.51002665801598,,0.8396282449605265,,0.8969592270190967,,0.9697364093429147,,0.8791579978112207,
1875.4467142547862,399.6291,0.8415469527244568,Unknown,3.180670330479078,3.235016253481725,3.235392280220756,3.28331903058802,-0.054345923002646845,-0.10264870010894223,-0.04830277710629538,0.7446225153930104,,0.24882039787284344,,0.745333931179109,,0.9646675789076422,,0.962142235756001,,0.8038018962252578,
1875.4821280891265,400.1617,0.7367599010467529,Unknown,3.1761415322835123,3.1500039299788334,3.1832935849583484,3.273722787024361,0.026137602304678875,-0.09758125474084878,-0.12371885704552765,0.8948545688023093,,0.48266086255442764,,0.43862472734279684,,0.9954021650632178,,0.9341936111129959,,0.8740973647230489,
1877.7083532109896,398.82259999999997,0.8099715113639832,Unknown,3.231773597058773,3.2263506572751406,3.32889493986046,3.212288082214729,0.005422939783632508,0.01948551484404426,0.014062575060411753,0.9700495169246846,,0.85064109122067,,0.9311414701387197,,0.9954021650632178,,0.9921208594574054,,0.9563914558871437,
1881.3368529014388,398.82149999999996,0.8234424591064453,Unknown,3.330542559503621,3.1249531944374067,3.301226631234937,3.338542291071752,0.2055893650662144,-0.00799973156813083,-0.21358909663434522,0.10400137169546811,,0.9503756849692855,,0.19631999199736225,,0.7277636160222334,,0.9341936111129959,,0.9941310504479282,
1884.4006976294977,399.17725,0.6031518578529358,Unknown,3.043564054080218,3.203632061154822,3.1582103923680735,3.269122698477693,-0.1600680070746039,-0.22555864439747486,-0.06549063732287097,0.37526403123263813,,0.055942691973685815,,0.6577643756202676,,0.8662226401476409,,0.954391917600169,,0.6117935649074577,
1884.9617161291987,400.77890909090905,0.9450274705886841,Unknown,3.247811030332732,3.243894080157556,3.0090580282559105,3.1283234747954736,0.003916950175175682,0.11948755553725832,0.11557060536208263,0.9792620489817562,,0.3873672750884656,,0.5646953119777971,,0.9954021650632178,,0.9439759149311477,,0.8535031276542437,
1885.2105899096587,400.406125,0.5391825437545776,Unknown,3.051728005630906,3.0896687964383642,3.3804728803629214,2.9813041141110386,-0.03794079080745805,0.07042389151986761,0.10836468232732566,0.7731321557090014,,0.6227774396307499,,0.5679978683372636,,0.9702743565980914,,0.9439759149311477,,0.9085828744115507,
1885.2386612913615,398.45563636363636,0.9545083045959473,Unknown,3.348101698078196,3.3170750550253394,3.3276263059610676,3.1794747876160425,0.031026643052856517,0.1686269104621534,0.13760026740929687,0.8981755002155007,,0.2494826448031838,,0.5417024210411165,,0.9954021650632178,,0.9417182934407179,,0.8038018962252578,
1890.2698195814091,399.8019090909091,0.9530951976776123,Unknown,3.6388238485714175,3.575379171089503,3.8888526896187123,3.86462347179429,0.06344467748191462,-0.22579962322287273,-0.28924430070478735,0.8841893204185652,,0.46043037505168843,,0.391443737220397,,0.9954021650632178,,0.9341936111129959,,0.8740973647230489,
1890.6008948549404,400.53790909090907,0.8815104961395264,Unknown,3.2233808199233347,3.3424269695841473,3.1624588474258157,3.4089115191956556,-0.11904614966081262,-0.1855306992723209,-0.06648454961150829,0.30901417209946397,,0.10271259056617633,,0.34912874509629843,,0.8472520550068383,,0.9341936111129959,,0.6706104302567856,
1896.4456667245897,397.0703,0.8304539322853088,Unknown,3.3594105894341255,3.652411617373898,3.3133550111902084,3.435360776373088,-0.29300102793977256,-0.07595018693896227,0.2170508410008103,0.32460453195752925,,0.8493301273788358,,0.5521920724718419,,0.8500724613931757,,0.9439759149311477,,0.9563914558871437,
1898.0141692973496,399.4842,0.7410211563110352,Unknown,3.633164461760984,3.147885197327858,3.137485852340414,3.566900091484706,0.48527926443312586,0.06626437027627796,-0.4190148941568479,0.23598339279422892,,0.8693594631842976,,0.12270663750318397,,0.8016437494920924,,0.9341936111129959,,0.9623977718257107,
1898.3991656754554,398.653375,0.6225631237030029,Unknown,2.97941634191954,3.1967777277803173,3.14399064167403,3.050655550906147,-0.21736138586077747,-0.07123920898660696,0.1461221768741705,0.3864719929903141,,0.6826136443926456,,0.509012542122904,,0.8662226401476409,,0.9375398401843495,,0.9195697788067687,
1899.076936998947,397.32900000000006,0.7427688241004944,Unknown,3.2067025072317783,2.9728802018806704,3.0983586721289322,3.1722657050511622,0.23382230535110793,0.034436802180616066,-0.19938550317049186,0.12581587787877616,,0.7011362479654657,,0.13281621958222656,,0.7304273081055243,,0.9341936111129959,,0.9235989591949826,
1900.1989701176155,399.6791818181818,0.9558975696563721,Unknown,3.3737522979528776,3.264434770684705,3.4570634297256495,3.105445367881794,0.10931752726817257,0.26830693007108364,0.15898940280291107,0.6197598272319322,,0.2682591788820302,,0.13145736474852898,,0.9191625517023703,,0.9341936111129959,,0.8146545314502892,
1903.9755652043916,400.2912727272727,0.9741795063018799,Unknown,3.5643094915898015,3.9854208156838986,4.258908697339132,3.672970400216661,-0.42111132409409713,-0.10866090862685951,0.3124504154672376,0.42660969571964014,,0.8131583045216185,,0.5081667634315681,,0.8890951892318769,,0.9375398401843495,,0.9526888772293054,
1904.4926480456054,399.31163636363635,0.9023350477218628,Unknown,3.2079052839920954,3.1875488863949712,3.3163363956147216,4.141299453375981,0.020356397597124154,-0.9333941693838859,-0.95375056698101,0.896547217250069,,0.0024042628771301843,,0.0027633137284851055,,0.9954021650632178,,0.35612205675851794,,0.20269033696022837,
1908.3624387168097,400.80325,0.5510624051094055,Unknown,2.9010626340054917,3.0760133779603414,3.0100657416040155,2.9639881925194924,-0.17495074395484966,-0.06292555851400072,0.11202518544084894,0.3543888077354162,,0.7501172961764075,,0.6190716061788115,,0.8616961145239895,,0.9481944780819669,,0.9371914612395388,
1909.771641568214,398.55100000000004,0.756085216999054,Unknown,3.232189280729133,3.2278736795820944,3.2929511266256837,3.128622834048213,0.004315601147038439,0.10356644668091963,0.0992508455338812,0.98625993474319,,0.29462175436554067,,0.6920021915155259,,0.9954021650632178,,0.9575520026139989,,0.8191269103859745,
1910.3554142211333,399.7957272727272,0.9295754432678223,Unknown,3.2626261172855826,3.0351075598405632,3.2109096899403813,3.212229000638175,0.22751855744501936,0.050397116647407536,-0.17712144079761183,0.1469626951163142,,0.7450362486550632,,0.13386703744229872,,0.7500917755689107,,0.9341936111129959,,0.9356971188064506,
1913.6063941284035,398.7432222222222,0.7454756498336792,Unknown,3.436189150662374,3.3556521357546814,3.547968112160158,3.575288929121028,0.0805370149076925,-0.1390997784586543,-0.21963679336634678,0.6137098346639014,,0.26780659825441877,,0.09579600561844338,,0.9191625517023703,,0.9341936111129959,,0.8146545314502892,
1916.8585418764862,398.436375,0.6136210560798645,Unknown,3.0880409047251045,3.2147504218587106,3.3261103224878674,3.2991632849166828,-0.12670951713360612,-0.21112238019157825,-0.08441286305797213,0.49775256328852246,,0.09267463108643353,,0.581633649626879,,0.8969592270190967,,0.9456878731807212,,0.6594525298454849,
1917.7863584821287,400.04699999999997,0.9441519975662231,Unknown,3.434337135813029,3.552252920115474,3.8570466306619373,3.9594228145910164,-0.1179157843024452,-0.5250856787779874,-0.4071698944755422,0.7289288821726918,,0.07565457228829241,,0.16410904102217017,,0.9598029087101473,,0.9341936111129959,,0.6527185274412508,
1919.304311546703,398.601625,0.6212061047554016,Unknown,3.155074173891095,3.0310465956036423,3.3470082218755532,3.3421392367351026,0.12402757828745248,-0.1870650628440078,-0.3110926411314603,0.33504670814799575,,0.23237226398787778,,0.05162506685769594,,0.860651080547679,,0.9341936111129959,,0.7916581861099324,
1921.8073845453973,400.03055555555557,0.7269371747970581,Unknown,3.1859210403479863,3.194259682378141,3.28404625807857,3.374478421629385,-0.008338642030154553,-0.18855738128139876,-0.1802187392512442,0.9656684276345782,,0.31517253903894044,,0.21780401371474237,,0.9954021650632178,,0.9341936111129959,,0.8268266863845994,
1923.7433007076213,399.06736363636355,0.8909726738929749,Unknown,3.1601337610645834,3.2126207083619143,3.249111190387723,3.2886221126856463,-0.05248694729733083,-0.12848835162106287,-0.07600140432373204,0.6722747187211684,,0.09235059775517804,,0.5766092461421412,,0.9435993578504407,,0.9456878731807212,,0.6594525298454849,
1925.3885831702444,400.41372727272733,0.9199894666671753,Unknown,3.1988286535693518,3.1576394271377595,3.217532660351817,3.207959390354469,0.041189226431592285,-0.009130736785117222,-0.05031996321670951,0.8616034800733171,,0.8868117655083587,,0.8303091478467801,,0.9954021650632178,,0.9670301754768821,,0.9671855599414265,
1926.240958886891,399.95722222222213,0.7362934947013855,Unknown,3.2095037336951737,2.9944114098302266,3.0846229319553764,2.995347021811496,0.21509232386494714,0.2141567118836778,-0.0009356119812693464,0.3672545395115198,,0.17387164120365267,,0.9964820307176196,,0.8659389361669497,,0.9999676890838645,,0.7373372735493757,
1927.0684281929036,400.16870000000006,0.6657541990280151,Unknown,3.3135458298485645,3.3247025050373957,3.179387194977184,3.091362456073316,-0.011156675188831233,0.22218337377524833,0.23334004896407956,0.9764871501222058,,0.36069621788260475,,0.4751103674056184,,0.9954021650632178,,0.9343252415096033,,0.8457179855678237,
1928.0097710056102,399.2267,0.7721884846687317,Unknown,3.295235164338182,3.2166579397616553,3.4297187798182955,3.1936182312052765,0.07857722457652683,0.10161693313290554,0.023039708556378713,0.7889328532158572,,0.6862211387459389,,0.8811383719397657,,0.9723727097017917,,0.976306997818268,,0.9195697788067687,
1935.938618462181,399.35110000000003,0.7838519215583801,Unknown,3.3223136520378453,3.0596217138575423,3.213973031956611,3.1412998544287873,0.262691938180303,0.181013797609058,-0.081678140571245,0.32409960727347265,,0.43288711911953914,,0.551531130670909,,0.8500724613931757,,0.9439759149311477,,0.8735200432455408,
1936.193471689286,398.10477777777777,0.6466048359870911,Unknown,3.2020983534895553,3.5940608029283982,3.2922507862374086,3.381581311219101,-0.39196244943884295,-0.1794829577295456,0.21247949170929736,0.2499195746570383,,0.47700018290255575,,0.560720066287104,,0.8090018256559073,,0.9439759149311477,,0.8740973647230489,
1938.2904589020168,398.33209090909094,0.8935236930847168,Unknown,3.3645814103633023,3.354654075393548,3.763548179969761,3.73322691520683,0.009927334969754398,-0.36864550484352776,-0.37857283981328216,0.9696688808845018,,0.09076323449079912,,0.13402337554889895,,0.9954021650632178,,0.9341936111129959,,0.6594525298454849,
1938.3250390453302,396.9563333333333,0.6477195024490356,Unknown,3.3022023703694807,3.0944675080519617,3.496856097573626,3.2064982467940624,0.20773486231751903,0.09570412357541835,-0.11203073874210068,0.24931594624283018,,0.5207385958756777,,0.4517403735247572,,0.808653599543001,,0.9341936111129959,,0.8791579978112207,
1940.6129482909125,397.3445454545454,0.9383688569068909,Unknown,3.12748253449586,3.206914640748448,3.155279147726818,3.0517113163859615,-0.07943210625258779,0.07577121810989862,0.1552033243624864,0.2802554858420142,,0.3259672949299243,,0.1624655014148599,,0.8326899305565322,,0.9341936111129959,,0.8288527624284971,
1941.374815882889,397.0593,0.8302971720695496,Unknown,3.440387751054047,3.405343601334368,3.4788732333368806,3.3508816690936776,0.03504414971967895,0.08950608196036924,0.05446193224069029,0.8582715121023401,,0.6698173335734621,,0.7624811465392527,,0.9954021650632178,,0.9647434629470387,,0.9195697788067687,
1944.9294427980929,400.5369090909091,0.9515262842178345,Unknown,4.07836834327692,3.81732806538672,4.580928042433795,4.118659120382792,0.2610402778902001,-0.04029077710587181,-0.30133105499607193,0.7230590881266514,,0.9530559032236079,,0.659976205838658,,0.9585152349227432,,0.954391917600169,,0.9941310504479282,
1944.957491296073,400.032,0.8413366675376892,Unknown,3.9953801209435222,3.645058695217605,3.8843781115907,4.083177110865754,0.3503214257259173,-0.08779698992223173,-0.438118415648149,0.3643273837894428,,0.8333396397525296,,0.2293050096721092,,0.8659389361669497,,0.9341936111129959,,0.9563914558871437,
1948.893100462316,400.4379,0.8369245529174805,Unknown,3.4588857743092802,3.238830881942306,3.330541814207019,3.1615901267439432,0.2200548923669743,0.297295647565337,0.07724075519836271,0.6475722567807591,,0.4839316233446019,,0.7475033276824024,,0.9333630462145667,,0.962142235756001,,0.8740973647230489,
1951.7301813859324,397.17988888888885,0.677071750164032,Unknown,3.06284557211839,3.158454389108376,3.1870873381438383,3.2718470966403963,-0.09560881698998625,-0.2090015245220065,-0.11339270753202024,0.491019475988055,,0.042137201758690644,,0.36402457907012675,,0.8969592270190967,,0.9341936111129959,,0.5678883008262753,
1952.3535111528886,398.95410000000004,0.7552960515022278,Unknown,3.1887199268076167,3.073381129717349,3.0900246427085585,2.9863749351577575,0.11533879709026795,0.2023449916498592,0.08700619455959124,0.5816558493192019,,0.09933873739777165,,0.6417355754174731,,0.910896507211941,,0.9536533451648531,,0.6706104302567856,
1953.0942652772858,399.4327272727273,0.8599256873130798,Unknown,3.058297085789947,3.398368170603311,3.0869223076769994,3.171537804116223,-0.3400710848133639,-0.11324071832627602,0.22683036648708788,0.31258836668022266,,0.5815838699283615,,0.4057300909037974,,0.8472520550068383,,0.9341936111129959,,0.8969528345492007,
1954.4231189907296,399.66177777777784,0.589617133140564,Unknown,3.134568562530506,2.993154395014455,3.14972893930147,3.25147448357677,0.14141416751605096,-0.11690592104626418,-0.25832008856231514,0.3449828354340746,,0.47895948463663185,,0.17770955528007026,,0.8616961145239895,,0.9341936111129959,,0.8740973647230489,
1955.5077234003836,398.0874545454546,0.9345581531524658,Unknown,3.1162266485901817,3.082049030106885,3.078168086301165,3.1720412515255556,0.0341776184832967,-0.05581460293537388,-0.08999222141867058,0.7790208138174528,,0.6505234805924183,,0.40391393319418567,,0.9719392763225705,,0.9341936111129959,,0.9180456102303685,
1959.7956290439888,399.2264,0.8391330242156982,Unknown,3.0793066288986615,3.115449463056089,3.2913674880856005,3.1954928622233187,-0.03614283415742747,-0.11618623332465727,-0.0800433991672298,0.7974097903572355,,0.08147399677076422,,0.5653922567531928,,0.9762690413707179,,0.9439759149311477,,0.6594525298454849,
1962.1938934966925,399.62979999999993,0.8066243529319763,Unknown,3.0655956581347006,2.982253394742821,3.333107504054449,3.292966316741421,0.08334226339187945,-0.22737065860672034,-0.3107129219985998,0.4439862859120011,,0.023902257404148867,,0.02847151360110574,,0.8890951892318769,,0.8899859596062306,,0.4693948073081425,
1962.278585866497,399.122875,0.6461874842643738,Unknown,2.859992802780655,3.1930306274570994,3.1182457423517747,3.19785072092322,-0.3330378246764445,-0.33785791814256516,-0.004820093466120667,0.09419878141880214,,0.00411449461446295,,0.9765026545891948,,0.7150338109748187,,0.9953426349734461,,0.20269033696022837,
1965.335222578101,398.93690909090907,0.941523551940918,Unknown,2.9270085744477825,3.1586043174220095,3.2469696313787972,3.148199375527682,-0.23159574297422703,-0.2211908010798993,0.010404941894327724,0.4519788702885237,,0.45947671693094666,,0.9199613537899538,,0.8890951892318769,,0.9891073250224165,,0.8740973647230489,
1966.6601407549765,400.65863636363633,0.9284743666648865,Unknown,3.336658327365076,3.274915108121905,3.2000437349051056,3.2000994396032123,0.061743219243171055,0.13655888776186353,0.07481566851869248,0.5708933329026914,,0.34331060759891313,,0.5863081586631012,,0.9097233790149534,,0.9456878731807212,,0.8309605221799807,
1968.7420479152893,399.76390000000004,0.8343814611434937,Unknown,3.292817557773543,3.379339402157864,3.484329448535126,3.342322599058974,-0.08652184438432142,-0.04950504128543143,0.037016803098889994,0.7130152020571109,,0.8308029892767019,,0.8835793377871537,,0.953943122488273,,0.9769118469260648,,0.9563914558871437,
1972.4251307355742,400.2918181818182,0.96028071641922,Unknown,3.6550909714955053,3.577173470040884,3.398094271285168,3.479875851012743,0.07791750145462117,0.1752151204827621,0.09729761902814094,0.849075325145749,,0.46590942561540943,,0.8331279267617526,,0.9930761885709214,,0.9670301754768821,,0.8740973647230489,
1972.6824367155664,398.2828,0.7265571355819702,Unknown,3.27015471137674,3.0370095411678775,3.3586500264045354,3.4159543071456153,0.2331451702088625,-0.14579959576887536,-0.37894476597773785,0.19590818145755717,,0.5977571782571371,,0.18142849551058488,,0.7967966888619453,,0.9341936111129959,,0.9022414435568011,
1973.999846242136,400.0262,0.7582799792289734,Unknown,3.077431363794549,3.042795109596218,3.026557065367258,3.2759496253644342,0.03463625419833116,-0.19851826156988528,-0.23315451576821644,0.7667042077354166,,0.061631458816842066,,0.15509431101238458,,0.9693889862128761,,0.9341936111129959,,0.6240166054463303,
1974.884511523398,399.764,0.8034171462059021,Unknown,3.504152117758091,3.3524431708416427,3.4234805924144496,3.216192392803191,0.15170894691644854,0.2879597249549004,0.13625077803845187,0.6457441313911452,,0.3050135767508681,,0.5126631650133042,,0.9322370573860098,,0.9375398401843495,,0.8251842306808576,
1982.0563017307757,397.547,0.6001420021057129,Unknown,3.2900708078050793,3.3928565113542155,3.182416854321506,3.5527122192586966,-0.10278570354913619,-0.2626414114536173,-0.15985570790448111,0.7237570246623095,,0.3658430424266321,,0.5527654966961046,,0.9585152349227432,,0.9439759149311477,,0.8465678357701388,
1982.5414296087556,399.43454545454546,0.9333121180534363,Unknown,3.171029360878299,3.081507272277609,3.245033292146631,3.3515219607268887,0.08952208860069,-0.18049259984858956,-0.27001468844927956,0.25614621076749966,,0.305065367276953,,0.17612226172831044,,0.813523745154896,,0.9341936111129959,,0.8251842306808576,
1983.7350390024023,398.17777777777775,0.6737306714057922,Unknown,2.994469943549417,3.111620479130107,3.2225051123953374,3.3336248360608707,-0.11715053558069011,-0.3391548925114538,-0.2220043569307637,0.4823288469392563,,0.19972057997353454,,0.42310213451485545,,0.8969592270190967,,0.9341936111129959,,0.7584232705440667,
1986.0449855490372,398.70009090909093,0.9606130123138428,Unknown,3.7936610776672914,3.1556755921565642,4.117258964864428,3.519325623765399,0.6379854855107272,0.2743354539018923,-0.3636500316088349,0.14077283534515364,,0.5543764251984269,,0.2665879919817806,,0.7393027089682752,,0.9341936111129959,,0.8844087084608109,
1986.7183121047412,399.3596,0.8232046961784363,Unknown,2.962651590610504,3.792426735299792,3.308832255651824,3.539254134739565,-0.8297751446892878,-0.5766025441290608,0.25317260056022706,0.13172880674976908,,0.1884660558176882,,0.6378008679468989,,0.7334813121935246,,0.9536533451648531,,0.7459059637160711,
1988.1689675281875,400.0702222222223,0.6038485765457153,Unknown,3.2947887283982182,2.9920042961951583,2.9707295475227204,3.4226786120363912,0.30278443220305995,-0.127889883638173,-0.43067431584123295,0.08859948367824623,,0.6734171120076757,,0.19365229763943972,,0.7046230338559829,,0.9341936111129959,,0.9195697788067687,
1988.183852749249,400.65772727272724,0.9317614436149597,Unknown,3.1870854726940423,3.294473132573419,3.1682855922703514,3.222833563389203,-0.1073876598793766,-0.035748090695160606,0.07163956918421599,0.6790662964707106,,0.8208062466178649,,0.7568907114778545,,0.9435993578504407,,0.9628060746868204,,0.9563914558871437,
1992.147793963041,399.35979999999995,0.8245153427124023,Unknown,3.168565861289519,3.0316948262666608,3.4447700259772636,3.2785774524219984,0.13687103502285813,-0.11001159113247949,-0.24688262615533763,0.2833307677697882,,0.598139696092215,,0.2908581256115183,,0.8346846818898654,,0.9341936111129959,,0.9022414435568011,
1992.871409604727,400.554,0.6686908006668091,Unknown,3.133395512954459,3.1075118144678755,3.0890737934835046,2.9920233129331972,0.025883698486583562,0.14137220002126183,0.11548850153467827,0.885256139989927,,0.3956740405980014,,0.5391444990930863,,0.9954021650632178,,0.9417182934407179,,0.862133777309593,
1994.8986077068614,399.0788571428571,0.532069981098175,Unknown,3.2180157553070274,3.3220496357098988,3.1844003488860486,3.241045509045007,-0.10403388040287131,-0.023029753737979775,0.08100412666489154,0.6318433376447394,,0.8973171116325418,,0.6885648124867735,,0.9259850477778627,,0.9575520026139989,,0.9702505947489781,
