ID,IGF_1_1_1_Met_PB_06_12_20,IGF_1_2_1_Met_PB_06_12_20,IGF_1_3_1_Met_PB_06_12_20,QC1,QC2,Rapamycin_1_1_Met_PB_6_12_20,Rapamycin_2_1_Met_PB_6_12_20,Rapamycin_3_1_Met_PB_6_12_20,V__Control_1_1_Met_PB_6_12_20,V__Control_2_1_Met_PB_6_12_20,V__Control_3_1_Met_PB_6_12_20
FT0001,4.39179244931242,4.13626348859758,4.12236122436769,4.51361360606278,4.46395090670679,4.50208121761137,4.39764409330055,4.33205752598777,4.47573044860868,4.46581375823924,4.31224440372716
FT0002,5.89136639224077,5.36482883181422,6.25533677504096,6.00379562281313,6.04431939825648,6.30222762135899,5.39877178189986,6.25177636233492,6.5019443403638,5.63538861949878,6.01253921327115
FT0003,7.30708416572887,7.26720510531093,7.52208301900809,7.48440855064089,7.48965941668213,7.43320430937479,7.14087512106649,7.61405314663172,7.50721849547527,7.5531054318497,7.28433081973319
FT0004,4.63018086071382,4.52543434082138,4.58333503591704,4.6482653947008,4.61774911156953,4.72895566841823,4.61477742275825,4.17378804180139,4.65037990462423,4.66709678476036,4.60385751241227
FT0005,5.01117271786668,4.88744532919143,4.98378282602407,5.00087257247885,5.0290058246001,5.00571608347246,4.95627178476243,4.08675576042103,4.96103140730566,5.05737797495839,4.97441917141717
FT0006,4.84769345208624,4.74428684568258,4.94973310860734,4.97374254359521,4.99646786265604,4.94025167929225,4.72717218923117,5.12171277154764,4.98087583490474,5.02511340043669,4.88819245381926
FT0007,5.10363384325707,5.00803052464837,5.20416762636444,5.20723104874638,5.19981410712232,5.15911188724351,4.982780620908,5.36750533402651,5.19537798815576,5.29816437759981,5.17730432197963
FT0008,6.77265656280263,6.55128713639244,6.64921206151631,6.78312813391102,6.80355635684072,6.85267959308685,6.56100328155843,7.3549771886796,6.7220388522132,6.53560050243131,6.62945223246702
FT0009,4.65588705376711,4.53207291787577,4.58433597817205,4.79813424006956,4.72519765762642,4.75480177087778,4.55404804872973,5.37248983019185,4.73411825854733,4.63883789947546,4.63393552869227
FT0010,4.57094293485133,4.4706682405774,4.4926759297856,4.47717844714754,4.47023274585437,4.4338890032881,4.4049140980198,3.38140409485336,4.56797079428814,4.60761951092984,4.50058647411663
FT0011,4.53695914487451,4.49289152755003,4.63012317798664,4.36971788723191,4.37167379869389,4.02001726833494,3.9595966036997,4.15383755461585,4.00771004634028,4.13383408927444,3.97446123495077
FT0012,4.41400813858275,4.0101539826305,4.20773906564194,4.33978265469281,4.29696071383211,4.3995524653422,4.20101265337003,4.24693499535436,4.39419126139923,4.43895448997499,4.27922105246118
FT0013,4.34996512954228,4.20073868995803,4.38764044324322,4.34992297372531,4.31487943053186,4.52677492953936,4.4490287224829,4.47490165100527,4.43793148860874,4.33786023727475,4.48721577947275
FT0014,6.05547632838992,5.92686812031816,5.98695952483168,5.91698348196604,5.90583448177179,5.80151054076949,5.80031087111558,5.92503973477885,6.01864435760453,6.04107408366079,5.90137983910405
FT0015,6.14092972131103,6.00016904722568,6.13399182280766,6.164138127688,6.15085124096771,6.19437869531679,5.9411079490732,6.23837847111119,6.09922281616507,6.0401466064074,6.09454406959549
FT0016,7.01662303903219,6.93251090581878,6.99639257464803,7.00585025936958,7.03098799215876,7.04135176623354,7.04391404753401,6.20083071789327,6.93989300391653,7.06201659968789,7.00159574703911
FT0017,5.42616063934097,5.31525600945171,5.3727629238773,5.48638538438981,5.52327325957782,5.55084202809901,5.49174798640727,5.6938102848025,5.50556137278901,5.55783912924608,5.49235520212765
FT0018,6.1316766477972,6.00314743239445,6.12292270976386,6.16636878203004,6.15689243913208,6.1960235261471,5.94977879289856,6.22870009939595,6.09249558951895,6.05354885336573,6.1054848093155
FT0019,5.09342493885629,4.98969749864415,5.13887569545595,5.20693440626094,5.20787888550616,5.27902452021223,5.1825589129187,5.62185139572175,5.19299273922919,5.23910153639646,5.16508233739495
FT0020,4.11390032264028,4.28521632820576,4.16914660002574,4.33738029849487,4.22088171423076,4.22884520903821,3.98650877674514,,4.54915880568721,4.11181226027084,3.99208287225627
FT0021,4.68791465755888,4.58588267488691,4.67091592706274,4.66125061392759,4.65136317387835,4.71280794214671,4.63593085730859,3.7517343690245,4.61353522510863,4.72970236240027,4.65060643406395
FT0022,3.63404258092995,4.2374811416637,3.8904661403271,4.43904264124231,4.47751001860756,4.86518642003123,3.6260623762253,4.77397280916317,4.7270454794827,4.64366512700805,4.57163930440442
FT0023,4.28843120716141,4.10489401060936,4.22675064286801,4.29137596868243,4.24292176855002,4.35665412867534,4.35155471033587,4.16439589810742,4.23623837098939,4.32872505335879,4.15017966583959
FT0024,5.20367860637578,5.08488822588571,5.11107008843148,5.2676166563511,5.25206578680427,5.32927816431963,5.18904933735109,5.42972683278913,5.30076646219648,5.20275872661024,5.20658324125415
FT0025,4.31294499856468,4.1205504092587,4.3311444873172,4.34139172007078,4.28636348673057,4.40438585235503,4.1282480505482,4.44328684760431,4.25344471825531,4.13426220577245,4.09479688221511
FT0026,5.79588244365371,5.64548069545474,5.65197307138403,5.62447552607982,5.62260959310823,5.54791394727201,5.56332556215895,5.78605843422207,5.70948471304951,5.68025829528961,5.54721625396837
FT0027,5.98357122519584,5.89347031729908,5.90985032121313,5.61183371668004,5.59467821940019,5.37782608918386,5.23097305894356,3.45290596228363,5.648396233136,5.62632219907634,5.46675111000792
FT0028,4.85621306837198,4.85633407190172,4.95021683182723,4.73700236489473,4.73408444762436,4.13208377437689,4.18684769149156,4.40725154989261,4.41234548747792,4.41248087145259,4.37394479730962
FT0029,4.53100516279095,4.38383218405356,4.39943015039338,3.60609897343034,3.9598842318641,3.8141971638833,3.72705738076403,,3.84686951770903,3.83952760804319,3.67101033391731
FT0030,4.65725252267471,4.6026555107481,4.5502523157384,4.64621198906974,4.61495380114222,4.6857662831775,4.63077891165556,4.12792253915873,4.67203242779583,4.65019508671196,4.57666038285102
FT0031,6.50644306104022,6.42887326181149,6.51949786667532,6.5219178228152,6.53209312341558,6.55100241295565,6.50929881293044,5.72740772572596,6.45358775411428,6.70476159177529,6.49031608560011
FT0032,4.93522668075685,4.54917716975715,4.71144756312114,5.06819118446658,5.038241190581,5.04150239914057,4.888933930346,5.43743262569225,4.96800954216611,4.98465968885269,4.8546914948238
FT0033,4.38404377462382,4.32360999777694,4.4026134561389,4.52558184079961,4.49401658490911,4.64520782874683,4.46947112207688,5.02073989851364,4.39043594593197,4.72172224903588,4.3889307577112
FT0034,4.47212288256043,4.32977717481705,4.295284656479,4.55116708475537,4.54773027802008,4.53958832644782,4.4602816601714,4.37148597078729,4.54482871815812,4.50376307219752,4.41858630496309
FT0035,4.34615343452901,4.21958354419211,4.27657964660621,4.45086390748789,4.43737943890281,4.53898882475368,4.15462832606477,4.87859085599874,4.18038232204247,4.18803414701876,4.35538183344134
FT0036,4.09919692677877,4.23290346269107,4.29921812225084,4.6365139338803,4.51706775977178,4.5828294031533,3.55871284901776,5.34409413476256,4.62746757080125,3.97097562542351,4.04953247950775
FT0037,4.46499478905719,4.5217908395279,4.55444595617505,4.51863428894256,4.53620318559407,4.66720907803411,4.65895741466511,4.73077376525045,4.47358711423754,4.53755246328113,4.41663694025024
FT0038,5.90025287347072,5.76793130613096,5.80252617850508,5.78769469849976,5.79492595132273,5.81012470962466,5.77348949857351,5.9158843052846,5.80700228417941,5.81746539268837,5.71168621771109
FT0039,4.74755457070744,4.66178163716114,4.75012158742841,4.91106715346557,4.89937993658279,5.01570901309409,4.99916610774049,4.59177363490993,4.89919815111998,5.02828643340385,4.92040074326875
FT0040,4.71671443554821,4.58188765328749,4.67692131606947,4.67744401382503,4.6765344242642,4.82303681114227,4.82393083797824,4.7700462874081,4.61924792876274,4.6958353652087,4.60095431859106
FT0041,4.53574934869423,4.32248443657245,4.29311353504004,4.64002040584384,4.66494777932543,4.67661148092638,4.52832517741572,5.17654086892209,5.23026615033835,4.54587868646347,4.52206951617399
FT0042,4.64003892570456,4.50637994026537,4.56122653812492,4.65608373248704,4.70421622706694,4.70879989025246,4.76128126260263,5.10211084859558,4.75129782572083,4.77461921115756,4.66716182050418
FT0043,4.84492134525797,4.5026187938119,4.68629865751757,4.74029780853093,4.77666655290402,4.86286579410567,4.83268298332187,4.83097307958144,4.8387929552932,4.88579429322535,4.7488764239444
FT0044,6.39814723676718,6.21494839341382,6.29321319309227,6.44295327794201,6.44936115126356,6.50670024383867,6.27090430104466,6.99178917710878,6.38008000619329,6.31167778077775,6.3027865757972
FT0045,4.66138428007715,4.30816770450339,4.6053573231578,4.7126909422898,4.65086103366249,4.83181739815888,4.49329083391682,5.25000250962535,4.6869758083795,4.53061226386018,4.56219892470351
FT0046,4.91880349198685,4.69773807041048,4.72242106476947,4.71397022275457,4.74656401069069,4.8798547318776,4.84516047909546,4.55442400702932,4.82117524503319,4.85770528950519,4.7015229958755
FT0047,4.91143675800589,4.77051056014978,4.81317994589321,4.7700067448582,4.76867786531917,4.74714096398852,4.74889492345336,4.09381337457313,4.88774334368495,4.95713811281985,4.75342527696544
FT0048,5.12953733557988,5.01077539729832,5.16730993023766,5.23480032093666,5.23591401254423,5.33146439446024,5.25882871827564,5.45383367099215,5.2407152151346,5.34900140596167,5.26224479043813
FT0049,4.23519789115683,4.07199689228397,4.07657837271492,4.44911483434348,4.61855340524855,4.76473455258043,4.56971360131677,5.24651617321442,4.6561793282938,4.57558175645666,4.61431995321846
FT0050,5.19046494219987,5.13416092871593,5.17062423383015,5.11147556486366,5.0995914866514,5.1313115091058,5.10626285454808,5.18167644435524,5.06392652133832,5.09273040291006,4.96045964275217
FT0051,4.84872517303059,4.76340588158359,4.8327382853083,4.83418064286219,4.80511466437063,4.68643284066828,4.68528949424933,4.71474814401712,4.91275007076879,4.96375469172167,4.85593067468025
FT0052,5.83171720010695,5.69316107620322,5.72693347995497,5.65541681863832,5.65268649184288,5.69494530152835,5.66240617311225,5.74408329075252,5.6989486519725,5.68894960076044,5.58876847692536
FT0053,4.38031922026323,4.41549101943313,4.5366910112892,4.21990248815954,4.29896091501859,3.76808830202655,3.66961471662243,3.58723333652272,3.83165586665028,3.95786552151656,3.73020653713759
FT0054,4.43976798611762,4.34714967253708,4.37341590581354,4.31997717714611,4.31573937032291,4.33567481429675,4.27301564147315,4.83542432849127,4.34084531020431,4.3285400053424,4.226362683254
FT0055,4.96862054615297,5.01373238004426,4.96770665271716,5.27871650699932,5.40854031041025,5.57240555966582,5.64175240922995,6.76560758367975,5.43791206883927,5.43776758977532,5.59519772318177
FT0056,5.00725424882154,5.00774016642634,5.02554076965967,5.21129985918964,5.26483446612582,5.63435451453798,4.95895234360809,5.3244168674505,4.98780604805092,5.16785868726632,4.91686109329865
FT0057,6.11526372281705,6.01555646630921,6.08252352228286,6.19226419513246,6.19747136839021,6.24149981374002,6.18292200048953,6.3337073856029,6.19833487229879,6.26464429769811,6.17769420376199
FT0058,4.4794479781142,4.40168945291461,4.48150095597376,4.58122851685512,4.62229150236621,4.65310700303122,4.5567236785043,4.73560980166538,4.56142433187043,4.68015448289317,4.55355005718474
FT0059,4.18109022333326,3.67246475713499,3.57547632305094,4.29500154757965,4.38055226980288,4.36410952429656,3.48836564330929,4.70385764770434,3.91943233594922,3.86663490963508,4.09788082854491
FT0060,4.92450858550188,4.90792864377451,4.96334459415413,5.06557132930347,5.06573256446462,5.19320611707576,5.01502339167993,5.67265995518343,5.10586802170749,5.10234424829885,5.11912268541691
FT0061,4.64804882312056,4.67255785166481,4.64756420069858,4.79731637424049,4.79757198783923,4.91469237097265,4.69865077017287,4.12887456171035,4.84700397270308,4.80522698009839,4.7770061618566
FT0062,4.72817696247074,4.65226669335045,4.67690710290964,4.79808279616229,4.80768660950392,4.82353880266472,4.83374852310868,4.99753757558465,4.81073447060804,4.89608720204024,4.77721165045155
FT0063,5.79618823618274,5.66176765228087,5.73286107493017,5.75147007767333,5.754919824837,5.88698069905851,5.87587161062178,5.94640050185517,5.70060222647215,5.77624742546236,5.64953813892482
FT0064,5.9474599805357,5.80718996547643,5.86619469902506,5.84793635822911,5.84329910724012,5.80822764824291,5.81512542904005,5.9201879352736,5.85203078698025,5.88242510684035,5.73357249906889
FT0065,5.50201196254999,5.33869210637753,5.49634749412475,5.48130035749146,5.5595096251473,5.41800924004309,5.4164264396204,5.46407587800438,5.44075839745233,5.52985943370628,5.29644861955413
FT0066,4.7853086389056,4.43388901730356,4.65322130620609,4.75123817682558,4.91394125801777,4.97331929775498,4.74011490056588,6.0733595432991,4.75249866867632,5.05548897750219,5.01370134577025
FT0067,4.57394938300812,4.09955255228699,,5.06804741254201,5.05831176937654,5.24321399239979,5.13329679683366,5.11805878217096,5.17885338422476,5.11015188364075,5.10670795090659
FT0068,5.92949599086991,5.76656701016062,5.82999717257594,5.97812110942181,6.03135072507027,5.97445302559066,5.98715877766125,6.32705661540387,6.00678407142424,6.03322798834159,5.92958631322834
FT0069,5.72349490691299,5.67767076023477,5.78892596563405,5.21406160869919,5.17415471817545,,,,5.51447369973586,4.95757986448259,
FT0070,5.3220248622477,5.20377332755297,5.0733352565597,4.81873543025626,4.71875416951265,4.5819661445729,4.64046141084746,4.67097479953067,4.00520911119776,4.60084936558401,4.54069388446955
FT0071,5.63684353483548,5.61325116665431,5.77275692407644,5.45537366517544,5.48988182272411,5.29955864735681,5.04811351487846,5.87470528151469,5.34176891105608,5.29373123097092,5.2287377654544
FT0072,5.83651608682772,5.72554844014686,5.77957533246905,5.69781803284312,5.67767259538947,5.69797690172737,5.62024941819735,5.38992627892403,5.62584664099652,5.66405329347124,5.54128568380324
FT0073,4.91468272715765,4.74400447882702,4.82817097605006,4.80522769009928,4.79624776350587,4.76676816533743,4.76432792857618,4.95351827101139,4.94385929136283,4.88208437098688,4.78334399605032
FT0074,4.69331960079078,4.45981697498441,4.65388514129817,4.78988456600357,4.85564195743689,4.79008924056899,4.78495265422617,5.13093821317623,4.80490321385925,4.89284164113206,4.75785745365717
FT0075,4.82749104644119,4.46630133740899,4.73989574867496,4.80725416218516,5.01847428146445,4.9646113542879,4.81806469815098,6.14060523524032,4.83114392908815,5.14338706338501,5.07027301036881
FT0076,4.62972418891783,4.49358240794824,4.58654943165821,4.42993489435405,4.37973561135444,4.32167267756162,4.48362392544453,3.99761662304524,4.60082719292158,4.48115813272046,4.34900337932309
FT0077,4.67746246555562,4.58710618016852,4.62352315592334,4.46277136457972,4.50150642859942,4.55471085074353,4.44727657654301,3.65355905035131,4.49030037664576,4.47635917252555,4.25647381767407
FT0078,5.15948907936912,5.00826225817272,5.11209486746645,5.04541982323505,5.03289577992088,5.02458693094496,4.99365505458203,5.28860956073562,5.09922667989472,5.17916247028107,4.98612030549498
FT0079,4.83289373488695,4.6385169593073,4.68400116512804,4.44280387044905,4.65576394784466,4.56907398814058,4.826377037537,5.76456128733688,4.53600668840918,4.75246164928095,4.7034940626704
FT0080,4.52335007503803,4.37872346169586,4.4801828416822,4.27569594273903,4.46726959488201,4.18171165200827,4.25240010359856,4.15476553360664,4.28726094573231,4.20257228119824,4.21470168050636
FT0081,5.6156477448053,5.47114905281792,5.48764202489785,5.47049293881809,5.49762981525497,5.40278027123313,5.4118315265359,3.92842829908101,5.59667523204923,5.66840521986266,5.47738171478451
FT0082,3.95473920270433,3.87179137424014,3.7503734252974,4.11720221787776,4.16347027419566,3.99852104703863,4.04870921706101,3.34005541239073,3.96442446014278,3.99781675256975,3.90555790579267
FT0083,4.5556555407673,4.4999911875481,4.53968002302228,4.62375081075741,4.50271427984894,4.60806584618142,4.60106392782137,5.74724529009223,4.6176511714588,4.17185156747729,4.12370882767244
FT0084,4.61613189896275,4.95398930135331,4.52576440601337,4.93346115378684,4.79524477675935,4.93271222327856,4.86881104974476,4.37843138973727,4.80715630488226,4.71557663570947,4.61614253457192
FT0085,4.71399862134328,4.60162556010615,4.65561575459559,4.5616044366852,4.52915802811035,4.01572247420006,4.18097139746958,4.25977081021888,4.92426733664549,4.82288889720103,4.69059709764873
FT0086,4.89996789003437,4.94438440008551,5.01235597386594,5.07080974381883,5.14186493634011,5.12304891615974,4.95331925901394,5.73309481902575,5.04776828044369,5.16512824725217,5.03670031849743
FT0087,4.77206056340632,4.66523632905173,4.68171993907215,4.92880660105064,4.87990153034742,5.01486339677811,4.84064414754218,4.10880857089781,4.92206016413345,4.98857093216001,4.85014714808812
FT0088,4.25580109225645,4.46583572537747,4.31674392820922,4.49498559880264,4.31092941495518,4.48927368003863,4.51064072199388,5.2249700855949,4.37786461126082,4.31138769858812,4.40755302470998
FT0089,4.82773796231397,4.67223363810765,4.75966856086107,4.91557269410407,4.89503803720244,5.02463179952153,4.72518355104122,5.0926491279523,4.96690874903102,4.84905867382484,4.83313907476392
FT0090,3.90192452833793,3.77585627031953,3.79290854944038,4.17255146362696,4.06153438811163,4.03473771493263,4.1864436090764,4.0402230213569,4.4815642542774,4.4628080779357,4.36144151677388
FT0091,4.74829018276747,4.54645046793467,4.65069907829321,4.8793295731934,4.8701418427807,4.85853355681124,4.85114349841712,4.66833807565416,4.96443540509328,5.01234784869489,4.84658426622338
FT0092,7.13894047132782,7.04007416322505,7.13299098420728,7.21394825854988,7.19915124997288,7.19664406135724,7.19419340083524,7.64777513782895,7.1697655873256,7.25513844186224,7.11908473687901
FT0093,5.70977540068676,5.58314425152561,5.68307426413606,5.75004953325235,5.74912981764972,5.76416983306787,5.74653216216538,6.22420183537715,5.7192838738209,5.82097283695218,5.6785866878762
FT0094,5.20083563391663,5.13696384145195,5.23773144548931,5.11901707448079,5.14164832855895,5.14357488426603,5.14637850238111,,5.15330009982554,5.23648612104126,5.16731222155867
FT0095,4.90771802670411,4.81333111532734,4.89522968179463,4.98083611232789,4.98746751803201,5.01282821638819,4.99161131715559,5.5224848448856,4.93921020403215,5.04340470285683,4.92876351131405
FT0096,5.18826203608787,5.06879400669779,5.11570209144789,5.25913432781355,5.2847739560512,5.23931313743228,5.19643873428939,5.64759098181953,5.2515995599606,5.29195019812464,5.16044932014857
FT0097,4.85693983539046,4.66634701972371,4.97201159541626,5.03377732811937,4.9985644313882,4.91456093854703,4.87971535939129,5.94278627913518,4.73581416685957,5.28266967352623,5.08861837385749
FT0098,6.68276242805392,6.52292414154298,6.60066858831825,6.60263534643688,6.62229883308026,6.76495122561192,6.72509212095508,6.71709231742677,6.57906424314873,6.63667092558542,6.49491421617887
FT0099,6.65295376965649,6.51293884962405,6.56190711695608,6.53901005988206,6.53529915295359,6.50584528437621,6.52135928936714,6.52713970881783,6.54508256479905,6.56604391704105,6.44680340159787
FT0100,4.85360581806421,4.67158660044957,4.98662507372436,5.04372402408385,4.99029899924931,4.92691235349803,4.89471191397301,5.93973858605317,5.0168382660419,5.28130352015582,4.84042866555467
FT0101,5.41134104781519,5.28900334275007,5.30686228404819,5.2908633509454,5.27086087109411,5.22815727152197,5.25069176887365,5.28332774563614,5.34156532275351,5.34498895646722,5.2130503378863
FT0102,4.53963185545703,4.43242029195582,4.45860962310607,4.37380668208279,4.29109409106335,4.24549402920055,4.02830071913052,,4.27985115156001,4.25582866653009,4.12127142353976
FT0103,4.58440187499201,4.55379761105284,4.5342303093719,4.35999077902406,4.32953012042236,4.37791615454132,4.32320157843353,3.53558014500156,4.2266005334773,4.24148454032994,4.19271370651499
FT0104,4.55435781016852,4.41424863534142,4.47295456728634,4.44119682250563,4.41973193458331,4.41678369824516,4.46150899508585,4.53819715997566,4.48095176394085,4.52692319625018,4.32626196904152
FT0105,4.51277523311444,4.27101196951503,4.57294759372512,4.64645877036825,4.60312872792406,4.45569583402721,4.54437494303379,5.51944476317591,4.59284415161029,4.78258253528615,4.39874546891691
FT0106,4.17076337180138,4.12478932649478,4.27200564513945,4.40955126023001,4.38042625160547,4.4044526809582,4.28601952025465,4.81876719130898,4.6193345477839,4.45858254015757,4.44488151571258
FT0107,5.28871360186397,5.15669730150752,5.17529313209622,5.34096288923061,5.30937499831557,5.41505242339219,5.18910760914797,,5.32948907621983,5.34441260817245,5.27092280492695
FT0108,5.14705668180337,5.06624025230986,5.10727940044131,5.2399667688755,5.27631345901497,5.23802076875459,5.11067613046817,5.74373791646144,5.23478875994376,5.24589731904294,5.12941900419494
FT0109,4.28193583850346,4.19611396625283,4.20821713935337,4.21249409116058,4.35677772115831,4.41146579498505,4.35655249837933,2.87322491441586,4.32561734595519,4.43154374991181,4.35406755359248
FT0110,4.48863608645625,4.37290272247799,4.48702163317269,4.67332794714467,4.69892619944547,4.64899419390361,4.64086887173018,4.57568557826238,4.72702545644609,4.81949011643512,4.60688672300607
FT0111,3.37816948026059,3.36296834425442,3.51153064694083,3.95908067854612,3.7445684646143,3.27398569010172,3.00292478660611,3.27559551910265,4.14811645353504,3.76353196329673,2.52191438077236
FT0112,4.84615519451974,4.40988895536825,4.62748347763443,4.81603142819873,4.79987294294557,4.80351603657598,4.65003046907053,5.23629714466436,4.891118114683,4.81992778831388,4.71439678537579
FT0113,4.48800407267622,4.37884084914163,4.41383910036964,4.55667134890838,4.62136651553261,4.48077700077724,4.72469472535497,5.23468180121262,4.68778794991903,4.71802890670306,4.64588147976627
FT0114,4.65085953256793,4.49872906675255,4.60528411097425,4.72723117346947,4.75579253434775,4.81721973355905,4.6723712492034,5.30011422304548,4.76613116295459,4.79355690694205,4.70011890362635
FT0115,4.45182517292022,4.25497304922585,4.31819070471455,4.55536747619251,4.4666800764647,4.54013746331889,4.47648482408281,3.66548766106823,4.51492358988328,4.5084826997308,4.40933833090072
FT0116,4.70471515763636,4.61171322509438,4.7842396756178,4.73620535204313,4.70263003784132,4.65600292509243,4.70564839990763,4.89630211519709,4.67736442855076,4.89994722031172,4.73031334974384
FT0117,3.82328056155648,2.6327632401344,3.35971465312592,4.01735534446747,4.08108439406445,4.04675755418242,3.86020226232643,5.26426274166905,4.08507029216812,4.12046622580574,3.76740202989202
FT0118,6.24883037880313,6.14406899215296,5.8888928971795,6.12316419984714,6.13327410058608,6.08943285657586,6.1020218931543,6.11671633096554,6.20245109776103,6.23975081754338,5.8495678831717
FT0119,5.04475159425735,5.00107600605689,5.01760619266509,5.12905829461295,5.15935020973962,5.15056281129366,5.15906541789839,6.04271835697059,5.12175464258452,5.19987484651254,4.94758565639073
FT0120,5.04832402890557,4.90152930118672,4.9994636665151,5.15028422586271,5.13989548489229,5.18101804416324,4.98022707208714,5.1995993649397,5.13681206428695,5.16068741475948,5.08374387338456
FT0121,4.88757298407168,4.80219069047783,4.51918278629313,4.78179848266567,4.8020977547434,4.7512444309983,4.76606706349004,4.57809294305831,4.83691662037676,4.88281963853261,4.50190264641537
FT0122,3.64685558499998,3.15613537762221,3.26917674958703,3.86637132792439,4.04931585307738,3.88435616530933,3.84813634248996,5.18210989398682,4.03044968936221,4.05171280064301,3.74019012477805
FT0123,4.32979478936547,4.16488179204232,4.09451316318771,4.37696285021754,4.40676263752154,4.23363025385747,4.5232394278208,4.73828043135607,4.10533785231603,4.65848898244976,4.23718051402122
FT0124,5.1010589438267,5.01070404495193,4.75907447481094,5.01123327245781,5.01680026592262,4.97964052662816,4.99204266084192,4.87646324169711,5.06649229794403,5.10743169715197,4.71841327533078
FT0125,5.03386922165825,4.88095282053579,5.0203627150654,4.98282933413742,5.01323442527807,4.99438220514089,4.98205934375572,3.95967529261179,4.9458513668061,5.0557117266138,4.96653689169052
FT0126,4.78586917442909,4.569329474228,4.6584531958222,4.76892484381233,4.72233194270344,4.78020304145528,4.62424636471393,5.20703248164809,4.95763078259126,4.74287090391077,4.68842569882091
FT0127,4.66954839831506,4.34745554284698,4.49693594534569,4.85476695835074,4.69959462615996,4.79019840585446,4.54937459201484,5.12085938987519,4.70676518820809,4.73473891905847,4.6474847650472
FT0128,4.11470682531695,4.34300241413389,4.28900247443792,4.90974905189007,3.98467294426939,4.26358504910029,4.40677886176075,4.18077310948147,4.59277175306977,4.16359458975896,4.02375934437011
FT0129,4.33026841384876,4.34528125348251,4.39263700057627,5.10257018373962,4.27748626218465,4.34667118302755,4.42670907292039,5.40679493079866,4.72707066843444,4.42198230447007,4.39551341054275
FT0130,4.98777627226135,4.85691981398882,4.95078635935208,4.96942311085715,4.92258053449745,4.81698461383187,4.77512166735884,4.45722518721867,4.96699144155113,5.00636326543538,4.88441553480107
FT0131,4.40896127615331,4.45343449009822,4.55465971828116,4.27720368229521,4.28478682990508,3.81563454847425,3.73449722235947,3.49330349355991,3.91169162468122,4.09391915285278,3.90446736240079
FT0132,5.47645602275273,4.98074135213391,5.29753886031785,5.48982117700361,5.58311118640241,5.58440708674319,5.78192083176753,,5.57296248539927,5.72337030006766,5.43029418083905
FT0133,4.13723135754161,4.29725532466656,4.25680966633642,4.91706908282777,4.2476884535449,4.2133592690305,4.43668711367249,4.24381193675799,4.58592042399252,4.07989762115926,3.86462319325022
FT0134,4.163147683846,4.30868298451426,4.23965004213052,5.10372547815241,4.35339258858387,4.27913370367228,4.46304455602214,5.36481515268864,4.74032657203557,4.39698476506152,4.25471732611413
FT0135,5.43250804456994,5.28539935989473,5.33683162413011,5.1988693551249,5.18913162196272,5.1676394973259,5.10585311743267,4.31546424234583,5.13056781891552,5.19025289365062,5.05938532137496
FT0136,4.40156793326192,4.54993287453216,4.54037751150857,4.684177396954,4.51359158377269,4.64814397381254,4.58861124195014,5.70034102531833,4.67526459412312,4.65127531783051,4.67052281995883
FT0137,4.90174432503171,4.80316052142218,4.69929879435055,4.94695763319555,5.01587445243876,5.59111340604395,4.71491831796344,4.3816525474212,4.91722009670942,5.05776374590395,4.8026699640773
FT0138,5.22347971589809,5.07864338819082,5.12573960784392,5.1100370522121,5.05830275198178,4.35689766869149,4.66861192378024,4.22129797325854,5.36344097925021,5.28990252219442,5.11654045648429
FT0139,4.36939925860617,4.29362365653313,4.31287191903466,4.20975477570432,4.20868610996956,4.08480106954901,4.14054012832331,3.41890883324939,4.04242937918727,4.13734508057411,3.84349017721423
FT0140,3.96100076818521,3.84195522038932,3.90403216342081,4.07412336105287,4.12384006525074,4.06143285272593,4.11809220796847,2.44892068805608,3.93651180994293,4.26401147551126,4.07522070164028
FT0141,4.39896947756,4.28902006786964,4.39040943073912,4.5080239021433,4.53313701202548,4.4890848035563,4.42063436120287,4.53095033789434,4.45716337705184,4.5094795409925,4.39780411408888
FT0142,4.39041894338765,4.27765676246528,4.35854239024807,3.91772024743637,4.02810733275302,3.573865218132,3.6685848439999,3.57073419432188,3.8614855786635,3.86380096180663,3.67140987887321
FT0143,4.42543871835485,4.37836846329657,4.47322904260762,4.40392699778471,4.377655387338,4.32118755566132,4.35732880640972,5.07877349690707,4.3999855447128,4.52389420851509,4.34895198517388
FT0144,4.7475858125633,4.67239404911786,4.75646701851375,4.89245918882848,4.84216311858723,4.99399425651837,4.54763008848308,4.70584630957648,4.81643693637538,4.72364028533496,4.77503307907
FT0145,4.72170090472836,4.6126093153967,4.68211711210033,4.73946064795341,4.72273151325081,4.70010645025719,4.71022172251374,4.88382857463253,4.68427241286152,4.78443659208045,4.68544857572695
FT0146,4.6506415881311,4.50902378009166,4.49610824395365,4.52470768575367,4.65060122208829,4.8117225463154,4.8241371054271,4.50007691693988,4.5601321230723,4.55371118390474,4.46022271703677
FT0147,4.37755701343006,4.36181542943357,4.29472889141088,4.29553049481665,4.23625416764191,4.20623621340316,4.32824644271225,3.9425728052718,4.49725073759916,4.47803178281739,4.3699661114428
FT0148,5.08573454326421,5.02739859674111,5.1553780918526,5.21681621833475,5.22497540284358,5.17211519691208,4.95095544347185,5.50123643096062,5.11947605007865,5.14406072108857,5.12388177994063
FT0149,4.62448094236218,4.51225643502801,4.55366463783062,4.80440472398548,4.75767561852399,4.90702393584009,4.23504422783765,4.07205015207113,4.84817432090727,4.8814001779011,4.72848301112405
FT0150,4.16851822545072,3.56976971472673,3.73114434884306,3.67273753547774,3.95953052967263,4.09147529277205,3.42082246393638,3.29389384433475,4.04127037072164,2.92646506655862,3.67911663406471
FT0151,4.15264760354468,4.07155825615662,4.05594813433545,4.13255784507613,4.15619350577599,4.03423588937643,4.08310451536227,4.27541623725658,4.2005298130372,4.18787176510584,4.08550060654048
FT0152,5.74577781836834,5.59112336437948,5.65519519697945,5.55063397596244,5.56361017808828,5.49278585500121,5.49005713528466,5.45424722341282,5.5679281153294,5.62948228704277,5.48315747501023
FT0153,4.11928535179335,3.99923997027638,4.17315089097772,4.26280726527779,4.24159492867563,4.256192734372,3.68966863211024,4.31584620298482,4.18264590842678,3.8256520727193,4.09569246580842
FT0154,4.41074388599082,3.87720188239385,3.94843203088946,4.22982637316551,4.40622297537047,3.99448251202412,3.93519572952086,4.45368681396017,4.33171456114021,3.96434440879152,3.71874151158384
FT0155,4.94435324051214,4.88282841567754,4.86825306413789,4.82289825478057,4.83539028366998,4.68470787303922,4.79156151654288,3.83688814712217,5.0130629071858,5.00275787651622,4.9028025656528
FT0156,5.54483732759885,5.34261928798724,5.45749579236972,5.65601092163135,5.64077986848827,5.67080095318491,5.56569988665704,6.20733532009389,5.67649588253253,5.63608283668956,5.58465846456812
FT0157,4.90515453945701,4.81108436284538,4.97573299907401,4.80186624464744,4.82709817049446,4.68172493392194,4.70752672308866,4.05029984706449,4.8858287676361,5.12850186147464,4.94008875007151
FT0158,4.58737759905357,4.3649212434432,4.47967848641254,4.65295021292574,4.68505201840248,4.68259971645421,4.54608987443652,5.18658283659401,4.72114066177042,4.65240689844791,4.6070419131327
FT0159,,,,4.32879922968889,,,,5.03834680161885,4.12936892370517,,
FT0160,4.13030904530529,3.50547513940446,3.99480897575362,4.44693186737077,4.36561424884867,3.76018277910154,2.98173386489318,4.93307843236001,4.4610239044618,3.38865276151818,3.47406806568866
FT0161,5.20495656129559,4.9862799414429,4.74678794683474,5.06634476679699,5.1911112432957,4.87966353344387,4.95119918303338,5.89143147741484,5.15487271778355,4.97161736031312,4.93152254456367
FT0162,5.0662445939617,4.86092213244965,4.60796456586919,5.10992675399878,5.18342257821998,4.96275933635633,5.03350261661444,4.05501954607472,5.15336578204697,5.09425303977442,4.9629309609042
FT0163,4.26411615413547,4.13226379394392,4.19171053775208,4.35606607705796,4.35129437590692,4.34949247098424,4.27360562907461,4.26881099160954,4.33968732248174,4.35279762830282,4.21879706293723
FT0164,5.96485226954445,5.8634156349415,5.96613883668103,5.93875217591716,5.96815911647312,5.95229856469506,5.93695254898339,4.06939264706268,5.85848917238918,5.99851049326986,5.91307997777156
FT0165,4.37690090648308,4.28454574637276,4.34284144107553,4.29820261713654,4.3427621647519,4.20704169204707,4.31201542411709,3.92905574814948,4.54198239105319,4.59100728593236,4.46994653023659
FT0166,4.32670892076654,4.64479346240652,4.25440846114602,4.39979455848747,4.37878826188172,4.46934806734246,4.73844338775324,5.42682585694941,4.43527998720111,4.48469944884871,4.49237240502135
FT0167,4.2746316524827,4.66258558446639,4.17208636182213,4.3752348639178,4.30441533890345,4.50459349397453,4.65081975224147,5.35669632253856,4.32975359112506,4.50320536293236,4.46223258587308
FT0168,6.1124897896426,5.93827425015509,6.0307344437281,6.03932762926256,6.02047611713606,5.80699056553346,5.75032721595449,5.72052073778336,6.07926309190896,6.12592371671125,5.98074735648484
FT0169,5.29077067763601,5.29666510514378,5.41443204777974,5.13602348252232,5.14492249788671,4.88336000515132,4.76758471758515,4.36613809414985,4.71164996146505,4.8787370031326,4.72089126407723
FT0170,4.44756952682211,4.11663426769587,4.16809731527733,4.50425401477667,4.55133445618417,4.59190701501182,4.36132089295579,4.37122035215742,4.61690028743836,4.33848031555862,4.89810704697869
FT0171,4.85378467886327,4.72074123151315,4.76413417399467,4.79610743135115,4.82506176187702,4.58249159585429,4.57805611058514,4.52733489075818,4.84730816394971,4.91518950880939,4.75041428462764
FT0172,4.45536681708677,4.41138964410538,4.44179902268505,4.08586511173607,4.08462345798349,4.0535561136321,3.97069925718987,3.7094064492247,4.04758930128388,3.95879717737228,3.88919300644884
FT0173,3.71083282647053,3.55999469663506,3.5575368333328,3.57242687098187,3.70589777583689,3.74516082641878,3.9265634224,2.39833519676132,3.79929295415366,3.77465055002848,3.66519447218138
FT0174,5.12262919052267,4.99467114911782,5.08646210159213,4.5888365710477,4.56007908824846,4.42052848005172,3.90286603930534,,4.39551954933782,4.7110226217175,4.39747959594227
FT0175,4.2043657237945,3.73215548345721,3.9843723175062,3.88712586438573,3.65119814829846,3.3917203033394,3.91431480086832,3.36088169038412,3.99082019142429,3.37742692256876,4.09319251643857
FT0176,4.0081957189104,3.90388574240674,3.84796739299067,4.28376111751366,4.26208463216648,4.39474332078845,4.3431435064114,5.0404816237113,4.35590578095868,4.34951905592954,4.26066368013256
FT0177,4.69225317587757,4.57978778953807,4.68125279566816,4.83172546523991,4.80628734619845,4.84239438327916,4.75096068839942,5.38899714093389,4.87361151323443,4.77996471119569,4.79981364597406
FT0178,4.51451440367303,4.3086319366845,4.32562158835203,4.52792993304104,4.56666689424252,4.55753864239223,4.59134948395045,4.3762832310874,4.5514335425795,4.57454681304995,4.49829262145266
FT0179,4.27263576767401,4.57647630194361,4.20098842606934,4.9965274896425,4.99164237876642,5.02906723126069,4.56750908748712,5.61609471212151,5.02174605545562,5.03850599442149,4.92594259581685
FT0180,3.97675861000829,2.94995140389371,2.91133347535883,4.11202624173829,4.23452565456132,4.04140464723674,3.85431048833066,5.21976438964016,3.70642667511059,4.51895857525463,3.87085902391581
FT0181,4.59423421952131,4.56592382663035,4.64799247691405,4.23591204013864,4.22514399378639,3.84813994692535,3.98130875314124,3.59596302960262,4.10101240622475,4.29204111107219,4.03174206870849
FT0182,4.23356272960557,4.31575804341915,4.26438929304632,4.33985478314755,4.21392489838926,4.1757925533006,4.30582902051127,3.94105983270017,3.81789437819414,4.58666509182417,4.42198619274377
FT0183,5.20109330419699,5.09627217651705,5.07039333724248,4.45550236893014,4.62724327893252,,,,4.32728096868891,4.74863067879643,4.43826684809637
FT0184,4.01448490210317,4.05946253977913,4.18119870312327,4.28209094186974,4.21409185906175,4.3482132514561,4.3865252061208,,4.03085116384419,4.27362299950236,4.190510231418
FT0185,5.80417524904986,5.70657787032101,5.68423216574814,5.45616739169116,5.42168304583651,5.14507393559598,4.98631233394762,,5.43457540759927,5.52708731476335,5.25911131892983
FT0186,4.62259508192482,4.68562428504573,4.91207576938156,4.84360256529559,4.52402451579483,4.50793383086072,4.44727474436138,,4.79727969424668,4.57313239594823,4.58116338730453
FT0187,4.66509386725014,4.54231217737473,4.54465810391844,4.30231962229904,4.30614758645332,3.95923157485535,3.54276413683108,,3.9654300358039,4.38111680864373,4.14894228368613
FT0188,4.02448521616403,3.89123577713337,3.84293766591515,3.86025217733481,3.80892147681117,3.88153993515424,3.88748055332198,3.92261486499684,3.79984748441944,3.76548934249509,3.77013759500483
FT0189,4.29017936919393,1.71175117267461,1.93599915404708,1.86648625466956,2.06917152845377,,,,,,1.72857461721589
FT0190,4.19304464423239,4.05736731016921,4.11978946782929,4.03851428469785,3.92593381781475,3.97659932532984,3.82375704168071,3.98849815080591,4.04298037461898,3.99803666390509,3.94453363225874
FT0191,4.78400963989096,4.61465282286131,4.69197298684462,4.71620528008298,4.72335390680214,4.7597537629916,4.76913652100639,4.56611213564249,4.83006574117517,4.81737778136663,4.68439715169193
FT0192,4.29962131570157,3.96057151751714,4.29618662201558,4.4604588486354,4.33558536671987,4.20762619402777,4.03206042840348,4.71955949356121,4.47359944400564,4.16248034373908,4.0158370888829
FT0193,5.77326774144113,5.67025403685696,5.75435738683167,5.75141450685096,5.7602715768454,5.72389202356371,5.75221182232907,4.46975883367291,5.66819046069765,5.78819280164713,5.72834755928915
FT0194,5.34478053228065,5.26098134198556,5.1796120471246,5.22357995137257,5.17067765391171,4.95865409591288,5.080366892289,4.592936279003,5.35431960871935,5.35351442593427,5.11405063520164
FT0195,5.23264271992481,5.16089117426211,5.1602164239375,5.16390096725051,5.18275320929267,5.09894398497381,5.09941803814956,4.89053312221367,5.42944243676645,5.44048358552959,5.33407366637017
FT0196,4.32183123439704,4.15897959864243,4.22677724800656,4.15387098239333,3.97952987332467,4.06557436173353,4.18676342094894,3.14307390011387,3.93011744876676,4.06761510423087,3.93757229681435
FT0197,4.23341344205097,4.32686005218044,4.13218277145251,4.35911162496271,4.3229047796774,4.43307510713408,4.35417733757683,4.99936883371251,4.62220024731678,4.38820358353775,4.22603541579018
FT0198,4.1182479016367,4.35231218819173,4.10388707516498,4.22876800580469,4.23098446536871,4.08243859112703,4.54071591760444,5.21690664457485,4.21143867793086,4.27633518137496,4.26945056070646
FT0199,5.17275175663826,5.0747770104423,5.22701646363802,5.21246026828733,5.18137522197602,5.0692689423012,5.11629414738631,4.90577225698706,5.2005261675225,5.40844846436438,5.23073370754328
FT0200,4.55549570870476,4.49127068029495,4.46151627515775,4.28412234063945,4.33607205514508,4.4401684310775,4.42240641357413,3.63642056894169,4.3939461428719,4.47622769315405,4.17683216947327
FT0201,4.79788150732284,4.7059542420134,4.82193811728602,4.7491196976068,4.79476056240284,4.78947519522731,4.76263428510694,3.49733609343488,4.69831191759009,4.84435283554613,4.7771389136788
FT0202,5.00875195670274,4.85843456682284,4.93443551790315,5.0912860239232,5.0599270492327,5.10903568437035,4.94929549801165,5.32738118914738,5.05877883692412,4.98931921336693,4.99559074363605
FT0203,5.08730867504609,4.91657110176858,4.83500559652717,4.7270805993024,4.6922913913041,4.56461897877036,4.57421025130689,4.4551527198654,4.81629039320896,4.73332509172614,4.65221741870768
FT0204,4.98467141628667,4.84008786053646,4.8505386202692,4.99572557772438,5.04328770522936,5.00285575321925,5.07254203269614,5.98516297945841,5.0671602767558,5.13797765797502,4.96639261623514
FT0205,5.0055635837138,4.70371861543349,4.59381720059957,4.89604360518056,4.91639061088656,4.77514151676052,4.93977526350987,5.30449808906571,5.01420330792332,4.89941572455973,4.51016831339647
FT0206,5.11661404555908,5.03819934287187,5.24575172193875,5.16890790514614,5.14176446785225,5.21296664823217,5.2331017691802,3.96919897185511,4.92498585285211,5.24635565598355,5.09344252757015
FT0207,4.20985628532376,3.94784455925934,3.87584941704083,4.12298667124501,4.13977116496079,4.14668474305569,4.24848124382346,5.06160552519154,4.21305960286612,4.1208991540217,4.07747160111042
FT0208,4.69067758788614,4.44337070265235,4.8078601838312,4.85016150920295,4.75491692267275,4.54427049939842,4.73060887779398,5.51371046929012,4.88206019055481,4.92090437079489,4.6059737733481
FT0209,4.44589816315793,3.86735805679352,3.86814202064335,4.43627308166605,4.54241917182378,4.62681979751445,4.54292700457433,5.11172585027415,4.34439374897901,4.46856807660439,4.33009632710364
FT0210,3.86313469086155,3.84101650409785,3.95505515505768,4.66347019327233,4.56547912640731,4.84534926689039,4.59213842364545,,4.65524121165996,4.42617661276881,4.49820163838374
FT0211,4.16191016986688,4.19201097311752,4.22251921983805,4.22250855389788,4.19886711192259,4.24853753804223,4.39458184852372,3.88728253997827,4.16871830454138,4.40672024702993,4.2220014805895
FT0212,3.53344715825131,3.46159739065092,3.37532193619102,3.52442487585188,3.83214850029961,3.61775818195005,,3.86299777175296,4.26155935189814,3.87846798475844,4.12866048484717
FT0213,3.78401947256627,3.12862462009413,3.78663510326837,3.91011775481919,3.69432789362175,3.39894195254539,3.84472185813383,4.01509907634088,4.27158674992534,3.65527630519872,3.81848992737153
FT0214,3.79449419285844,3.29564898901712,3.29925520433172,3.37562637578692,3.91249138651558,3.66510703921466,2.50112704421723,4.23698012407048,3.32201461410343,4.29524525212776,2.26062757177666
FT0215,4.91570928200951,4.82783287581841,4.88897202364746,4.98861246501671,4.96966794271354,5.00135934527902,5.03413288656711,5.73710930325187,4.98922319028648,5.05145156355211,4.94279618082115
FT0216,4.53897595915699,4.44501343392568,4.54607410202252,4.67254379315584,4.65573481035813,4.73852517564029,4.54214053179083,5.39036843947852,4.74084793226095,4.53780920137636,4.68769927733065
FT0217,4.63124720477132,4.11373573946563,4.20578822795042,4.46256019459399,4.39782817381472,4.38186473376893,4.05997845116227,4.36634849953414,4.63468332244316,4.0108512790846,4.11233734548769
FT0218,5.62760736573479,5.46400763297314,5.52622328348936,5.54952184562752,5.54854537435096,5.59105980499392,5.60281233853396,5.28584304379873,5.64471309758683,5.66699602707215,5.53812864576077
FT0219,4.96894936165328,5.03427298095035,5.11810717450261,4.66653180015596,4.47863258737847,4.51990419886035,4.22493391269776,3.4479421040801,4.18185780017544,4.2838406294754,4.70402973626996
FT0220,4.84624245632593,4.77880483575657,4.82181662645164,4.40249888319096,4.407524692534,3.59095858670112,3.24889978658896,2.9189922026893,4.24659962302967,4.29515530446259,4.34446728002454
FT0221,4.68595899938791,4.50897700522784,4.676058101771,4.75703884545194,4.76157685971117,4.80447342538891,4.61206174053525,5.05820387424187,4.82151080421744,4.67342682840787,4.71408703342077
FT0222,5.43466306837713,5.33776333752793,5.40780859223058,5.42616794347491,5.43176406742239,5.3730531452028,5.37606980248467,5.40740474400343,5.49263054923594,5.5325869003625,5.39986446137084
FT0223,4.60728051973562,4.54099352700497,4.64898069319871,4.56918991795318,4.63529941551954,4.43025217650322,4.31666544796365,4.5321539119079,4.47324637128004,4.46182733874017,4.39831214539871
FT0224,4.01643131364295,3.80113486770867,4.10166877786773,4.36963452355313,4.35363148581271,4.26193801332067,4.37861595610396,4.2614285972003,4.6752377722454,4.67510115191483,4.58600917904218
FT0225,4.86931637934,4.74646435986759,4.74271258437818,4.88419854064617,4.93259576861365,4.93681123035202,5.02143737893672,5.85525265190237,4.84228602949087,5.02682908890409,4.84424563743785
FT0226,,3.06851373199648,4.38538974499657,,,4.75277127711555,,5.20488278374205,,4.90184474780726,
FT0227,4.49924041772824,4.39365547141001,4.4739778851101,4.40187930543544,4.42466407339565,4.26657611951415,4.36092762478204,4.30168586411105,4.48206891022758,4.53850954189449,4.30343573898114
FT0228,6.33158124029384,6.17195718953325,6.23175201078194,6.48963097202248,6.48863500219071,6.47237080532725,6.47150233772008,6.24915219028956,6.57584355950684,6.61784749530328,6.4849597382341
FT0229,5.29834188459562,4.87785149022169,4.82663024404603,5.1922601857792,5.16331359206889,5.0021901366377,5.09635104876488,5.38755861049915,5.32181842955869,5.047329995743,4.77384515032822
FT0230,5.20468289220581,5.06569264130483,5.02072271373547,4.76164305147899,4.80305917874484,3.67368244109197,3.41899727642668,2.29251414138738,4.33108559279226,4.41171816935353,4.29400236734802
FT0231,4.07104553464357,3.99170195470988,4.17095272280139,4.03846409896809,4.07904502646298,3.85872118347964,3.58219119048501,4.04288984137412,3.70288451065391,3.21310233831654,3.78537234932486
FT0232,5.41822702890249,5.34665506889545,5.49463755331025,5.36535946519049,5.3927736936801,5.3475188937807,5.38578502781228,4.45154449234196,5.35689219709079,5.53387179735467,5.41660831440508
FT0233,5.00057768650196,4.84499597539492,4.38345632108629,5.12315971817301,5.10541428979953,5.13802771333014,5.11517645978783,4.78731107414134,5.19685454272395,5.24666998655605,5.15745665859795
FT0234,3.91216118750643,3.7802608292423,3.92974835407876,4.15833201394403,4.11589016444392,3.89165712318076,4.36538953805887,4.117464381228,4.14861486693226,4.33384644957704,4.021119578012
FT0235,4.29808594590811,4.18155688166799,4.32033251715728,4.09022875241845,4.19193993843484,4.14269479999415,4.05480080262598,,4.13737512746932,4.39066175312859,4.08450288832137
FT0236,4.31944985462409,4.21581190467939,4.28294202789664,3.85161202176129,4.157746065476,3.31220307276675,3.72553117598777,3.88443297298476,4.41359525023892,4.27753482983664,4.06302090051556
FT0237,4.37152206558421,4.24869707304867,4.2607587103781,4.52504304703543,4.46719862183985,4.48013254810443,4.50744172902172,4.2696377762908,4.57306654273601,4.63305952735725,4.5152384468931
FT0238,3.3938530052757,2.94938114853029,3.18773555762242,3.49431988339701,3.6107124583304,3.48628920514777,3.59869667332595,4.59922062832928,3.93255454427013,4.03276896646105,3.79437554744615
FT0239,4.89286704674939,4.87345944418757,4.94064715557264,4.81482095820499,4.85375621145355,4.92585667898559,4.8768386780585,,4.69453274974775,4.87751280781281,4.889407921866
FT0240,5.86006907369644,5.67245711663,5.73066915524619,5.82338313018062,5.85298253100817,5.84943034788027,5.96501379727283,5.72292962017126,6.24081493234958,6.27335603764609,5.95976952503584
FT0241,3.99071571800917,3.9343714042807,3.91894597197303,4.13432465443909,4.33843939956192,4.37769321105095,4.30530039400922,,4.07098596959381,4.22972275562195,4.14378808513851
FT0242,3.75791518240592,3.71229058430935,3.81988835633385,3.49280695076468,3.67803403672588,,2.80467197959445,3.58669143755231,3.54164574932296,3.76134480710425,3.77412425844531
FT0243,4.74422608670872,4.58504706419198,4.65259792331805,4.65951257492884,4.79627903298659,4.91726162540304,4.91430485683119,4.53964562684744,5.25589017170522,5.27527806743944,5.00737606224584
FT0244,4.24403251820997,3.86635857532517,3.49671306552624,4.34867069132363,4.39866513988089,4.45163212053929,4.4769269378726,,4.25653114540676,4.30998717650391,4.2498620270466
FT0245,3.9695846991094,3.6214939031182,3.83094508724252,3.9951235522645,3.81999812821626,3.80118050161749,4.39561175229808,4.20799759142301,4.22831327446806,4.62366789153259,3.75879342071216
FT0246,3.69962079713682,3.56669602342647,3.54011706162058,3.81844845343984,3.92779601187876,3.99188283252947,4.0968750368827,,4.35565792605495,4.41858933465675,3.98653065767221
FT0247,4.22316225664393,4.12408451690166,4.18833233076428,4.22446844036219,4.23547885529166,4.2984019291408,4.06981346694484,5.04697085236584,4.30722806331287,4.20765883163517,4.21837917568148
FT0248,5.04375334209537,4.89586351120633,4.85522689591445,5.0240991767265,4.9645969971745,5.04291112332131,5.07495425965781,4.4457850465191,5.15030752101042,5.21704427949455,4.99810879848038
FT0249,6.64049827333014,6.53599507941559,6.63200670583976,6.68803407381347,6.70114086531315,6.71246717183376,6.6915143436965,7.07044267411748,6.66039079789206,6.75271653533449,6.60935551791872
FT0250,5.40916567761933,5.28467349625257,5.38501297676483,5.4443340066815,5.43588454563239,5.44900121303072,5.44421253229263,5.87740559086809,5.38921329676143,5.51334557581304,5.39425787281012
FT0251,4.72386837581694,4.62585662224534,4.68942307539677,4.75355077250759,4.76933166355441,4.79984554905421,4.79130475641832,5.1463205928426,4.76574121978536,4.81521178480124,4.69946204943483
FT0252,4.92306970016687,4.83900480100512,4.93314085437129,5.05288068433314,5.0856547130979,5.10852181227543,4.96718977931272,5.43785684553679,5.06800956725158,5.08120830971712,5.03081667555271
FT0253,4.73716569840124,4.52064331987314,4.61311620681332,4.84851647855726,4.78807820794555,4.85496247804342,4.36742235796713,4.55439094969034,4.79577842954843,4.6307697126563,4.58839325472819
FT0254,4.78237626842435,4.6788426069496,4.75032645705052,4.99878433939247,5.01045979149599,5.12056825347959,5.22804819719863,5.02823352809178,5.07422778943783,5.06361006046194,4.9256250645566
FT0255,3.46410068545476,3.10133916109196,3.5785215416012,3.91083240662363,3.54083021668003,3.78726072157338,4.34089473325699,4.61332384599764,4.19768276114467,4.78322911867149,3.60464342170283
FT0256,4.81968101140801,4.61977799573976,4.86335044426944,4.94321923250423,5.15876119398313,4.99556826380885,4.7766767794243,5.11498969565808,5.00155322719337,4.81953753243465,4.86689921315936
FT0257,4.80376627727308,4.6632948149073,4.67474292735489,4.66870382201387,4.52651472704987,4.40708293876207,4.44322689917511,4.25995081904025,4.7153186499141,4.66981568574465,4.64524792197255
FT0258,4.81902101024846,4.78413882278155,4.87394810405572,4.88640054535687,4.8917939700925,4.99205443678061,4.98952574459427,4.30366207021494,4.74597966916419,4.97341576896074,4.8386431339954
FT0259,5.26918699408812,5.07872547993263,5.07210300422356,5.26262186862397,5.29435612591421,5.24145782048805,5.50797704586684,6.4965501555257,5.4110629098298,5.5377508760751,5.31571602984217
FT0260,5.23318564042714,5.20042991761396,5.21700594273741,4.9926667567832,4.96862813607257,4.9762226042812,4.934455293381,,4.94958854888,4.99351572914589,4.9329178809829
FT0261,5.48607441433721,4.85746343606646,4.99115299025045,5.28434939290228,5.3108157288043,5.19391242115391,5.25160266593316,5.49310635194467,5.44166026351832,5.21921056822267,4.99798019385551
FT0262,4.86314237368961,4.54632857834452,4.51185929841176,4.6718266647036,4.83585045567926,4.89338766479854,5.06472270464393,5.97893338319927,4.75022873490149,4.87222704949635,4.78736727962171
FT0263,5.08369877226114,4.46197343668792,3.84476991531145,4.94273936809887,4.8651416613367,4.76537260965346,4.29318711524822,,5.06832073443334,4.10255894345389,4.55632178329033
FT0264,5.05245844519675,5.1106635228457,5.07809033409142,4.81074321048226,4.81355892556115,4.24117743919383,4.22136139422632,3.30564496276496,5.021899930694,4.98780457700392,4.88738316763329
FT0265,5.29314444072013,5.15474009885699,5.20977463312835,5.10067804981147,5.10491179496226,5.07422976272939,5.09041799618883,4.24549690517897,5.06937419049865,5.12064490604232,5.03999392600987
FT0266,3.34312208193555,3.78897216824456,3.80869222996318,4.43450936947535,4.78583382991823,3.78960305952104,4.0491322139743,5.10476728990139,4.07849250636995,4.36283433908243,3.73380305076391
FT0267,3.83922321084106,3.62505432987726,3.7589896090572,3.82658145786116,3.74171242495297,3.84242634629057,3.76195795823263,4.90728915478283,3.76441511009446,3.83248007959059,3.6772304336729
FT0268,4.19511923512635,4.104344916118,4.10757430507679,3.79280987525596,3.87891388193199,3.8206159034779,3.80092293923014,,3.62580488556365,3.78641391398281,3.90377916743377
FT0269,4.35203792545338,4.20436574894844,4.2177024440775,4.16906807478789,4.19763468959296,3.9416766271559,3.96401909731941,3.34865798183645,4.41154954809199,4.45887499678995,4.27836638044362
FT0270,4.22282881189303,4.06970123898462,4.20274303398567,4.22844606891047,4.1682429327506,4.21129401455199,4.27871165448478,4.13026323321873,4.29279813415177,4.30902617930484,4.16376260615637
FT0271,4.03154233683803,3.61464279608163,3.98159368568816,4.06702685431395,3.9429935004158,3.84416482887029,3.69891074723126,3.76160228295315,4.10535864675046,4.0735380170761,3.92414600774219
FT0272,5.21828014429783,5.36122992501808,4.8989949037421,5.35774549898509,5.36513502835193,5.38435696098014,5.82425480929261,6.21459602005212,5.15701955008118,5.90541015006541,5.43726058144624
FT0273,5.13120389970203,4.95582604511497,5.24553370888857,5.24909361238939,5.33565367252607,5.15404004530689,5.13283043710312,5.48272251347965,5.39658762808669,5.15324518551795,5.56915525814054
FT0274,4.23115830092068,4.25535411629119,4.31547886000541,4.33905363313258,4.2010148729681,4.37897725916301,4.32072525232655,5.0160587771106,4.43803754102593,4.21362117625982,4.40405192860117
FT0275,4.52533555168452,4.34895821059811,4.4237638465184,4.59168210859077,4.57545307287084,4.56725134148185,4.61818166616006,4.41149512635752,4.50485890963288,4.60606182440852,4.44714699765308
FT0276,4.5256458338907,4.47054679200808,4.3085732661623,4.36455360886713,4.38991953220476,4.33488143223886,4.77150314184041,4.67350539683529,4.57824200964876,4.78651416756653,4.41837176603822
FT0277,5.20896854556721,5.06333811831678,5.12998122770336,5.12995769997049,5.11480192970484,4.89598676255772,4.78952900597025,4.51573388380852,5.17448414762833,5.21929529595485,5.11249103411307
FT0278,4.81067722384466,4.70548348330393,4.81802986778034,4.6895655302097,4.6846534671427,4.722319429338,4.78912922562012,4.72501039804495,4.81467765092555,4.83106130247792,4.74780573835615
FT0279,4.35805231919767,4.3407248474961,4.23233639825586,4.15146731864358,4.22850462349971,3.93172895046345,4.05214990772985,3.58004131353571,4.44148194087568,4.49686580950556,4.32070141205348
FT0280,5.02834480454378,4.92083733208905,4.82079476848027,4.74376024910211,4.72434933245781,4.59255503796437,4.56504882624786,4.52232866424574,4.94306938028383,4.74058821181985,4.67994124701129
FT0281,5.07558602391014,4.97002214918361,5.00694071014061,5.69276617726336,5.66081891023257,5.79343745739488,5.75201578314525,5.67072956995871,5.62480184681662,5.76814669541731,5.58807261249969
FT0282,6.07012966994973,5.41636411197542,5.58580829953881,5.81530595598138,5.83592396777237,5.77856569307882,5.67437265028811,6.04044152765363,5.95408763281244,5.70632193724979,5.48590063569936
FT0283,5.6093563703666,4.98223104318689,4.97604917294269,5.33658877896567,5.316876610872,5.26277285928739,5.44916605071132,,5.47190216969717,5.42531442668851,4.99258143889892
FT0284,4.55038844226812,4.39825177073485,4.10698970167633,4.42275562470286,4.38682163106715,4.28545811108007,4.69687532262058,5.64407457624739,4.23413738588763,4.64035458765455,4.05006474465706
FT0285,3.58795085875659,,,,,3.55699366676188,4.47545886314177,,,4.40370065413842,
FT0286,5.13997476095422,4.18305320197593,4.50003383875483,4.73618915688893,4.64130092626656,4.6382754265743,4.08148305121169,5.20759173822683,4.96427056425909,4.35762450917573,4.21173578694792
FT0287,4.07240484667241,3.80099169147575,3.95439070736269,4.14078563074263,4.02677719954144,3.97652352782029,3.99337904905427,4.08982511918218,4.02396748093072,3.98874426158208,3.70161361389992
FT0288,5.27094927198024,5.21593865969912,5.16873470223385,5.14443665917117,5.12590076957932,4.62158645073105,4.79538278588335,5.02230767291082,5.5065859371153,5.33567028933807,5.26007187324464
FT0289,4.36213997311412,4.34771361467981,4.18620372760289,4.06526364469842,4.12293323123625,4.11447101099284,4.11170053058157,3.41415753975585,4.08682784701318,4.10868333661272,3.96455248040526
FT0290,4.11086139725132,4.09402218961634,4.00862766547623,4.07674196228935,4.00985735330456,3.63919698200045,3.68529245822315,4.00218726610367,4.34665621444374,4.25736913661146,4.14002358338842
FT0291,3.52879032513807,3.58020188391282,3.59682015633124,4.00738190872177,3.99081752539967,4.22812633234401,4.20505954290671,3.47287560278062,4.14229278381575,4.1594691885339,4.03590499937597
FT0292,4.1890009795895,4.21767205386168,4.14957263070274,3.92210944861986,3.92276012566601,3.88351566807803,3.47245337792975,2.41963748493432,3.42533721997158,3.63235862005413,3.86778318816619
FT0293,4.36463870085067,4.00710228613482,4.05623138782783,4.3877347962199,4.3137994806071,4.39983205018208,4.40862296384322,,4.38754283251987,4.39494941990336,4.29929462212959
FT0294,4.34357766005194,4.16378405186265,4.42184326370085,4.51951137009895,4.51137094986469,4.51268680312783,4.60490020901659,5.63525937114931,4.43633995116597,4.12189606905502,4.28353011984856
FT0295,4.38642097643697,4.29015560133187,4.33071695330331,4.50695687736854,4.47554457757032,4.51024827245221,4.48961683075776,4.99789351645467,4.41746936919527,4.47351223707078,4.42523384886538
FT0296,5.06010099681932,4.97149766075639,5.03440595217819,4.91532972959089,4.9270561299674,4.86228108053225,4.92123554681522,4.60708661133015,4.90967194583542,4.96846396091615,4.87807343668826
FT0297,4.65435681851766,4.54966338379793,4.62450084891755,4.77059722047553,4.77415074701191,4.82795243187944,4.60078750996641,5.44406660073204,4.82264117706882,4.73212256030474,4.78266843374563
FT0298,3.72492776376087,3.59080572123918,3.57811657062997,3.7689580261657,3.79630315101069,3.78175018986881,4.01144525199428,4.35617952437259,3.81737826071574,3.9338928154781,3.77326572564955
FT0299,3.48833451798028,3.43919569864318,3.54691948728238,3.52254809679938,2.79784244985788,3.56553782465632,3.40186485137619,,3.78864874051927,1.99284393672815,3.79815528175684
FT0300,2.3519020223291,1.83078637568697,1.83780580507982,2.6362065473586,3.58069410972779,3.77714155324509,3.80777767302397,2.32100103881631,3.83166505216431,3.96556501573692,3.65949404254615
FT0301,4.01380134486061,3.90174392524462,3.91223819925974,4.14202458210694,4.11140062761816,4.11884832167194,4.16594670432778,4.20819272876564,4.00047639978222,4.10648232618673,4.07266836873736
FT0302,5.58825786019275,5.32806416410378,5.27022002614924,5.42964471675518,5.43422791786024,5.37754408198579,5.41754664471184,5.339221521933,5.5212564344372,5.49096042708433,5.19905753022745
FT0303,6.0483017344354,5.94995320454951,5.98468141800862,6.15234267024617,6.20112789658694,6.19363425654319,6.14341363462325,7.44892615730839,6.19536347473672,6.23600784326745,6.13583886264856
FT0304,4.96963817256148,4.89414793491924,4.92954291186073,4.81281806855917,4.81237312333828,4.49257178304545,4.54408144509904,5.04161632149728,5.03984191134527,5.07867161763242,4.99239884539572
FT0305,5.24285953235621,5.16211760237282,5.17247843052326,5.36541295970224,5.40599982923421,5.38567976649188,5.33790993431848,6.46003806609994,5.35170411882154,5.45106417427901,5.25678919433211
FT0306,4.61928158532887,4.01370678820838,4.11912315972097,4.42052829974274,4.46448539231334,4.42358403199589,4.38419336428487,4.92903854676172,4.51015392950741,4.28047989431101,4.12554479492831
FT0307,4.77333292400025,4.48698942296034,4.44348484488235,4.61422266325148,4.61956297582007,4.60421610639844,4.56796198891192,4.16209863394514,4.72966744862452,4.69345623915094,4.08343275217534
FT0308,4.65841394439223,4.57405094373545,4.45670106114736,4.72738768780061,4.73553818320093,4.77596227820442,4.36353907871691,5.60892125584884,4.78232954436453,4.68184340792117,4.74602363468714
FT0309,5.06347727728553,4.92384123125533,5.0304816172828,5.12612914581825,5.13577568359948,5.19892072788354,4.90145301262269,5.62350116307119,5.11772736379653,5.01610105735563,5.07448393846827
FT0310,5.33705281053055,5.17666097466004,5.19599013631842,4.98914862501977,5.0128584175243,4.82002952878796,4.82000994654645,3.89388632038804,5.09283529188655,5.07798023979168,5.00521583464271
FT0311,3.41566457190978,3.70103686451933,3.64921928669191,3.25634181517562,4.12639104968102,4.02709184723406,4.18332212269857,3.19266869826122,4.22744577106488,,4.00455582412134
FT0312,4.16406853782198,4.02424410319806,4.05167604181184,4.01250970731625,3.99194135678901,4.04351634228567,4.0122718167046,3.80044572124444,4.11384318700947,4.08373856637898,3.98495918539603
FT0313,5.29820184424738,5.26273534675289,5.28872820206722,5.09169476556759,5.12237105622143,5.004842723624,5.02868551538895,4.40210144202969,5.22420873433597,5.24567031808949,5.15794314634943
FT0314,3.17165750076539,2.60912430144696,3.07019765337095,2.79456857498014,3.55851467605608,3.15198137709838,3.66250396002337,2.53216582822511,3.05703306907535,3.2605209443506,3.10319675316709
FT0315,4.13728462629444,3.8921982667637,3.99623631610824,4.20368534528577,4.03837765210158,4.18428193037965,4.23813400023897,4.90799450810369,4.12162774132505,4.29563293706985,3.89496597756839
FT0316,6.20310798407856,6.06837043034478,6.08630027317815,5.91137929329437,5.9331289600122,5.99009868568357,5.9672772454475,4.92586175774185,5.90063724333235,5.86218533561102,5.79984492312332
FT0317,5.09528096297965,4.99830946571972,4.99857965515707,4.83592264585086,4.88630616022252,4.94417561396477,4.91656646809859,3.63231920691836,4.83540828788031,4.82448759024882,4.75770412885363
FT0318,4.15318404811926,4.07884704617102,4.19908172663445,4.52708679230936,4.52642289107901,4.58608726788253,4.56807332746693,4.26390825236408,4.83876331668849,4.81446685038036,4.73302157226718
FT0319,4.64771204243436,4.15584478156051,4.36224826982058,4.43859196917463,4.42018541045089,4.23432314864141,3.92030328447688,4.10208575180242,4.66655346400817,4.09458757594941,4.32347534609958
FT0320,4.49831077452988,4.43058157339062,4.41487873545833,4.36958535576329,4.33748939347217,4.35546808495947,4.46576790217601,3.58462807512742,4.42584885506874,4.44212800766786,4.32151918388067
FT0321,4.53988743927412,4.507218885411,4.64185403569938,4.22505401730977,4.21327410632391,4.22856413943124,3.86173639729746,2.58193192487645,4.0026238745311,4.19650827861508,4.26879201802337
FT0322,4.26209887374225,4.2504942548395,4.22121878904717,4.01022115746962,4.12061123527213,3.57300854478012,3.64804461949625,2.69574885574069,4.33750099298945,4.30782571679805,4.30149472117914
FT0323,4.01188890681587,4.0900125636234,4.19422805820828,4.02747227685844,4.00986682105958,4.06665266991767,4.06914282124378,3.86939123486575,4.02747931968159,4.17612984469315,3.94845315731016
FT0324,4.10577373616352,4.04806508633216,4.03315891614205,4.21145393540708,4.19624560413596,4.20062255980109,4.22938772278495,5.1873615347003,4.21343956197091,4.3334675739563,4.0914489952259
FT0325,6.96370809882116,6.66799052775976,6.71610835748818,6.92701544558731,6.87516893410658,6.82731371888002,6.37274415263639,6.80241574210148,6.7240215172836,6.46463544026117,6.66599369309155
FT0326,3.90359584275122,3.87566615318581,3.85627276040084,3.86559240717246,3.84852383620764,3.75291265629378,3.76893343586135,3.86109157366993,3.81062108613487,3.90291981758449,3.74042266496395
FT0327,5.93262987738142,5.74521065511588,5.68108459865434,5.88503288607806,5.90176016695427,5.8047554235299,5.35904246407096,5.8371755957239,5.76576755386651,5.43005792648464,5.66747888301977
FT0328,5.57394926476704,5.40106896779858,5.33614695064403,5.52079517269347,5.49580336217255,5.51784314853178,4.92962717465253,5.43681154593928,5.47110474564274,5.04061661312894,5.38453843614027
FT0329,4.32173580258879,4.216362051934,4.21156545881048,4.12113619910725,4.07053840745898,3.8708618860174,4.04411267969356,3.17036224182214,4.24903038715359,4.28329139724166,4.14933076497973
FT0330,3.77904322651437,3.85085197884711,3.74194118308731,3.576327129179,3.59786433844554,3.46432494160363,3.616593801434,2.53530199638429,3.8149837096557,3.85078423472707,3.75286168241755
FT0331,4.44591347947543,4.31201878584338,4.20607415361646,4.18711169777683,4.09887711476051,3.91795865092952,4.04173751032498,3.51840523702515,4.38733762360137,4.33947834789763,4.20286257660433
FT0332,4.26084745167784,4.08012974589463,4.43857638316682,3.72296089753329,3.4365149585439,1.94370393382252,,,2.99716179956113,3.07246006625904,2.55728450706431
FT0333,4.43562689366505,3.76134871517403,3.86115771854327,4.17741773750712,4.16942896080658,4.10697089921051,3.88911720108613,4.04755546104408,4.3291107608393,4.03046523630966,3.87425370223485
FT0334,3.91699074747781,4.08864266709284,3.89682344055867,4.20341475257571,4.24727662698188,4.35491938923755,4.35455015099834,3.8275688597065,4.14907591667221,4.29244647328413,4.39758965080671
FT0335,4.66795506863481,3.99323756057077,3.84072189133151,3.40474993795713,3.72404514444801,3.29851255846225,3.34217573968865,2.87130200777763,3.137579375914,3.02560460492431,3.10445200347418
FT0336,4.25792763708977,4.60181871492259,4.53732873491099,4.39354920161769,4.37345982951535,4.51424344128995,4.49325407289287,3.8448363351013,4.32320238788172,4.49914240725084,4.41675064526368
FT0337,4.2860605668817,4.69438611959585,4.71583417687726,4.50984022888506,4.45362125166967,4.30197278953428,4.51825409839763,3.56243893710785,3.76596053750097,4.09192546574796,4.10623486725311
FT0338,4.4908869769165,4.04144444055989,4.49378434210212,4.55964528853582,4.51031667993206,4.44240861873641,4.1927929850184,4.77670027517857,4.60246117648013,4.52526708609663,4.36245650618212
FT0339,4.04476829280003,4.05010750071455,3.92635443898692,4.39803110526534,4.40877985365626,4.54693690834273,4.52212793472081,4.18652936814298,4.64699638899635,4.69819198912745,4.55774028597694
FT0340,3.80708343335392,3.79591107873769,3.88657860871738,3.90424359200599,4.0182349064962,3.96142933150456,4.00334804983413,3.40246877122611,3.76982053990429,4.0366102504954,3.94359688679429
FT0341,4.55040050751639,4.44948472471941,4.44108818185794,3.79410262157647,3.7399374295624,2.8047461787285,2.47261029987832,,3.28639364829073,4.06860225994797,3.22174170595833
FT0342,4.24163036180372,4.11062149755559,4.13379221512382,4.16254580471124,4.11206148970313,3.85672462172083,3.92397755045582,,4.30409646264532,4.28484645979721,4.18685144757487
FT0343,4.06438550956752,3.93614058042451,4.03691656021797,3.96467710193735,3.87592691631225,3.96344804244184,4.14033723382548,3.47564918174113,4.01583439462603,4.14578463337204,3.84782691920308
FT0344,5.11677397922176,5.06842117903494,4.97865975354033,4.42509118447048,4.52065526930099,2.88368230005316,2.4625736236496,,3.99941161714094,3.99645835867334,4.02683228946931
FT0345,3.45330506848109,3.34893286413379,3.34856713640961,3.77817732791645,3.49621182710041,3.65181766118403,3.84060671193101,5.16545484306652,3.60937516069569,3.51709268351153,3.61088029018732
FT0346,5.45785852470645,4.59870294087499,4.80178283901288,5.05509041174615,4.98424795977337,5.14864888003255,4.51255571210991,5.46105252249386,4.74962794603308,4.38461156118053,4.67799460724048
FT0347,4.11984802018791,3.94783544210516,4.06578642458253,3.79888014537441,3.79217628983209,3.42152608843686,3.47859049409203,2.98917363026503,3.90262880208614,3.85385769308159,3.67862377527401
FT0348,4.69065791484624,4.50584322151114,4.68503605601437,4.68708317938373,4.82858758223496,4.7582774880232,4.71786127227356,4.22146663420247,4.68541182766337,4.70988265958534,4.55365308091769
FT0349,5.25268138665208,4.97853824282524,5.09518923112061,5.25705677765619,5.33475359713141,5.34579075977323,5.07883188911955,6.24322801653649,5.21383063175855,5.02613302877262,5.20751662100423
FT0350,4.43186590582209,4.42466650882381,4.55599815743315,4.54077400791704,4.52897945353788,4.48493917054261,4.51972650483119,4.25208625692558,4.512517634558,4.79103292883186,4.64626697198722
FT0351,3.49791980849672,3.50593254553913,3.10052080010407,3.58111783487633,3.17725909984349,3.9426138453281,3.85960497414042,2.83422756513671,3.30561157010305,3.38337132162219,3.59342357433922
FT0352,4.89904519544552,4.71351009686431,4.68769881583812,4.59494896910894,4.57991594366148,4.0868540189538,4.19723554182267,3.99817558617542,4.7839841375995,4.78980041261981,4.70591577924647
FT0353,4.14617089402979,4.03021720981405,4.01406611942143,4.18920957188285,4.25062893192469,4.02347437083069,4.29973618797249,4.62230046999955,4.13251976099319,4.32033701319727,4.21835346660673
FT0354,5.34691488448437,5.23383569537492,5.23505970930514,5.41318461721187,5.50573783609352,5.47495943812188,5.10018111522609,6.47155532667549,5.23638454625797,5.11606680343461,4.79963885594198
FT0355,4.02674589190309,3.86600659038314,3.9390176884286,3.67387373376746,3.64607272641974,3.39581035274083,3.23769624612933,3.65787491458527,3.61107626410285,3.58349837612673,3.43664736326861
FT0356,4.27678039791896,4.25401400616676,4.40912650711111,4.23665595051235,4.3232985082395,4.31787936117742,4.43196897094004,3.44518702887708,4.10369981743914,4.31549442739191,4.35219796835727
FT0357,3.39507790566925,3.40046340613359,3.32226031736812,3.7877183118402,3.57820305045128,3.56544064962013,3.50816359515927,3.73168446016634,3.62278615898146,3.79052629031685,3.56168028004804
FT0358,4.99121662244639,5.2418352219186,5.24798068753594,5.47064437918919,5.40885122101302,5.71174560545943,5.19666290175931,5.78097217393947,5.30889670730377,6.03033350716536,5.15583962055528
FT0359,4.78819563425645,4.64549451591547,4.64404378807351,4.60692315656528,4.64201605988936,4.57861595684845,4.57094120114898,4.85756681749744,4.83902468263158,4.68253384144707,4.59503348538987
FT0360,6.25284650989673,6.14822039048529,6.19234884988481,6.37732132713395,6.36850690282317,6.29350519927533,6.01240797441196,7.35699213668771,6.08991345755982,5.98769877520548,6.05920532135923
FT0361,4.11755163630775,4.45373949433908,4.46814706551848,4.69732614966654,4.61984125609581,4.91910914220384,4.42835256612159,4.91466729485747,4.53240056805418,5.289333304714,4.42811903002789
FT0362,5.43060567723941,5.35823739266895,5.3815543491881,5.50412030081548,5.54613782129281,5.49456585282687,5.23328417551958,6.44738221102311,5.28524905904754,5.23307505418137,5.25166053440522
FT0363,4.436341673092,3.32330958337743,4.39980235589196,4.61864525334184,4.55097275752646,4.49550169350113,4.19130928429846,5.64239909888224,4.37050437686623,3.50022007761635,3.3889442007502
FT0364,4.3710351380277,4.20049349313458,4.21274630004961,4.37285318862782,4.37359495482232,4.35312735602892,3.84028966582511,4.51390829911387,4.41634873953018,4.16003120936699,4.22782209448679
FT0365,5.11604588574664,5.15832520699171,5.14108813206135,4.99471573551131,4.98854235465471,5.01443077651386,5.00215338787624,4.79884832101775,4.81404696691473,4.93342863283154,4.88339932879656
FT0366,4.87203608028996,4.77210013587717,4.80883751992216,4.95908287829402,4.96856450181709,5.08496681241171,5.05034691830708,5.01731092800322,5.07762021447505,5.14970561120408,5.07558720579869
FT0367,4.62588545470853,4.36096162001888,4.59935585978258,4.78989592643208,4.74178563151754,4.60093364265075,4.48062176237209,5.26342810933809,4.82275312069542,4.85042718296918,4.53603417864095
FT0368,3.98485105032246,3.62275257975182,4.04902675673141,3.97611663151334,3.97175028192162,4.07136809702388,4.027935466072,3.3123350560152,3.92692545418911,3.98555733382008,3.80420453095208
FT0369,4.86254035810426,4.78209838326726,4.85616782280537,4.67721581167401,4.68139737616246,4.44938055007076,4.69706300408611,3.53433636392567,4.8822721304416,4.8430330979444,4.82119711220999
FT0370,4.99318265592885,4.8568182755999,4.90611886631098,4.95062668822606,4.9530531375038,5.00635975259041,5.02186255178118,4.2474535421735,5.0748338156803,5.08039409171403,4.96753679110071
FT0371,4.86022702266328,4.81038028330087,4.89602604672217,4.5411884286106,4.60277265922783,4.01399689671465,4.12427708049622,4.08963244363901,4.20071436443736,4.34656330240748,4.38330198009553
FT0372,5.46445563174009,5.40399347595034,5.42180306645746,5.56833077377928,5.5628483742927,5.60540496704129,5.62312314323053,6.31760196652214,5.51560675730353,5.60877752073649,5.49736054796032
FT0373,5.25746957567518,4.57442844425714,4.63419213303595,4.85884558606016,4.83208526077855,5.09729608714101,4.24922806915592,4.96838588004291,4.7206304828947,4.00547986991372,4.71015345132644
FT0374,4.45989845181415,4.62693323129063,4.63948527525719,4.48093014991049,4.53910259303559,4.46462277700769,4.51194078546616,5.22608808195967,4.41576653712958,4.44362271891514,4.22206728107271
FT0375,4.7332054840812,4.73271541378998,4.74209071777373,4.73595842696107,4.73633154237074,4.70701717199801,4.69992671675092,3.08517274291996,4.60661067019514,4.77089281464548,4.75100565826176
FT0376,3.74226958504623,3.74595268395951,3.87099362331799,4.13511086779005,3.97904370167138,4.00509739969191,3.85236601632421,4.89020531308746,4.14601083025106,4.25316937499332,3.89430872739307
FT0377,4.15915799978437,3.90691660363967,4.24826491846842,4.17373572010897,4.24429715294716,4.1221868499384,3.72500158313508,,4.13663178630764,4.10745307605738,4.09036275839724
FT0378,6.15076601588528,5.83121789226122,6.02916337264443,6.03873949411104,6.02141495345721,5.90312930795143,5.51517884748006,6.03581156833298,5.85718748735458,5.60356765598569,5.5175944560064
FT0379,5.08803786784418,5.10198984133375,5.13824876046912,5.14731284911934,5.11703485691438,5.2081250455757,5.15874054158479,5.99640834854185,5.22730113038804,5.10130019198002,5.19216932802529
FT0380,4.2372845555405,4.2574347012407,4.18326248000897,4.1526076822426,4.11713990395147,4.06558603525393,4.15679390872675,3.94752119830144,4.42914929682049,4.42443363831008,4.32553380079481
FT0381,4.69317500214571,4.64463496910062,4.73294085433409,4.73857576623855,4.71877288218669,4.69449760568676,4.75050719846123,4.78526800350214,4.76707474641668,4.84523528172857,4.7055652981858
FT0382,4.03647551691272,3.90506930557716,4.00175229555687,3.7973484991114,3.74721436615462,3.60557791899864,3.75747494648156,,3.53281756631658,3.45946395296807,3.62241415839663
FT0383,5.22339334727584,4.90639068136982,5.10892497490413,5.14086392076163,5.10180405235489,4.99437680505475,4.78024556037444,5.31898836840815,4.93696537205174,4.90019566312138,4.65984242525255
FT0384,4.46030929534985,4.38275464073941,4.37549929845047,4.36496650171087,4.29327824345292,4.39158974763313,4.53022436018159,5.32439339535926,4.53224865036376,4.41346252712052,4.45590140820574
FT0385,3.32761213631423,3.22110299268162,3.46694082444305,3.83491054632363,4.00877950838276,3.78661427023874,4.05063655414234,3.8475283972176,4.01379609180555,4.12848275965024,3.57116546861572
FT0386,4.90014937067724,4.72336649287802,4.8204021966958,4.87282632642756,4.85644043742147,4.59914684411107,4.38538416715627,4.99608308886826,4.80572283377676,4.4786128524092,4.45590166988822
FT0387,4.57023304428765,4.56476095738457,4.63468791007583,4.39780522312887,4.42094414018574,4.17947871153034,4.11377871694594,3.64577370689772,4.13140714155838,4.15767551454357,4.02748924357412
FT0388,4.02148972691537,3.95095519105237,3.98725245158404,4.1788345378962,4.23814632443254,4.16740054193605,4.21120427594211,4.06072605344227,4.30621583134936,4.40944735551141,4.27381643640944
FT0389,4.23447009197646,4.18312504752839,4.26676104442638,4.17859893919732,4.15345583098691,4.19856238776254,4.22026194857541,4.83644847493614,4.24578930200193,4.23316769391222,4.04750875286286
FT0390,6.19499809187108,6.17596459987415,6.30428883580623,6.30465038471651,6.28553084929466,6.17618898792599,5.79595291059902,6.42344914916775,6.34301172857305,5.93989057182383,5.92135419667275
FT0391,4.34831046220109,4.5941624678171,4.58805334140897,4.78484916883581,4.64030275433871,4.87443466652749,4.65175942306068,5.18233003080289,4.75695246726428,5.29115554285252,4.57187862145894
FT0392,4.29360745131318,4.06636347056695,4.17333797290086,4.24570427438838,4.26783885178952,4.40794193265778,4.3393511141936,4.59932944433941,4.19928379608678,4.304570442113,4.14764776446167
FT0393,4.00730311740588,3.84932922599344,3.89077174976492,3.91637421080352,4.04428269920478,4.09196461177028,4.2439843781141,4.595435476395,4.00435563777711,4.0957521605703,3.87928792138472
FT0394,5.4104571144339,5.38132117116893,5.48806066506726,5.48936124089256,5.45341279684037,5.38836892344794,5.05833262127697,5.6375455483715,5.53198561234176,5.1974952375462,5.10367171403206
FT0395,3.50437365863273,3.82836489800714,3.9434793347552,3.98511493485783,3.91708791252329,4.11941453937073,3.89871758674316,4.28049430273432,4.01136817910306,4.53925054780556,3.84736960532489
FT0396,4.25535414479201,4.1044580606062,4.19664870127284,4.09063160666596,3.93852226629098,3.9029889597752,3.85721411135904,3.14385006955719,4.04403265468031,4.02550086288923,3.99088382705695
FT0397,3.94632491200161,4.07798084562366,3.91818101294944,3.54774452500447,3.44914273815891,3.05694962794918,3.21723972855474,2.76822418844569,3.27219228856777,3.04457849087014,3.40673715392945
FT0398,4.87134259757283,4.83514396436387,4.93789483380662,5.00294361798789,4.91287318388687,4.88148399537086,4.6471833686626,5.16491815325738,4.98832022651178,4.68964170638193,4.6409198502331
FT0399,4.17518353316475,3.8955714687664,4.1257036411919,4.3379537474706,4.26516202101578,4.05326642250682,4.13189190487979,5.2551900059359,4.3194471549674,4.24864776151115,4.15021127466237
FT0400,4.40263942959243,4.40433934249646,4.03826908427959,3.9639932062278,3.81382400675033,3.88785117618669,3.70881366606648,,3.69130069500939,3.77136461449314,3.85142171337398
FT0401,4.22875424030018,4.15581738356901,4.20443336503387,3.95146214054847,3.92917995066722,3.89520093613849,3.89551028870592,3.51916589413779,3.79826123330842,3.96337690580686,3.83688730129871
FT0402,4.43291172883651,4.46530259721299,4.42875965312961,4.36585166275373,4.33651644088615,4.40090665002902,4.43110814790318,3.6071996621712,4.30018757531046,4.37041246665056,4.31494848715994
FT0403,4.4621860233052,4.41797661551004,4.40878083018264,4.43813274736996,4.34644653667455,4.12904443195058,4.1489743357611,3.11439664273681,4.41902083180536,4.46325778958357,4.48851459437487
FT0404,3.90068401547195,3.73980217434718,3.79676298746837,4.05911200876393,4.13367981415084,4.25076211552667,4.22510448889398,4.27562402587143,4.09841625233362,4.2052038295406,4.12565501229824
FT0405,3.31892359280211,3.34063659421197,3.19820265294509,3.30222655343985,3.36369293818531,3.47555968357787,3.97756633480558,,4.00846031347626,4.11767355187493,3.36918042014872
FT0406,4.68874633916336,4.97633698571548,4.97679325017852,5.30960800273328,5.31633938371789,5.65772322550438,5.57412898928788,5.26247922841503,5.34899115146442,5.41684670895035,5.34589345212742
FT0407,4.49097406717832,4.30190866065681,4.44845136125795,4.52576880211371,4.38821617735447,4.36729187669707,4.48924769348069,4.16110060641694,4.38363983002624,4.46544674521755,4.38278750003664
FT0408,7.19979882268295,7.09786380439818,7.1854917256388,7.22884009623053,7.24034199725058,7.24761980561677,7.23945720131452,7.56188865547309,7.21555770690817,7.29231694858452,7.17588262408275
FT0409,5.6187308601238,4.81902919158009,4.76424708296767,4.47106766225987,4.55998740782174,4.31965724404651,4.36851416596139,3.44409843360653,4.25394323940632,4.14121759192614,4.16156226551768
FT0410,3.78464861637806,3.82814364329623,3.82665910692365,4.4534795829847,4.44937563557141,4.7484666660503,4.66035501079029,4.33297937264573,4.45008709240062,4.5229231676401,4.40597782972702
FT0411,4.9508876334093,3.94867031789059,4.55807863185946,4.67022751481614,4.73290059144378,4.98950695232681,3.84481315810264,5.08843636143107,4.71029363824997,4.08635849815175,4.50922589958426
FT0412,5.96228082479244,5.87708778996346,5.96007812200272,6.00358380547951,6.01411194656635,6.05451650417272,6.04698528951792,6.3823875420384,5.9867611686941,6.05985247491035,5.96651674320697
FT0413,4.88260312960665,4.07738913997768,4.0189445503379,3.50731718958522,3.72718720554785,3.44454716778613,3.62991924417689,2.52665692353884,3.67994743987464,3.44494893273139,3.14886746173872
FT0414,4.87407752600281,5.72577184526784,5.5458499954412,4.89382248925933,4.96464681719432,5.11208828802339,5.27708849002162,4.70481185767425,4.61125298012194,4.64424366575938,4.80448097818046
FT0415,4.2706233479814,4.1528319169071,3.97678642136909,3.99642978452069,3.72750905123878,3.51734631629124,3.62031444438341,3.38712872129294,4.20728657620488,4.00164005340496,3.97681574799962
FT0416,5.28817417365689,5.21784138355748,5.27924308308992,5.34818291902536,5.35728797554604,5.3684770056108,5.37086784874973,5.70359757677545,5.28735708687876,5.41360235336645,5.29397848596532
FT0417,4.7701568329515,4.62505075932658,4.7369765659152,4.8050315273592,4.86128741131125,4.69726610954978,4.59700899365705,4.07580911969684,4.62716723863313,4.73280123350714,4.63368571043087
FT0418,3.93228955388563,4.81174439748278,4.60469680797982,3.86940960035964,3.82190910142908,4.0239562872895,4.31385670499243,3.14071304257877,3.38935145281971,3.42048569155504,3.88634111784284
FT0419,4.76893320283566,4.59000317411193,4.65862713991588,4.66271084320759,4.6594297961548,4.76245586455837,4.67809480509705,4.34504868711681,4.72045284414961,4.76812816833236,4.68376886905167
FT0420,4.51434681842428,4.30932677838275,4.40045082911232,4.52890093393749,4.4887928675775,3.98049861334282,3.97450954779141,3.73835630288785,3.98158176490878,4.12338298607064,3.9300168432843
FT0421,6.30913020959992,5.87323131031718,6.08999082065976,6.10326988296274,6.09401559379038,5.9813900521483,5.48982762411391,5.99380934346938,5.9337767652543,5.62839514773394,5.69735644339062
FT0422,4.78925910011019,4.81525456651918,4.87953199947262,4.91474391640202,4.96465021420796,5.12553761057473,4.84936010533982,5.64909968140371,5.13350093752314,5.15174288863984,5.02458221530005
FT0423,4.15652346791488,4.08501994178911,4.01164605368591,3.4711327742096,3.49049476754208,,,,3.98937972553338,3.80626981535369,3.82761475520468
FT0424,5.43338367374956,5.0250624290562,5.29120344472154,5.29508892901332,5.30728405255707,5.13077854569511,4.74414662251944,5.18221579994046,5.13816448097689,4.87125280709199,4.86112795433402
FT0425,4.74057726481001,4.68106861878978,4.60756465801593,4.11483174479452,4.09575178632754,2.93736784095968,2.92651445556806,2.6968186056235,4.60606028350848,4.4134272063392,4.41684183349693
FT0426,6.78240136787445,6.74645355016614,6.83536340330023,6.91796648072915,6.8206838099597,6.72948913644035,6.45054407839411,6.92082918132244,6.94305754747465,6.55859842801697,6.42471673078144
FT0427,3.98876868359573,3.91503702766401,4.04807028930094,3.87435603332222,3.9110506516111,3.90418740350987,3.8686719671112,,3.84271674006163,4.08793448564477,3.97022937160689
FT0428,4.0349025250753,4.00322470162276,3.90578473283499,3.96625350554345,4.04959974745638,4.12568449847973,4.12516873239422,3.90498670684113,4.10579801399601,4.07229345978698,4.08831146908896
FT0429,5.96384967995016,5.97113400300089,5.99938804026995,6.09110760694167,6.00460060301026,5.91396089510659,5.65666304235217,6.14124863265679,6.080128149296,5.74826823444769,5.61114430914934
FT0430,3.85461472658507,3.74729950211726,4.08160729668736,3.98108922765353,3.86696075854925,3.68276781837789,3.67182788467036,2.82835877795383,3.90590987043817,3.93246856464645,3.67683752122751
FT0431,5.86029445153929,5.82602836772616,5.85128377315664,5.88682174804015,5.87938768313746,5.9985084914801,6.00103995031655,5.88412494056876,5.76067162075455,5.90883639502149,5.78409849425143
FT0432,5.40805814648554,5.3488658707645,5.42944273872036,5.52880604227864,5.46582374276068,5.33854841021249,5.10607654969317,5.59875610205061,5.53304362021688,5.21005649281603,5.02410370255792
FT0433,4.92032101055897,4.86715169719489,4.90697520469485,4.95267757537085,4.92097826857252,5.03908288247421,5.06909731742366,4.96881861094877,4.81712740979482,4.95994965284994,4.84823280175453
FT0434,4.63612008478915,4.62140302584871,4.60064604516348,4.78974062223058,4.77566094116471,4.57573974346051,4.26294416486023,4.83832943360745,4.77184980546942,4.44725896059249,4.4167868062713
FT0435,4.60465563175007,4.44937368003159,4.63253438390799,4.64289622029983,4.55644882391146,4.38394155667441,4.47740551455345,4.19639156318297,4.61823091235371,4.64720779205286,4.49446162706045
FT0436,5.27006891942309,5.1998883262398,5.16909963775946,5.15869893995355,5.14264798896341,5.130641102766,5.11047868940647,5.03344808580875,5.15913077055807,5.23229765484349,5.12374516539844
FT0437,3.6743081086514,3.78089125391681,3.77370972726897,3.69649929777999,3.80567395631893,3.69713742211438,3.65430803412378,3.73018502976451,3.81155179170382,3.8738306041715,3.79674058951757
FT0438,4.81325555441723,4.72673197776322,4.77749083555787,4.66848687663024,4.68460132371547,4.51535252326345,4.58274601775558,2.84223612482012,4.8745905995221,4.91603283449666,4.81958650126486
FT0439,4.77207076755329,4.59331707313014,4.57899362267967,5.43487900471819,5.44440085350072,5.58873794621244,5.54099613967185,5.48159591586564,5.3995131168426,5.49754719438542,5.34973339537998
FT0440,3.90867797079927,3.69083117107796,3.72063898300767,4.47729274090812,4.55086415785323,4.60218881347131,4.60224305312141,4.6003117796692,4.4978350271219,4.56093684068764,4.38887729705532
FT0441,4.12885055427027,3.92783925776541,4.2258181442907,3.93809867894215,4.14221619485817,3.70290307246508,3.22978291611277,2.97836721701028,3.21403870293159,3.10206129562803,2.95428400683799
FT0442,4.51871669012057,4.41464579529577,4.52760807892335,4.38479659336841,4.38348337233737,4.26814138279727,4.24127293228446,3.83226961636393,4.18355795693206,4.13044808857893,4.08713873082303
FT0443,4.26048718278712,4.2830913598269,4.28827685845003,4.07217070182015,4.10574972891265,3.78986135102632,4.02123148278248,2.9371516950419,4.26901354680709,4.20438817000294,4.1680299504992
FT0444,4.32022890565784,4.23962064961613,4.23282174249326,4.29738806917273,4.19282205772104,4.22766785966527,4.34425290112017,3.10690069003508,4.42323103834192,4.44970342794673,4.27275236422351
FT0445,4.69037283609472,4.63592298287521,4.53329383011007,4.67102138355162,4.64443532283784,4.68680894140414,4.6794392673947,4.59150617441083,4.67958775971904,4.60842783712046,4.54132816120054
FT0446,4.12886193437914,4.03757720486976,4.09530790848553,3.80196297505708,3.73250528676297,3.38221630310036,3.78309387757873,3.1349105344625,3.57627992792308,3.44781570559786,3.09002696974792
FT0447,3.72612706175912,4.2138647652637,3.98862463779163,3.95231526792375,3.94623989859857,4.18154216930318,4.24467559784119,3.82576561959706,3.78316815929871,3.92963088487006,4.00505581678225
FT0448,3.58017280370677,4.22742514896852,4.24592026732115,3.77399326498559,3.67888210876352,3.74139331121318,3.78836662086933,3.47987235832461,3.44121335252497,3.60692431178151,3.67008302670158
FT0449,3.76829162076649,4.53545289843041,4.5665742505024,4.09877074124042,4.12650739650377,4.15963380724759,4.26563593564195,2.65839747890148,3.67895359786541,3.88977122155124,3.95951820875686
FT0450,4.191128301634,4.0058599337169,4.17234863980932,4.26053674577146,4.31760907119356,4.06741946696538,3.82099916930274,,3.92232183483324,3.9854012801409,4.02851493829492
FT0451,4.99229397213214,4.98244810829033,5.12208471234109,5.04125050311314,5.01861154395027,4.91585603611761,4.71131698034749,5.25087983530542,4.92047413503552,4.54018400577191,4.60966558291042
FT0452,4.91136810528281,4.9673464043728,4.85984550275068,4.67649501463645,4.61621560501622,4.42728574949661,4.47741047393294,3.55416683404088,4.65294462568714,4.7434326436148,4.65793203983557
FT0453,4.1653463137369,4.17743324106551,3.99569924325226,4.02779572346389,4.21279203651611,4.21446947962032,4.622211810552,4.25629417985133,4.27490524686987,4.53801532089538,4.19336685365594
FT0454,3.88974154031356,3.60592021650712,3.80327773489147,3.95418730724716,3.95627039225461,3.83847632640348,3.52445375714904,3.05154518353321,4.14996450661685,4.15742124357769,4.10772143673118
FT0455,4.82524465101482,4.81717170650406,4.93674274366755,4.84076492687793,4.83184911287954,4.74119114568194,4.29502548225793,5.05948028216641,4.90230062554529,4.52286372129319,4.58566905181506
FT0456,4.28948760263621,4.23377305983127,4.20373434974976,4.13131349952659,4.08472020666068,4.05070700680731,4.03460661966933,3.90447906056823,4.25883846136047,4.17887963377622,4.07348018713761
FT0457,4.20847432743164,4.19370891890016,4.14039380506124,4.14234206633937,4.23022916954699,4.19158697704896,4.19533558284847,3.91515116688096,4.09961897816882,4.1362425865189,4.05027195898708
FT0458,4.83984714715522,4.81303001292851,4.8755969409253,4.78675235436103,4.77082767098559,4.82738855083505,4.75113761397594,,4.66545044957442,4.81714471066369,4.88281085678456
FT0459,4.45262254478765,4.36580100739362,4.37928183964362,4.32214659674307,4.26796202038438,4.16584510916518,4.16962581092645,3.89521247532228,4.23516133460663,4.29750974316626,4.1693096819901
FT0460,4.35253687712242,4.46969707421337,4.37356310423952,4.48879889188569,4.45085709017521,4.33963732062348,4.70177120500754,5.19725402499493,4.46496325769105,4.43379639802428,4.44513125322127
FT0461,6.73278736166176,6.75111511338523,6.80244169024337,6.871697814851,6.76363139076073,6.67398178669567,6.40719401701581,6.95619002323292,7.0016083913985,6.5473524785525,6.40370699959013
FT0462,4.45705220520244,4.42849910695937,4.42169828949446,4.24352207459562,4.19492297469933,4.22855828191538,4.03357861664526,,4.21799581059134,4.04904323039419,4.11246311078924
FT0463,5.96329485374588,5.98565547094939,6.03589592085356,6.09874264007466,5.99395542585095,5.92108493144561,5.6474958769297,6.1987975001251,6.21977629723117,5.78054219982954,5.63157709425522
FT0464,4.19191367071147,4.23737434211559,4.26178292724402,4.16395498714966,4.06982817790317,4.24481952755167,4.24175365263094,,3.91617065491819,4.17249926192093,4.21333812235253
FT0465,4.40158988689166,4.47478177459795,4.48652030737392,4.19310510514884,4.13640442664078,3.05400035870666,3.56855870671491,2.82243242238977,4.3456332614063,4.26768642421272,4.26796415528552
FT0466,4.46628462243168,4.47787074983168,4.42898348684716,4.46550356322651,4.41279835135035,3.94647917918588,4.09948647089452,4.19944580382414,4.7089153621547,4.61370491202011,4.57799833593764
FT0467,5.37327587174747,5.36068170718833,5.44380224417756,5.48080185842088,5.41595544814262,5.32326226172299,5.09774310901624,5.6067654856443,5.64271893374545,5.20700993552129,5.06637822143288
FT0468,3.31573430179535,4.18455354312157,4.0629245761088,3.57318577690483,3.30017098577855,3.66133229988027,3.83845316305348,3.63649420959187,3.31011248938454,3.23682483813851,3.17954577599487
FT0469,4.04762771884281,3.94974651634122,3.90028578784805,3.80311985941054,3.95430069108506,4.03505455204151,4.05430353429616,3.77472088208795,3.75878058513795,3.84652532427863,3.73778778537921
FT0470,4.57017289062712,4.43967797078185,4.65136041299601,4.12844684107691,4.17722151878453,3.51885972912504,3.7777891499393,,3.84203918981698,3.65943842660642,3.61067983748211
FT0471,4.2374303653578,4.11387249578449,4.18995510248143,4.24479177692314,4.21817877219014,4.24702207204221,4.23077422228835,4.4266429182936,4.18820643714087,4.30192198749071,4.20126195230319
FT0472,4.42386456898097,4.20794262208173,4.34223090037835,4.33641454286995,4.13222472239243,4.31836687994887,4.13635808049241,4.14800261810298,4.41127503961741,4.2503362723655,4.23025653648875
FT0473,3.97136226784729,3.79497816365731,3.80788044254892,4.43143743072773,4.40904692356304,4.34807849548226,4.34542160266098,3.938265787343,4.53881236334951,4.60348011087826,4.47194027567052
FT0474,5.54811348900046,5.45335633144045,5.50723877737386,5.46546472465061,5.4591956617754,5.33051346524402,5.49534802175773,5.31235030846716,5.58692414003139,5.44337837605611,5.45573667298352
FT0475,5.45444782485156,5.36407162162542,5.44237552087076,5.29479354148544,5.27687860800009,5.27274685429871,5.2777096305602,5.13821263293627,5.29379899714541,5.38368477049838,5.26818113500501
FT0476,4.51587880894033,4.46684261660205,4.49719647967614,4.29652740501978,4.51621435092229,4.36157280245635,4.47707986737457,4.42840678655698,4.48670502028633,4.48703691844068,4.3833175854498
FT0477,4.47771979207953,4.41656330344332,4.46173800993257,4.31357392667898,4.3088140870042,4.30334600207336,4.34070218224156,3.87235635897817,4.32761890088223,4.43392602587153,4.31262335349143
FT0478,4.04804964794168,4.11190293647961,4.13554442566118,3.96907397822506,3.81920044824034,3.86663177737398,3.88468236127531,3.8426918655044,4.16830791867052,4.14633276459673,4.09841291819007
FT0479,3.67347881795997,3.89778644779325,3.83752538857333,4.04963681504961,3.92724163702596,3.94020799255037,3.87446047859117,3.87838224314566,3.93902130742418,3.90438371632474,3.65216241478638
FT0480,4.10271244287582,4.06644230800765,4.00782911907853,3.6638401176566,3.51961290307562,2.62558825418512,2.96818719160386,,4.00845867913517,3.90631534814024,3.94220822730768
FT0481,4.34622801017483,4.34868738117361,4.36651655742819,4.39844470460029,4.38121701361222,4.49388568830713,4.47420892536646,4.26947569940695,4.29601784743588,4.4332044959148,4.42761336131038
FT0482,4.80635032566091,4.7103119580722,4.54614401233647,4.72981688824531,4.77294487696394,4.67100313534394,5.13420555213941,5.07958740595523,4.91462772949464,5.1302044456378,4.71734649017994
FT0483,5.03185975932726,5.60931835264328,5.68260609814845,5.39145831842091,5.36494468260693,5.37124302313881,5.43252284883216,5.12060634581938,5.08658428396135,5.17431754379325,5.10620995214125
FT0484,5.6978053960154,5.35994683472299,5.50994400187802,5.55324222943211,5.49624827151428,5.44374565041033,4.95609811158816,5.60261359094381,5.35869491865035,5.02895210169272,5.05355196900597
FT0485,4.79586386707965,5.64301363445617,5.69569978857193,5.17772908399764,5.21689198386518,5.20155802218399,5.35927327395215,4.59382641559076,4.8586805295506,4.93615524942635,4.99518207499607
FT0486,4.32045144633589,3.7740257362038,4.01034052800383,3.34107141903323,3.58312511864943,3.53214103881918,3.82416886365277,3.69559914080486,3.32363747358591,3.15289621750195,3.14886746173872
FT0487,5.39814804524745,5.36272975350373,5.42471660843446,5.31643618808631,5.3043843049127,5.42488530232835,5.4112139737744,5.43292197001419,5.40971754957973,5.43303523910428,5.36353325465952
FT0488,4.1791994659716,4.14175367512422,4.26269639749586,4.13003209453298,4.12164963819911,3.94340098934178,3.95293452816039,3.94180544526059,4.16022814517986,4.20311957081383,4.18468340350633
FT0489,4.14378152467491,4.79781124973218,4.84014239171725,4.44555395435597,4.50467384928839,4.51912263205138,4.57438466074761,3.98105492695478,4.25323775381913,4.29323570339197,4.3249793340901
FT0490,6.51356923757228,6.51014043630535,6.51683653527353,6.62297640108487,6.51649384706111,6.48311298127501,6.11603197282129,6.76541921247782,6.67511768598697,6.20577655444506,6.13550281047962
FT0491,4.34711134912231,4.27728856025425,4.3411857128216,4.23272505735309,4.36270177936541,4.33189528452154,4.3329230160278,3.01103241044095,4.31431003692659,4.41943485185863,4.29117326806181
FT0492,4.07708934052827,3.48736649445565,3.56730348094266,3.96626388910315,3.8548129724552,3.7725434735556,3.88058615251833,4.28202567839536,4.09454071963367,3.99720572360123,3.55338919191682
FT0493,3.5859897320666,4.3300624606207,4.34179229878991,3.88783771052121,3.99641071207599,3.94922035177889,4.06759211520766,3.13764849857832,3.49481647469691,3.67989875995551,3.72052527625204
FT0494,5.7659117192116,5.77224261731044,5.77285646498071,5.87027510667134,5.79811990526135,5.77290396226844,5.44520390682709,6.02756170050515,5.89818720427105,5.51703474698202,5.44767981111342
FT0495,4.76119777821661,4.71720202211213,4.76867053135404,4.66084575556883,4.6566908778981,4.8176248648523,4.81336183320238,4.78227900294685,4.8001617090053,4.78529462429219,4.72672884341511
FT0496,4.46350067825497,4.23243877068706,4.3155868658635,4.55587683223821,4.50293750779799,4.6785270547809,4.60863419627585,3.22773965823634,4.55116757710725,4.63481612481085,4.48932216792302
FT0497,4.65992809227517,4.51778138407215,4.57157946034191,4.69418162756439,4.7138413572378,4.75510188940593,4.72191959214511,5.30364297636989,4.62835555807457,4.69968837612674,4.73617164259039
FT0498,4.39613272321003,4.11886341209334,4.39020258380467,4.42388223173188,4.41596636476054,4.28578959199883,4.23196885540479,3.74796062852432,4.00684041698003,4.17235072020481,4.31619480402856
FT0499,5.21615286665568,5.23095763590315,5.32196308219995,5.34384562716396,5.29850604347638,5.23933937110433,4.83310659249753,5.52157817746577,5.36858499672574,4.99701759953151,4.89673754958179
FT0500,4.20309234734804,4.13109638832817,4.15126378396201,4.28147460231266,4.21568919940412,4.26590136113047,4.35686218594683,4.12232679733207,4.36077318367069,4.44133267604763,4.31272849182351
FT0501,3.73861882788707,3.64319768848087,3.14594952469131,3.46669080629963,3.29760345049284,3.2933462809295,3.41601526167661,,3.17523627874668,2.74850177460159,3.19850415287789
FT0502,3.79573803827555,3.54311622198861,3.67901265902231,3.23662182872064,3.13505264363408,2.67498262520088,2.63660337465433,,2.75688517751026,2.41267920534878,2.40260017015395
FT0503,4.59347452893404,4.53769033900731,4.54604213202881,4.69214353080275,4.68705848516948,4.73542978401665,4.7846801213427,5.44946930510526,4.70635178171561,4.75521754249398,4.62537729866171
FT0504,4.10036163947228,4.04974130121106,4.28566128629245,3.79929630451656,4.01794911717124,4.05261919750057,3.75944601303432,2.70188877284024,3.51733082902378,3.87206344635641,3.84058493469966
FT0505,4.18680729295277,4.26063154918074,4.19516466838185,4.35065405523366,4.38319979319284,4.39254473700118,4.47177186383917,3.74019503577378,4.35917627087602,4.44864461796962,4.36926425124509
FT0506,4.14545674084313,3.91218294625435,3.80285889241345,4.02145090402327,3.66556581703342,3.17049976362151,2.77338839900462,,3.49887854539065,3.18068244976825,3.88269370141178
FT0507,4.50931823554131,4.46746441055637,4.63642038985168,4.66562448966887,4.6285228284496,4.57513208084687,4.32506052607082,2.98459033065123,4.4093945749413,4.48652879220249,4.43893229649012
FT0508,3.28157574567754,3.4342809787866,3.3624262875241,3.39778443709636,3.33930853893834,3.66757396635709,3.33075000628343,2.53012210592108,3.43879735272235,3.4682756249858,3.35840797264852
FT0509,3.96594693592301,3.94787460581176,3.91050135178256,3.99425090448212,3.9923152305429,4.10816584658897,4.08666789624965,3.73096837099586,4.04931310268399,4.0044229955896,3.91812603797073
FT0510,4.61715866952878,4.60025194241515,4.89903306232937,4.84901394208731,4.79172448362099,4.58546525488672,4.39981500958323,5.01799034996153,4.69154843027571,4.27990323306712,4.38662026514957
FT0511,6.04769884716128,5.7656747410328,5.65808298719603,5.90680568348206,5.90057218956629,5.72490777469349,5.89676539083394,5.87808286871703,6.03690602201329,5.99247121337328,5.73289960507445
FT0512,4.46287147394403,5.04040095322144,5.00629574274398,4.86795725999678,4.80553738365213,4.85225785954633,4.91189141252724,4.9922164159256,4.71040015479525,4.51397630523081,4.58342663042994
FT0513,5.01418913994634,5.10554022745897,5.08641835057523,4.97561812922949,4.81692411595983,4.92385284707957,4.98101063143641,2.97463669527486,4.61016528626891,5.19772082410389,4.66711959127679
FT0514,5.32667954442108,5.39598379628825,5.45056883552503,5.27248085547123,5.25878292272194,5.02034127725475,4.79220368159631,5.34476065752524,4.97271785980032,5.04686767847247,4.97198688787182
FT0515,6.02556919738275,5.57631409116086,5.83105904889552,5.81838697940225,5.79871687557962,5.72007014670823,5.23938913241902,5.68323954478176,5.68246592537929,5.38519487909738,5.42411735356134
FT0516,4.94285009364966,4.89493060526327,4.68689271698293,4.79484173468055,4.83405278372205,4.63848539210954,4.85001075274684,4.72173876864742,4.96617637588085,4.9284847771766,4.63847467374395
FT0517,5.43090146102843,5.7179523709772,5.81063574167029,5.73720047895005,5.68527822523691,5.68396885528484,5.75832701081119,5.78477148141639,5.55613466689527,5.56014137176013,5.44465918917606
FT0518,5.23097141167299,4.82569040769671,5.03587306383492,5.04787151829456,5.03060761715857,4.99562581697891,4.49423420081838,5.03567533897083,4.88255757839865,4.63829167403944,4.69760923916282
FT0519,5.36634470973828,5.08295014260971,4.98229981089411,5.22254649326179,5.21397384722792,5.04639341564332,5.24348111086744,5.24087278353188,5.34247227344954,5.33864009175067,5.04431673611302
FT0520,4.5000137663167,4.759916044793,4.82298922469508,4.77712704317779,4.73928368564663,4.72098858307785,4.81114933109023,4.81680054199797,4.6162997958187,4.59443956703677,4.52598924879505
FT0521,4.36139811914152,4.3151582032169,4.25442239208817,4.08555014642123,4.09776210489217,4.07276702328522,4.15221280584686,3.22941503044201,3.97933781102453,4.23453311182962,4.18885025788787
FT0522,4.29046502879289,4.28418771720097,4.24229742209795,4.20601970751815,4.1917805839891,4.19718005580596,4.19946004500811,4.1145091499515,4.34046879366665,4.30409268597079,4.16150685949153
FT0523,4.13853405627002,4.37843086822119,4.48527143379207,4.46617567264186,4.3737867146889,4.40246545594337,4.45495886567832,4.5079280818725,4.23365191516886,4.26632702487584,4.18610543730029
FT0524,4.5764279700685,4.55693513900232,4.54370719746733,4.40995716105251,4.35357668398661,4.27764365044496,4.30710032156476,3.89040049700211,4.50079483087935,4.53597308308132,4.43498778799815
FT0525,4.23174980982562,3.63879214340445,4.18262976506925,4.3674169084008,4.30483823129183,4.17492586450925,4.21674554686742,4.72662298149206,4.41091050520524,4.39047410551084,4.17747840826296
FT0526,4.23867526121311,4.14219813177597,4.18010244411633,4.17074429897743,4.12106161802495,4.00325738756156,4.03744730832461,4.10401682034287,4.18374309894336,4.25398043952432,4.13873332606855
FT0527,3.42718254502223,3.82250272594695,3.83736287779864,3.65506376275378,3.57671063444496,3.61753672868442,3.66687432029911,3.65067512164718,3.4011703621892,3.49329537949652,3.42852584495052
FT0528,3.43927326024883,3.4414392874502,3.433911374139,3.89709409032906,3.64062135532571,3.73551418154459,4.02872015844765,5.25326595998501,3.62014506475728,3.57858540620862,3.16016123347855
FT0529,2.93408336809354,3.95360299225088,4.00829193141487,3.47602129836519,3.38776544122223,3.52179761518688,3.699840697971,2.90465238818616,2.61254826273713,,3.2298088502208
FT0530,3.37577827683261,3.27976428735651,3.13402510217211,3.60255324661469,3.53034499969081,3.87449257294532,3.78666204437422,2.75143855722412,3.59856780881378,3.72164445364798,3.59444768077226
FT0531,4.48143330403583,4.44426234429403,4.63394132286669,4.61474967641374,4.62734025825419,4.55403772870222,4.65007848317975,4.62125228635141,4.58204535120585,4.85757991206052,4.70770715204062
FT0532,4.18324256691779,4.26536179328091,4.06917629579765,3.78079799886273,3.87437460936587,4.11287068956604,4.06604376946158,,3.83584515625432,3.91165390392928,3.97726368113498
FT0533,5.27535039237383,5.16775774927817,5.07785214384153,5.25895237269819,5.27444279904696,5.33980482269737,5.1634289205587,6.1923328290265,5.04789076872541,5.22926781089029,5.07154955492838
FT0534,4.30855074029938,3.68424410257452,,4.14463967909487,4.25290609707876,4.3927155335899,4.55455275479489,5.53777387742549,,4.85901467421556,4.54361604662578
FT0535,4.8669529832626,4.75438533404321,4.70907256761523,4.56040851292488,4.50681072218783,4.36297257430246,4.26081774326801,4.2934921693741,4.59515000136776,4.4947640706807,4.40672448941589
FT0536,4.17663014813829,4.02485514764825,4.44466485191132,4.24692212448495,4.32715991961219,4.39583417078491,4.49008767500703,3.52238692812615,3.84350214934763,4.46044299832063,4.34200507948059
FT0537,3.72981447329816,4.08999649163813,4.00124638645048,3.93554615095189,4.09497727465731,4.02018488507209,3.5882383476312,3.69148420553421,3.417620355384,3.09558470657992,4.13428946279629
FT0538,3.63375163193331,3.96679437159301,4.44313710658564,5.24504746617293,5.27162526873062,6.08086078908746,3.62101611877095,5.1361422878729,3.91628269732759,3.96362471274899,3.7549863028049
FT0539,5.50531723220796,5.43587747097363,5.47547548621492,5.60168280961136,5.58303453820836,5.63654035860916,5.66661490903253,6.34800657919896,5.56321860256984,5.62183577916152,5.54227742477052
FT0540,4.60018991997163,4.69837566715747,4.70321275809047,4.71239919197214,4.68340782409346,4.75186355575874,4.73993424324807,5.3728752007304,4.61360900607841,4.71205324240853,4.66544669950194
FT0541,4.03495849859468,3.68519623217924,4.00192244608409,4.49923510782944,4.24026311374589,3.97510079687489,3.40219860129783,4.93672070611562,4.29204946114495,3.9166122516194,3.88506602264612
FT0542,3.79081630312576,3.52680060182793,3.66672563073542,4.12116162618558,4.13228838697798,4.25731670408337,4.29602895379908,3.92426518929378,4.05912999477794,4.15067398776685,4.04671600874992
FT0543,4.95452310812122,4.88844270726715,4.99280939062207,5.00792159018693,4.98584801015098,4.96407057409129,5.01957109752799,4.99815724529519,5.0123219839254,5.15415900560389,4.9970579213338
FT0544,3.35411481139288,3.75278793613095,3.75718013526896,3.71272140692366,3.57528108273271,3.61807433168565,3.72500952207044,3.75213235624458,3.39907531626946,3.38889371181478,3.22427569658119
FT0545,3.64896969833158,4.19234245797874,3.84008619489045,3.6043427500322,3.47961369794419,3.70464039934983,3.80594856856536,3.27086557038799,3.37249482228552,3.30455310746592,3.77115430352254
FT0546,4.35987232598294,4.23592926453265,4.3394169906031,4.43318531564658,4.3082183848668,4.60487516913299,4.11184381567278,4.31655418096834,4.18379521283664,3.98584386239258,4.02549021159464
FT0547,4.21358983238881,3.99160574480571,4.23460117124898,4.63838821329445,4.25535515559415,4.1977253034731,4.19763991799913,5.15327762613979,4.55451217961597,4.26050067380844,4.06748496796353
FT0548,5.36934050093529,5.08440349955873,5.18117645113115,5.18306725505552,5.16231964409734,5.12737130108663,4.72664582263058,5.21603282842627,5.06724179676691,4.79092674021302,4.81328387819949
FT0549,4.79808597186192,4.77131475177881,4.74480707836344,4.61811031146236,4.6026846926638,4.09201021586531,4.18327246108336,4.00043820079371,4.88695544623198,4.84211137469784,4.78027755829431
FT0550,4.73777810201618,4.6927923024328,4.7383555915629,4.80464276412485,4.77591303875922,4.87328797754737,4.8072515913682,4.73566763456748,4.68549200956591,4.77809887824138,4.74170882497275
FT0551,4.11644764451068,4.17726277251994,4.07655538855209,4.04913203826282,4.06449713719674,4.16646248122717,4.25072685576111,3.98041914763657,4.00616583042052,4.10581992727193,3.97308548726832
FT0552,4.15396064645397,4.09368333895575,3.86697508921282,3.83924584011355,3.86332159006228,4.02591742187037,4.02788419290233,3.45767624729708,3.78350277929588,3.81523682485259,3.79842578037272
FT0553,7.20213523503654,7.10324915398332,7.17908999706884,7.23826262159419,7.23038708123082,7.26958708299859,7.25489035460223,7.54706992921823,7.19688076001812,7.29665135826103,7.19572279328063
FT0554,4.32703126810013,4.34323354923031,4.25134451318319,3.9338372248155,4.04691083972748,3.82742926487294,3.84388144329506,,4.14683455892002,4.14270833337967,4.16112855606501
FT0555,6.12612731844302,6.054081609082,6.12480462054786,6.17259427698052,6.15739977517185,6.19451894785379,6.2062359486565,6.4985420597531,6.13501663253115,6.22364889177558,6.13157791595336
FT0556,3.9060807973625,3.8512732576008,3.73649338723685,3.53184004578164,3.68063380521134,3.70380019544419,3.57957093853801,3.28803169011599,3.62089881515359,3.42118306945891,3.35070717435685
FT0557,5.42640654115384,5.36713635395623,5.43552034831811,5.48344518320972,5.48535961828181,5.5166654667419,5.52890640032119,5.84650247233387,5.4444190411772,5.53588678557581,5.45252802387337
FT0558,4.44171377534835,4.38108969767647,4.43269817272966,4.47344188045233,4.458491239781,4.52427172540701,4.49742257537937,4.377968933786,4.42756046778231,4.51485684652047,4.46707936658146
FT0559,4.37020875907617,4.40867530717909,4.40600032695737,4.33021304608236,4.35745150765403,4.33659152585961,4.38807482632804,,4.21974180587393,4.39504317930154,4.45925489832668
FT0560,4.58259761119949,4.61782027338845,4.51680791671378,4.41305030083834,4.52686186121332,4.43421579565292,4.37588188377882,3.68754585051052,4.88181995071877,4.83209597043954,4.83894864941899
FT0561,3.95585213723893,4.04980381216917,3.96311123788591,3.85235520241791,3.64037117384121,3.97977344553551,3.71058139477187,,3.61954078052982,3.86718468954149,3.7881406019413
FT0562,4.14101599741235,4.05943412618682,4.07428328411275,3.66048805954499,3.73461588589807,3.47363099265369,3.58255956348346,3.16921373850922,3.78719257413462,3.64061588623352,3.84963071143546
FT0563,3.97830540318939,3.82070853157153,3.7996735718135,3.92313122134715,3.9942238041876,3.97847960790823,4.06124875138488,4.01364635539326,4.13158403186157,4.23722542974338,4.10350946464958
FT0564,5.60375400177431,5.23576849436863,5.43121128685806,5.44814984238473,5.41241073252071,5.3808203241939,4.88591240950475,5.43831460273088,5.22951628554362,5.05749864372004,5.11899948022445
FT0565,4.36199982058985,4.29643752362737,4.23301754491641,3.87612682681065,4.03131125759324,3.87383703172849,3.87403043253119,3.93775442409408,4.18826192793879,3.98301577847901,4.00711947095665
FT0566,3.41075018629419,3.27059771478263,3.30123354853457,4.01585223410224,4.03729687400143,4.09060551975196,4.14737208841922,3.94734278720211,3.99311267550084,4.16987531789601,3.98476241201966
FT0567,4.26872424418408,3.93454927871305,4.3797250149888,4.36374510853963,4.27789000887733,4.13051727099119,4.00657577176868,,4.26755460610287,4.33090557778889,4.26067361060014
FT0568,4.42603387155924,4.32702343447606,4.22752591540812,4.00654974903617,4.04451589223637,4.15252351951413,4.11798876338028,2.81149499043118,3.94400372434247,3.93222127250934,3.82339695870777
FT0569,4.40795313305316,4.38684280684594,4.29990112685703,4.34168471554683,4.34594130442604,4.37759945802461,4.38932290704289,4.77500259151049,4.36563623758332,4.38906304576116,4.28514678835923
FT0570,3.61064766989654,4.11569542205774,4.12633087927492,4.11470568069164,4.12138584259445,4.40278292869201,4.37041752966755,3.88087093634391,4.0951499247361,4.20142891083531,4.14666141509128
FT0571,3.81562672127041,3.78035965070544,3.69693646147763,3.93191428311672,3.78785794172189,3.81699975738657,4.23322185107913,3.37038734364869,3.92465938421605,4.25328659046351,3.84238346181065
FT0572,4.8309756866037,4.66433196493287,4.64138277220002,5.36066932496573,5.38803289081978,5.65113735540614,5.61130510738503,4.79022241699386,5.2852001983391,5.41173046478363,5.2592178358198
FT0573,5.25812957545943,5.29081965771909,5.22825813984952,4.93214475988187,4.93142433863214,4.9064468861612,4.82454160500548,3.88982142171198,4.86670131083198,4.89825039308693,4.99364087926965
FT0574,3.81536492509326,3.19971058095996,3.29447524291735,3.53602751881999,3.84941157409751,4.02519332892027,3.65310921185928,,3.33917172609573,3.98612047554594,4.09893263993759
FT0575,4.31005793995978,4.25155235862742,4.25798297600029,4.2131583296887,4.19250290353582,4.13594369384093,4.21674685967077,2.73940394630704,4.12980450318518,4.31466864093079,4.26961164730098
FT0576,4.03970356342256,4.31734142499714,4.37556511108894,4.33347105308038,4.40184131922517,4.53471466580817,4.03909844330747,4.70854108167761,4.31361240045778,4.32239919754177,3.99108309435055
FT0577,4.0145440467149,3.88615086276515,3.89437749061885,4.53584718251991,4.58756049311142,4.77198667961051,4.73918822464011,3.87708665201648,4.49981652641692,4.55245589208488,4.4470050965048
FT0578,4.44630460843941,4.27169756520009,4.27444905347114,4.04403030362373,4.1983869368,4.21482208502608,4.15670760976008,3.88373346746047,4.02508939992106,4.17591244860497,4.24025416759504
FT0579,3.86506454862946,3.16177242872162,3.5204699176835,3.52284538568323,3.76289732541535,4.14232566883064,3.52876020329245,,3.42130112095526,3.91043518708328,4.07782360969367
FT0580,4.62123823846464,4.54454998220978,4.48488012747654,4.38567556760618,4.4451881954802,4.35641949899564,4.30808252944567,4.23922785656103,4.50276483489862,4.51429825497187,4.38439229065719
FT0581,4.17787794573565,4.08695638843513,4.18505785734857,4.16684056994916,4.10417177789483,4.19652547993049,4.17807605322112,3.82829800956651,4.13469942507298,4.22655918006022,4.16808779532934
FT0582,3.82234764086615,3.74249622148383,3.65784912793454,3.75964444421303,3.69648448293589,3.66399786112414,3.74573242250912,3.51577717161994,4.01820299106109,4.02472027097506,3.83438012459967
FT0583,3.87666861760746,3.86974971076915,3.80845733237065,3.83225761280705,3.76412974613575,3.61887830424139,3.68270655561586,3.35906858213666,3.77769739940331,3.77390686427964,3.7176979713167
FT0584,4.0732316515732,4.18175436898602,4.14605593848648,4.06363974569079,4.12420494700598,4.29562023417097,4.0452091563032,,3.83614097255305,4.11024399457511,4.25958840566851
FT0585,4.40853483380448,4.48588636563257,4.44732152778506,4.26074508717819,4.25527550964737,4.23591433452341,4.3015123996211,,4.01138732554042,4.1257462457913,4.22605466519761
FT0586,4.54588963556112,4.33740423275089,4.51503772561494,4.62689837375082,4.67630813718177,4.72269887612069,4.75806703866112,5.42934171477264,4.63474597677233,4.728667639823,4.58960891566632
FT0587,4.54231631395984,4.51914046536079,4.59476703631526,4.50050190361133,4.52462059346588,4.49987406922905,4.57922948666883,3.08936114661944,4.37221517048952,4.55481648510685,4.57341817199093
FT0588,4.66092759833348,4.48840442352861,4.53564674975357,4.68480964868401,4.65110403306677,4.45662169005797,4.5824254156743,4.55941554613547,4.71645150824061,4.67875118599032,4.57651754300108
FT0589,4.23985967461986,4.18845880807603,4.15059547466875,4.13117523854423,4.12513565729814,4.02089903854344,4.05520353648899,,4.33475902184504,4.3467259214834,4.26534558142096
FT0590,4.36802423469247,4.31875100870263,4.31901903505961,4.30262364321397,4.3375286538683,4.36753878026999,4.44988356254204,,4.20579799963842,4.32606984195494,4.36725501241242
FT0591,5.50436221864856,5.43964935172481,5.4936728498335,5.33733363282215,5.32695364481966,5.35918249154607,5.34620668429068,5.16473514236314,5.32315295164907,5.4230034936151,5.34175282375406
FT0592,4.59225700004968,4.51938291035522,4.58859637901622,4.45134340522806,4.45098834846646,4.45878637591899,4.45110945243583,4.2957176122699,4.44820471758572,4.5240710050516,4.40723433040554
FT0593,4.67992630249017,4.87930993410016,4.9927441868822,4.94135473701414,4.85567791383039,5.0745915297223,4.5928516523004,5.43536714470013,4.84469665325169,4.88627898344733,4.53843545825051
FT0594,4.92943951124934,4.76856076033999,4.74299497107291,4.8550732891732,4.7990471305167,4.8891720560721,4.93067343823427,3.7806370177448,5.05852150532382,5.03575034123988,4.88777438075093
FT0595,3.84440473758654,4.16093319297691,4.15730982474546,4.06414872260091,4.04834446203371,4.04741877835498,3.98601170318947,,4.18962767731096,3.81107274884698,4.08324496833171
FT0596,4.37177873348642,4.25643560027334,4.16741432348418,4.26059849181149,4.28962378552154,4.31196286530305,4.40694336149734,3.40682350145395,4.48260524635751,4.4995652562094,4.3489348497604
FT0597,4.49832251082372,4.48418547602836,4.41174567843698,4.30668277143509,4.37372376631329,4.46798883293923,4.53801950074525,3.92961679402049,4.27706136351682,4.29564214980106,4.22558320047072
FT0598,4.30093232089988,4.40821228730316,4.25054864982986,4.12128676703292,4.03083693455334,3.88239901964935,3.88661666144648,2.51318619366007,4.07259520982794,4.24986751366276,4.18215475945918
FT0599,4.14570828671785,4.05169019424336,3.94995142082884,4.09279017922129,4.25283448084433,4.15022069068853,4.55003616444915,4.49851130337006,4.31102114614004,4.50817945099945,4.14222295944643
FT0600,5.45881812586623,5.04097844448222,5.28101857946573,5.51385524302016,5.47722828131189,5.52059331041929,4.8662385963492,5.51188021230841,5.93378545372786,5.00001506708232,5.03572016317813
FT0601,5.58006377268056,5.41205216173544,5.4394525569468,5.43491616964547,5.46087580616052,5.54892557918924,5.55082809786106,4.88991155542249,5.6254907215784,5.62641826240129,5.51468933913254
FT0602,4.59178821572706,4.50212031185536,4.50139045182302,4.5274455174978,4.50496901222315,4.59834817418877,4.61885808444267,4.03214538731383,4.66829300592679,4.65317632835566,4.54682844413084
FT0603,4.13676672038025,4.02435578631259,3.79838411240426,3.59884190998768,3.47581129284784,3.7620115926405,3.72320098785012,3.45797286836677,3.39784485386103,3.39427042528252,3.63016187019286
FT0604,4.86691114928947,4.42788795233461,4.66806161379664,4.86269946058242,4.88202527891892,4.90888769681791,4.22386932037271,4.70785989812688,5.21991493655555,4.33944752006342,4.44986708151253
FT0605,4.70645870686511,4.71242204798779,4.781213468398,4.67608652262813,4.64642691682092,4.74886271142663,4.6702668605178,4.53197048947875,4.59100313323002,4.70490853253239,4.79075427058501
FT0606,4.12777342906842,4.08493599296413,4.32819753473237,4.22388364689591,4.26628085947611,4.36172213087792,4.44184696752305,3.70239823434024,3.9631631119716,4.3450543985686,4.22566310704158
FT0607,4.72954971759632,4.74054883946375,4.71119027122728,4.50212103836026,4.47370365332322,4.59034570677697,4.49314854626072,2.59035847716484,4.49977131988293,4.48781582770582,4.41979897299172
FT0608,3.5704601680942,3.5510043034055,3.44405289697791,4.01878730300244,3.97676835113046,4.28252522544943,4.24077567867638,4.16189382535291,3.97875204335502,4.10249481827445,4.04137676399648
FT0609,4.22337876996357,4.21699455997928,4.28934710739562,4.18911503696165,4.19192944543916,4.23900194160005,4.18523219694064,2.92647695455378,4.15289034387887,4.22446401652642,4.30269596683311
FT0610,4.05483491758472,3.79850216808464,3.69177959321652,3.28542360719285,3.50518449471063,3.28278119316054,3.26689448135791,2.50978441957636,3.27073948117382,2.8755031891389,2.91757741548906
FT0611,3.84030149312398,3.84334168308067,3.9082417751998,3.74747142596063,3.68712745657447,3.36870875163022,3.56541915182007,3.7400281920733,3.78467958148118,3.64071434550156,3.68653181069172
FT0612,5.2976473878653,5.03865086065219,5.1344435677491,5.14310340487417,5.10304005662034,5.08827501523936,4.68196970252616,5.38987465343383,5.00040585634528,4.8206500588906,4.78880149200021
FT0613,4.89695895365815,5.06655705059288,4.93920500519229,4.84293084810658,4.85980915668352,4.98821063907327,4.96144543626234,4.07696407595787,4.91495518682969,4.89407983937014,4.99103382310563
FT0614,4.510058827658,4.30147865429853,4.48272877075987,4.6413174732047,4.64309422936452,4.69516377503763,4.81271319288156,5.45179224711429,4.63103472796293,4.71718341575046,4.61565391863438
FT0615,3.98942617674751,4.21576921067642,3.97866107118667,3.73845473293218,3.71917649966891,3.94740133133055,3.87034790348328,3.52037741234004,3.94524283089407,3.90605335708037,4.06485776319793
FT0616,4.39977968836023,4.10367404607111,4.32491812770956,4.55567607235623,4.52495970488294,4.39991784582404,4.40174222446525,4.65723629283239,4.54740407099187,4.50304940776664,4.45450308213875
FT0617,4.31643523223534,4.44850481930409,4.2189998851556,4.02407793205863,3.82620702732025,3.96899330355023,4.17468889003745,3.54731058854306,3.64035531337721,3.74342220005611,3.85327593061342
FT0618,4.09118396668898,4.08949694324119,4.13504424177184,4.16169790219717,4.08066390465587,4.26374895771616,4.24627305989976,4.5287369487691,4.13165001497594,4.16796338142293,4.15377526611314
FT0619,3.08604133418742,2.53277861734443,2.38578786218172,3.41294436781932,3.21819100015286,3.38999941644781,3.61929274911553,,4.09542962761558,3.8957764995478,3.35582937299775
FT0620,4.37204074643303,4.20910385495312,4.37403267678615,4.42293605552887,4.34736603225457,4.30126276794519,4.33924277749282,4.04420636666237,4.34262274213254,4.36184380494542,4.3045292312002
FT0621,4.72831119347204,4.64137121309086,4.73787568561124,4.78427121604105,4.76390871649554,4.62927911990972,4.52325428098456,5.0933850802494,4.69724572073623,4.62491501046925,4.65524463275767
FT0622,4.0071417107483,3.90162788836623,3.91990004899145,4.400131263164,4.38181917963591,4.56423919127879,4.63842956424254,4.38611977980422,4.65030796716106,4.64695302278878,4.56974118995818
FT0623,3.99849542840589,3.35076633265029,3.774110432271,3.89383196753503,4.16902868811334,4.54201225379169,4.22842553133079,,3.81560387882813,4.25360733244622,4.38405999421857
FT0624,4.45197054962946,4.27377381719443,4.07541885268874,3.90267558491796,3.70241765857303,3.61718663508342,4.15415213720641,4.42412793302876,3.68953702170108,3.20530364213708,3.49636537639887
FT0625,3.98617455536421,4.05375274076498,4.16920573722816,4.31808931020739,4.22041917603511,3.97421843677564,3.89214668859178,4.40248317876748,4.14415688864596,3.79021168795692,4.15165766124591
FT0626,4.63060327321323,4.56369058478969,4.57915773465419,4.63688201805769,4.64474148077397,4.70467494603991,4.66014270926526,4.75604653942986,4.65679364048633,4.76128686686291,4.57463848913313
FT0627,3.9682728570266,3.424868160322,3.85089176132176,4.16831732119473,3.87236595766326,3.58538616699867,3.36044435912972,4.52879065628905,4.25223808058403,3.6215566215717,3.6690226773534
FT0628,4.90091654664276,4.31593966172857,4.44633111044793,4.62958953109993,4.60919814268395,4.49935714790251,4.35946909511399,4.13486094458588,4.72894142716012,4.46752472433514,4.43375679655309
FT0629,3.85098127945803,3.12494631390613,3.61159260688037,3.6340568693227,3.94390134500943,4.37134916748899,3.93754143953462,2.43799877397526,3.67312226793134,4.11363384571765,4.24194577380334
FT0630,5.53356927610691,5.4820957215711,5.48462680875052,5.41362074964739,5.42567173502912,5.53432049589689,5.74493516871095,5.48489457785898,5.2329060150501,5.27828137542348,5.21764471858967
FT0631,4.21430881206608,4.25458901946465,4.22212162638548,4.14327845553004,4.15254285779758,4.12160027581078,4.40532682752718,,4.25657497689333,4.46167270818689,4.19705312083796
FT0632,4.59044624986232,4.53153443212145,4.39132828048533,4.52334757599464,4.51256551049004,4.46646661496614,4.96866172426465,4.89216889760928,4.70662580767173,4.9057426412483,4.56190783860268
FT0633,4.78515311434394,4.74699644169438,4.7151134935556,4.65875542089039,4.67027373587874,4.74854260000175,4.98312105276098,4.52429003015825,4.50493459500638,4.58561478394062,4.54261501795008
FT0634,3.80882262537295,4.30541964541672,4.37152745664939,4.18881157703717,3.92032359414303,4.20821957822458,4.27696609090319,4.0217695664107,3.9572363205925,3.88617492448408,3.96871400144907
FT0635,5.24794097725163,5.4046978845756,5.31472705058,5.3005472651211,5.34463579720998,5.28515245301866,5.33314443066004,2.81350820290997,5.41968194607758,5.55959296521822,5.40852303745033
FT0636,5.04414148326002,5.3451703678747,5.238500008659,4.99617540110693,5.05178424709644,5.09427884339988,5.18837698324535,5.60769556102399,5.21869499379216,5.21796587991972,5.19680483860363
FT0637,5.15513477021709,5.13794942607904,5.18548781428817,5.05269306060489,5.17438797715449,5.20645213741557,5.19943213100485,2.58038819902425,5.11064548057007,5.10652021442963,5.1215965125888
FT0638,4.66944816892783,4.78985796471765,4.70245732516915,4.69202736902529,4.7509549800842,4.6633510451347,4.69547965805691,2.81968579994618,4.79590308553602,3.86281965455611,4.77607419664452
FT0639,4.41234539232494,4.69591822054104,4.57512610405004,4.43057396527812,4.58953249214533,4.4646541774616,4.55415274391248,5.02926151625043,4.53035071425504,4.59102937057837,4.63863598228651
FT0640,3.95621860077415,3.35823384405058,3.37176805180364,4.44984244280273,4.80710584464761,5.10031028486892,5.24826259549764,5.04593388566667,5.51825605006788,5.53058596612953,4.92976573436559
FT0641,3.95552355126559,4.26392517028642,4.39587304219301,4.1926586755687,4.255083444773,4.25026265018698,4.36153761500255,4.28645894082532,4.32125792170786,4.29059089854848,4.391841920678
FT0642,3.20665010264787,2.7550054514747,2.02815779987802,3.7684582676367,4.08775773142265,4.39226787753822,4.61855830971226,,4.78517358393713,4.8542284510028,4.20744513351266
FT0643,4.64104235299888,4.60398766317472,4.68643893681213,4.64566093569804,4.5346515192922,4.71057761701921,4.69790920903337,3.25193596432126,4.72799175658602,4.76024445078592,4.58672054651689
FT0644,4.161341023405,4.20019238428492,4.20377904791457,3.94032185048574,3.90869958461207,3.89548455128909,3.90664143231416,3.27472669364841,3.90967986374374,3.94461664130086,3.89456844108518
FT0645,3.74865321982122,3.91808106564095,3.99759791142437,3.79480884479588,3.70583437990559,3.75428757215204,3.80761485243402,3.39995339118124,3.52858694690926,3.65951955771062,3.60565423885583
FT0646,5.5070950122163,5.22194107022694,5.33245719379904,5.32125296897333,5.2708745705309,5.3773648682338,5.00847801891967,5.53480288910229,5.18673549933809,5.13051006397496,5.1042630461035
FT0647,3.02248629048366,2.94878674095551,3.39357464258882,3.95655095833157,3.13473919314356,3.03100002363647,3.33782586863616,3.99401290071872,3.53781757964056,3.21036398602901,3.11379967403438
FT0648,4.86929235239808,4.57779931072129,4.74173842662543,4.70660967571323,4.71959233268281,4.70778219412676,4.37472093153608,4.90668714024435,4.75371195341,4.5516841691228,4.47459701609215
FT0649,4.50190145133111,4.380176022332,4.42109849546207,4.34710947456453,4.23743557939743,4.39995319862433,4.42870477682428,4.07808247030754,4.48802442980258,4.47425734186805,4.44447977828469
FT0650,4.74284683764736,4.73318463176336,4.88335281854141,4.90807331716198,4.87677379565276,4.83777930141821,4.9358781351747,5.02547741892726,4.83673814434203,5.1055185496447,4.98323328135896
FT0651,4.44775372281857,4.33068204171798,4.4254219936741,4.35326451280431,4.19898133264142,4.31155899949697,4.22823188018472,2.24838082170643,4.2720280176475,4.22210061063923,4.15932874895759
FT0652,5.14471910392401,5.02441609420733,4.97460592243974,4.80629567876453,4.76112317283283,4.69520205755557,4.68652408805121,4.68918825545678,4.83550460756258,4.78041837232326,4.72653823434671
FT0653,4.71160684465315,4.60993414284596,4.68374966016298,4.68848088964711,4.71439457951312,4.76235318542833,4.76499963828863,4.50644139057762,4.79292448291897,4.82408533916485,4.72439741876515
FT0654,4.82698692121193,4.77877964871566,4.72264866673767,4.84345574116203,4.87016276000043,4.8953425594115,4.91668355068629,5.70804093981023,4.6862898165441,4.9388532428953,4.68027921951434
FT0655,4.50290410047626,4.46483329834752,4.63273727585558,4.46710496775744,4.49264780516732,4.5992064747834,4.6546440961674,3.90654183445752,4.08603037129634,4.66720227891077,4.51807214790176
FT0656,4.2140025895537,4.00430887256741,4.27947988211524,4.22315430217395,4.42357720326171,4.45026439367608,4.43333525612588,5.19279206321653,4.38314333368642,4.47193604169514,4.50229299821594
FT0657,4.85250847470213,4.91584251678748,4.97707541979737,4.91718919417735,4.96082745792735,4.8688141550391,5.03130079287853,6.14673286162579,4.85043152480292,5.1203625678878,4.76305259303854
FT0658,3.61664877699923,3.609566301327,3.61041749189251,3.79311463289553,3.75782433720189,3.85360398837288,3.79547188153004,3.37000337233408,3.80339085893053,3.88077919859631,3.88000605471121
FT0659,4.98235626993712,5.09433991297427,5.11652112535661,4.81163239299162,4.963175472396,4.69110215432232,4.95178259939873,5.10037350908678,4.91818537500978,5.06083174040776,5.11739850882465
FT0660,5.74209032229524,5.48095592731518,5.38326507100267,5.41106009010149,5.41356597293502,5.43154717928086,5.59028321623458,5.56652126343405,5.70790325732244,5.67057548749262,5.45073948979074
FT0661,5.16577300617473,5.15246233239888,5.28552121096372,4.80818530805361,3.88240994583459,4.26390856961578,4.58216587976385,,4.86994080408605,4.47535356134086,4.98363547912123
FT0662,4.77070965013547,4.69252642743272,4.6860622836178,5.04573979666999,5.03533661296278,5.16858497348278,5.17293906794056,5.19627885139076,5.09400373389014,5.18637270199958,5.11704113796222
FT0663,4.33106189004605,4.47357566428868,4.55093614761182,4.17835760408572,4.21415902356665,3.96974011908278,4.13914100559267,3.25050145173988,4.32474880025772,4.05661484813987,4.51493932523168
FT0664,4.76866934047243,4.73483388807343,4.65266984641764,4.62672930914846,4.62558365467906,4.62638444857938,4.67026304132681,4.46200162636108,4.83563355400659,4.78504235747613,4.51903924428196
FT0665,4.09286474636892,4.0855067694408,4.22070733240227,4.02006467766924,4.11335574338652,4.07581246833606,4.12018992804495,3.54293679741474,3.79273734675518,3.97842967287715,4.00085719814616
FT0666,5.04343769329279,5.32334335749851,5.33046182568182,4.97952410253615,5.09265478010496,4.72553653152142,5.00129075966183,5.04179873405807,5.17133597722738,5.18768498118621,5.18409887496088
FT0667,5.21347736945034,4.95537491975393,4.82673457726922,5.05109360944043,4.90626104364032,4.87354400681306,5.06598251955316,5.03547728707786,5.15741372101663,5.13370246265766,4.89940998838938
FT0668,4.26415630350824,4.2277952277692,4.27441516987205,4.12661501598504,4.10427380965875,4.10861165283903,4.07174718136905,3.91662712196657,4.18083418319806,4.1273042077676,4.10506181042607
FT0669,4.44172183075856,4.73425571492167,4.70782905413887,4.36579690806211,4.51014055854305,3.97252193029019,4.29102464241513,3.04121973445809,4.59227862573282,4.58655366650818,4.70635898362358
FT0670,4.22966827840077,4.22166445939678,4.37924174323258,4.24290130955007,4.23185961955334,4.28250827196247,4.42764521584723,3.4712202483093,4.16770997493228,4.30858236910095,4.22513834894184
FT0671,4.03241891128202,4.04761402623084,4.11902166536619,3.70219589260386,3.77933705188692,3.93126740548335,3.83856441083716,3.22024620944582,3.66622561136419,3.79035170652557,3.76616408292338
FT0672,5.52496333105892,5.46397173519454,5.47631317153082,5.6085809160254,5.59012180216911,5.67950982631701,5.69846385139322,6.40146695658366,5.58003573116851,5.64491055298465,5.55926544627537
FT0673,4.74579379703224,4.86503797022411,4.88542188754713,4.84497846145235,4.76868151136588,4.85886969644902,4.826267020677,5.50359449610889,4.72801243888625,4.7860863467926,4.59891549737097
FT0674,3.98100097820105,4.00459639041912,3.96449113394347,4.01695702816669,3.94107705175503,4.0411530565671,4.16278815427503,3.91377727421949,3.75958849350037,3.84547607766712,3.78928463169821
FT0675,3.46860049567598,3.87417147751588,3.91039102843683,3.56016213840453,3.61883295088695,3.71765061170677,3.65542211789839,3.94019390349899,3.45393877147888,3.48069422990576,3.49353268031649
FT0676,,,,,,3.71904703790618,4.06553110412708,,,,
FT0677,4.83384173745248,4.78997114218929,4.81790312355739,4.6824493727818,4.6781899255554,4.07909872804568,4.29009699022525,3.76606443430068,4.9487110174119,4.9188329778055,4.89496161638394
FT0678,5.17219505162656,5.13427700385088,5.24597788262184,5.27385388658041,5.2402639288129,5.25093942992893,5.28549600278591,5.31454541577149,5.26368135892239,5.40308576470594,5.26770604869397
FT0679,4.36904372525601,4.36258330384839,4.43633904724904,4.46957616971582,4.48430120022054,4.45276691662261,4.49969298720329,4.61227079343613,4.49543194066274,4.60715484072242,4.48170344658132
FT0680,3.76797416382556,4.35690919139332,3.93410342743463,3.4091756376107,3.33133147264964,2.50738392102151,,3.30613829083111,3.8035492906816,3.58897665932357,3.74014042133506
FT0681,3.33605396317925,2.86951036582123,2.90518315622645,4.15310382319276,4.09494658857073,3.97263500443853,4.53352597879307,2.35051286062284,4.53484773800088,4.8118552047824,4.41209483054554
FT0682,4.92009835364004,4.50599648954916,4.72870060537633,4.89202894338747,4.8775813610116,4.65827714407876,4.36577328375537,4.36237021770481,4.4243286447196,4.35708933961901,4.65675272552214
FT0683,4.89037333372825,4.65847372460962,4.65251606446538,4.79591358152244,4.78564267831551,4.93320797872421,4.57216883930975,4.83581288371755,4.66500946686756,4.66346986729042,4.59758841490907
FT0684,4.32976454978707,4.24443906552468,4.2233634471172,4.12052272235957,4.11290142303052,4.19802260299651,4.51767494906983,4.0837313938557,3.91545752042864,4.03007989336807,3.89421596615394
FT0685,3.42028768974343,3.76054554635682,3.95442209841887,3.65933367415249,3.54630650844714,3.41527752411784,4.35340105331778,3.21260705731373,3.89227025805486,4.03135881721936,3.96407734631751
FT0686,4.54788620552543,4.32222876005893,4.34070610751427,4.4307604434448,4.52934739752724,4.53509083744846,4.06660218287293,4.51591217176707,4.45144938149005,4.07167876086927,4.40236228575858
FT0687,5.42267862916952,5.47232298955134,5.31543231174949,5.42857805100192,5.3739970342211,5.41722869947345,5.38292648174092,2.81675100603715,5.54256499944469,5.39968186354042,5.48508808509644
FT0688,5.18516847003124,5.39224926321791,5.2544383963399,5.12220757897041,5.19529162185604,5.22825951198243,5.25237756631418,5.74766375948548,5.30313578538073,5.27022889218299,5.30674319288235
FT0689,3.71685303586956,3.19839598266231,3.35560139351787,3.22736636095441,3.8195078671454,4.02976521283463,3.777568990539,2.80883340387691,3.47769415506873,3.74109570091679,3.84333891109042
FT0690,4.7060021381276,4.46245018958822,4.46258362475158,4.88658245237587,4.765754040801,4.43049745429017,4.75139957730808,5.44529128074104,4.82533052517554,4.78463221927752,4.47057935436553
FT0691,4.87200080471883,4.89458351361162,4.75540223525454,4.83756988898157,4.79051579237762,4.87571940046079,4.79842535800966,,4.94369216406614,4.83497231915396,4.90933644007775
FT0692,4.5953458890122,4.75174369070588,4.68415858728698,4.52105850007096,4.5686064375641,4.61737909000567,4.62628938806054,5.1617222934888,4.69547957338629,4.65800270540526,4.73400467179794
FT0693,4.42992470133577,4.35410155149281,4.4285638192617,4.0807473991971,4.20948247297323,3.97200948573923,4.18928124536555,3.84033702093819,4.05663382819316,4.05218211606762,4.08326456086535
FT0694,4.71017806050845,4.81308058775237,4.67727073356506,4.78996340651503,4.69684426845918,4.77650891230055,4.75156361251573,,4.86348982565007,4.74845962096005,4.84780284857942
FT0695,4.44713295304055,4.79101196881857,4.70739716887517,4.55840140076145,4.72309615085565,4.78048798416458,4.84694578801979,5.25409017049719,4.76811973878308,4.79210848699543,4.83148715936759
FT0696,3.46050703523373,2.84869329911868,3.2056075882473,3.34638529649461,3.60114082931457,3.84682875409447,3.61687359281072,2.46606152718521,3.35597355646772,3.60488607165494,3.71727401664668
FT0697,5.85607586916882,5.98082302415234,6.02470193882027,6.05768640448128,5.92998794081325,5.96679074053852,5.69278250534907,6.17621037601501,6.07106588720196,5.80542061568235,6.01012454901444
FT0698,5.27889560948333,5.41031723529353,5.45298034576344,5.48328019569832,5.35651880579944,5.41738466568503,5.15520226937171,5.67408043926227,5.48431265105075,5.25121311798843,5.42096900692564
FT0699,4.10901935797951,4.26519155225739,4.12767388935826,4.26004835988073,4.26445470337465,4.29594492457449,4.29365079302265,4.30363669129989,4.19189889409424,4.27483800670108,4.24295556879122
FT0700,4.66050532429906,4.81871718610066,4.86711989469378,4.8907190039479,4.84877332878193,4.89386118189898,4.51762244392655,5.24030933641864,4.89255916322156,4.76772174195195,4.83381814375388
FT0701,7.21285958641437,7.13457269149539,7.19918412758481,7.24996844239016,7.24996612373146,7.28684176716835,7.26391714324072,7.55580899444291,7.22984708852027,7.30853835186087,7.21168699456272
FT0702,4.96101874458429,4.70707474606755,4.82357049638577,4.79979622951434,4.7127494474013,4.78295650897544,4.48520096921117,5.07447584901533,4.68768194151122,4.63813645100922,4.62400131774384
FT0703,6.19281905834767,6.11887626921624,6.18326724059164,6.24412733691741,6.21222402931594,6.26806404309359,6.2604449516029,6.57563360564031,6.19820079713796,6.29648863775035,6.20166906054559
FT0704,4.52598871673653,4.47364799628466,4.43950946473855,4.36300040506042,4.33527718760618,4.25528210687426,4.32985997095499,3.4534283854321,4.52241342079773,4.49998578009835,4.49335566024681
FT0705,5.5154561918583,5.45513971678264,5.51018956442318,5.55637817519698,5.54695255556811,5.58121843424913,5.6055991588907,5.91131763249864,5.52844918509349,5.61775741553187,5.52480572799268
FT0706,4.60273764102433,4.5572356207165,4.61145397238701,4.63621257989505,4.65685407542127,4.65282164812657,4.6814277843595,5.01884882242465,4.58906408109278,4.68463958281552,4.59921270596985
FT0707,3.13512357052462,3.7368296451235,3.70168025826889,3.53748790257261,3.47135105897932,3.68335258549714,3.66347888504924,3.95180051150108,3.36669251486822,3.26940697344528,3.22915729889427
FT0708,4.44587170231395,4.42905154848919,4.49647877563562,4.35186209055899,4.36753956159267,4.24050570833712,4.2948725937007,4.30899118709163,4.41456934733499,4.51683919393866,4.42789007815689
FT0709,6.29014081364595,6.16866158264339,6.20424247144728,6.34182149233578,6.2669258031103,6.36363107736031,6.18304529661532,6.46883416266978,6.44851390964141,6.12095588489308,6.34786236902656
FT0710,4.4867512706726,4.32258083936728,4.21471610000474,3.97291172256589,3.86626959158435,3.86143206252423,3.86184680554595,3.93626247801207,3.99218768374199,3.94888565122971,3.92178867406339
FT0711,5.72790663447604,5.61428150458036,5.60791692602994,5.78000765061361,5.6914333918244,5.81500312207904,5.62326254273534,5.98599155895527,5.86413174257155,5.5469696260229,5.78413376998052
FT0712,4.40089285283551,4.14312010016894,4.00690806392408,4.61445517324727,4.38134718777234,4.0376455724257,3.72590572483889,,4.46897096986549,4.4155961755298,4.83388713730568
FT0713,3.89807075037383,3.8439317275957,4.06861381992299,4.03805741557089,4.17124809928642,4.18629015682087,4.33428610205981,3.08421055667971,3.59362662367167,4.16834536958857,4.14682709069046
FT0714,5.30499000139936,5.23980774207936,5.24945832635171,5.34599122451332,5.29302601193017,5.31288199738361,5.30529563669549,6.19987003161021,5.25716281783736,5.30215015863675,5.23462516079339
FT0715,4.69429326349734,4.43386704262787,4.43646081417902,4.29461333273805,4.28066111069107,4.26080396868931,4.6995176295509,4.14340459452216,3.91859760765841,3.84337654539167,3.92916976708464
FT0716,4.35388816839274,4.4856844977255,4.51684530256024,4.24698362956116,4.22344605272355,4.35365112493014,4.27811113490484,4.19269630106629,4.3855034563353,4.47416812754924,4.36217133330037
FT0717,5.43740419376169,5.59310291660973,5.66573686834298,5.37700950237829,5.37408392740977,5.22576959279256,5.51773772509972,5.58933901019397,5.47274821270792,5.57173384643337,5.51556651813237
FT0718,5.42314170824283,5.34634471868739,5.40800303580955,5.37182820675203,5.31227662720863,5.20645300455677,5.11221012197143,5.63951631294442,5.57758021907341,5.33106933888504,5.39197420838482
FT0719,4.8586889936523,4.99075610618629,5.03541450659394,4.789975992491,4.77788966017433,4.69361386188407,4.93258996113178,3.85382263784179,4.85140835841945,4.97966586633036,4.91768211701755
FT0720,5.169145521399,5.41217302410078,5.4979306722885,5.27867674097841,5.27567354286588,5.15427029538642,5.44749612064063,5.52595746060853,5.38195942009905,5.45468049783248,5.46158942766543
FT0721,4.92475660899263,4.87925617623881,4.88642910472095,4.88772322209829,4.80287840678703,4.7699163708042,4.61081555748965,5.17489841867226,5.03164208872586,4.79293688111088,4.86741124238456
FT0722,3.72956836371539,3.75647844114238,3.81107869227906,3.76082352260346,3.83009530746803,3.76900509468617,3.85819331664479,,3.78079844626839,4.04593165756111,4.01531230725661
FT0723,4.74489934832932,4.7779679323608,4.76838820731749,4.55534242622822,4.54281018464015,4.75822019314366,4.75943142066791,4.70511248293975,4.43841227812324,4.55905997174052,4.5200880499405
FT0724,5.71382061721539,5.58675191114916,5.64509599395652,5.39121784726944,5.32443073116943,5.06438301708415,4.87177189397007,5.37529039706335,5.40852021643844,5.29474665272024,5.33778407135625
FT0725,5.24219542242429,5.03653996764247,5.15148211971505,4.87564853419352,4.88348062450661,4.32339334018862,4.08155930814057,4.88146907893029,4.89028007922465,4.75318096966988,4.83093950296121
FT0726,4.2620569132527,4.17196598500804,4.15431008025807,4.28569423764977,4.26244862523712,4.44919092089834,4.52576445878891,3.95259310385627,4.47291065129857,4.5306826958041,4.39840319919756
FT0727,4.38611571048265,4.86690481589285,4.43229416775281,3.41765399169052,3.58293329612389,2.83029513118725,3.05478071428449,2.11321632837376,2.96762919002043,3.03544523462622,3.66523289260989
FT0728,3.92975242594542,4.02689486753458,3.82419968023858,3.99209255645296,4.00686598307195,4.02501059405669,3.99133815894624,3.00745317147673,4.00599061446995,4.01644976040895,3.97443491352746
FT0729,4.88313942886469,4.57408594701554,4.65564022862337,4.83046882358842,4.80348985430533,4.85576216463522,4.7031176629065,5.0191893371139,4.82148362475615,4.69358027725193,4.66540337496844
FT0730,4.5646505619108,4.48728669115051,4.44916160644307,4.54933676361019,4.52590190056112,4.53068994941647,4.54500496030135,5.03498125747652,4.50775583997846,4.5116105192618,4.42827526537512
FT0731,3.91051457208825,3.8088646673765,3.84666331149886,4.23089339627471,3.93345475581357,4.36808624321287,4.40658194934668,3.84904764739042,4.16850910471959,4.33135606772,4.21153212327813
FT0732,4.5476975230881,4.49831388749593,4.4958932258542,4.47366689834877,4.43802010378977,4.46032009076755,4.50241446056931,2.58895889778381,4.51317566203125,4.62045624113817,4.51415686401095
FT0733,3.72052488008319,3.75784552032394,3.82918492658796,3.53607302385232,3.73577813660139,3.41413330128671,3.50949801515815,,2.58846038822955,3.79796410625708,3.76462511842728
FT0734,4.24914484475547,4.21546666658259,4.21739819533556,4.51195515742804,4.49853328604979,3.89682503534097,4.76413737722842,5.02447392089001,4.26414132926845,4.59770704122189,4.27783284407853
FT0735,7.66195416287112,7.15259801148372,7.41047975092796,7.57733703645445,7.51946047804423,7.6366380362121,7.33185753170998,7.71522818229699,7.35772578080459,7.26913728479817,7.33175642531536
FT0736,7.09376341258793,6.73794974112694,6.88378789924397,7.04442139521253,6.98931480913445,7.10618702540921,6.84997978108662,7.18889573776122,6.82035804496336,6.8084662747715,6.80382638781222
FT0737,4.97580265251263,4.86124163865344,4.86844667636061,4.7611169878521,4.73940333777079,4.67204245717065,4.70100067893156,4.45381398705354,4.8809655697501,4.83487709370807,4.75134407079837
FT0738,6.23932108442706,5.98679019343988,6.00308779411262,6.17188921439463,6.09692137225323,6.26105156822669,6.1137303756434,6.33542339904097,6.22687231840495,6.07343143857843,6.11037473151042
FT0739,4.862136724443,4.88700161467938,4.92787043946576,4.75604177135802,4.72636171000249,5.06057931315042,4.59726964258836,5.02273098911488,4.47244936188355,4.55502010762912,4.54334523087898
FT0740,3.80669348964488,3.92285279975815,3.82491492087785,4.06070174404173,4.27416288858413,3.60559436098145,4.32143783804213,3.10837852432182,3.85573901030334,4.06825903429318,3.88807739270188
FT0741,4.19787074728233,4.11696619747764,4.1528813157486,4.10354606569289,4.04205663809484,3.99507300883859,3.98296908624754,3.77085416037235,4.15899920672114,4.10583135757968,4.04992799473857
FT0742,4.59401082034945,4.60647121018355,4.52985455261336,4.46057356884355,4.43409582683441,4.64742525949566,4.48878912775063,4.65447454136548,4.4256541495052,4.48460653640609,4.4171372108258
FT0743,5.27532468268519,4.99747486443981,5.08030930225955,5.24976758191754,5.2155958499017,5.26148881268004,5.1333732990936,5.49051838943639,5.22138244879022,5.15699891091181,5.15431915678723
FT0744,4.0887619787528,3.91208690205514,3.96242508284973,3.97344596746293,3.94832608159664,3.80302727660388,4.12229082060994,4.01694790820019,4.0630629239768,4.16951073731784,4.05655696811053
FT0745,5.23026879395148,5.15224074156765,5.14052730314911,5.26200971664983,5.25169303250296,5.28597272815248,5.02141794368317,5.49923944544738,5.19518269400061,4.86629508730812,5.14542946838296
FT0746,3.30970738007543,2.59560746298057,2.54131311874128,,3.0850351711443,3.61658307193204,3.51619049317668,,2.99588879321144,3.13030009682148,3.23683472535706
FT0747,4.67443177583305,4.61599689018708,4.58758693256646,4.71669717289527,4.74801813259662,4.76902156173931,4.41516417520556,5.1111978867394,4.69464673306422,4.25726093159137,4.61121149265245
FT0748,4.04644634677503,4.05144785238817,3.9290743850278,4.00838726554993,3.90535318468192,4.00919617479278,3.98996867172508,3.33346267264499,4.23166033808023,4.26978489271781,4.23064724123113
FT0749,4.37113904377184,4.4141111950864,4.46293161929515,4.46906358989592,4.40497906115396,3.99465103604602,4.35004150857753,4.10060759772064,4.61038230957001,4.52328812469763,4.60860874794935
FT0750,4.5838667452747,4.48243198728206,4.48621737742399,4.63874440064795,4.68104669597654,4.70885822304265,4.75357464360089,5.48353303087483,4.6201239506353,4.74616589606454,4.61527962901783
FT0751,4.40740815228695,4.31946777799962,4.32198605568768,4.15007304017509,4.15483306635829,4.03889561967808,4.1095428580398,4.17689684390314,4.1796148290133,4.08481795473764,4.04920400009978
FT0752,4.39405167431255,4.49038480642374,4.43956333002717,4.17487026971528,4.23527560884967,3.66147363180189,3.99242519112638,3.07407342831837,4.36178955280364,4.31747395210919,4.3927013511363
FT0753,4.00016902144827,3.79879654061973,3.81887877949138,3.90302790046442,3.87215036675827,3.97910404504408,4.094769990455,4.07984221117995,4.13714193701602,4.30890650186179,4.10476696536433
FT0754,4.04030976315197,3.5953559483903,3.81189156967603,3.90333600750823,3.69279339323266,4.24183436369253,4.21241221774524,,3.93911489454753,4.3978389551018,3.91386910994664
FT0755,3.87211337123034,4.01504981684549,3.95943761611565,3.65737571786838,3.73626087213157,3.36204065642435,3.51367931223351,3.0540057039424,3.90740238471758,3.86938377598687,3.98611011427476
FT0756,4.34415147810083,4.26522007303763,4.35069375437652,4.40094460803576,4.32223598288715,4.15094611320735,4.25900992005807,,4.3713914641992,4.40866811515166,4.35769785232378
FT0757,4.23424933532364,4.14801678571877,4.18222064005862,3.97029108089827,3.97635131040378,4.15537161850378,4.15535602795179,3.04324188812748,3.9043808419178,3.93926162907689,3.97648464562756
FT0758,3.93872398559669,3.92766620457443,3.98111549010537,3.95916784590488,3.96464464325883,3.92748590397573,3.80722974215373,2.64492973925518,4.112861363017,4.12376169711639,4.18571704176552
FT0759,5.59875556986247,5.54762694451561,5.60002575216774,5.46069409061254,5.46843638931322,5.47113783329535,5.4799616853893,5.36985185681982,5.43009275171046,5.55946850626438,5.46533994474049
FT0760,4.76865656089301,4.69311432654381,4.766761859929,4.62890296187049,4.62292364775099,4.65725396423354,4.62504033891925,4.74764267612002,4.6237980573643,4.73153847505326,4.60299051332923
FT0761,4.18398631512529,4.11386786913459,4.11852861324608,4.13935232128367,4.01582515201522,4.04123884003136,4.03846113837503,4.1024173002624,4.05579808963259,4.11375616422127,4.07310316547964
FT0762,3.71965374963686,3.7424564462263,3.69556102253888,3.7523453893437,3.74680124985698,3.83127353926662,4.15045860280895,3.47751002669554,3.9749316113475,4.16832007880933,3.86674441750672
FT0763,4.16830321557326,4.25137646655457,4.41404519404075,4.28624692439673,4.5188311159369,4.36623868602316,4.61008264870012,3.43645302135964,4.22942090143877,4.46160949226142,4.37033756987112
FT0764,4.16470314299217,4.11946303472431,4.11109615291156,3.94739773083464,3.99461305282136,4.02695596874693,4.04390741326612,3.59430968593175,4.13818715188342,4.11792229980989,4.0612049290607
FT0765,5.7805130880034,5.7508595530883,5.65473379315674,5.45399467841006,5.45929679291752,4.97937861611863,5.11491197805723,4.77615173614692,5.74923824398956,5.56226120060447,5.53573589252004
FT0766,4.73340540144649,4.37175508304423,4.44190993440212,4.62930266908878,4.62456910612249,4.54230938921454,4.2292356006228,4.82655182448869,4.79807126214342,4.35800660338197,4.33904510998612
FT0767,5.05779751325007,5.03319758585905,4.92767783230341,4.75426607301237,4.7727005777222,4.36674333760115,4.4785791057682,4.23371815919024,5.01868972287955,4.86684209615373,4.85559045179202
FT0768,4.64314020595036,4.44189898293639,4.62498413768411,4.43346959374059,4.64962345649018,4.63544991930621,4.67005143998853,4.81136706039284,4.61921981904192,4.60308320757024,4.66972656387545
FT0769,3.90800146751557,3.8667206652293,4.27839751785547,4.07130569057074,4.14604471598276,4.28638498888653,4.38261986496997,4.04520522931694,3.59457758838388,4.3387787887885,4.13358705222579
FT0770,4.44173641241038,4.7439315125352,4.46050552255073,3.84381330895637,3.94408989583871,3.99988005100895,4.09588861243208,2.97121349961824,3.84332401353389,3.7964274580312,3.99061558873095
FT0771,3.7903325409873,3.92153356242236,4.05619144662132,3.85520498111073,3.89644318564364,3.92958774442336,4.0611611032884,,3.77571684938147,4.09107064349637,4.02150948875758
FT0772,4.56506047128105,4.6032891631093,4.54829609848414,4.54270888485382,4.58966739612712,4.49563541896045,4.8309099689633,2.83222469379473,4.65768480607887,4.79338877783275,4.63553544095755
FT0773,4.3568954541487,4.41750142312091,4.36825761764011,4.32440641694959,4.39086703165069,4.31635858707172,4.38568750125116,4.98132089628582,4.41846730976907,4.41866301947662,4.46237356293296
FT0774,4.37663939940264,4.40899016779497,4.38829649604314,4.19151606108795,4.15887759240422,4.21908502931843,4.24785585849413,,4.24953929522126,3.98257371193275,4.17519496890711
FT0775,4.35774128507011,4.41375981614351,4.19556266062686,4.35969708799336,4.47410353734239,4.34200724539691,4.32689269238739,5.2610496951766,4.40204395130391,4.33900895631959,4.53196238476379
FT0776,4.16568699321599,4.36633948575832,4.11833973821303,4.46660108809609,4.43558738872108,4.41744555331789,4.46708023162441,3.73688737333557,4.51075395542935,3.97067585617757,4.54120177592481
FT0777,3.9921195523551,4.15343066206444,4.12789996211167,4.20618040396616,4.28248103540697,4.30891124888698,4.39266043906276,4.99231809791997,4.25285386485981,4.35019944092227,4.34786547957567
FT0778,4.49201205700082,4.45702002506364,4.42543692518861,4.57661957655936,4.58891273192748,4.63815055269931,4.69480488257588,5.41387105792603,4.56235243205622,4.61766071842281,4.54850901247892
FT0779,4.64901986095712,4.50766091195108,4.45379268664311,4.70444589504163,4.63483343355315,4.41812495009554,4.59163869004083,4.62116114208027,4.73479973901568,4.68071835222715,4.5891207502807
FT0780,4.22716718450408,4.19391081158568,4.12294783517349,4.15022894066753,4.11074275618647,4.00516423117436,4.07289395879935,2.96684364103699,4.34755626011886,4.33820248905445,4.25555999407858
FT0781,3.79114570474225,3.80782658239014,3.94762641127146,4.12426371242394,4.10651448058333,4.08112902019237,4.1252779245826,4.46701596493049,3.98199363625892,4.24874713142884,4.04384253290403
FT0782,3.95260563467828,3.98262341370749,3.86579785933121,3.89441720399747,3.90479955848408,4.07294372324123,3.96738673677738,3.69426627026302,4.10801755344054,4.13624251033476,3.88232063141881
FT0783,4.14640318967393,4.08747121694669,3.98795419153575,3.91194737819252,3.78025795062584,3.87954441894418,3.77628783893579,4.20771925207256,4.03374801399295,3.56718112328071,3.66098583658306
FT0784,4.81692991913178,4.54002035644969,4.62154936219201,4.59546718382856,4.5366826868097,4.61358027687956,4.37877431866721,4.88869063984973,4.51171710099387,4.43803060262335,4.43519904747343
FT0785,4.09812094921866,4.11155501613499,4.06299416881409,4.01215459831264,3.994225702856,3.8242946244811,4.01319894330159,3.57983248812515,4.19629798367729,4.17331287919982,4.08241733691658
FT0786,4.79143954159997,4.6450080005578,4.59257697746103,4.72247517866392,4.68340527113182,4.77185058624894,4.84219102799062,3.84648701567057,4.89613279739684,4.92041689878457,4.76228888945397
FT0787,4.43994443853681,4.34558510377587,4.18719684666574,4.09896224198709,4.00637244214006,3.87152464850806,3.74023805884615,3.33299253620004,4.25762851011852,3.98346653531517,4.03627951889412
FT0788,4.31828659471258,4.22882223559953,4.15208256487994,4.27354486658652,4.21268270056903,4.29714741890034,4.36140841808519,3.64440915491238,4.45098960302245,4.46081171413688,4.34030897933983
FT0789,4.12648585710954,3.9052220456929,3.89608071120008,4.17375765042511,4.16180266033238,4.11490140954916,4.03026397998479,4.49272112478545,4.3311745476658,3.98091152564996,4.19404275208745
FT0790,4.13446568602418,4.0428622983831,4.00704007203496,3.8571692659637,3.8548364349646,3.65113188016643,3.69982322059662,3.8391571933799,4.17751981278799,3.97752776889456,4.00179465832712
FT0791,4.87039614995118,4.76514180308605,4.75419075789325,4.75254101638956,4.73377466326761,4.81843500349856,4.8493032277118,4.29783986714907,4.87277323074243,4.88412639923451,4.80434280025752
FT0792,3.66705395843004,3.82153447936148,3.81587689486215,3.43910791490221,3.63244060041286,3.3362740275621,3.57131777926482,2.97979355562524,3.72232014840663,3.64915845263767,3.83601959231449
FT0793,4.42838506917222,4.4919478666617,4.52432938268804,4.38793078488946,4.40466534341317,4.47455015849992,4.38093282835385,,4.32025098910649,4.44508928136707,4.5251681872175
FT0794,4.70425129564127,4.66861020638382,4.68013247832945,4.77091673427779,4.73924206788587,4.62587173805994,4.62157741774774,5.30424196598482,4.84874306415537,4.70167658833176,4.76262759399062
FT0795,4.5537748062744,4.54300436507885,4.48394645468015,4.26054277059276,4.29419057892477,4.29000741759944,4.31356706718317,2.51783145078303,4.32493446629435,4.29370981131648,4.19284001252911
FT0796,4.33953281759489,4.29479981515396,4.34364095760064,4.04965463996015,4.07646610785382,3.85489146258433,3.72399073468533,3.77837902440973,4.10232660844906,4.02530695121013,4.06048245857005
FT0797,4.56350550122214,4.70699908674674,4.61146312068645,4.3856352691239,4.48103890315937,4.22938214780417,4.44100943887385,3.5843892374623,4.62169015964416,4.57770779064045,4.67736498899027
FT0798,4.34811143620885,4.12439956163179,4.2001030524714,4.30457905809106,4.33027108668037,4.29547613793099,4.22784365049615,5.14358874193775,4.32258868897358,4.20075475864735,4.33632135322444
FT0799,4.73007727781502,4.69045636110203,4.58539146974798,4.75728779565488,4.8170947994163,4.91508940467096,4.66254528269017,5.60365503564565,4.45784288599817,4.59422321260329,4.72947662849012
FT0800,4.08358806740976,4.47981642915007,4.3741725594228,4.14439875161109,4.16281069372104,4.06601796586323,4.15211867254675,3.54511898894484,4.32606051893443,4.30438531062665,4.51891697938501
FT0801,4.54939020791855,4.57658674650646,4.77230522173195,4.78867487371292,4.77792546157046,4.75687605854292,4.87122612182572,4.94613277117887,4.69093125120678,5.00853675835668,4.88647348608333
FT0802,4.41728263846553,4.34010476433727,4.3509157034682,4.28582759668328,4.10555312086474,4.12801091829088,4.14658655841457,,4.07565781584896,4.12907699185605,4.24691401575479
FT0803,3.9630827923091,4.20712932673868,4.12433892872035,4.10459225014323,3.98572134651432,4.08092075735102,4.17644370444346,,4.13650148853538,4.29661829469083,4.13979996488985
FT0804,5.09129124116744,5.00319112827137,4.94808895375469,4.75603487885054,4.76860740154238,4.71286986373716,4.69822860812444,4.66412765606768,4.81679580885643,4.81744742669817,4.73601442466478
FT0805,4.95581993620332,4.99273760085304,4.87233857247455,4.4054742306425,4.40264769071044,4.01804458927,4.50552508060044,4.01441533659153,4.69042442082259,4.81620229514127,4.61257007363105
FT0806,3.6880264251804,3.63582153968272,3.51407470492391,3.74161788191485,3.66242950601635,3.84574229100776,3.85855688425991,4.39694683170245,3.68144916107594,3.82925575690206,3.72671876860408
FT0807,5.0227684948826,5.02881297412971,5.28906849533914,4.85060553524008,5.25002591077547,4.83021189106965,5.17324839297186,5.26196314908398,4.96758617209498,5.19207204708484,5.22926642887263
FT0808,5.01883543531258,4.96853805452106,4.83582253496069,4.90849525790235,4.91287548509619,4.77943559646647,4.79864452659923,,4.9378046093063,3.37857231805105,4.83740784272482
FT0809,4.47783554203879,4.49908582167782,4.50625246130574,4.5070747666056,4.52458116078768,4.44822046722204,4.50644316735257,4.53641235693531,4.61637572809436,4.63299050765984,4.5445889978776
FT0810,4.48998494543925,4.44783242365857,4.73210383606733,4.38613554998692,4.68017574606042,4.58823037657363,4.61578438933896,4.75201068256254,4.41000014864412,4.64535952221331,4.69222943588253
FT0811,4.89627433783567,4.79609137051161,4.8091853220094,4.76522304278033,4.73453584203119,4.88211690370553,4.24538360609823,4.92725447887787,4.64637579315601,4.43332061313812,4.68389398347175
FT0812,5.23929193627154,5.27919383561456,5.51699646175828,5.15967572383062,5.57025068984595,5.24023147014415,5.50626839044466,5.79031094679756,5.29100490598851,5.44934152978213,5.53400379427325
FT0813,5.17120999167612,5.14635694304493,4.90020685249684,5.2001751515638,5.21497233819166,5.13070658280815,5.0667648796651,,5.15197743825721,3.39647544418834,4.95981896871027
FT0814,4.63669067578425,4.67980451317516,4.9340982452269,4.58230137737335,4.98299753745109,4.65376425447064,4.931142996787,5.23830665132481,4.71538855503977,4.85458013470799,4.97210774933972
FT0815,4.58378074416396,4.56435639584484,4.31664327502737,4.63336512021227,4.62936885565311,4.59877326808218,4.51882076536126,3.51312429554744,4.56844447365967,2.91619106928117,4.5067254053792
FT0816,4.17381037179471,4.06699107557289,4.120327993516,4.07339081466955,4.06675258667574,4.07542821992028,4.33675696543807,3.29762038499209,3.89884280770301,3.98335877028051,3.90685519466605
FT0817,4.72048962759767,4.76492948256753,4.99316835900233,4.66081930563183,4.72201871499409,4.74535531548604,5.03314563071313,5.29173462392448,4.79683606690186,4.93744802850402,5.03087283120879
FT0818,4.64834557763359,4.6483255006784,4.34427936516907,4.68053866808488,4.83744973071496,4.68113786665423,4.58183187249589,3.61775619734889,4.64697988488489,3.00661044023406,4.45504632224333
FT0819,4.23187953775765,4.18408952050207,4.01545578045456,4.14054420923445,4.1261659522911,4.15168344893345,4.63844789567083,4.51220600639084,4.37348710579731,4.56557164703379,4.25742286620757
FT0820,4.009379159044,4.02099376953796,4.03803578652492,4.18279984302123,4.31784954917127,3.96937959335163,4.3620453214623,4.1862751502939,4.18629232339056,4.2100944188304,4.09963305907086
FT0821,3.86672955666578,3.84263159672397,4.08873593105057,3.94012302258199,3.96693813232429,4.05884161901899,3.99991788552806,3.62874325543335,3.69721386087552,3.96889501679074,3.95724153182993
FT0822,4.80878190555067,4.91704397600184,4.82417025844551,4.78811975369511,4.80675953949136,4.83092642412777,4.85998439723145,4.70321789713163,4.88047785577699,4.89411747902469,4.72625205658803
FT0823,4.15728522269393,4.10538726269617,4.05690008982913,4.00490413676545,3.99503410497039,3.85836466219046,3.89905425760184,3.70319573603091,4.03723226757019,3.87055644515319,3.97013024975327
FT0824,3.29620422887357,3.98330835492581,3.85837518150371,3.35617570476636,3.42983787538794,3.66440598964761,3.72889446973787,3.29633624195138,3.29450658590339,3.45348150659229,3.68151743475595
FT0825,4.56813129222395,4.51740124718996,4.5120324603099,4.38494911626487,4.40202649315491,4.33019693458174,4.3548162163047,4.15755475897813,4.59100378943498,4.51316579028786,4.56121433029686
FT0826,3.91648819416229,4.25564112451343,3.96304630031993,4.37765377206557,4.33596063305449,4.21447505835719,4.8633908697742,5.59481845061026,4.13992385819957,4.76816007940909,4.46435113281619
FT0827,4.50020628353338,4.379080008582,4.40467730258162,4.40058266376104,4.33563646108753,4.23583043845738,4.45120858935339,,4.42524725436789,4.31142263515931,4.29901995990112
FT0828,5.63156503794694,5.58854648735603,5.58848611083307,5.7103610265504,5.70578318381261,5.77658142042925,5.805225793405,6.47672897980091,5.67972081961775,5.7403188604776,5.67958962994689
FT0829,3.21780258073372,3.34717864941483,3.08949445686632,3.41908640219037,3.61180149880715,3.47738188171898,3.6461241547817,4.68272843435507,3.62445571474676,3.5569122915016,3.24922087422173
FT0830,4.94119202315827,4.89844031026557,4.82962785991807,4.94084895189052,4.93066612115415,5.01464466098854,4.97218472491728,5.64853285029624,4.89317540653064,4.940893259746,4.91227143148754
FT0831,4.74099589274389,4.67764398081039,4.5316753844661,4.75108582466313,4.68997945050593,4.81665638831986,4.54174177087944,5.25363175225423,4.33622509763144,4.59111320353409,4.61508378236606
FT0832,4.52502553300897,4.21242821953494,4.47713997469335,4.43255980611746,4.3551921852859,4.35522307433384,4.42206172703362,4.6375523240486,4.37888824145882,4.44854542127708,4.3260907218924
FT0833,5.05819821826443,5.04429077291618,5.1838574693653,5.18360010871898,5.17046309137359,5.20704390015226,5.24863930947217,5.20798991377212,5.14768319422088,5.33156629333993,5.23770663673447
FT0834,5.4127836498289,5.39864860272825,5.38888506240861,5.33261373486712,5.31544599433026,5.26071100516305,5.3678281496183,5.04097320701068,5.41047129426159,5.32108409315832,5.34056332062465
FT0835,4.63785769047053,4.61958840669218,4.69040245468758,4.59524289839821,4.5848123298694,4.62031222161346,4.70411846399515,4.47301701689906,4.60610436130224,4.64574020709524,4.63607770710205
FT0836,4.38324554401657,4.47381150211764,4.50088662751254,4.48452832461765,4.47645780386081,4.41527995052825,4.56073747742118,4.56417576938438,4.47833085191144,4.60943263066071,4.49392146129944
FT0837,4.58147571710839,4.34597371552483,4.52189438573911,4.73874793951196,4.65971515169218,4.35462570628453,4.59674715608728,5.30955260536501,4.67721575682033,4.65917553526442,4.50491163813932
FT0838,3.88077860315204,3.71806699622827,3.67683961863893,3.61378544821084,3.51724485638339,3.37440415396053,3.44672812778613,3.00998131471805,3.70796136284881,3.62609468553672,3.7333107705139
FT0839,3.67562004677493,3.55743645412493,3.57116765572309,3.79736843217495,3.70878631884748,3.87439354993954,3.96788796249821,3.71672805807515,3.99277234674175,3.9873910324823,3.90367888466039
FT0840,4.16766994504174,4.67377131773717,4.73797601133799,4.49710092882126,4.44414753931227,4.54175986760686,4.61935836235932,3.80581517255422,4.26859389290083,4.36070123888569,4.24266738249617
FT0841,5.12534138191748,5.08264991297888,4.95850613037616,4.9745820357604,4.9943609884892,4.99053151885534,5.14999339490116,5.13913787292191,5.28092698584206,5.18149869542726,5.04612764119186
FT0842,4.64142761996428,4.372400782429,4.79906811822624,4.03171131412723,4.21284113513295,3.97348843145162,3.51676365695625,,4.00407233799052,,3.67462461382258
FT0843,3.88767274253662,4.16311602298989,4.15547028860948,3.91528669898468,3.90466729640204,3.95723821943635,4.04005122291257,3.3622297160939,3.99949230636892,4.03046541656032,4.02380364465093
FT0844,4.48490833264934,4.3859058406511,4.48193941237059,4.54830102006409,4.52198127739566,4.57466121849758,4.55354556774405,4.41058404038313,4.49056447516319,4.58948677034485,4.48768543028059
FT0845,4.01281517210509,4.06754332678489,4.0067910923458,4.07676171527183,3.96407213544302,4.21543960865217,4.18404584762632,4.20472488857045,3.90168404117708,4.03793818508694,3.91440896545697
FT0846,3.76102846550501,3.84259231184757,4.003876863044,3.71849582037787,3.92600417398444,3.89780535843264,4.01355691510946,2.76557179406163,3.58615821638916,3.91557782670524,3.8452923048453
FT0847,4.8985578417921,4.6708060099066,4.54686912241228,4.53188686961961,4.58045895846326,4.58231305218212,4.72408928042135,4.71083259188269,4.85525618861535,4.79152166382351,4.61971153504418
FT0848,7.24387211729555,7.16952800825663,7.24612949445941,7.29527818645091,7.28573094567782,7.32972085697354,7.33607338090482,7.54676408059248,7.25890317707704,7.33708562187896,7.25514231520144
FT0849,6.31326046240435,6.25480028211424,6.32074250238759,6.37013202126516,6.35632506766971,6.40220461506107,6.40683004674383,6.6419086400192,6.32743731957968,6.41452374868119,6.33133924889008
FT0850,5.0702303974907,5.11773658344134,4.9645819491359,4.92338040892711,4.6977104867029,4.86489009436202,4.95337769131988,,5.06615366632127,5.00014843986022,4.98584421093511
FT0851,4.28272192305919,4.28511543705535,4.37996297251362,4.22695598576969,4.30097242653117,4.080564597787,4.26503169632952,4.81098489449192,4.2520019469387,4.41509265463958,4.34331437351327
FT0852,5.63190888047461,5.57707987793848,5.63527939876084,5.6884082071687,5.66086072846074,5.70384287214412,5.72023852761485,5.9876963391826,5.63429887713071,5.73322406127138,5.64541132294537
FT0853,3.69231267207291,3.55148118477367,3.58610714767656,3.7395036102409,3.84582369783021,3.66276505140284,3.73633033732086,4.09149620517245,3.74506745006871,3.78984831820406,3.64707839795564
FT0854,4.58294315103658,4.59768997312047,4.41975193688295,4.35510694035703,4.19971290259714,4.36860810692217,4.47168825195091,,4.53608657590014,4.46205843360451,4.44716532331536
FT0855,4.76978327917955,4.73623847657618,4.76243688306802,4.80621910263513,4.79863552840286,4.86418194375791,4.85794089335792,5.14035548941513,4.76139323508431,4.84826117690533,4.81716882171183
FT0856,3.88392335211066,3.55429515960319,3.51816536719712,3.26320175576996,3.40618430132866,3.06659872558918,3.25443852047531,,3.19461892976411,2.89942949825487,3.17315500597285
FT0857,3.71224985345235,3.66975468872071,3.62778512901856,3.62295732719959,3.62066804500036,3.71549316498899,3.76474370201346,3.42617551028687,3.3306877568933,3.49695790682979,3.4453428155323
FT0858,5.33601848456705,5.4230834670861,5.23770839722533,5.29842431128936,5.08429873536338,5.40423851610937,5.43956770486531,,5.45587406783052,5.37246930506802,5.40978476830503
FT0859,4.44721605605924,4.54416104974734,4.55858886731164,4.46656643249444,4.52674347628163,4.527636161786,4.25419369989114,5.36682856694607,4.48919502952448,4.64919244646247,4.59465585441108
FT0860,4.39029997592982,4.37068995471601,4.42725017900622,4.34945024032212,4.27171539011574,4.29345167688487,4.31501473702029,4.25369055561415,4.34284226951493,4.4418458537947,4.38205582575968
FT0861,4.77341371610421,4.87569923483364,4.69485094541228,4.7563320364118,4.56122131866525,4.8698994768995,4.90482532646839,,4.90132896793751,4.81098350192626,4.85302230816689
FT0862,4.51217793987903,4.35792067719376,4.24355747303734,3.94787901685866,3.96711661909681,3.88537287262101,3.8621792894235,3.89526185922203,4.13085042584338,3.97962177313093,3.92239050055815
FT0863,5.14523207648507,5.1765059554449,5.10047314184175,5.09258707510962,5.10642404327832,5.06534383515608,5.16392313211276,5.64591537764009,5.18616335624504,5.15101665102907,5.16433030959937
FT0864,4.91602276609429,4.9049419979408,4.84068068929559,4.88416770561562,4.87735139099678,5.20806689668003,4.80861997542829,4.85946659480965,4.82386857747547,4.83944334502586,4.83441725035988
FT0865,4.24126313690657,4.23458555907732,4.24910214522824,4.22599758014083,4.20946612563184,4.53405745022997,4.17394870875448,4.07999489726241,4.19172546537523,4.17514775775036,4.16452395790358
FT0866,4.57940116660114,4.61703835642882,4.76154860353174,4.55910426462617,4.87173408038868,4.54930470595604,4.65597242816134,5.1137751087066,4.65680947231673,4.62666734674529,4.59213228958319
FT0867,4.62047403214537,4.34560701502794,4.40219279866204,4.41136776207969,4.41658490852826,4.53477495508685,4.06203786686139,4.57140380287889,4.27442194563546,3.95192798281409,4.25413386631948
FT0868,3.9616928663502,3.72005432180096,3.63565138465347,3.80449449862262,3.80961129012806,3.84608043297874,3.96243486597048,3.16702972883642,3.94470405218213,3.69235268213358,3.87178203111873
FT0869,4.84689584546053,4.97450356922186,4.90763376318322,5.01066359211359,5.03991637631502,5.08596415276809,5.14625574154872,5.7595766029271,5.15865772244964,5.09146261945348,5.10573331563642
FT0870,4.3307587583464,4.42932071321581,4.34644382107607,4.47673352212536,4.51639040912745,4.56397334443283,4.59384249038733,5.26481098571021,4.59807916637928,4.50689823380958,4.57029367809685
FT0871,4.2675747604706,4.40410177728872,4.37422982905296,4.49596534678357,4.5423598174045,4.56360359130601,4.64616595201463,5.23170560577181,4.60156524886482,4.557568228756,4.60611845443825
FT0872,3.67730337134409,3.69345006115882,3.59771084321805,3.54480555792737,3.4596749029459,3.39491394365006,3.38525790788035,2.94976059498355,3.71123722533097,3.65734946809811,3.77153964990457
FT0873,4.3064039720826,4.30202215932543,4.2605713175282,4.1627904079327,4.03677526419638,3.89951111387569,3.84625106302166,3.85122668148349,4.38279214594878,4.18553185428916,4.2403034193652
FT0874,4.67245649327043,4.57770712445676,4.61191014844798,4.49585285913343,4.58659799018579,4.43830879148875,4.56018569568497,4.69608009428815,4.42734628455597,4.43592130901816,4.44881181569975
FT0875,4.79446887339886,4.89239846647759,4.54398136859774,4.84349609376591,4.97191132035479,5.01498254991607,5.43225407246321,5.88280298659329,4.72919496539611,5.31368721284882,5.27402238438205
FT0876,6.6741511889004,6.62502928262431,6.67030175290602,6.3847729393508,6.40316011061965,6.08557109625024,6.09360562195699,5.671128050936,6.4416017826731,6.34595403478823,6.38354299696779
FT0877,5.81874378190469,5.78877187318841,5.82206584501009,5.53102045044223,5.53620874648279,5.2534814945491,5.26824080648698,4.98309974205071,5.56307252421605,5.4831333841971,5.53422061485632
FT0878,4.57692161929448,4.56163392003133,4.43829761746889,4.59705414273782,4.54226867393008,4.59197240997186,4.60933808432864,5.06728385835878,4.55919747753146,4.61310199962766,4.4685277964799
FT0879,4.12096519697114,4.07842739396675,3.94015082487349,4.06720517873706,3.69407696683087,4.14123188206332,4.49980780607648,,4.17907558824927,4.4526439164731,4.16405916820371
FT0880,4.80210673416815,4.6942770794886,4.71052268617593,4.7069180197375,4.69341337320752,4.70750951409018,4.75769758648071,2.96284292306097,4.85013549069979,4.82986458263708,4.72848026430671
FT0881,5.18398764391824,5.15350758133783,5.17213508888096,4.9056653496253,4.92495887171372,4.66273991326544,4.66789901772777,4.49163263092807,4.94972588415756,4.8624021499522,4.91492221333391
FT0882,4.32732005330335,4.30298272529735,4.34878760937938,4.08133998358123,4.08399725669856,3.91608807265574,3.89451065830451,3.83496294061068,4.13888558849374,4.11872283426127,4.12173828241245
FT0883,3.9846196304877,4.05473739903428,3.76803685006188,4.1969178131682,3.95367634958809,4.29866366503002,4.63645631725827,,4.26313685064153,4.51154214220691,4.28086644654858
FT0884,4.89516034310937,4.85372699261485,4.87446150364279,4.76765071028948,4.74778204004283,4.72555113573039,4.69188811132849,4.6012422210842,4.83330933240464,4.82384187664209,4.78139700410262
FT0885,4.82528673166636,4.98305331902228,4.84861990663734,4.62155467933829,4.63689272362107,4.32472535237434,4.59372399534649,3.81736984569968,4.86434180716744,4.88173007397239,4.94200346065172
FT0886,4.18060022629658,4.14188972954216,4.15083073061909,4.12014346574196,4.08932819186891,4.09548167857015,4.05504047861969,4.07572712936123,4.14173097105393,4.20104372329249,4.09175788968112
FT0887,3.36347957270667,3.68051606712994,3.71455575694366,3.57662086475632,3.49185926879045,3.64013575326086,3.6390736144008,3.43521268280094,3.40644191478626,3.41366221592145,3.33949525938503
FT0888,3.69515603520026,3.56186271168273,3.55357324689838,3.90659504077828,3.89813695250561,4.12544061598806,4.15251995380971,2.76033844519591,3.86828395469167,3.96819384137332,3.93839922641476
FT0889,4.3218308307629,4.45177685773752,4.36105777666365,4.0786809579509,4.12743453693921,3.72360287487363,4.06856411394185,3.08565597666089,4.35486145769183,4.41286966840126,4.43161284907928
FT0890,4.52201409620016,4.85420051950531,4.72309041739636,4.44722565575201,4.40748298427048,4.23891086147938,4.40384820741926,3.59386345319634,4.62713035549219,4.62418154892431,4.74701162795325
FT0891,4.55464204857834,4.70302466644906,4.58035387640856,4.56601112757848,4.61286836789066,4.60970191045053,4.7193389419005,4.63052617863112,4.74074438091354,4.6043781076542,4.75876231775477
FT0892,4.16065683826947,4.03512530661695,4.13433562148919,3.96686038080475,3.99718335327991,3.80298753555271,3.78229353736989,3.45928258331993,4.04266438092828,3.98785712722457,3.7606781164086
FT0893,3.91924022065346,4.31076654792871,4.20247095330528,3.70603107511721,3.85157679153356,3.26954575438975,3.84652327062564,2.98138576323918,4.10099681729139,3.84694391851538,4.23103713803484
FT0894,3.64161872406342,4.30144233177925,3.56785066472732,3.98072669763264,4.20782489886986,3.63811025937351,4.12454603435672,3.51980813050885,4.35569483954834,4.17630080480714,4.3352076179525
FT0895,2.84181560035094,2.9150560715116,2.75858655817184,3.96044375646689,3.98302581404624,4.25459404726918,4.21214212947285,4.00662755128058,3.95480915287639,4.11924180815086,4.06061144162542
FT0896,3.64649919530031,3.97996526865861,3.75413994459845,4.0143303608867,3.92629783502901,3.75914406165873,4.07714067705104,3.75383775636123,4.04276508953597,3.90495682170242,4.13242340514788
FT0897,4.63800148908615,4.56006714973965,4.57754848424922,4.5510894642317,4.45902559073974,4.5700409390936,3.82822405013404,4.70079802263648,4.50004214159532,3.92004281250419,4.46063320735475
FT0898,5.22627633350903,5.03183867933073,5.24457997728749,5.27968678794828,5.35858406598117,5.61248077457026,4.22321950171504,5.43205035747114,4.80948727185422,4.16707427931384,4.87317582957448
FT0899,4.71534647563784,4.66487607512099,4.71825520276429,4.82059184241183,4.82536625685676,4.87943537544436,4.926725978478,5.61170250383142,4.75980650949218,4.85812149023828,4.76706825349868
FT0900,4.49202239735052,4.49648375622347,4.34493570409689,4.35207955267266,4.05390691829451,4.43566521897625,4.45875895899321,,4.49729506005516,4.46262901508711,4.46422950273863
FT0901,5.29222848895373,5.50607523424724,5.32935590957166,4.89104096617882,4.93262474389939,4.85745450067904,4.60294872913995,4.31696090558565,4.81909859835045,4.77648569023243,4.94547276046933
FT0902,4.51259047242625,4.69350102927387,4.53244045107562,4.09795419741564,4.16304960396151,3.97473025591998,3.21509126643456,3.37270640070845,4.01417425274034,4.05939175389562,4.17538370256065
FT0903,5.53874781768693,5.47704660648237,5.5543605739476,5.43114211907918,5.40908549926102,5.43065653810174,5.45745802554788,5.36477219162854,5.3669045373466,5.51592318012349,5.41971315533604
FT0904,5.5265000877996,5.70057600659772,5.33958419045847,5.63257907666449,5.56745868859375,5.726742786385,5.96961064867634,6.40854868228205,5.4516208250109,5.86240164557271,5.68837875194478
FT0905,5.37363173701622,5.41038806132116,5.26506133027398,5.34280271973963,5.14666998408681,5.35761699103946,5.38603184570213,,5.47380732735432,5.38154467532248,5.4352404243541
FT0906,4.09775963477395,3.9372400925107,3.93757803649392,4.13356625244355,4.12779781655083,4.21182205651631,4.34737485082107,3.63953631361374,4.28831323887868,4.31032703033075,4.20962954994191
FT0907,4.76465280364778,4.7189511380392,4.76060569105098,4.67604161990074,4.66869840676281,4.63624663563346,4.69258219178302,4.75024007508475,4.58996767288362,4.75896688562909,4.67232126875794
FT0908,3.90008909773699,4.20061854389662,3.6724706355162,3.97632497273094,4.08574053318791,3.87155903051804,4.05302099808857,3.96425200858152,3.97973486061001,4.01091702223406,3.71244989136223
FT0909,4.87625191625986,4.89510731073512,4.73508180660246,4.82824623533398,4.6618357977621,4.84882545505669,4.87911681038397,2.81463700240559,4.97349070439241,4.8750724738547,4.90876350614388
FT0910,5.10135750198039,5.22811637416814,4.95391989552551,5.19994392836016,5.14464686255356,5.2695965077903,5.52703383284238,5.9560067772997,4.95865295533533,5.42896090050877,5.26077182420584
FT0911,4.35484715234188,4.05364357787652,3.94345273931296,3.94120358636883,4.17701385830361,3.93630887234824,3.97250007249338,3.9431703578466,3.924465101428,4.01783025784565,3.90443951990129
FT0912,4.18496372007677,4.14033347817656,4.19958586429246,4.10817091751952,4.12610357182234,4.1297713048262,4.12522290309421,4.02259340702579,4.03313551092937,4.19728319523392,4.0723681552683
FT0913,5.02981582153557,5.16168011606992,5.0496487501961,5.33319466883305,5.16519424116113,5.40819760080529,5.42109625915475,2.82173128326273,5.4690364940676,5.35295724633784,5.46460584086179
FT0914,4.11675569298814,3.9615037939777,4.2112681704345,4.3079768704077,4.36111504823313,4.41487089341108,4.11803786660455,5.40579969920997,4.43409978256144,4.24396301015683,4.46311614430151
FT0915,3.75841035775914,3.68566956327798,3.50931518598924,3.81490653905759,3.66160242630626,3.84364594868012,3.85197290142734,3.09578855029844,3.93658019299546,3.9458649040033,3.86722034725578
FT0916,4.51752754911682,4.63817529151763,4.4995351275622,4.82858680848689,4.63892480092772,4.87528933981629,4.88892387662748,,4.92058464236062,4.80833119881481,4.9158809520586
FT0917,3.68249670378608,3.90840128018458,3.83475357339251,3.52655868545801,3.59058128485687,3.49955240215794,3.80781443761484,2.95331533600785,3.95958888259467,3.84020948964673,3.99298429339837
FT0918,3.41092287227498,3.80080176759105,3.57917087521627,3.73300851945499,3.44223094749446,3.73850742502457,3.60721240841828,4.35197184992411,3.79467987362516,3.65748574017723,3.7832015327557
FT0919,3.73245260076377,4.00531451393195,3.81776574894022,4.13860906420647,3.95556775362514,4.24692546933815,4.25836995994452,,4.27519328421751,3.55047406465166,4.27420303117594
FT0920,3.82473868624348,3.91918903481112,3.80045221521306,3.76063277034202,3.91202338635377,3.99682198417297,3.90455391733132,4.37905244245528,3.96519938552497,3.91533846527418,3.89389940615369
FT0921,4.43013890734082,4.44727831753148,4.50212869930216,4.21554480094446,4.13736490375457,3.86425861137338,3.94323689746944,3.86976157467834,4.16247936791776,4.13221537056948,4.16726939197614
FT0922,4.03531015731673,3.99850309422882,4.00224471254349,3.7785392476642,3.83803816086634,3.81040639253174,3.75413024361742,3.8118123978387,3.75249592995949,3.7547386836428,3.81342690051138
FT0923,4.34865080729469,4.46000416646365,4.32551855069493,4.14848247153877,4.06302808649007,4.25273904827473,4.26515146157268,4.32104614415851,3.97391313524589,4.03237262962802,3.99312150886017
FT0924,3.81355005632915,4.20041274299143,4.1075199178276,3.59164770140195,3.4525449291789,2.17321391357398,2.67311296994544,,3.2981966192534,2.61269093238755,3.05464987312674
FT0925,4.2242921903959,4.31374106823906,4.15082540586382,4.1179572029496,4.12269828992471,4.15495108180493,4.14160558857988,2.85973239623943,4.59560844107311,4.53758876651916,4.59220458995778
FT0926,4.08902707022485,4.23913536908504,4.13270888405021,4.10280554062724,4.06131450907786,4.06023640713338,4.18585157687137,3.2573313380501,4.23947801785681,4.29658390093059,4.39338153057353
FT0927,3.5415582326304,3.62665038787755,3.77723647161262,3.71200573953469,3.95105488585095,3.83873806321584,3.99549461935143,4.78532746334545,3.836369643974,3.96664864198953,4.07319779692825
FT0928,3.9406565188655,3.89086586339436,4.01892054408605,4.04256959147529,3.97489887184516,3.88437255930272,3.93901944954915,,4.07655467254677,4.07981822156045,4.03807044061031
FT0929,4.12847798920815,4.07619456241878,3.96161778961892,3.99225243563485,3.90846173682508,3.92652239064496,3.97658915508305,4.34395130815261,4.00887335736722,3.84949013420651,3.82286407323965
FT0930,4.54937186839344,4.71793877859398,4.61068243266206,4.53383756744221,4.51955299200819,4.39867950024074,4.61711485904537,3.60921459890341,4.6903954220071,4.67083512301951,4.81360537556024
FT0931,4.24932744060167,4.51344662250488,4.43836497886736,4.49458247669888,4.5921133603627,4.40623718442144,4.57854612070017,5.33031394705655,4.59760169738026,4.51295129862571,4.68475842811672
FT0932,5.70666694472302,5.80519405243803,5.60562356811715,5.78636338243621,5.72528634482372,5.93974636966869,5.84256597154587,6.31212753600208,5.58591416081455,5.74239454416781,5.80533606311105
FT0933,3.53970411614839,3.91284050566835,3.90549824312222,3.64581955982975,3.66262356340153,3.74196715728216,3.7145214333523,3.5416156956204,3.58936511175009,3.58546840351451,3.57412509341385
FT0934,4.0023952107012,4.05388305923284,4.02362289533847,4.04884754979613,3.97475372191934,3.87952536332015,4.03803963619707,3.97193288144603,4.11558497718565,4.01219893610164,4.06044179547567
FT0935,5.24258834016929,5.5098071289719,5.42135232235817,5.20178783627351,5.18601887489134,5.01692020394355,5.25135404199389,3.83956301994085,5.38546197674743,5.34709152623473,5.51653578702945
FT0936,5.21742261750329,5.35777236828296,5.19956967338967,5.34129852118188,5.25799566668572,5.50447582486817,5.40808958720761,5.84711920113296,5.12480354261769,5.28309984868198,5.42214821322862
FT0937,4.46820119810024,4.35949756068683,4.26384455024482,4.11243067968879,4.10923612594248,4.03130596396732,4.01024187661238,3.95611722625799,4.25181553422982,4.08060729010599,4.08551186313537
FT0938,3.66025145903679,3.52181539022196,3.47727790854103,3.63457150845835,3.61227070344648,3.64240371327,3.9333350395264,2.8970049565165,3.78571821841277,4.06415035237216,3.69642248557766
FT0939,4.74456061906043,4.96393796443759,4.88086180773781,4.7003952051256,4.66639211456242,4.53250393058626,4.74530529310461,3.52461587578951,4.85487406818707,4.80929435070685,4.98265577633731
FT0940,4.73396816858762,5.15076974622669,5.06463747787499,4.93427171316732,4.92328426701962,4.90172037985756,5.01861345153716,4.36186471285484,4.96840779746418,4.97359253286286,5.22785332138745
FT0941,4.21046358375843,4.60227519770676,4.54440839935833,4.41456341926016,4.37147176447326,4.37466505176582,4.49347857821248,3.62130491799873,4.41814193191432,4.44807048413307,4.67425851827436
FT0942,4.23236810982379,4.19569551847317,4.13272788696449,4.0563280414737,4.07232566775153,3.83926970668963,4.01689236834886,4.5891971526671,4.09384338892462,4.07465002064168,4.06741964631621
FT0943,3.69045519641648,3.93297415272166,3.80474352111405,3.7724819578501,3.70195101601384,3.80617787045294,3.84282996841019,3.54881737526139,3.92488585412224,3.85999392265383,3.83149388601792
FT0944,4.09846763248914,4.03135502117365,3.89483334045924,4.05851455446437,3.891661830276,4.01594185504875,4.00420597898194,,4.09946413123644,3.34065236524907,4.1300114537886
FT0945,3.90494706264763,4.17588114202469,4.17381941181207,4.11231124359403,4.08614218018476,4.10711735054955,3.96978348980101,,3.90708659154844,4.12984373485339,4.24930038604894
FT0946,3.90950200428945,3.84603352029039,3.76222772247191,4.16426524361913,4.06442843389168,4.14965908356767,4.2622256002887,5.55531770071025,4.08029646131358,4.13615771341597,3.98347179679632
FT0947,4.20201235849551,4.30078440433096,4.17316331279399,3.85467742666449,3.85990726496746,3.49074451107036,3.68799771343622,3.64388828561805,4.04809029319226,3.98491213323375,4.03134981169362
FT0948,6.71548406625879,6.68273258787281,6.65401259938492,6.54847815658759,6.51862892649391,6.47580896320687,6.52220510956814,6.47175450507667,6.50440950305978,6.45163682683827,6.45396895974179
FT0949,5.94344535465771,5.93878483820621,5.86248565113912,5.75255768586526,5.73974640939473,5.69594214530825,5.76001772081518,5.74761424740546,5.72186715860727,5.66591171474436,5.65600613498355
FT0950,5.28798304848453,5.29237932925319,5.20552297481744,5.12219119331974,5.06524262269202,5.0543120991271,5.0928978846047,5.17502662602266,5.06656695376781,4.99706322770219,5.01116296364951
FT0951,4.46466215915483,4.46233264940927,4.65048465472243,4.63976646980506,4.65206049523982,4.65676385013083,4.80290416094449,4.95621831340791,4.54744658635876,4.85273861965501,4.76727347123124
FT0952,4.05740979864469,4.10985620002539,3.97544740805601,4.1074514066964,4.02615908682649,4.09098958487144,4.07506015308862,3.49444643834952,4.170317812475,4.01491836818092,4.14100330639129
FT0953,5.04917360603291,4.94751907589657,4.92770715126971,4.7243967643801,4.72920147652445,4.72613086030814,4.7052425187986,4.83658285034216,4.78909149245335,4.75727320768447,4.71696498861414
FT0954,4.44992239937238,4.45340858458967,4.36925503367324,4.28153438131921,4.26970418255375,4.25204470222293,4.2930416700606,4.34675347537811,4.26836720060697,4.19269740111074,4.18479161298093
FT0955,4.2847037315772,4.26773645014617,4.33188835339522,4.42299706167383,4.3938769528307,4.39398879517954,4.02618132712865,4.86664291079597,4.37078662935227,4.06655071405296,4.36344781684586
FT0956,4.00604215047614,3.95064652324661,3.9378980471561,3.68782023185376,3.94526963561642,3.69066245371561,3.65190750139729,2.64119363126263,4.06758958307258,4.02438776571102,4.05513859876185
FT0957,4.51438934574116,4.49051267059159,4.34813180671862,4.3276346224166,4.37019683211828,4.16570635581956,4.37326895815825,3.78976351807364,4.29493819848424,4.20579768410971,4.30178216858894
FT0958,4.36497731387425,4.31220757259887,4.3399864241217,4.24525818411879,4.17189824297018,4.25767417612866,4.34492892722387,3.99608075199237,4.15028459753187,4.25190651054608,4.24286590148023
FT0959,3.90762665988051,4.12125200106172,4.0156481836494,4.20217729035619,4.1220607485335,4.17405470034108,4.18064200373376,,4.23445395516524,4.20049696975299,4.2481539581062
FT0960,6.64290521988085,6.06572114846584,5.98964401590403,5.61207974128187,5.7693970706249,5.50704836603869,5.58417027239454,3.99359768950375,5.36865485191041,5.18951916050939,5.36048291882629
FT0961,4.36060684341258,4.37039092991059,4.47338664649625,4.46110934466193,4.26710461445217,3.73371228579467,4.41325079582796,4.43573528075624,4.52148819177071,4.55932693731026,4.50686951253532
FT0962,3.7091951583387,3.79078249196551,3.66900445770031,3.57790094796232,3.68791787853846,3.78701985800313,3.74848020910103,3.29332293707681,3.97083876260563,3.93877440584943,3.97464483124001
FT0963,5.96412221862311,5.41743019084394,5.33442615469842,4.97208697663219,5.11882955189799,4.86452730915096,4.98583576445111,3.48566248736987,4.7558018812885,4.57349128240032,4.76029812247514
FT0964,4.94534142056221,4.84467109086776,4.88542672660018,4.88922305737318,4.89110956885392,4.85376433650961,4.90861365436,5.40443542872979,4.74373075114134,4.87296031997743,4.92426134384228
FT0965,5.63226686766959,5.09249689530923,5.01899219261863,4.68212358464234,4.78517537231739,4.57184058405354,4.6728124337926,3.34271611047782,4.46393777328633,4.24045325621447,4.45222569915496
FT0966,4.68272917335854,4.65794024987274,4.67491999862391,4.32591588315598,4.36478799537201,4.3222633898186,4.37876751716777,4.20623862548025,4.32899354079322,4.18573808918663,4.22125025473387
FT0967,4.54882204513069,4.41154437044184,4.30535354932188,4.4803762502411,4.37425230698375,4.53025934371202,4.54648329738649,3.59360197056259,4.62197724745874,4.6447425764369,4.52460759886136
FT0968,4.9019022231068,4.39810850977881,4.31641250947824,3.98598700481558,4.09638249787197,3.81162418218934,3.68031547447461,2.54561277190821,3.8311713899743,3.64919498152984,3.62687044015715
FT0969,4.29548762629661,3.86230150253237,3.78109689159629,3.45886825647324,3.49933572124028,3.35480842245527,3.41760157617736,2.1831530309699,3.24991506023687,3.12237648708254,3.2227700304595
FT0970,4.09919975787544,4.51969529252018,4.36488124919622,3.67912388403052,3.51106572647043,2.86779646925345,2.56465166064895,,3.61647352322448,3.19017634396177,3.77118142265391
FT0971,4.15504805970913,4.07900817173982,4.00536698339452,4.1291459238769,4.04281225868559,4.16006641545703,4.2247711983906,3.40845209272598,4.28786979339064,4.29876938263835,4.19530512198122
FT0972,4.41477108364851,4.29209440763237,4.37345300639963,4.30083265697995,4.35334525495553,4.39868985465393,3.89606710835501,4.54243764675461,4.39251776098741,3.86064756630149,4.34546323601761
FT0973,4.42545894228362,4.84715633335271,4.7081342559241,4.31851260182159,4.28627149869729,3.82726673350492,3.90207257573633,3.75279619203023,4.10878736532151,3.79876188233122,4.37208307099761
FT0974,3.9531631780343,4.42003368630247,4.2670010724737,3.80806642741618,3.76039164402362,3.29734432549586,3.2248633765641,3.3880766410353,3.54843573524473,3.25151898799489,3.88338799349781
FT0975,5.04731381581539,4.9253968755451,4.82320068100371,4.86973574812573,4.84408528969718,5.03613390553585,3.99003725804363,4.59115196965048,4.64714659468385,4.10095251520495,4.63944119690072
FT0976,5.64276949511643,5.62877737073449,5.59378289713834,5.71365453264446,5.71568080591548,5.79665824992017,5.81282565736964,6.45302445969539,5.69578795790311,5.7357447477184,5.68364148594284
FT0977,4.54231217737473,4.50773438617326,4.53177663573465,4.40099839272798,4.39943236053569,4.41040156804866,4.44997684423015,,4.34799658105189,4.4409932848103,4.49180562765038
FT0978,3.86725907079001,3.89694297196689,3.79365251100785,4.00346409972284,3.91861498763326,4.10485514192608,4.13627077900207,4.29090100790443,3.9208237024586,4.05719899030995,4.00647849208991
FT0979,3.9616763908697,4.36568879099092,4.17101277301195,4.20453077640949,4.39380896020322,4.4124069489135,4.56998623975323,5.16945608735343,4.40062879227989,4.41518639579199,4.56631859466627
FT0980,4.10969034637032,4.20829939269546,4.17546417012659,4.19483334427804,4.17335889562031,4.13791104608821,4.29047204198884,3.11758078761678,4.32398774296618,4.32121204305323,4.42542221888381
FT0981,4.51117837680614,4.43020377617337,4.30952154645308,4.42728305944579,4.39128960689222,4.51713635206955,3.52108056372425,3.95193783005897,4.09059391427795,3.49101151352052,4.04479299151684
FT0982,4.94898044210948,5.02010333156883,4.97627829022554,4.99942540391678,4.9642388255442,5.04017450838348,5.07258070400066,5.72797039288827,4.95628207185599,5.00729006268633,4.96926955099643
FT0983,4.5264809945415,4.53737154793782,4.51907088318693,4.46706665297926,4.47652927367802,4.4280079244488,4.53490285015892,5.18000984213634,4.42402130052473,4.42382346792712,4.43020720613662
FT0984,4.07624268099536,4.18988980250307,4.22574559628834,4.1179789105884,4.08399384746015,4.13807297271112,4.09240345728945,,3.99971440704615,4.11693316625034,4.28378606871012
FT0985,4.88155679519339,5.08164682592746,5.00470100216051,4.99264390935708,4.98703112038285,5.00730510419784,5.2199069236906,4.49616705172238,5.16848332536639,5.23524276939826,5.37472613903245
FT0986,4.97101111754906,4.95984606765849,5.09574727670105,5.09169724485774,5.07226728872528,5.13185747150871,5.19093580158526,5.15226019171494,5.03550051082779,5.25610817168538,5.16779759444004
FT0987,4.39507882642396,4.63064313707286,4.52472299376153,4.49072235323325,4.51055483619066,4.52904879586729,4.71947620850329,3.73532733565272,4.67938290937863,4.73905657786001,4.86276466434203
FT0988,4.30562569748199,4.32167086940589,4.42737774932531,4.42265531774781,4.41478823320844,4.48786103756063,4.52946659161635,4.51188005571975,4.39728447984786,4.60301215463209,4.48292782779405
FT0989,4.3385410762475,4.57080693671698,4.46504570426398,4.41528419915018,4.38778996247281,4.40325749163436,4.61478070859729,3.67958558387265,4.55892429706302,4.58085223599501,4.75232241740485
FT0990,3.66006178519428,3.58387714795944,3.59346050447248,3.19647911329566,3.10567694346337,2.2158979524816,2.48833324229722,,3.28127286563195,2.80333747768953,2.87075541445862
FT0991,4.24361595652745,4.17725799843757,4.12097328450061,4.25380235374644,4.26984002779576,4.20402427199991,4.08406775662269,4.50957873444001,4.3056166207177,4.03016978378806,4.21476369782555
FT0992,4.66554127423787,4.5278267569262,4.44990520317906,4.35740422082622,4.46924571229778,4.56557745385967,3.58192179139618,4.23572110207566,4.38651060670931,3.71056000947854,4.22453606224041
FT0993,4.59472862135456,4.36212544143327,4.47903004232652,4.76582470863679,4.64669184250602,4.64478121153603,4.65320580911738,5.34512902716893,4.70261121335699,4.68201404144386,4.57372780085516
FT0994,4.51219814499236,4.53825186449434,4.47149615639953,4.30518105488141,4.33768005349662,4.28098858212606,4.28967525680982,4.38600093801153,4.21154517781358,4.26787605345786,4.2505608051856
FT0995,4.40986087573037,4.44846688869568,4.38868859946409,4.50722574048285,4.47199158089799,4.7435664082244,4.64433095103569,4.62366932269413,4.41454285208547,4.38796474386577,4.401307060196
FT0996,3.95761571430235,3.93095976832411,3.93762944970897,3.94870873438178,4.0045358785071,4.10932054011739,4.08845723469279,4.10167052691459,3.90871829288334,3.84822433441115,3.87467142298448
FT0997,4.15595003997346,4.15642109380442,4.0358424373086,4.13709735558195,4.07593400754728,4.11554746068394,4.53472501856407,4.49151531049753,4.3157266056611,4.5175652908697,4.23260204084345
FT0998,4.43332026408685,4.35087689963567,4.44236450404823,4.45784538443335,4.48445359210958,4.5370265502291,4.50077428462685,4.29952733946998,4.45274468736528,4.50442102354428,4.42844348787961
FT0999,4.62200377977462,4.49858781978917,4.50820011507847,4.48580133389961,4.48285802745888,4.59608110635627,4.6863177451989,4.06536299646798,4.71289119235086,4.66453657586662,4.60978552069011
FT1000,4.75681603297391,4.90078623096095,4.78372337332425,4.79701745893457,4.64978688933745,4.75497746390448,4.82869432641624,4.85005753212839,4.91721907874126,4.85695581746856,4.68661981841284
FT1001,7.19888236034123,7.14739185601457,7.20902489229591,7.25086711545176,7.24798221536383,7.30852412294361,7.30672320998287,7.4549975004768,7.20789089828389,7.29279134414624,7.23049010700087
FT1002,4.7633286363146,4.48627193804707,4.43590565867517,4.16380937491587,4.24516563239856,4.09610880094924,4.13993827391435,3.22558327973535,3.96268488222744,3.81292925786444,3.97488562000783
FT1003,6.34373653541688,6.30574512607915,6.35263936921527,6.40225089733005,6.39325779915758,6.44278067909521,6.44558738739912,6.65070835011118,6.34814067392802,6.43765114405501,6.37296034222809
FT1004,4.62989204320177,4.56369190766492,4.47009566032892,4.34063650695957,4.46881626888695,4.47132932494291,4.52552988883092,4.56979564256448,4.56008635065922,4.5091035397059,4.57480728334094
FT1005,5.6710970741414,5.63978582001418,5.67374989944359,5.7401553602961,5.733154242882,5.78654912373966,5.78055928614309,6.01314448018026,5.67777597357792,5.7642149991858,5.71383376536453
FT1006,4.81088733636468,4.78235920149125,4.82968418604532,4.87128956508411,4.8577388471203,4.90431818094617,4.94037807692768,5.16157744343316,4.82651976348384,4.90517269582533,4.86723152149031
FT1007,4.30199700017494,4.2896600193229,4.32102282838456,4.25878896993647,4.24597226415962,4.22791223120627,4.29394298861172,4.28684292954298,4.27770210508965,4.35374987686943,4.28772696902853
FT1008,4.93969220216195,4.87190286498942,4.73527783100451,4.9962423016276,4.90367113930168,4.90820225928721,4.82752295888294,5.25640563726275,5.00553214337533,4.71835552220891,4.99151287494248
FT1009,4.51405713459342,4.49401260002052,4.44522098974341,4.33966584012231,4.35565413330749,4.33430757254691,4.38583166447749,3.76903169084349,4.37179428595537,4.356942968194,4.46495445825006
FT1010,4.49056514016431,4.39968596309696,4.27680156931753,4.05610451210293,3.98256209013459,3.8254567159141,4.00212512447133,4.03702237796455,4.10022850727149,3.99047526881988,4.0141408335473
FT1011,4.58201740533034,4.47060534777573,4.28125915615441,4.55433208672627,4.44340028374524,4.53651202557524,4.42682308672663,4.85325244808085,4.56909753386661,4.24280525297435,4.55619846897031
FT1012,4.00407786998725,4.16680451248684,4.13326745045942,4.10464787610608,4.10378293257874,4.07312208163235,4.13855136179443,3.9661222386156,4.2313677151555,4.1953471873877,4.29641688017587
FT1013,4.13684528475191,4.15668275695298,4.304227633464,3.6322887718155,4.21459478124346,3.86214515540586,4.05172908565158,3.77800018385562,4.31963102968518,4.26579812848919,4.21906655163522
FT1014,4.77417038456137,4.82726688966499,4.79118025993087,4.54024676475423,4.55896373289608,4.17849898359268,4.36368606201813,4.35318443999308,4.65360511020447,4.58421940550226,4.65307579676946
FT1015,3.87097288544071,3.76948676966398,3.48260422197542,3.06035974327263,3.22790802151612,3.22716206455034,3.00578105694054,,2.7638119470246,2.81196856238352,3.18499403162569
FT1016,4.2508182431062,4.15901654587076,4.18617205070464,3.53251504809633,3.88856927131728,3.44656426804823,3.64353405310413,3.57925967234301,4.05560247367151,3.91084856950892,3.84317631094453
FT1017,3.88722190164319,3.95601870958009,3.74863509348732,3.9459128119704,3.97489042092883,4.27628479259821,4.54742276820133,5.02962094843175,3.95599769141383,4.74457913283999,4.25885263168993
FT1018,4.60151284333061,4.95790854414471,4.80544017701326,4.42984815230447,4.45486582095868,4.15724651855256,4.07610378827736,3.88468443754255,4.36757833245266,4.27783857190162,4.46253838260307
FT1019,4.21722962223282,4.56244918970867,4.41352394115885,3.85939773728522,3.88397099768748,3.72990407797309,3.65072671523858,3.4873724819964,3.79317750285374,3.78057555707875,4.02284876934988
FT1020,3.64289881356077,4.31200797007686,4.16629191425772,3.86341988418265,3.97986311073851,3.76396443945519,3.78022164135364,4.95479420793305,3.84953161048624,3.36492545803631,3.95136654415722
FT1021,4.75878437431729,5.17338460766296,4.99628185982492,4.66181848436622,4.68828878984169,4.51105358129704,4.48122438652309,4.51652850079292,4.56275773721622,4.54157255922565,4.79294759571567
FT1022,3.13978327011057,3.58797475662173,3.61750871714877,3.45601112670702,3.44020154779462,3.51817897986546,3.49800220728587,3.28908919282271,3.24154256064869,3.38316694260466,3.2116120193261
FT1023,4.33930262580467,4.75065379205279,4.59526766223116,4.27424961611121,4.28095026939643,4.06446858777105,3.9600335402763,3.51361746185979,4.09980817722506,3.95191725878284,4.39203419186461
FT1024,5.05708515001371,5.03448823334987,4.89939804577717,4.89881699752024,4.92463389234846,4.94374699651292,5.05840874679323,5.03149877226177,5.19215074617,5.06556165513235,4.97457029057051
FT1025,4.50249040218594,4.51305782208562,4.47860680565502,4.51970759452205,4.48313368311262,4.60623812034327,4.57284078647742,5.04566742533067,4.50397694450695,4.54778559454126,4.458240139483
FT1026,4.72573065080152,4.67188420040076,4.55329562423953,4.54077897655365,4.56203854625152,4.59348395574325,4.75587809753026,4.55812250308774,4.85932549745208,4.77381997551287,4.64970358431296
FT1027,4.84237637413351,4.77014253070276,4.77313344969535,4.84040965407419,4.87525883063923,4.91625781042479,4.83174093448708,3.91734156294442,4.89401790959304,4.89174342809527,4.79158621423311
FT1028,4.15933291343218,3.74885885732622,3.80232694465311,3.29488143907018,3.43642503955472,3.24720618561959,3.14733357928745,2.69410576045104,3.18114632936083,2.91550280312058,3.03793589420975
FT1029,4.16632707879999,4.28708325046495,4.17915994333099,3.8734993011645,3.82552584147136,4.09915331400412,4.1269305729492,4.0584691528196,3.72966022518843,3.85429066580511,3.87259350226469
FT1030,4.40659513494953,4.64228853770784,4.43252633841178,4.56630263985157,4.49494145253078,4.51477824334186,4.16763450158846,5.02920340335689,4.52980024456262,4.26101884397515,4.74485671830256
FT1031,4.83280058399302,4.78648467969465,4.83601018664161,4.70275072458727,4.71918760393351,4.70030694611988,4.6968360011115,4.47586090998997,4.75723654390187,4.81597610344422,4.76260798008695
FT1032,5.4174910291062,5.31850266026907,5.40858188953236,5.45092371868866,5.43837442991654,5.51504176644106,4.8534001214543,5.75678158128173,5.57883919584719,4.94721429653308,5.51044930869797
FT1033,4.11081942161849,3.95986898956066,4.01504766582949,3.99536229555936,4.03422957718651,4.14200530788347,4.20984767333097,3.88814652636703,4.13234558836203,4.19222439188574,4.11040657463935
FT1034,4.9502875632643,4.89518329501336,4.96052740317934,4.95994280363325,4.96537888085549,5.04580261295219,4.37822936198004,5.33042888453361,5.08051445331725,4.53940040037599,5.05338711804602
FT1035,4.74628929082794,4.70281800642906,4.70694739098416,4.83305200487254,4.82031859364091,4.86713723543264,4.93155577126917,5.55324372263158,4.78415368769005,4.86420291915731,4.7891906606292
FT1036,3.86182239862673,3.93574559555057,3.75359679819629,3.83045743357552,3.74848760139977,3.964123795636,3.99465623530885,3.72911456387128,3.80998585324191,3.76556358123816,3.79145807825533
FT1037,3.25630816837821,3.47763816237861,3.1440123806142,4.16520607460329,4.09443904127292,4.54164173468036,4.41331843334196,3.3079327643829,4.11134093726291,4.18363320132271,4.08699058736742
FT1038,3.63189649804392,3.62913529882034,3.67371558073055,3.41807745216697,3.55082092679965,3.53879100039645,3.71538104078415,3.67830970705928,3.41114129713877,3.59220359200461,3.53533683976485
FT1039,4.09735328578315,4.4668553034891,4.35062555227004,3.94846551405304,4.10931235544871,3.50295538735304,3.65616599849718,4.82123407695791,3.96594237181905,3.4454729586697,4.10692914095631
FT1040,5.45629919633285,5.41519110150059,5.48424249636331,5.35794273885509,5.34478108904848,5.37394231698182,5.40134156951845,5.24162638454629,5.28456011184804,5.46751959083269,5.37596424726326
FT1041,4.96130946366598,4.98726557263351,4.95774530394463,4.93643911411759,4.88948875988837,4.87476739175391,4.93187992555602,4.77435689652124,5.03914019187364,5.00055808076366,4.95566316763356
FT1042,4.70763229666771,4.70128245171371,4.76335060658413,4.62227599805855,4.65351646389995,4.62823561899666,4.69765550748206,4.61939528902715,4.59673603556612,4.7533499017464,4.65180218447797
FT1043,4.38810075312821,4.40800472201688,4.39726705926517,4.35749030828137,4.34331752928957,4.35263505197888,4.38596725192966,3.96574776546449,4.42803589273382,4.45119148515458,4.3774527765922
FT1044,4.16598837672724,4.11576888750711,4.20658247567796,4.16690736116445,4.13150499099555,4.13770805788425,4.16313513659466,3.97905297880197,4.10920326382126,4.22880173583935,4.14426155644369
FT1045,3.49739686217315,3.73731134247436,3.6703860065501,4.00357271049027,3.904584982323,3.86497617287975,4.0204984212553,,4.01038797269602,3.55819579075402,3.98538323113827
FT1046,4.40810551678891,4.86257870372722,4.61799005335764,4.61706133361869,4.56660943619114,4.52760560768293,4.00421654954619,4.6850055844382,4.29958559694448,3.97710288804856,4.67817936546687
FT1047,4.34619946103636,3.9276848548021,3.86655304611121,3.53211815264706,3.48631686035429,3.25945633608209,3.33270181656836,2.51368146835877,3.20879525720941,3.10308606609404,3.1130613911319
FT1048,3.99150628248223,3.95906872124453,3.93407110555071,3.95580913076748,3.89889867869396,3.82551637649668,4.04035395097687,3.78822964897367,4.0680522636087,3.75695401284834,3.96026764927822
FT1049,4.13187627874806,4.54174307482406,4.28781378161248,4.31509572659915,4.24419221275519,4.2079724788181,3.63765936265272,4.41737169475311,3.95129396441503,3.69071935122214,4.34120573066257
FT1050,4.04334174725125,3.64328489784295,3.69966841896001,3.24271446701459,3.34008261914318,3.00631870806932,3.01093228041155,2.22751820426599,2.874350068258,2.86098409782047,2.8401507828183
FT1051,4.60094630385964,4.93855307321083,4.77584678206913,4.57213023063601,4.66461218202674,4.51341758227359,4.60217508333634,5.66418116213066,4.68319238886998,4.60366756165711,4.67228866050693
FT1052,4.65033324820835,4.72006234843918,4.67040422952846,4.72522795446259,4.7561080528394,4.61530372700675,4.79853532422514,5.60305085711296,4.68126133889084,4.75501142025526,4.73604819181917
FT1053,4.71251675142985,5.1071225096973,4.92796233202715,4.63754390967668,4.67694435726409,4.57895988011913,4.5473145080131,4.50756324188513,4.55515565912893,4.50055384075177,4.73446208856973
FT1054,4.22617113823743,4.58003398583279,4.46519437013955,4.15943730091635,4.37361392019934,4.10010481646318,4.21551690669223,5.37093860692929,4.19397957696105,3.74036311964822,4.34776497864143
FT1055,5.56158136052084,5.93111579719501,5.76312936814136,5.64141727465994,5.67256491738209,5.57556163517224,5.56424837758031,6.5788482164206,5.62834852344877,5.51666088211355,5.67170298626995
FT1056,5.4798740624795,5.47684573968167,5.4088931974839,5.55047669475272,5.58168844871841,5.48076116650923,5.67286769895414,5.16376751010618,5.45041475315307,5.57396120519873,5.56209029494109
FT1057,5.16107328636733,5.5022158610586,5.35533664943564,5.24752988342043,5.2626520078783,5.15149524735153,5.17970682889453,6.20376009927815,5.21150862781561,5.13751628002281,5.27587043377335
FT1058,5.08015295275398,5.08701421988907,5.00377177275826,5.1589914690249,5.13224006904235,5.10613696540893,5.28853948501746,3.4530240223911,5.07685055918098,5.17633432013074,5.16882095940252
FT1059,4.69266722469849,4.98354107693468,4.85892826428676,4.65731580576829,4.78059711513831,4.75258810976055,4.76138231279518,5.71727926571427,4.74685594479967,4.69640238430037,4.81754075573809
FT1060,4.59085957177004,4.61516281393516,4.5179233322703,4.70577471190287,4.70394705086512,4.68721128481428,4.88139082308932,3.66622669834705,4.62710072638166,4.71512659772127,4.72420030386806
FT1061,3.91225741798824,4.38303931406426,4.27198833716456,4.13363848569858,4.25062421077862,4.22573022177189,4.15500445665964,5.16626027894913,4.16353470579465,3.82561344195889,4.19123844372483
FT1062,4.16230793577244,4.10910365861679,3.68435549594112,3.88030647800319,3.77390078028395,3.66340543310307,3.82397782719832,3.92017565811862,3.84654462240996,3.9337807432889,3.66918608196866
FT1063,3.2452859040472,3.08252130656713,2.81534516468731,3.24482592945312,3.18312137939013,3.41319127498282,3.20759079547943,2.28508812773347,4.17252710760863,4.20248671393773,3.5789140852717
FT1064,3.90729185266017,3.83369989143253,3.67111558131599,4.04554097551698,3.95721321029694,4.04601158031482,4.06247291849363,3.72300888765587,4.16367842648372,4.21024273056187,3.99514872222415
FT1065,4.49121953783158,4.40564197028563,4.30895335587249,4.17456762618622,4.11263363777391,4.08568918505181,4.01864808747524,3.70617051518044,4.26790745550939,4.19036647227615,4.12717879894283
FT1066,4.20747695209057,4.26223410006378,4.24271927045826,3.9510023669913,3.99802926943325,3.69759546481256,3.67998759054193,3.94875058957637,3.94343987929096,3.96353455687413,4.02247441174105
FT1067,5.32781632827065,5.66232515473784,5.51459462430056,5.11958467627825,5.23293500901491,4.28537237736191,4.94576707178138,6.02565139827437,5.27152851347825,5.16440980507326,5.22286274895434
FT1068,5.62769547672914,5.60249576366468,5.5479438685923,5.57017852252155,5.43651609834688,5.08486996869183,5.38818155001378,4.04983673906386,5.51636708799019,5.50554653917769,5.60543173929882
FT1069,4.91148654025465,5.25158733985392,5.11103430355571,4.55799415866044,4.52028623074994,4.16020494634015,3.89738997556586,5.65888373611545,4.81338097673754,,4.51484835810562
FT1070,5.00430628327295,5.21261593013035,5.12781619591524,5.07818804669358,4.98730478394586,4.75514236153162,4.76713592992523,4.37232470889236,5.14603641306945,5.0435358677418,5.19585547535949
FT1071,3.87874018036867,3.91897955185843,3.72442143864196,4.19179452251003,4.16090619403766,4.40308689227593,4.41020952361075,4.31572922032903,4.21921265754126,4.35974088185153,4.31642148372453
FT1072,5.53005623050027,5.89801997874397,5.7759031142177,5.4665072061131,5.47291611348716,5.02084590778479,5.1850137628222,6.22450917029121,5.55585935849844,5.4595186126202,5.60277376991252
FT1073,5.78726301797793,5.7160732229458,5.64389995888585,5.73236138361961,5.53282447387927,5.32303694508435,5.55850350285104,3.66541193502356,5.66622380669092,5.6949216411861,5.80904046264932
FT1074,5.11140455044063,5.47048585057554,5.33605984247584,5.07918533978765,5.08822411697614,4.70689267026986,4.79885975591918,5.81738483353636,5.15836574417381,4.67992476527191,5.20665455078268
FT1075,4.47889204849688,,4.83226909823789,,,,,4.51592335536073,4.1248293600729,,
FT1076,5.38454171468682,5.33683926939216,5.20891623887817,5.30893065726237,5.19553743731029,4.94958745459039,5.18173479360534,4.26915898983349,5.26928107202351,5.37012894355264,5.46251824556257
FT1077,4.38294434609897,4.37990104201889,4.3640799868462,4.16766962051629,4.07508995307044,4.27452024270488,4.12524470421326,2.57444510883785,4.17127616837065,4.05426117274143,4.09233238202945
FT1078,4.30571163924461,4.29617465621582,4.48929936496175,4.54191960648075,4.50411406148338,4.56120961309439,4.66553282500409,4.90320077177545,4.40160409142784,4.69129558474493,4.60686857962497
FT1079,4.57341767146249,4.89225457847215,4.77907993317344,4.43728851663987,4.47518033665524,4.25474052876128,4.24830979125209,5.37821604214273,4.61505425141737,4.24592880817993,4.67655031820582
FT1080,4.26487564641435,4.36523129043787,4.51821279475581,3.17072226405797,,2.85081281132462,,4.15587541274262,3.86819974296763,3.18800634867194,3.64772886432164
FT1081,4.58272214862253,4.6404390870763,4.57419815597971,4.62926113798558,4.58572726380884,4.44772590648224,4.56279291783575,3.09710834116847,4.69257220541674,4.79075108765513,4.76478161652232
FT1082,4.99778351668049,4.92879434653737,4.92751956456379,4.74377437817739,4.70360937965158,4.72113481281505,4.69385608762609,4.81490113021467,4.72914684860653,4.77262280024547,4.70370452270482
FT1083,4.69778182110711,5.1412088737177,5.14619350231326,4.55645568930374,4.72248212902639,4.4444853043566,4.29122323558768,5.28191032094955,4.69884971606335,4.43664090539393,4.70655214064793
FT1084,4.63278517682801,4.87868714062482,4.69668468729726,4.69016575800336,4.61535264078707,4.33537699034905,4.61544284666315,6.06862324163202,5.19001221540652,4.77622959960724,5.04797141248484
FT1085,4.3405126843271,4.28101001006778,4.34175153471224,4.07734985327836,4.14473492129195,4.01012629987352,4.15571665624488,3.99461622672728,4.10160792531159,4.21453605707807,4.12546133176009
FT1086,4.26352078538314,4.76634751206659,4.74584858705117,3.99716916231735,4.19986691669706,3.62395125993685,3.78830965840939,4.68196018924987,4.22476993294237,4.00700268539238,4.25423455181725
FT1087,4.14753056692783,4.53724523055187,4.40567511959215,4.11934481008757,4.25001559752834,4.01644857498157,3.9712049065967,5.69727093563696,4.2294383866567,3.78216827518302,4.29906320775322
FT1088,3.95368482245367,4.17856388159733,4.00332332303753,4.17864580401997,4.00069986889561,4.06734183005829,4.16441055829565,5.17050040278715,3.63018723481183,3.97781736822508,3.71518596800358
FT1089,5.13674252570607,5.2707759034392,4.88915101149402,5.1970924961146,5.29987036247557,5.35002601365802,5.69924927695001,6.3320420945859,5.11493104242276,5.64621956168773,5.58787584689408
FT1090,4.85228847240252,5.18868543171285,5.0776545818925,4.88395838884138,4.98582396547355,4.89230474010034,4.95248465819039,6.05495857604787,4.90627849071832,4.80483649841067,4.97342502745632
FT1091,4.69621988978187,4.82122646635881,4.75753597170156,4.83109351489008,4.88092482655135,4.79147485017071,4.98026286317644,5.31686591608618,4.71993880963792,4.84020580688309,4.82496577098742
FT1092,4.48878674239997,4.83754005760981,4.71522110649404,4.55410622448869,4.65773156390919,4.56990283084948,4.64427770486341,5.69541731041747,4.56355142421734,4.49272340865941,4.63212117087844
FT1093,4.36777950311573,4.49968371179321,4.47519389580974,4.53580399181472,4.54199454547026,4.49394427586848,4.6329391571442,4.98944705109008,4.39323055018638,4.54392690125768,4.4508915965035
FT1094,5.73637662813455,6.12639883200777,5.9717927622337,5.8117341309384,5.89466126441971,5.79514704808429,5.82168060910364,6.87946828805695,5.81173813035859,5.70565586118582,5.87112630627367
FT1095,5.5620065140888,5.84130375829211,5.55429480455208,5.69609607181523,5.73087319808915,5.62089976810147,5.8296908207154,4.7297205337158,5.55368718436721,5.69150530800257,5.65460611007539
FT1096,4.71374058104262,5.24940403392689,5.06708238142023,4.74564538978693,4.90114182903658,4.36919310196257,,5.70188365398093,4.84096554488201,4.5207463681823,5.05402559233302
FT1097,,,,,,,,5.83691178968181,,,
FT1098,5.34188826337195,5.70822709929905,5.56806236567122,5.43551375054213,5.49730370993175,5.39202133473062,5.43368516393229,6.47077752523337,5.42483218704144,5.33330350533384,5.4757476985189
FT1099,5.18314999034753,5.28051500340555,5.1658864716501,5.30140882762911,5.34405724921303,5.25354141103417,5.43148842447565,4.64297977987347,5.18028098319997,5.3411911844633,5.25311000650042
FT1100,5.76372825379679,6.09638263832099,5.9211268203477,5.94159565697028,5.93537988077963,5.9903986558631,5.90770437867882,6.82738004842087,5.80837664226315,5.74673926011185,5.92958682381133
FT1101,5.4995858901535,5.4083606433668,5.3388551101347,5.6128699515038,5.63808208387048,5.63736113283085,5.77449296289068,4.34303567577965,5.44667232256527,5.57647212503593,5.52130019100073
FT1102,5.62845956687306,5.5966440425366,5.57419063411246,5.7144678479455,5.6940578859404,5.6831577591218,5.78283406579635,6.38890843510294,5.67064724117808,5.71425054756373,5.67665881114165
FT1103,5.35576718378449,5.65605606410124,5.48832249954534,5.5222872646326,5.51756908835657,5.57742346355791,5.49471445884353,6.39032894439346,5.39862987304856,5.33699533449578,5.49346996581788
FT1104,4.98022295033033,5.02451656136182,5.00429712978171,5.0027462121111,5.00468578723243,5.01099976965625,5.0840451055046,5.6914453105388,4.99073038675518,5.01914584087336,5.00268023377692
FT1105,4.97304529283987,5.21630070232185,5.04895985451903,5.160901852019,5.12972656816738,5.20059420820181,5.13330680674195,6.03517409298836,5.04016689030303,4.98919457360995,5.12620438107842
FT1106,4.53553947142305,4.56349587755401,4.52163988494594,4.52488171632284,4.53254302163233,4.53303374369002,4.57169841967563,5.22153235895462,4.51754184063121,4.53728893714061,4.43518594993054
FT1107,4.29071817501077,4.66877559157241,4.65082712802324,4.38614939480428,4.39742957363685,4.10866726760593,4.1348451498597,4.31337475679336,4.22058971101157,4.15380472315181,4.35974417592274
FT1108,4.32439486694543,4.65054375755865,4.33213979384683,4.60862116405735,4.50398520341909,4.69343362423704,4.5565276008779,5.5088223169183,4.37651757258094,4.23322497178611,4.61190137723624
FT1109,4.853935062726,4.87341801986918,5.00531746493754,5.01919965617735,5.00455462538825,5.04695415414967,5.1443002325483,5.07536637113532,4.94101649459994,5.19480680188778,5.09221949674776
FT1110,3.72969367182247,4.02945741300766,3.69347876856562,3.85659221105759,3.96472196011122,3.99563161901649,4.85070849620025,5.36517884094098,3.67929218862401,4.73513542402794,4.28633919571217
FT1111,4.27915648501674,4.2604721230805,4.40250066859762,4.39537010236429,4.3648124041295,4.45422049752544,4.53970684161328,4.49622989031535,4.31506056477433,4.58308188377107,4.45491307556899
FT1112,3.60858951508885,3.66142544098871,3.64234756762189,3.338560473761,3.34745482131177,3.00807906064946,3.12179856867981,2.68057683949696,3.39026124189736,3.31735323991732,3.43616630011326
FT1113,3.61768774661571,3.65023574147712,3.52472448503208,4.14688928985027,4.16656534453082,4.2374483833354,5.01215616986165,5.52819323411353,3.78342714674879,4.92671541614285,4.43478935262297
FT1114,4.49161987408828,4.30061625008236,4.37104640080782,4.66860717262935,4.50629082395342,4.53067487325485,4.50528716042986,5.21182220684139,4.58744694214528,4.524832003573,4.43769430507681
FT1115,4.22064236483346,3.79845897171554,3.73155162312576,3.31744280723765,3.4797347955245,3.30509290377357,3.25695503922737,2.3961414538235,3.09173631851591,2.89203553616782,2.89769192465204
FT1116,4.32614853196909,4.71842095213054,4.52218250601103,4.35696863394134,4.40407019587318,4.36600857106654,4.43690049321629,4.36189335034295,4.39646425791858,4.28240506991093,4.44699134265765
FT1117,4.46918811667704,4.3780076227532,4.24639629841118,4.36921366191381,4.38866454265501,4.49003950104168,4.51772136591903,2.97583160447539,4.6319130455806,4.60216112826846,4.48941785451731
FT1118,5.05978821444886,5.13476996263708,5.10598096776909,5.06450918854621,5.01237488699241,4.91126572733562,5.05810234937592,4.99942489091092,5.05590821334983,5.10467085610165,5.18589817291121
FT1119,4.35081828123781,4.24477940901217,4.37531354950816,4.40884336762462,4.39182937926885,4.4523587732775,4.46720253175848,4.19921401420638,4.37480742697613,4.46796575606121,4.39757389664937
FT1120,4.22540215652673,4.13019265103241,3.77461888648318,4.11245512887286,4.10049650091167,4.13127202628869,4.19289677017028,3.18957875297079,4.35443561457041,4.32818987040287,4.20419905929651
FT1121,5.92195596215255,6.28373043698324,6.13019336090998,5.85795893653958,5.8848382802022,5.55803056370901,5.6522091772246,6.74990664142055,5.92004750290104,5.81184323693498,5.9237505390391
FT1122,6.04011443048567,6.29079506095081,5.96313140685258,5.96043931860728,6.02333841461857,5.68009865734763,5.96286918303336,4.70047959552433,5.95470077456505,6.02064905313606,6.05937223119443
FT1123,7.11605982156027,7.09447507851698,7.14252258447805,7.17459259167806,7.17897382731,7.23723220448175,7.23087868471918,7.34544156378958,7.1359328558189,7.22080194394149,7.1751688200392
FT1124,5.60912247197083,5.87288470890716,5.55819066517834,5.564667320412,5.63200983389868,5.28957397672274,5.59141955677884,5.89297198639325,5.64510695195071,5.6468200130188,5.68245736790221
FT1125,5.52124436296513,5.87177869826068,5.71932973563529,5.46822107252506,5.51863673248659,5.17875105730877,5.30865367687176,6.37693314514215,5.53057141423551,5.41692148490195,5.53528644666944
FT1126,6.30526766718309,6.26758313108497,6.32030735413427,6.35821949761727,6.35940778010603,6.40136189644417,6.40847192013157,6.54506851913819,6.2976192366267,6.39828075206817,6.34708380505016
FT1127,5.70994727913547,6.02847982603953,5.8702950601651,5.75506565248867,5.72478203698075,5.5809400453084,5.56645036805764,6.56019363409127,5.75633382791376,5.65019640266453,5.83796420648522
FT1128,5.75902216318739,5.6612430220726,5.57511333266508,5.6919372800041,5.78974372057559,5.51760944535135,5.71372138921467,5.56949589415904,5.65402777491851,5.72951995266585,5.78528236851902
FT1129,4.30760058760766,4.31503984518822,4.3901631499152,4.14979517773971,4.20112432192817,4.20250117109988,4.27093807671286,2.69329509890059,4.15004852456357,4.26177016301104,4.31423567009362
FT1130,5.68170643652485,5.64786350258115,5.68148766481643,5.72447234792491,5.71849188597076,5.78207289247239,5.78699371760057,5.97399053934727,5.67021988358653,5.74646684984293,5.72502769682207
FT1131,5.79596931471151,5.97642130562089,5.80688816850652,5.87479249470014,5.7884128196416,5.61122960001942,5.94770203046976,7.29187624969114,6.41855895859872,6.05346618472213,6.28314897675118
FT1132,5.78479434155415,6.16948636465389,6.18452477588236,5.62893927502301,5.80788902749482,5.61669070915337,5.4442782115642,6.52725841334581,5.8148219110808,5.49596852641524,5.79690120213801
FT1133,4.8267957975976,4.8586150011985,4.85887135774558,4.92173508510139,4.92613609581729,4.9744350497486,4.95986722148271,5.16919170221343,4.84079574716052,4.90003902007893,4.89384954557557
FT1134,5.37687963377494,5.56272839608148,5.41829376289636,5.47055569544885,5.36697685827317,5.18993833256064,5.54811802120344,6.86868480289056,6.03175800103191,5.59990569562073,5.85342184355293
FT1135,5.40744469037153,5.76599107763439,5.76501641235861,5.26005971365264,5.42281200907473,5.23771817852241,5.04851490680086,6.03020248322506,5.38038577950874,5.02813180846216,5.29180479347459
FT1136,4.18945223051771,4.18932696811753,4.26564575728423,4.21776435671279,4.18814558741782,4.16761632931902,4.17341842166484,4.41239682382492,4.17698977597028,4.29655103949591,4.21110292493028
FT1137,5.33663396433175,5.6818981525624,5.48399255428937,5.48651870299552,5.40991884515662,5.17531295339157,5.49004373362286,6.84676122491571,6.0238432604479,5.59172888857411,5.92277346714375
FT1138,5.37534411434454,5.98229200118921,5.96338578825166,5.25481968892947,5.51316738492324,5.18432702525543,5.03665635469168,6.25134627495757,5.40253382998847,5.14712230094127,5.50129908878486
FT1139,4.4892028246353,4.36920507782967,4.28533589398935,4.02120709053435,3.94909038505085,3.8045874891712,3.82424345000958,3.90774846379502,4.12979722092543,4.05233895142121,3.94622760238985
FT1140,5.07667521760706,5.3640645511102,5.21339749699969,5.28172681461718,5.22719053763386,5.06875234135318,5.28477951174829,6.35904105996457,5.5893583968742,5.29490995344994,5.52881912951533
FT1141,4.59358708202984,5.50625795534102,5.52063560880387,4.77129045393465,5.04447848263513,4.66804192122919,4.35680179510555,5.63398082243647,4.91111169365301,4.61008122872251,5.09114618583402
FT1142,4.88097858789678,5.14857493083398,4.97565547410815,4.27220034807001,5.14000495320064,5.04057684442455,5.07947486607246,6.12607473979272,4.82671213602345,4.42000997582182,5.03195809996892
FT1143,4.65093293361057,4.93555948584526,4.7568332053489,4.84293969678272,4.82095187356907,4.70427533776511,4.87059037282782,5.89791393300115,5.03096542153456,4.85540856017418,5.0375415476998
FT1144,4.49612061019301,4.84693966520327,4.74863678572135,4.42359465531327,4.8015750422963,4.72864227626394,4.72943891466524,5.96812720889438,4.49859598928823,4.30060411266892,4.70863206930607
FT1145,5.36643171070405,5.74856961487814,5.65311345583158,5.50171804083289,5.65594520023696,5.57743499357745,5.59017203321144,6.68346610005592,5.45554992506257,5.3851810298711,5.55622204841249
FT1146,5.10520862863624,5.2875627125887,5.17356276803526,5.36677563175304,5.37914207049718,5.32782327956112,5.44675581797986,5.38145944988428,5.16011055077438,5.2982009203435,5.23793700723348
FT1147,5.01818188786029,5.3669861024675,5.26652471944964,5.16489372666411,5.28138729734159,5.22461264314013,5.25791257495913,6.37528125969062,5.11758970794309,5.07107693977369,5.21221200373334
FT1148,4.75351641600231,4.92530125777367,4.83687983212915,4.9877421813912,5.02257918892207,5.00026318244858,5.08733788193591,5.0623261074692,4.81383996262231,4.91250137626076,4.87959000725096
FT1149,5.47497348265489,5.84444937393677,5.74655640786592,5.63968342339207,5.73163772699457,5.67707046389042,5.69692262911992,6.6833831274093,5.57038587052571,5.50913009536008,5.65891396931822
FT1150,5.16230945455198,5.2969007929431,5.18896963850366,5.34214583433344,5.36699137027081,5.35527801510188,5.43910178346314,4.83223729884056,5.06933841176894,5.30011413211841,5.27676130210015
FT1151,5.10632287437247,5.46466770005485,5.33737183128233,5.26427048564049,5.36116594110083,5.3110328202137,5.32957870929221,6.32308145784177,5.21778329901548,5.12658900397935,5.30601470543577
FT1152,4.78780916127455,4.86708658727388,4.83585067388816,4.97231219680981,5.02254100642787,5.03575542761031,5.07265929889521,4.78594196208214,4.87119440195603,4.93160674399134,4.94971283531965
FT1153,4.40837462507405,4.43922831636292,4.39755448198266,4.23541968559213,4.24033782507599,4.23252527107988,4.1657538027381,4.38287302887628,4.12410558077683,4.17328050436659,4.18029482711349
FT1154,5.77855836204587,6.13847836514494,6.00380095932741,5.97828713046314,6.0156467392067,6.00391425998838,5.9962561876719,6.93006696750896,5.91488067470014,5.82963714428174,5.98412401560439
FT1155,5.42550767502257,5.39294074197735,5.33186840071143,5.59079968302499,5.63635323871746,5.62707965776854,5.74568895218511,4.47816625798708,5.4161857748451,5.55015383417731,5.48938136961814
FT1156,5.39720484301406,5.73985804183803,5.59583669146541,5.59613730631003,5.62434164485216,5.61503487907769,5.61228052249319,6.53369556980353,5.51267181859847,5.43902794808711,5.59934764449106
FT1157,5.20178728583198,5.45629541155313,5.3101717839507,5.42822628996157,5.41752073474525,5.49313696832473,5.40848927075307,6.32649433518637,5.35593819496834,5.26174615616059,5.40567241769689
FT1158,4.38087048377614,4.73762035776882,4.68665813478361,4.53395526422732,4.49387377444202,4.38341457054031,4.40764235373122,4.69396765479294,4.31845133682484,4.32864769017345,4.44794289631289
FT1159,4.76686005450604,4.99008420794296,4.84163689361427,5.01299703812619,4.96290543604586,5.0236923474665,5.02556821271845,5.87978337775167,4.92882186581312,4.83154674617987,4.96642491789266
FT1160,4.46239824749342,4.45222165430943,4.44652219730395,4.47669523001262,4.44819411981053,4.52491558372228,4.54952571093984,4.92434926124083,4.38598682542347,4.48847561450179,4.40870601762172
FT1161,4.06314044459117,3.91483447874123,3.91611111936087,3.97177189785718,3.89698714274052,4.0678682593397,4.05058457976757,3.44650458347148,4.03789375174173,4.19927547000921,4.04714534926309
FT1162,4.31984499752581,4.63703855114696,4.56131622402856,4.13376538388428,4.31879826511417,3.7023003548483,3.98123134170588,2.97104142597434,4.09095641642554,4.01556338844738,4.26946270321679
FT1163,4.2870628940953,4.5878522606575,4.48297943932312,4.53610007152335,4.6305617805777,4.73859642512144,4.62906697251968,5.60389544465597,4.53055747505663,4.55068016107077,4.69430009680454
FT1164,4.83262770017844,4.87670914052745,4.77315205455351,4.84591538769342,4.82720699533407,4.85706202295912,4.8828603860796,4.33920911789849,4.87223022778495,4.90216029197041,4.84005081073612
FT1165,4.76857436996024,5.04644151513353,4.974963430872,4.93675006235081,4.88279201591479,4.90552318490478,4.80071863140737,5.01921647806338,4.69093842474324,4.67025803614306,4.82817477008141
FT1166,5.00354672397342,5.43367875677236,5.26579643533378,4.97072467855962,4.97532965569565,4.84790245252161,4.90985462531477,4.73947438642004,4.85028864241177,4.90314876678438,5.06387006124999
FT1167,4.76148210477172,4.74535935125109,4.77594992201296,4.67593201876908,4.66312110097608,4.66373625596048,4.68957957369242,4.5809120153729,4.69473264504872,4.77241271660639,4.70614997105876
FT1168,4.56027032574205,4.99961450104139,4.79950935919198,4.3605959467834,4.36438016834118,4.08384676513866,4.10201515795573,4.02450664398535,4.35484400776597,4.31687903057191,4.53513114542417
FT1169,4.46170440448061,4.45552602837662,4.48395443711931,4.60402954408749,4.79621348473557,4.65105197971851,4.69533668101495,,4.47527457374189,4.76860262537988,4.71674150429529
FT1170,4.65839412384793,4.98500652613362,4.83096405042853,4.68170581805716,4.79397272586899,4.79577865182403,4.80223043944395,4.52799600596614,4.75718397188992,4.66956250672842,4.77134151754894
FT1171,4.84045585029863,4.85130406947371,4.85938481793322,4.83930899954404,4.85512613611937,4.58081886084443,4.77532178846237,4.93884678952996,4.78604696609569,4.86325623828092,4.85047804914523
FT1172,5.41525250471308,5.87280223209591,5.68560605387395,5.54058599443499,5.57444353666985,5.6153590512903,5.5901033408025,5.38632456466497,5.52751071717313,5.38585624035067,5.60611231179577
FT1173,3.45643373924565,3.61240873792118,3.48846874981595,3.67558053153379,3.713662804001,3.88946362967314,3.93472419173425,3.21432054430093,3.58467622326962,3.70784138033377,3.71980915740743
FT1174,5.00510422103334,5.46697595205702,5.26859192434603,5.13822874426547,5.18813453923359,5.21408963835217,5.19021977724571,4.68019891344192,5.14272467522215,4.94147151795763,5.18983703500832
FT1175,5.09410818478074,5.43011171929541,5.27553773900497,4.68825271672079,5.13119913310766,4.88827310517972,4.76874289888258,6.26701920979202,5.08845668274209,4.63001969719405,5.08098834778737
FT1176,4.76280792124114,4.74490537007774,4.7673546675344,4.88086915500602,4.81252121298963,4.93433961056273,4.97123096073851,5.56144400369558,4.8325578963434,4.91604818065375,4.84722044660594
FT1177,4.98980253865973,5.45590198749988,5.25699021702141,5.13420358524261,5.15798674621392,5.2257669279625,5.20982057223421,4.86519108555596,5.09539405119256,4.96719761330546,5.19917745469123
FT1178,4.76214285989388,5.10507368687952,5.01773543079785,4.55437705211809,4.57553016402768,4.59841572969381,4.69496589527185,5.92874739953385,4.73691313362797,4.49830095426982,4.88880914230937
FT1179,5.33829950563031,5.68052922236455,5.54451156044266,5.36509969479064,5.38914515273595,5.08726843317105,5.08380302490315,6.41372161445194,5.35039503508271,5.27137871860617,5.39658611783433
FT1180,5.2978057913224,5.40101833935725,5.28406094935817,5.33535985821368,5.32665716176699,5.15433877364262,5.35592896338813,4.62004147490332,5.24626538881938,5.36681405824611,5.36170426869153
FT1181,5.00791579712423,5.3391486359417,5.19372751994119,4.92071701817294,5.01639798014666,4.94135961973421,4.88009865306519,6.10115044366791,4.99442521862313,4.52762910333606,5.06675619010617
FT1182,4.9751540469784,5.06772509640115,4.97618769457686,5.03977797107614,4.92553982929103,4.82808890461298,4.94493140746609,5.93881944599665,5.22279156145816,5.11487456914195,5.03245152876914
FT1183,5.85713274269572,6.18744597353221,6.00906059949411,5.88319914940866,5.88675168566265,5.76250793367775,5.78957408714606,6.80075313382486,5.86346633911162,5.77351750561999,5.91578195819398
FT1184,5.73711563726537,5.9900814875257,5.64051328361904,5.74502151653143,5.77289431303303,5.61236338095744,5.82456288859196,4.20839912548293,5.67774877363985,5.77062083637323,5.77318136135927
FT1185,5.50255275445272,5.67488897408789,5.51366376464919,5.67132253481472,5.62374174780101,5.49291177584062,5.78792460410489,7.02663637958325,6.0838810165579,5.78139985713719,5.99452272056839
FT1186,5.26231234202962,5.72986444135139,5.75182782244168,5.13884676207369,5.30871129149518,4.97508168891134,5.09225895120902,6.26876481201208,5.33075997684793,5.08865468648656,5.29307082861602
FT1187,5.46579767370708,5.78605347673239,5.64142001172961,5.52525281808538,5.53284503844205,5.28868067375159,5.45011355912124,6.37989860419491,5.32790906493361,5.41267687563617,5.56330401361604
FT1188,5.33092526685363,5.30545408973948,5.37858174950441,5.2343046141529,5.23801637019823,5.27041308021788,5.28975650980055,5.12550714054099,5.16288926052868,5.34607041809665,5.260905195922
FT1189,4.66712672489251,5.37503463973773,5.35800186435935,4.61938586615151,4.95837949224962,4.72095370456014,4.56475042522765,5.83453620910358,4.82596490945082,4.53299381270591,4.95256563899155
FT1190,,4.65301006510569,4.12645270320039,,,,,6.70024261355183,4.02865024320959,,
FT1191,5.36072858157655,5.59475394890213,5.42760349267916,5.44593934875634,5.40276262688819,5.42865730993351,5.35802346607592,6.2831709498696,5.37852516939681,5.31301228315731,5.44868939313316
FT1192,4.80237517910258,4.71778371528583,4.59734280919069,4.61666413189399,4.61217217117885,4.62046239742386,4.70210507306588,4.68622425682365,4.84644880007276,4.76846830868368,4.69959747163916
FT1193,4.68283501769416,4.61581237303154,4.68085837849535,4.57374411616687,4.574390812415,4.62507048781403,4.60839373667885,4.65368549076098,4.51586007689116,4.70658258582504,4.58432349581944
FT1194,6.01556970204278,6.27228084916494,6.12637584394925,6.24485184178229,6.17424281507406,6.11809857231168,6.40565438841338,7.7489517562679,6.67022587873149,6.3274129454091,6.59635657473968
FT1195,6.02850701790308,6.6190066293208,6.62148684170146,5.9856469970602,6.26120218847334,6.05762845419983,5.74868275489764,7.09013470136179,6.0594124803359,5.71562400827636,6.15501579053265
FT1196,4.76151428227007,5.12263463598728,4.99159317688923,5.04500701172127,5.01341892694296,5.01853359544566,5.01948760784286,5.71295468716299,4.76351888047469,4.57920350256445,4.98559254431779
FT1197,4.16232495804222,4.1227550139646,4.1225684793861,4.08546290288336,4.06766942225575,4.12968276195362,4.14048813350015,4.01306253651485,3.95966217341259,4.15402358344838,4.09721214436263
FT1198,5.69463809742867,5.9474013680548,5.83128942799063,5.9562006404125,5.90779278770413,5.84714617228631,6.09211507975019,7.3742649654685,6.35397727223114,5.97337566880741,6.26905298698316
FT1199,5.6429255258939,6.21020359108307,6.21069676957912,5.59867624009694,5.88320157923283,5.68259345644124,5.51069173947553,6.59185206696528,5.6984744929718,5.3385854280524,5.71048244577586
FT1200,4.50221848934024,4.51422149823314,4.41263523682293,4.33304946792265,4.37556526586109,4.39879622275518,4.46052656324984,4.07767448758555,4.60657077584228,4.48340504640721,4.37218506991654
FT1201,5.45617173262075,5.75185042476708,5.59892150346949,5.69079975227221,5.63822164540864,5.56560887271322,5.77602837536767,7.03580250489329,6.10857606469419,5.73247654702922,6.06628893251799
FT1202,5.23820215316344,6.06755085643652,6.0366884112439,5.38692374887762,5.65869937356342,5.25769698298015,5.21944453692268,6.45567180494015,5.35421824002014,5.11187073741136,5.58871188685869
FT1203,5.55579353885756,5.95044304386397,5.86848177549924,5.73515613071649,5.91551952506733,5.80671720349359,5.85398479882065,6.90043562961642,5.69319764341448,5.64399973494197,5.79257779668021
FT1204,5.44049652356149,5.6183162027433,5.53369070006097,5.69266880270819,5.66280473910703,5.65326924849883,5.70961554570239,6.44440757435514,5.74635621952443,5.63044339477372,5.7508716600267
FT1205,5.22276384627067,5.58629102511736,5.50189082440484,5.38692384262091,5.54123270473682,5.46321338053739,5.4917433529236,6.54524549747294,5.33830652125074,5.26974919431441,5.43471574957837
FT1206,5.01610601769,5.19649497839081,5.06056886357606,5.24350534272527,5.23942222634492,5.23804332653147,5.318806908546,5.00166706281481,5.22355866613216,5.20987862968745,5.25313021364519
FT1207,5.47684525507623,5.8715488013858,5.75332145817566,5.69817872421267,5.82497437848091,5.77131224986232,5.79916260912684,6.78014800983497,5.62442379900555,5.57992341950586,5.73130362258554
FT1208,5.11003124165277,5.283325743734,5.10918217137773,5.37063356571871,5.38059951525097,5.41552922261574,5.4370016113853,4.70618719901182,5.19939318061176,5.30310313149661,5.35002259401062
FT1209,5.11694523646253,5.48563996162839,5.37158200716773,5.32337306659059,5.4426293708273,5.40308333423734,5.43849820016868,6.41005471508028,5.2655872938056,5.22995232842776,5.37159247286653
FT1210,4.5319805207214,4.3703095663133,4.26408875599794,4.40424755214256,4.38928569510362,4.53984062158536,4.08726801154352,4.42497832139183,4.30641435672852,4.05651660378574,4.24950047603647
FT1211,5.11327010763642,5.42607018144045,5.30570273201044,5.35487439082423,5.43018970141858,5.41068150468192,5.40370108877094,6.33828560676658,5.25911320048838,5.21754403214901,5.36503716812808
FT1212,4.08112330540096,4.47197930257772,4.27011185602787,3.94252374645197,3.92843443032585,3.73560049847428,3.85600743182562,4.42741587327855,3.87558656061772,3.76025247986646,3.99152414246252
FT1213,4.70470585060156,5.02999858758787,4.92745591340455,4.97039653835289,5.00790506964016,5.04428614283263,5.02945709595462,5.93438955435905,4.88113833641447,4.84249632284063,4.96899706335964
FT1214,4.70577232787387,4.96598956855386,4.85023334135589,4.94559329527147,4.96471712244732,5.04460889515943,4.98391563454381,5.82731361738221,4.89352939109856,4.85429246866416,4.95449706603031
FT1215,3.95359900511135,3.90433395957625,3.98979469021699,3.32585253347854,3.63559936713854,3.53892878625833,3.45451533114331,,3.78388508597347,3.80142201359433,3.76803016204558
FT1216,4.30289774770215,4.60159289676203,4.44317052541434,4.58463377415877,4.5685190191183,4.65611376769127,4.61054638743666,5.49700957465737,4.43404185544323,4.46985721425899,4.60581220660622
FT1217,3.92200928391702,4.39081510947412,4.21766615351696,4.0304736729457,4.0598699914731,3.95645028599105,3.93209073183299,4.09459459561082,3.90299960427038,3.88809861143481,4.00553047785545
FT1218,4.27733019010328,4.44388688606189,4.42022326568854,4.61099884841616,4.57835694986747,4.72086789599498,4.62459905086748,5.48859836073136,4.50513496020507,4.49207915446273,4.57916765930471
FT1219,4.61359677937927,4.85606333645307,4.78399459748544,4.80846691558818,4.72959822072838,4.84009980587131,4.77113065250264,5.03885782106781,4.55300726895212,4.55867379156968,4.65802267514444
FT1220,5.04442853401932,5.45910071316383,5.28669166783437,5.07306930669578,5.0571953267995,5.07897118911921,5.15588683659017,4.96734765689357,4.92304530096606,4.96759317406245,5.09335468757125
FT1221,4.58505128157753,5.10352435686193,4.91520803890004,4.42759545025839,4.80136693959502,4.37778483290696,4.57206078384719,5.71178178727445,4.73410388958312,4.7801843309666,4.95478787214106
FT1222,4.08465750194018,4.20020154310145,4.27022419460481,4.26890240180462,4.15443620457478,4.07990709486686,4.06904260850516,5.68903611968089,4.29142048063878,4.35227495650248,4.47240499414703
FT1223,4.86687873780236,5.20494101064759,5.02733028514711,4.97640301364829,4.95904541918079,5.09605277043754,5.00814082404291,4.69091002244456,4.65071556021058,4.85372155814179,4.93919122590666
FT1224,5.19709540718989,5.22941480637952,5.15915954994172,5.06021682824331,5.04327883108355,5.0228784010237,5.06157208796247,4.43235439198067,5.13278500201128,5.11276162202928,5.14590089738627
FT1225,5.33877326526958,5.753455147817,5.51441115801803,5.33689816186946,5.34867897912926,5.46052379880271,5.45731598008882,5.30022493161094,5.14084538295906,5.28475842300108,5.37678512631554
FT1226,4.62804267227691,4.60512184577834,4.44410014863971,4.47632336531538,4.48158185543642,4.46605615339,4.44426225984541,3.91046445195278,4.50729252120808,4.44694343329825,4.5840728096147
FT1227,4.93006617082144,5.33546912924474,5.09861195558101,4.93152812051687,4.95558950006029,5.06374299811372,5.0604901327788,6.32823777440647,4.64709966632664,4.89430778790514,4.99220223322535
FT1228,5.12107772607391,5.28123649251312,5.4471964875124,5.60318973466152,5.78888611457182,5.53445076444962,5.69184063097612,,5.19024086699433,5.69401232600767,5.64278566766332
FT1229,4.42324666058271,4.33436012930414,4.29459735034688,4.12688950261148,4.10565228077053,4.12824876679322,4.09442122249323,3.90388229425187,4.28642802135645,4.14349563736142,4.15249816638369
FT1230,5.42464991136919,5.42906228199387,5.4483545112334,5.37134519031197,5.3383149778676,5.13989311006816,5.2819378399221,4.51379367185293,5.23775196544423,5.2707159945638,5.30069588626052
FT1231,5.04947244857356,5.08351496098241,5.1125634127965,5.03749812792957,5.02260398112074,4.8045046226883,4.95882409129218,4.52010911044457,4.88989898076681,4.94454079677634,4.95224395370185
FT1232,5.31756851575783,5.3335186519317,5.27114666579465,5.29855841714356,5.28351407294967,5.1726898370317,5.29596880662786,4.64700072378891,5.21298223243487,5.27617634827907,5.26836399541891
FT1233,5.29847952558943,5.57560328676872,5.44876350866198,5.17029244927398,5.36525980438061,5.23787505699439,5.11262850874136,6.34933819533016,5.30538028701945,5.21623343638053,5.31348707730006
FT1234,5.06773990597741,5.16491901099971,5.26703592186192,5.14832687939896,5.15344058031972,4.82067455973486,4.95754922941327,4.08916806637104,4.94994377902417,5.01940242340854,5.07019589258364
FT1235,4.83066724545167,5.21249650900093,5.10253536566487,4.61551906627998,4.95791554362078,4.90156529759639,4.77327191948183,6.0187232858811,4.83707504415029,4.41004037416997,4.96479361695122
FT1236,5.21925256688017,5.55501821103237,5.43178469084351,5.29285112217236,5.3539045817629,5.2211485957449,5.24025243493579,6.31150499520814,5.33451901761849,5.25334350949716,5.37862657242693
FT1237,5.07883000108632,5.17902022383342,5.14836261284375,5.15850890629749,5.16469270092395,4.99406719081661,5.15523742531719,4.70833391066898,5.03613894811439,5.20072408865062,5.13229253870669
FT1238,4.09479894439075,4.36637686299457,4.14466331679774,3.64812484823658,3.61384824970842,2.78611659654217,3.45157789678137,3.18308987472594,3.79713733505074,3.74216756980664,3.78445336445218
FT1239,4.957060941353,5.0349023774404,5.05948587220422,5.03406784384309,5.06223730696566,4.80908702993463,4.95431896585619,5.84031823825834,5.02214030323152,4.97282231787924,5.09067631444969
FT1240,4.88137617529508,5.20351507228206,5.08454356971016,4.95700995063469,5.00792845076802,4.90160781038909,4.91987458917118,5.99557358400863,4.97975316042286,4.91487961815555,5.06160608431255
FT1241,5.07067803734276,5.35043371899114,5.21646916539917,5.18220384488811,5.21615058674191,5.16205469489208,5.12894436566279,6.15700532611562,5.1386359674145,5.10726733947046,5.23901862362283
FT1242,4.78831773547374,4.86675022268861,4.74573616581307,4.90532539093308,4.92781861872128,4.87665679308974,4.95926994629042,5.53538936847329,4.94652188455292,4.9230799536523,4.98095607220006
FT1243,4.86803058585718,5.26768537175636,5.27516673897353,4.73765261854329,4.99307346439538,4.92064526748263,4.42971440600617,5.81899637931432,4.79689553966551,4.44932437186399,4.93737386832004
FT1244,4.89267495414131,5.13068376118199,4.92523150926087,5.11627325108084,5.03952961223021,4.98219265270441,5.24088971802736,6.66286699948615,5.61298307836051,5.21715064339339,5.53672944692033
FT1245,4.70496015070401,4.95786534141787,4.83449257997765,4.69186609121292,4.86305995792283,4.86559311792889,4.82581797788318,5.69891510783559,4.74550074589458,4.68836858884584,4.89382401690638
FT1246,4.36935398924474,4.94179403254087,4.94260926722819,4.43215849858442,4.50699298586395,4.34670185191385,4.29574452069178,5.52573128992884,4.22922308665664,4.1553770576242,4.51066906411975
FT1247,4.55818815532304,4.75926650827748,4.62201488446421,4.66673332225595,4.63227187955756,4.6244335168971,4.84402807508624,6.30363591311259,5.25421209588851,4.86264492072383,5.17119685339206
FT1248,4.72849561423577,4.95209676286053,4.801434592567,4.59368829857854,4.89939782523582,4.80065212791307,4.87906997039678,5.77451899093619,4.8236298248446,4.77557008510377,4.78098372269643
FT1249,5.41761545386943,5.7436163312542,5.55034162656951,5.74453335697232,5.70047358630302,5.65052998327061,5.95682745755107,7.35430265559764,6.23074807343319,5.78839397987848,6.18276343875969
FT1250,5.4688119928815,6.02541351330401,6.0194659114166,5.44833679936975,5.73067576491314,5.5728629898063,5.30012702245659,6.6148610916715,5.45755064527431,5.19043612999182,5.61178526257149
FT1251,4.40363516868844,4.35711568085953,4.30024780622815,4.38996761802145,4.36081532756395,4.41790671387191,4.498400322635,4.76066422211668,4.28415640028714,4.55256522087998,4.41448679419082
FT1252,5.2144109110798,5.45549752695292,5.32054764440629,5.50894344359058,5.46548603264883,5.47516013503066,5.68735532939396,6.98357579398391,5.88497689928948,5.51405924825727,5.84873692662739
FT1253,5.11543554485554,5.64785183556953,5.6621340568813,5.00927351112796,5.35539401818936,5.16290013626076,4.93248261845303,6.04940174931548,5.07158382803292,4.75572007450815,5.1937387766532
FT1254,4.88787072609433,4.82006051238946,4.84564566829324,4.65686987231779,4.63365363950113,4.64333558181613,4.61797546016403,4.65987998025848,4.62895743567738,4.68620748244814,4.63136334401953
FT1255,4.00788937700831,3.58248377321275,3.48894461433911,2.95120835274254,3.11893099518346,2.45349415776698,2.50674355303331,,2.12186142831046,2.19245011887479,2.34485186416828
FT1256,5.79626725762754,6.11058161271734,5.95832567178869,6.16702468222548,6.09748741129942,6.08943139005611,6.38414351059061,7.7402420731104,6.58787321773347,6.17615188058224,6.56006961924776
FT1257,5.88077608561838,6.57372116301143,6.55923432901035,5.93879384314464,6.26888035024848,6.03224390386295,5.74465448275947,7.02766321916315,5.95806755764814,5.49435467761436,6.14343634733358
FT1258,3.57008963228499,3.52566658259125,3.51996284118058,3.35131098858466,3.44525804454473,3.60116360194479,2.93656049063194,3.83239488060767,3.39642515246397,2.87532992889402,3.26966770874154
FT1259,5.51064957438858,5.78036806530465,5.62836833271565,5.82215532470338,5.77401700279184,5.76673936162465,6.02360891071,7.38285809169065,6.19867431336176,5.82646003337763,6.17619497153359
FT1260,5.51739178064155,6.17955009174897,6.16533213133529,5.59231930249672,5.89603490187118,5.67391058662836,4.9961498358317,6.5438386415562,5.58469053178936,5.28301319946129,5.77329543500153
FT1261,5.07219551840718,5.31777241629154,5.17985908265914,5.3467398043476,5.27487549296878,5.26594020067576,5.46421919941957,6.80139718317983,5.67650017133798,5.30104061138617,5.66482282067503
FT1262,4.99730219022971,5.66952410361314,5.63005162891678,4.8297351821818,5.39445856201541,4.78810625002845,4.78977153361651,5.70826649176763,4.92930971717718,4.69034307886523,5.24653962849223
FT1263,4.97394924913948,5.11104436463656,5.00916872882353,5.12880463794779,5.1090854979055,5.10080558788377,5.10602549461535,6.11602492571289,5.19860408073267,5.039445027509,5.22139721558215
FT1264,3.84366127441927,5.05224964253268,4.72405480484303,,4.32683656452529,,,4.82970699437294,,,3.8420861425851
FT1265,4.32195291471024,3.68179546414818,4.06026357472732,4.01478675271194,4.22250158380692,,3.27304145690496,5.2537740428909,4.71836970984658,4.12670267702285,4.06418209788117
FT1266,4.36189580768739,4.82018210975199,4.66972422607148,4.47226854436336,4.55401824914218,4.2895100431516,4.24749071106898,4.96939460515267,4.4968808462015,4.58184993147296,4.66348156073454
FT1267,4.38579973355053,4.89397208546167,4.76640090234847,4.48427447233092,4.40722526544468,4.43368967682312,4.37341049024753,4.99703130961612,4.49462200055863,4.57231434473949,4.6880482997846
FT1268,4.07319338618011,4.55835305143426,4.44122827231647,4.30396731562046,4.58481595652737,4.60437083361115,4.57241791589159,5.48525030873393,4.32133882656338,4.09622501583292,4.56373640832268
FT1269,4.20980595870847,4.25351380360742,4.22456448755544,4.14881317032534,4.10724602842876,4.13151146160602,4.20619354974004,4.13986007665345,4.19544982913784,4.21291251646471,4.21589015166087
FT1270,4.12492527782647,4.42732398810377,4.26113395003121,4.30721215233002,4.36528408580075,4.58178903482462,4.4371961214191,5.21270005826522,4.27123981446047,4.35292027978022,4.44462985685456
FT1271,5.39637402248786,5.39508247225445,5.38905355217981,5.49120733455701,5.47698599449416,5.56082812330298,5.58096860469985,6.13374724664489,5.46157306378552,5.50799563452721,5.46872420465674
FT1272,3.99698299066474,4.30381512270573,4.11848819572374,4.21587472082565,4.19227807279683,4.35923091902241,4.20545692933651,4.33514675536983,4.03954155569174,4.10278351617254,4.14411533520508
FT1273,4.83980135941686,4.85023646679799,4.82901244749816,4.86130976838166,4.83485137059051,4.90548382312616,4.89839485229477,5.52250249375756,4.83586214497114,4.86807772374578,4.85244026362311
FT1274,4.47558264398698,4.84901892449273,4.6559868434225,4.5706764628568,4.57502768477861,4.72555736216629,4.71205526198643,4.37355049514226,4.30942466050284,4.52188965567387,4.647546439802
FT1275,4.45567761249711,4.49892516680255,4.46475984427524,4.47958136762798,4.40858065117888,4.47104230370163,4.47683354099925,4.57561688200534,4.42419859925488,4.46394359802777,4.38372804628449
FT1276,4.23138641719087,4.59626879608015,4.41705024060517,4.26953335935436,4.19069710542222,4.18635117051297,4.26235490376588,4.17882101766321,3.98064848007298,4.20267590020414,4.33896204342958
FT1277,4.66433313725762,4.67258457643974,4.85719594151682,4.84560934522931,4.85576880209637,4.85458009683353,4.98278261346164,4.93263293261822,4.76293176150841,5.0622868216633,4.94665416005689
FT1278,5.07935359659426,5.47730679560381,5.23679972548978,5.12489863963515,5.15527502965486,5.33823779421655,5.38209477139933,5.19100419658169,4.95274707693592,5.10557718742347,5.1842206046282
FT1279,4.14243007763764,4.14146594809838,4.30257078881472,4.29269585550098,4.28392237461036,4.34562343693175,4.39430544377197,4.4152134925881,4.20012060125492,4.50524356905729,4.34704988276112
FT1280,4.73006511851863,5.12868847348248,4.89696197222075,4.80111322458285,4.83371547309191,4.98285205959206,5.05758468940932,4.81621798083383,4.61672991329793,4.79514792347603,4.85448352722687
FT1281,5.79368854768603,5.91284269462543,5.81772735958546,5.66564634006654,5.66581812421395,5.50568530955977,5.54244794932562,6.74105686680666,5.75091792655692,5.68409807954701,5.6379621238461
FT1282,5.0959537449974,5.41722858738941,4.85429851967853,5.12538659373154,5.07074106957399,5.43712857359424,5.14455445164487,4.19701975839991,4.65480933245996,4.83908240071911,5.14797407532485
FT1283,5.92790918662366,5.88046915834446,5.9028309844892,5.79391746080944,5.7897018094156,5.44360654592113,5.55925983947292,3.89975885743856,5.69052275125567,5.76628467100764,5.71611336755151
FT1284,5.46799931283417,5.56045694631054,5.45456413176309,5.34184335648513,5.33067260202449,5.14854052111433,5.20679757575049,6.39418023308241,5.41133598309145,5.32996531231977,5.29024249902305
FT1285,4.5757712100118,5.08810512927377,4.72811126839783,4.78731792797503,4.83191102743548,5.05614999224185,4.82720405258366,4.6412506158031,4.58562773689095,4.73168358547987,4.8010356169937
FT1286,5.5461983273206,5.52533761659416,5.55546243324626,5.46240475644794,5.45371162892788,5.09915115275091,5.24576780624501,4.18618236878736,5.37072481122042,5.43308080701535,5.37071307595088
FT1287,5.9574715218359,6.1609628673553,6.04452523129738,5.91925421981001,5.94775865401327,5.80649874239766,5.8692532860351,7.09365038510066,5.95289301722334,5.84601643532996,5.88525678019305
FT1288,5.9937109135352,6.05542568145207,6.04679213756859,6.01414925599622,6.00373141891367,5.79450464901159,5.92296136555721,4.4887323242417,5.8704163392291,5.94175916322541,5.91547005301081
FT1289,4.31760555340565,4.07215023903244,4.19376819740994,4.48976686280114,4.26501271904682,4.29706761125002,4.39038603019451,4.39852313991964,4.45438107892373,4.37421102520998,4.30753901490528
FT1290,5.56777190083577,5.77340716025116,5.65879256164304,5.55844336014825,5.56590037716319,5.45421346825365,5.50850813684574,6.70677915173541,5.58571078979032,5.4922258582445,5.51328660410378
FT1291,5.62771335797018,5.66270418333645,5.72887326726079,5.63176655662455,5.63702141811045,5.40724921928931,5.56341453490956,5.9902393378587,5.57275921991008,5.56786022408536,5.59204761067445
FT1292,5.41691419330623,5.375201601822,5.30812726198459,5.3858002128412,5.34858164310597,5.45076248368665,4.97780023915265,5.39541466564806,5.26846730607021,4.84592280056124,5.22431325507588
FT1293,5.17858858757207,5.38409420236749,5.24244662430604,5.1960337018625,5.19717397841273,5.13582784379239,5.16950952438344,6.29007465827761,5.19170574302805,5.11786852134329,5.1766236634536
FT1294,5.23111004364683,5.26542230326729,5.31519331240216,5.26469054287462,5.24651311522137,5.08559449201074,5.18131502954629,4.43286486288369,5.11272075131048,5.160017913879,5.18370959984998
FT1295,5.10174281156749,5.02893549536123,4.98510102750948,5.02771629623193,5.00223054964274,5.10846771842664,4.61152232319771,5.16722880140867,4.96723086108824,4.53955090794993,4.90019624302297
FT1296,5.36922308940476,5.52976605447385,5.61663854728413,5.47876579089562,5.48981745138436,5.10746338200697,5.16010852488316,5.97897860793148,5.25651692078095,5.19310263076813,5.41464226217066
FT1297,4.65720211657869,4.88489244075399,4.75617435786059,4.58655638277876,4.77739010045747,4.68488391850356,4.59497750435354,5.76867478292201,4.62875494064109,4.34399280504771,4.68390410830483
FT1298,3.97943858842192,3.63689570005945,3.469037264716,3.1807286538408,3.44444737033916,3.32869683367845,3.34945923359844,,2.81844195718012,3.03303039061031,2.74173494210907
FT1299,4.9834498125643,5.16961127363733,5.26159939287967,5.12237059215184,5.12757142842881,4.82772148580471,4.70686750065081,5.6419373252789,4.9567743833201,4.84851661113358,5.07497578575654
FT1300,4.76367651859185,4.90896712273085,4.95124749226041,4.91633219066551,4.90781597488041,4.74428672122406,4.87188068877423,6.18824804816591,5.12449712546226,4.87556975610411,5.19591597841997
FT1301,4.28955333086024,4.45055282805375,4.44613576690194,4.39240264465723,4.32751414623842,4.50917922251012,4.30934605489909,5.86937251544555,4.23244482009037,4.27660637135432,4.44297819539854
FT1302,6.84743764652573,6.81669395701884,6.87233870949323,6.90057791746174,6.89919262977051,6.94970912404433,6.96295621249072,7.04947107524736,6.85663492825355,6.94272950941893,6.8918683726009
FT1303,4.74422242463431,5.22121868546525,5.23720154037942,4.79523006155997,4.9855883907298,4.78476364917346,4.36634024750227,5.60922465952927,4.47069768297432,4.46251954256472,4.72065744205759
FT1304,4.85376505946665,5.034310330459,4.89260909315062,5.10701689578227,5.04600117829371,5.05497115082754,5.23797795035055,6.6665653657774,5.57819330220468,5.11269876615643,5.48931717889368
FT1305,6.09824813266275,6.07120525016644,6.09944682508853,6.15050383925924,6.14259863342427,6.20481443123062,6.20395168521085,6.3357487443967,6.09871764565688,6.18929449147608,6.13908522752139
FT1306,4.4220868826309,4.898633569283,4.90588349723884,4.29082637773389,4.68769579057293,4.49954802781641,4.31074298974413,5.42422891314415,4.35978758239416,3.87982875265943,4.586391867697
FT1307,4.51886831100151,4.7037539759281,4.60305877935061,4.7979813004255,4.76282816829348,4.77422754981114,4.97231217394946,6.32057770849657,5.1977479161017,4.81291647530403,5.16447496227049
FT1308,5.4805448874646,5.46599987815015,5.49525290694188,5.54434241392649,5.53503917113469,5.57939678681346,5.59941180264517,5.77968499621161,5.48815600843306,5.58079081921,5.53378089300017
FT1309,4.71983469307798,5.00849828621677,4.86297661698805,5.11650181242645,5.0307187103613,5.11529413924013,5.32581564481494,6.75463438646354,5.52790040527765,5.12239761429187,5.52385919714449
FT1310,4.82104267292831,5.40602037605607,5.40178133374373,4.88454006984224,5.19050051048782,5.00778391780822,4.65604705191072,5.88363527042833,4.88202780902512,4.4733949265324,5.03194457830117
FT1311,4.72183496249065,4.70832117093644,4.73029731726683,4.75343719794877,4.71562505299396,4.80852876785375,4.84835599995865,4.44624378790953,4.72647566817729,4.8125371559744,4.75287554521272
FT1312,4.51838259558854,4.74169346008289,4.63444802151545,4.82576844108015,4.76834194569414,4.82423973870464,4.95628690733469,6.38767047980325,5.15567757241118,4.82192733665004,5.17571988969843
FT1313,4.29234140057197,5.0697618978665,5.07316075921621,4.5876656560445,4.90705895663972,4.63461922568221,4.2357912754472,5.65527439025319,4.39546795809919,3.94626096187572,4.5872686254525
FT1314,4.08312309340955,4.07380972695101,4.15645414864708,4.08088339008538,4.10322162436374,4.11445523912446,4.05543686721254,4.31001766573605,4.06109670907355,3.93804174725892,4.16229631022713
FT1315,3.64408603123033,4.24627828066243,4.10393847799552,3.7773029251385,3.95441467104686,3.6457842333143,3.71814427403553,3.61589003811756,3.67661380188963,3.1813698017674,3.9535100717616
FT1316,4.3411477091948,4.6019573244408,4.39682751613309,4.6619054398576,4.59716383435347,4.64340995670543,4.81401005856929,6.16432699747675,4.94369422126758,4.67760281984313,5.01069372679109
FT1317,4.34784829467325,5.02495121609051,4.95202502287244,4.43602581794868,4.79352636490075,4.54419494997063,4.36383921848492,5.4841559161411,4.43449669676283,3.95057248828335,4.60562278104951
FT1318,4.46140271331307,4.32648369395604,4.23512896505074,3.75175233706635,3.93586295353703,3.97662849479235,3.89748361225211,3.96021574215568,4.05797046655915,3.99833104788948,3.9642610305216
FT1319,4.82490912177726,4.91733401433478,4.8389789125037,4.90596902161786,4.87099621405414,4.86217544388561,4.83988910567113,5.50779304607523,4.89047077573658,4.74492967630186,4.92083643021739
FT1320,3.38444355240686,4.31906168918537,4.11593417702758,3.81674987889141,4.05072309059796,4.09521537744326,4.03372595417968,,3.73259090852729,3.60402569922757,4.19833037981059
FT1321,4.6826356808687,4.89393677645966,4.90392882302513,4.69404302801703,4.87589180111053,4.95973066607463,5.05656378723854,6.13572434578488,4.8493705567322,4.92656866917848,4.94505558399671
FT1322,4.58438279480342,4.69899570756994,4.60362906278745,4.66812339488805,4.61217566121151,4.62774556557254,4.63385142048818,5.60643766790421,4.74809401086138,4.5520541918456,4.74228373240839
FT1323,4.18854305093874,4.30973823808656,4.17612164589266,3.9446532446539,3.89900787391338,3.50267917232148,3.74744670592389,3.74635369880513,4.10495838597106,4.04883023517526,4.11624752070748
FT1324,4.75450171981985,4.75459830551557,4.68398169251857,4.68251167839812,4.68561381369465,4.77960761652856,4.27264156830811,4.84030590161712,4.57805800992463,4.43432602920886,4.59721398892689
FT1325,4.76615023225147,4.85316315755854,4.75509048140935,4.96663710009247,4.94850704926241,4.97789254936306,4.95135540819908,5.26493200874551,4.85135084558914,4.8339480051739,4.92793529299782
FT1326,4.7995940076321,5.11917712552074,5.03032837099715,4.9749824292939,5.10948647059962,5.12715129943073,5.1843242819336,6.25197652069353,4.99745517429405,5.06707242705158,5.14661523946216
FT1327,4.49896993742711,4.3804867023163,4.33249195516401,4.47787184094189,4.31102005745544,4.47099755412165,4.05553404180011,4.49028445214682,4.24391489325305,4.21741974722952,4.32680283435954
FT1328,4.91615357411267,5.42065816908025,5.23835402194733,4.82999105550273,4.83619063518086,4.5192736149134,4.5597345824628,4.10679984433368,4.71338586658394,4.72314205863239,4.91193001377227
FT1329,4.63885368602137,4.81048057732646,4.71903536869634,4.78952638190506,4.90373864119051,4.88182056758613,4.95776046473327,5.93628653913057,4.81207462942146,4.6493786135421,4.90455440947066
FT1330,4.3402618468161,4.24513304256475,4.23678765168757,4.32870034432531,4.24544457817517,4.34781997911637,3.88867849809133,4.45579411912029,4.22812329083869,3.98709089739658,4.29437808142554
FT1331,4.50041206133561,5.10314974534593,4.92687495396847,4.53830356853365,4.54651099453182,4.24910774112286,4.26893986334914,4.08931122570345,4.45158641457839,4.45982373461291,4.60667016620564
FT1332,4.23288125559922,4.39220364359464,4.32679146171434,4.42373011700922,4.49129611115017,4.45996186140004,4.55793197210845,5.4880975790924,4.45572934516332,4.30905214883823,4.45975457676128
FT1333,5.33487189561011,5.79985398518065,5.60007722077068,5.26714940220053,5.28661827577086,5.08652370846845,5.08772908134034,4.48855459677332,5.21076011904976,5.25440181604717,5.45100455823963
FT1334,5.48362313791271,5.42367699011691,5.34379836203237,5.41143109262858,5.38544145175866,5.58898455912047,5.16815797303237,5.45412275526188,5.36799557506296,5.06265495660047,5.29684765001607
FT1335,5.02066173699659,5.452112842019,5.25853102348702,4.96779333860231,4.96834069070928,4.83611491283662,4.8439837408916,4.24824727499374,4.89819842430349,4.95600219900689,5.13012711087962
FT1336,4.28408283357769,4.6041156653466,4.37513574442552,4.52604778842056,4.46016980147532,4.27951014355126,4.09982574183893,5.41939169859678,4.43217867200243,4.32947183198725,4.62651151392915
FT1337,5.13453658224867,5.08683164683191,4.99997908278735,5.12754120817404,5.08844206470708,5.24406710735183,4.85202864491482,5.20006830824673,5.01626056129349,4.74437520355271,4.96071568003973
FT1338,4.53534661872081,4.91832838550232,4.71298802878642,4.4872594333873,4.50798716926275,4.35420576910357,4.4081603952716,3.80675022699942,4.42289742939943,4.45897860553481,4.60947000896599
FT1339,4.45282842250873,4.63678627894738,4.4685887500426,4.38672028891981,4.45832329844206,4.62743876364298,4.58038350541625,4.28035122760556,4.26756979305333,4.42827993116172,4.5646874732369
FT1340,4.2737604560601,4.23618980573322,4.23237898546723,4.23407428000081,4.23825625195238,4.32056166920942,4.32780544152415,4.75853424035303,4.09263576087744,4.32014300404556,4.20593109009064
FT1341,4.36137099926431,4.68655330200204,4.37589458650352,4.4204406976704,4.53613749556736,4.74925809130137,4.77081585333284,4.52449803301885,4.2201558161441,4.4391886127374,4.54785703521509
FT1342,4.7556506116092,4.70876678024124,4.64796019691023,4.68157125930575,4.6505390457296,4.65641341423609,4.70641663122553,4.12310985028178,4.71227515301121,4.74968677983063,4.66652237518623
FT1343,3.91616813032515,4.38066006402153,4.15634175015845,4.00192006689747,4.16399380637569,4.47070571239655,4.23221301878961,4.07394825399487,3.7985234230773,3.97869261817329,4.22644602205937
FT1344,3.93818219153392,4.1058710397733,4.11423685309918,4.13795470678654,4.19550253617511,4.12181067793353,3.707090965702,4.65897586242346,3.95159904758059,3.53154549777806,4.09134056388465
FT1345,5.08630505577035,5.21168515251456,5.15963652723363,4.98760301236962,5.0589879918304,4.93718655276169,4.95448545837033,6.1680431407333,5.10218345577968,5.02711934277509,4.99146575396529
FT1346,5.0187689162136,5.02244326866536,5.02515853461778,4.96939662262005,4.95973980980187,4.77033348178465,4.8160822833458,4.61130165318243,4.84782246284473,4.95213092312493,4.89399953363474
FT1347,4.58968736013528,4.55741134387056,4.66108614678426,4.53846433144727,4.54732057610316,4.53666917767676,4.56857534613937,4.28215733500519,4.54438189401383,4.63567989018447,4.56148943610668
FT1348,4.7035803047713,4.71254058591085,4.71815293161917,4.70323068297921,4.70885147884896,4.51602112336894,4.5697393405755,4.48504880548063,4.58353110460436,4.64853038753469,4.5945545638167
FT1349,4.77669511357567,4.92685724508644,4.85921570429037,4.61489132719947,4.82291186136834,4.66085801443566,4.71767585143077,5.88246633971818,4.81409034760398,4.77254488108479,4.69500314202897
FT1350,5.96798928865218,6.16864611031956,6.07288495353272,5.91610025505228,5.98919081241266,5.89076850424919,5.94008706167589,7.1765796724018,6.02045864829596,5.92771655859775,5.93512302496552
FT1351,5.86485514398342,5.90723425256615,5.91468518515141,5.92026399382286,5.89426049394072,5.75594636574937,5.79553589999951,4.43229362970347,5.74343533595099,5.8557933126801,5.79106537950089
FT1352,3.80613654236408,3.8699698576001,3.77906718671037,3.47226530852657,3.37825117003419,3.73195763410337,3.6842931197215,3.64373370696965,3.34004279516579,3.33801420899825,3.54526226350967
FT1353,5.51229101851607,5.55931315197588,5.56845885708419,5.56991526887737,5.56807360841823,5.40039632209578,5.47722515620167,5.70127349042805,5.43542431598974,5.50721111724749,5.48179688323053
FT1354,5.6637254984678,5.82307874243991,5.72579135025049,5.61115249542086,5.66037461614997,5.56103991390285,5.61014944516975,6.83907474671153,5.6840028247853,5.61281419061564,5.60604544948236
FT1355,5.57712343871116,5.67321671673055,5.62356676685095,5.6952741756577,5.67294802052878,5.64786973933409,5.68876032465868,5.4278149900871,5.52500858310448,5.63131812982286,5.58741941583568
FT1356,5.74676003904498,5.94596865525413,5.83926802429537,5.8307667841369,5.84633777584411,5.83238914980717,5.87891016180063,7.03822680171607,5.85506999354069,5.75975101574964,5.84136829219894
FT1357,5.36858505421962,5.57462735711136,5.45375473785967,5.4698304756299,5.47833476305758,5.47691872585796,5.50412346024738,6.6334720262716,5.50528884030779,5.37918318191014,5.47621286459933
FT1358,5.32730436313359,5.48073855415538,5.48740311619935,5.44750000759516,5.46984299430527,5.32736170514979,5.45242448406226,6.53489023466844,5.56281084854516,5.36952888918929,5.54624429457178
FT1359,4.99606304898095,5.17260461447757,5.15079115738293,5.11803039557202,5.11484439730679,4.96522922363845,4.85315468282955,6.22943371170952,5.21191069826164,5.04372354539388,5.19758402566448
FT1360,4.57668769103441,4.79295866368889,4.81598999172167,4.91686359331257,4.90459388195633,4.89017232389337,5.01327436358135,5.59195451698739,4.70652446522467,4.94827010943407,4.81792018135192
FT1361,4.97420351314463,5.2241313680334,5.12774429312353,5.18083149690213,5.16158114874785,5.12516492018859,4.89519846588471,6.14832931874895,5.18816885548935,4.87404387242319,5.25717480273507
FT1362,4.71858253374372,4.89055756460408,4.80233227801372,4.967548512899,4.91137452860094,5.02069434704567,4.81260742711254,5.77689515582391,4.94909225170396,4.82433389939227,5.06051374677579
FT1363,4.14420069220923,4.29815827931011,4.34223983382375,4.17345847943289,4.35724871129367,4.44237177269308,4.45612097085394,5.71492046759323,4.72346658432965,4.31657416559783,4.67158051097793
FT1364,5.05691015357565,5.00371130462724,5.11870873597661,4.97085653698116,4.98999568294927,4.99359488311518,5.02896216315907,4.81205353926786,4.89246053536719,5.09458595742413,5.0090682446175
FT1365,4.46021192211183,4.39862654496473,4.46040892731789,4.37997394340793,4.37150845145463,4.4128526361844,4.40207858810608,4.32670904623372,4.32932508498169,4.52045475203474,4.4190345012299
FT1366,2.69547387333262,,,3.13899102462533,,4.64950362624298,,5.34595536128092,,,
FT1367,3.69330078739677,4.48692479657671,4.28735664931881,3.91239085642896,4.23823525033832,4.21153606694047,4.17773243365689,3.7425243166842,3.86164830656861,3.640317806546,4.30135216553683
FT1368,4.5377299771711,4.63386697480432,4.50201724530629,4.64986557676152,4.63228759063479,4.42566825722346,4.09025588905538,5.11988109263243,4.47275919629172,4.19981292666943,4.58450259766049
FT1369,4.85403009161158,5.46928669819618,5.27248899053933,4.92592339365812,4.83762321363256,4.78312364302779,4.75643371903355,4.0929335123935,4.78873745240537,4.79544197365745,5.01861197512544
FT1370,4.36919291843051,5.17147993137534,4.97905992057968,4.64244325419637,4.51956810424173,4.61971000828354,4.59860068956961,3.98367347973868,4.41264902140639,4.56117040346907,4.7242341982414
FT1371,5.83328732785586,6.27719748107942,6.06019460028834,5.69776396311264,5.71191048741419,5.52994372347664,5.55146176168454,4.73985998074648,5.55675722903364,5.57518199597835,5.80405474409099
FT1372,5.50867562548483,5.94322817831761,5.72495245168995,5.39031208615065,5.4240674085133,5.293374848092,5.29560002618992,4.75107896034118,5.2600855152679,5.2842423333987,5.47876315528003
FT1373,5.61613593894808,5.89738304883399,5.73598952208367,5.58574704515334,5.60216359128545,5.63435130245809,5.55832163661239,4.95325677745751,5.41502331491784,5.47521009473344,5.67111721499077
FT1374,5.26318383442599,5.51731675850023,5.33805691063159,5.23277082291981,5.25354112097957,5.32400968906808,5.24556622062113,4.74545025003937,5.07917536856908,5.15438531161924,5.32631120255428
FT1375,4.72534513690042,4.96326176274676,4.78018520759373,4.69919124099745,4.74645217838109,4.83312454652933,4.75412534212747,4.22538235287763,4.44174406712104,4.62070169985375,4.80461129384162
FT1376,4.83627596761328,4.82720751124554,4.81737725763812,4.876670253386,4.85894232356783,4.91948410637762,4.96695740906471,4.95966447006967,4.7962824580008,4.91112669612844,4.89378366407941
FT1377,4.76625890663319,4.90232029932561,4.85906221699296,4.73149544949296,4.85521540088878,4.73453429073094,4.79202355607144,6.06014713174751,4.80219185429255,4.76277628986755,4.74287707379764
FT1378,4.50391727091608,4.52186796353841,4.49776199842276,4.57048205102607,4.56056385008115,4.54363198951329,4.42965126195925,4.29348895648929,4.45636053768637,4.5164674618283,4.46265817253381
FT1379,4.48821754570228,4.63284840358628,4.57074138120015,4.22673675028367,4.51632755580174,4.44793377094775,4.35962897849076,5.77564356943503,4.44734602369195,4.53386600777103,4.47666576572977
FT1380,5.12177265190695,5.3347469773703,5.22203122546823,5.16148322433068,5.24095276548422,5.17143807808892,5.21846538519139,6.46809424236271,5.20466448707999,5.14085126103402,5.16847167116393
FT1381,4.81893243315839,4.87782130944497,4.88357922314885,4.94140963624682,4.9119357649533,4.91077145423946,4.86880603571406,4.20299730294051,4.82226094385433,4.88916842911079,4.83241996253042
FT1382,4.4816557362268,4.46184086416259,4.37161178236609,4.31844025358136,4.34027858493714,4.31217815673244,4.37250399823143,4.23878728100837,4.52824365547136,4.44649395386139,4.48766499131276
FT1383,3.888188297703,3.80330992679378,3.50194127388665,3.78082504725276,3.65390096981331,3.8581063580584,3.96230542627213,2.74958369894921,4.07578969206731,3.93990741150359,3.71450510447546
FT1384,4.8476708965818,5.02925725325589,4.92863418350067,4.73187258301941,4.94766124441253,4.89966370504001,4.72624145108047,6.18356161701397,4.81034390045372,4.60927660303708,4.81722566632504
FT1385,4.57112697237889,4.66178560216793,4.59811700471152,4.66963843803299,4.67709853310246,4.68228279946175,4.60042915633723,5.07310472979698,4.69665507014861,4.6263953731891,4.66372436667023
FT1386,5.55436908299646,5.78473869922883,5.68644198460665,5.67211554201759,5.73569495910963,5.72335802907003,5.75655780658288,6.98958440401336,5.73215086829662,5.62657838676885,5.68396066014845
FT1387,5.22330974416828,5.30380649048029,5.24803212193329,5.38387852214403,5.38092417109071,5.41911556284679,5.4005974607695,4.75945511006219,5.20792837763853,5.3215304679014,5.26821577461365
FT1388,4.28406553421942,4.2051154187133,4.15555218985668,4.08704407802068,4.13686451072227,4.14344170347607,4.13542290240217,3.99581478876399,4.32761346856886,4.26088968326578,4.20827849560277
FT1389,5.25091310589193,5.46496476880916,5.37342873385542,5.36434240809291,5.415770729868,5.40943110226741,5.45803280579252,6.66008777234683,5.38395298831787,5.32714182361133,5.37401692365869
FT1390,4.92388803756962,4.97447238819763,4.9701363231274,5.07157935847889,5.07911590612443,5.12393065443725,5.09984923437498,4.38288553296635,4.94449583764721,5.03936032568545,5.03095797206102
FT1391,5.02495919213172,5.21488247291613,5.1115229565534,5.25214014429448,5.25456527259827,5.32628362140902,5.33666063625381,6.45570069056606,5.27980734173096,5.17870396410636,5.28586456489187
FT1392,4.81399204071268,4.89166728536723,4.81432089755742,4.98563937670744,4.8883734586839,5.02723745179526,5.00974873810373,4.97577821194005,4.81897836175748,4.96332969559302,4.84260088824534
FT1393,4.59409043622437,4.78446153202548,4.69036842326392,4.71557131232967,4.76188684155165,4.98147721108941,3.9546109387199,4.17271745089719,4.52831839421134,4.28703756639842,4.72425841638106
FT1394,4.69055767342853,4.75070726269683,4.78247610627229,4.88597184508915,4.96700815278997,4.97703172964882,5.05128875153226,6.04942345393493,4.90561235555164,4.74472449548327,4.95994004096676
FT1395,3.6615435789014,4.28062324653777,4.02753235348124,4.23557725583677,4.17011304314487,4.11249165163029,4.50087052464856,3.90661884116415,4.14459572971721,4.76458188530737,3.95891536942096
FT1396,3.98186451034531,4.3935893992432,4.30063312043997,4.19549805951815,4.00611720594299,4.61569682849568,3.86758079806305,3.99209673179804,4.22163889027623,3.80778563101768,4.00936214386064
FT1397,4.33215654778205,4.72860267749712,4.57717957864162,4.51077567437006,4.59809386801543,4.6687941690104,4.56492934966833,5.39654309723052,4.47316895629916,4.02726677634351,4.64522750526353
FT1398,3.93310067524188,3.99861402667398,4.28282534543006,4.57833120595622,4.27676353797362,4.88172036467333,4.87362482232629,3.77894445584835,4.51903811356038,4.45401976588786,4.73933179736297
FT1399,3.86264991834449,4.01465893926424,4.09888263372364,4.14409213039412,4.1955227856317,4.24301974066648,4.32056250117505,4.66726565257152,3.83037166544442,4.39600200994731,4.24642390397971
FT1400,4.67857725435598,4.60033434500192,4.63267454151592,4.39849973036635,4.4805325028219,4.38976851301998,4.43394757514541,4.62568473652648,4.41871908174807,4.54000807060604,4.49240246535253
FT1401,4.37432165162082,4.64688844244094,4.5171837984355,4.35019179236296,4.28214377149266,4.17605689482167,4.29299771911064,3.73141970403787,4.29192322038184,4.28566819458981,4.45813650664842
FT1402,4.1104700733253,3.99915613242843,4.24337766041733,4.56886997037054,4.4014919680432,4.83667805924572,4.71364827832466,3.70822913342725,4.49500802776377,4.51479896825002,4.67446320881836
FT1403,3.51147710714388,3.51984098727176,3.4700745745724,3.69551599257473,3.57317192500578,3.78568301650774,3.78695464236222,3.73638187399369,3.55692052097662,3.72639387933077,3.63136868397034
FT1404,3.814723664356,3.80529162008901,3.88204882161907,4.22986887977812,4.09178429895189,4.57541458561314,4.3710768312428,,4.18112266686596,4.13171001814081,4.3525862127205
FT1405,5.0724798179177,5.38857872246951,5.46030331290208,5.09556356204099,5.18595949927013,5.07466782348632,5.09569979999926,3.83277762292243,4.99867530248739,5.04607176118987,5.31430760408479
FT1406,4.78545098821257,5.08180474628166,5.16470099814843,4.80670287112917,4.89629388613219,4.80379026608805,4.84672624251462,3.71100947864245,4.69957318817165,4.77203343047188,5.01466123170213
FT1407,5.45623001388059,5.8886077726294,5.87880882628634,5.68059942431214,5.64456836687086,5.76048366739819,5.64373462359258,4.79755279594662,5.5120872119949,5.4691690571275,5.72209045798413
FT1408,5.11825109835651,5.5607612615031,5.55261992682333,5.35280535754657,5.33786088471084,5.4574296215738,5.34126432365927,4.3997099347727,5.19853914957048,5.17257217364213,5.39808948297483
FT1409,5.66830040631316,6.16964110355003,5.98656914350047,5.85339448716842,5.84471693601769,5.92421956321227,5.8459435531757,5.14605598431291,5.65321961816409,5.65368309117848,5.8695455772808
FT1410,5.29715889976118,5.78644338085007,5.64046019291936,5.51370328377519,5.49089935400514,5.57265578796552,5.49624452615143,4.71660687820748,5.29921914328782,5.31735076385008,5.50499465972405
FT1411,5.09475506649092,5.57193113747953,5.36651532890119,5.33750748332198,5.34520809547602,5.53807822086182,5.37648074463864,4.82795961087616,5.09847804220012,5.14831572770645,5.31381625161699
FT1412,4.64773752265138,5.09127843066627,4.86433519477252,4.90471499879604,4.91713274660527,5.13784011362784,4.98048322322139,4.34040424748657,4.58669012423251,4.7181734248352,4.89077185270611
FT1413,4.28976096481715,4.32909321931193,4.25703215281553,4.25595125706361,4.37397397964542,4.30431239854898,4.296275812924,5.47823015514258,4.25367220543172,4.05813872999052,4.21087772915693
FT1414,4.69786135180626,4.66674155556362,4.6174058405744,4.745583571884,4.72542125203397,4.7877418624296,4.8354360432951,5.41852461681556,4.69834633470862,4.76835907178438,4.65097872773518
FT1415,4.4050330060707,4.46631330693898,4.33799556890822,4.47032719907468,4.43917688019832,4.42901165542473,4.46985818749043,4.6000287624489,4.42462624749018,4.50826955632791,4.30723663951992
FT1416,4.45302663087236,4.47330915172951,4.61549418459835,4.61886645243132,4.61920281261447,4.66489041554757,4.7587866228829,4.62607254870252,4.56652400411432,4.8146156538548,4.71217030469357
FT1417,4.56295029537249,4.7562273326564,4.65861698133663,4.52014611697919,4.80203625387561,4.68218822430069,4.72912064913818,6.04727855413104,4.53173710211559,4.61974167174763,4.52746834227767
FT1418,3.94183028679236,4.01571889793136,4.1273023346967,4.16179352638156,4.13752329073725,4.16549533906703,4.21857978836465,4.38726390092725,4.03558989405035,4.31417955163585,4.22088502486088
FT1419,4.37400680048292,4.5979355838668,4.53371763909281,4.69588440027766,4.79291214087553,4.73584560977885,4.77480075252091,4.01867186808005,4.47481598548203,4.53054188028315,4.67712506845915
FT1420,4.34521426493206,4.46717781563656,4.23417878674676,4.24108589237095,4.40497098944519,4.43361831768988,4.27780615970556,5.78073729414361,4.44629332969105,3.60435719588771,4.31185304829968
FT1421,4.58151689713126,4.81528061353175,4.6503903754134,4.71700031047227,4.93258466611914,5.04383425004776,4.98173680642531,5.19238055101955,4.66019413465261,4.7848740259107,4.88470581686368
FT1422,4.16084399236365,4.20621911601247,4.16660667124909,4.30240147552964,4.3030251228848,4.4101766746554,4.44456583623468,4.17118569512417,4.3106548388616,4.35116749151742,4.1962418916139
FT1423,4.50176757499183,4.64891048553739,4.65787855485696,4.63367078694867,4.74317908491816,4.91224287614306,4.78693413092096,4.24140714998581,4.45767709247751,4.57777433153745,4.71260039599645
FT1424,4.52255766760198,4.84854675434907,4.6920067678804,4.65745339962521,4.820841944954,4.66595247275424,4.65429815488756,5.68716551957162,4.66982019645785,4.15780095387059,4.70438835917624
FT1425,4.60107570824916,4.50178013674854,4.55148493801744,4.88547011405799,4.85905868839443,5.05084911753402,4.59996928827605,3.84579103006257,4.78031055318243,4.65514045436756,4.87871219825718
FT1426,6.67582151389709,6.65626480878129,6.68333873006207,6.72951036379266,6.72079146105762,6.78322281702363,6.78058551584974,5.69556332276659,6.6806611503031,6.76236122117953,6.72420373962145
FT1427,4.24688646012512,4.5472676121213,4.43678963629265,4.35876436767586,4.51202690488829,4.38934813381999,4.4388010508742,5.35696858857251,4.27807776380705,3.88225765541089,4.47167404463384
FT1428,5.98158455688365,5.96216071863761,5.97555087369596,6.03389307749241,6.02087460314245,6.07905544543,6.09026914258944,6.17444428444067,5.97667116029243,6.05319584696908,6.02348576455068
FT1429,5.38437889501447,5.38163869549669,5.40700184202044,5.46326193831201,5.4372508125785,5.50463563312368,5.50939405736847,5.61747107701595,5.41232256609802,5.47854828884391,5.46806669164003
FT1430,4.54163100177589,4.83845992894077,4.89811292883696,4.56761504461705,4.4997525037848,4.44487303221704,4.4761209703175,3.13980101261474,4.46161343821303,4.46977971933265,4.62990776164347
FT1431,4.27908757331839,4.23615178444391,4.35866392522611,4.680922527497,4.5681558051557,4.79834519486285,4.81515903715401,,4.63563777449824,4.59542821280109,4.78272196831497
FT1432,4.62561045348701,4.63612594040599,4.28578428679707,4.70028350147304,4.61980674304655,4.6310581010542,4.78499573375768,4.5244300684857,4.64042905139383,4.74595177429502,4.6750908519965
FT1433,4.1149288922251,3.97516280444772,4.14612405502378,4.39649517806864,4.32315746488708,4.52914771631909,4.52010372980731,4.25131168740912,4.38356438863924,4.32729102383018,4.49458115984114
FT1434,5.19717560445643,5.51602828689257,5.59045332160025,5.31049418157102,5.40139170219355,5.31242578347915,5.30974571510448,3.70811698344492,5.15350943286966,5.24267568675564,5.35933144596871
FT1435,4.91287970271365,5.21239823298172,5.29745402007508,5.01452592103033,5.12502657762549,5.0089864435903,5.07273405624309,2.82066954503837,4.9061672884594,4.95796801224456,5.06705362250608
FT1436,5.50158552187362,5.93894509689991,5.91202615359673,5.7119861082995,5.8841589545158,6.02957266776406,5.87279162819094,4.97915569790978,5.51949407951493,5.68817054374621,5.89809680456587
FT1437,4.09610940775944,4.26252985278432,4.03147237696072,4.43626690971789,4.24700845498788,4.34161488066401,4.27934293303609,5.54251254594987,4.25763086312338,3.87595448907977,4.06655338942
FT1438,5.18403985423583,5.60848630095501,5.59046974501808,5.40558349608438,5.55750575062483,5.72591212200005,5.56092204236178,4.77678165056524,5.20090856985332,5.39833376812017,5.57893031189492
FT1439,5.40722750573134,5.9066964364617,5.66014531143082,5.8625702639378,5.86434574620741,6.12452659021024,5.93854711088059,5.19978784146539,5.61276769826179,5.65096590186862,5.81407588635491
FT1440,5.0728083852649,5.55010387734445,5.27207147053699,5.51077341463401,5.52042857143888,5.78673538075864,5.59153553410712,4.77057460988154,5.26194837060794,5.3221749224779,5.46588399296666
FT1441,4.74654269325746,5.19923048232158,4.93173979923343,5.14322759340673,5.13985369280335,5.42673790473624,5.24276611735046,4.55267007949611,4.88082249941385,4.9286241539099,5.08123979267482
FT1442,4.30373658815613,4.7097979724511,4.47528437483019,4.44191103947833,4.55999027972626,4.74346577743046,4.75634796168176,4.0886147883743,4.14453746414256,4.49403482331637,4.52389171748393
FT1443,4.27066633440473,4.22328321106973,4.20376564459409,4.35070920774977,4.31896660724894,4.29513054058605,4.41353160249472,4.1613753681031,4.34730569826983,4.4235727808933,4.35733212252425
FT1444,4.11195624569436,4.1168208460419,4.11106421247993,4.10512305444616,4.18558796572335,4.2705196058034,4.25833140082615,4.65241708703778,4.08950889628729,4.23707066945441,4.12979907734063
FT1445,3.84262501178706,4.08367932948269,4.09303801175329,4.18736554578571,4.18140950656347,4.37070140163312,4.26800778075516,,4.03674051749492,4.08392613012441,4.23748437012686
FT1446,4.56216595296361,4.99956234257284,4.87480456422515,4.80241028208079,4.74530407379154,4.72596486946402,4.68573903662301,4.22692401854269,4.8112613773241,4.74755280454891,4.992689664984
FT1447,4.3993006216908,4.35826906684959,4.44620025218107,4.39133932044806,4.37571722339626,4.39340691843791,4.41034430345575,3.97979162750399,4.34464562499211,4.5015435121511,4.4422946601559
FT1448,4.32926824109528,4.68964571703974,4.57991562968932,4.53557486385382,4.50305222846952,4.50202397056566,4.44006774393152,4.10922231757381,4.54442251344234,4.52186279284024,4.72020443067165
FT1449,4.28099788515183,4.66032109785434,4.56286117660371,4.46979538519505,4.42656841114161,4.40978281723773,4.37165487563212,3.8809622268554,4.49786928236837,4.44766454516093,4.6712992256402
FT1450,4.01332924663142,4.31027125139358,4.32824915666923,4.19653440109191,4.15743729574481,4.18005008177214,4.0266924585675,3.61273030204709,4.12817332388361,4.17309464867798,4.35810873486076
FT1451,3.18855356447089,2.59874547491615,2.88897535145766,3.69700612497213,3.903621357511,3.80882168848435,4.12098203449483,3.79057432762318,3.91468234924125,3.84221024351204,3.93872742750961
FT1452,4.07321319558346,4.22543868215702,4.19390068396352,4.16824609574948,4.11232908288032,4.06583224171991,4.05480674117496,2.84487209725479,3.94747411252639,3.88612026383843,4.16950311506607
FT1453,4.82697886358923,4.81361202232545,4.89074205247867,4.76924941905734,4.77101299913958,4.76283320160959,4.85458066664545,4.6564379696746,4.68685120656114,4.91124600603558,4.81229321748928
FT1454,4.23914317058246,4.25967264129764,4.32006868078985,3.9940691341586,4.24522006417335,3.94210844815346,4.30603680834929,3.96898153727538,4.12498834521979,4.27580175580867,4.30958128426356
FT1455,4.3385978245853,4.60283155112033,4.69861971948146,4.45609861932241,4.56239261438319,4.5009246890627,4.51009001906854,3.28560369789971,4.28880646733305,4.42184906262195,4.58367941980727
FT1456,4.20491552521015,4.37623272472424,4.25154785051154,4.30526371197787,4.30174204955065,4.24471672751342,4.32960089645632,3.72427825630789,4.09461326269576,4.14124552797601,4.42021151821379
FT1457,4.25855700678528,4.54330746547272,4.59849201657081,4.5496432046043,4.53293843360569,4.68940064556848,4.56958238906472,3.91413252762159,4.42068279602125,4.39438134875579,4.5447909218442
FT1458,4.21202610964973,4.32228529539298,4.34938223476591,4.32853574453071,4.38864554037498,4.49411849931106,4.42587072933824,3.72136773674724,4.12963415666594,4.23744385845799,4.34660532063663
FT1459,5.29125206507723,5.29569891406437,5.30835189975601,5.35633491690485,5.33017902563787,5.39006515390816,5.4073139916254,5.34291781237477,5.27575006964507,5.37856862006515,5.34773782258927
FT1460,4.65843860566139,4.66721455547484,4.58194921714901,4.75546347721198,4.70883907787611,4.79636219887393,4.82749070361616,4.44551061239997,4.69671349154958,4.37723288312498,4.72865118417511
FT1461,3.61695025090793,3.69370236085517,3.5467893408973,4.05909834216005,4.10356763803813,4.27131386278656,4.2922953677928,4.14127669842037,4.16492251572331,4.19320599581241,4.20092537358474
FT1462,3.7834626323147,4.02481237296858,3.82199035340483,3.28169515956144,3.06260756920625,3.10013910014746,2.89730804288588,2.76604898990524,3.40861925297565,3.12885167581648,3.47984509319118
FT1463,4.26998074955196,4.17190737098777,3.93160488758737,4.0140174364254,4.06159429253568,4.22958169684158,3.58875635603455,3.71662310971941,3.8069434665,3.47878389729976,3.86275510236801
FT1464,4.48005213612765,4.42225458964329,4.46192076304161,4.25702278887085,4.25392562023942,4.24308869719088,4.19342672462916,3.87314075803674,4.27566243491207,4.30749690160604,4.25027661542467
FT1465,4.1856792061212,4.15834896383211,4.08917703648703,4.05875661925531,3.97073207683609,3.9421618496698,4.00230387327477,3.84575505850639,4.17267931948865,4.10245288293493,4.04334608779492
FT1466,4.25858435102125,4.45286057411299,4.38052375601673,4.69716983635407,4.44018374291128,4.28899264819449,4.08769122671846,4.83779679885003,4.46828583157149,4.2008938053253,4.45325261118555
FT1467,4.25459988967588,4.22971339827463,4.37925030504405,4.4349040648294,4.42734958398339,4.51362038051619,4.55571236402708,4.6455778640814,4.29507544904922,4.60824189841603,4.48349401376528
FT1468,4.29125451263429,4.30334336658139,4.20549565232963,4.37633400617698,4.3652866290192,4.44378970869202,4.50879324364757,3.98600310298999,4.37740337018153,4.44272607389017,4.33983483925643
FT1469,6.54420923143763,6.52587459249497,6.55957470520761,6.60095339495975,6.53346916812036,6.67369494553763,6.64628801714136,,6.54360342395214,5.98283134343357,6.59923932831268
FT1470,4.43342955469341,4.54945586926593,4.44252340538123,4.57751874506706,4.51531266314601,4.51218808228658,4.26227998584719,4.87503573189482,4.48808119300677,4.12763273623467,4.43583332976931
FT1471,4.98190279200427,4.9963284638399,4.71870706961783,5.07249418954133,5.01721031330151,5.12819966066855,5.08247369122538,5.10004676791353,4.94598086289581,5.00081352420072,5.00743323064198
FT1472,5.85735723066399,5.84427735398597,5.84279380930741,5.91738783421056,5.89897829402336,5.99029296440092,5.97371059992457,5.59061726559904,5.75146201085404,5.92269202495133,5.84095034933093
FT1473,5.28938290499149,5.28724942409766,5.29763382058451,5.35360324809653,5.32906283693222,5.33742602470792,5.41402762875755,4.72773906342606,5.29127524257652,5.35755048118623,5.36278398977621
FT1474,3.9887961934293,4.25568197163861,4.01511690480891,3.54741337232315,3.36641305389195,3.14945646969752,3.23586216414308,3.07444121370505,3.58795330137403,3.58120006050358,3.73452763069748
FT1475,4.71273332204416,4.63901784962314,4.52933452630744,4.61527994141476,4.5134433540432,4.73777256845015,4.16995055445926,4.73795283626021,4.36856080690648,4.17544727383106,4.41225425650525
FT1476,5.53188885843975,5.46808557549519,5.30698547134198,5.35860458661758,5.35913219265892,5.59771686859449,4.84836789380736,5.22910547085093,5.18367652564688,4.82716314479064,5.19265219004802
FT1477,5.40936849328914,5.29925407649258,5.17620674710773,5.2748915175229,5.23398183941447,5.443163283241,5.25365855309137,4.96478344719396,5.14846578662042,5.24645944693275,5.18452596363207
FT1478,4.87079425535859,4.79788138947452,4.62675717284104,4.69136563178429,4.6807279774477,4.92289434175412,4.27704360937869,4.60953737397193,4.54231631395984,4.16489427651983,4.55459658017527
FT1479,4.64772657236786,4.56048954284543,4.39024062330416,4.47746951594565,4.46202489789984,4.68514606795387,4.02338839048812,4.52780577839615,4.33016228260834,4.01377568046935,4.34013550008254
FT1480,4.29307217658051,4.2830281579969,4.03671698479312,4.15313110775738,4.1819793763931,4.34468889410302,3.67942187370815,4.36344052021269,3.98161374094746,3.73769480376352,3.98631394287624
FT1481,4.66484622709435,4.63562089621461,4.70691133286536,4.60217948772453,4.61057462429661,4.59596576390299,4.68933644536204,4.53905154156764,4.45892944851657,4.73113598143045,4.64520856108835
FT1482,4.21301861711655,3.94175224382932,3.89422026592845,4.02919974429818,4.27822083775558,4.22677438955516,4.81778568496583,4.82526919710889,4.23905269568573,4.60246925152322,4.28739164545689
FT1483,4.38917354825671,4.37874590540247,4.40872530253325,4.46210875546608,4.4507336056719,4.50132948443369,4.53898754581316,4.34546197948597,4.37646620223823,4.53860938551721,4.4050404664528
FT1484,5.44219170434831,5.43261011913861,5.31620962351292,5.51101492231049,5.50956369328592,5.53709436405294,5.36848946801894,4.95261836620368,5.19558421609842,5.39850135528922,5.39283221704533
FT1485,5.09646355060541,5.18486931082233,5.18919970865939,5.16077841848442,5.23862237760715,5.2769381241261,5.31320051979714,5.18828847919139,5.17561768182239,5.2598738605414,5.23811948835204
FT1486,4.41075578992267,4.39624847622963,4.41024708193735,4.48134425164327,4.40857837977471,4.51994127883731,4.52713219558713,3.96588050624929,4.40037194402707,4.49666029473373,4.45701297169836
FT1487,4.27567147186007,4.47517299831611,4.37317247300247,4.41946827116424,4.36921845964081,4.42493991251416,4.21199513523151,3.29087956016502,4.44278710742061,4.31387110773054,4.57641015045319
FT1488,4.07941108613591,4.2652565036383,4.15739570146776,4.22335675821935,4.17179460199442,4.2530621734236,4.06659148865401,2.82214599360567,4.17402260224499,3.91212014294885,4.33634451119983
FT1489,4.12752421931016,4.23452188666213,4.14693381325329,4.25846348166899,4.1217626114926,4.23720305753087,3.99295424608265,3.40828905962319,4.2610255385851,4.03530680902058,4.32135258192717
FT1490,6.02688710686486,5.98595588993432,5.88141794248828,5.90417335362907,5.86128817014195,6.03817036951782,5.34720207603404,5.73091517804696,5.69547776231377,5.42863864368331,5.73606668588165
FT1491,5.7588936985585,5.77279410699908,5.67495309030096,5.68133450656618,5.60405605796374,5.81616299857042,5.15583196794542,5.53509829238586,5.43915248171055,5.18898714521396,5.51725260328798
FT1492,5.2797145222347,5.22853398662144,5.14376056614135,5.13290683634919,5.1036914248292,5.3178077640195,4.66998547244183,5.16756489589519,4.94152687939019,4.72542253808564,4.99973769221692
FT1493,4.33515165584825,4.20714329459176,4.30533718690304,4.21169892039974,4.07049537676348,4.16820452785477,4.1779893774358,3.87960109024276,4.09836743384592,4.2293817107937,4.17785583364646
FT1494,5.71903966428305,5.64251173584693,5.57190332553614,5.60347125980388,5.53003457750314,5.72680624260501,5.12548771891323,5.47379420054935,5.42463449969066,5.13278823755932,5.41753732152897
FT1495,5.47244123280879,5.41539911651653,5.3308027867872,5.34986098835309,5.33158013288546,5.48988491344985,4.90749534517025,5.42430553000517,5.17729296071939,4.91011536332131,5.2026787950693
FT1496,4.96836621132067,4.93571101057051,4.85371476963206,4.86833232212114,4.83419054996364,5.00793623981927,4.374424184841,4.90886046720183,4.69668628099636,4.47713765230006,4.68814768410711
FT1497,4.09381475087523,4.0826466380962,4.26954889029667,4.29211710190579,4.23421183394162,4.25906900172162,4.38261936683644,4.48897580709341,4.14256354688113,4.43539845294351,4.33462959722068
FT1498,4.39963784600625,4.3909251332594,4.40431520367675,4.49951057885276,4.54774790053987,4.53428119187177,4.55095717236533,4.37433502067149,4.45576700376777,4.53475984345017,4.45479729263928
FT1499,4.75846943644988,4.64574407619152,4.59091037985279,4.66545707661494,4.59321470272184,4.73326129123205,4.25336170810427,4.61199310323936,4.47721746191098,4.30949538448261,4.45788442557283
FT1500,5.09413594620374,5.10559108973649,5.12118122999237,5.17969144403151,5.14926924150837,5.20474404357621,5.23431991234274,5.16080994026906,5.11114513568059,5.21315161799115,5.05137115018224
FT1501,4.42583604506277,4.46693169961108,4.42677306734939,4.47815591915527,4.43464036650067,4.57212376998384,4.53898045125557,4.01400515346586,4.44734774054066,4.53926736769261,4.35558842320015
FT1502,4.45189883251793,4.45990480721225,4.54220100831103,4.45887645864503,4.42820904217641,4.46105750139963,4.52455955668707,4.16673303100266,4.27588957087075,4.56865018565554,4.42556734641523
FT1503,4.46637833419121,4.44273266454928,4.44042062929375,4.50525957526954,4.48630021033855,4.58111660840124,4.60867602838076,4.4449057232965,4.46798421863667,4.51682707937394,4.48263734840481
FT1504,5.18585836142942,5.18167332289058,5.21479340328794,5.27072313081649,5.26281159033645,5.29267802940574,5.32715387709924,5.21204633137291,5.19137174806003,5.30579748060183,5.24285498338178
FT1505,4.42828475181042,4.44780002544577,4.47504961037011,4.52380237287316,4.50889818582698,4.57047878473665,4.62196454346882,3.93469268213763,4.44716013019943,4.58114045714389,4.50886762496757
FT1506,4.16442515590729,4.21581033635955,4.22585596916159,4.27324281578096,4.22128546973978,4.26692051503721,4.30876354813868,3.61396247882871,4.23013457584668,4.35563344988443,4.25530037673483
FT1507,3.97556926111732,4.32808403253542,4.26599819951488,4.19595744227146,4.17601721185794,4.46262492978706,4.40004259077381,2.32995481972128,3.7639631135355,4.18898779316234,4.45869307799204
FT1508,3.79692016559258,3.96558486493237,3.88792552219607,3.93128041309873,3.89993688608155,4.18430753727846,4.15482151537145,2.3389558739242,3.49160306185289,3.92431929461715,4.18923308115017
FT1509,3.82979812405538,3.86242165662501,4.01129251668278,4.09355353121557,4.06131866776882,4.14555562167074,4.18609817964155,4.1898379669268,3.97813729370769,4.29138064419077,4.14872556355501
FT1510,4.46693846111331,4.41743065428044,4.42310251401635,4.49221824835244,4.46240228374463,4.59872766341334,4.6158149823909,4.22275155409161,4.42946967277264,4.56449503086443,4.49081048092238
FT1511,6.2049155660037,6.20030256031597,6.1606329160444,6.13782400746122,6.24996594500349,6.35005168465881,6.25718424319626,5.18021480961072,6.20417400721882,6.22814197106193,6.20041261026613
FT1512,5.09985482380443,5.10272587846892,5.09373715312403,5.17976213390521,5.16227346998413,5.17853526455536,5.21061631556449,5.123891534914,5.11523352571757,5.19883163734742,5.17284881467181
FT1513,5.6602536813186,5.62446354251972,5.67038088581919,5.68342135185282,5.69589427999995,5.73877437696477,5.68258044455665,5.14258739963086,5.63273755231514,5.71395032236705,5.69710534828689
FT1514,4.45340135152629,4.39674834400937,4.47497873986051,4.35680288427074,4.5043774929446,4.52971550459971,4.56242818171437,3.65959014698802,4.47756571816087,4.52356731741904,4.46853641238578
FT1515,3.65570687311283,3.93559457569703,3.6615261126061,3.17352663320304,2.84966121438552,2.86063808249922,2.75048457954599,2.09969035423635,3.10820055357021,3.18669834950901,3.19029086866018
FT1516,4.10513201498026,4.26012815665034,4.30931304473846,4.34203602107566,4.39025633186888,4.40875395407596,4.46260571680261,4.17993952659534,4.02539206118961,4.36503454563024,4.34365961877842
FT1517,3.99100892189517,4.35428709015661,4.20856916750539,4.08235217352964,4.04005121739856,3.92196486648486,4.01339751185372,3.49517618009254,4.12490071179032,4.21792776109472,4.37515738894571
FT1518,4.3765513646509,4.22721407899594,4.35351242774829,4.40853546971372,4.34448523917725,4.4850394008142,4.52408306705642,3.58953201448364,4.35337769053743,4.51876996368665,4.43082872727232
FT1519,4.28475474000763,4.3761806549329,4.0641674035683,4.42848660536475,4.43939198368479,4.39579535063405,4.51402443027733,3.79691409648336,4.30190802907364,4.47325371588687,4.26526735570027
FT1520,3.76666885771554,4.18557011835362,4.03610669515047,3.8164622278704,3.8700115304106,3.6109614874357,3.87014905431535,3.01725395376498,3.95801529676752,4.06374999032758,4.10920801296469
FT1521,4.40859601350295,4.44818125372221,4.40242060253142,4.48830651621036,4.49220761387449,4.57028121735589,4.57004368927375,4.34912584246138,4.42225404461521,4.51866332413202,4.46201337637268
FT1522,5.15100290091289,5.09970854870982,5.16030927442578,5.2154601841653,5.19723464846645,5.25824675007815,5.27138222449407,5.14475105810587,5.13651816879312,5.26014349296552,5.20151570644003
FT1523,4.45531079257956,4.40796397953531,4.4753506810802,4.54976111181636,4.51380138222422,4.59197031876128,4.57169687187812,3.99799777432113,4.43567789157225,4.61341983776134,4.51510997721349
FT1524,3.61132004459274,3.8583492907592,3.73030791267342,3.7583657729523,3.68050063803404,3.84394693966383,3.88894216900678,3.67574967437641,3.89220717568482,3.89303851567235,3.92947910838583
FT1525,3.70675137886373,3.8766302918812,3.7167575986814,3.66472959891567,3.89369777883096,4.04953598255722,4.26045333752065,4.99192225297258,3.52144777096804,4.2153603437668,3.95202043492599
FT1526,4.39885432117391,4.43357118542767,4.44976276004071,4.46498375584656,4.46075849331284,4.52764663516988,4.5294337315746,3.83226749710527,4.39565624604338,4.55812117382008,4.45606212138076
FT1527,4.1717883145581,4.2203416135124,4.20583434522638,4.25930817569385,4.24378399373923,4.35558651894501,4.34048575772128,3.74511617901808,4.14094148083304,4.35319548911633,4.2926515872506
FT1528,4.38792865785476,4.40359181357334,4.39756266977649,4.50132918319507,4.48026764277472,4.54433040671752,4.54316105431532,4.31915313801092,4.41733092247803,4.49619644831081,4.47382009129438
FT1529,5.03793058269534,4.19902437380759,5.06868859215505,5.10245094184545,5.09629382845583,5.16944903708623,5.19031094300607,5.02028406982849,5.04009420923744,5.13751103360721,5.12315121856974
FT1530,2.48364138581526,3.22187473826115,3.60342831191555,2.74485332692682,3.04139279628561,3.41274459833165,3.04077581806279,,2.26212359369793,2.96779987245017,3.5501063196954
FT1531,4.41704332731486,4.4203225488047,4.449378992953,4.49189045773383,4.49095708932735,4.54148196284925,4.54412450442192,3.83767076042782,4.39731733250878,4.5645970248493,4.47748169358964
FT1532,3.81355555391078,4.06359999335043,3.97260363473628,3.91260036718502,3.93824516943903,3.9667673584203,3.97504786822546,3.59470482798296,3.95970722712703,3.94992376296705,4.05355107674364
FT1533,4.43383503961703,4.47591520574243,4.43763610553589,4.44393600443482,4.30686309874971,4.53421231300239,4.52305897039605,3.48019572847839,4.42924629856461,4.5710599829237,4.53091848268157
FT1534,4.46523494647766,4.47939750573859,4.390906292685,4.52278211882097,4.5479835996137,4.52966395943534,4.58930032907392,3.77775176580741,4.2724024101412,4.56766586856461,4.47290810035028
FT1535,4.36572526840983,4.42675215588836,4.36493792017557,4.48900928126799,4.47048793597276,4.51303916235994,4.51620365108788,4.13799232504504,4.42920093373777,4.47376575664805,4.44079044503348
FT1536,5.07146977667468,5.07637410295202,5.10389692393726,5.14281674204872,5.09980998226313,5.19008537203458,5.18087896091397,4.32340115044166,5.06715244197148,5.1728937417127,5.14323070577031
FT1537,4.43268814491786,4.4416683798939,4.4455846849913,4.49825539461215,4.49835689197872,4.5099861689994,4.52845815389314,3.79385605507841,4.42135071499342,4.54305593210892,4.49108644612003
FT1538,4.470939927032,4.41683003631526,4.43200113767492,4.4831341810334,4.51098287545834,4.5353345325418,4.58952386058344,3.83427266363491,4.41076501901885,4.57967144306206,4.52291680626621
FT1539,3.55809396143014,3.66446574923161,3.63684091650533,3.52257430817599,3.50093482550673,3.5035805179529,3.49220253547935,2.79496755236312,3.63472564269227,3.80493622984031,3.83974715465173
FT1540,4.34710473936382,4.32099038991803,4.30928625585341,4.39666974553298,4.38530843450595,4.43917274597576,4.35478632448365,3.23807118683856,4.33439139235777,4.48025399176008,4.37567209633556
FT1541,4.3738795168302,4.38345785533185,4.35999835989368,4.44008139851849,4.44041454210084,4.51022563924594,4.52809261879506,4.19324511222578,4.3859911244518,4.46155848986313,4.42778014111866
FT1542,3.73055137532335,3.99403809888699,3.89745143278028,3.94104564909945,3.88737209779719,3.90416611709804,3.90868177066077,3.51836704106206,3.83013421594459,3.86887327703844,4.01139292207507
FT1543,5.90253686322126,5.89227717224899,5.92891215044715,5.81496675084658,5.72001999840415,6.04267614974399,5.85130745629526,5.32794379078517,5.76632706496882,5.93276505922104,5.86401142780825
FT1544,4.85775317404412,4.22461503659322,4.98536681502656,5.0295264157759,5.0075275464903,5.0597583045056,5.09149880196779,4.46209755921888,4.95163521408375,5.07252288801574,5.03482762182308
FT1545,4.36821504297243,4.3996782259048,4.37538041376355,4.46295948871024,4.40746854273879,4.47667546641312,4.48171080417432,3.92939556153551,4.3519777742671,4.49218293664488,4.42141753512523
FT1546,4.46411216800333,4.43308625273698,4.46418302710467,4.55691972266146,4.54530346262376,4.59092684720871,4.59007334687153,3.82915192794633,4.477689939199,4.52840299921483,4.50632429112679
FT1547,4.27921790409097,4.30298591108205,4.0530048585881,4.39998332505974,4.2953343889943,4.46040195613025,4.36668457786901,4.25349602789289,4.21152940152444,4.44794052695162,4.11870235629437
FT1548,4.97751090293919,4.97224799261876,5.01825122899939,5.05158012924543,5.04553132657475,5.07341387271485,5.11922214174619,4.42319692725029,4.98338705701883,5.08356606093815,5.09338199188353
FT1549,4.34000497122332,4.36702188526852,4.36979534900711,4.40602262320772,4.46110351550724,4.45147021114257,4.47680072302988,3.791468465938,4.37498968764541,4.48604974892414,4.41573297121928
FT1550,4.42040453518971,4.44371717152196,4.45214051258859,4.45654382146243,4.52247795376012,4.50753209365449,4.47412191098891,3.59397299844155,4.44092511359716,4.55890423954382,4.43614239518909
FT1551,4.46047816897524,4.45716999699529,4.54174217083959,4.56613648610594,4.57484074924279,4.59906157441985,4.6167401178983,3.97608144856999,4.47256409825664,4.60106171951347,4.5506251672697
FT1552,4.12633044580123,4.02416649693023,4.06665459566627,4.17039093776459,4.16048226321019,4.18051936569662,4.16058365410256,3.41312559466808,4.0332196757914,4.16083920142775,4.14342259847194
FT1553,3.86215561522706,3.86050259786253,4.01677170364128,4.01858764010051,4.023665213839,3.95655696559263,4.07973857015449,4.01431643228855,4.07161746711717,4.09789611668108,4.18724547238702
FT1554,4.4319486566205,4.41652036605058,4.05489785668773,4.49107961663249,4.39773216856581,4.5844108140009,4.55867653269718,4.2863134427892,4.45274151354898,4.48280263244835,4.49585913450511
FT1555,4.20626852502006,4.23301426322937,4.20158243391608,4.40081380391557,4.03682521293364,4.27550695909274,4.48807353571658,4.22484849002904,4.29828269480746,4.36729899414892,4.3823531195494
FT1556,5.74097455493729,5.71961751712798,5.74826672998888,5.79005736056858,5.78134530708136,5.85943252599066,5.82870284500048,5.15727839558774,5.7318358943858,5.80522302776127,5.79958754714984
FT1557,5.28776788326057,5.27599494162016,5.29948508816724,5.3318114442318,5.32938166712398,5.40405022619449,5.39731722842269,4.4391505781178,5.26607866414673,5.36144597529702,5.33936173237809
FT1558,4.7647304196687,4.76213984361193,4.81661139839023,4.84309933409156,4.78887338934884,4.87052370593473,4.89233219238143,4.46472546562344,4.76205207172842,4.83367665455853,4.82837029552682
FT1559,4.20058347095131,4.16269703799103,4.21476959410158,4.27441910421192,4.24671276864011,4.26390951481875,4.31018908149722,3.83011543318002,4.1563371618905,4.24323898163893,4.22257509477398
FT1560,4.45489405984752,4.42657373208457,4.45983368653751,4.49144794263178,4.5039638397255,4.5884233444613,4.65649240460736,4.5104356366918,4.45715394678314,4.57331695700331,4.52217776166709
FT1561,4.46547102757749,4.21650389135358,4.46966907705488,4.53873069907094,4.52277530931883,4.52586186081456,4.53576591450541,3.76641922529218,4.46544673469344,4.54718118775607,4.4928028216816
FT1562,3.76066348181397,4.24757535960985,4.11650973283949,3.76203249571047,3.74123237924706,3.62711583263116,3.65946812251108,4.77904598227126,3.73718729220493,2.66731059137785,3.70059494507519
FT1563,4.37981708542434,4.36049142384046,4.39015215952857,4.45473575497766,4.45895049481444,4.54877435820243,4.52565336751166,4.35775752168567,4.3906271177284,4.48743747844666,4.44643818181883
FT1564,5.02299561575537,5.02343346788467,5.01238237153578,5.07260108896275,5.05145775347116,5.1312000650915,5.11621187067758,4.46210034798926,4.98290415589602,5.11925584381213,5.06509427750868
FT1565,4.67365865789286,4.67756153550629,4.67703397988968,4.72413834848835,4.74354879979411,4.79345161282411,4.77126670101617,4.01579192442788,4.66698693346955,4.77892646583007,4.75459187284045
FT1566,3.47691111210412,4.14613783414408,3.99023656956897,3.62423375742428,3.77125056894569,3.53449649123242,3.5596890650444,4.38556441603154,3.47717141844166,3.19610290230985,3.71913763664253
FT1567,3.60517188150617,4.19723884030127,3.85863079233271,4.0479240667342,4.06593412811706,3.79117613471058,3.94830563744723,4.09167568272278,3.82254262242187,3.68371728541806,4.01640040481022
FT1568,3.21056399166277,4.23966656862281,4.12634023154927,3.94891044164512,4.06813794024851,3.81978582463844,3.74330390979056,4.3537949170609,3.58744154789075,3.59074807998778,4.04122395124352
FT1569,3.88603427104258,4.24891134526522,4.12380710303757,3.84691936542009,3.91865236654446,3.76128115401623,3.74962307578515,4.67199115123176,3.88126500719213,3.52863298153584,3.89501427725032
FT1570,4.4890963264797,4.42612595483072,4.50132512990323,4.54024286801478,4.53206472227335,4.58523021871184,4.60060649993098,3.92977917881896,4.42605601001104,4.60393585479612,4.53453995154512
FT1571,4.14170199336129,4.0490466026109,4.14190198167169,4.04220775074528,4.05979595662598,4.25711386805168,4.23343182652796,3.02773270338189,4.00166301543142,4.10707251200713,4.17961049395681
FT1572,4.1473027498119,4.24377452697665,4.1330710891124,4.2025454490635,4.18401313894621,4.00639295967565,4.22475306534132,,4.08953615981184,4.21041377326305,4.20907077116081
FT1573,3.98490424841337,4.42274915102039,4.25033983534456,3.96609955300345,4.13857877106366,4.04553072021455,3.89522414206296,5.01229877702733,3.96649853898932,3.6760791727435,4.13018120764491
FT1574,3.92853623077914,4.31715730267153,4.19465734278772,3.91064962551155,4.00715250209955,3.58078729838328,3.89613263717876,4.92025829769246,3.97935047253567,3.38285977191061,3.91637012652687
FT1575,4.09121178101765,4.08176769499541,4.10048293779955,4.17303161617947,4.15003162330259,4.02718326471598,4.26276558166255,,4.11341810662909,4.16483695916825,4.16024291055701
FT1576,3.90649188726295,4.41364712276765,4.29842326599894,4.03088359385141,4.19951828878481,3.96000009640931,4.06533395619496,5.04656257274192,4.02579493670917,3.71739882457301,4.12303709196085
FT1577,3.86343235509866,4.29282085964612,4.12133596291087,3.81634464843044,4.0563617773798,3.97725770415169,3.93621406192373,4.84517976531985,3.85850900409457,3.55714924371085,3.95971894844499
FT1578,4.52186475124808,4.47184066564526,4.49799034939724,4.57657136350116,4.5716907090646,4.63244193382886,4.64953530525027,4.53748521626808,4.52562636392797,4.55000058071652,4.53371596082549
FT1579,4.23571836502454,4.40476310712612,4.17520428426072,4.18799453194703,4.03720573405738,3.4345071478762,3.92228954577485,,4.12989692754067,4.08107261041865,4.16883336014072
FT1580,3.97382023508752,4.24813071257322,4.12141699052052,3.80740647160804,3.92265174522929,3.75481276499082,3.75842538000736,4.62943387916423,3.84853945751917,3.55862928677542,3.60816588518539
FT1581,4.16356464469232,4.17888092480532,4.16714405318976,3.96009093890739,4.10364009436184,3.45999976829084,3.97980721503438,3.23434069158447,3.91448739002485,4.11152971239464,3.98383411666079
FT1582,4.40800126819861,4.43026312181456,4.37287004076942,4.38890883974206,4.3987685584853,4.10811553857114,4.26883638403748,2.95027645124649,4.34242975695031,4.39119372377642,4.41054254885955
FT1583,4.36216737297206,4.28397824401194,4.22746334320459,4.42181151160212,4.34318522067079,4.46591952260123,4.47661963791493,4.21495090528781,4.37812321036636,4.47553687049791,4.39052249907871
FT1584,4.09119313198473,4.21716519844378,4.14863888519478,4.26677175373543,4.18156369618511,4.37961552780999,4.30045805519868,4.16537685951864,4.22455190298122,4.31194599337349,4.17714270879721
FT1585,4.31959361696191,4.31029541564921,4.30801366065731,4.24638960785189,4.23954732008621,3.95934101453745,4.21239820449522,,4.27340345329624,4.28523757964353,4.3082760582266
FT1586,4.21623715681656,4.19823893047098,4.19093501754704,4.23146105022381,4.19988731573299,3.88659303190388,4.21160656633213,2.81309435799665,4.22902137055996,4.28535765553441,4.26696815439233
FT1587,4.06034824535705,4.36972101274749,4.19762023675018,3.95948404615792,4.07729058297011,3.97531519797741,3.95317164503557,4.88096960003665,4.04201405145343,3.56709710087614,3.94791399480609
FT1588,5.55892686777808,5.54700089382679,5.58269092086069,5.61721552366869,5.60339535431885,5.67185038606861,5.66953872622601,5.56458708015585,5.546716887545,5.63972990620219,5.62306786347988
FT1589,5.16383234981557,5.14741196520872,5.1846631016889,5.22020540605804,5.18820501476686,5.25842414104903,5.27054976103699,4.57341767146249,5.13558163517975,5.2499707017538,5.21976674125309
FT1590,4.6348641012647,4.6304213113801,4.67476926433144,4.7254706925638,4.69822152989215,4.77603316705009,4.76949252809579,4.15900435602162,4.64469193376579,4.74256248980441,4.70176309020467
FT1591,3.98477107731873,4.31717186445079,4.21480151358939,3.86965479177622,4.08922823660741,3.88179409279439,4.08546835648789,5.01966631850963,4.07560788719782,3.64004085249251,3.93294786584902
FT1592,3.9477480604071,4.25890273181019,4.15214957542051,3.85938485049508,4.04574325244016,3.87797306489136,3.87924905195885,4.99835971632256,3.91897204386749,3.61447385349412,3.9298596305824
FT1593,4.16775727570107,4.48315576933392,4.35474114544102,4.1403345959606,4.28825794255368,4.24075435118942,4.29313319072297,5.19742436324319,4.21978468308039,3.86301972197531,4.23356732107766
FT1594,4.02037366668387,4.36332398875902,4.24954866939018,4.20528386319714,4.16822887059742,4.10575642500227,4.02657078676052,5.10387999450225,4.09683905151427,3.60668700428554,4.18785426189274
FT1595,4.01738888716377,4.33474329571768,4.1627547368876,4.0328768975988,4.16267588738851,4.12568100265748,4.18756612412168,5.07661243252681,4.00824111512811,3.7338314605409,4.14066173498567
FT1596,4.28392263932975,4.48956951092013,4.26092149207754,4.28968056537511,4.2619953623974,3.99180273408745,4.19667966733187,2.46578346740846,4.2232735886763,4.29984072736499,4.26762879450927
FT1597,4.06799881487587,4.35445891906536,4.22494127484689,3.84296173790805,4.07875352501109,3.81322922202902,3.91167023001153,4.66022398996398,4.02237067341477,3.644477370549,3.88554873123186
FT1598,4.22424390285733,4.07364881633012,4.14333363549628,4.18043136294229,3.86761828785085,3.87560454406572,4.02903442497071,,4.12267531695872,4.23306808509296,4.19467665120141
FT1599,4.32366405677562,4.26859204461428,4.26710164940511,4.3294777634808,4.26000516165064,4.16448605568101,4.29229629462765,2.83036283080687,4.24715642414032,4.3568542168264,4.32825201234554
FT1600,4.19898394918379,4.48375734794804,4.33982279264074,4.09639531964097,4.24801721055479,4.05844185609986,4.07128033888676,5.0838505283812,4.10521338258829,3.78568475884593,4.14107527982256
FT1601,4.22077014988774,4.21040351520917,4.19421804971669,4.2486374399219,4.22480043950975,4.12837193276212,4.25701325277346,,4.21466190168068,4.29091443544189,4.25488385510841
FT1602,4.12771166642577,4.33773486237303,4.21798077137035,4.06743047042338,4.11249568264447,3.95284036735251,4.02425891658483,4.991226361256,4.08061513363917,3.63506980874414,3.98999432336165
FT1603,4.30648334318001,4.30175270980776,4.32012740284742,4.40259826480659,4.39513850894204,4.46946386265215,4.52295866714825,4.37910763297648,4.35410327269999,4.40530614507071,4.41353990443393
FT1604,4.40788200554818,4.45106795493061,4.40756393082797,4.47922129952951,4.44674965273598,4.48285182092926,4.53625660662569,3.7599518228334,4.41282672856314,4.52045969251664,4.46290938278229
FT1605,3.93339547360355,4.22941005155348,4.15290472249129,3.84236291581162,4.10019657098856,3.96428256065189,4.00562765387998,5.08204716662555,3.93086941956595,3.49922726938225,3.92491119650135
FT1606,4.04046665437877,4.32692149603354,4.20669731614506,4.01907487584293,4.15603967978514,4.15788464191072,4.11647781315712,5.17765383181983,4.06238124054204,3.70174641180116,4.03971574895307
FT1607,3.94019657028966,4.22346459188644,4.13685916204395,4.01502517136045,4.11317339745283,4.08687290791141,4.11196841239995,5.01422653795552,3.9525636314914,3.67696513409955,3.96201263145039
FT1608,3.91077738284774,4.26983257256975,4.15786452367162,3.82499458151972,4.16813048131033,4.17165254876616,4.22762151293197,5.1171886863831,3.99728024635654,3.87618374624139,4.18106186125769
FT1609,4.2985056952274,4.28509628308869,4.28901068950458,4.35011478003324,4.33415877487475,4.41906282597408,4.43621364195241,4.12731680951112,4.28927003487669,4.40087123096024,4.33279412665136
FT1610,4.89555697036027,4.88245405996691,4.91679892750274,4.96951761298955,4.96472475713875,5.010574061716,5.01064713555705,4.12604914755873,4.87335828491147,4.98846853320197,4.95038730236762
FT1611,4.6039688506711,4.58793968965921,4.6286423461496,4.63307311727656,4.64772395533084,4.71820532152227,4.69691529048799,4.01806895257585,4.54300391675746,4.67789776322333,4.66737976413239
FT1612,4.0076079435199,4.232819804194,4.13861506411609,3.9732894005252,4.10070015583296,3.96104935482251,4.0054597347244,5.00436202131582,4.01807010754569,3.42541761727407,3.95430105042526
FT1613,4.40398409949343,4.4519124313896,4.43269209397495,4.49962501710651,4.47114934948537,4.54231910212003,4.53581815922525,3.60760198640975,4.40807778214737,4.51978921725902,4.45885479391405
FT1614,4.16296056372736,4.11694157225686,4.12140732185899,4.11660231749112,4.16965629340677,4.04897115020794,4.03767526528057,3.38896918363489,3.99103799821349,4.20789906914148,4.15525440900271
FT1615,3.5209495915249,4.15187135276213,4.05075780822909,3.82971155449982,4.05952851228298,4.010037331576,3.99258936141467,5.03683423426275,3.89784478237886,3.53905451849278,3.85679159327916
FT1616,4.36419482988045,4.3518233208186,4.32979988549111,4.41307319181484,4.40428671643702,4.4998877301015,4.52395576173101,4.41178689326847,4.36901608618034,4.39416356306925,4.45824717435624
FT1617,4.28044498545234,4.2624989600768,4.2348161220635,4.29977942370916,4.26522318087904,4.38781303892817,4.40647845453815,4.00492118332801,4.26317106332035,4.35799754828771,4.32050029577505
FT1618,5.39766463801891,5.38329994635401,5.43498290391675,5.44647732464277,5.44666370681436,5.52013116831092,5.50457040242046,5.38797413909789,5.38031493983269,5.47258707712034,5.44706670616443
FT1619,5.02792892295466,5.01501261149013,5.05317404493156,5.11026039773927,5.07445857287853,5.1433169659492,5.13849121833912,4.38434271666125,5.02650584487581,5.11220438720644,5.10579553561805
FT1620,4.56215697355207,4.53098682833117,4.58733812059853,4.59830085231973,4.61555985184879,4.64206511389999,4.65192776684626,4.29585619055893,4.55557423244475,4.60676687774032,4.59860000060628
FT1621,4.19695850722401,4.19709931856264,4.09353948978849,4.23784950670543,4.13953777932388,4.35520287788303,4.37393773496553,4.31549910997289,4.06904132994398,4.26387967095093,4.31175265755135
FT1622,4.35037943392584,4.39495015998166,4.3983483637383,4.29575941722704,4.43053718813818,4.42452770864062,4.42528174736211,3.5249322352567,4.33858701845079,4.50026840730694,4.45759755915391
FT1623,4.34535144974426,4.34741384998325,4.35855523601463,4.40530235736157,4.39242433667862,4.42304205722888,4.43869577325296,3.459798248158,4.2679259727037,4.39637503937561,4.40979804257346
FT1624,4.2292522861577,4.22564439857191,4.21879096680642,4.26954425263191,4.27151241939254,4.33887563244098,4.32675359395227,3.92302723131719,4.12545787274273,4.2555219038844,4.26253575340264
FT1625,4.79440753572493,4.7779248261344,4.81827025148921,4.85554617055241,4.8199332934194,4.91653241153348,4.89036806486236,4.08966369583012,4.79853445734556,4.85894988406032,4.84670970402259
FT1626,4.55266718301226,4.53362383214545,4.56994950688513,4.58047440158719,4.55036035548928,4.61525534002447,4.65346199723748,3.77835846113129,4.55603932903623,4.61646779168878,4.61745522297314
FT1627,4.38659786701181,4.40993679332975,4.40099691558777,4.43150255138731,4.4581904597507,4.52652138179462,4.53610732422724,3.5047737497447,4.36625376566761,4.50491434219914,4.43644622996316
FT1628,4.19492554355212,4.2966966605474,4.27292027878317,4.19246647900642,4.323723735722,4.37257202767985,4.40714552514533,4.41105208430262,4.17519144831825,4.24301610170314,4.31975342951055
FT1629,4.04145688994461,4.17086517879081,4.12225242496602,4.26863999581829,4.21565955955396,4.24650067886269,4.20804707028012,3.80549700089215,4.04304321140064,4.13259134713819,4.23184936433209
FT1630,5.24827770707861,5.23722966933614,5.27610439817641,5.32018300708033,5.2776228813628,5.36769514888232,5.35077525837809,5.24402148692554,5.22018270385525,5.3250535648164,5.30384464395461
FT1631,4.91160418548407,4.94076915074921,4.96429507349404,5.00245603814734,4.96130175706323,5.01958113537501,5.05454802353103,3.43962861757625,4.92856243779795,5.01224670194146,4.99028330381107
FT1632,4.44410471336749,4.43211475990053,4.44222576073729,4.48594432529411,4.47222779292676,4.57076273476273,4.56363077011959,4.06175453288993,4.40924147365534,4.5221888953502,4.4819032622021
FT1633,4.3623215680726,4.30605236294507,4.33436199500413,4.38124590614722,4.36428833585469,4.42712763868123,4.43429591507251,3.65441346336371,4.26718088987564,4.37284597018109,4.33455387506151
FT1634,4.69368514860419,4.67808202399635,4.69406984665425,4.73248406856914,4.69769566838349,4.77388973464014,4.77285212597751,4.04411538284021,4.67646272796083,4.76447023580934,4.75823767196281
FT1635,4.48652593521708,4.45300113532736,4.47496102042592,4.54094046940771,4.52025096988369,4.56138889923791,4.55746245517484,3.88038717283162,4.4657783890173,4.54739836757852,4.53850407803936
FT1636,4.35214962307984,4.34477750923499,4.37853958885473,4.39143849190591,4.3652863538814,4.47181209959094,4.41364288356906,3.72316416768704,4.29449882038448,4.44385360016045,4.40116449764917
FT1637,5.1014111841319,5.11141116454597,5.11862869757318,5.13988085525768,5.13995322271829,5.19842786905294,5.20622648777589,4.56552430164901,5.08116915912582,5.16302623898851,5.15088275207509
FT1638,4.81800220837716,4.80771142998155,4.83276745764139,4.85725915033693,4.84631104443964,4.93211476428835,4.91800035349039,3.981161716239,4.80387144476848,4.82256515800643,4.87508786133712
FT1639,4.37108940160663,4.32572696402905,4.35840501516019,4.37389131859001,4.3730896077607,4.44664240858571,4.41326285578321,3.78580944629837,4.31803385680452,4.40760308354539,4.39351911941672
FT1640,4.22086918024891,4.31929963020938,4.29295757040496,4.30921118852695,4.30336002386939,4.3296864836905,4.35757764412148,3.64804085128807,4.03186319296601,4.369228593811,4.33062224441786
FT1641,4.57335056110114,4.55642179533287,4.58562321024304,4.6065422298542,4.59647852334604,4.71172772311466,4.6660245684599,3.94350752538644,4.5327661438728,4.62063327593749,4.65073035641377
FT1642,4.38696182723092,4.35606139311397,4.40933959772318,4.35277466220264,4.44183522564743,4.49524640412712,4.5107225318173,3.88312713643214,4.3992461346291,4.43077737151236,4.48420502324252
FT1643,4.28400602478234,4.28640511084894,4.23019298895479,4.35546657283389,4.33379173890073,4.36115969165348,4.37333910093517,3.33880989046433,4.26340036053493,4.39175544837187,4.35801131702171
FT1644,4.9267821391077,4.93138614258183,4.98660850776878,5.01130910960704,4.98091536172846,5.05908937966326,5.0530717751666,4.3736260740373,4.92562522178992,5.01021569532363,5.00365099548511
FT1645,4.71074033287773,4.70574899453494,4.72167002677253,4.76744751154801,4.75987784723508,4.8369474180207,4.83921200441762,4.14078217298785,4.70085297738123,4.72821070518301,4.78450130196124
FT1646,4.20051291031528,4.2247103991874,4.24594383790304,4.26396726334221,4.29574554506917,4.39273170019283,4.35493814694598,3.69933278300676,4.26929348342922,4.27500458863494,4.26508026445819
FT1647,4.19673148354574,4.26581575626521,4.24839603774799,4.28311912970885,4.2573034911952,4.34481480032232,4.33876170040727,3.52949173241903,4.17580143739375,4.30535794960146,4.25425336035122
FT1648,4.27922903005124,4.34974267854506,4.21422458329363,4.31742428797063,4.33000962819249,4.3683827989284,4.39305950496145,3.73998075214221,4.28936672314781,4.33033565917721,4.34215902585848
FT1649,4.19751522372365,4.18903687768031,4.22578092484972,4.23182434132388,4.24918153964672,4.34395315515649,4.31451193117435,3.43314740462216,4.20965979480126,4.29367097501447,4.27079521349039
FT1650,4.79620733920445,4.77796700170297,4.81718390486876,4.69088451717086,4.69165787025646,4.86276503225423,4.71002976441764,4.21484390504507,4.78863707857,4.7614333582743,4.81502034418261
FT1651,4.49722480446349,4.60211606521043,4.59636390095786,4.60004600845146,4.66035116963745,4.71408026443543,4.67909499637623,4.0053327380573,4.51319067946123,4.58519143736252,4.64957376919633
