ID,IGF1.1,IGF1.2,IGF1.3,QC1,QC2,Rapamycin.1,Rapamycin.2,Rapamycin.3,VControl1,VControl2,VControl3
FT0001,,5.4256041138395,5.450481691681253,6.6872103280627915,6.702227649469238,6.75537183796837,5.773737047475196,,3.708333216298107,7.609777201938188,7.278512502549672
FT0002,6.694228442570195,6.491145387421784,6.589693329641409,6.698887242090826,6.696691750329459,6.732859754660175,,,6.654330690761768,6.5500467838689955,6.652054157540129
FT0003,5.895316505874667,,5.772267955177333,5.694524552109172,5.638316858775864,5.544925926255892,5.550928487822244,,5.7686634322894905,5.775102960100709,5.6271721737470495
FT0004,6.971040322461025,6.88626293429442,6.948003402903196,6.942045820470793,,,,,6.8816796373838915,6.957646207757251,6.905911430305708
FT0005,4.89102103791471,4.750035932049877,,,,4.964769755334061,4.809930720538345,,5.225663032023611,4.4673231636814625,4.359054785269434
FT0006,5.653376322831114,5.516149829083484,5.531854275728553,5.408671572504005,5.404534674480213,5.3172628162722555,5.325398246365621,,5.583176575269204,5.4412632520902,5.366062529964795
FT0007,4.247038080424087,5.824532801980338,5.770879440946756,3.840195399635986,5.448548962878853,5.247523493391658,4.823571811848053,,5.345046280126758,5.505295449088027,5.326963804111907
FT0008,,4.624137010416093,4.657220509113026,4.90967566247607,4.866361270197563,4.853324155218013,4.699234597955813,4.655591551031128,,4.885168818025134,4.753661374058395
FT0009,4.8378793422849125,2.682249147827034,3.9294348360298006,2.8653332614380167,4.862874402944394,4.969651395729733,,,5.039269420134243,,4.348438195965117
FT0010,5.845167371186353,5.687386298737985,6.467579800829729,5.718802916055963,5.712041363426207,5.717763115627676,,5.163338981383523,5.758776052902474,5.750115762003567,5.6483741220210355
FT0011,4.687882810942645,4.6150666758684435,,4.8396208131188745,4.80901142080346,4.8578875014463785,,4.785612986879649,,4.91675669187514,4.758665649892199
FT0012,4.523349833359615,4.356753880828814,4.50251399277308,4.526325487581711,4.463207685867126,4.6499449120131136,4.602901250134762,4.101534144105396,4.766852025512924,4.489734546696945,4.450692626011451
FT0013,,5.008950235588965,4.38926922110923,4.41431142212428,4.487726396481755,4.462071592943456,4.479073563843118,,,4.4834840300882375,4.412565608149995
FT0014,6.327327421148998,6.166471325728152,6.224731896818848,6.364797048090318,6.3496597345948445,6.395728100763938,,3.15150336477997,6.382082765775083,6.443039172582571,6.276121244348002
FT0015,4.895266828057962,4.8202559744722535,5.047009186705385,5.035733058257095,5.049738068689014,5.17806709792178,5.053539909723856,4.641459145321132,5.092339119628082,5.195290124863248,5.150432231024517
FT0016,5.017019287529965,4.982778579880632,5.075390758233539,4.463191424297471,4.947404887128184,4.921820449712438,4.66485162800919,4.446020593566514,4.692853837541367,4.91690766145837,4.782370192481528
FT0017,3.8999733279617304,3.9874050475858542,3.8471560977261183,4.0710477036693025,4.046503280716117,4.104631345566872,2.994278777613523,,3.153253699777866,,3.447227825295861
FT0018,5.373525805348396,4.2150578697052525,5.356753173192415,5.422500078158787,5.337377913112263,5.432578817576365,5.453832363853742,,,5.465245512592965,4.277177957441538
FT0019,5.750538498617606,5.613037090124639,5.6633683133137565,5.585922324668646,5.549973083930191,5.22984486824484,5.595174597761581,,5.643060179294943,5.5652902765126955,5.501133196457661
FT0020,5.988160785479646,5.891190715359323,5.991134120211886,6.0578423392870775,6.049572369353134,6.087739629249144,6.02968708851505,5.588379097681036,6.085256637949973,6.128047579666166,6.043529301320358
FT0021,,4.886535178668674,4.915177070832042,4.992639555786509,5.009591277209753,5.094716288380666,,,5.045458600989587,,5.016913091954169
FT0022,5.33268796966993,5.271915824626803,5.427455494843137,5.347028383270909,5.419518710945623,,5.259407116540723,,5.364887421266658,,
FT0023,5.8963936833430814,5.770550331293843,4.424270766603164,5.129550229548837,5.764514659164663,5.6926649048136975,5.289964513549913,3.8853893642741326,4.366282357026924,5.795134927943238,5.6525257543033245
FT0024,5.724680689604939,5.5745430089675665,5.711730331491694,5.757961765619615,5.800651282416361,5.772395314136165,5.711406420035598,5.536622835305652,5.770507372429648,5.768537613163958,5.63979726464593
FT0025,5.098725896079393,5.052955994550924,5.048482580294602,4.797445482772777,4.619935813071325,4.806435574803393,3.6723575661896977,,4.7012809939082025,4.0435963946017,4.821098881234356
FT0026,4.542498688532043,4.2916074098454695,4.703695455416583,4.508474618901191,4.571547041271097,4.601162856282027,4.44448238942099,5.155129116660369,4.604052164552617,4.81704650238217,4.846580067049286
FT0027,4.839042726161029,4.673059089556193,4.774468715837641,4.690015551336662,4.703951837637621,4.661588345712278,4.638585542843455,5.16976748354163,4.817983440391102,4.760952024534844,4.663090210562942
FT0028,5.754903324631717,5.649614285242388,5.7348950195354575,5.6276969637201875,5.585664283708216,5.574553028048333,5.466567275846099,4.69356036430738,5.514726510408924,5.532881584497442,5.475386006412252
FT0029,4.523825357334198,4.411120905834441,4.482563231796701,,4.4070233801827,5.335316847937944,5.187041638388848,,4.383139829735388,5.142315922260858,4.183944418482825
FT0030,3.1889452077491645,3.8786569001476496,5.048604811317267,4.0803858563030175,4.962277390706631,4.795202742810269,,,3.2277710954113523,4.574941826765438,4.557704629708985
FT0031,4.657399761948275,4.714643565520478,4.804858310835668,4.796925559614198,4.859467943732912,4.800148268471101,4.707552041076113,,4.774293370157146,4.879661741249755,4.736991513491752
FT0032,,2.650605984671623,4.232764057435303,4.6664521672080825,4.20447938963727,2.7858601194220007,2.684625282849603,4.306933131247648,4.712517017529448,3.5350456431738446,
FT0033,7.1095175086302005,7.003832630543069,5.670840971797627,7.154887021413899,7.146074047464449,7.130498995935847,7.120466340052703,6.914987227108503,7.135635670562245,7.19716773165099,7.062688726196501
FT0034,4.888136239727504,4.800331348726937,4.919331661369717,4.931595488490886,5.001889830541586,5.0995089804111835,4.934046055711947,4.956748940850513,4.980584865417533,5.02573621932204,4.930877487626185
FT0035,6.499535694433418,6.319304245999606,6.437758377064885,6.449835315472941,6.4654824654906555,6.590626311109904,6.537327106707863,5.874650363313265,6.422306161280059,6.46167333668407,6.31976916238163
FT0036,5.207788215500435,6.465570145923771,6.50976778463119,5.1066249598366245,5.080334324066919,5.038348955473801,5.067287180854764,5.741024822105382,5.035622368979681,5.046043168875387,6.318478717224235
FT0037,4.694114352594803,4.580022599206291,4.525158189916569,4.490468844975577,4.4348361256038,2.8298526261821304,4.310065860435504,,4.619743130538167,4.622584534149004,4.491305559076839
FT0038,4.417805666878934,4.265783628200675,,4.564937992470356,3.846013735040885,4.499077902128366,,,4.661824808590536,4.686720944648154,
FT0039,5.805397175392889,5.694322181906181,5.840856146670516,5.602362825491978,5.660924273861881,5.563470544717854,5.596166534457014,,4.069698319795516,5.758404443902922,5.685004444697606
FT0040,4.540822849861277,,4.974964060754947,4.6050190764656564,2.735898451938968,4.693891977602929,3.0369825182965138,4.353384042224956,4.699447125260598,4.720511816956163,5.018437930092368
FT0041,5.844329503028135,5.753831993097887,5.7694263048404695,5.75475632845472,5.744242918108497,5.657162347836085,5.699793882991244,5.4429166868256615,5.861164505697595,5.808012952389792,5.714461590889059
FT0042,5.036337339400961,5.025368697251894,3.3589702339586585,4.420580444669346,3.7282723112199276,3.2482871570702825,5.101570256446239,5.262034069453513,,5.12802745936316,3.227254032149108
FT0043,,,,4.4694529479182155,4.54711954339328,5.568096364312737,4.437110187957352,4.3578918198694705,4.72075281280443,4.582637750432788,3.2867610396589493
FT0044,4.020455158004553,4.331462948857231,2.908485339623461,4.685523890586468,2.8278063216526808,4.04733751236133,4.286526245211986,4.5662249010553975,4.492134420645889,4.1756971273925245,3.99452107600749
FT0045,5.21887349233902,,3.638132827027035,,3.1952063032600133,5.224055838446708,,5.366956880866413,5.2848557254341975,4.3312553078790055,4.15559102909977
FT0046,4.021324342869319,4.126450062339967,4.003821182525422,4.303416660167183,3.6928303012005785,4.044730614327655,4.237753255106938,,4.138427816253196,4.126360266998808,4.274337457621567
FT0047,4.863737615155958,4.739693775801529,4.873863103260566,4.807109969149683,4.718856766041598,4.545529754111319,4.558706526412621,,4.848756048668746,4.8666541003690655,4.715135895358956
FT0048,2.5641423540184745,2.76959554227992,3.6245556006752726,2.7480193640607684,2.7878834868679614,4.137908416787178,2.875765226359601,4.645365806940241,2.916162202411966,4.098706759814275,2.948017971450162
FT0049,5.267420698533194,5.1329525122491155,5.161499605922957,5.014281422462977,4.986816688668699,4.9834773482911805,4.878972004257886,,4.984806559031335,5.038121880687576,4.864473335197637
FT0050,4.348668986565904,,2.8090252022322266,3.3956462233317284,4.563393974444979,4.666523641182187,3.1837750171502,4.186209158098561,3.5731733537607844,4.417302301368732,
FT0051,3.1037933576982657,4.461463886361224,,3.0618054801056513,3.3644943683931086,,,3.639781591921401,3.5190407237764227,,3.437284494349258
FT0052,4.063019077683135,3.719581483113183,4.140501825621162,4.641958499801288,4.221651085901658,3.8822834751230224,4.184839813249905,4.129461519049908,4.287889900768104,4.046995770867884,4.6864769487827616
FT0053,5.000939815101481,5.001537339225327,5.143753406500175,5.117709869677837,5.129896211756848,5.08907437006386,4.840614948829796,4.606412963699421,5.107176644271631,5.083013448537684,5.053177909618603
FT0054,5.55346737392254,5.455731513513451,5.530584710036277,5.385077581502323,5.388328868172321,5.270414882658658,5.30349526939464,,5.446487340398894,5.457835331402721,5.323579254041196
FT0055,4.763366249163455,4.692443837859801,4.88923949082506,4.651790429295631,4.669749089493466,,4.534110174230017,,4.770181861148975,4.994782512710516,4.79712639066269
FT0056,5.528923501489574,5.337746428736738,5.448510649496825,5.596295911663703,5.556531169257006,5.599982760107225,5.420463547757203,5.306935315411451,5.635040121276408,5.534481623704589,5.515577144464981
FT0057,3.8553745630538074,3.3580079874677145,3.887717761279578,3.81416417493784,2.9861844598791727,3.390770701118422,4.369180499402878,,,3.6762594105988944,2.905534539257671
FT0058,4.981835558491639,4.791484520632113,4.626113278233814,4.861869008947881,4.947093848120505,4.632677353598671,4.7704925559621785,4.8320932313200675,5.003609287150384,4.769369205893538,4.653018837732544
FT0059,4.790253101782265,4.773004508596379,2.9748215723723024,4.645946665696522,3.544109467261691,5.803146372690552,4.605991215899589,,4.84891592095001,4.15253749819469,4.156965357897726
FT0060,4.128742252121719,3.979578394302739,,4.072781071454996,4.118299373265077,3.34093876603225,4.070401113515233,,,4.1884582201819045,
FT0061,6.02392735680885,5.81294189055811,5.976935842860927,5.932610123670069,5.8613280717019265,5.642842970878109,5.5319824864244165,4.843868596100055,5.992647766170654,5.97147012416288,5.841967842712963
FT0062,4.889969781800081,4.801994955063221,4.8711562552503525,4.333129693385815,4.2384268565701015,,,,3.931822270953607,4.39382746064302,4.524331063976745
FT0063,3.982500390701918,4.617206329166214,3.730538165433911,4.492764985411615,4.356631379964605,4.435187162518432,3.203152301257753,,4.5040587210871,4.494159735410399,4.336836532512335
FT0064,4.527882551245946,4.418747387720785,4.522084277289713,4.648029332563979,4.615968837365061,4.653859225362331,4.585343297889214,4.5830280061034365,4.707453076228672,4.621267408022674,4.588098422174315
FT0065,4.152234916372091,4.713740424269278,4.186768313916219,3.284023177115301,5.768039064540609,4.158891600790199,3.6965187266403836,3.7730392309655083,4.214655596659211,5.656385198568392,4.06540323862912
FT0066,5.740366100826914,4.3586819058526425,5.633746184837853,5.041056119657162,5.082966971572288,4.719862718222983,4.428678830071593,,5.0413085350083024,5.085658280412811,5.1581070014248285
FT0067,3.540041922193414,3.8529756058165385,4.827516010892512,4.978985639248658,4.994030253339346,4.896285986366731,3.948081491720034,,3.7943942222191342,5.131523369446376,3.4791548535393577
FT0068,4.15713609006883,4.027609861978332,4.044326838713194,3.92884590291646,,4.076083205500343,4.067914814637357,,4.165836828936572,4.466340199981756,3.8337949125716637
FT0069,4.837298635360619,3.7195589022850775,3.927406052366602,4.8451818386902525,4.879887946884501,4.86978993174434,3.9469674481475736,4.05715457221136,3.9714097591098874,4.059784146234993,
FT0070,3.5563528626171554,3.2616273090849894,3.4018112716387474,3.2889615075826697,3.3598268915300187,2.970509802218082,4.588738430471002,,3.5320591845387477,3.4903679340894103,3.4273879893809713
FT0071,3.633629387968535,3.6877674900777095,3.984762350066613,3.959522132498645,3.8330194952521217,3.3056132087070313,,,4.147685890584856,4.113794305167074,4.006064447802287
FT0072,3.841534591601696,4.770918348386261,3.2855227540048872,3.7833228063796542,4.409867294573046,3.809586592590496,3.5087029253397066,,3.999662450353102,4.376308334180533,3.1284347233611722
FT0073,4.450504264836874,4.139688484290916,4.159756580738593,4.340576069934384,4.290128937560686,4.368627907192105,4.223363368255638,4.6137106304656985,4.419414885293032,,4.347548993475702
FT0074,4.259664716138283,4.100079763672767,4.0705160058012675,4.003699302857393,4.3737913628825575,4.332433536253237,4.330280723502586,4.034441982158509,4.380803463997388,4.466237631488618,4.998841442720174
FT0075,5.487322823922391,5.332777780607448,5.406844693387618,5.53944159102015,5.378511018422638,5.415809158654571,5.469286685814707,,3.3877324665929462,5.552528079209302,5.389931997977818
FT0076,5.353769740715219,5.157101346261901,5.3186235645523094,5.3136986016658465,5.3401004219858095,5.23010788112787,5.239840062586023,5.024702036782662,5.377542142912434,5.4087057985649,5.280411109737958
FT0077,6.227158615866459,6.083862836761144,6.169013162311502,6.38872810558972,6.313251187769239,6.333398350769404,6.27727994347925,5.473034861759109,6.478189158865498,6.503855217525983,6.377058460570443
FT0078,4.506230835915946,3.7759511136367445,4.359209553519193,4.347545814179087,4.536523769220372,4.091276982755974,4.263041440561741,,5.505125777397643,3.577389845612659,5.358499329344044
FT0079,5.309905591754641,5.264289564467672,5.427315873871907,5.258494532893013,5.271907198266546,5.227935877155432,5.2617970990559595,,5.023934567838345,5.418373382059338,5.341091115423636
FT0080,4.402426898444546,3.761163810587921,4.179429397519293,,3.951978509036146,3.977710587770043,4.1114497130736005,5.271726265205441,4.332801133373174,4.062806833847436,3.9183282310196352
FT0081,5.543227255777702,4.695826462198804,4.575125548637319,5.601692424002311,5.739616872401388,5.773615489357223,5.867819096828004,,6.203468713103756,6.192420663660727,5.854656742528958
FT0082,4.019818584153654,,3.8966485428734066,4.1717093092866655,4.142942876461599,4.169756982212453,3.76293187318973,,4.08949764213517,,3.526127136083716
FT0083,,4.302492175897229,4.930802520782302,,5.052309745918268,4.509271156501187,5.847878608268163,3.4943642659017824,4.451766663857003,6.174233539198669,4.670179502854039
FT0084,4.9656058333359745,4.841973802700423,4.773097381413026,4.930285335113389,4.8494180588110884,4.928217889315074,4.90562921611094,3.4052642021171273,5.067712044999553,5.109408165573446,4.906201862851616
FT0085,6.620510798626097,6.513802945222026,6.6199876412005025,6.645646767372403,6.625754563441795,6.637014108836168,6.612585594836931,6.328547302037428,6.631189889153723,6.696086025084514,6.5652864083559415
FT0086,4.927457981919056,,4.934414581324305,4.7652535791703,3.5403777927102755,4.807588078692601,4.93005301286529,4.46899374566175,,4.813582067946047,
FT0087,4.556204784164637,4.444311133153835,4.040289683855139,4.8158010510947955,4.755242503128401,4.884692360224049,4.985944402465536,,4.910749831340604,4.89524881791961,4.745400736844192
FT0088,4.7156281969527,4.549740772006912,5.108308973625293,4.4377374543546875,4.995742639772675,4.923124677536284,4.775027611679162,4.875971952453895,4.599161044928449,4.9709301397956756,4.477354394546239
FT0089,5.104851583408445,5.111989695361503,5.152973952453545,4.797409865173666,3.7702627247772376,4.830980662395669,4.660906430235075,,4.74705138555532,4.819917090169898,3.5514882211588676
FT0090,4.915732837468289,3.2841821321812112,3.8276861773642223,3.7733739301831353,,3.902588366190186,,,4.869311702270221,4.803435461721276,4.747886302196915
FT0091,4.707805585882962,4.648931542363104,4.7212716973551005,4.690825737040171,4.679561696030082,2.837401977967869,3.566421523119217,,4.187950073087708,4.769279335979574,4.682950104026902
FT0092,5.1851784846639255,5.101172672150918,4.61910592964998,4.971642972675125,4.383315578037438,4.194680073491572,4.954218524675801,3.9055646468677567,4.972882589165929,4.508108148209014,4.894452105920554
FT0093,3.938722233456819,4.085166834019093,4.318961322574962,4.185464540325085,4.3224024003980634,4.295488326792811,4.107732225523478,3.4633323865692924,3.6789610453743804,4.26406800900511,4.279880014683845
FT0094,3.8437440934607947,3.9641857332528136,3.9882934309819547,,3.943125489941427,3.458353561608928,3.801536239571717,,3.8666858557416646,4.140740425713244,
FT0095,4.683791844296931,,,4.270917773767262,4.195407335608766,4.32623070822526,4.550224685843,4.233997572411935,4.270681866520834,4.041071783218479,3.2160954939328112
FT0096,3.242255515248077,3.386078586535552,3.3425930770293246,3.178300064529408,3.128587859586417,3.794902025187437,3.393805626818312,,3.380814425032363,2.7349423956557555,3.256814833744153
FT0097,5.080094082072986,4.957194388196041,4.992386373234999,5.011512423686731,4.971665372086918,4.801789075449696,4.643497546815743,,5.052846151227094,5.029752274825199,4.995919443905397
FT0098,3.744326633893806,4.216751184977591,4.087907650686375,4.178203615120859,3.0945441181572537,4.090624427597216,3.4999632888966627,,4.316788970091463,2.811445114451491,3.870677514598698
FT0099,4.918209627300104,4.872920707744379,4.7422359341016875,4.639688846618958,4.6049822741365105,4.465375771993358,4.490377164519984,,4.846795756515995,4.639901637521228,4.56367576653962
FT0100,4.045731671764006,3.901719599161158,,4.078655716765251,4.18727379786805,4.0292364564234,3.7970386596708754,4.564536895975387,4.770092278494281,4.412716670937172,3.864259092963444
FT0101,3.993647509314324,4.5992148382738405,4.756997422365301,4.566287089542481,4.554250342651633,4.534007645152557,2.867618340432526,,3.257067941371801,3.224805611455889,4.64229570901515
FT0102,4.911502881018607,4.862477615971457,4.86777480666982,5.573293541865524,5.525184713908402,5.704243710807481,5.676720871600212,4.868462747677116,5.540529105259614,5.650281260511629,5.521722222094639
FT0103,4.269516917487043,3.942826267150413,4.4337615039302865,3.853448408923494,3.768375526511734,3.8880566247535713,,,3.3534904308946536,3.9409695646508016,3.831244712393563
FT0104,4.179907194049316,4.284604478709565,3.995500162172526,4.016417103447317,4.0282579502489675,4.022045044242557,4.027300147551918,,3.8180103206451013,3.972524965247807,4.19135210348993
FT0105,5.179741047098455,5.136175584341698,5.058082129665339,5.069939888089401,,4.507640352496854,4.646328283082232,,5.432177312913233,5.236639017522374,5.180387198854122
FT0106,5.089391758483423,5.268494483009701,5.354160423779849,5.431488076939919,,5.692294421548645,,,4.563987735311964,,4.8470746065552754
FT0107,4.225396855683647,4.004853244107122,,,5.559719162487038,4.349991746082811,5.237508396398184,3.7695623172496298,4.31534165328303,5.218132909591829,4.199904252045443
FT0108,4.920373777169432,4.797655654633719,4.925882723220519,4.733032158270359,4.769095775836565,4.672445228161275,4.719161265620704,3.906026042195256,4.800824504182094,4.809360791065012,4.767633947483245
FT0109,3.5853352441523083,4.022578701883205,4.0078939489418515,3.270937009469002,3.2184373749562125,3.3455113277322406,3.24651971339927,,4.111913398779339,3.3207151999360565,3.170289467701306
FT0110,4.373230174056079,4.251664590214649,4.364819584839596,4.461128810592699,4.498897080674789,5.271108675329662,4.266029644005224,4.739277465895482,4.52747809861714,4.423733760677775,4.439901519192863
FT0111,5.272884408157619,5.204428051322429,5.171644888168202,5.1327650155335025,5.089201072040051,5.035763399010018,5.068728366759903,4.690084937347528,5.20207195594094,5.1877832137814215,5.0471256392201385
FT0112,6.008904855357711,5.908599257332756,5.9462841473223245,6.111799595579976,6.125668113981576,6.116193585131828,6.052443586840425,6.746751302190075,4.388349934614183,6.177415440360185,6.091139003927143
FT0113,4.811138825902322,4.795956646228042,4.856145820835015,3.605856183279898,4.690686786095366,4.3954733270951785,4.6868868663458585,,5.051784728750899,4.9099179057228675,4.817941412525185
FT0114,5.014622316172813,4.92983920539058,4.500494359852011,2.8236225525480765,4.851357029494942,4.768384077636737,4.860887690624855,,3.7667833559662003,4.950399702158323,3.1703907785520307
FT0115,6.064235218204099,5.951851795457754,5.979404441399929,5.764951106787062,5.80333534761222,5.879661461097885,5.873884758674572,,5.745442659598125,4.999299291126446,5.683706447556976
FT0116,3.964718018037725,3.713417026656999,3.78294820250428,3.4091850519860083,3.9690595611163704,3.717510296147218,3.1467088077378564,,3.2073505921366054,3.7628533432820817,
FT0117,3.6684382491761354,3.5549624945295917,3.703829610361683,4.347409384797206,4.330498137354795,4.474174238567076,4.506441614443824,3.9903376118105074,4.109166019792824,3.679041835313306,4.321222886020057
FT0118,3.9953168009675393,3.86104445871428,3.645227629008658,3.536328357559617,4.319662564688633,3.512461353944708,3.6066465030370747,,3.967219019008267,3.8999706266895537,3.8888485973092366
FT0119,3.304669048200472,3.3633535614745553,3.3113794112887973,,3.6754714189069513,3.480122763229088,3.6574498832501536,2.7518634902430428,3.2723547671418367,3.4874782883401294,3.3319208536795895
FT0120,6.905283008946239,6.629567643044959,6.6732680010399275,6.852634223140993,6.788577915317708,6.704958675046225,6.236905763085733,6.056795157867747,6.657413161203547,6.406079527420221,6.563593887164392
FT0121,4.3283330700481235,4.198552772995226,4.085662574809068,4.002044286384443,3.9181213339847516,3.9082677689343637,,,,4.198650556818971,4.0934040765243855
FT0122,3.3859257724102396,3.180840543023756,3.8584727019147076,,5.537403025069615,,,3.076875503883493,4.137782750554641,3.962615734934462,3.796268283401745
FT0123,3.921649425639987,3.9267521248431514,4.220100164454838,4.230420685501788,4.217217791558978,4.3576524548875915,4.331070576476524,,4.214711871077139,4.357243948990883,4.266394212074563
FT0124,4.091907194241063,4.556511868063594,4.595330200957725,2.8575762085242755,,,4.336933780645529,,3.310121555136734,4.089059569756845,4.178452469502882
FT0125,3.859455276458184,3.3258515617933533,4.102121018152109,3.578469216958844,3.852809058893908,2.942461988604189,4.058025547178129,,3.574551277634005,3.8163818870084576,3.6263786862547027
FT0126,4.255317584194169,,,4.354744698106397,4.279468282943393,4.354972934184077,4.155108352952778,4.081173961929484,4.409777793491231,,
FT0127,3.8908809720978725,3.91690167913283,3.8341038026959744,4.260693535713165,4.244000947544748,4.3068110830637165,4.3446258994928595,,4.516417638157967,4.486843205004557,4.4147936248466
FT0128,3.709561562495771,4.0505730656121415,4.04788974162578,4.442313206894926,3.9179922654327934,3.603620288844399,3.479692456148753,,4.25445717316744,3.282878184075173,3.1286317063099056
FT0129,4.957534351133859,4.957302694170417,4.822561424790214,,3.7192893778931118,,3.3499495302396887,,3.7075650424197972,2.9052152892176353,3.1581469759369685
FT0130,3.796199918687092,3.344958119263042,4.324857300955069,3.653788608384368,3.597309916507211,,3.834016929133333,,3.7243137485320634,3.813530910949034,
FT0131,3.929605246986921,6.150736034604357,4.933900762731202,3.6197699261367093,6.34345684669101,2.624369903410204,4.958697424620885,5.477396638642352,4.6916264838362345,3.9905637211348526,5.337657651282418
FT0132,4.268639225621883,4.171325492239124,2.8622074567149802,4.095429622061245,4.042723888076114,,4.180364681041178,,4.1936586128732785,4.185743299621961,4.188639189908944
FT0133,3.7261541982887008,3.497247159286169,4.897757204328368,5.481485639675824,4.469645113403586,4.584801109007905,3.904246418349573,4.541953997916497,4.484641246192444,3.7608065123960768,4.169054247012954
FT0134,3.9548400632745424,3.733478373482617,3.683957777862613,3.9768862205213087,3.9833133139497474,,4.069491732046229,,3.908692420833082,4.015510991333531,4.025113121679876
FT0135,5.129126625061299,5.26075171634047,5.256903216844809,5.457840700291639,5.413137940009874,5.673473134695335,5.219158974898914,4.985413746515675,5.355644746549206,5.992245958433899,
FT0136,4.8057451872693004,4.669247051922329,4.033325213534176,4.526564024634872,3.9283301948284284,3.951246704900104,,,4.784743022380719,4.5777476215116915,4.489524494792856
FT0137,4.628772971414626,4.6706402442698725,4.6937425775002515,4.570194033458338,4.58684730021332,,2.8096344669845053,,4.504635340517228,3.048804965246685,4.504589429274228
FT0138,3.7164655018275985,3.1218030041328952,3.555344204243554,4.082598394313405,3.624032259742965,3.9902062528997866,2.65048085604014,5.710826632544936,3.5632793089397867,3.841020941988754,5.330625465982905
FT0139,5.2018191516335515,5.362163728794619,6.21370774409262,4.27882026930342,4.398811419639186,5.429458527975067,,4.821665898163893,6.118394905495898,4.74074121036925,6.027420605799065
FT0140,4.664220382710838,4.760349835575378,4.633534663504112,4.394386334688876,4.384717290996347,4.367978837377201,4.410717866602205,4.251788630641286,4.156255477436284,4.323692641212359,4.310309740921125
FT0141,4.7812691378949665,4.704863726115689,4.764116278293743,4.867276450198792,4.866618649807358,4.968719074475949,4.94715113922323,,5.01468613070044,5.0643739120669125,4.980394735123822
FT0142,3.6908800580517664,4.339748264185073,,3.998861648817576,3.599896432009632,3.41093539857564,,,4.4462055691323545,,4.3622699676086825
FT0143,3.8161043252375735,3.623847392879298,3.7533199900428666,3.794738917955066,3.876910189546438,3.8153047670436915,3.4534010280794973,,3.6202167814578163,3.8852335373528613,3.6348987315535233
FT0144,5.09108610567327,5.1621809955095355,5.078072847771756,5.086765865111727,5.041964668062192,5.125178089932215,4.259728073109585,5.089051383880999,5.18862549369247,5.035223502187557,5.082372050413747
FT0145,6.122964892390172,4.033075695900324,6.0110247880426515,5.992434580020485,5.942723900328838,5.8255762236027095,,5.275430292928739,5.768747635157526,5.3771952168718995,5.440592949005871
FT0146,5.083357041897301,4.865973721098187,4.947492553248876,5.157868254707049,4.185812499595447,5.117291246209527,,3.8836944590593365,4.811655656453936,4.629430490552441,4.710673512294196
FT0147,4.55788713813444,4.558791018786476,4.634813644696546,4.658958932174829,4.5275838945604985,4.573835085302764,3.196564166976065,5.580917984994972,4.69828902260208,4.707565134464392,4.579750512855452
FT0148,6.114244685078544,6.158742054173962,4.845300970176147,6.257300922231334,6.21756667066041,5.969159582290181,5.592123756333548,5.645519716551762,6.250958997507931,5.758294843180466,4.637878577172646
FT0149,3.8004183408784784,3.315309187847221,3.241436182245869,2.9889215982826416,3.525345231628302,3.5408665833610224,4.824369086715842,,4.109652564477191,4.145388300401933,3.839342360588403
FT0150,4.491328797826624,3.74059768810055,4.583857982970426,4.2606951386025305,4.2733908404567975,3.9885468537794626,3.971254268163674,,,2.684243614018534,3.7216631246395724
FT0151,3.982845158710399,3.946342397516963,4.1380148719746535,4.099839807981531,4.1119402131177525,3.091115473739486,4.158969424881173,,4.075980020433987,3.9248464469379054,4.152754586863542
FT0152,4.297163810024911,2.5173814072166465,4.217799377410345,,4.197748048676782,4.229218366087725,2.739351010559558,,2.3424720564708585,3.526765479088707,3.348297295423954
FT0153,2.9022081007213147,3.303754313604995,3.3232321595477714,3.2485998584443623,3.3649319837700573,2.998540814512792,3.0657561176610253,,2.8751029518441173,3.3932845786691312,
FT0154,4.154894716475342,4.032883106876484,2.9676067733239337,4.042403593370457,3.584716929189399,2.7690088112208007,,,3.9517676318374755,3.2425201133298285,2.998054936467909
FT0155,4.558681840192534,4.470426283523782,4.378613673463192,5.115746177627038,5.154060729650082,5.558396212909416,5.348253123085373,4.458803957865708,5.179107820714079,5.267315660148996,5.162408412906517
FT0156,7.164650504367952,7.061323270175863,7.1743951665630075,7.1820237606568496,7.178010262714329,7.176180533218803,7.158143045326623,6.801565821652945,7.17795780515608,7.224525067648602,7.1095697724090465
FT0157,3.9401611288785694,,4.745761384855419,4.490341923608927,4.5022790185805075,4.232419327422334,4.318785082587262,,4.221748019453815,,4.125023643714396
FT0158,4.749143303671504,4.322410256169048,4.604397186138128,4.577815275636477,4.61465979655529,4.725847896887032,4.898547812142075,,4.438158575257753,4.474005206475159,4.417897357329409
FT0159,4.524755771175382,4.3865566151866435,4.538532056430387,,4.5944921909905485,4.3756930834563565,4.32024623173395,,4.4049783164098795,4.475926704382684,
FT0160,4.16266517388406,4.1183070002949105,4.362568504937265,4.07940681631268,3.188438658952132,3.260382396009269,,,,3.317969173337175,2.924668930612747
FT0161,4.592966751619943,3.8541047518237606,,3.8093800697552274,3.930055157650219,2.646441230385227,3.1749330073932422,,3.5594670585148065,,2.8946114987286093
FT0162,6.241406242120028,5.762710073362253,6.030101610650662,6.018153182671335,4.015552905128516,5.868440254646847,,4.019888915155829,5.828749012241545,4.805838406324112,3.880871642849982
FT0163,4.830502526518037,4.889774869176417,4.9568520590587655,4.976719235856623,4.9789548671681825,4.143798869262389,3.961823175097893,4.733712679068329,5.150908261451448,3.6818404007789343,4.995014390184138
FT0164,4.638499269808745,4.565319712379701,4.378712582873268,3.0094949165597757,3.990852376192904,3.1156808235123323,4.249920404681408,,4.518445491907636,4.32113112346084,4.326348071117446
FT0165,6.702509352765673,6.707878881259488,6.857306217965315,6.870599412069009,6.70735196589449,6.716471014523195,5.354518557348545,6.144317011045787,6.926412040858149,5.618874456407706,6.3930083765433405
FT0166,5.728750120824661,5.7059598702981695,5.73590670532371,5.7844853669765675,5.762543903547085,5.867212607742379,5.8475754401008615,5.079071485333362,5.686958297907822,5.765712223083675,5.69384278230602
FT0167,5.208572163680987,5.153701190904455,5.000442871263653,5.099231963516933,3.4074385567126493,5.038389176877407,5.023099720996475,,5.103580238913279,5.112079818377527,5.016637199689396
FT0168,,4.063023211067919,4.113101871451315,4.13487916204206,3.3645279462353628,3.51602700861814,3.196487605253588,,4.1419991896184305,3.9621695999599313,3.6454088190508003
FT0169,4.627210708470025,4.5386795219096925,4.534102611437065,4.563526619991024,4.507489500952391,4.323658728417908,4.415440415674105,,4.759811985801227,4.729126031208727,4.5917553610040915
FT0170,4.03969152942714,4.179615066475226,4.23866455323334,2.6231270417945693,4.0683751700066875,3.8777235780803405,,,4.283881878094233,,3.4664202271094156
FT0171,3.917877369000812,3.9456718938555246,4.349965825257204,3.555058059156767,3.5636996766894007,5.450251860038897,4.058509800358362,,5.296723808178991,3.585146462914373,4.389922957235438
FT0172,4.166041838638591,3.8073648234249733,3.368899407726605,3.493898654151583,3.4760262934168864,4.4023992217916685,4.409661985355889,,4.406143877463591,3.771639110087209,4.285838449483219
FT0173,4.215475210120028,4.152480130205373,2.78215071514651,3.931781305527634,3.9986473008580212,4.114260092093665,3.89628525573624,,4.355325529364212,3.899864619231677,4.160195687655042
FT0174,4.236535672856257,3.8444328083821424,5.059858503090712,4.837757176509849,,5.127026670380444,4.615982822797566,4.0270472421329995,5.506203893763569,4.364804269516012,3.8233930117837014
FT0175,4.337904493572225,4.258316289759919,4.306768140721941,4.227621623390445,4.160132317705001,4.028449564426993,4.037979470247473,,4.13969849181655,4.179159058835291,4.049362633628158
FT0176,4.271237614429091,4.182676239844416,4.8035891777446675,4.659708065908417,4.633861541546571,4.675066698613507,4.095249676147823,,4.53135181197691,4.685576072267841,4.77937941164525
FT0177,6.671286573911237,6.7513366554000225,5.980069838517261,6.794710730379531,6.697846990339746,6.588793028115962,4.911475160514085,6.219552562886312,7.00387542219225,6.418057325164394,6.376204952818174
FT0178,4.375163361544245,4.3937217376206466,4.376471927848487,3.9489254911859413,4.292478389493427,3.8139919591156572,3.868111090392298,,4.635499584187725,4.530336584129714,4.494641967863196
FT0179,3.1649970966108874,3.3100680266941653,3.6740959665221773,3.6857389168706423,3.10938267083609,,3.5307083774832857,3.8393378934332714,4.1605443237292015,4.096050093610623,
FT0180,4.12978915434856,4.286297801805999,4.288580997113347,4.066467315129941,4.285530707535336,3.923054039943167,4.415450415223493,,4.239681424725653,3.502769989652138,4.16589647296458
FT0181,3.882006579998294,3.1504551652940727,4.337531835568782,3.7581503842978896,3.8719475606653826,3.892821575521968,3.8753763189502686,,,4.457787009825813,4.378994610425812
FT0182,3.661077514603668,3.3171458643217417,3.596300614824585,,2.938534710657235,3.4877642476343573,2.854221141032881,,,3.186042126624565,3.37149456225898
FT0183,4.179648962516945,3.9687947496808667,,4.1285713471055425,4.016910449415727,2.6636744941211234,3.951537035859874,,,4.062356872257476,3.9348766448533246
FT0184,3.1470781287689484,4.058119602831165,4.381227113687928,3.7414070681761813,3.5230978597840976,4.064247635221178,,,4.03987564868302,,3.4323811829143174
FT0185,5.406124519413972,5.389820963648678,5.474630233151603,5.367232748827032,5.2997160171802715,5.1459661461574315,5.378215771972615,3.2890494616924353,5.485828318787614,5.33861226769826,5.368283489234576
FT0186,5.32505528782173,5.19931138049753,5.2954202986037355,5.105230962770917,5.127661091913039,5.0577320259859455,5.074407470631719,4.473630059778724,5.19707998569496,5.233613856662666,5.072985727199505
FT0187,3.149343863674077,3.072625338905151,3.057831901834051,3.7645560008665964,3.753045251746276,2.782097343632285,3.4417341095667435,,4.1941478306146776,4.0339252942953685,3.006562645239226
FT0188,4.480113857281285,4.539518339799724,4.624137805291463,4.549419524068954,4.565440210717086,4.497377195704422,4.902326202496784,4.434033993617904,4.709836496662432,4.9359992392880585,4.594436278390158
FT0189,4.925378741511536,4.674562911881069,5.567066636351011,5.225385553132438,5.230501282114234,5.237011802592394,5.2982087387766175,4.264190058322324,4.977496429979892,5.035926924372133,4.967213364445168
FT0190,4.230571219927366,4.312973962979789,4.326287172966178,4.184943541063732,4.205155688644201,3.233343397666824,3.7339822471945103,,4.163468878424256,3.6495232778630147,4.208398963279578
FT0191,5.283936407798606,5.22145853280262,4.161678207399677,4.182067384100642,5.180321210856444,5.153100134360472,5.133537086548536,,5.207472180551809,5.227961472025993,5.263871791451705
FT0192,3.6962842832210647,4.509738586193393,4.612633312115249,4.08466843806986,4.111067818044824,4.037955671758933,4.224683710707019,,3.750079652120953,3.8653085244573435,3.8901484153918657
FT0193,4.747834941375437,4.24329576691075,5.372886903192384,4.735270112794537,4.7022190380017514,4.770410122308602,4.778373426859432,4.773936555706566,4.2181257220320925,4.81402153987366,4.746401059069427
FT0194,6.53152771829355,6.451828038648477,6.521506417905544,6.596300920068472,6.399933062695175,4.983685301171265,5.972293846598607,5.9930271400309785,6.576605030861553,6.123451745605616,6.093736999550753
FT0195,4.030172522534707,3.3589975977714923,2.808795291809005,4.096851067527547,4.098015989924982,3.6758920871651304,3.923496362490936,4.708501638121064,3.7956078344518938,3.2348478764659054,3.50901884803877
FT0196,4.343078754142048,4.113416671286381,4.245447333821529,4.41912208316318,4.333940549183093,4.561425573524325,4.4600405199664905,4.700560408360916,4.390575587662823,3.770636289410139,4.35357819718614
FT0197,2.656154974398923,4.1378006659161715,3.9962284563945447,4.103051161337971,3.8878415626352103,4.1389299287993335,4.206105222074855,,4.255539050619819,4.269935661500667,4.1819090576128355
FT0198,5.02872324032335,4.547390334528765,5.073464787866924,5.4421028975016466,2.6345908397841207,6.2844049508720445,4.670482216177197,3.624712857373512,3.79195535222198,3.774950423688471,3.983830267323821
FT0199,2.780824215577628,3.5579419678507285,,3.430814978564405,4.276775038834495,4.3933725914706425,,,3.5387758713239643,3.583852606535107,3.9666480818198675
FT0200,4.6630833586665,3.019407856526783,3.602376266465455,4.72186868115419,4.635828069138838,2.9150715441109183,3.6848336930163224,4.44964483119327,4.669035956431666,3.341915819205913,4.57534640520834
FT0201,3.993491719150785,4.131478099856838,3.9637856703227587,4.191334056412594,,,4.266862914664037,,4.04412505266736,4.161447515923942,2.631933748207852
FT0202,4.337273350106869,3.6330531805062622,4.49114294475165,4.546808185748921,4.473817805550654,4.459536334881459,4.348386990799344,3.7781778590292405,,4.996474170684511,4.275154955993392
FT0203,2.681915139283729,3.3968249734991853,3.526597248562503,2.764813021564415,3.185748208470098,3.1330401825750887,2.8278966036641577,,2.805286777955541,3.114963518033974,2.762878240945326
FT0204,4.0569438221121095,3.9663585712465466,4.067401917193378,4.087420063797063,2.989722073823523,2.73864713162792,3.7658439864541613,,3.1530244884742706,3.0172085740274652,3.958702370615626
FT0205,5.50522821346048,5.414077771276992,5.622297232598899,5.359522290058666,5.3287465095125865,5.279381366079366,5.341242611373996,,5.5154674710943405,5.412464146891092,5.376482434670363
FT0206,5.701927548823671,5.674136433958609,5.598251350604725,5.595953405967994,5.58023883653306,5.566156317175018,5.597495926325463,5.2374636781881225,5.734214843053249,5.693477098890864,5.609293939877774
FT0207,4.332410554860845,4.946527041793701,4.907730840018943,4.697036386131645,4.53740586312472,4.706656597624241,4.69718677163428,,4.404055546389816,4.417574902652532,4.366036483252248
FT0208,3.7144817129293934,3.8429456740448455,3.420300833197299,3.466127895357351,3.777039693340712,4.6780245926514015,4.323481580509938,3.4701124432541812,4.2982211822273815,4.071663655208771,4.254796908172169
FT0209,5.325695539840025,5.673190686874595,5.749454097685461,5.638118691760667,4.591708769533432,5.5591284862780705,5.685800923386434,5.013849340644546,5.484908250396908,4.46895212730392,5.356134868698329
FT0210,3.973580018189046,3.974890015788846,4.1510632616136665,3.8720754990663133,3.8189833121417602,3.5657483206419878,2.5467591398914777,4.383690736460199,2.66836017453649,3.900139472268543,3.82484393679716
FT0211,3.5467033563537993,4.358997307029654,4.492903856532586,4.371002065948588,4.354243071646922,4.794359400737641,4.152465229515457,3.3553928166209586,4.45010850108257,4.391742351292408,4.331771511258305
FT0212,5.138187749089037,4.166048387770755,4.418565429872045,4.915424854968205,5.787360237668596,3.6791300980399266,5.1126622630946486,4.865504954629008,4.689389731621728,5.125273994701436,3.8516039542028713
FT0213,3.827383600597445,2.9357557329917743,3.786544631181342,3.870523254877723,3.837670819939226,2.947700548408735,3.8613322041783085,2.9797623623989637,3.1248645353957096,3.8545839826792707,3.6159535302828703
FT0214,3.8425665231853277,4.125804087335807,4.163249551952429,3.205182374026324,3.4004953693219697,3.449189810255585,2.7738058059001545,,,3.287816426708168,3.8512446713820894
FT0215,3.942967341647592,3.6498429725003163,4.039259683263671,4.170228009442453,4.03054511062676,3.9709121025304506,,3.9936585782662872,,4.144864342373309,3.9076664523882725
FT0216,3.9805340016027975,3.8553291669560794,3.8823361017762363,3.753804458757227,3.549794476895193,3.332720897275938,3.086301504562394,,3.9774651368383567,3.8844569683583328,2.946090824954966
FT0217,4.7172616950978465,4.609782247029538,4.57650909587777,4.34126941361595,4.355135787479364,,2.8278250412032917,,4.466901736453393,3.051931600437399,2.8459573686183606
FT0218,3.634159841828361,3.553436160034909,3.5774410665099863,3.4406258187055174,3.1855016891004366,2.9365878508116987,2.6587759414447985,,2.517719232555814,3.4699227631497425,3.406174042988107
FT0219,2.871338883564345,3.3928064322976486,3.180011908991745,3.203626710782152,3.2782404437796426,3.685097570979067,4.7747627136476325,5.371890011129063,3.837438656095086,5.018717257374982,3.220212779727413
FT0220,3.329935101708921,3.465815788412565,3.1162501495449577,3.3251484036780963,3.723335103632582,3.7459195211661553,,,3.7450398625148065,3.1639116419498583,
FT0221,3.3916181173453444,3.6110320352648504,4.33729053780533,5.124383791606427,5.163660684895561,5.955949729706902,3.20006875858354,4.342057047116697,3.783720404641232,3.9911555710826243,4.762774920197365
FT0222,2.9252479919714167,4.097546400739089,2.9619431578954507,3.9706461080945403,3.9551874038287687,3.942334389739399,5.276553930853174,,5.510491758663572,,3.569022710341994
FT0223,4.899289301267968,4.761198687657904,4.887818070527397,4.876598317171278,4.847685119300346,4.81882452819151,4.9191302982471985,5.616101448385011,4.937294286751511,5.0135028351506365,4.863639223433238
FT0224,2.9578573467167377,3.1349293473611173,3.0509528077534624,2.9759854350426416,3.497576706543602,,3.144767305505681,,2.802837120198971,3.185543900421165,3.1655338575943213
FT0225,3.827953269000002,3.9821195078482594,4.009680271494608,3.8359346675229826,,2.6453386570785993,,4.146909929907755,4.0203857615736975,2.795827788866239,3.7793056948505384
FT0226,,3.452149073158058,3.8032624340583046,3.536021917369555,3.716526838703501,2.9651880818615015,3.560088571370018,3.5131487984837477,,3.774816820855842,3.236223941783575
FT0227,2.961180534803728,4.606178079813087,4.682076197048636,4.029561823262283,4.699209669265969,4.773301428863336,3.2025659906132593,,4.471834939057091,2.754121519600246,
FT0228,3.6189076479425046,5.025415857235615,4.348693021850942,5.118168278635769,5.110642361467486,5.102850374298501,3.861698203929958,4.415989948923869,3.320781726091727,3.5835990357552676,3.89819114479219
FT0229,4.677057075736561,3.376308239095961,4.645282981741104,4.501711404174068,4.437970659353648,3.892876705784004,4.193017838532457,4.445761887842275,4.779886483066025,4.718600079666259,3.971813536154915
FT0230,,3.3358329168224694,2.76382309309118,2.5148125148632556,2.459653750866393,3.449617224068438,2.672490170593606,,3.4039854969030796,3.5865420132397605,2.824947144788575
FT0231,2.8315801668321816,2.6750310753561957,2.9482938141061084,3.5707210275363614,2.99837514375469,2.8606925478633323,2.9783233200269272,,4.114259486754523,3.071561636494374,2.744590326713473
FT0232,4.041625358117133,3.9543919396803755,3.707627777796166,3.6555599911126047,3.6662540181962484,3.843864051602313,3.7874746752550834,3.92951069707602,3.62806713014734,3.612073117049284,3.604541983672154
FT0233,4.44815603853352,4.343099293226466,2.799670710061536,4.450683633322993,4.436112206185715,4.495401652526446,3.197520938803579,4.1459573585051235,3.2894516286886306,3.1269878406256137,4.434645195490035
FT0234,3.7099378283669915,3.9456083145699097,4.01721314527228,3.6529074851638925,3.6676236350877187,3.530724006701167,3.533099138161737,,3.8725360797957373,3.8303385658621862,3.862156302696185
FT0235,7.167115121414992,7.081953232750818,7.1782033161922545,7.193106499459652,7.15459698934225,7.183646914175001,7.185929771778925,6.826117028744623,7.158429927597827,4.515319737388709,7.130709838700347
FT0236,4.039282856956595,3.9513170086765292,3.699414704216915,3.83040793533376,3.628756768395349,3.3353095816388634,3.5566183966494185,,2.998327753280511,,3.601763561960233
FT0237,3.9556721528648984,3.764975453132458,3.033179396733178,,3.986001204199616,4.1083647937596846,,,4.13774142238062,3.2063436039162267,3.462921488930951
FT0238,2.8453316358976903,3.322226282323848,2.680210751389287,3.5075933632049816,,4.210611628035799,,,3.7280729695494155,3.2691597451824723,3.4407969266001635
FT0239,4.384874730133179,3.7445266006811786,3.5673655242943703,4.272142828088689,4.380619987731477,,4.207980662212703,,4.747677658172287,4.682246746268248,4.660760925800008
FT0240,,4.410348321746965,,5.3004216714215,3.1720896453177185,3.2952525894613465,4.636183205870337,4.368502674255932,3.5590621894077943,4.827618446253726,3.9167804025513844
FT0241,2.6005132890073295,3.810989923126523,3.007847489152723,4.089192436796937,3.0770372409398603,3.5472308398992425,4.129360421715395,,,3.0690511742524436,3.6593632492698043
FT0242,3.161932064663791,3.639492303419804,3.8930126258239484,3.454633205873646,4.12837469945042,3.844813793723548,,,,3.2285376479035834,3.5395492351013744
FT0243,4.062306890870459,3.9658838788645276,4.138850371382655,3.7807320941281843,3.8159749786843093,3.988008861095547,3.5693185813759705,,3.6501794663013185,3.2549122273968916,3.6260385371208974
FT0244,3.2633127404021094,4.244435001715414,3.8843048839059082,3.719436656587898,5.348084796035726,4.481004877946591,4.0200441118673,4.556488876021568,5.1057696448277365,3.700604039390056,4.937065438938268
FT0245,3.424187089048186,2.3908649459098252,2.527703079456453,,3.1511859151739006,,,,3.2452167305247217,3.1230718216333515,2.927014467902194
FT0246,4.699930776365685,4.605024587710892,4.5389766945806205,5.24028048515722,5.354440508609084,5.6002518153193375,5.537369734361468,,5.222536373195876,5.26943960647513,5.201883805820912
FT0247,3.9173149329740755,3.668106672434978,3.6030378000013363,3.818432000402679,3.688952356308481,3.9439069297727967,4.077093357590703,,4.0441455611244574,4.133540923517803,3.6874707048185513
FT0248,,,3.877457140749573,3.8500969007271904,3.6847737274596297,3.1316027288698836,,2.7901052109562374,3.564581812522743,3.1536105372793575,3.382372779725376
FT0249,4.979839533520448,4.94649928765208,3.030566355448166,3.396963891470047,3.9158314208358087,2.9157809007290574,4.510527469108238,,3.45298613726894,3.1732235989471684,4.62040370324158
FT0250,3.741517814164794,2.3903207510140247,2.4109931948566965,3.434859932548407,3.730128640752466,3.895387678750161,,,,3.8306578481084714,3.992339599741869
FT0251,4.8310241245046095,4.916615004535451,4.605957091610695,3.6985102033474666,3.9756847589765623,,3.875781614803811,,3.6257931159451764,4.086943376087708,3.6420928538868944
FT0252,3.141886513654979,3.5885782467391003,3.64072466826327,3.6604157873349443,3.6099537836785482,3.9573152872547257,3.37074339875583,,2.524222347778811,3.5536963045183447,3.628659917980791
FT0253,4.555947633539821,4.492180003197046,4.412922188486005,4.270386896074932,4.272583731688399,4.176196447285849,4.211896536662312,4.6939301631850014,4.43324616310896,4.382673272322885,3.339060863697473
FT0254,3.5508802464092515,3.5793010481535203,3.5280588984283736,3.4451885077071562,3.682005640584632,4.020806941540926,3.3220210646378123,,3.8878164214758364,3.825431250385428,4.180824379559094
FT0255,3.453176697509529,3.3128202585862665,3.491260678657587,3.1873590480486285,3.367488253979834,,3.37795024941323,,3.13664982513171,3.5812195049528692,2.8036626457053746
FT0256,4.047528658807913,4.0188156268364965,4.106476551877993,3.9748763427464606,2.9622090469010733,,,,4.3526105232091865,4.257921965219618,4.23216469695818
FT0257,4.016855970451266,4.002947331970234,,4.0457481061571805,4.05156108085054,4.124767083329625,,,,3.2675959183116516,3.9738413186044266
FT0258,4.080277832059115,4.406287077135528,4.427262494677589,4.155989684742165,4.127335411513035,4.104167267250716,3.9562616449910326,,4.260693007946005,3.9880278714088484,3.5946055232326675
FT0259,3.407126294957418,,3.24583772573351,3.442437990761248,3.416746732545703,3.3882334229799382,2.9958653242692,,2.910988084653164,3.212215217802553,3.68314585777948
FT0260,3.2319927770056887,3.45168632631394,3.3361992738306148,2.9605816391055066,2.995738483403501,,,,3.3418047267656052,2.92994419629005,3.3690415250375803
FT0261,3.676070748628391,3.5872776111753035,3.5841847872515094,3.746685242131147,3.753454788059287,3.634397784580001,3.8972524740496297,4.239034263405884,3.3530562713058836,4.261085427453964,3.680609661758897
FT0262,3.3302732655937746,3.4151987379669153,3.1491868209615754,,2.7878241850442893,,,,2.7384760570889912,3.0099739735920994,3.1095898187887725
FT0263,4.2803559811369105,4.256680816411297,4.177603634868921,3.8808639257975313,4.140795446609779,4.157622614684566,4.3956916501444265,,4.0861973138438765,4.201310747024996,3.8738382192069465
FT0264,5.3861272117824734,5.329299102583788,5.353404558593519,5.159959252175629,5.134847920367974,5.1518611942128425,5.1870827178654295,4.359131969027624,5.118882070899018,5.233381721306223,5.162279734039016
FT0265,4.858961644503311,4.724751566824526,4.670696171734943,4.135647093386741,4.682112871854692,4.809378560970571,4.8537956092081345,3.839241008313659,4.975739575895574,4.9152939849092405,4.780455905409415
FT0266,4.15852996141014,4.30142389228524,4.082945493940146,3.951884755063919,4.37871173550285,3.821286505805418,4.2580409658340965,,3.158050244784906,4.35191541720801,3.936800528468913
FT0267,5.294318095170239,4.6870210093399765,4.945824271272975,4.887096978260864,3.8372883135192,5.275178580607667,3.6982740041361093,4.418189766361754,5.831136277946001,4.806408323912899,3.191602328606465
FT0268,4.015319847511454,3.873929069699856,4.066677765550854,3.907912838968249,3.7696176758247955,3.1212040363846074,,,3.980065193951642,,3.782031638754021
FT0269,4.322605422940898,4.357414350369976,4.264375881380429,4.11342180735865,4.175208541785285,4.254770773891491,4.3280639936906855,,4.1521907194302,4.194452522055671,4.02365915151593
FT0270,4.585498581200343,4.172035984791129,4.691998070820025,4.20481053343579,3.9957691468846406,3.695728412693772,3.310907756659285,,3.796780193396386,3.3948519435191056,4.047322336727874
FT0271,5.480552501629022,5.33424820626147,5.425612315634975,5.277336583986307,5.297858195048601,5.3584482357651115,5.434038426961042,,5.539617194389085,5.481494677069412,5.349277389751727
FT0272,3.7703260980110236,3.643973334963315,3.5818902472003704,2.678173935125167,3.6329962159648788,4.124393843954974,3.970421959654549,,3.809859480710334,3.7990004746131554,3.792884615539812
FT0273,3.463197359533634,3.042312701405621,2.5835382929987003,3.2900519298564905,3.227437962272659,3.4701570750915636,3.028030046994878,,3.6506211866690554,3.3975471089542744,3.3716827058592673
FT0274,3.4491565380658193,3.459677409163803,3.503953985667226,3.4995324132885424,3.7076182315864274,,4.373351195602515,,3.4584754231271426,3.303834442756814,3.316973721331369
FT0275,3.959610111747807,4.561099589235604,4.721897919807759,3.3351416776327953,4.540950298514868,4.629940676328002,4.4788356081770235,,4.479719438162682,4.590915294693893,4.689997147508252
FT0276,4.027316622688346,3.3114777783508145,4.179702675511279,3.9763321226075448,3.6040541108291597,4.131429681218372,4.227063685382905,4.666781772574078,3.1097170019237543,4.184542132846514,4.030788832803723
FT0277,3.9253044576803675,4.1032227310296205,3.85596792900978,4.077520372801135,4.340183226814194,4.181881589167377,4.148200005197225,,4.312542628128982,4.175774092629633,3.7786251858368662
FT0278,2.8100599636694157,3.3433990100980275,3.2848455352371393,3.503899922812471,3.514049686351764,2.745166365614914,4.051551120773814,,3.858134482784408,3.995867670278576,3.9418005352759344
FT0279,5.163616431042684,5.057067865608886,4.2807676670768,4.947360939198882,4.093300631271375,4.209683285246013,4.623954637273831,3.8888693236971044,4.235102295886166,4.865258244097205,4.155766212553525
FT0280,3.7300838404251153,3.2826601154919053,3.789259898417776,2.991409921916409,3.1599291280360893,4.018726660118269,3.2567826647160656,,3.5649161194898045,2.9605848249191613,4.902452362391958
FT0281,4.7797931224422765,3.3482895975989813,4.885069123804,4.777343978200623,4.773555715808521,4.9266659092162275,4.838846318308734,,4.851114334438353,4.770914914804246,3.0328782948770545
FT0282,3.7507189433905865,5.024574574670835,3.7778255823035454,3.8019318971786333,3.775059032547912,2.8718506181579246,3.8012344491793315,3.8184728558402132,3.945363013977646,3.933086144885169,3.8509402666693493
FT0283,4.207096380475718,3.9374503912174026,4.276185310720333,4.46952217802765,4.342267436936032,4.3046019123400585,4.267613130964817,3.7537945621001088,4.432030844231555,4.318825745355784,4.266562115447908
FT0284,4.55690189165688,4.385499196461194,4.53821142281134,4.581202577870361,4.542112586222811,4.349197896990172,4.2090225678951985,4.0620708222786925,3.6723827143082812,4.3592491915558265,4.457853174091452
FT0285,2.8034601529663026,2.9552998100436927,3.9252647958787015,3.5691696485922044,3.7525884506362215,4.141607420519812,3.5343260433843793,3.2888656841998736,3.5680476609277285,4.022497096527379,3.9062452807939962
FT0286,,3.017287483296438,2.6111718388169964,3.1558813767158087,3.316542000912275,2.8980981536775285,4.508521800124763,,3.559191769873625,3.6001803594586437,3.2540822390161472
FT0287,4.187338645566074,4.0160406090642775,3.909816746386919,3.771684180563343,3.223263982858322,4.267077845439458,3.1153355695114127,,4.065546455899691,3.7092728483332396,3.3897753127024797
FT0288,4.564832069762897,4.521253040623285,4.472468144903621,3.634187649129206,4.42045581639174,4.562130089927052,4.5763056005507465,,4.612937580592751,4.5425571929160276,4.456723485529836
FT0289,3.772210590255839,3.3288018936698656,3.4334680062131215,3.765980415994024,3.9986208851091805,4.474740347482034,4.142249628360279,,3.6285802549785524,4.1196344872209005,4.229815246390962
FT0290,,3.2974647655361022,2.981079256383996,3.3253615672357877,3.3693221671552274,3.6458318243655286,3.277134536681839,3.5407763521827174,4.231086017678672,3.4895057927556765,3.0494508577019177
FT0291,4.77530804680401,4.110300404862182,4.109757667154286,4.020232607245211,3.6189943323125675,5.118643931336627,5.233756049897359,,3.64528487432959,,4.089217619477146
FT0292,4.115159584176021,3.9973249211405806,5.1882545000144535,4.432850581322406,5.140562926969601,4.160930578224697,3.9225882671377885,,4.571656620864261,4.127390959816521,5.297302784713918
FT0293,5.433334215877127,5.406092714638497,5.375422479609274,5.324242802999336,5.321455671194874,5.420155908046863,5.63486358865323,4.755547162237791,5.16350426046352,5.1294079060326485,5.0635875031141016
FT0294,3.9149565294419566,4.613094963441265,3.805498216530185,4.004272251844776,3.7474083190800513,3.264132429018293,3.8687298179962655,,3.9024770300186717,3.2360335762426544,3.9756156872047335
FT0295,3.3410651022197677,3.1422696161882055,3.0921354602320514,2.846283954314937,2.864160519100724,,2.82948516033433,,3.6609802327621317,2.95662479068482,2.4763306980447704
FT0296,4.369144509993213,4.530143398713305,4.415667006875548,4.387829268516611,4.383378001706578,4.23820961318707,4.715990232256834,4.233519761463278,4.410824648825698,4.678120833656092,4.402985716195311
FT0297,5.1624173260319965,5.290371101261514,4.228352026237303,5.148977894442935,4.481514799005884,3.4807877522934216,3.147394839106146,,5.277317262737762,,4.2847241634261986
FT0298,4.9310168074181036,4.016586307755297,5.043223526926578,4.870515527167176,4.937711086240697,4.942118571304159,5.008360180860409,4.807758962686119,5.123682840834843,5.0576152100598,5.0235988261323525
FT0299,3.5957604681685806,3.3358003520316117,3.3172483274384668,3.0862011614262044,,2.933838300191304,3.0904888593096214,,3.927605022445944,3.2644741987777235,3.1711054764913045
FT0300,5.008017178787555,5.004900554938748,5.138119503781222,3.950143770237945,4.8955600216988655,4.895482300185126,4.884769637026469,4.0521550029925635,4.955010448785499,4.937306326017944,4.490357072473325
FT0301,4.559290605516087,3.8532429302233897,3.0566212518947795,4.464114607929019,4.527985169960626,4.591175881338747,4.654761757514343,,2.9162739858079014,4.597161994696097,4.541200705110759
FT0302,3.501663489929209,3.3341869757139624,3.327382787627023,4.105073013808049,3.049346979599613,3.250078364722026,4.719733520631435,4.384493899950762,3.512100308038039,4.762819963601126,3.123705114167507
FT0303,3.8512539210370598,3.7451888048905633,2.3102320834437875,4.328479705373456,3.0078522979354982,5.015320301639447,5.022978855412047,,5.489093763767101,5.415351494586647,3.19134633265421
FT0304,3.1543265030366516,3.9533608391677886,3.7602871856935853,3.8009117006528323,3.838247476547136,3.9177762503489117,3.9687896849318953,,3.938096133961992,5.163943740685423,3.080713997346612
FT0305,4.428181072582443,3.6786330711875697,4.0935724563902856,3.748915867317273,3.6196564213906663,3.6581032076136797,3.454899159434875,4.102281594251418,4.03721457576235,3.4828934096135487,3.705220291811535
FT0306,3.1293368064849183,3.606300790333571,3.5483337736574603,3.5494444577095345,3.586971976151847,3.5667934580026635,3.6210513376183613,3.65382876676399,3.085416650258825,3.5122386069976974,3.6856507204650812
FT0307,3.8955795073505373,3.9968546259736524,3.8960543800781746,3.733310088796029,4.069549300688954,3.6085634790032346,,,3.963779545705549,3.483175019660164,2.99921445130855
FT0308,,3.480045444816078,3.089110701863721,3.329561527196961,2.855096479252766,3.175794474177361,3.4650838121708523,,3.710805641583428,3.1371705544721133,3.1166084309512407
FT0309,4.220334296210949,3.366676580635244,3.2384613523769894,,3.6032366523185857,3.627853451013782,3.1490471034607204,,2.9753110135980148,2.8547394218676696,2.8486605169509556
FT0310,3.3669756997661326,3.5004387120861513,3.4184771543587176,3.3805352768557184,3.2069355963972597,3.4171879905776543,3.3775213993780424,,3.2474495615205416,3.546599317270821,3.408326583110621
FT0311,3.5866705190494366,3.0236542717995603,3.2675609607182774,2.6425716750133526,4.511505059655663,3.1427768594512675,3.398224461656603,,2.7438998281694116,4.63186586771054,3.089991571830551
FT0312,4.050109076240655,,3.64133093144053,2.8223283640812533,3.4635153505435965,2.7835008437398496,3.506153011867557,,3.9223420246260345,3.8254140664686758,3.386408424246549
FT0313,4.6207791326159775,4.006983306206012,4.629226718480008,4.550523887424081,4.618775606667882,4.613145599673393,4.258845059855714,3.593377842747262,4.664353074921266,4.680571127588331,4.634716648270428
FT0314,4.325360571078174,5.0445816690994105,3.995290445171876,4.496877867123969,4.609841104300712,3.569413585812969,4.747130754432202,4.423927466615453,4.625977747533514,4.771291439320602,4.476744166056616
FT0315,3.920633483001138,4.599765683560025,2.8859602347356113,3.7815683986494237,4.1253492927778455,3.152579088092543,4.613143464156547,,3.747201717033775,4.247157773149799,3.891362900818084
FT0316,4.99593584674652,4.807748123800322,4.837196128343937,3.92701474552084,4.218833301282346,4.4022072393953104,4.4174428825889365,4.4973892270500695,4.614674306934291,3.128292334418918,4.519260817926704
FT0317,4.863692469046332,4.6844914537994535,3.8247009818396274,4.888245246235282,4.928290531919749,4.43089502385905,4.109331675465295,4.875744870228409,4.3925987078485464,4.293918659586346,3.998276864770351
FT0318,3.722559576210091,2.9810715770329788,3.645161315297147,3.708285175349449,2.7078393091966935,3.786725705818763,3.7290098181698728,,4.661672937642725,2.894956619026545,3.7397193836976568
FT0319,5.336508851157253,5.318401276520642,,5.341128992263845,5.4570863955125,5.372700362461239,5.30635209712592,2.755005777923786,5.410705971967634,5.350580310649776,5.538374269759841
FT0320,4.017656500163708,3.947527600447035,3.9746454291197573,3.1131944267677873,3.6554568869944832,4.391125119180441,3.2204404288411186,3.7548025647959222,3.6945756750081684,3.7066889619248693,3.728815882192769
FT0321,4.449648768423892,3.6695934864876913,4.545799558714812,4.348777180883626,4.377450584402282,4.168342796209445,4.219399299534508,4.058649243361539,3.7407113283808706,4.51983392558115,4.4701677962434365
FT0322,5.174282804943484,4.214829905614373,2.736734958248275,5.0102993882307,4.990945150415832,4.915451159179192,5.014170804866218,,4.667828442245804,3.7330311043281568,
FT0323,3.4909378728255978,3.460404562986319,3.9472553949276223,3.5152681370755974,3.655230469469008,3.627626604860424,3.73519345850447,3.5678047063792655,3.2920043865344284,3.5528370465367507,3.424028238832541
FT0324,,,3.4760405397196097,,3.856260934277085,,4.4950880154705875,5.200641652122702,4.369903319399514,3.8955346474817567,4.353446696990822
FT0325,5.430996853688851,5.398234650858465,5.328186208425026,5.303865864445184,5.226539463107617,5.309499766178163,5.308054068061473,4.945053212619012,5.438349045920053,5.4178692659425725,5.335735847886806
FT0326,4.788660808417141,4.952096917545566,3.6199462259371726,4.617839093347571,4.74130030545356,4.554380686891043,4.665910556517007,,4.808150606245398,3.5902494091041706,4.746084982264976
FT0327,4.639225382509098,4.630900736465334,4.610982021087935,4.966351980649274,4.933116789420848,5.048393711187443,5.061246440306707,4.422309373778779,5.04094530754815,5.085734845900822,4.963313615449132
FT0328,,3.6895165366785703,3.722348512214433,,3.822319812884087,,3.1878502469969745,3.9725936251250427,3.457889853030547,3.1829119483340063,3.924657071850868
FT0329,3.886051418560156,3.9131889426946787,3.3595722808102786,,3.489736450797828,3.8715792990769615,3.893810981827815,,3.4143435254624093,2.972278426729295,3.107226046733288
FT0330,4.848958733918567,5.148602346637346,3.195333926913473,4.824634786284164,3.9465176246865235,4.473267377596942,4.557827821490122,,5.033317175016764,3.6502603880627955,5.005026004362216
FT0331,3.437609267907385,3.6734745753872162,5.0307799496476315,3.744900851113412,3.697641165899782,3.893163112422206,3.7294509906399047,,3.600697929215757,4.843772685003125,3.6939763113074044
FT0332,4.505144295854249,4.458230148133771,3.9879332122691453,4.413354054406761,4.426592492828393,2.8392791371315464,4.291992074555047,2.970510675657448,4.503133733839784,4.502680015038466,4.619792279538043
FT0333,4.776065803101947,3.7365921132949222,4.06444985837461,3.149445656685871,4.080045106130242,3.745216931252824,3.1611828212533912,5.673970023453062,3.947430462883276,2.9713415982824904,2.911033113842908
FT0334,2.9327621670635633,3.3897779136374573,2.8184040210129004,3.433674602206584,3.5981330957777895,3.512490733824342,3.876028103838876,,3.362472526635762,3.2813939753222185,3.5134408167397453
FT0335,3.8067219429983226,4.064182604101319,3.860508441566311,3.858990867235887,2.9663896780325665,3.8570134615879765,3.920180750780544,,2.846422799470746,3.1116493946229364,3.601753280577498
FT0336,4.741363736264302,4.716059115190951,4.749312886771756,4.586284226688664,4.568534610172816,3.8048440669412766,4.125207868483297,2.9363180653086802,4.868654044199069,4.739979255480323,4.742536141534434
FT0337,5.0780316595450055,5.058402441103585,5.141283630956262,5.140333409763758,5.106808020041122,5.103640533261962,5.188387070232215,4.505608335937337,5.191192156927051,5.313164798283395,5.131221517871354
FT0338,3.712591406746849,3.6411922709762585,3.357304944515238,4.026999018716145,4.202689156692875,3.9787597056731494,3.8367596612531467,3.7329176975835883,3.664870548422815,3.899336893759966,4.212539039218026
FT0339,3.7883118654918895,2.584689150681728,2.9786522235748905,,3.0446763335716276,2.9762926690769302,,,3.0195228851450056,3.382774821407294,3.250952898536338
FT0340,4.7797702137615925,4.59613181195785,4.260802717598939,4.302816315738842,4.621987755210678,4.763273663813284,3.2519402462621882,4.0038754978205375,4.558823926308855,4.307424661792518,3.681266043895647
FT0341,3.177115555183967,3.392790081644278,3.6023226629419334,3.3153023728667628,3.408571512370568,3.102464381993924,3.6154678685708403,,3.2580174953237813,3.7109057096512283,4.12864756249874
FT0342,4.179964968944012,4.155346157323954,4.1497406921104165,3.991678711419474,3.9784209199419616,4.02393205276028,4.374117785672679,,3.7928958553323637,3.89076519639127,3.7629467960566316
FT0343,3.51996374385906,3.5168390362193405,3.911145562539334,3.458153865674771,3.1672811340424145,3.586476081301944,3.623928716758302,4.261633980954262,3.059386420801227,3.489149290611407,3.737882476014765
FT0344,3.5889097502631357,3.307264758424733,5.195083512913311,3.1012484975156682,4.900416585702316,5.08856344839916,5.117343579835776,4.952930000534918,5.146266747238878,5.027572312543784,2.877946306149363
FT0345,5.279865979996766,5.373055193914938,5.216696430724184,5.284590268036717,3.944294636833911,5.237680950034359,5.2288311618311685,,5.418433859132158,5.269873646589452,5.32917844924102
FT0346,4.028141753776731,3.428118156797021,3.9213877817463176,3.4904577488221196,4.098533305762646,3.487874429172403,4.213162857446029,3.4521059733070647,3.7024290832780395,3.882100099915907,4.122645167771785
FT0347,,4.303433616581927,3.1230255930992925,4.471580332013539,2.6397064972053372,4.215207547555002,4.319421895694459,,3.569558477598939,4.347764650702284,3.38561307207145
FT0348,3.7509170210912415,3.7950405850475155,3.169144770432657,,3.492759296017668,,4.070745346437011,,3.819604238833327,3.437152369539836,2.986477858214217
FT0349,4.324194778443277,4.211406238624175,4.338965917561091,3.948543176232528,4.095125828509858,3.745022052620561,4.041573135221583,,3.9750767876927693,3.9247196428251936,3.947574466803853
FT0350,5.076335767552669,4.6138946202195,4.483530750622739,4.297184476885443,4.612545724158907,4.357308167852338,4.755525962770191,4.311494276033645,3.8027859543937454,4.639097037623076,5.193349425824521
FT0351,3.768822931930735,3.6540559378730575,3.4734521178750515,3.843836550141656,3.9524604797145404,3.9980193500643977,4.024928142157428,3.9718621687139404,4.015811785299826,3.9085731277480553,3.972589055906319
FT0352,,3.3602873010768763,,3.090546039661422,3.4973198774509235,3.7270554229219535,3.771261437251886,4.511889939585934,3.4384865006590934,4.12303912161998,3.6409756054675744
FT0353,4.078062619079126,4.681154946980692,5.915862937031021,5.333360015609137,5.7136177465905424,5.255095513230175,5.568055442107674,5.365485921434665,6.16656875922579,3.6997469090219086,4.6202983248184
FT0354,4.412733745734089,3.8801275500331944,7.185540115483404,4.462660846744693,7.187459461427345,4.438597095294289,4.43595417801872,4.709524671002955,4.429717081441996,3.4504601740565306,2.9528734666168943
FT0355,3.3179804501710066,3.0263477496897853,3.7734119913604207,3.47912419667755,3.168276600763733,3.8482948676044,3.8844697209296712,,3.0504803418507125,3.4237746599248804,3.106417682089694
FT0356,3.487604641014513,2.730991940521214,3.2792173971173852,,2.890735265144708,3.6044647736798,,,3.407715872260986,3.1453304017715205,3.2546072588694974
FT0357,7.17842923002207,7.100727967929006,4.428258738398901,7.191243167424912,4.475525618056615,7.201687186983824,7.19465144139132,6.8068249979094055,7.192545926491341,4.49385448070123,7.144933050619731
FT0358,4.137847219979033,3.342747037326983,4.037437406810662,4.121339485902378,4.280861195023402,3.4759662881377276,4.163160663927563,3.6337549484936207,3.4451928646377237,3.236707185871939,3.584431061276902
FT0359,4.940818258365102,4.1532456982909975,4.605015845086574,4.59042749326952,4.394043511918946,4.541756909106443,3.607334642661764,4.045096731556099,4.826807177878341,4.571493760465619,3.7847069067576777
FT0360,4.4359721959154035,,4.405070846311425,,3.9481560350578007,4.030804496687265,3.4158476934289705,,4.141463058531369,4.246966168745837,4.128055077049962
FT0361,3.661790568208943,3.8559872765026864,3.6663754452891104,3.5552252534428574,3.56067146039413,3.6840446191721705,4.084919713100225,,3.740383967163782,3.722763163420038,3.7102041143727167
FT0362,4.345621730063328,4.121662600342856,3.883796478997961,2.8235188786956407,4.379160939324682,3.3350252546781554,,,4.212370582649973,4.133173258391002,4.696555261226037
FT0363,4.337566659442638,3.491542762693954,3.0895869715169235,3.0885637613803447,3.085729643362465,3.7918898229450404,4.258435366952394,2.9807676913389836,3.060675204643563,3.567278279863887,3.6005952300923347
FT0364,5.229909392623514,6.081513619423867,6.129545426617167,5.025872616810275,6.138630637306574,4.994425776401433,4.223723544980354,5.685219772586535,6.328789848798053,5.997642455557756,6.2366683993999725
FT0365,3.881338830098354,,3.9481212151031544,3.55252761341192,3.590782928407195,,3.323009534577688,,3.601765429666328,7.229711950736077,2.7751351669664635
FT0366,4.2842214518205965,4.361764233294638,,,3.8000203401296293,3.831326938657407,3.500669982107993,,,3.506066999448945,2.714860609876098
FT0367,3.2618865253266827,3.771231227308516,,4.196774052084757,2.571373773182166,4.29488330212035,2.954290319208069,,3.8332375955169273,5.682967734968128,
FT0368,3.7003394466623236,3.1277741502296568,3.6197619296425025,4.487187643157023,3.8764389545469298,4.668659810779565,4.277216484037487,,3.001692017201462,3.365343085532304,3.385147702866478
FT0369,2.785776521123763,3.707596242182657,3.242775399844872,4.903423516805773,2.7787681315396435,2.9337828467208094,3.7447876741194372,3.40413321985104,3.387394305577932,3.17130936917132,3.1178231154445375
FT0370,3.762993832752759,3.0142368014311294,5.07649409688146,3.7138146533178102,4.9256992245875555,3.6509376131931788,4.842650173508272,4.27945196212719,3.805755994239071,4.9739058708476405,5.045087386232143
FT0371,5.289940699435151,5.498904359199123,,5.235590976334616,3.2174804865703717,,,3.333747627853696,5.3754547048024435,3.2761798022469684,3.379455839706455
FT0372,3.8178255405995407,4.433901517726884,3.9034771454408554,5.178530303690731,3.669449395926814,4.011890533861086,4.592712671103268,4.7530937208343484,3.5927757351471294,5.198265283197295,3.6538488888542524
FT0373,3.469741655783066,3.591759088520203,3.69091019961659,3.0656098594492915,3.6909452480518947,3.610523053081093,3.640223943912844,,3.9295342487237424,3.89048839883395,3.1320979704774956
FT0374,4.252161476233809,4.384358228455671,5.332539735521199,4.114305805707843,5.1633537188001375,3.958513613257732,5.195938684066439,3.1926425291853335,4.282848908559287,5.258694783819018,5.372621512421989
FT0375,4.917190337937839,5.023514346539188,4.972952238169893,4.755299485238241,4.812079298488096,4.834629063277586,3.2722217520491212,3.522992447514106,5.005269943910569,4.907719543132236,4.976358299377033
FT0376,4.835837502024822,5.040255131681047,4.943193347594618,4.898329541989452,4.6994687206021215,5.071450027201429,3.9626524552319093,3.843990687300149,5.077010990918064,4.866779530937969,5.022910128050288
FT0377,5.5832367377170975,5.042849003049099,5.222111809223656,5.241959362405777,5.130306553347732,4.8531772075484945,4.632863385829953,4.05764136388487,4.66539059168877,5.165187610605554,4.65416721942637
FT0378,5.770956307104465,3.5457914535105512,5.390392511456765,5.651180784552715,5.514673921277629,5.495786499609235,,,5.9275225139381575,2.652240396518838,5.830079233940301
FT0379,3.729278716507461,3.7067854292080153,3.9053106512436657,3.5520199369929903,3.9886637799230598,3.8947194948275574,3.939410488801463,,3.4293038629981836,3.703688157019578,3.572496002298442
FT0380,4.1443960647501905,4.048503949108333,4.03019733685601,4.19801333847537,4.166400442453023,4.236077563995344,4.393499001458219,,4.347909121420214,4.39672025977357,4.297803382784781
FT0381,4.605362713169443,4.693737720113641,4.675579632455372,3.7464671285539297,3.688336018326165,3.930209768705269,4.649151422112041,3.6959267051287337,3.671497310259634,3.8896919192619106,4.4409859665111515
FT0382,2.853323860608981,3.397406757887138,3.966185832626053,4.053072975230625,3.525047108528701,,2.3658724699461016,,3.2021262345143873,3.7494148088771113,3.766030420272442
FT0383,3.757075257356445,3.8130614660779396,3.878283300940054,3.7703857331701887,4.220289160877104,3.843042871719846,4.257868873172638,4.064135528379992,3.747216407383857,4.069868212131094,3.765826904937668
FT0384,,2.7283860339196138,3.7138734897597505,3.7498201063835945,3.511235596765483,3.1861040807106438,5.36460456711594,,5.654700661214385,4.70785792832797,5.576085565082454
FT0385,3.578090961616152,3.093144523436004,4.280487356954898,3.8282012635237916,2.723390869760508,4.000514970316907,3.9734857130285337,3.882680895686443,3.964831213462575,3.9730504171107723,3.8178784948329976
FT0386,6.207497004745475,7.299530886577772,7.382776862096799,6.066043928256737,7.439969819036633,7.547632918443974,7.258483144021023,6.953468275537988,7.331425520821207,7.201019332772804,7.264367421896405
FT0387,3.0017299185064403,3.474048439905756,2.9138728402266976,3.509028730961059,2.732097398409381,3.4270898913476993,3.4428138496871656,,3.2623420794363307,3.3090940154177995,3.105240527620813
FT0388,3.655840947236646,5.871779139102238,3.3892625550518822,4.331098272549209,3.307631966227031,3.485172891867118,2.7732307414782094,3.574595685388616,4.406576358315377,4.522033812310828,3.220940694156498
FT0389,4.3308576983987255,4.326455768512082,3.6504043443858047,3.188931538994047,4.226890878322522,3.661970793558953,4.229993360584162,,,4.3910917947320325,4.25468181007911
FT0390,3.556198787689461,3.338806537063592,,3.4536634896827927,3.2168905874032103,3.4029361557358646,,,3.205944856153021,2.909800876787675,3.5333295701779655
FT0391,4.911688426024803,4.809392813693197,3.48890578629226,3.5583081155143943,4.620731978144967,4.534629194620618,3.9391685644031735,,4.817032643256777,4.73884825523776,4.654128380813362
FT0392,4.639795093064675,2.8647025022697648,3.2750053345312327,4.319286710789911,,4.770587047352839,2.8843098975934716,,,4.089495091974797,2.7057345519857723
FT0393,3.208443775295588,3.514923844767348,2.638424980415069,3.4464812747764655,3.986632015832862,3.0685761613860456,3.862361267411378,,3.6126990729158943,3.8104297672793557,3.6944855431458805
FT0394,3.574064504445949,2.8989718813268874,3.1694600239140858,3.0433815987526587,3.266149895008902,3.264159081900092,4.135633253836435,,3.025619272360525,3.0453796757308766,2.946342850779694
FT0395,5.075832957067226,5.036453943690706,5.050955194478623,5.136135633298062,5.073554358285238,5.090622243492536,4.773901853286784,4.698331962748329,5.065198352366904,4.587910364400216,4.943454999945315
FT0396,3.335970078987603,3.0657728898630197,3.304758000932984,2.918639752343998,4.280180534577238,3.160780630051385,3.1581899134228943,,3.726001082177739,2.9975556903952993,3.2573022722473293
FT0397,3.2931656750485905,3.1569593935575484,3.3084591229058056,2.4618985373178024,2.9701115134911658,3.5043416612622105,3.368941051591571,,3.7672556843723695,3.4513863093303954,2.832120175413558
FT0398,4.275023754031243,4.302053419232523,4.795152560455097,4.682865474873794,4.268986463913276,3.866164925344287,4.611053100362707,4.761449379398181,4.568572501922725,4.513544009575895,4.513517471966866
FT0399,3.3772608264090276,3.2448360501934452,3.3883185548313013,3.4835582843725326,3.3924979970584235,3.288527801719689,3.453019200488098,,,3.394471612616916,2.901241238105812
FT0400,3.1363738577366616,3.091299679257807,2.9606071597315293,3.1738185571002466,4.28923081980681,3.137867850232624,3.4165300460912995,,2.854201908634125,3.002321558413225,3.9748912123479405
FT0401,4.271727498522948,4.193184889086898,4.17522081540908,4.002182124966714,4.014855338576297,3.878720893388441,3.698004405169416,,2.656157247603751,3.822041353148614,3.345204289901477
FT0402,,3.161193974956602,,2.862818146196522,3.2476522048924275,,2.896414767269455,3.033367674101217,2.770831877597025,3.2393162847745964,3.243575727338181
FT0403,4.125945643356475,4.255866236224282,4.198912408742418,3.938296776331519,3.8984575821846623,3.450995808271501,3.0632570686423928,,4.060313837048381,4.062437000898379,3.6374448233994277
FT0404,3.190709634160791,3.746672513297059,3.744352855586712,3.74713813712522,3.6902439025858,3.809167616200009,4.080263953012979,,2.717148669583785,3.9663044516216144,3.8773244625753196
FT0405,3.3364223178297867,3.9983713183731417,3.199110604663754,3.011165179801605,3.642378924858617,3.9702932788644874,3.196419962687752,,3.390309818799355,3.167625545686347,3.5879767290143083
FT0406,5.368184442375915,5.392669566126849,5.452251517351119,5.284626283735446,5.276286584428793,5.266577211786294,5.279769418085081,4.625119796911553,5.2696737105928335,5.297570075979877,5.284147511424275
FT0407,3.546105823085681,3.2888020621830503,4.093972310341628,3.4873338841598813,3.4293398299002633,3.7828467293141004,4.25479590547555,3.589917573074636,3.8639480942026228,3.117847424720079,4.218800747547866
FT0408,3.496124523245789,4.097583948624029,3.652923892147633,3.2381305046168025,3.8101606654142293,3.5565699590128577,3.8662420210995823,3.9532701073033722,3.645654398346733,3.5967386471080376,3.7810098995738084
FT0409,3.765876566724335,2.809406289262797,2.8157156803914134,2.6827852682109463,2.6487439214803996,2.8960608396540692,3.844354949995855,,2.9751899182853943,3.9014252407011547,
FT0410,2.8736560446613413,3.303447268089013,3.2290790079170923,3.9962674657631756,3.2625330165944786,4.062457572966934,3.428371572222831,3.492882428916361,4.0352563873618115,3.0189376788365676,3.090425402273518
FT0411,2.986609000762241,3.259976487650026,2.8989694530364294,4.188252136501794,3.691989867408629,4.21554567315734,3.9412261543330565,,4.1298465812016,4.138214286390586,4.3281256416395415
FT0412,3.6872899744828187,3.632109913882251,3.6686790884969276,3.621921687084602,3.5475531704593,3.694464557016181,4.0150735711108805,3.112006210082456,3.849165290016092,4.044101170684998,3.842732560358404
FT0413,3.0130942982176743,3.393795809829093,4.060082195566343,3.1371382308784166,4.345585363841141,3.784378940639101,,3.6690474291462807,3.6285949060236558,3.4457881740808114,3.4222221345513466
FT0414,5.673287388507843,5.659576700572815,5.526815081141944,5.32512212403856,5.261282222325073,4.748514086649533,4.896981434685134,4.01152277839647,5.534030978964832,5.343972139466168,5.351656258815442
FT0415,3.4977897750441684,3.805856105576684,3.7676507954806797,4.250217276052705,3.5488422319812583,4.05399140262093,4.066677116123367,3.303635392843423,4.283117620000634,4.543818399569017,4.456270806649424
FT0416,3.644274245928129,3.5693350846007696,5.076723512398966,3.27473352141063,5.03322042846444,3.029895473904735,3.0397098815877546,3.843770896387712,3.406047727874966,5.788390490871725,3.1705367117799925
FT0417,3.1415840558090093,3.3421709205515246,3.0914121285683134,2.8432586251211216,2.750418074241105,3.0943773389580205,,,3.336063286743998,3.1663811320128317,2.771612220946382
FT0418,3.467749436440104,3.5601794356413556,4.102382927200276,3.6539486640417187,3.563948559891269,3.564640803608407,4.321111254886491,,3.7663663940875236,3.2328672239700995,3.7789057716795567
FT0419,3.815600505372715,3.759890311612444,3.5421164700519117,3.506934754081402,4.140559732549732,4.331926077852833,4.5074652823498536,,4.29368520570772,4.123745235356844,4.417584108061848
FT0420,3.9554721197700773,3.4688300358504813,3.8618267372238124,,3.978046256712502,3.5833338280223113,,,3.650096422882862,3.7811395939675783,3.9248618475657677
FT0421,3.8834971357983936,4.294162195868201,4.223765399196991,4.16868063638977,4.1496234521005615,3.781928766007501,3.465418439489619,,4.203848556601011,3.6500562260014706,3.5937744646003855
FT0422,4.150510085109419,3.5712951993054554,4.250374114977236,3.4931171447147853,3.9513671941989688,3.6193318070927454,4.174449836973906,4.2302275301448145,4.32992809080863,3.9559760793222285,4.313730778397552
FT0423,2.8887776651418386,3.9784844887901336,3.935125352036214,2.9759910254954423,4.086837647058369,3.9285263228810705,,,3.9490094550307298,3.0519167747925287,3.7319888385873505
FT0424,4.262035691506581,4.362104540449463,4.3471376724822735,4.052380377028588,2.981415613708656,3.0868566179634676,3.6099540396830845,,3.8980527470741317,3.970187745564007,3.529492360451982
FT0425,2.9153051046228935,3.5998088224221334,3.5303727931757454,3.4384460677329596,2.7686894626210865,3.0785662285294495,3.0595126535400032,,3.33287414957742,3.4302753199876728,3.5070379031831087
FT0426,2.835431610569229,3.794617911201272,3.6399133942506894,3.616600227121877,4.469948061942552,3.5223539929585383,3.6528903415206777,4.220624514922873,3.9572063828799102,3.4808318777393965,3.5337241484499247
FT0427,5.158615417065403,2.7500803982102635,5.875234988165343,5.17927132225149,5.742180862671432,3.786852051379145,5.633718638875443,,5.452235561528508,3.4520178953482166,5.3666312584786455
FT0428,2.574220310490995,3.125411930819,3.1465099942245653,3.694805395825861,3.4896282033044597,3.752517548073413,3.4386045283865068,,4.018321105763941,4.0047543361776725,3.929702740803362
FT0429,4.73689397907964,5.027310917858697,5.022752080989306,4.7610332824206125,4.781833373927372,4.566534086425236,4.779143087389739,4.109616858823003,3.1734408233962923,4.945629491477237,5.0026862344109775
FT0430,5.835830396158446,3.7435074396664687,3.0272568060929848,2.909201888216671,,5.80634619558186,3.247351184396417,3.2444915541111627,6.16541203654803,3.1767033076758633,6.102523280827281
FT0431,3.404053424913414,2.7501732739884903,3.742636546550247,3.7926211001180468,3.500977421199506,3.555153658838746,3.985985847825166,,3.8955633700151955,3.825997828294871,3.841691129531541
FT0432,3.5936917712609486,3.3533315392002696,2.755245323888621,3.7215247609990043,2.7285603267732514,3.8443311174988333,3.1689657892034444,,3.663881289584142,3.7014214442479223,3.8039126034620616
FT0433,4.122668032586716,4.026942935535731,3.417252483765016,3.051922220679993,3.9882983250250486,4.081626825069667,,,3.906700172247851,4.190613526996545,3.3007612741024186
FT0434,3.171305780355359,3.49809862159868,2.731282933178691,2.947569741592504,3.2255605550608095,2.9177380736279943,3.459403342678061,,2.968503028497628,3.2810903448524096,3.8415809966208694
FT0435,3.6296771777032055,3.4237221446412147,2.972138897948716,3.611953070164697,3.1932345743284376,3.823572030392165,3.272626607772115,,3.198455793043998,3.0517485515509897,3.1263132513844045
FT0436,4.723415638194208,4.174850721949174,4.537335881152356,4.627506767802764,4.580638156833225,4.6966934087970635,4.7223628638871045,,4.804987205965482,4.810814522988294,4.6689324385326385
FT0437,3.3580010625040333,3.000845445768838,3.330701221343832,3.436286984364629,3.4937893292711832,3.6187164860348187,3.2470803868805906,,2.6497806015723744,2.9053385193505576,2.865145774381448
FT0438,2.9843421663009684,3.3411597873757093,3.5770116721965226,3.47891310129664,3.321139643584602,3.7971843497805753,3.8013736660004924,,2.894532884278997,3.5274419395874363,3.741303545096353
FT0439,4.080953615627733,3.823642486234259,4.065717742259852,4.004076174586576,3.5126512657546667,2.8577514122381107,3.71632493571541,4.314894581729366,3.969153523337258,3.931503186840679,3.972218561980034
FT0440,3.1469492921466147,3.395860262964875,3.553792401501002,3.8682928738296867,,,3.45293142557045,3.665719251288873,,,2.994148540577509
FT0441,2.6371638338634793,3.0227288929769314,2.920128334431738,2.3959231553937705,3.6631898267425864,3.5407738537802684,,,,3.4648117855892466,2.4456937224853035
FT0442,4.70837332372462,4.564561388434051,4.651727961207642,4.609972694230155,4.560964158480482,4.716947274170107,4.683489429938827,,4.73457700802418,4.758250107254214,4.646809301410348
FT0443,3.9055269965568895,4.048091376016299,3.930619065436251,4.5539483940656105,,4.267485728018674,3.6347419001181387,,4.154388952157909,3.9844657959240144,3.818117638922087
FT0444,2.969659943531069,,3.3697053508207078,3.2771879070183667,3.0169797925456976,3.043823579016844,3.1207314210427244,,,2.625525822575789,3.390138344546698
FT0445,3.0096319129430693,3.178199629992926,3.4339985786432914,3.153895135167505,3.227101283548782,3.1629225912691807,3.896024970989702,,3.218810265080715,4.070186245339909,2.954431563623144
FT0446,3.0274044820669253,3.5035224891948262,3.6823176435589167,3.696038872472373,3.975489461934906,3.713480028360551,3.6970157561625463,3.7867690251504547,2.8747669562850118,3.3386451121780367,3.5645404751554155
FT0447,4.401654191152204,3.8729371657404736,3.3037659581075105,4.633970035694993,4.321045403367722,3.670363669094467,3.5114336679222835,4.078899664515419,4.489011634129643,4.262400535109917,4.361606006654376
FT0448,3.3723632527762684,3.5803103327362273,3.564167411004796,3.2220121595882776,2.7406964518601105,3.7135834751328436,,,3.1640383961432743,3.440778538864178,3.572160606258972
FT0449,2.7275949511323754,3.1473357467442513,3.7042495179807737,3.6489919364540064,3.722529039097146,3.735598069794928,,,3.2363649146476106,3.2646009422729887,3.7549885313083893
FT0450,4.369737688235671,4.234739973346958,4.475323973272124,4.107636634332378,4.259339875850115,4.334578427283653,4.064996368101763,,3.8496124076717737,4.317887208903456,4.375459911328189
FT0451,4.28334578772658,3.6154184753472274,4.447150744017375,4.2791951798173695,4.097459414008737,3.977767654069584,3.7929480398777584,,4.125544168553536,3.4684733105961705,4.111959693383604
FT0452,4.381629414434849,3.363483373144676,3.50897927793112,4.623979170556044,4.155053864844175,3.3805652098754053,3.7861037537885527,4.602535928965683,3.930328341086864,3.5686493427425017,4.057090609096842
FT0453,4.285599638979265,4.49246737521558,4.327212468300634,4.081766396149849,3.8869226401955252,3.920797941124295,4.175934351104411,3.2186474359690105,4.401896003637665,4.361045663172043,4.387401125640641
FT0454,3.493718046812039,3.6567429819808064,3.3970785102181718,3.5603625373053407,3.3203158943550615,3.4332923955026122,3.613354990190743,4.457543732990056,3.37637442356463,3.506075942431681,4.232942659862542
FT0455,4.26243878978206,3.938062996290328,3.9464775506803678,4.188863392077067,4.26931870962618,4.495727735454864,4.469268286680332,4.3786991584871195,3.9297608855352864,4.381792824623521,4.407730326104413
FT0456,3.492095223718818,3.689825470607161,3.6477809721500276,5.0279841701049275,3.607721964244226,3.7774568108489524,3.435538083112413,,5.17705558704008,3.6990228394017106,3.757351606605262
FT0457,3.929412686727089,4.107654722511623,4.8823071913357055,3.881032049115289,4.004305114261655,3.987002921462301,4.062948481954274,3.1958366229769006,3.874922022281822,4.695839244824119,4.040396818593707
FT0458,4.339571373102946,4.198405332724265,3.4950867194450987,3.1329313075405705,3.9412107291271843,3.8670509129640727,4.065791879062671,3.62362608469492,3.7147351280063097,3.4476707371392155,4.172182184849317
FT0459,4.9442059087923305,4.346967976779364,4.1195019987974675,4.37274420360647,4.4862896289772305,4.41190802119808,4.281053289000376,3.93142994665121,4.64517595207878,4.563643389829209,4.445160529790044
FT0460,3.527138770464656,4.9334131366182525,4.790809497033247,3.5031493039050945,3.188969359849672,4.582942491941972,4.699451942864721,4.436881667980353,3.4971327246838118,4.662100013291535,4.7570546818327735
FT0461,4.8232209785363,4.822374104851515,4.78800458290208,4.263845378921649,3.769201275301549,3.848852231810431,3.9428810686930387,,4.59541050083644,4.432118177966875,3.9980447825918706
FT0462,5.074754971623342,5.043324729785451,3.9431589140074212,2.7186805883750647,3.479245281902629,3.276801993652977,2.9233129939088007,,3.1399604905696745,,3.9572237657985045
FT0463,4.2833452950301645,3.3820849991014463,,2.871332022471237,4.356720519504496,3.3028369745631023,2.846263286556373,3.7407527308931643,4.231105222366653,3.7293441283080697,3.551309240653378
FT0464,4.833636820854258,5.142818323852722,5.116352096351086,4.560052321967843,4.419166873788667,5.069006089923173,5.131917859691113,5.039028741947169,4.804464880778088,5.079157854315678,3.8788570634206105
FT0465,4.894730195995262,4.892796900509591,5.09186684047141,5.058014740947428,5.179372003338702,3.2435195881888057,4.977599303855927,3.3212217534402866,5.032565932145938,4.960284047278924,4.109910691151147
FT0466,3.2600819704002704,4.076433328303493,,3.6611270260174327,4.514483474249669,,4.207494154830064,3.293717325940129,3.6279581268097907,3.432653140009868,
FT0467,4.312714418194928,4.385648432102627,2.7096176874720346,4.088568745345458,3.7805740051714745,3.3140408727479516,3.5188238988443965,,3.537235295817362,2.584701263735329,3.904163780767507
FT0468,3.0780171012139315,3.9400035155296376,2.6359690562764224,2.9151959336356397,2.5983476110016137,3.88654705784824,4.2532098125795965,2.9628884974688137,3.7548592032717374,2.644555466570068,3.8398026689035722
FT0469,3.093888364328983,4.803507164911148,4.038722064729163,2.979175789459257,,5.6734735239079885,3.9687558295807297,,3.578202290212788,4.106556545057618,3.7484795365835666
FT0470,3.934860807100427,3.9666703893741477,3.789269130398579,3.9452675092236236,4.191469934622153,3.720874896860726,4.211028162040504,3.120488209669141,3.962561795109441,3.3130254862099795,3.772237195813468
FT0471,3.3625114776415495,3.8155150261683355,3.122127550876751,3.27680186126045,3.2093324802478205,,,,3.0151195724030173,3.1260631645099513,3.3758299223135886
FT0472,3.060967549552236,2.491028470080301,3.894847315597627,4.036695490152518,3.8226824572198668,3.9530866091012404,4.401819771754852,,5.688986695498079,4.357330668137808,4.12465307707375
FT0473,4.658767943723787,4.637547974249989,4.778090689374594,3.550913334729398,4.505081751132336,4.49893333090027,4.489581716136172,,4.58098706510465,4.552502137829774,4.637246861126162
FT0474,4.206553366283998,4.320930899963228,4.10231787965755,4.210372086285161,3.9765300915167616,4.264197917743331,4.235661828486883,,4.3838347413602365,4.289701898345335,4.235894650426784
FT0475,3.2422166714612244,3.886017282363944,4.00196730858006,3.4795848850764717,3.696442618099208,3.571351212443778,3.3301320389922537,4.3377986686375944,3.4065036547913703,2.814431073185936,4.100384446387105
FT0476,3.9740720152279074,3.980960193318346,3.9496309851042195,3.8109765954770003,3.788537921524892,4.251828287653742,4.172178891557813,3.30012031018681,3.847265600963324,3.7438183159365943,3.8299410475699656
FT0477,2.902929484695358,2.66744023295025,3.4071023723750793,3.231850109137612,3.167732996152909,3.330183106088973,3.342233034637278,,3.1551500081014034,3.0414706443867194,3.3778984617803323
FT0478,3.53657868502272,2.952703900201347,3.0256704505761087,3.7570404052327517,3.7241347914595497,3.1142019014399036,3.0702308174478645,4.402716613241326,3.0074467974042687,3.717878542541688,2.677225355305896
FT0479,3.7616382359976677,3.8985473635683072,3.7939980153508728,3.450702931440346,4.266909047654598,4.3828642176468335,4.761422044874829,4.331686291582953,4.3049490089788165,4.447894803614904,4.457642850107272
FT0480,4.468011202013498,4.385477918144853,4.4465280773118385,4.218447519194288,4.268139971223214,3.224651749733467,3.040092467488886,,4.498152144251176,4.342027285851417,4.404684575344313
FT0481,3.577454713521966,3.6838227217704294,3.532056414654113,3.556659298918466,3.7662581188219537,3.600647388571987,3.644093121223574,2.952160295131777,3.7340407989529174,3.152446572139593,3.569573296385012
FT0482,4.376339540955644,4.562163589089811,4.4728255018118235,3.271603774956338,3.331279997099202,4.50041911114425,,2.83647412784922,4.194198815748929,,3.236695898389218
FT0483,4.9953595866937945,4.992562156527794,5.075322239389477,5.101282936210162,5.023480595536853,5.055172168402993,5.148108340947333,5.747294919259888,5.065329039641747,5.243384520327688,5.1481820026641065
FT0484,5.342237462931059,5.345601968692664,5.2866906633122515,5.2648481631509965,5.22317193178883,5.118237678291085,5.272738245218168,4.262351119685359,5.2914596720118325,5.1861202038020675,5.249243355283861
FT0485,3.470243559093556,3.3166518299236682,3.698295035060704,3.4829968680338412,3.493974229209906,3.786287644360953,4.1298781618917975,3.6498573038080226,3.3008622687314926,4.064346666405385,3.800012261076475
FT0486,4.056013329829287,3.8905236835245103,3.9758978900627486,3.934830053220783,3.9333805161693247,3.963568682761971,4.381854129967087,,3.202786124270812,3.552301945023449,3.98500201091154
FT0487,,5.556161319081901,5.558788146209002,4.428962635315014,3.3053697245541667,2.726483157291582,4.209087944410294,,4.30452236299366,4.2865157776570895,4.158919556863582
FT0488,3.272734627988639,3.523495039438745,3.916391209379817,3.654798096909711,3.4699039428422123,3.5017965843114753,3.4070130353142205,3.6917567443247434,3.758739708336004,3.014036689772843,3.3783714285108974
FT0489,3.3916994251655237,3.2879354576188793,3.0909722345411375,3.5672783254770453,3.540955306360268,3.17565381854979,2.8472670384151124,3.4405134818822334,3.0876888624389003,3.404370282303902,2.9230254857954683
FT0490,2.73548135438686,2.7786685677578653,3.05807902541074,2.9370642571633794,2.7906881437218853,3.001883437607654,3.3531969105181942,,2.989191682738159,3.335289731164281,2.9248760505191354
FT0491,2.8895878670648716,2.56559716355062,3.239770619320214,3.0633630920652632,3.026945658499065,3.2188037205488738,,,3.2491643416653813,3.4614088735767363,3.5936214880495174
FT0492,3.2098627282886087,3.1989117914669696,3.254081854045131,3.1871792479290217,2.447805285317115,2.9437131026500802,2.2257921576127306,3.2252833256995754,2.9660192750267558,3.217405261593531,3.4888793301081558
FT0493,3.670461118809813,3.9035537373534934,3.3147982494984514,2.971583866098585,,3.0570581595314206,2.9292977490953995,,2.7287370432524782,3.0972116202849875,3.664421473149215
FT0494,3.9689997913119157,3.520626811725382,3.411675755639183,3.637281785367712,4.1272764225234235,3.4867119194278233,3.293133698164023,3.4138184234681077,3.6378392505624575,4.663391841380793,2.9437438814322925
FT0495,3.647022292866145,3.156814785151927,3.4734924345819236,3.052999238026783,,3.1705541623659212,3.0011205670003194,,3.5484424313852436,3.078025302445512,2.908857642794184
FT0496,5.042328912936397,5.012419896496586,4.920907057776409,4.925727576527309,4.875157737773295,4.870930944275975,4.923036680961252,4.511046787117108,5.0764043236672425,4.550268418675763,4.986121726318842
FT0497,4.45238118044105,7.14650355480238,4.47241652821129,3.3884586133497763,4.450035448937545,4.464543793883661,4.453894578405153,4.571415527681836,7.189123071161701,4.493105035865856,4.417274609286675
FT0498,3.7500370153531777,3.833842894815833,3.8551326727641166,4.0736004190887805,3.578601810773544,3.81145111752695,3.4898101916854407,3.457787837713318,3.5273463341184823,3.4641547986993113,2.752636274682005
FT0499,4.714118075121834,3.714264626190281,4.361794357931134,4.55374489344778,4.5159518525745215,4.397427836958396,4.576973036959066,,,,3.2040606260860707
FT0500,7.194365741246838,3.291298117039943,7.232586181555205,7.223547144813221,7.206143253385388,7.256660334294222,7.25419925078592,6.834646372956154,4.461145136800765,7.269936244319492,7.2018907501462746
FT0501,3.5118454740064795,3.2767852829752573,4.651993490131373,2.938777968290967,3.6383612422778313,2.710436619563523,3.498981296214249,,3.605172822970452,2.559178645065967,2.7670354611798995
FT0502,3.0839776753385006,4.97582737128795,5.106442018226254,4.764776812077069,4.921579006639346,4.679635807555931,4.775164367938297,,3.175215159104211,5.233111192672355,4.823458273738273
FT0503,3.2784308639653803,3.499335836608284,3.1834918081786214,3.4039440016490765,2.65670058950341,3.471873953968063,3.620771271108432,,,,3.0517341374363625
FT0504,3.719602063108814,3.3572089949618675,3.377229608452927,3.4961499766911053,2.8063087155644775,3.202508988270813,3.317115421601047,,3.6658177311244597,3.5907265310263727,3.5846449102448936
FT0505,3.173258074220039,3.2624643717625084,3.19011805177382,2.8247136968927653,3.126360918940144,3.3014790956578426,3.1642129305717606,,,3.2441515657379876,
FT0506,3.3672840700969817,4.131322160205828,,3.667616609918368,3.332483464339074,3.574889218397723,3.778736251332152,4.05827833021825,3.6280075464662427,4.093309725541009,
FT0507,4.968711994744805,5.2875694170674405,4.827275068534105,5.127597093952055,4.477292656396281,5.241928091263242,5.2343474102447765,,4.958353029609918,4.788702943888669,5.188927329532366
FT0508,3.1879079022846,2.9713308005907417,3.101908397332845,,3.0941773604433354,2.9833076531084837,3.0803980803301263,,,3.16379466291905,
FT0509,4.079521076006263,4.468093755473817,3.626930813113533,4.019483093837891,4.941360850779035,4.3972206002505,4.423384966531675,4.65265203971374,4.074946672818084,5.007809034510405,4.898211860655465
FT0510,3.49511452039585,3.3839440216358083,3.5021578209307704,3.2878992278553882,,3.378551643708303,3.8301277033405206,,3.4267340877639874,3.591455737174312,3.5147648432216965
FT0511,4.797426645242199,4.795672017164831,4.76428247538614,4.793284580180528,4.758042161150024,5.0664530305836815,4.647891590307504,4.096780377045242,4.706435162258746,2.9374917260512747,4.696756604354462
FT0512,5.204052721392795,4.47022752766198,4.741081213513646,4.7059929549472335,4.990057285377372,4.456916998054259,4.411925399448638,4.358671235262474,4.60652046315453,4.463628475733339,4.632543128598371
FT0513,4.302172328466006,4.2033246521774075,3.9662939585653607,3.8617275552391224,3.096025163077676,3.5859815730277225,3.629909031452618,,4.13228323723492,3.172068363481931,3.1111615693793837
FT0514,5.008720275785341,4.8284810711544,4.6761266140885285,4.95103573241289,4.308538064989116,4.8320603569249165,4.947007956406566,4.844767471003102,5.011200616992126,4.460593918108637,5.040822360136724
FT0515,3.4795083151570805,3.6176560568195146,3.4297103927967574,3.45733072825162,3.646799999656958,3.681206923998809,2.705493515001666,3.983989350201017,3.6992559886312177,3.226940851804221,3.7495217925455013
FT0516,2.68224346483272,3.1809952664227885,3.5864459801047888,3.2864964322545305,,2.7075856720672107,3.1848162586849247,,3.482226722318727,3.5940459892033485,3.3209791525426606
FT0517,3.6562160170324325,3.622491507993228,3.5083689697558653,3.441468571724478,3.5981720466164684,3.8163242405399362,3.6995420698577584,3.62521387186159,3.3607453020527633,3.515697702058621,2.699076063444641
FT0518,3.6203787643729433,3.2882145820570865,3.338987597460939,3.5175861336194427,3.650446595021568,3.4655770698804584,3.6055328392162767,,3.4693578784623247,4.6188953716102965,3.442565413257958
FT0519,3.7047403852514806,3.6471276179211705,3.8386646586021875,3.5405987542427813,3.402190824780276,3.783361905380931,3.2140204928359206,,3.684725882879018,3.6919453392611254,3.666241588611729
FT0520,3.9495361940365252,4.136433161612488,4.027293063163834,3.7701060143491185,,3.2489875945149373,3.110752487561199,,3.9975275632580747,3.8240600315478464,
FT0521,3.991877522152471,6.537564881436357,4.3670806111108496,4.321661580223571,4.440692791747128,3.2890132683996076,4.428325626579674,4.082704032912233,4.239883129349188,3.4831626388079515,4.369371516125887
FT0522,3.3651994668971748,3.200440601808774,3.106932366755408,2.9195905709148886,3.279536281885296,3.1412363535177357,3.114063477312739,,3.5035051326916435,4.280276581636444,3.1411140873516676
FT0523,4.696301267127737,4.3368887901813835,4.358076101176321,3.5989554057893067,4.80476660204652,4.844791129410448,5.313758582750399,4.981909817663507,4.5881441272626455,5.2049732031181,5.168443323330873
FT0524,6.574054669915887,3.763924895316061,6.5973430619593865,6.286388221797505,6.294217561869717,5.9797397274253905,5.983113555220237,4.865448426012648,6.358279080576032,6.252933813818071,6.310388644451903
FT0525,4.553538206447987,4.486817038227381,4.5664890141931185,4.454019029368446,2.9892335412208895,4.514811249731232,4.455534848543044,,4.4688117402638685,4.563282358246166,4.503803037561793
FT0526,3.252966025792428,3.926791080398959,3.790589200861552,4.090449523431658,3.3928065403837646,3.1520371359952435,4.469808219952865,3.3618424250616155,3.3088662083933826,4.346972653366187,4.139767772483001
FT0527,4.824919871547147,4.795187400878594,4.790832473165207,4.691422812383869,4.627250021876607,4.570057587042341,4.539323036161511,4.085667764877542,4.764471853150715,4.680834400045062,4.646586372471162
FT0528,3.8296501310863604,3.820296159129981,3.6492097825707157,3.7509086072998206,3.351787602714846,3.1847725664572626,3.8123293641664078,3.4457022541208637,3.0333475324737766,3.0559161218074746,3.912953522982125
FT0529,3.0143339444755863,3.0676399479245595,3.4781705248472936,3.3438207769944057,3.3591007467153253,3.1178467417130022,3.1833120310676835,4.557519137391962,3.411487731986252,3.362822996228404,3.053508095605978
FT0530,3.3773928944426603,3.102389051565131,,4.074855768027765,3.3376177952585007,3.941738070642753,3.8620578418448814,3.958097723521192,3.922869453778096,3.919775620916942,
FT0531,3.2934006315350244,,2.6863186231419784,3.2272157122455454,3.077914918885877,3.858235795158445,3.5758861065752154,,2.7289086649825474,3.2858469258371388,3.206530974689979
FT0532,3.5013241608559547,3.012777426848134,3.4496806318996622,3.7991792766813437,3.8259895835213773,3.9303067336026922,4.023305866592485,,3.7923549228433373,3.85858656667236,3.8303213005405183
FT0533,3.798605687603603,3.0880737295911924,3.6067909504699047,3.747859861090544,3.773481269164052,3.3716020539040077,3.3730536752968643,,3.3293815006765897,3.3332472803731403,3.2635353427116667
FT0534,3.01205277477998,3.604580418753315,3.4594044180538033,3.1142438714123997,3.976258090931099,3.1572666767163313,3.6137274286949874,,3.9068712381293422,3.4445908771454357,4.599546825291642
FT0535,4.2810126098862415,4.577152435236639,2.723671076170822,4.208635325228601,4.3143687160964586,4.230902057088684,4.356703755269933,,4.047435667763925,4.532146485934029,4.869446712068571
FT0536,4.408883793737471,4.41205162408519,4.448490990843498,4.407043225806559,4.369745622483113,4.4210676861210825,4.471880703026667,3.8210525527496055,4.596543186462303,4.373542686928357,4.5544544851219575
FT0537,3.80080982426405,3.3972374855214347,3.6348607846301744,3.940470020098012,4.214425969964339,3.6637423908986038,3.582073375724558,4.5538817254566375,4.725566076887854,4.087872927963577,3.3692498316103547
FT0538,3.9927120893002135,3.8799538413292414,3.237029752791428,3.784634629305254,3.7968176272463947,3.5637069416230283,3.560515646408509,,3.252969850068116,3.7955356732026346,3.0542214619738117
FT0539,3.1839011451611645,3.0262591973195505,3.2426000064515845,4.1527806194922166,3.074220218752204,3.4411021510013615,3.198782686911548,3.289921503589044,3.2170175239140906,3.5420463932680994,2.962040244519783
FT0540,4.203986609082386,4.235080523659908,4.227933581855514,4.250532141528355,4.164336348625119,3.7343567105795095,3.995731635679054,4.877507935226143,4.460765309243682,4.394554443690346,4.484894047642538
FT0541,2.6297138319629143,2.6846063139055483,2.504395718569201,3.1302004535228227,3.934206156588199,,2.6625214508227053,,2.8355941180710653,3.0702102350384872,2.590160522343764
FT0542,3.0143885288032557,3.8521409861084726,4.216831836365608,5.1974112411166224,3.970364447797387,5.253998817444213,3.4434105369577686,,4.357525310989808,,3.9284479603190054
FT0543,4.453782065563386,3.4709453740033425,3.3645230222494775,3.9746637072217683,3.650484112043738,3.6331303982775354,4.151020865392979,3.6709282805588916,3.5792292143691506,3.615619417483351,3.288779981332725
FT0544,3.4383524535473,5.304584164337542,5.10160498426777,5.195657393063444,4.958118540135465,4.255206895441363,4.232102778185089,,3.525569373862575,4.289015555663117,4.311720483919774
FT0545,3.694893611395684,4.010333302685173,2.970365394091858,3.276331178012132,4.180464394833277,3.113934924800261,3.3047887207943116,3.6600178283085745,3.641848436336935,4.309352333392256,3.210799306042594
FT0546,4.38479552303547,5.4033371877549,5.259246207813946,4.909330778161099,4.014923488433654,4.681323183043749,4.482006690514565,,4.762818934803569,4.665525410545771,4.801468964197885
FT0547,3.4255344264666645,3.170363408364735,,3.190154098580644,3.2002768073549315,2.948125028835784,3.434338851023256,,3.3821102037522244,3.324272120511211,3.0530942230683884
FT0548,5.385839175461236,5.314471199174305,5.424925768224172,5.264865645424218,5.231554347856013,5.241121673068051,5.265132344251747,4.565230482041727,5.223293875610117,5.261510411758535,5.251401529891667
FT0549,4.211827885392152,3.111142668215342,4.2878490508001645,4.290223683732128,3.034217641666272,4.25417586972799,4.351907125345358,3.9657025279088365,4.323788329067996,4.428568312443227,4.305840693491321
FT0550,2.94143158460198,3.124192074204672,3.5728432882257573,3.85475045926702,3.8936769608277024,2.799507538883934,3.9094044270409487,,3.8857400704239997,3.842442695710095,3.764319847960795
FT0551,5.375080023054331,3.7420668932018706,3.5557484001239965,5.482985014168439,5.422968916070954,5.552197991142437,3.329241936888681,5.616700232404776,3.3519990319406494,3.885137949177891,5.598051758117209
FT0552,5.241337153838111,4.28735358886317,4.933145694435131,4.209287832765944,4.96776721082095,5.21191608016146,5.2178121405738604,3.2085894289274624,5.305122954848211,5.222501932337292,5.263007080507022
FT0553,3.8497635062229225,3.863638135065792,3.7902015239318114,4.0053525345625225,3.948742487705636,4.035700903674309,4.180471675469649,,4.190617946338727,4.194508177213236,4.051779704529695
FT0554,4.007444183838729,3.964269245298831,2.953877643543574,3.914421759260894,4.735633025430506,3.835016150389419,3.886042126205446,,3.807685200176406,3.872497997484998,3.765132681391971
FT0555,3.901718563572183,2.786621168659423,3.1138401271985816,3.6356424684591793,3.6673730906845963,3.2773091248856736,3.315898457064534,,3.3464095299887777,,3.230897337903212
FT0556,2.7810805508617027,2.6140537045978434,3.4671003719499653,3.1738899911416913,3.3531264408727712,3.7195268480281,3.5031074577384,3.3936516936712375,3.2076653279929657,3.7323256632973116,3.623602305454826
FT0557,3.077815474146689,3.0146260316732416,3.3493363420680065,3.241948166708571,3.45479606866323,3.216241586782458,3.6560221093270133,2.717202296789429,3.3999478023657046,3.600676181528384,3.123038330651728
FT0558,3.671530551983628,3.6497430947998932,3.588655181088864,4.005705502667554,3.433982080648437,3.8136396519467937,3.8335493317536584,3.96819492076253,4.058529666701856,4.329181568218899,4.183278254811164
FT0559,3.484596915175762,3.310818528816511,4.1063244998708965,3.653926408492279,3.7475336095505876,3.702563183822719,3.3558950893328774,,3.6722445144078075,3.7071042744436626,3.7477924093563137
FT0560,3.707882838449564,3.62760265798534,3.584438577091948,3.5462765190629217,3.477829632359315,3.637564416134573,3.504191950040264,3.3692862629101796,4.001669194313974,3.357332106102399,3.9739827321511347
FT0561,4.40425700266446,3.9451009324168798,3.8824347506827968,3.9579263063314913,4.212473175892273,3.895046427026657,4.069174695845737,3.8182848095654567,4.00318091800264,3.39034260428065,3.9845487411689824
FT0562,3.1259956810063754,3.9088731813945476,3.9217302786717982,2.607162072179319,3.698159038697849,4.043726044170376,4.222747144369885,3.4418709615285787,3.5328092079991364,4.177753414220716,3.2594660593486875
FT0563,3.6325022686785227,3.570711218112753,3.0197587357513505,2.819017449838384,3.9831076213162824,2.699802899833729,3.603937066750468,,2.908345105899523,3.7663900858909765,2.7725032056925007
FT0564,3.4278462056140206,3.3507925455737677,2.6767902917875994,3.3109010529000997,2.6410150988210854,2.583607872646122,5.881554151377127,4.284999907526769,,3.6002522675914053,2.734554304546531
FT0565,3.654675639877832,3.68935640915917,3.60254181459593,3.516386458989989,3.7333687042062302,3.4454215262125922,3.6738487010170306,3.4090827138039015,3.6030925729979217,3.4769224495158997,3.709936162177975
FT0566,4.264475103766022,3.595904626731684,4.360058687983945,4.029826675988918,3.965757826622992,3.0089096176152013,2.897015046029052,,2.668644807491869,4.021793674550032,3.4282907026789884
FT0567,3.4932294939189164,3.9780748549085603,3.6496376535366553,3.5802023036858217,3.3246516585710326,3.4215375735228992,3.7261043905596263,3.25009242639596,3.736727520038422,3.16404664350784,5.29871492788373
FT0568,3.1677331692579624,3.4060604639253107,4.087280804677028,3.599777958895282,3.4563699028754264,3.6951067362968226,3.721397393063541,3.353950181919676,3.7343021908188923,3.096824940804414,3.2755442702755975
FT0569,3.6697589247849858,2.9897100203112412,2.7045979431773137,3.5284901271330953,3.73324500549693,3.2123876061307532,3.1243675859577804,,3.271728606892563,3.29118979820883,3.25848959342598
FT0570,2.8066769951649904,3.000458902803152,2.310304491662357,3.0594771290672953,3.3929657954228127,2.964021672801927,3.4831663745034684,,3.480973343198868,3.455029656590662,2.9250593107540364
FT0571,4.017243254824654,3.520071004055602,4.027356217390749,3.8869512914428244,3.8106188392530003,3.9846642070378455,4.063956233411822,,3.7053870610735005,3.7823845635788906,3.7300657244210425
FT0572,4.046372391128169,4.148152770998547,3.60779908958889,3.89035469191636,3.975360378190663,,4.011478417491418,,4.4616439652843205,4.376207269849483,4.460183597402267
FT0573,3.402758216402105,3.0053702364516095,2.9274924459541998,3.4725995622215238,3.55210138838185,3.582966197320636,3.666835374435274,2.875338108232743,2.972149279349791,3.418244250538313,3.3258075241298144
FT0574,3.7674696800702536,3.2641150626373254,,4.907624132777775,3.527382213238701,3.508842296683427,2.8687321577634366,,3.2528047908557642,3.729369238994255,3.7261350758246827
FT0575,3.787693818766683,4.191825403670947,3.23934664215762,3.7954339098718894,3.663101950883381,3.4388456569466017,4.096838283288344,4.006277852937265,3.5631553013676758,4.403621599967962,3.7636261629294205
FT0576,3.0269759822484588,3.715677687333663,3.3243370361268565,3.179479669524767,3.2569405492848893,3.4115054593029828,4.487819729534628,4.259427287629807,3.259639150534904,3.3803070910118174,3.0170269616573786
FT0577,2.8235531120742046,3.4183409098449284,3.590529375188196,3.4586292624325536,3.5029809405192798,3.635186692172556,3.185884549847622,,3.3518525718604297,,3.739726665548753
FT0578,3.4792572411463105,4.460812874452275,2.8694688169113505,3.9248809767877675,2.949629366116163,2.814876241715907,3.1437677324546804,,3.661877712480114,2.8280465689802643,3.2727238741380047
FT0579,4.2612164465566895,5.241564246714439,2.6260008035368316,4.227864123721106,4.827959090970397,4.91139363786906,4.13143963257215,,5.030447478103604,4.578673183334453,4.7353843709814205
FT0580,4.198760539961167,3.2082925893750915,4.366943631555595,3.1255022484038704,4.4438363739273,3.20950925512236,4.444357108945097,3.2518941816477946,4.405728556081707,4.436447377469284,4.586503191791324
FT0581,3.4711400639053305,3.349752191159317,3.8275547452186953,3.5035098504903694,3.51949405747041,3.5484574668510422,3.1944510320092583,,2.8794271812920322,3.3983392158086607,2.7091011202285253
FT0582,5.533176998417849,5.757739361486038,5.5442654041692885,5.7469668589288645,5.648012763020087,5.794611136960936,5.663935896551688,5.469534820848377,5.463103718270588,5.6566942729018255,5.6670349465950345
FT0583,3.5567634894039384,2.8206352013685123,2.612760880660661,3.377552169509109,3.3296033238865457,3.415016623958142,3.0091767645480245,,3.41192147766263,3.3479147683962527,3.480362133621223
FT0584,3.3991834902381584,,,3.6619042041278242,3.8295455349376173,3.14744047494764,4.587677181830923,3.98030311573156,,3.7531184355340286,3.187359201659865
FT0585,4.018472255276621,5.0534678389561725,5.152330376928698,3.9670703454724734,3.851251265098198,4.210536655553602,4.532617945682478,3.784218156114455,4.500311738809421,4.548244475754772,4.687449184336484
FT0586,4.359040512808238,4.266009867411106,4.179062176211736,3.9096958202318524,3.907887059870115,3.8176479855250864,3.8097562020409472,3.7523280697599604,4.135806721921666,3.9159404942553606,3.8964087557870983
FT0587,3.575807347285419,3.6020140151707203,3.514737005019611,3.3150946895647015,3.2011164719957894,3.1319103473096574,3.379909384426783,,3.5198805285534474,3.9634582481286613,3.414298301066895
FT0588,4.3988254443246095,4.323359938506193,4.112469790660639,3.699203625801686,4.15233630307265,4.365488473681615,3.4297525238894546,,4.04193915806661,3.2950615560473766,3.8693914982834055
FT0589,3.9824215446232136,3.884286852545687,3.9071968795464924,3.4421422040062764,3.7411936740785112,3.12812285918896,4.049753721118799,4.258070019839041,3.724369373607466,4.372795703012437,3.9069816083218885
FT0590,3.605080431226188,3.1552143012307137,3.608224444234933,3.6909477228218885,3.5446362600768118,3.2452815652122893,3.832417456967597,,3.894767459499374,3.3627348843357687,2.8498266252839746
FT0591,3.963206922582386,3.367751458905182,3.102611509064397,3.3937959167180165,2.5625719709492127,3.2576812600591905,3.5438681664204474,3.431498815025573,3.337125944092421,2.9349687700409106,3.298304465280248
FT0592,3.0800596313581456,3.116363688068433,3.2580813070304426,3.198280637995577,3.0655033988768636,3.0414884333775873,3.311695487011465,3.88259958372971,3.410469840799684,2.926511067226332,2.894459928732001
FT0593,3.301451960127754,2.679536270884611,3.297916877051957,3.654202306253572,3.1912574797445785,4.513515392778106,,,3.2435649587052664,2.972937578111667,3.520024149215396
FT0594,3.98403301068826,4.000714587878124,3.929504419941496,3.703918400777872,3.3342222970813142,3.5677002733563516,3.581498712889288,3.8829742174372073,4.008867139696442,3.5023905015711607,3.454365165363968
FT0595,3.494320112046569,3.880813913736517,3.004943417919987,4.067349350664967,3.7406154614154645,3.837494746245559,3.815026333923468,,3.909743377057516,3.84783239576728,3.9288625855473622
FT0596,3.165384538208675,,3.496593879851742,3.5116316620001093,3.236949508640496,3.6827467527241255,3.6079183730280766,3.3851090772504193,,3.331920318220757,2.718622690525125
FT0597,3.415183528693538,3.6268573611247437,3.5460455894254195,3.4619564141040216,3.3049806031339037,3.468832425007841,3.6265069360930653,,3.897238500574004,3.3264296225319687,3.2873778875866533
FT0598,3.619867332377494,3.5381177707826494,3.5966836414887253,3.4688146586303183,3.9852872873954803,3.884967840486965,,,,3.820986962784821,3.9821466311738183
FT0599,3.8703584989842317,3.8141610708754747,4.092313790723316,3.8498810045643763,3.9503864830960698,4.024126178967742,3.8166647060571837,,3.7076033925173064,3.649931125192506,4.1478438035453395
FT0600,3.9122712462914855,2.8831267582631726,3.1902172789283783,4.015316585270106,3.8051767985940725,3.7835964486945652,3.059544901870096,,2.9512548293011314,3.8909525940240193,3.8225848243700957
FT0601,6.661082653842924,6.642725593921773,6.584710319037018,6.477106675440621,6.4208865089340215,6.313772323661954,6.416682374672755,4.877293666436538,6.444875675742041,6.3698639977298654,6.362316470257163
FT0602,3.1306479584394005,3.2690297745492023,3.044719591225115,4.315238610026337,2.768261631028117,4.585381786324475,,,3.057303240196465,3.522107326124139,3.0575400894619698
FT0603,2.5526289748951627,3.2437821603698493,3.1363659040258054,3.0845378615384025,3.257519686459809,3.210104279088051,,,,3.2731430515639084,
FT0604,3.850677727369797,3.4942560393707636,3.6913796168914996,3.9672854798124635,3.7523916986296624,3.2361169640305247,3.867602763625959,3.4165248488721813,3.956128510610393,2.978524649939054,2.9198548762395387
FT0605,3.129455065289053,3.993264216906347,3.916956210056046,3.8713485464535164,3.852244186359169,3.9232735138903116,3.0606338171315906,,3.9876084662540072,4.043709621936373,3.965216214456688
FT0606,4.849370814106408,4.813512614507057,4.78873972652953,4.505434855596256,4.435225321307753,4.407727482786275,4.453037075111917,4.6596970051684306,4.563293030433388,3.847890856230551,4.415387988105675
FT0607,3.098488968386309,3.1915665156976725,3.3226564502699856,3.1899048816417648,3.203735621986899,3.321418417469466,3.3252693613504545,3.3611917523962656,4.08467918198596,3.3859097261377364,3.0711614722769722
FT0608,4.448548872418911,4.370293632716852,4.17320870929184,,,4.016852748658268,3.834445920451051,,,4.117750635712189,4.149392841764766
FT0609,2.7953047725569453,2.207525975177827,2.842857843566118,3.0976274629706735,,3.267581605857246,3.029757852079541,,2.8322667229980785,3.3476607938605762,3.3640332774418282
FT0610,2.6988985836267667,,3.8245903839585793,3.1606404446384726,3.254933801281324,3.3637666645608624,,3.6356959888643825,3.430909500096293,3.038765694767781,4.022085866938774
FT0611,6.659804425700332,6.069530104060171,6.018011307030997,5.65806796060128,5.72627819595288,5.463768802301402,5.528140812670044,3.8452351534316205,5.391270240702828,5.13502975073814,5.344486683012335
FT0612,3.1788290179681593,3.227350995761923,4.255326942152403,3.0285715089373615,3.9872210853265537,3.1986422189651247,3.951193983179455,,2.8954379418368927,3.846570416845214,3.373226092018796
FT0613,3.9283066763681567,3.942570261368128,4.054850662595989,3.049312623031105,,4.250619253148715,,,4.362337391297098,3.525446464754293,3.7100653445410128
FT0614,4.527337808970866,4.530842457541515,3.897195746504498,4.205708425451203,4.230813423988809,4.125202399777981,3.609907684783891,3.0536115068823078,4.226847743612922,4.061730814269224,4.060735382432051
FT0615,4.12629096710743,4.47124696386347,3.340337000275788,4.202713987402051,4.794416548847961,3.8992777212025818,4.769964538779952,4.644261662273157,3.628221908344781,4.754780202418659,4.698902546054617
FT0616,4.445933370567975,4.3314370576751315,3.591330653685413,4.397550390991635,3.66358760621366,4.4457922552389855,4.435446141409152,,4.540580849566491,4.593371297396015,4.441455385696898
FT0617,3.737654636823303,3.784565294326394,3.754607133840572,3.654752625176594,3.8122028966896773,3.920418976681337,3.9501162305753503,3.3914665415628473,3.690036039383514,3.9684724606549246,3.8206044664394083
FT0618,3.016134558437246,3.182509553260261,2.940098596322025,3.5124872919250985,2.6911278066194604,,3.41716926274924,3.5062491114194674,3.5369482686891436,3.4862880548086235,2.8344064252584724
FT0619,4.079604047366472,3.309055192707012,4.62124378705196,2.9658010904399146,3.6470489145965743,3.469032726674564,3.736731694734399,3.2958713462112215,3.8476996506357275,3.7464357238706465,4.086501530939163
FT0620,2.706864576034839,3.6540754851476454,3.193121838900076,3.6513086114625826,3.551443633311343,3.645462194763286,2.8915388388698275,,3.9770275111365,3.214945117271845,3.116380754848244
FT0621,3.5777766537895257,3.888692856002533,4.278983097510019,3.8349820857226273,4.541700567012173,3.62365096677488,3.634585541898234,3.906793565650131,3.7314385446619798,3.920699446783855,3.6875844587664313
FT0622,2.780095467600197,2.839094704377581,4.071948611856097,3.1827649567384833,3.9575980165211937,3.598790366024695,4.4349078874889205,,2.97206247705545,3.189922096154726,2.957124704413339
FT0623,3.790716163558361,3.771902875555808,,2.7154857299064723,3.818770215816434,3.9844155355616464,4.028357642388559,3.523951458517514,3.875267955507513,,3.9179413566561396
FT0624,2.970974937774439,3.0513664342121856,3.341416861412989,3.1649731811228157,3.2520353002681834,3.3061797427344026,3.3841107278184444,3.9524333353009036,3.265114477816299,3.295495376723955,3.005523519572823
FT0625,3.3460859867511252,4.166676309958211,3.3847873662984354,4.274349963763981,4.327616601455091,3.4795291810372113,3.456894137557263,3.239328115828525,3.898092005487491,4.33697614617434,4.459301553024519
FT0626,3.999928835561092,3.9727410784956296,4.4893399520882085,3.726140614350255,3.4212030333907646,4.335095278165329,4.21983275020057,,3.803477766708663,4.303461265209134,4.392295108061305
FT0627,2.9808955544554254,2.893744382870068,2.9780536723496818,3.4460964518446313,3.797107724084216,3.4569248928313883,,,3.978732917386133,3.9203472392595096,2.9673870727704483
FT0628,3.8446397462428146,3.4911934742589645,3.7996763396823274,3.9020894707341296,4.115138651378884,4.9141655759245175,3.9808288779952,,3.9819630006153783,4.78136904104289,3.9147857720824395
FT0629,3.15784989935399,3.1212528358932583,2.8494140757457638,2.965171146852324,2.970822104646944,2.8512399709783285,3.984354526957786,3.494846663254813,3.1787447021859228,2.6503651381100264,2.843738970696877
FT0630,4.394691809419257,4.576900460095644,4.725789819585119,3.862582950518306,4.631366433151293,3.456558115581385,4.50673214375305,3.636233778746982,4.779548136842969,4.859156339594766,4.879444433236844
FT0631,4.379999276650252,2.625276499836484,3.4637691990363666,4.448846207363175,5.643545489379619,3.3920529637592503,5.725557333446934,4.608379844236897,3.635919191323654,5.666709609040303,5.616365959988489
FT0632,4.927343626107693,4.868470664171234,5.032613071029289,5.002936827524113,4.966720988461669,5.01678520541618,5.0933980768410105,5.715219183936407,4.990713295173592,5.165811935951875,5.02446175426093
FT0633,3.609007322002789,4.059461752098666,3.4227221241239953,3.0251524693810214,3.7300296195104776,3.709081617437618,4.271582200336228,,3.86912323002868,3.4878603803941104,2.682787369476096
FT0634,4.168436278604567,3.946728388172642,3.704169875735223,3.9340530806837957,3.8161665744278657,3.457673012767962,4.057893969275215,3.811229639321188,2.9836567039694706,3.1687680683503725,3.6822438576884275
FT0635,3.2106896395361906,2.9671272381815488,2.814508073298672,2.9523760811280217,3.1457634354918516,2.8939998114796177,2.896376547522359,3.443660807729027,2.9177613808544822,3.180700477814918,2.979997619729143
FT0636,2.937531565783647,4.498674300953289,,3.8638159694102927,3.066685147568692,2.983053387293999,3.721967897703193,2.955901633957449,3.3272700660216907,3.374974991198505,3.0849289536118616
FT0637,3.7087136644859005,3.603671220381079,3.358763796859131,3.7480806145972334,3.777833173050537,3.412847602883472,3.6144950612054374,3.483055734101761,3.9514293668110803,3.861474044577496,3.8950774484411372
FT0638,4.605818821127681,3.449815091637044,4.511806189073267,4.43768046877992,4.448461734139338,4.463425651236145,3.9307110288140588,3.5504062756528296,4.351948598535119,,3.0750247342392263
FT0639,4.458536916789255,4.4519564979297215,4.393358312895502,4.143010070798791,2.9458076923192054,4.114185453367419,4.101016863041927,3.6833505869516134,4.073174927157877,4.18035012756614,4.072114270916644
FT0640,3.649517014656724,3.5274255806090884,4.08026119904773,4.033354580890293,3.977707733307785,4.047238805045923,3.4108909708060318,3.569987748188,4.026079261941954,3.551129537144084,3.7995578776741477
FT0641,3.3749573460541193,3.5784695142904757,3.3512329879392704,3.3442180831231902,3.383089001074276,2.855533088018816,3.182350370643624,,3.318917227529385,3.3625395650854304,3.398368545058975
FT0642,4.187999698358231,3.517500508389408,3.3555029381771813,4.092229369904799,3.7508758296055875,3.583815573212934,3.8010897015103806,3.72347841379386,3.829388275057786,3.8660258070401636,3.2587116457236025
FT0643,4.303692224358525,4.282992289975034,4.249889662166526,4.340659724938502,3.7662968257449987,4.550125128165691,4.446636820586535,3.8728188200641105,4.273264577531818,4.200276777318847,4.221389604259281
FT0644,3.9790866341072784,4.000030899105042,3.896219419523452,4.01850384901908,3.8888820194470046,3.9634719101304534,4.288524244396259,3.843075260463929,4.427208601355566,4.305053796091638,4.0105242038108235
FT0645,3.1472642561746347,3.0227698406458523,3.140640154136945,3.244411561868105,3.194299300449282,3.464111290021506,,,3.198184491835013,,3.138697752086162
FT0646,7.150940258195257,7.124533155000687,7.184883711452245,7.193561303147056,4.424681615525121,4.45196058843681,7.210274776056819,6.750652886707183,4.400962342790021,3.1525849679799927,3.2210167006159334
FT0647,4.61807554499123,4.5785359313217535,4.745643682037458,4.518609561012586,4.4093609118779105,4.4653147940427464,4.420234572257261,,,4.531277987076418,4.5691058944849265
FT0648,4.646604161860187,4.4330809783696115,4.384251293086058,4.146633807261414,4.194386245038759,4.065535855192981,3.991182077991525,,3.936658150109648,3.7815279771180896,3.9203225916772415
FT0649,4.502196669058342,2.3654112999613015,4.424274240439694,3.091930812866302,4.331486177325363,3.780248911148194,2.5354282539288415,,4.657981754657545,4.495241567233982,3.6093708380387506
FT0650,4.260306734610454,4.308732632447808,2.8789200470658347,4.19476557497917,4.183936558900366,4.304785237059317,4.332872088040924,4.225256569414871,4.566366131122563,4.306685656803983,4.302303141730808
FT0651,3.1282315264687104,3.1406042709504556,4.4079851387774305,3.285834030086378,7.170454815444833,7.2217809173040814,4.387166335102101,3.952821329376588,7.151103152195096,7.22680267301976,7.1768274325593255
FT0652,2.644569123276699,3.350744357295202,,2.755869906196922,,3.256207687590061,2.8218986196735534,,3.8981201103873695,2.9836776468542805,4.363065951911325
FT0653,4.370876848313181,3.287322800101863,3.1468261916596156,3.129190227517417,3.2012322125713997,3.2149493837182157,3.129187297452423,,,3.0257501960572966,3.247204454339084
FT0654,3.466756853389654,3.855776045030245,3.5124369338758448,3.4118477319643126,3.55124594525214,3.1655100185842504,3.357593171560853,3.873155751284842,3.570872743160208,,3.466609043335216
FT0655,2.9774266910829263,3.1226664404791546,3.4519981407996023,3.240665576458986,3.319733382229018,3.212935275088809,3.7102871416437546,2.9606389302507026,3.4268533359722997,3.3540420677042833,2.998556364677604
FT0656,4.5933304132121116,4.136287066590091,3.11503479403612,3.9392096331608215,3.436109714207137,4.336898067012183,4.306480998352727,3.321207697231152,3.80924685027933,3.629757786793705,3.1978627398552546
FT0657,2.9295353303141463,2.817099602675934,2.8253898078959194,3.561096064552955,3.1116728684335233,,,,3.528050676733423,3.0182080446985817,2.9558313062318238
FT0658,4.438853538337949,4.493648635343076,4.369586774915825,4.278229699802544,4.259058423686333,4.240060517344818,3.634001334937451,,4.351093678232495,4.207190086212042,4.370367426227546
FT0659,3.2762365047760604,3.322102565255654,3.3780567347693444,3.1490956381112643,3.249086929904203,3.4482844192318303,3.4156025992432144,3.0514338981528137,2.822521244998977,3.1316691384662647,3.484134882591063
FT0660,3.5792576495386546,3.1700579955789463,3.8382487377081698,4.673478271511939,4.595281839137935,4.50324881056469,4.421850207961096,3.715124149890562,4.224709611553524,3.103180563681541,4.481634983884183
FT0661,4.1578513176714464,4.050076477137764,4.003650746787961,3.9050291602306992,3.2937623115347137,4.06782536073997,,,4.11584112591304,3.8457020174940646,3.7512080093269553
FT0662,2.700731675655132,2.8151094699846313,3.3832777256899056,4.286767198445969,3.223324407362964,,,,2.991557570959921,3.2465638701634933,2.639378373783239
FT0663,3.5966549000738017,3.1639573104314835,3.532100262827609,3.5411594345582578,3.490758504468446,3.475595183110214,3.028078925179549,3.341869957440199,3.354870070499814,3.4719179532942817,2.9997989960686517
FT0664,3.8695146360945323,4.053434855085673,4.0570197575909654,4.138879339711625,3.9794395496023602,3.803140707428539,4.026453995130288,,4.193972185396768,4.075269065260533,4.210156923864326
FT0665,3.6053755446984095,3.5317574995054564,2.987321536566685,3.2299888851108562,3.6378733293990693,2.942230386502968,3.4417484753380894,3.3121753723211387,3.8872032623693746,3.0601195878397656,3.1510728154389476
FT0666,2.9985432016890203,3.3692830075167253,3.458375252636708,3.3649638659367476,3.8981036849475132,3.588743867889518,3.3981936591747406,3.283699116339423,3.078349288082513,3.0960735349576525,3.583381301351498
FT0667,4.616357701369658,4.711470432420551,4.591178977854821,3.8175432744104523,4.356847221825614,3.1972688341838196,4.129574747914193,,4.428310577204719,4.282410537740048,4.349224488695202
FT0668,4.4559847807214,4.886950380039837,4.700529445963931,3.3551811050492164,4.263836210570068,3.904792564977161,3.8874790978284084,2.8193326409967323,3.4201980117098105,2.918040927392224,4.578110126796948
FT0669,2.953609877368779,2.8490689142580403,2.8877316783133393,2.861867556315248,3.2393351404099895,2.9410830557715983,2.8707449700921246,,3.1277471340044736,3.527186018505325,3.4161270925750307
FT0670,3.955453426094618,3.4557502603913615,2.996593705494835,3.8449232083684235,4.010831283842093,4.18573286601305,4.106493556945674,3.845006815191676,3.9144219774309787,3.7655944190559887,3.7959353430840332
FT0671,3.643295190567467,3.572893650493774,3.6562627255781472,3.9440319359705716,3.994158339010241,3.6866111189310993,3.84469528393597,3.722614132455649,3.595672999419785,3.236067133246993,3.905879120360131
FT0672,3.074842951186732,3.5832601438490155,3.622316909034062,3.463804262841581,,3.8618896854439946,3.3468696581701463,,3.879038804139729,3.650559516486318,3.14040046789713
FT0673,3.8639221161971244,3.8744384870810182,3.7916928685339997,3.0905092425447056,3.524548908467619,3.7418553562326613,3.6659496382309738,3.501969211543696,3.487968337013481,3.7584537352854652,3.795561162261176
FT0674,4.638604555151933,5.08515933112512,4.86140560066413,4.4481285717273,4.421015350430577,4.176478963253684,4.283911802966582,3.8154077356285634,3.646988795689424,4.270085862201437,2.890629114836964
FT0675,5.001892835398644,4.98760709617639,4.857336131699821,4.8006404963057285,4.819843240507402,4.841003940838875,4.844173841514479,4.413382313815777,4.998642262341898,4.917071831986019,4.9304326403322625
FT0676,4.574142295569741,4.48836251026243,4.621458709775395,4.375344032477905,4.338327050476823,4.311858853514457,4.448149779402861,3.3503022368031363,4.591657857034148,4.3947002181783255,4.4407856657453575
FT0677,3.560759463600343,3.0255701189888264,3.4341181097468114,,,,3.1917889888296713,,3.467226219109288,3.4264996632072977,2.7713350095529576
FT0678,4.059920996255444,3.6684352268876452,3.698487530020349,,3.4014807291429268,3.1678376489729008,3.281566069747143,,3.1972274445831252,,
FT0679,4.654862021792342,4.579869320996588,4.5451604124286265,4.500334241251199,4.42730353204153,3.1773705759879465,4.53498305266705,,4.529344548184625,4.567971931023873,
FT0680,3.0328587776798694,4.68270552644832,4.024757951881036,4.424420790515661,3.3574072769096563,3.7074679714952468,3.7336869356076865,4.205089589191682,3.7561165850810645,3.758274588890726,4.239816247174642
FT0681,,3.598979398070289,,3.203929263564886,3.5468370402622544,3.406509000075815,3.794075583334678,3.699530075201876,3.9852138301412,3.5809453328857495,3.672266922784675
FT0682,4.08431383047994,4.195864381229218,4.074337089681536,3.1471829460588805,3.5943121161911957,3.864470929887489,3.8452277022869294,,3.4859543337986163,3.6399662741354666,3.693549566590964
FT0683,4.7614307535554055,4.751609996923576,4.747468096861616,4.6247002315806345,4.60142546922616,4.557797245689254,4.541978046425477,4.190281956101675,4.688506945962937,4.673430379283054,4.675934912845564
FT0684,3.149311126905289,3.0310998689034965,2.772262800372108,3.188467188486935,2.9615829275415955,3.1700512318240675,3.1969843082107556,,,2.8669946840470932,2.9559314177459974
FT0685,2.870160451232398,2.740581632074989,3.163635453852322,3.0654287307468264,3.1157507842468037,3.266770769005571,3.317362611077676,3.3509258093754086,2.8199194377618175,3.1397309224128738,3.003032786599055
FT0686,3.5619716946198445,3.7715845210352943,3.546974191045185,3.694191837100567,4.132244649624999,3.3201176541504784,3.8176776857097585,3.9149787316236693,3.8422918080327104,3.7925193005887414,4.253462819326882
FT0687,5.115251564702134,5.212498909013663,5.2055732199498586,5.33275797952357,5.209475878631286,5.282859593215739,4.534095730635164,4.546762407317523,5.198410951416923,4.766779960957737,5.07756075004005
FT0688,4.483153246307431,4.2692480359086336,4.2811769564607465,4.253016682074723,4.213274644732853,4.168131861055418,3.9195866578669083,3.714816330935424,4.313179954350358,4.065384850670883,3.694126057479651
FT0689,3.9779965968125746,3.805642494820167,3.874019597800644,,3.8644114535637266,3.9886221223175324,3.9864919468112574,,3.5509972989833245,4.037101508948995,3.9712167688399767
FT0690,4.121304907740395,4.109581568706985,4.211954163777921,4.079161415690743,4.747313272768623,3.7458229829204157,3.906871175835811,4.82185100518433,4.317579545485997,4.368885814278896,4.2784946746083605
FT0691,3.418943305899298,3.7064051719671847,,3.3857972151518463,2.8618953525231254,3.1670223321100432,,3.227196448392024,2.7746420471013464,,3.304390610515799
FT0692,3.627135591707442,3.075776028059549,4.081718505952129,,3.598896684356874,,3.5961362164321145,3.8913659274435823,3.5569418582446635,3.5113102909891336,4.4741580958210845
FT0693,3.1215112853895683,3.682496466252536,2.855771905517982,3.1930335514115287,4.160315614208562,3.7428058060693585,3.0601335603244877,,3.244147888912746,2.6972961766083574,4.108865141345869
FT0694,2.555874656353622,3.841910027088632,3.6415596461322277,3.6537432215377965,4.03180364461472,3.7697274356027957,2.9800749380827174,,3.7025888622132386,3.586199601810147,2.8074973730158046
FT0695,3.7192147427301596,3.9094297595107768,3.6212457340331135,3.5840261756032845,3.4269276326118367,3.6446265140313647,3.096161323097524,3.4731426425367395,3.58167412356242,3.639634613440702,3.3253322231377425
FT0696,4.437693377764378,4.456328850351394,4.527684808560046,3.32940766785957,4.3539837092998335,3.247483021388214,4.241608718657162,3.0478025965254876,3.288923310067466,3.938394478042262,2.9748841633952012
FT0697,3.838214880529424,3.6326543953445247,4.069856215176363,3.4702057827259187,3.4583499621548195,3.530697686989294,3.9793513162533976,3.942501397824564,4.244963823825092,3.9958437123491914,3.950424387948922
FT0698,2.7387941778451568,3.34964924587812,2.9804965487513253,4.162283054357493,3.1458869286275104,4.442433089049354,3.502037317477444,,4.082926116762228,3.3185174640674995,3.892279878166588
FT0699,3.906764855004631,4.297947394664617,4.200896344006762,3.7802165175055995,3.8546742087783863,3.7888635762833074,3.8703286663342658,3.8090304361347918,3.862583310250071,3.7723019651919554,3.9337108169280497
FT0700,5.3171718864866255,5.268796241899615,5.287038856614276,5.128559396354415,5.171099890276016,5.187363980106893,5.145173399933595,4.471010674892103,5.145964748805171,5.226456985337452,5.1369438617598036
FT0701,4.836698595224469,4.889078070757165,4.851168338860062,4.8005937434955905,4.794169744593197,4.734135172501611,4.767978737068084,3.9722597847719237,4.922799755721237,4.864738435580287,4.814833675194902
FT0702,3.8480407321409587,,3.0780627457883196,,3.4914018610618256,,3.3708986877993867,3.540765064717821,3.4188048139577796,3.7947359387251907,3.461121468628188
FT0703,4.414543083866288,4.90132085907275,4.629468049608396,4.6167818519946096,4.162714868369343,4.493397310053046,3.9445574311351224,3.9794243725350578,4.332849595058898,3.9449143991297984,4.6658648180871465
FT0704,3.2964192027681682,,2.8311238784193957,3.1132881453919605,3.7853777999628186,3.075552085792978,2.91369020896731,3.2886648537240624,2.798944196505941,,2.511700468137081
FT0705,3.8995176385567616,3.870027665067836,3.6255952473235245,3.860980928327149,3.754517705177741,3.364773578467359,3.610405362909795,,3.5356636472017953,3.608863888829519,
FT0706,3.378251452180832,2.835631752787119,3.0682905401332885,,3.3598454339287427,4.39854272153358,,3.645300055876641,3.312780067960019,3.1213863340230183,4.540079613859366
FT0707,3.740742903135642,4.167308464822603,3.3976496062176538,3.5624849739502533,3.340426721558943,3.213517195410093,3.4764505146516136,3.125460025463036,2.615130835414533,3.7723031711254777,3.1646070855608257
FT0708,3.720679693939648,3.4999245863331336,3.821978021422767,3.53124376058385,3.271406612727008,3.6761846958879745,3.150744459194664,3.059136445890915,3.074176335724472,4.115699093077765,3.474470300389593
FT0709,4.271618261317509,3.859701740315906,3.806935663307902,3.5615453203717697,3.4687785196560506,3.2056361788716212,,,,2.84484940157378,2.678469600500796
FT0710,3.5205307629415232,3.395535707300077,3.931561301520267,3.870620780079771,3.500430807158823,3.4232434840370796,3.8787976575715417,3.601245763577792,3.8398733515860584,3.6555116845167466,4.082480533879857
FT0711,3.4426110283202,3.20830290008643,3.3366857127907323,2.947044984076175,4.521402376446359,2.808719584260785,3.3427646134849867,3.589451145888854,3.436254692353642,2.9451097438843323,3.358070072628732
FT0712,3.3276571916172166,2.975300812217744,3.201000069526115,2.9726946453529544,2.7858013813701876,,3.455782023066815,,,,2.9049973214356775
FT0713,4.4281451264802625,4.797801422092865,4.5455660661682105,4.369742292491648,4.440836179318958,4.241517875263172,3.829097668486606,4.711896061967257,4.522661377073182,4.366902889624452,4.437214389495315
FT0714,4.463418611072649,4.567507023198292,5.282009977466944,4.470998129568181,4.476396520307364,4.333709966335523,4.59028041879195,5.1859901516513744,4.525737073348919,4.60693498229636,4.5086779334684035
FT0715,4.592082320895724,5.0271780548910545,4.85921417493428,4.473906937142462,3.7524273441755254,3.6156154582162934,4.415295519172943,3.473168244701964,4.385405829479889,4.24243188588806,3.7697109933004502
FT0716,5.287424606799057,5.359512263649588,4.465678479178066,5.346639566676978,5.294460699653407,5.3134222169338985,5.485398689753078,4.4549119414776115,5.286595158920134,5.4057687641789745,5.354384096563346
FT0717,,2.996109701678359,3.2971559391446252,2.7871722538526704,3.140452465809437,2.90049416697262,2.844352867197268,,,2.8552505236548096,3.1864927139618997
FT0718,5.340716625027365,5.737606568118405,5.6217884864233145,5.444011425638192,5.399961312162766,5.314682780361085,5.361191595942222,5.681547843221352,4.62570039864302,5.290867613551159,5.435539502015015
FT0719,4.15241345637968,3.51464676738999,3.7789652443104775,3.116750376722202,3.3883565453785476,3.7511546093031605,3.363201054403093,4.359682555966309,4.285657997481527,3.399928126117246,3.2799704998091803
FT0720,3.3594616653164353,3.529725172272297,3.355626505219888,3.190023440476816,3.32799698022217,3.159752817500608,3.3280057503926552,,2.7530468723787194,3.374336927445376,2.9664713621226317
FT0721,3.393965111936939,3.64605859930659,4.246276957646983,3.3910434812460655,4.179236137261441,3.7067185681825086,3.93636502076707,3.0963443124169507,3.743243129192932,3.9102315137678016,3.4278950568751894
FT0722,3.988352202401334,3.174262931122277,2.7399068043603236,3.845049090067116,3.608422526620451,3.8192868977826255,3.751357208062218,,4.16663188220746,3.7156197364633083,2.990305919188674
FT0723,4.378027921578466,4.324240283623846,4.209366190274663,3.9870657853264997,3.9373410868736394,3.916573455108023,3.820245574225079,2.9836426060229755,3.7867826952792085,3.8805542263942017,3.93463793693411
FT0724,3.7963023539624214,3.3040398253744514,3.574646504780454,2.7796395968149517,3.429643266054519,3.893046569123281,3.9241596335171547,,3.971137401806497,4.087848114774995,3.2670133308453986
FT0725,4.111643182785585,3.338380961473707,3.6102286375104953,3.6001286991261696,4.28917905912522,3.8108896852503884,4.087938317759262,3.988049255282321,3.2505450740769635,3.5486622834712875,4.220709246812924
FT0726,3.9055315044361927,3.3654698547034783,3.2530188240433158,,,3.1349346786045733,,4.345446765692744,4.0253592721578375,4.040994288697117,3.8570344995141848
FT0727,3.7449264893242473,3.8419194893398796,2.2328875953917673,4.065370358144199,3.3324226155184142,3.367729742740914,3.3150854697530208,4.1181238882468545,3.4403151347248357,4.005773539511801,3.3178475824161047
FT0728,3.874873868119487,3.9822908724714114,3.9308423026268606,3.677143139685789,3.7220974518963903,2.8488912698813578,3.427591941273412,4.064785146427299,3.9299515633913256,3.5764795254838053,3.83035932387419
FT0729,4.100652460150796,4.124461378846329,4.0978870226437785,3.8244985269564635,3.8403946023558193,3.6493707520689997,,,3.7713804954541685,2.992372577191415,3.887251390754665
FT0730,3.1971727339135794,2.759290399738082,3.2736776843695368,2.763676240069137,3.3115072145179623,3.3710562254856953,2.907810082441053,3.323652844761844,3.460691146536791,2.968103986266581,3.603949665095872
FT0731,2.7966701702687495,3.507512582355424,3.439421001745462,3.905466754743132,3.342094238690155,3.4436183181387228,3.482175852703461,3.2688887461116445,3.538912725958922,2.964067857916009,2.6675348443391935
FT0732,5.579256158079931,,5.27769991637198,4.110808033107855,2.6907817552105637,4.895369425553423,5.274189646695868,3.4016055468137183,5.376066789875165,5.320963466352837,5.48004146403213
FT0733,5.101842495150066,5.449270642681359,5.62174733539022,,2.971771001857375,2.8519322869127013,3.1432309868074126,5.059058542283889,3.1064590286606424,,5.403878316376559
FT0734,,3.6385815030682496,4.734385863132339,3.8857792223383116,3.796508501390866,3.908439126462606,3.988357122190469,3.948912131925659,3.7565124454868233,,2.7376613345842666
FT0735,2.896242990322696,4.940235658183134,3.018556736915916,4.642060150322296,4.686807704585887,4.638116277794976,4.696050383670711,4.612676717115834,4.65049145831421,4.52692982214612,4.667397721870766
FT0736,,3.6347874507239593,3.632363318795504,4.125097894877585,4.055295534813461,4.305860268061171,4.346702183428006,,4.175518119217039,4.273623820316564,4.241455350445688
FT0737,5.740811681503376,3.495759507373945,5.352664588046115,5.498683148337946,5.524514231319753,5.1366130288730165,5.446938731344616,3.724291174846775,5.48083823850077,5.501479301270659,5.701161766992788
FT0738,5.297851531530046,5.7450960765511,5.353692235813116,5.254233277792368,5.246208981711091,4.884800866316383,4.960346880193017,5.263322370841037,5.3614317138202034,2.886812775752509,5.014412433817842
FT0739,3.620033259268823,3.8293136156903542,3.272756697506167,3.638808857168386,3.4386952728134372,3.550523567182433,,,2.9449969574784096,2.9788336525213484,2.8302850649645
FT0740,4.805016454970844,4.801352575513131,4.799830412737648,4.595530842530551,4.435373159189545,4.426164045334538,4.419708528293906,4.671652993122006,4.503047400689285,4.549143746307516,4.543971140208461
FT0741,3.746206463910108,2.8899579379217086,2.989436726865728,,3.260178990385824,4.1318897946386635,3.606343593988512,,3.552160918982073,4.054637580978609,2.8710198787271586
FT0742,3.7944392452835105,4.199795498561252,3.9676912521621714,5.518516829936216,5.310945167420162,3.4128316183996743,3.1454947072624013,5.015385267474725,3.774690075873405,3.413383013836693,3.4350217809297785
FT0743,3.7820861846759417,4.398904048688512,4.42138669911628,3.6635633458063706,3.9956361736105572,,2.8021104127356367,,3.9234689308432626,3.2367792237746253,4.072352906817169
FT0744,4.647058847077607,5.0657522010745595,5.1333333732377735,4.502997115134794,4.60921505146712,4.322372568667676,4.160233934915453,4.8649065233797675,4.602313208902116,4.366444534014649,4.6411242524286775
FT0745,4.144860509834554,4.203391351785334,4.2811434233030985,3.1357921590321833,4.175907044473296,4.191938175938286,3.545603050283395,,3.8251881111162325,4.295452659339252,4.258294067009178
FT0746,3.8355858437043966,3.746739379991879,3.288430312237576,,,3.9803305383341416,,3.6333353892285105,4.369128135896664,4.568471957201456,2.9284162063859047
FT0747,3.7661576545982993,5.064134281867617,3.202942766919399,3.8563270848868543,3.8966913460727564,3.2466209594029545,5.5544158968178134,5.139810190537476,3.8115769275181113,5.228074470267986,5.616204786216035
FT0748,5.061732674530898,5.2116232533493445,4.803971164948545,5.112345553333085,4.798672114763382,5.250184925063672,5.099957414843949,5.5846593637114985,4.941408645508868,5.542917703630375,5.497191725884876
FT0749,3.3243700001257985,3.1234984252753253,3.7270220006312678,3.1841989195029043,4.217335303857893,4.088943971461699,3.3657675174927966,3.1956932108146248,4.323178898934295,3.7731921136834963,3.410381157137058
FT0750,3.7473107475589935,3.2633602382354048,3.395544802434619,3.355950937896423,3.6299546991127873,3.4518692328957115,3.8791120223368236,,3.8597104265916955,3.8922448297846173,3.4142945384973613
FT0751,4.681688979517249,4.057713740990339,5.825194232240921,5.618510271205062,4.799133696743431,4.663497503540392,3.8318175747428254,4.2169839589582985,4.767198951689733,5.476920210016377,3.7503744292807775
FT0752,4.528222002682135,5.536488607378012,4.556000491481474,4.686804713463538,4.7050365017331295,4.677901955276223,4.810372320718434,4.485816267629238,4.568126138408604,4.650157189690951,4.6183135940350954
FT0753,2.9357024519034884,3.1602187525323453,3.439272194209727,,3.195172823210555,3.6104666739790967,3.0033301926749085,,,3.7819806793604434,3.1551380177187216
FT0754,5.598074456707127,5.964634194720121,4.932438045737359,5.7404816712180935,5.70679197175169,5.567469612771782,4.712887653078287,6.010211906820519,5.6514255670771645,4.593976274948023,4.829941827273818
FT0755,5.406877834729567,4.678993203224136,5.399083719236449,5.5575239957712625,5.558577466136368,5.4089364610616535,5.704440286154046,3.210455389998274,5.466064863971688,5.584869602904418,5.487003595275549
FT0756,4.626440433864438,5.113383490131064,4.948830945908873,4.669654336615375,4.721626183035956,4.332124960186809,,5.031316164612292,4.8139278476627805,4.489000659641218,4.9451721239824336
FT0757,4.151061450536144,3.6738085459550165,3.8937148923979836,4.163744715655343,4.628328250390437,4.1404274573208495,3.342279725917869,4.057322856534379,3.823885388009901,3.5244912108118496,2.9621531109423542
FT0758,5.588831602567539,3.5726406792248304,3.170729356142053,5.655556245975169,5.620315039780968,5.692067298481212,5.6944370577190355,5.681518153134872,5.620330515704777,5.642367800775164,5.620279889801201
FT0759,3.5213074678536707,3.7233579296968453,3.4211338609277706,3.788603532743123,3.80412878039155,3.577961640033395,3.8884251066372384,3.7111467529080686,3.6540754851476454,3.6080726877062226,3.273953002825995
FT0760,5.618777087509644,4.503905264400776,4.335199318569522,5.066226685499172,4.964575820906072,5.78208607000163,5.68423960992631,5.1630241833730235,4.3998877392644955,5.553774439939584,5.717087687365149
FT0761,2.9137058070197743,4.735458112003716,4.589247723609696,3.8072869281454502,3.4116478977491647,4.424757158010064,,,2.7028402088824808,3.1679298323645115,4.437401454233235
FT0762,3.913835965112875,3.93336846696245,2.92573025868459,3.8759634793439735,3.692482030135436,3.960466430980293,3.7811838437750365,,3.7118830215300043,3.4682043648807612,3.7072257377383795
FT0763,4.172481210543593,4.550122422108692,4.110729368024604,4.268843337685533,4.236610935445242,3.907814248305734,3.926371499444128,3.5581913164155727,4.132854827681465,4.023483615215456,3.347957002208174
FT0764,3.5823343822945124,3.364884064934546,3.492837682118112,3.1787852995485695,2.825958183907097,2.8582239183946117,3.461068496560405,,3.275151544714152,3.3500605124818708,3.294657356223004
FT0765,4.787176695732727,4.814573162904918,4.944099660816224,4.926942680381534,4.901584632035865,4.936368873529591,4.9966611918851385,4.238651927047668,4.893745480880575,5.099725386639099,4.9991643245601285
FT0766,3.362182278264375,3.4491960571122786,3.382165555623104,3.92311058836501,3.2011766767004333,5.457946927838343,,3.2306942951068134,3.2750848193132502,3.385542604678826,
FT0767,3.5901850795053036,3.548313704546758,3.508358643299138,3.586396465878853,3.347487390398419,3.6352565799799064,2.684016897217595,,3.7361093994541803,2.8029585742203396,3.530136103078432
FT0768,4.146571961779293,4.595402880482567,4.381375062641052,4.105374893288669,4.122527501811727,4.134004032740405,3.3926955902304026,3.5559326711105244,3.883956199062666,4.099587933146588,3.918204947502592
FT0769,3.918818089089843,3.6465639027050543,3.579517051979982,3.308076674679963,2.9613875806431813,7.136946368294113,4.208912813671896,4.497088998912881,3.462493836867421,2.9751965277771926,3.7700033424119574
FT0770,3.972964939747004,4.335689936391894,,,3.6273241191974686,3.386048578561478,3.2546815412746457,5.358057043868568,3.395697603092407,5.5745490121398715,4.628218953443712
FT0771,4.2262213740946,5.091375581876402,4.2867289267624376,4.327386448644304,3.61534817240361,3.9428262443189706,4.386019624670986,4.515683414659602,4.291444637374509,4.30424164498086,4.379738166182063
FT0772,3.3593545758600745,3.575374755496357,3.732624977416193,3.2684384591372404,3.785111039923791,3.996121020637009,4.050266925277215,3.045544874482517,3.300780516184883,3.220176713479713,3.677251181890051
FT0773,3.8210675179861995,3.341952187932036,3.2965772184137925,3.1740216724815524,3.290906889252129,2.973185456537447,,,2.9828924391345577,4.2449350571095605,2.686926470526688
FT0774,3.5874242607372993,3.6857367787490287,4.179384727903559,4.624815624050652,3.646746067318825,3.533551796999282,3.669792348973207,3.476713109911083,3.282980898474109,3.5939286847804763,3.596521014628255
FT0775,4.049044567595251,5.132508044353017,4.615677392019433,4.03680736627054,4.157278902227265,4.113745533111502,4.083547845086008,4.999528964058175,3.247360626976014,4.353729510972149,5.698301163981975
FT0776,4.388000897614759,4.327071899826279,4.202841162066951,4.045233491156659,4.30104682824038,4.344589037082086,4.376666617986887,,4.558233076951926,4.550812892706718,4.427324549656542
FT0777,4.892817724518816,3.7786314936843093,4.912027082859634,4.893611665407853,3.852379867343774,3.9571270437702752,4.926800856014786,5.007316231846625,4.876269982250708,4.931757132768589,4.956339894578691
FT0778,4.805766692011431,3.5042715436666954,3.8808360050061435,3.3226169441642917,4.733181746675562,2.929603298985689,3.10043506359735,5.829011088690956,4.741488518790759,4.6560402790439275,4.700718440257456
FT0779,4.307564738780416,3.8358666755965833,7.119339215497239,4.316991639196837,4.332521580277922,4.350112284200734,4.374334177293168,3.8559118701153863,3.6609078684393945,7.156073253018028,7.107988350166229
FT0780,5.85967832790463,5.872630224582957,5.807425976007481,5.766862182232126,5.683322917521499,5.49665273233155,5.8316550664068405,4.479181077979199,5.8434379252573265,5.884053320618181,5.908828758357712
FT0781,7.065871866675821,7.04119643984208,4.334573629971549,7.118263533643887,7.088097887363088,3.1992604991247178,7.137237085526573,6.605864088218464,7.0815177783196175,3.22570078912328,4.337153598244421
FT0782,5.749221749308906,6.141144516808839,4.991051922160399,5.679900198794131,5.696199616547591,5.36161004304225,5.427003123901109,5.634871141490958,5.722487616006486,4.6709036353233495,2.599332652787238
FT0783,4.337570319573242,3.441611716023261,3.2922164816068453,3.2923198597293353,4.313172813072996,2.5225853079145173,2.808820475504377,3.6861141115133034,3.0928080050505997,3.048916600972475,
FT0784,4.582470212417927,3.1239113886484673,5.5559182046241515,2.850500359988987,,,,4.243349125429297,4.820587067255253,4.873040586963119,5.244910635410832
FT0785,3.888357312960571,3.7527635705760773,4.344481182161981,4.053954190509712,4.051837794559105,2.881858197402025,4.087138793143707,,4.064214945080277,3.2404001828536813,4.226536440121838
FT0786,3.792809803137532,5.217801430130877,3.822326724265908,3.410786420057155,3.6625342951019397,4.966782581882281,3.4724443253343025,3.966999344956423,3.4402058452557127,3.1908952317839376,3.348031763901879
FT0787,5.698996992145518,6.094196453371154,6.15552949710261,5.534294916265234,5.716349020751129,5.465732934420144,5.300095944516373,6.045261504486312,5.70160927840202,5.472928368200298,5.665566592581722
FT0788,4.962289566045564,5.037152792563547,5.0280019343422575,4.059883374419879,5.1066461814399045,,,3.5313497737961774,5.118033306478765,4.433362706862655,4.78281149585373
FT0789,4.147875292671958,3.8694314667481273,3.93176904448878,,3.608100038907083,3.9017475531818566,3.1175682612959847,,3.7222838137574144,3.514574201599022,3.0282161947161814
FT0790,,3.0124085442025583,3.2884920904803323,,2.964716871026789,,3.188799745118569,,3.08662426478511,3.1452245631355953,3.1051571392359207
FT0791,3.2272199361419713,4.896920042451498,4.933433979019342,4.876595988265157,4.336400824252028,4.339747306229237,4.264615531839704,6.045862228105271,3.3533802028890154,3.49570299645942,4.439152599391942
FT0792,5.05059334246029,5.152022822122576,5.077614667445794,5.464381276716184,3.7537625331204816,3.238827721146867,3.797020370450376,6.487168328549673,5.983378289441622,5.1314668042767195,3.6362318631296833
FT0793,4.670515425392125,5.071490492969012,5.5132033170083465,4.789968815275623,4.8507913525082005,4.811103904876374,5.329365565422455,5.247767296337976,4.822798680784822,5.17154816123421,4.8391796014219715
FT0794,4.364317763530321,4.20582746028595,4.139738051625908,3.7396485040822607,,3.7145316051491992,,,3.833956575153341,3.3113407065102303,2.7993342154104495
FT0795,4.9686111556163395,5.103750999739025,5.092039290932821,5.251946410438139,5.196892409386793,5.1590661874857116,5.265282099035499,4.343956278765122,5.046874124274797,5.142314928914876,5.0604747803981045
FT0796,4.0240681382692935,4.0503297792409105,4.036491390470312,2.930453529740912,3.1291138509391407,3.753825139317868,3.0479586648528203,,4.076385981285911,3.980618533259766,3.8162023083454395
FT0797,5.158826751274169,5.564696784590134,,5.490989548081082,5.437303744392873,5.374102800739147,4.822795978937442,5.756344820212508,5.282978297372499,,3.018436029537656
FT0798,4.445244108276627,3.5332600973860173,,5.006665475887022,4.975827635699295,,4.682702244556644,3.8732159036517695,4.81836523287983,4.8437499114831954,4.861718171789199
FT0799,3.7425689685762897,4.024339945955482,4.131762029342785,4.009215961950999,4.13489397238172,4.103633270926031,4.215205302687783,3.227664500886899,4.043175005917787,3.9764294069088546,4.1433197330016185
FT0800,5.343654062801527,5.7156907249080415,5.836603919796806,5.781412191308723,5.558788858402402,5.50537678380977,5.733036864948861,5.828674581463366,5.470815410308645,5.6260372707333675,5.393052703736518
FT0801,5.581198104556543,5.98464549741612,5.636362849802213,4.9208548576437545,5.8207894002721625,5.81139633156726,5.527676311116764,6.066488518054287,5.766077004893309,5.30938205540573,5.520902112319383
FT0802,4.298292112906671,3.554618841777444,4.318992455217736,4.122603875677842,4.1189992316914585,4.053225005555657,4.0309634246459085,,4.0189800416755945,4.056419801968132,4.129420510580555
FT0803,5.246643988370565,5.344288272586138,5.267973140878408,5.454774301178779,5.4862303887070345,5.25601509239351,5.601392217742665,3.9153966113340566,5.317986863482429,5.413878040347468,5.336890618008931
FT0804,3.443594930693985,3.801832583562837,3.110535483788317,4.328404602511033,4.295855141905197,3.558693281227995,4.263792112676262,,,,4.433172096104606
FT0805,3.7848889611837793,3.8488376960941637,3.6785604666929577,3.745549428920319,3.042770056752174,3.6721874374057992,2.9750716686697682,,3.8538742469742306,4.051261894002359,3.7404702476960385
FT0806,4.300546316224531,4.624710902960683,4.624234764571907,4.447382972840562,4.3247865086579935,4.195802637939378,4.279644071253559,3.8007010341349954,4.228046844530032,4.189528189135813,4.220664055744562
FT0807,3.903880356331006,2.8599915060023298,3.820986991625005,3.041597751024968,3.746142041802762,3.938052155634056,3.8259767373185456,,3.943068258591258,3.9092261201203367,3.204317959478062
FT0808,4.00458372874105,3.8163306096231824,3.955464664628833,4.010051024187863,4.035423564677019,4.06853106855677,4.142221392386697,4.0000552751845655,4.194720960250136,4.053041566441829,4.076530322620849
FT0809,3.360183334774773,3.593956258527197,3.8544800957472534,3.362870734912827,3.522569698978343,3.530257554093376,3.446929902696521,3.811757228020356,3.2716425726634686,2.951417124151272,5.058543797227255
FT0810,4.59589994074868,4.536208700689477,4.502450068760296,4.429815250318588,4.385276388766442,4.4295908839440905,4.631806848087432,3.5103025719899517,4.566718899876176,4.510704669126773,4.523623628815352
FT0811,4.296579760075842,4.315106825699456,4.423936216129591,4.215840605683643,4.0932892189909795,4.139783583014576,4.186884081565941,,4.286939359698274,4.163090156292171,4.2748743285441595
FT0812,4.2288205490193755,4.6521470646261855,4.663731789974159,4.1829015173215796,4.366510164608998,4.145650877898471,,4.46008651559808,4.335691705796458,4.052641862734494,4.332387570574744
FT0813,4.824707448057418,5.27756059031731,4.907036489891454,4.847859551397195,4.772706759622768,4.61564292898926,4.662592671144367,4.21192085583384,4.614784598379752,4.575455645937965,4.792141873547589
FT0814,3.9343285294621237,3.8755951415339687,3.6604985164457284,4.117392591642834,3.767931443718997,3.3903346113811423,3.4223222376169358,3.545940653789991,3.3049672884451344,4.51184274898715,3.5759622862274885
FT0815,4.682686683898629,4.6879703771335945,4.727110730723089,4.600645655804158,4.522303406206461,4.5101901295468805,4.591048943198414,4.154555496966233,4.610723658176439,4.672219847516017,4.573772752889146
FT0816,3.9466367587751767,4.403257920602504,4.322785835119617,3.8962835768127175,4.21197714742558,3.939772734275901,4.033392261449709,4.415477044669222,5.013770442301216,4.221379334530421,4.297648509973302
FT0817,3.4896436896227407,4.381424402331798,4.680223534889575,4.859576267867031,4.4943318336705085,5.045083824788107,4.668914400473051,4.73765638704438,4.922880736864736,4.39136759361212,4.405656183755796
FT0818,4.5080711704271215,4.862113788376494,4.682665351036069,4.52748972811658,4.340166142364846,4.615467642044569,2.671269659604061,3.212828296657819,5.418405282875378,2.972073680422856,4.604231232903489
FT0819,4.120534119018231,2.7120643367140156,4.423943875728257,4.332632755155368,5.218480692625836,4.60599349657464,5.0052285968484185,4.674860989994322,4.5238546968551265,4.399722281604613,4.265176718741365
FT0820,4.2862516151314525,4.6910704179548945,4.357148027056018,4.643025349197885,4.669097910843097,4.207984122578464,4.653682435174682,4.115326883513052,4.64837714572897,4.7247298315393635,4.689545590877449
FT0821,3.852961145165897,3.0287885746322805,4.057531726149936,3.9973004282711684,3.98618954876231,3.5994318646784986,3.8388819860495738,4.8533346169772145,4.163993509493995,4.258446381354434,4.130750461696865
FT0822,3.1829450048971526,3.5387398987648524,3.430835874983339,3.5840908836485035,3.5894444484188583,3.7221033950861977,3.8229106257916445,,3.1987986067841265,3.597929904488183,3.6015739857731086
FT0823,4.4090434238319975,3.480522623091744,5.254230087510569,5.135798976970353,4.903582784095747,3.189081604179118,3.49850627377325,4.554333358724865,5.119214052307563,5.0660263047438425,5.197252470691414
FT0824,3.5402472023623193,3.4292638644819244,2.97336845799618,3.333622327139084,3.160810398140108,,3.2968872526417234,,3.59236698402495,4.479837221579914,3.228193343743816
FT0825,4.725666422064671,4.744650420614019,4.741511012374113,,2.9161153660134636,4.848460591801422,4.879519898656678,,4.1130816134439625,4.852533391219693,4.792479653449785
FT0826,5.282976157641626,5.7579762902622456,4.372042536538399,5.4031116900484975,5.002213372943817,5.452146584236907,4.596039138228107,4.149512467051189,3.195574951144015,5.253354769424148,5.041993527380164
FT0827,3.4164379145999213,3.3210236390214742,3.8321543613996005,4.207259522074809,4.114412369340996,3.516859122283976,3.4265201540840766,3.48888313535687,4.02161461063071,3.8664797931855497,3.641220276903188
FT0828,3.1280602117315603,3.28223284165359,5.592350361305901,2.7381688243997693,4.052439294923394,3.8613280535391157,4.604977063454841,3.3385430699600085,2.7310615172168133,3.3261272164721585,4.266936401637833
FT0829,3.5173962051340357,3.5022425068653202,5.5187549100658355,5.5533842438038175,5.504184037724103,5.419616938546124,5.698492470156481,2.723300097518338,5.566578386195676,5.651137139048276,5.544481603422083
FT0830,5.246088188320287,5.181640899624904,5.19267779762239,5.126350628234132,5.119940816128348,5.079461867402036,5.042972521523673,4.398173917483803,5.087633065721152,5.178621736236059,5.033185270248002
FT0831,,5.462616677755243,,3.589725610494938,5.0836875569059155,5.0569249415425865,4.431006845031851,6.112443652676653,4.6373417716181144,5.228288922973792,5.256613674895027
FT0832,5.103165140152256,5.909756248715522,3.181808408439404,,5.191973888085193,,,4.968067434300496,5.1814971817935165,,3.080317646893098
FT0833,5.279766338621588,5.671148778462778,3.322016810164319,4.965064740757631,5.346128196962654,5.034703296408094,5.122872171882058,4.673770986271599,5.316551734747589,5.7234109701875076,5.313604242642022
FT0834,4.254319002282456,4.14416808886977,4.261850828174154,4.031281945002798,3.9466992156782745,3.8648165873030913,3.9503952868072383,,4.2209191476413706,4.073198081415821,4.072587950131956
FT0835,3.3985037724426337,3.8535467934534875,6.574380024955397,,5.426285451598382,,5.0095400916412025,5.359405860835876,3.38272545458011,4.945130761591251,5.390740182314806
FT0836,5.131677861489126,4.261944676989781,5.393506152372759,4.357963607044231,5.668018777831691,5.53080130984473,5.295724225339304,5.8437827996639005,5.6891203619994775,5.124354656296338,5.273670258791693
FT0837,3.6151666246536216,3.0601317845826834,3.730726477528302,3.4630729890891314,3.5475861399988013,3.8764589891674412,3.411351964584965,6.78210060426758,3.661615691415352,3.3077762731493743,3.0558061798784775
FT0838,4.420194145174079,4.626311106833621,4.5686290286816815,4.4848906677172415,4.5274526469704455,4.465869776488132,4.536461667604705,4.0744120437392235,4.469721758089334,4.652777753332764,4.596485016352149
FT0839,5.958701734400374,6.523566134765078,5.685740809526915,5.904342890547008,6.166270230005062,5.913546013349253,5.699453825680365,6.534163646364281,5.984048684173235,5.194619145332906,6.0479269415382175
FT0840,5.236510227539047,5.703177069977453,5.576964348809981,,5.367388616174925,,,5.208444324866102,5.292935081102911,4.848331757266645,5.504054361196177
FT0841,5.074392585458229,5.415181083310291,5.753205115512803,5.179919558032944,5.377594438626552,5.263965729764652,5.64255072929587,5.711651162550714,5.177565048324807,5.493147331267439,5.630793493612722
FT0842,5.4028565265408774,3.1127505292356115,5.744739870528485,3.4355696518968104,5.692353355376976,5.938583448305308,5.766886359156324,5.025509678242008,6.061100205025166,3.387346664219411,5.919337887664195
FT0843,3.653274585055737,3.534937160061607,3.4664809636111884,3.451753672511812,3.4944572207594047,,3.5700593982427686,,3.36660185455379,3.2835571620393025,3.223769569910762
FT0844,3.7364358216631297,4.384670674518225,5.8513167780952156,4.070838775464881,4.240273232557896,4.2155912164423635,3.9711677616699683,3.9380027534728157,4.14214624076089,5.56730482155342,4.2063502661136045
FT0845,3.5752603888884313,,3.2156427836341965,,3.5789465144397647,3.058919844246982,3.6832402640871673,,3.1012693569552274,3.9367084011827753,3.640263252543833
FT0846,5.4184996795626,5.804362908371407,,5.567015318091868,5.733857421299401,5.637767290400269,5.5650151532565,6.078815204711578,5.541721549059085,,4.45754965424673
FT0847,3.5206527077992753,3.336498285469135,3.3778700183198387,3.295728555602403,3.1321741958886355,,3.0008709715308792,,,2.869417271326011,
FT0848,4.978715047402399,5.481890341055165,5.050233756540239,5.226121911856498,5.53523842476851,4.913028657196466,5.327800857932875,3.760282637627345,5.067764233401206,5.082190117140189,5.165055928375513
FT0849,3.1433830067696604,3.5412443302263696,2.8806122254804243,3.1544247726841594,3.832355280644327,3.7696114918350196,3.832878759683596,3.493022924564559,3.1514350815650976,3.1087359210034173,3.6856788061332115
FT0850,3.534045010987854,3.6507597160363536,3.4778989617862277,3.1113088539751956,2.9145831718141033,3.1194495881440423,3.526627856491569,,3.6564766713512484,3.2020290691568154,3.3823443936523248
FT0851,3.440188778401424,4.060898147280027,4.334925463041721,4.099215232230315,3.6078245699933276,3.6928121699363814,4.06951589437428,3.5203880443006654,3.4065715348458867,4.277582289702431,3.6504148367218283
FT0852,4.450779981313356,3.08829679161132,4.166055821524761,4.26249352571055,4.22579028393373,4.365595510539491,3.8091199474084583,3.256246595946055,4.119515105259809,3.756214039006508,3.871015203541111
FT0853,3.534532938183023,3.7167096211898305,3.5432910812184595,3.467748107738321,3.515788110853627,,3.6357897089038684,,3.582358470101079,3.5934740267946204,3.555020082974485
FT0854,5.012340279525576,4.4354567667932265,5.202001684854799,4.461443953128757,5.300719790477168,5.287146777149968,5.264025733262384,5.521534956043597,5.166208929376792,5.066218087157477,5.212553752280414
FT0855,3.557146489458998,4.254420505729122,3.7867722220351343,3.751926355526229,3.707844317976501,4.34181144916565,3.893966319953589,3.5467078783232155,3.4661939610574293,3.52573393394229,3.7772345827277665
FT0856,3.7017459151180474,2.7607264957831683,5.144460419077414,3.932344415152248,3.105422196349189,3.810626452501068,3.7831107949111167,2.906828134553345,3.798075905787017,3.753286774612945,3.234326134813584
FT0857,3.098109940201948,4.641551187442176,3.218920712682565,3.579394863850892,4.598743422206426,4.3109948789907255,3.4163732677204877,3.673176583062479,5.249275428108973,3.3934924419910004,5.12688696216372
FT0858,3.402349190077288,3.519009205328257,4.634450266817188,3.452672817664819,3.404655365564408,3.2957401737140692,3.5064631462783917,3.452165135090207,3.1286335243821397,3.4324533362852843,3.3723253586464894
FT0859,4.464088609289861,5.296544117559411,3.9706127624479777,4.697777314694504,4.604365943351684,4.710683390173267,4.6342501111210535,4.258002327050773,4.453966780508481,4.431360970753917,4.509702325990124
FT0860,3.3018384647338204,4.027923477224221,4.790056879251184,4.500730247035354,4.6427076437798,3.550398533351867,4.433776602526523,4.899105185900607,4.577847912270369,4.605763194506532,4.768326751106571
FT0861,4.30633052850505,5.310332922391146,,6.084616591192899,5.038527899212889,5.39832773049951,5.354344316300544,4.530208388254257,4.499388523601097,5.2332002058018965,5.287813012413687
FT0862,3.9278707987814783,3.2625229435132277,3.4966669491996174,,3.7981910668712255,3.3466895025255554,3.8533478610133343,,4.120046080502511,3.8318641915857046,3.483637244884075
FT0863,,4.751954134063227,4.814390904794012,4.351946243601568,4.5617089208030865,4.580942484902482,4.262444199143017,4.422350807319155,4.327535395045029,3.2489091457993577,4.471614024088307
FT0864,3.4624235310722566,3.3242255545344688,5.200865365011538,3.905379393974735,3.484519330957064,3.236724097192083,3.4748488829156416,5.045008534928256,3.138032035735077,,3.6538268874970434
FT0865,5.080093400231697,5.148448351987755,5.084945327351663,4.934735248211502,4.90445623808504,4.884164951249863,4.982134582846951,3.564510300121469,5.086963308126552,5.0556178866505075,5.009554371664061
FT0866,5.151161547726082,5.606714418279679,5.349042733053531,5.0614283701705665,5.107846627483273,5.1949085134566095,4.638190052632437,4.011199970734758,4.611993990128819,4.633957360835042,5.150294613432462
FT0867,4.713344169306928,5.1196705994035385,5.089218273467966,4.872689092725943,4.860885533445655,4.857907424407308,5.009238450053548,4.838480022356798,4.873773467108348,4.987152999093465,4.246682000001835
FT0868,4.311988748543521,4.239743923633934,4.259984989361422,3.984446358109186,3.966029577179897,3.9325823413562015,3.8431985804109066,,3.692823703236219,4.038435940492613,3.9414010804819632
FT0869,5.260546453036498,5.312747884849683,5.244276762502087,5.2059215770981195,5.150076829478052,4.98441015829683,5.146918314589357,3.8213997327588833,5.143081389458721,5.1613362618358,5.161625239700157
FT0870,4.978636513086914,5.110616095010556,5.161032282237864,5.3471477637037435,3.0654750903162222,5.073686651958986,4.752481624947723,5.281147268201439,6.012246503173692,5.8936514137739815,5.0016526558140875
FT0871,2.8769865206019842,2.8309472887474594,2.915094003838859,2.6485318919035414,3.158475131358952,3.074942237846567,3.194289521701328,,2.724171939545376,3.1696813096747287,2.9372677729709165
FT0872,4.990388586081704,5.3182404892490345,5.161346770904425,4.965392370794381,5.013914989303245,4.952678611364174,6.073288974082461,5.291993175305061,5.033119404345988,4.923190597718317,6.005121824445334
FT0873,3.7668410188310757,4.030244146937154,4.361136263665747,3.570697620819024,3.9193270589787716,4.272566871054517,4.379544541299046,4.231899606654503,4.231435447304692,3.822138131607494,4.9401505399298635
FT0874,4.08324709073444,4.257051891515436,4.090742761004086,3.609611620540643,3.5965996340416435,3.773377011241554,3.422542687269994,,3.8002124256989593,3.6000141248308273,3.8021894922656156
FT0875,4.498854104752172,3.4332808034257636,4.926526641224931,3.8063227692516497,3.556809659110616,3.6297053099403125,3.269160529598205,5.383285129676208,3.213316820923328,3.461781654493033,3.8280390442060797
FT0876,2.8054670016375463,3.768076259943358,3.6985504996046172,,3.5407421216139796,3.340800117036415,2.9277297702288254,,3.791052100153589,3.8452741435803226,4.202478777605193
FT0877,3.604823994699403,3.526001650723858,3.528646364627286,3.7157301256476467,3.4540520453346795,3.3805724641703416,4.278818937747463,4.025537581008463,3.500595830297163,3.7045868839803386,3.5756364123740996
FT0878,3.520783798220927,4.070705417267587,3.7108582974221216,3.579838141075102,3.267074092267589,3.7624829415087855,4.094318417737755,5.516750769719282,4.223785359835646,3.841726039096834,3.6347792341230316
FT0879,3.138579387900096,4.994799006838541,5.2647050376938775,3.322527562891285,3.5336901651487738,3.1621776284177967,,5.292142089400922,4.808268933303461,4.633013265470153,3.1142499669184582
FT0880,4.776131285839914,5.2061866492679405,3.5122514275882115,4.742473133285997,5.637627853211754,4.785382052361608,5.212823037649237,3.9038579731438574,4.803473208994132,4.624365473256202,4.846245061435692
FT0881,3.211613458292664,3.024570329325327,4.121276916310361,3.651837514761734,4.073795884726722,3.9260484574738364,,,3.888103060247191,4.159105986322032,3.7266276608041493
FT0882,5.376518057304233,5.95563439536064,5.955644373836959,5.3859162779599945,4.914559202566053,5.436835288485733,4.518398220533449,5.990001953118275,5.465873721353748,5.204828914223307,5.543984058040193
FT0883,4.329588194093722,4.31969072977305,3.398609667153677,3.2554963279399227,3.7410616169149016,2.683889688409786,3.822277555111538,,3.44001657486784,3.021763220621454,4.029119728709151
FT0884,3.2600551128222466,5.691414131932359,5.4819088976301895,5.65453216438225,5.785362167698416,5.516346042895462,3.3455000008707376,3.2962985037607773,6.487566025029413,5.721268953605929,5.4422063080233665
FT0885,4.791613089656233,5.2027543751332885,5.077270350508923,4.724467797397924,5.191628839511712,5.046148590181178,5.114025897816184,5.5246077920016265,4.962407829425874,4.924411704834604,5.039937899919531
FT0886,5.822054590508878,3.431933615103818,5.123206917935917,6.078660805346363,6.128830086434497,6.088268898526111,5.1169379272849245,6.466160790359455,6.086262019209826,3.2111763698476694,5.246433161013964
FT0887,4.761813926379089,4.694002249676321,4.646180137738932,4.453049195678242,4.089277031847399,4.475768739257888,4.28356136882436,4.462336908120994,4.409966456708064,4.3870883498354,4.330298703730105
FT0888,5.813609393896051,6.500581883000682,6.515507508506215,5.85973979283351,6.175040274234194,5.88347834681163,5.661086940343704,6.4737859025769975,5.87351246620383,5.634946641949471,6.037211787836458
FT0889,3.5826895152437075,3.53663796304936,3.697448698391923,3.24635024886093,3.784789800416527,3.7121649407108968,3.5195345074819158,3.340769409685169,3.5215868524086553,3.6366014424981956,3.554575940523094
FT0890,4.20082288271634,4.467039057426402,3.5666829207734465,4.31362528059698,4.2770375261569376,4.0109012657590775,4.065218360605028,4.077162587145192,4.173903520436127,3.855908411083065,4.132297403335192
FT0891,3.6884046058708937,3.2882474057867737,3.6463080234766743,3.7269694408318514,3.41506265670714,3.774639639633788,3.8686279062023683,,3.956435940123332,3.965176555932746,3.801422991896856
FT0892,4.4799898154148385,3.4862166576823133,4.74761951329377,5.101580327157747,2.6383328541250397,,5.097325697500866,5.007538236647193,5.093360006265001,,4.7132311767992165
FT0893,4.8666329393446395,4.615320967013209,4.9183404120727685,5.036803111241837,4.979567234297859,4.872601183172482,3.992034732611037,3.765749098420538,4.019635991011121,4.189403428324458,5.571790211323797
FT0894,3.429343230497793,3.0536122924645643,4.790140081370879,3.3027882364562386,3.5022465853867453,3.508258493617835,3.047028753328328,3.4960750147786532,3.311867420033353,3.3440346781419596,2.7061553868146495
FT0895,5.364741086085612,3.5408162565139274,3.2098147038611526,,3.5276361732172106,5.479771772439462,,,3.4730351107900397,3.16422355856935,3.6968589965241865
FT0896,4.940216258648786,4.461995882189845,4.276038685453651,4.646104144280927,4.753280774946327,4.739544138486672,4.478144768165517,5.206286970215599,4.31496618258278,4.976890055760141,5.057451664326131
FT0897,3.274661548735554,3.900771093077778,3.598188158259745,3.1325325724338584,3.027546701060127,3.6629721000935103,,,3.286758167450301,4.07092461677046,2.6685617517402083
FT0898,4.255680538154555,4.678059922704985,4.661495062928947,4.327407675282083,4.419655510730769,4.256624596052071,4.142382523398108,4.052085645064836,4.492866520238056,4.4787908973747435,4.534678941605513
FT0899,3.7488948509716886,2.770435768398574,3.1969150665377235,3.0508142927035617,2.7806081113941086,3.064078512345486,3.011232431217666,5.413118036509601,3.1693159872482846,3.266434761731251,3.0569182068311314
FT0900,3.9420754382920786,3.6004675462508087,,3.5755393748287334,3.541600798729045,3.7722198309412907,,3.6866317212097717,2.744551189052689,3.2783314435331414,2.9307237051472574
FT0901,4.169968510873891,4.143108500506947,4.190991784493812,4.056941826383633,3.9999863684365753,4.018451051821652,4.094540391836292,,4.15360635905975,4.139748819773945,4.113237863150585
FT0902,3.257603304640968,3.950101904337184,3.625755020107068,3.7304669707894202,3.3151799804780904,3.363238750813983,3.710253686074764,3.6386416713570577,3.4614720956194236,3.060008731812476,3.1611254384378698
FT0903,3.9711654356018444,3.734310250989766,3.4921124250961086,3.8181335549886777,,3.2523494974278693,3.0827719091362327,3.8088277035357745,3.4188667474507084,5.345866380528899,3.513437511356763
FT0904,3.8306361985514026,4.704751010682074,3.72743775317679,4.108244469281483,4.000618332749749,3.70578964336859,3.8360676915494687,3.1607568504005195,4.259229979906811,3.918847807863061,3.571007935971489
FT0905,3.2513699296681455,2.6716137916028684,3.22220998288731,,2.9429898379252473,,,,3.715928481349302,3.2108540126306666,3.215927639488897
FT0906,3.733875896127002,4.105029102060061,4.481972514832209,4.88702070538424,3.370523478033026,4.42918151771917,5.046312633956083,4.001093586466418,4.732620414033334,3.6575741571595155,3.887381248605664
FT0907,3.3135478824968536,3.299741962117143,3.2016451924424385,5.443285186061741,3.3740556642674955,3.2609670201922842,5.496333780440498,,3.345179631809748,3.38609787583478,3.3843622818213706
FT0908,3.6297803242101625,2.5953663453888827,4.333812519696932,3.914824122409089,4.266533432501725,3.566422653139771,4.106052185358678,3.3049840307964744,3.958898062534461,3.1927516044945254,4.1458998880112725
FT0909,5.582785622318447,3.2143296316106937,4.1670972604174805,5.44033779763433,5.356922616387222,4.108865645549726,3.774832411876895,5.71184745025754,5.528944323725215,3.876295992623392,3.9878298320226158
FT0910,3.6072183350523557,4.603020046095625,4.780197925046247,4.754783277862123,4.74794530940145,4.7397327432281475,4.835813572872935,4.085142499747382,4.669956316004601,4.962762317187431,4.855081401122451
FT0911,4.861970266610338,5.266556821529939,5.037283978091516,4.8844327002775225,4.081441049382546,5.035996659324044,4.998120546133556,3.638988846158188,4.789809881823904,4.769521771327794,4.9471329014519085
FT0912,4.273600117086556,5.69612153220151,5.5427153787466645,3.8208770765783022,4.290583627632939,5.197476325942526,5.308308615175118,5.562031287848402,3.7120595900620734,2.999962302970308,3.737711215426628
FT0913,4.584655462605988,,4.006679629740705,3.0384408894812043,3.1708203870787264,3.168826191969863,2.8007905713136694,,3.263745489999157,3.366486076419258,4.741461256177078
FT0914,3.20758113558345,4.291151679887784,5.985416862330227,3.5309134984482173,3.1876438617223486,3.2445278950168457,3.32924236478528,3.513826122078392,2.909571225227466,5.829637282487014,5.794795033811357
FT0915,3.0241023080716642,3.0341691843177863,3.520847783679668,2.937235867741867,3.2950201240380874,3.5388394214701626,,,3.1939777404835006,3.199203657666957,3.029814382633755
FT0916,5.836491994767367,5.765841674600796,5.7811866374477585,5.65240749891999,5.635865102253181,5.290086907473187,5.337700902298543,3.3630903376086243,5.588668226576894,5.655082385274936,5.554721235263227
FT0917,3.8050779436282007,3.779909892215576,3.6541851504056098,3.286403602897343,3.3285555459973564,3.301864239532922,3.138703836442528,3.411349544974543,3.497540865994585,5.440666022975613,3.443801487406791
FT0918,5.716139744897031,5.969301801440321,4.330373812257579,5.708596158832347,5.6306192974106875,5.547309716342763,5.504147995868264,6.056305573634246,5.719700592667122,5.554812954024635,4.042202355379977
FT0919,4.082328453264251,2.3501807990420702,4.150030961757985,4.169782475538973,4.048288045409563,4.060054780459237,4.158493331793739,4.233425869108951,4.225590205365112,4.150777180217565,4.035508497825357
FT0920,5.918631994505185,4.526909396305552,,4.229152321083033,5.569695865215313,5.636146334750869,,4.1250308887962355,5.4675046357866695,3.5072614628133625,4.919078362295426
FT0921,5.306233350692382,5.289323754320536,5.289502291566855,5.305956278691875,5.242436239615956,5.343917729477859,4.82538764766187,4.611424158504008,5.215065311786899,4.7567969161656585,5.125130458162097
FT0922,4.080715868886107,4.254247825386975,4.2810029799866,3.803465717204299,3.497993005115476,3.6702262084287334,4.090395887869802,3.8868542059705273,4.053069361410732,4.108317977460203,4.223863898607188
FT0923,5.131988547426655,5.229821725067992,5.471022876529133,5.199601104698972,5.233743839084838,4.700347549751408,5.750326327092633,4.944397134778466,4.742527413782019,4.49869010247789,4.329130173216018
FT0924,3.8615799077205835,3.5270428997398486,3.35465140493724,,3.279907826839451,3.2958109439515453,3.2123560047001223,,2.9633832151076938,,
FT0925,4.328170309295357,4.533021191127522,5.754627343690457,3.9615269064401,4.441924078810516,4.414498522010614,4.088824211228319,4.746123945455361,4.4528137715138145,4.501527565634944,
FT0926,3.491433204618769,3.5063848547343204,3.2161922654581563,3.253628648742211,3.5383788311579543,3.636061420041318,3.565641294370258,,3.753336968975322,3.7144039343711275,3.562686546731812
FT0927,3.9483213528706638,4.002411898825684,4.139274949950604,4.114653339079391,6.809119798920032,4.166852288174143,4.141798818260581,3.6904077186064566,6.8033839233195454,4.140060361910265,6.839314813333013
FT0928,6.780174853992928,6.780983195382603,6.849772438009158,6.8270265935511825,3.486576671548251,6.861549581529207,6.871941274041996,6.318479686318879,4.100713615438338,6.847251040553378,4.096900766464899
FT0929,3.7639578447144992,3.9525052746168328,3.602671248569534,3.8495663292286815,4.063206877367068,4.003341415260262,3.6705842627631067,3.4978312926356896,3.6946590393054493,3.5095345853141113,3.455764004597342
FT0930,4.695134951278818,4.975800924998796,4.762298943576404,4.88002169728096,4.9252323896299925,4.902830781058627,3.8332999616647236,5.521092938628751,5.458835790465444,4.952412502081427,5.34237868886335
FT0931,4.05379490443393,3.4553400028812216,3.2762448544102827,3.511854147204726,3.967409672325626,3.954439381683395,,3.5408711348825044,2.954249679196095,3.471709295820869,3.5257099098914284
FT0932,4.691585786398062,4.4427540661862714,4.469343329272832,4.429562166084657,4.560191601360801,4.448344119891365,4.322547360730734,5.397212457914504,4.425410309244918,4.345356039329017,4.544967036339006
FT0933,3.8289591191572114,3.790408373969069,3.6962195810750265,3.5972398557861576,3.835968906883247,3.7153430685975506,3.9096023647591167,3.6594131560575844,3.3723660422167447,3.6385874754261716,3.82699851278754
FT0934,3.2785213537497513,2.6514561898073294,3.370370293866582,3.2365530840603256,3.4780916535675854,5.191321170967146,4.02081587958458,,,3.3906261393075243,4.908561535004669
FT0935,4.507604039182059,4.986010435046814,4.732333471146439,5.089150906214751,4.928568932515213,5.047804104064095,4.719197772788604,3.141130028142547,5.418881887704092,3.981594014449709,5.3806051641053045
FT0936,3.107254600522413,4.380152090235428,4.228416584797941,3.847849244658194,3.7987572643764205,3.711153508388826,3.7203983656993618,,3.4381669353252224,3.7846171447681805,4.124544435205724
FT0937,3.62125096768964,3.62629166654865,3.9046249862057363,3.6431950381481895,2.935916097051597,3.4362305234005626,3.595180577556785,,3.394386582311266,3.6518276544304302,3.8181708637706064
FT0938,3.2471882895213575,4.081637296846227,3.0831404069211454,3.685404609119083,3.439433320221168,3.915485286467532,3.5900471256956976,3.793081436785749,3.546836817497978,4.741942224016133,3.9404808616465408
FT0939,4.646426952165779,4.70614897994532,4.772522655425916,4.82492363613526,4.754597243924018,4.650372688457834,4.2561262102849575,4.617682216019894,4.70232583715797,4.128180611242954,4.747245815485319
FT0940,4.647508725415954,4.917443661803418,4.258285302298858,4.991856643238052,4.867026267713941,4.933303418203175,4.359802738664653,5.160676249673102,5.134810796767459,4.2742323814595355,4.838298283532621
FT0941,3.501294799504639,4.062207656796595,3.847316225233239,3.4967098506020884,3.7745348818870035,3.5176926580686927,3.3841310913845772,,,4.3507694614043055,
FT0942,4.1363347935150605,4.3247720196884645,3.8898186706019673,3.9690861435170284,4.041800202508253,3.4704497283712583,,4.429709407119876,4.783573103027496,3.323778096036209,4.773817935897485
FT0943,3.9431919522758316,3.99042702324088,3.938776110065142,3.797359838063008,3.653795210463963,3.6903202336564886,3.7020205384070004,4.1183664072391215,4.019107684229876,3.2231654857385137,3.574788474999313
FT0944,4.260585248110272,3.301287786292609,4.045498256106146,3.7578006172634,3.7696342384276487,,3.060460342161758,,3.661646986560407,3.0019086615643276,3.0765978796901763
FT0945,4.5649026273805,4.5246281492627975,4.566190169964913,4.498456420192218,4.51195227618517,4.4165359573363565,4.102306730493563,3.9346836286995566,4.395877123702761,4.238824239567557,4.397619560138997
FT0946,3.7410758313980907,3.726640448219666,3.6177341500889346,3.6139034910590406,3.6136864612725152,3.7818160347185255,3.3989022930907664,2.9589470729082548,3.546062809235465,3.0931819355289605,4.055620012288165
FT0947,4.067831530660368,4.249359870577009,4.150154203925014,3.384255449965712,,3.3949870262791593,3.3750708803382787,,3.9144342035737303,,4.029526363399228
FT0948,3.690728142887088,2.780292525405673,2.595724542682086,3.323796493271326,2.762857268272871,2.879678221990205,2.7494075512996274,,,2.727600323991299,2.9088588930805814
FT0949,4.649627126469803,5.019427836677323,4.746148813482915,4.47563855311678,4.5070861447140524,3.1242849441106464,4.26459497406637,3.287860601831557,4.457620426457022,4.48094089899062,4.615246432885536
FT0950,4.416497022438669,5.039554211094446,4.842560448730088,4.052347359527486,4.209687720209335,4.567893662643969,3.359746431430346,3.668407319858974,4.246558632880167,4.623680993158004,4.272038689102134
FT0951,3.802331817217365,3.381945318221556,3.6300553000116658,3.2181713209749563,3.5081690977231768,3.345179213481337,,,3.2829159841339735,,3.316075134865623
FT0952,4.361083041175825,4.361245493067522,4.661171777358362,4.86117028711603,4.788768636663322,4.00185297104324,4.900090767288049,4.172954167114796,4.859572120258258,3.607933733877433,4.90179157028712
FT0953,,3.829503546093226,3.3222806731797574,,3.496500787091791,3.669929603252931,2.894477124258475,2.978597851888935,4.667393871060397,4.782239093099073,3.8532921038421737
FT0954,4.9492748904062696,5.2950076371532395,5.074868218221279,4.898702453295522,4.894230678223038,4.7054868777620955,4.7877981901882745,3.618350723415723,4.763290226066846,5.004885642815757,5.124236133878065
FT0955,,3.851052798353707,3.1704560015063983,,3.9705157491311556,2.7762947376616403,3.1241009324547977,3.7724151076970087,,3.9970862389901938,3.4427451411609242
FT0956,5.37275631056702,5.273949715194514,5.244871829721558,5.290105777242537,5.246347363204083,5.43950165258825,5.012711168913784,4.67348108813008,5.28494122208793,4.966278598481043,5.178664743247895
FT0957,4.191730764588728,4.472902522207595,4.337032154029487,4.4288075013414065,4.313401874088289,4.27262065705919,4.175874204126439,4.604424042730612,4.377129931294848,4.329087980016633,4.434619235867735
FT0958,3.596744745835727,3.916412519533873,3.766090446892759,3.4037703240651496,3.595113058595693,3.8481977378579075,4.221377752178048,3.411021148181693,3.873272379195763,3.5739900850822663,4.2513541825023395
FT0959,4.165181826281129,4.0936640141254355,3.9920497751894386,4.082754554011623,4.0049505932277105,3.834491943654183,4.161436843905699,2.7940443971326,4.347853257447339,4.218547250058709,4.097149361305491
FT0960,3.541245284242391,3.6133594927787382,3.346247718364372,3.4778559395861124,2.93977418563596,3.7625979462498913,4.6730255750821,3.5670903320215768,3.6731295978767586,3.6682077818404104,3.6535854945911805
FT0961,3.4453211256069323,3.280074958352202,3.631704985364413,5.451078678081336,3.929924929255823,3.5627537127169715,3.7039013259808327,3.4128429166385446,3.1750494261335107,3.739922135581842,3.821295579699667
FT0962,4.171787517683194,4.495474965600733,4.2649175022884025,4.271521536375366,4.247170652220248,4.498796237400862,4.4726100244370475,3.826939394788341,4.151543395201304,4.232597393267852,4.29791699533601
FT0963,2.8783354128550043,3.489359450557265,3.2143249850979196,3.2337788536596133,,,4.228094070465456,,3.4790019526103984,3.7034687026164974,3.0647653909199533
FT0964,4.221170604968438,3.902925768449781,,3.7186545374565947,3.269443623359241,3.434336905277211,5.550639545947526,5.041093905001119,3.488990145866534,4.877411995531893,
FT0965,3.787904707322139,4.152899436299851,3.9774098257616908,4.005948438962601,3.5308295373214835,4.209688157548689,3.5645119586278318,,4.632772829357173,4.180483722036923,3.8859622225534984
FT0966,4.414751103371771,4.362818485523267,4.332780995008808,4.324328784236637,4.245435255708033,4.286027445986801,4.240385148335902,,4.3208181962005625,4.402548189833964,4.468581181947951
FT0967,4.864915752577329,5.938492022725382,4.281921243973305,5.706199179327638,4.9521830555271205,4.828464114249088,3.809820413023468,3.5634371295429186,5.770804442781192,3.4122843538591647,4.0570837899453895
FT0968,4.12281318947764,4.082661582391832,4.103363445274413,4.108334232090418,4.138623819624597,4.04444120305424,3.0126485333256543,3.41145215676209,4.088619293490935,3.5644242545663634,4.035086792388955
FT0969,3.195094904902172,5.752881593594062,4.4673416539968756,4.858593013780775,3.234122137684327,4.1003478274911505,3.009321395115431,3.1068490171203327,4.4602550955537925,3.3536855799252905,5.500788729610335
FT0970,4.503427802652106,4.4922857973075,4.610904550993465,4.446906044206399,4.408892906977955,4.3941579052690605,3.5303061939534808,3.9994756164868677,4.431669193057917,4.540583043883852,4.467540239398978
FT0971,3.548529333122796,3.4702561020469544,4.049192528923952,3.805227986708131,3.758359245874767,3.8510517506230846,3.7875478518647667,,3.119582165111589,3.8988991021564923,4.012300470793876
FT0972,3.1248115858279046,3.0320590120850777,2.7252911119870276,3.0336919178913693,2.9267521957694917,3.2552513805280516,,,3.3250921093400034,2.7351831739558694,3.2142475708350275
FT0973,5.735778731044937,5.169668269211319,5.792952240904372,4.8933095007430225,5.733321762997694,5.600030096130053,5.777987125234825,6.06288214458243,5.040015864025848,5.615537970062973,5.660568691075933
FT0974,4.534759916928899,4.889012939180295,5.86129450334929,5.823765947672331,5.776544243065333,5.468749602663607,5.605517623382566,3.762532464407004,5.709238105475021,5.599239827954254,5.663472172275142
FT0975,3.74921140784739,3.763506895719316,3.7162420551600324,3.148594282591603,3.167590809070919,3.53039284701862,3.432000408395336,,3.155392923097929,3.194166362725581,2.904214717672431
FT0976,3.6760823420429274,3.1632552674422842,3.932246713284421,3.754021947008774,4.860559887642793,3.3850414613951005,3.6897289978710393,4.890834779534352,4.014769601318621,4.084956842235198,4.032897173904957
FT0977,3.57933847250212,5.449450874100551,4.206520812040191,3.6301276668640003,3.550590592215614,4.621188106894912,4.284041261386765,5.348057510935938,2.7860431724385704,3.9272026984487836,3.322411287515027
FT0978,3.7017087817197667,4.1604814107864225,3.920866823392796,3.968575392079836,3.9023001557195145,3.9748016718503703,3.6918265707584412,3.199952438843752,3.3213450990814755,3.6651850355370397,3.9426555931007776
FT0979,4.143620308308814,4.183733292639628,4.135872704787644,3.561846971899395,3.8839272222189853,4.151125347709504,3.628687136744764,,,3.345372621157966,4.151758535942329
FT0980,3.1923660912740215,3.7008669814032107,3.035100650576438,3.117930221259748,3.570343811922009,3.010161409781522,2.513462676369561,,3.0307326098258836,3.619980067068862,4.514061037465544
FT0981,4.7972495304025085,4.773765983311342,4.80444711778138,2.9513390047967722,3.1802221323530033,4.899137161244307,4.949654518636644,,4.8533451377354995,4.89621890528259,4.829968521744575
FT0982,4.787567397187532,5.464546900696094,4.889776397960246,4.9126324249136415,5.003027160257941,4.165315135888871,3.815334447395955,5.01173347114505,4.612136867958047,4.862804290045457,4.9341079503191665
FT0983,4.670200283569054,5.09726178056714,4.927950181977183,5.058852763942435,4.8132023198937555,4.859022728198761,3.8435116703969454,5.174024149555484,5.48897309824374,4.826664903754747,3.4767501606887454
FT0984,3.6087839071606913,4.56065099050667,3.9661052172974136,3.5959739066358907,4.225624651115023,4.447084543090794,4.7772067170424055,4.570512344459834,,3.483622516343626,5.47717431027278
FT0985,3.816463942180887,4.12322209702815,3.162800605279826,3.8748445613189495,3.9652977654441375,3.9159985870924654,3.8398503468035368,4.1255182702645925,3.9136022063463627,4.300017726010378,3.96147941915436
FT0986,2.98919006927607,2.6661885734967226,3.4929054782097135,3.182173909616788,3.0185808027521643,3.290380816519526,2.9101723199923346,,,4.026651735783518,4.117438595498888
FT0987,3.063866932900483,3.4275206772657834,3.5941021258584467,3.403460685322453,3.353157069244083,3.1154986583849795,3.374472977278227,,3.356720982240601,,3.2397565495557354
FT0988,3.9423182483860977,4.316176164623432,4.00330275057952,4.152417786147555,3.1519865055664398,3.283478933064239,3.4353899047364047,3.4591901855290508,3.3458028436117297,5.2166104296427145,3.915088215693412
FT0989,3.602815683804112,3.853133813070186,4.195649647521047,4.336147984202233,3.6671034055292133,3.8048776671791593,3.6186951130589153,3.337623620931535,3.78148934956445,3.90273154337109,3.8908955586483356
FT0990,3.560766914748792,4.163072000630547,3.460525925323109,3.732595644777173,4.140184360528583,3.9140864069089294,4.055200325854658,4.351865268623477,3.3201891710316067,3.8477707818727125,3.5373230910955415
FT0991,4.9681764150634535,4.874952167997762,4.995440259860644,4.128554890771969,4.8635456254468545,4.854492079080905,4.8379368409144075,4.0497430421144855,4.81660585948885,4.927162334223879,4.829439342434521
FT0992,3.6814377255208948,4.048461157862758,3.786919471829205,4.039179614343927,4.051468754329834,4.180789530851814,4.298237903491275,3.954595821058215,4.759702182010498,3.731480953528829,4.229767952901809
FT0993,4.028676924802708,4.55005990147135,3.958716795725934,4.3322343789278905,4.303081453088154,4.180405255821233,4.247044472451659,4.338630738853476,4.618490506594445,4.141261449286009,4.168446264348371
FT0994,3.540654860966056,3.9126743278851124,3.4997871220505865,3.7958818075697818,3.192902013966328,3.4502323717746095,3.158419242848154,3.1331241409903785,3.7135283843986016,3.7188589405117214,3.5170463194698187
FT0995,3.880377268730731,3.597889229855746,3.768293155767348,3.4453512819922083,3.794766577551073,3.7458827377942034,3.6659682614110993,3.639515578221347,3.979422209183729,3.880893551979835,3.8183371353918565
FT0996,4.0783549131924515,3.973209715081641,4.191077507173562,3.8932758351766514,3.8644702411295606,3.790000877985166,3.78699509131054,,3.9880317519243897,3.9293458975605846,3.927157463595066
FT0997,3.495953374667073,,,3.4585271098610493,,3.43802011741947,4.082488422991769,3.7208057957798144,3.025083072049089,,3.709235608824359
FT0998,3.006352257167416,3.948377735041184,3.753063275225592,4.341592368617674,3.242645493609549,3.5884478485395586,3.981171818761121,,4.201095268377706,2.975455879093662,3.3142835817540135
FT0999,3.6675313927219055,4.375812407925632,4.423286071328904,4.128782987071569,3.9973278164051704,3.705774965217618,4.033166415189569,4.130564448356683,3.3876043845235886,4.314624703204634,4.3966439209854125
FT1000,4.560149217000323,4.176443082528637,4.040516487516402,4.1124888565802316,4.85439481659591,4.379817993246292,4.604026861529567,4.737405766852648,4.20309717937976,,4.1932174741964126
FT1001,4.1030372507478345,4.592127001609331,4.622743656813782,,4.145207520386048,2.8629074610028944,3.2537272802363177,4.148410722921048,2.870159864018255,,4.020409181398177
FT1002,3.943191278348071,3.9101175765118446,3.8837135826590665,3.8832219817910416,3.9242158500693862,3.8383729419055497,3.3032488591904356,3.8798403853364354,3.9163171009372384,3.297614152427379,3.8690124795623553
FT1003,3.504481709075793,3.903204443655311,3.420932868951032,3.3558910220490286,3.8724064210798446,3.323378484041193,3.49177094921617,3.2800530298494,3.3423023001400467,3.890900380212779,3.3061029247231457
FT1004,4.6906827588694275,5.091883879795044,5.5201894321892055,4.674614900188367,3.479108078578671,4.477057615733223,4.52984778513113,3.112275759387022,4.571699834822279,3.5470399319318697,3.58462740525794
FT1005,4.303840177598481,4.279030831862056,4.0014091585326526,4.077565761659049,3.620289442032833,4.2238759107283,4.039879566807388,,4.281040594223564,3.9189689806999555,4.1761354008166895
FT1006,4.457026257144229,5.015384722466178,4.890087293841279,2.6512685329366423,4.3325597316813,4.942465682658129,4.899373516026307,3.421701625898285,5.0497956799939105,4.142176689759814,4.419066965452426
FT1007,3.5280464087200265,3.6399018918386883,3.563452086031784,3.256790657803261,3.0018623117125194,3.1339734772057244,3.4703625944698393,3.1013314793330324,3.173508841136236,3.026566397334617,3.2693863576732345
FT1008,5.4224895647032785,5.7825515991480705,4.8547823571163145,5.347412558599089,4.509907788070714,5.197601773147784,5.320616158042606,2.875596380686129,5.254847818678611,4.534927313616054,4.753192565897266
FT1009,3.6972059746478676,3.114791191176148,3.3699244176826624,3.095202437833314,3.9840928206247836,2.6784380648746215,3.4123512512225704,,3.9394282596223915,4.063465249059723,3.2174582276107877
FT1010,5.399363890896109,5.980309057809417,5.849064897090154,5.20916249505696,5.167596627953617,5.1072156901692445,4.973998602127885,4.151720065753809,4.926540240778185,4.96564994530092,5.298889408396069
FT1011,3.6499425992160406,4.3360308356260715,4.395782093322548,4.561115279434011,3.756142414571378,4.740064570954405,3.7928684109865385,4.940919581685446,4.630315098671212,4.524565288262658,4.007508371481919
FT1012,3.5415163621018926,3.9138791523397933,3.7197766138696386,4.088898978547225,3.4316478507361836,3.8116192458170506,4.458645685905449,3.493097971897398,3.2715334101615388,2.8049352489443087,3.5930468164050575
FT1013,3.1294642086125846,3.5123307006418654,3.3269919558558385,3.4344004809276036,3.3083717929096426,2.801463086445508,3.642644097905851,3.676700003787121,3.1043719969870818,2.881432278509078,4.694378082562407
FT1014,3.390223077415919,5.432094570029462,5.217525580789694,3.402408036675602,3.360034184208251,2.9152019722921723,2.8237611379001293,,3.426936088015351,5.2995941426471544,4.865535016921434
FT1015,3.896684612331403,3.2572407241876524,3.642122034718837,3.8120817019244675,3.6161244837650584,3.6211889405866877,3.6320392894695104,3.4426564335278034,3.760811413834269,3.6508934181611394,3.6012138352340055
FT1016,3.986436104978476,3.9765482994568613,3.959326257597338,3.4783593172748524,4.723641198464014,3.86190078032904,4.165058182736287,4.366732488048502,4.153680777166494,4.155878795342263,3.9980045720219843
FT1017,4.725373028724208,4.760983003796208,4.7631587098937525,4.782832859959606,4.742337658794472,4.798247901290727,4.854095909123318,4.201993775193533,4.686659643551923,4.422026739109505,2.8550707350154503
FT1018,3.9950010173308463,4.073524237683214,4.427191721790611,3.6262603351943987,3.844481303399108,3.465630861900909,5.1405024756674145,3.72348465123211,3.7111491620305532,4.435177147259319,3.662009280676175
FT1019,3.4676251224110186,3.3073001379582143,3.939007108449276,3.5283362118757364,3.9813379075718385,2.6487049108477105,3.5985427100844243,4.657794912036511,3.3105770813403037,3.6265020319961296,5.1974157035035775
FT1020,3.4547220213542,,5.069217304493847,3.8486425748562945,4.241509152373792,4.248237071006026,5.272221656902385,3.6433390940516643,,4.609010800419175,5.178369369109915
FT1021,4.883863532722564,4.856444401092122,3.922206413586501,3.0944580372437693,5.52239845995247,5.058047746584715,5.11369884369214,5.852512528125963,5.109710768499352,4.986773187817399,5.083833712272811
FT1022,5.322083964116048,5.273727858650499,5.029939037589539,5.075212249993043,5.081492013304163,4.595524272443716,4.688559899260632,5.370226422376156,5.557050014640972,4.562998547208092,4.602588487749315
FT1023,4.672770043527486,4.436945087654246,4.817904053777018,4.167396236038554,4.762263160918579,5.1866549541792,4.146303278302685,4.615241273089433,4.0694533133097925,4.718991496024442,4.72844095718459
FT1024,3.3411271086446503,3.666677897229864,3.907751556896276,3.927632384446414,3.849912675856846,3.48729347349791,4.046341371264782,3.1959970189353104,3.776315757679712,3.3496051924861936,3.5133697030775783
FT1025,4.446854990250284,4.439251146574628,4.285939560039655,4.189889316440735,4.003721321981285,4.165267047907658,4.214493715208617,,4.388171104482045,4.30554326272292,4.373201175327615
FT1026,3.905449571326733,3.7424097173661335,3.8959904247270907,3.5362978044967095,3.6162334040740944,,3.5783334150312944,,3.9459788848345623,3.6865869365610937,3.69809489402831
FT1027,3.80044315049719,3.9408203182532615,3.629537181709376,,3.5332840571452064,3.7975868860917723,3.7862029729838014,,,3.7752103188567943,3.6908358417585867
FT1028,3.461052838333727,3.6958369601836534,3.583940919448807,3.4643482979178,,3.75681598121212,3.5991916053430395,,3.4950695027670635,3.4322118580102305,3.220532264111903
FT1029,3.4728067572532373,5.024836466435643,3.2495448136065974,3.5003451693634413,4.470853665870911,4.083097803999725,3.2871204886251184,3.3758872855240942,3.235315305620317,3.316561164631551,3.618007269949297
FT1030,4.2876711526547995,4.148700313906767,4.152885396006206,3.9143054887980737,3.907465711756271,3.4018183854289403,3.8244667723842887,,4.046867799266932,3.90597492449062,3.882890579894104
FT1031,4.352286953105313,3.8057469884965154,4.547183625831458,5.10683417657002,4.687410939639976,4.426119431746096,4.581846507941419,4.0484221717426365,5.079263705233,4.167329309654014,4.570967977775491
FT1032,3.35858608312823,3.933186699379509,3.9229398405884206,4.505252561361797,5.236605010680627,3.6541275574924086,4.661962997229242,4.012317385213292,3.4006947679360784,5.155772014305741,3.4212331067175663
FT1033,4.423096588765135,4.29464910154672,3.332434162836121,3.780615414732867,3.058436961868184,4.162825999877138,3.650752531593594,,,3.475964519229551,4.42470146053152
FT1034,3.619554693689986,5.472534770545966,5.4054504519450735,3.786545627728977,3.7063109399025214,5.267785566954719,5.5891282232957185,3.80146027992232,3.797247884418721,5.394364629373985,5.539154333140203
FT1035,3.8894984149352503,4.03588709978808,4.194985045547182,4.062377861179515,4.523326854273602,4.092862686525676,4.662269064173582,3.966352302296309,4.056402072811489,3.86439815939229,3.409611009695167
FT1036,3.3698385304401044,3.329971643815512,3.7796754255235037,3.846228841067498,4.128439097025471,3.639891491027927,3.309572017925446,,3.490651867598886,3.5215126291985293,3.7530491470898513
FT1037,4.080575941631505,4.22802995236323,3.9899073495333326,4.131657951031237,3.984232707267358,4.254984769485088,4.070464166314794,3.1977279109903147,3.2218053158851268,3.997134908710151,3.634064083425333
FT1038,3.656149808273641,2.263076566176057,4.392862620787712,3.2141455284352674,4.141894961156828,3.958834018924617,3.8649564920601662,,3.986183960684387,3.0864230017145897,3.590237516894863
FT1039,3.789129362511019,4.6244167432292524,4.532814491044896,3.9389407690573295,3.797072234174848,3.943540100789522,4.374945694192782,,4.398874012782308,3.466794954813565,4.479565060976114
FT1040,4.398441730976067,4.741242298627374,4.446867232088391,4.541449515750961,4.5163997513003595,4.685094984023243,3.3156402227797126,4.303228403655659,5.103141771914466,4.088194807883255,4.568660349894399
FT1041,4.846196162324362,5.096573673977324,4.981357758436519,4.748403582902972,5.052003989946821,5.14738585158392,5.135658633741995,3.5724691677828972,4.657051814719813,3.8791925109706464,5.005324254193598
FT1042,3.8045209118447123,4.033238103199721,4.074717873427426,4.498911049359888,4.084229893603566,4.420050978193813,3.409406241059816,,3.662433995205938,4.063825239477666,3.8478524854208804
FT1043,4.16110329226902,4.517529800573239,4.086398727692503,4.2520039859648255,4.354369354537941,4.332729919097192,4.31309302967537,4.786525395027622,4.297060999339779,4.162052551592695,4.3288989446201676
FT1044,3.4748598462870492,3.567998648508618,3.5855572245475664,3.8438266399226304,3.602496661801952,3.518803482248806,3.464814734545759,3.189615439423999,3.61563028338541,3.3774319328050515,4.335011991825699
FT1045,3.956869636836,4.306309853834745,4.0687831895615485,4.133081844702756,,3.494889210134381,4.625069533987675,3.761879355880072,3.5105239008376468,4.108077589953251,3.7506274005950577
FT1046,3.7589566868965036,3.6145804735200926,3.59470990218454,3.2897863182911857,3.0393223519124826,3.749593599492764,3.2440776944918417,,3.488205977419282,3.088062267835387,4.185556615511617
FT1047,3.7554814160979104,4.12793440373128,4.090650861519588,4.709493478160846,4.355262731914667,4.191861582484311,4.101629520990423,4.102006385243373,4.426347918721453,4.0959884849812465,3.7349198856001404
FT1048,4.007247484041816,3.167974475390554,3.25987464934137,4.584678915306635,4.213644129746836,4.4117389663767055,4.631087363664776,3.816557702961894,4.5719149676039645,4.23577371652476,4.693804261284799
FT1049,4.147079575680818,2.7452068138523797,4.261906654228862,4.202449531502752,3.861014036063481,4.157620435952761,3.860927530818226,3.5848335546977714,3.8814308311704173,3.313103812403154,4.026967915593727
FT1050,3.9125539118124495,4.405737295980328,3.0840016542546316,4.27896787668561,3.7501038315667894,3.82422712274065,4.001404360905056,,,,4.262587021403141
FT1051,4.8047481422732154,4.015993417713714,,3.9642880669203673,4.333226742415908,4.587454715272947,4.085658967561496,4.4289391829582225,4.598081182565419,3.9510038079800434,4.865611326114316
FT1052,4.481312875518171,3.862318598954302,4.421650372191406,3.9153638036749068,3.9119062872446095,4.176752838831372,3.943139438195824,4.426961110937565,4.000236042305262,3.17720530810079,4.017007521737503
FT1053,3.456370730745987,3.7460831148628846,4.181133433526386,3.61828843321759,,3.7564683351663053,,3.051099077884124,,3.333838576567061,3.432447435619433
FT1054,4.917351574015189,4.227318981397847,5.065807122235391,4.927164743757465,4.842474027606,4.87518639130802,4.879807413692529,3.7053712927436715,3.707599269490103,4.216287610612727,4.962025294683113
FT1055,4.678566734492356,3.100120544050105,5.088575343696461,4.617017390611331,4.592131161963835,4.497629121931064,4.413728189893339,3.700730545594214,4.424074052118662,3.382235395113105,4.684363323154406
FT1056,3.5952309524799126,2.985924017925036,3.754871578696985,4.202881970943973,2.738331379163844,4.054961882791599,4.112561816280662,4.081459571724882,4.2359590145924795,3.7476326281631653,3.303450506238808
FT1057,3.5591159802056085,3.377607217090577,3.478438116255175,3.605237836769823,3.486418414494366,3.5079682663550575,3.458240418418568,3.2039108488045818,3.336743837912114,3.3215566047453353,3.3957548076549586
FT1058,3.818561749744992,3.8018639345673835,3.790455952208468,3.674462038368889,3.6101322669094404,3.519698725783359,3.5951910733132055,,3.5484269533704915,3.6698242653901803,3.6954254897083008
FT1059,3.826930404169859,3.9618133951553096,3.9631354834083377,3.686594272331289,,4.084596384573391,3.826493714859255,,,3.8337126474880083,3.838464041181762
FT1060,5.241957707610494,5.789920673747494,5.890445215345801,5.1075496383313235,5.380910383768779,5.15454159778307,4.958688827329945,4.196880873437766,4.890550920257818,3.6985322102714324,5.421653326512703
FT1061,5.2501463211996855,5.310679060846401,5.494314924073519,5.3119559157238685,5.438578023408951,5.435888233129634,5.565077725719561,,,4.707295867856335,5.413097629328267
FT1062,5.443295107013358,5.0171307231594495,5.35020329917173,5.451160660209072,5.256096419715649,5.529671737456278,5.382993918593128,2.694755635094217,4.636146068953804,3.347159427009604,5.352920049101947
FT1063,5.554416736179337,6.077416744216332,5.57502318350869,5.459868744117463,5.115225353661513,5.40597444476703,5.2704553079431715,4.322156122363793,5.20164086004762,4.743024994282092,5.177894981900266
FT1064,2.7244785382563657,4.455091037563215,2.7504608276358806,2.98949622594592,3.104362091073562,3.6955867480625124,3.618630810323241,,,3.0027550999846304,
FT1065,3.4237132965220844,3.4386913625342963,3.7622882512100033,3.527221802319022,3.1598173270458654,3.9468393848855157,3.8361569615383186,3.7383896051045187,4.082949766718744,3.2640426522463213,3.897864900410678
FT1066,4.077312052290842,3.513509134214974,4.276017905232583,4.157828144758526,3.508477251184834,4.557921785328906,4.787095441573587,4.320417879916153,4.010161175921034,4.020433523692659,4.118743361080283
FT1067,3.0307361415009466,4.066343513289011,4.2064247923470965,3.5538249560829764,3.8458375453779596,,3.37048509256652,3.749819132953753,3.583740918766733,3.4938631655407923,3.8027512041741325
FT1068,5.249683340780974,3.379561253291733,5.225376553723354,5.309386698209737,3.245848361160452,5.350922232803653,5.352979888700933,5.278847688347776,5.296306547717023,5.316107869439007,3.5337746452047867
FT1069,2.837494809338658,3.8578430940309194,3.977401093362345,3.3424834272884554,3.9473782816686778,3.6478224855820267,3.9888352151967004,3.5818166846133352,3.9338944555568034,3.457570840326667,4.171754122489569
FT1070,3.363508804128612,3.9739352877151157,3.5819445665421203,3.827150033133401,3.528428714859545,3.3249005963492864,3.8050836711218006,3.463346548529338,3.5063374358397645,3.0670524071076795,3.481554270605995
FT1071,3.9250679175247836,4.183581971077836,3.979768050408156,4.8935093421462215,4.452796936507825,4.514365169562666,,4.671676570453808,4.5180353713846415,4.300050541239496,4.1945146062402365
FT1072,3.6233701285068487,3.1089380157394246,3.590774336426043,3.8195275000106936,3.7481643272007177,3.9235734164925966,4.549799551380914,3.948006765497141,4.352143623495315,3.6011447661547438,4.459741264614259
FT1073,3.7508659185552484,4.047971636428028,3.8003183068895012,3.4905273207699348,4.030667309620491,3.9736090308116956,4.520492412034558,3.8118400034817217,3.746911085906488,4.1680894933868124,4.0711336331556085
FT1074,4.297159315740226,4.38825979964816,4.525458043068491,4.5364605856764255,4.012914027186046,4.535974733132029,4.637235058472168,3.7741573895739835,4.462550498239073,4.7394269340174064,4.602351012860525
FT1075,4.478633041784817,4.0050675887333895,3.8435759543505954,4.023512710813011,4.623224887570499,4.179228430805005,3.7003780518732086,4.862686450168541,4.655310773096597,4.017120117082994,4.592254455532855
FT1076,3.001948754740838,4.490983263785816,4.314158840399818,3.1639943888575677,4.161442001470376,4.176227729428312,4.083181230279505,3.072117343456328,3.9698617625945984,3.99791367489244,4.116738669170218
FT1077,3.6625966341940464,2.732199238593151,3.890205334214884,3.231101807222637,3.571735943550221,3.182177745128218,3.2558340276885813,3.7180607750537886,3.373960685166341,3.3184295546503315,4.166508435069567
FT1078,3.6927229023673305,4.435504242627331,4.00001682596568,4.469720625089915,3.768493419159968,3.9367996612934033,4.074923710360856,4.141794567711843,3.8714706754489208,3.9936321609380063,3.9893462171947087
FT1079,3.755264356818568,3.7407076571103004,4.341794375720533,3.9500654083441273,3.478502017306926,3.3521143102814834,4.100841110879319,3.8121379739484267,3.5578634312968465,4.424763382378193,4.4570416346284825
FT1080,3.490541773530037,4.106387083723078,3.722190418559364,4.186512329349753,4.533455612019197,4.035808077133809,4.650380769898408,4.158039762556759,4.078250651553725,3.487993324998507,3.6034579054149387
FT1081,3.659623760960015,4.4402648965188485,4.442237894028207,4.0035040747409125,4.156533231132015,4.248051620097353,3.242281040482982,4.01142726421469,4.268671832753391,4.316160346017754,4.334055969270067
FT1082,4.219216056387744,4.193320083962046,4.081367326958676,4.682500041204601,4.026833833978193,4.2173938006313705,4.375462495385889,4.426131303919409,3.814609989042642,4.166255801845108,4.132012498406655
FT1083,3.519721308694028,4.217058479709742,3.554040231231399,3.9853502454320027,4.054419438490942,4.024719830906685,3.1702401127348945,3.927269043156918,3.656439963912799,3.5148655706318377,4.3336697290324695
FT1084,,3.807772963487472,4.066592277915123,4.268825385541189,4.366374690244387,4.019214937552667,4.276607762943179,,,4.1965472027150375,4.235365172103869
FT1085,3.7984537633893263,3.726740294747927,3.6468056806783236,3.278096368962545,3.3086966472005206,4.033626825209039,3.0051050878470784,3.573898697722595,3.528938716594004,3.08780327048956,3.3872238193261137
FT1086,3.3734534845440463,2.568729005844792,2.550112245117941,2.7291645519184393,3.328350888895949,3.098838660617448,3.061036206807234,,3.9216924921026797,3.387416883342779,4.1878645566133
FT1087,3.040658317601367,4.264570827810855,,4.258083032829326,3.6059619534837912,4.322366898955918,4.021471518268973,4.0131676852511955,4.30148912797437,3.537882244184202,3.209311783289248
FT1088,3.5288357256040914,3.369964892069315,3.005722347496349,3.5378891055136474,3.536134080209412,3.615008734403459,3.723991608562972,,3.7902005952426974,3.770676570278219,3.4125350228120337
FT1089,3.8975756190409454,3.395440952623475,3.6387408637509444,4.219973558203888,4.169924395879147,4.12083592043026,,4.059757828687015,4.003488509237576,4.012377248968288,4.139863778262234
FT1090,4.1409200576581195,2.7183754778323714,4.357761532238395,4.101793068408409,3.654410512618377,2.8929745073748387,3.69822607139798,,3.6000388342705127,3.5297822268013856,4.33853810049836
FT1091,4.30002587344494,5.051226545328982,4.546936908344331,3.823536172827091,4.541542768872295,4.230988575386297,4.760664131774854,3.373565400146617,4.431375112816972,4.079785960998262,3.9652530699424036
FT1092,4.3393178560235555,4.576406311260862,3.911014553394904,3.964373651235706,4.166656720887414,4.010340143818463,4.037110503613851,4.385207900081058,4.498947869340829,3.677091304876593,4.056745089225608
FT1093,3.7750871789537794,4.2445123689225825,3.9207164290079777,3.8153973357540654,3.8227627073619415,3.566639969132034,3.481253177539741,,3.5999074803120554,3.762613414937017,3.893879909139154
FT1094,3.202173258213476,,,3.231101807222637,4.074841081060969,4.703128156846662,3.306414335912805,2.7344224165141027,2.5131650142857374,4.068859903867471,
FT1095,3.9351584880289647,4.274148449824638,4.581607401821178,4.443379852388034,4.572427924071509,4.414967024352466,4.493355925772454,4.863437830613812,4.065546728117181,3.824217654212151,4.465131619635961
FT1096,4.762468081882507,4.506768263423109,3.655129629750772,4.636617358095739,4.900983997363103,3.537196388780538,5.1306311942057725,3.645217341049073,4.588831090074923,3.893128779322188,
FT1097,3.280421533697483,3.611845746126299,3.2670300418027893,3.5854727776631456,3.600625475593503,3.6005125505067617,3.40819353776407,3.7053647197276556,3.4807262542595327,3.424342147563129,3.6215368124236775
FT1098,4.579084144823413,6.606616769717327,6.660284785128343,4.613452916065709,6.643769309376589,6.696868773376318,6.691518547461854,6.1034118712581495,6.609701416957176,4.672689669581258,6.644210533116947
FT1099,6.609565513325839,4.576176807771914,4.642817370712105,6.659235203583448,4.612836077129032,3.6055114154877117,2.70931534164138,,3.4408614566880846,6.679957550769496,4.611994835037026
FT1100,3.5933727729796816,3.530389389440463,3.7236610210660497,3.573971915480684,3.619486220476658,3.538817097227259,3.6418268291712588,,3.671912539594125,3.5350270800046197,3.5957454163342444
FT1101,3.688121861215842,3.960780645818959,4.670485353637587,3.7728305111611355,4.374227665280993,4.844725841506265,3.94527238665614,3.877398470709734,3.6247496342967396,4.057878485354555,3.0995897783351922
FT1102,4.041789798318969,4.631357958386818,4.424243624533427,3.8973041233166827,3.9529041036221817,3.704694281737101,3.746922086224656,3.1619323681679634,4.639843127242865,3.802989379211593,4.0073729718434175
FT1103,3.0003646114356513,4.7235754337705975,3.405413732459592,3.1438360967046046,3.104758960480764,2.976307460522333,5.566447761665275,,4.2672289805368795,4.232189603178172,2.9060451251084696
FT1104,4.1363899402892805,4.422715404057856,4.331839827993764,4.274192460689249,3.845827189556811,5.032664078832912,4.3483876459084705,3.9475022244271267,3.416999349830584,4.643395823984021,4.26671699035253
FT1105,4.173978876491774,4.1123163665615055,3.9211911126591192,4.569906875960471,4.478237593540417,3.1703796555737025,3.6496570587168664,3.4589286768699172,4.189304030098458,4.491649268058393,4.660984453880793
FT1106,3.321293649286351,2.9158190386719403,3.2299874489825777,2.9377713965199663,2.788693049762496,3.115633673272187,2.851484200878239,2.755966667121204,3.3312524063690434,3.2972980386650095,2.8245892457295425
FT1107,4.791765419718985,5.387633332974454,5.205736971308474,4.72300444686162,4.773805774339209,4.64796700395142,4.670549261906315,4.389950385559736,3.8255119319035433,4.59811654496139,4.774289877905334
FT1108,2.855306828944804,2.4425513564393966,3.2957361434903625,3.9931681572430437,3.1508475812866052,2.6203217160378904,2.6857257719217054,,4.524555030416037,3.280823381795463,3.0189035431477182
FT1109,4.10918159524211,3.9764160128019217,3.095324673981298,,3.7866803341284703,,2.948329175086146,,3.5511953767314575,4.093700220666766,3.4934914971978035
FT1110,5.2708017397753535,5.808521923000941,5.5894903177805775,5.304301147582437,5.3407604995644835,5.381828709716332,5.260101438508247,4.269566587065869,5.138229969434622,5.114286019889797,5.326345873585577
FT1111,3.7417197035065235,3.964038798142922,3.746396074301334,3.1994552124601947,3.253940035319673,3.7345574085672486,3.3893606038119555,3.0744156385504313,3.3753719446896473,4.675006297580292,3.488898880872091
FT1112,3.971328726666224,3.783961219401428,3.904843963909644,3.7878631362023936,3.6860119632468913,3.502360414265644,3.6253184034112547,4.1329472841176305,3.823470082895371,3.1296512307827764,3.729540166523829
FT1113,3.588179647289161,5.3689551667194815,3.5312082443364328,4.192046359426326,3.249250400629753,5.655915938026044,3.8919645373981715,,5.02157923166523,5.016447451589626,5.143916934697402
FT1114,5.18985941594146,5.58093247613749,5.136796013342454,5.408656443022291,5.428450007370509,5.714664332347868,2.715145211156689,3.2893813865114283,5.383304862973458,5.3802423670412685,5.513436631047105
FT1115,3.871424237872993,4.041020462546481,3.9927253272611773,3.8649834734540294,3.843774966223589,3.70938181929113,3.7803815372328398,3.7105385626549605,,3.882023619934174,3.694382857994125
FT1116,5.206166746160289,5.81969553274358,5.531132943680298,5.365745740555589,5.383008155610879,5.585879452451193,5.372521563544645,,3.1204977391275057,5.154551781972289,5.374415987254382
FT1117,3.6425019321195267,4.22938093595715,3.3294799244107276,4.098059234585022,4.082659782876836,4.072061977718306,3.709730518706192,3.3240502643422722,4.195956091575534,3.999878338832261,4.230217358641633
FT1118,3.0521209599009644,3.210284392558558,3.3117166576668224,3.424495304473549,3.5868553821960325,3.4277272620533776,3.2915740139864855,3.42955999384782,3.349419542906922,3.4676880701927315,3.40775155839674
FT1119,4.211528185810494,4.157424871870747,,4.228664054936378,4.27210978991205,2.915119047163844,4.333632805773446,,3.140834342165916,4.333897119901461,4.185692001405377
FT1120,3.466161701894199,3.4073522421850613,,3.307174097479578,,4.607406434708718,4.700865185680543,3.2753988468336703,3.6708011288323212,3.407433073480878,2.697523179390182
FT1121,3.2561988334986083,3.76901100288034,3.8859057631852587,3.2592116645528204,3.717382231579117,3.517654821507157,3.622333307714618,3.754716347127175,3.64884612151742,2.966106829427115,3.788274684413732
FT1122,3.649315092558954,3.695854291871778,3.9718444334691005,3.9450098311564816,3.6322691692812032,3.617510309129236,4.033540351137811,3.3622426157649414,3.5409180577528527,4.119007831043293,4.120209329170387
FT1123,3.1900784368378847,3.2469849104943753,3.97431915378976,3.9508457937644286,2.9744624657092733,4.270576350073342,3.3132714187101935,3.9035510915344545,3.0154232342998,3.014365083179331,3.2159895943258996
FT1124,3.1105203747429373,3.6899766416464965,3.513824102457351,3.1747350793913296,3.629867124185897,3.2462503899984934,4.24652296829921,,3.3347159779366438,3.9404601323211925,3.3832853406131798
FT1125,3.730420344509085,4.098129618836703,3.985584944927381,4.670330710130801,3.8641455271770657,3.838549519710844,3.7352618414406003,3.158562471252704,4.670944545034336,3.6463753042562144,4.065471906875941
FT1126,3.5473660492800625,2.9974230741797894,3.426197207098124,3.5128937866124126,3.6676552569421945,3.966908317120899,3.158949190378253,3.5366064436277207,3.2771962422974514,3.827380974798289,3.4574785808904096
FT1127,4.305860054616576,4.271634242441472,4.225025658766326,4.1164140559560645,4.180660040179364,4.179439415604,4.168111186756562,3.8974026633969956,4.249107045998841,4.280243012398007,4.182248406485385
FT1128,3.394034128538382,3.370804557634776,2.9303700925855507,3.464439358852675,3.2145486643250183,3.2859220474745663,3.3616379995011085,,2.578954304098945,3.2392783310487436,2.7536072728780296
FT1129,3.9384801744898525,4.004676439971086,3.859427725937208,3.5756883973681965,3.921532772839171,3.897577928471399,3.430212163774601,4.040053038515808,,4.121617784972692,3.870184429240073
FT1130,3.5388799565288904,4.894020313253295,4.759774034483049,3.888799107883542,4.5445432740487,3.4898968747852357,4.535297896157589,,2.9129365380474623,4.648816043615313,4.871650953625487
FT1131,4.308525132506867,4.272873667790029,4.3836647182085375,4.28969407379761,3.259142769340454,4.2504350647193245,4.26738672193728,3.3134033538007763,4.199153308121883,4.3801287875772115,4.339510664097467
FT1132,3.2965364175431833,3.0663556861494605,3.1458760366004372,2.8292441070743184,3.0974219428876633,3.3919195581933717,3.376480929376176,,,3.388150981719426,3.1356833511380984
FT1133,3.9771369778790797,4.10970321421767,3.3233834274098397,3.907120086748724,3.539197094910063,3.9291094473188592,3.7895259798056626,3.577503417640376,3.9584731102049338,3.8382793671861175,3.328880692673969
FT1134,3.614800151256729,3.4094007801380455,3.2868683640497887,3.0717882676359856,2.9993892260465285,3.448248550894043,3.5528543624576976,,3.2198736323030372,2.822093694061936,3.6924591290532214
FT1135,2.8716270411138503,3.7204558285360467,3.8831632519296924,3.4970186383472246,2.7669064602043005,3.439969182741689,2.673181175436217,,3.455430753637622,3.985858968944796,3.042713873018811
FT1136,3.824690886460821,3.6478182603131017,3.6869216511424603,3.8751145021798643,3.8583988908103866,3.8456736462919374,3.9834275884969235,3.7268403488919244,3.7469117743559646,3.767347315010255,3.965006641754906
FT1137,3.317234767860152,3.158586152944005,3.7384432952194437,3.4812869047916797,3.6218842158640236,3.1486245894850353,3.532333201552773,,3.814055346368734,3.9278311405199235,3.840170234419947
FT1138,3.762238553916549,3.9430002968267823,3.947329295850121,4.035819025437342,4.114096557137263,4.043055769880029,3.8616151634241414,3.6433696636459,4.09359244066784,3.8497318061692,
FT1139,2.940350226579726,3.7811707907368852,3.619217630454068,3.6626813951455213,3.7164987027261196,3.7594001389652543,3.5411248616619093,3.0361253134870867,3.384575695218387,3.455347692929784,3.80693234894026
FT1140,4.844650130092441,4.836105003782135,4.862913938152262,4.940891641332192,3.207667240585097,4.932214335571811,4.996135430929668,4.895067727758649,4.8822896069117885,4.948438695326953,4.908128123768769
FT1141,3.5097138867507685,3.8496559887945123,3.667522442870043,3.5549080111353977,3.6124625529724477,3.573273162280336,3.6575605533422957,4.105507960097759,3.624438395543318,3.842501320113774,3.6553777040212663
FT1142,3.88748537914896,3.915601846524019,3.298875425894179,3.709033958037844,,3.520007032911177,3.79455533051492,4.225694390038422,3.365847784991803,3.76188107783436,3.771125264037285
FT1143,3.803370543476693,3.871106801643367,3.956767670164715,3.8944414043685343,3.7796201947115486,3.2870594817601755,3.7260838000006857,3.9699024176193496,4.000772403528298,3.586722664988616,4.103769038706627
FT1144,3.3233818075031882,3.3169193804741326,3.3487126167263055,3.6366554060392557,3.4099498211368755,3.1652672589637234,3.79507323327747,3.2371582566354355,3.8169134747788833,3.4100551527222653,3.1441521884700823
FT1145,3.388288694077035,4.156441627245204,3.8569068038293053,4.041189940901193,3.6969765528882097,3.9110310257021226,3.2773611054002063,,3.8275516592533028,3.120599735597509,3.534377779661253
FT1146,3.2051616088897568,3.3202582102941887,,3.1639477439181647,3.1239964237529154,,3.4058153699278675,,3.3966684018123248,,3.086301556208152
FT1147,3.742428716658382,3.9713544308941833,3.5395162578734745,3.6297581497358733,3.9197012139198635,4.060638081308251,3.658009826314571,3.08234687591772,3.832251792311238,3.561227930455371,3.4420441309741214
FT1148,3.9886463933556406,3.879128005811097,3.706208064942891,3.7931598329050784,3.7895570631715976,3.8367223319267865,3.8901352902430855,,4.041353156441727,3.9801673847974954,3.7654316384184687
FT1149,4.738903597150367,4.7279125064717125,4.764326622094457,4.58660648353772,4.63097859179461,4.612757081419172,4.666752114607448,3.2334477791406693,4.535349582994752,4.7361370058596135,4.648082221858968
FT1150,,3.448081741585479,3.7961001294212244,3.9812827917854734,,3.4358185495639075,3.6087732234303487,3.436456863907208,3.4050771408863287,3.3603346392735993,
FT1151,3.497917804767475,4.142239949226944,3.6741582049608055,3.871684003315392,3.7667382980016555,,4.080944322827058,3.235054125413795,4.317002703316951,3.2801446331301567,2.753780956423816
FT1152,4.186211560637744,4.453724554070612,3.79325748907977,4.27684674113257,4.159007472419677,4.34718375826019,3.677814113702658,2.980087701267221,4.049335382093591,2.9077766684199773,3.9650123547206455
FT1153,3.222731665569944,3.4747395486169164,3.5998867613762546,2.9169140549960306,3.5497737955464554,3.466301174221699,2.7432628930170067,,2.8156169255134587,3.404166639791469,2.90319749128091
FT1154,3.966942585019383,4.507233970493632,4.043204755353543,3.877635031804623,2.772608813178489,3.2195355569180517,3.2763792784274504,3.17213162484626,3.8275246164011683,3.827201373253514,3.935658711086775
FT1155,3.521464137215309,3.3015883280939775,3.256340063606446,3.3817496258303903,,3.282483243834608,2.9905521557498327,3.106184302911316,3.4915585512391245,3.542041906253181,3.1685186143595154
FT1156,4.438898911531008,4.411246017798594,3.378860653918983,4.493567039518215,4.896878408338639,,3.1377874542528095,4.240239337527296,2.898939170689003,4.502209501163504,3.176655144037021
FT1157,3.878080408190321,3.9261790206955016,4.0211431150789965,3.9261351992751488,4.108691726828373,3.992763999397427,4.06889089913917,3.6363825685938207,3.2806205472729153,3.675590444294788,3.6356749415958207
FT1158,3.496618186580618,3.8137388616326104,3.245518932658267,3.7726245275430514,3.359030370406644,3.6133193653128695,3.6691410895161107,3.6616103941827753,3.295363937564388,3.5751186262686123,3.3171321992191993
FT1159,3.3063572221132658,2.8962979624866847,4.417152643946517,3.426946525462289,,,4.5460954372562465,,4.469744604483504,3.2861812894625135,4.44712039396529
FT1160,3.5499416187696036,3.188150138732447,3.754401134028954,3.531663963822085,3.557112479995017,3.4927861230746164,3.630915440262654,,3.6508160097303466,3.669065723669848,2.797735854003314
FT1161,3.5985947433362777,3.5361824784237905,3.42927036142317,3.1047804005191133,3.4092414126235595,4.531008774951349,2.697326701126274,,3.4272347695374967,3.0143002103956205,3.0978364645662673
FT1162,2.5996776689780385,3.4919572626720536,3.4368342084457186,3.436661928265502,3.7419105580586343,3.4014284390611773,4.038170502638362,3.193385588586392,3.59253175565099,3.2136767082643383,3.698003439217077
FT1163,3.401479974252238,3.878556761331354,3.340477075164953,3.747993355151308,3.8960605426639097,3.412652210826273,4.071785081120197,3.8018363817916287,3.035146516651127,3.0216936772185337,3.9417883133779617
FT1164,3.121178078717983,3.4304358637319616,3.325144913678331,3.1120000100352634,3.7206642444317666,3.1968578172595743,3.411386496158632,,2.9661214114622134,3.1764308545034097,3.213810858326396
FT1165,3.713042649920176,3.134563262994228,3.2218147860738755,3.102011422449475,3.9156852518816527,3.769801603886326,3.2485299608216427,3.2823559708209826,3.6644373149158773,3.357937385152624,3.8139600443229518
FT1166,2.8972917454077893,3.7134765298744736,2.881499168633305,3.937102116624778,,2.8821634614437657,,,2.907110054332671,3.358238993844954,2.9920544264875826
FT1167,5.227839575257942,5.2283939524071315,5.273895486195204,5.2475566587610105,5.224003898062415,5.273096951722492,5.2751797091894606,4.6041140230781235,5.1874775386495635,5.284043501030557,5.257007268302815
FT1168,3.4964814475302166,3.444462354191941,3.550635380219536,3.17772337919621,3.6277670906697708,3.748158538847173,3.3403316675366836,3.376728671271462,3.559526197693577,3.788910988739204,3.6918727018823536
FT1169,3.3343948407846793,3.5847643308447465,4.105010744867748,2.8749410995600795,3.329409421840568,3.0608581894542883,,2.8652986582910294,2.6748688092516986,,3.3973282220085177
FT1170,3.171765447828524,3.7536940829950405,3.777648397550615,3.790202618815729,,3.80667101864932,3.2885356465420075,3.1241988651326125,3.07352837934672,3.270103949671851,3.692475890657716
FT1171,2.6429274918477597,3.7367952754724576,3.571415723299108,3.1011572495045536,3.293356990422517,3.526778839825275,3.5102414923043948,3.8165652000595,3.475531766363203,3.3732929734996553,3.746114148079164
FT1172,,2.946128071692267,3.5477936655087663,,3.6936810667350684,3.6134417452194656,,,3.4076881031329465,2.782496890109596,3.7437136619581413
FT1173,3.501232528228742,3.886658177101872,3.3740378499199783,3.7296335893549886,3.9289069107313015,3.6539194388723675,3.8158706262043154,3.209284053912193,3.71982821493,3.2961177708543232,3.6045313097419402
FT1174,3.6412197284598964,3.6927691245704053,3.423896262490398,,4.114544047623456,4.082457169063463,3.4980713435306225,3.2079877734462863,3.9086801435865444,4.263474014833736,2.9324172783550875
FT1175,4.288919135960957,3.976862922909107,3.35141790157903,3.893779420093068,3.396576090359168,4.394464412147531,3.6453678630513155,3.6037096802069444,3.2833506043522016,3.4448692337772076,3.498659637550293
FT1176,4.115765917900057,4.029461760278934,4.0163752378703705,3.4702597987536072,3.785707491026483,3.7219702045976666,3.658159380428596,,3.8827597182207434,3.520408509671885,3.359257887557483
FT1177,3.070754123411433,3.269622010368188,2.7998859520620676,,2.6190016758712353,2.946572804083075,2.9201773005353315,,3.1767371078053723,3.086636749430827,2.711224199519314
FT1178,3.3804635456347802,3.5600799106401904,3.5352654123222598,3.1655752525514567,3.1546257265894124,3.3012012993141524,2.9849242033838865,,3.1590081683727766,3.100452828768756,3.107310370339762
FT1179,3.682882805083954,3.369684592634214,3.620782833701432,3.5962539361401196,3.6355296466181977,3.6374107312464767,3.1560784854743824,,3.752200543125174,3.7423190038305694,3.6218058443829917
FT1180,3.416268191715896,3.520559517329575,3.2158541655857773,3.4513888043886256,3.285728781867116,3.477957433998495,3.1485797287984942,3.0801524973263565,3.6279472888811206,3.3635220790930576,3.183151488575513
FT1181,3.7222559309612406,3.689199906925008,3.812653036057873,3.5467667052180905,3.5082494827383126,,3.5991171370114863,,3.5938158242718687,3.4395280093033063,3.6098439592225366
FT1182,3.338147825943681,,3.3161165049206645,3.3067429609700594,4.271372058717425,,3.16027399931556,3.3359317937678923,3.278735649513352,3.1152016262259057,3.1097763921817276
FT1183,3.871775020155479,4.09309017618802,3.87803232956474,3.348298165696626,3.3408121567958404,3.3987748744414006,,,3.45654037382554,3.319924899672169,3.4763367676209707
FT1184,3.567861634486212,3.381008768433904,3.3383960606290826,3.417238706754052,3.2783038256194383,3.5272512689423805,2.816000949223461,2.9665197680461453,3.7989805954511833,3.5323544449279285,3.021175190964275
FT1185,2.5634135267676994,3.6277690765735753,3.8589426908524365,3.9645690094428083,4.073859610994938,3.626584460388842,4.015144528558176,3.932843141344869,4.126673800378605,3.8327642226981435,4.281071891903876
FT1186,3.412624241412996,3.4497332400025087,3.473795840343326,3.812737011257319,3.1831496700245294,2.7778939534739973,3.0381645537511304,4.3427684720679185,3.5395391041890116,3.895776768528267,3.5137767892442713
FT1187,3.135614333960821,3.6104198601803614,3.3842295601318657,3.480263984214685,3.3523256358357822,2.997671783945707,3.3817976438962463,3.23645919528615,3.0707548788000887,3.3307002923623923,2.815502450824138
FT1188,3.3447012880125695,3.31875015556002,3.8375066383020893,3.092307472443773,2.6648744145609458,3.1983871242904054,3.7418410170395746,,2.9970055115850687,3.153137202396834,3.2132627422689803
FT1189,3.0409182670239594,3.319155021371361,3.4319058639742765,4.0101205787591985,3.446968593063566,3.411446023789775,3.921132328103997,4.2864524017983605,3.2865457954417843,2.9658431976429243,4.049342894245469
FT1190,4.361377826880961,4.217627667414259,3.3326414234594783,4.279125645823632,3.3144139385228426,4.408279919884624,4.430916520623226,3.983344254501148,4.244909020392731,4.437103578556822,4.274649570619117
FT1191,3.0457858461478335,3.1871809988938153,3.933998036465623,3.0765876837621047,,3.2443945755953165,3.5233813313920908,3.5327546638154836,2.6170431291958662,3.5456165728055136,2.989715665654051
FT1192,3.6884760103834835,3.465984082310799,3.758160613202849,3.9984709102379417,3.8793302485114753,3.7729474060693975,3.375451185154882,3.4086354296529224,3.380108685221151,3.5074924406006467,3.3741258566468115
FT1193,4.334770020071792,4.212422897003468,4.362121956087415,3.096451330224844,3.7333526269085064,3.7569324962417006,2.7010090458070626,4.096859844193883,4.045053050166762,3.025353362165542,4.117574587942983
FT1194,3.3898530342856685,3.913502045937572,3.1988168751955617,3.519019334351586,3.5673397202910864,3.3234232104451533,,3.391873459640513,3.397630654283399,,3.557048641058172
FT1195,3.537326207920369,3.63455117312343,3.8671852605871946,3.86080435611058,3.957779863266215,4.098227996854374,3.809893103256548,3.3664413501772925,3.799738021082475,3.8922371318045275,3.9004674627627667
FT1196,3.380048901197375,3.2433573410507566,3.4526550731449044,3.7157393434863564,3.4922015614578767,3.416414186021924,3.551883513071297,3.1792586648010235,3.248242419352956,3.555939622478516,3.4365012913902926
FT1197,3.525636060382413,3.553028996675305,3.236526508459868,3.505792833508814,3.092411949796377,3.891912031791075,3.8117788266559187,,3.4643568436121184,3.274134136887591,3.4946441981144982
FT1198,2.8740306284944177,3.2252872587236467,3.147303045939246,2.8434107609095967,3.1121275119937164,3.208780190111061,3.160879645252863,,3.321284135789201,3.382521108211122,2.9376740400695094
FT1199,4.077542700373849,4.039928606222297,4.070194261699269,3.944436307207699,3.832550187466148,3.733100171104646,3.755942331024907,,4.055188572785539,3.9703934815336432,3.932094827472942
FT1200,3.289163084978453,2.933144560199921,3.3501780854565992,3.5891884404602923,3.3418646215405827,3.81079394551087,3.2174994271285056,3.179144436284901,3.1473744917467945,3.378258206151322,3.250124020515355
FT1201,3.8681386171405525,3.520582248812882,3.3847331182384672,,3.559536997094896,3.7700502506659483,3.7352903171536798,3.7006167417128397,3.883705409681876,3.751670827858869,3.476492808915056
FT1202,3.4945198366500185,3.384537969398031,2.712119365144416,3.1943906077112683,3.02699365291483,,3.219149145717065,,3.1111271440494948,,3.2510767114090955
FT1203,2.5166519456996754,4.070582716577655,5.132006486940692,5.217807874633848,4.180486455810753,5.245066941009089,5.271550407539005,,3.104942755912424,3.2784196217510195,3.1894774292774315
FT1204,3.2110039408687685,3.131079229654092,3.242159695961316,3.304769008733393,3.174859747555539,3.227582234659762,3.474356658737689,2.8074177568045386,3.1771182857645965,3.424205686320181,3.1700161373495654
FT1205,3.423917898996591,3.1242180538260165,3.208511682601144,3.2824794852978765,2.870948970115764,3.0087680579865737,3.2367053523210623,,3.181235423366611,3.400534964048117,3.1130228536912683
FT1206,3.3246333815220255,2.529166856343577,3.013796143477765,2.746324092081095,2.917992788386492,2.974736084958993,2.6178632566302653,2.4792956283446244,2.9650469212602997,3.01001387745578,2.742924879932901
FT1207,3.5078023338368043,3.4090378170454896,3.5725196983017904,3.5179174602650702,3.471172265990712,3.245870112878963,3.2784790435749294,2.9609658081729293,3.378264023005561,3.029191389105039,3.3595434628571805
FT1208,3.233526859691673,3.0774999155498275,3.3603694467273177,3.342422356518136,3.459820708705787,2.693172816255246,3.4929625698224314,,3.2136742020126596,,4.323095684432322
FT1209,3.350939029481515,3.46147496316415,2.874469431106051,3.3778937930297315,3.23030618627466,3.1996236351084297,3.200835040629316,,3.221238464592371,3.0852796661133404,3.084986920313187
FT1210,3.867131743734174,3.7833083802573797,3.636763366162008,3.4763556383857646,3.4784456464835665,3.1029886981684753,,3.435678792865548,3.6753150588939745,,3.1752003843859042
FT1211,3.129636908120437,3.4381877763847104,3.067590238820047,3.1442228970476,3.1127293022490443,3.147836702509903,3.2002543372804606,2.922261568197911,2.5257286747492613,3.280868864767653,3.220542467761736
FT1212,3.4520836373152153,3.0688444681129345,3.6998907445509213,3.7386735703726504,3.5180365318059983,3.654729580781133,3.543739942523725,3.3924337875679167,3.7302977166807114,3.714842981738045,3.595733916263141
FT1213,4.533592297744482,5.157472994910538,3.3325745422436803,3.3002869110619075,4.550829057401869,3.372104876817371,3.1715822664781044,3.1135561267516954,4.161617703765816,4.424657026338012,2.6410352226148235
FT1214,2.746692079094315,3.0162151472181877,2.8075900584642146,2.759259665135969,3.899083705134071,3.5101378219800097,3.5416975915253546,3.1145230965252964,3.648965026840075,3.5911174951060914,3.3701231661075504
FT1215,4.480901942731965,3.6730902731376984,4.30759621256485,3.6036746250063776,4.383760909877907,3.6308708577155375,3.9235160482917153,3.880353475497059,4.392612772211265,3.7717800639629835,4.338965264658381
FT1216,,,3.4035611252301377,3.481437762049592,3.5635099990477883,,3.211596581550499,,3.325132861165969,3.552329721553387,3.337029793725801
FT1217,5.155469555091308,,4.56120541641521,2.88703180194785,5.1897880336974485,4.092727234937956,3.5932829456451088,,5.193261312098825,,3.060035886567187
FT1218,4.032335617477064,3.935451011151291,4.279748996847739,4.331962603661395,4.101386084920355,4.363194062388838,4.458836323399442,3.282718401436866,4.20401589950776,4.50935578435243,4.353892218974997
FT1219,3.7231552690433873,3.5885147912834685,3.4107958564707714,3.875982486084189,3.37451075565468,3.4852428562315447,3.7444216158183066,3.6012558947305875,4.017176359116293,3.5141841746225895,3.6523248913343593
FT1220,3.0847391581368755,4.51742862129914,3.2368462342931172,4.572686976874681,,,,4.324592296036595,3.2762977455771125,5.216227370279637,4.550872699448641
FT1221,2.995476797512732,3.075456973678929,3.4792256557662564,2.98865168073514,3.104275895546045,3.192453037406882,2.901774721914335,3.218325457568615,3.0691327834593274,3.0473276845691406,2.8244156043201234
FT1222,3.402701411809614,3.4723125405756132,3.1612032360620814,3.6700157464350363,3.7048653045701996,3.0924620165554653,3.053205491522729,3.476665961062438,3.1319032522412953,3.765537234233758,3.4950219365157125
FT1223,3.6804463758072923,2.4267952681398524,4.234665317460026,2.612620314597184,4.270351457054895,3.8916491146903285,3.015466932397603,5.1355026424117085,3.2431037349519425,3.0085466333770565,3.285019055659788
FT1224,4.082534613711085,3.9280845217598896,3.933563817768705,3.874849232209425,2.9544047475396398,4.141249370674911,3.5031213997734674,3.320170305080512,3.8465887801203054,3.4058342088015072,3.8223072604997155
FT1225,3.352810775977825,3.482562071727574,3.476387668652351,3.762867533401753,3.3968299996619393,3.6810338240684595,3.717836967535539,2.9916866901660373,3.6277836485601243,3.124499799796355,3.8340795452949967
FT1226,3.2712632457733988,3.3494306505214286,2.9676820898011727,3.2303653895132256,3.347609711004527,3.2112758863189756,3.1447010060655245,,3.166798532658479,3.353024251386755,3.3650511992759444
FT1227,3.1025757418285433,3.83207043766253,3.563377874677071,4.013821876633004,3.9922171864719633,3.9241228801200703,,3.3088913731050424,2.4532954139723535,2.868190390091922,3.6006867528890663
FT1228,3.9262356908328457,3.789419883328094,3.839852007070065,3.939026058378323,3.502754728964625,3.6837353305671776,3.2279853653004618,3.292461404092655,3.939544576089586,3.4155464072775352,3.2746986533453653
FT1229,3.211068562016037,3.336315009637696,3.520312494581549,3.2541636725929406,3.3263392038004223,3.7170970847794482,3.058597256129953,,3.4598515795996683,3.2441452519202203,3.054600662656365
FT1230,3.3889807934535687,,2.490439999095725,3.4958078550120355,3.275446346197375,3.3734431787560664,3.486236365986463,,3.545263323841371,3.0524657504027157,3.538571656668289
FT1231,6.481616436309397,3.8787570621169456,3.9671863169812047,6.518471309535501,3.9591376013897728,4.616889703584599,6.522329119404162,3.4557883221747185,4.59261150670635,3.972484237087599,6.522469426089119
FT1232,3.2999178567436527,2.986894918642749,2.972864055104932,3.006290691882065,3.3296530434450147,3.3142296285374275,2.6323298327168985,,2.5274566496674584,2.8739988449754255,3.6320601206323864
FT1233,3.8974945668733243,3.031135436553948,6.53725029395191,4.5518547834001,3.333365348167277,6.552202139518749,3.9697566367275514,5.942091926161002,4.9150680978881045,4.56947158595285,2.965594513246273
FT1234,3.6817523342524625,3.7791458229859205,3.6507234941820714,3.7923747846379166,3.4832417537992364,3.825164071664423,3.2893207402065405,3.2496627205305315,3.718666894202617,3.3788209082263805,3.3909955014103095
FT1235,3.403111898541568,3.786884455141422,4.967330025928593,3.456701167240909,4.920543567020394,5.0078293463091565,3.626712393734149,,6.464440592964529,2.738941869061129,
FT1236,4.014670208340616,3.0835985375792587,4.157424531774508,3.974273407294719,4.02945874399767,4.263500769453237,3.774326562037462,3.823106794964759,4.456527104417786,4.333474974753767,4.199035790623529
FT1237,3.211724110763735,2.9059495110299127,3.2923167609404067,3.458453787315413,3.4204937422641484,3.240195985621317,3.333436717645655,3.1477902284531627,,3.588095945292886,3.5588203305546364
FT1238,3.5163535377889206,6.478015882433182,2.4004621963454906,3.35333687962238,3.4468759502385575,3.2824411748406734,4.651001545689775,3.7441828476775836,3.8858835121640847,6.553601316596597,3.8883766337784915
FT1239,3.1859027534188664,3.6307179894932764,3.734323040337413,3.4575361345664444,2.6924641750414255,3.3142886781263265,2.992647753232974,3.343833581856328,3.722128504710292,3.707942004937087,3.0200438439881827
FT1240,,3.037411575852518,3.429106722790747,3.337751078935179,4.379908999010367,3.328543717939243,3.993842172786903,3.325431206112187,,,4.291453991814405
FT1241,3.959464122234141,4.158791279624739,3.9611270486443466,3.5193681831720958,3.478372658625931,3.0653065012828136,3.312390305532088,,3.559359265454132,3.431465014208011,3.7116904386198444
FT1242,4.743718993258316,3.5693571925313856,3.8130465444204273,4.299611953302128,3.6116582834527033,3.57516734414376,3.6540754851476454,3.689603016228548,3.692030010475259,3.1894537268384813,3.2634889804484466
FT1243,3.4168963863025024,3.31268927851016,3.751797481634474,3.2035732122228775,3.6270098053090014,3.757212922964992,3.8415455298484344,3.6721906913033626,,3.6595895259946483,3.045769412584728
FT1244,3.6950887845356597,3.616879831362021,3.8008764215528457,3.5204401414713162,3.485817704248867,3.4542563106853206,3.2490066636481707,4.216687405431864,3.764446689155604,3.7033661226330836,3.6702639586880426
FT1245,3.0740282927393716,3.404447761236134,3.4521614572940424,3.00971188581875,2.933886101636461,3.059452201383185,,,3.035139243779554,2.8293277652718354,2.968590744131936
FT1246,3.3273052029333416,,3.3472505327432867,,3.4070619089042267,2.7788894375540596,,3.360841259479996,3.7002621462088787,2.4698124172939298,3.9902158018446423
FT1247,3.4363558367975324,3.471508387772054,4.097061346206239,,3.2750957716569866,3.142374635645327,3.1906968410911167,,3.1381513193824806,3.419007733342715,2.8376816491808494
FT1248,,3.2370381325191877,3.419888248395956,2.3198658895374105,3.393467876974362,2.726555247931515,3.092406134043042,,2.9542854791005637,3.1316203263659235,2.940555344051272
FT1249,5.570819736670507,5.431856229654617,5.351024450558468,3.2338402928497896,5.353354835797208,5.576572971654077,4.815278997511301,4.479241060290024,3.0600761876172813,4.801805369706439,5.206650448750395
FT1250,2.8350590792324657,3.5177982246598667,4.426132932343361,4.5813191741020844,3.4959650895575485,4.525396717990475,3.7999510422926153,3.0369853529783635,3.3047699157902386,3.960682910678809,3.525686757048249
FT1251,3.1465790078329814,3.1023792777601695,3.050433996785401,3.403405027019654,2.564865004295038,2.878435063602407,3.2790389017253005,,3.0251861989124817,3.0377512459627356,2.855488094918831
FT1252,3.639760913066067,4.268605066861639,3.2910479285371834,4.32919140813793,4.321347019580282,4.369201661125505,4.42095860205338,3.9846778557345557,3.3617244700459423,4.3637911129371085,4.302076737084195
FT1253,3.448855170994982,3.229274410847051,3.051951467419505,2.994001860808017,3.1444311181349924,3.236523818192589,3.4760843887429855,,3.534510920157551,3.4328606657860563,3.190397729388433
FT1254,3.4115825365766432,3.240440377183679,3.472381079258114,3.267276710091865,3.4235643821718615,3.551282498269367,3.401894174450137,3.1520010978898036,3.131582036369621,2.932479027218694,2.9344311620221832
FT1255,3.454670550620832,3.4373075687206702,3.4725720990348705,3.3486821111417395,3.3080440776684767,3.2845013009203523,3.3335657935778293,3.0406720646258125,,3.3830287431423955,3.241084529116915
FT1256,4.181681835488076,3.2739476119916504,4.077323764637183,3.3709583085511925,2.946303415604338,3.73720615039829,3.9206289534884364,3.930447582906556,3.6168075014227057,3.4150803352558676,3.6426027937869634
FT1257,3.5075611585492776,3.3718736251832317,3.361552730873931,3.5949545641856906,3.4996847281070163,3.4720351078877743,2.9940562337218326,2.9068699884311626,3.4295258661312644,2.921346162854571,3.243348033842138
FT1258,3.3147639663860113,4.123545999042444,4.151246322562259,4.073958389111941,4.04000302026421,4.110631770140999,4.054778825115168,,3.632296506897399,4.15404460578053,4.096628690837732
FT1259,3.60879778298828,3.5208231241447443,3.480987969663974,3.764651296945745,3.99468127993637,3.7165119708506515,3.470787245604472,3.6495936953513315,3.5737212646725975,4.137649574322536,3.694181029735762
FT1260,3.604782619784985,4.2378458012462925,4.498194659686224,3.4913936059390056,3.4035239994226165,3.5750909279240006,3.314423594492848,3.0082718780899484,3.2395175602666715,3.3744406730432885,3.1665093394032238
FT1261,3.321664873738115,3.6547553299792828,3.2783755294684505,3.5012023386140134,3.4025947164685024,3.416305819393618,3.2618622075147603,,3.215838987891972,3.5248915009595856,3.613151783573744
FT1262,4.021076042311818,4.085415936983413,4.202660592730732,4.009570512223172,4.069487321379072,4.063245923407913,3.4951333064918697,,4.000308896933374,4.166483876775192,4.148235694787378
FT1263,3.3433204302628408,3.780449180783691,3.585959280019286,3.5558323729685664,3.7184413280116417,3.371605897315067,2.962504705144074,3.497531008952028,3.484492574434005,,3.672125364129609
FT1264,2.954790148189347,2.8926896946822307,3.2292290255722094,2.693418859324875,3.21850449903828,2.792239228281502,3.020437006545747,3.302469317695274,3.1111797926401477,2.8558579927823016,3.2808604161490633
FT1265,3.1270911405796227,2.8916742377875653,3.016632287061916,3.307542860586957,2.8238516395088165,3.4453877144000122,,,3.2356261930357815,3.189759760936568,2.998142396217692
FT1266,3.2506463512197965,3.23470935472075,3.125866321878339,2.8472021292120777,2.995741644144138,3.1670602799283447,3.218714597965571,,3.45467933559336,3.3058647903511913,3.2999246971699994
FT1267,3.1695022872881484,3.371178069145714,3.5718192163740152,3.097187344520701,3.1669084082407815,3.5618686795650056,3.565342419015417,3.061138305932904,3.2789827420342412,3.345745656068997,3.457981641023969
FT1268,3.2781944687458417,3.1967231551829065,3.478250595107857,3.470291150430286,3.4596371873211447,3.2968569472370346,4.067211829157351,4.826068702725637,3.588197334188602,3.8157348182744193,3.7117940509419522
FT1269,3.1271587614090417,3.1730160373419847,,3.7722519718907046,3.2743609640519598,3.19032468548041,3.0807940440640165,3.3771420723128176,3.6415990242521974,3.3791849117417825,3.154774046054979
FT1270,2.8716315441282494,3.285292718505507,3.082034676893436,3.0408862317193233,3.037662565641378,3.24416565439737,3.27690299255294,,2.8216891033684917,2.9021079281034416,2.564085232962676
FT1271,3.1360801060111005,3.028563611662575,3.559882430964552,2.835303580317923,3.282115435222654,3.2040204201782223,3.6091921158009326,3.543422936535127,2.783186708769182,3.6800954236419225,3.410822060226514
FT1272,4.0476434770767025,4.009036523844419,3.823728508699414,4.0239697969806425,3.9027138037942337,4.197464321239992,3.5967153065500184,2.7951329796064517,3.6329631574077483,3.5910667818284394,3.4651708529687326
FT1273,3.040167106697894,3.1899649325273614,3.045100332998552,3.1089775386460383,3.2976078480104554,3.398949631694408,3.182508695716248,3.303549591281262,3.5128204572771002,3.2395515593219164,3.4071963740624707
FT1274,3.82082161049501,3.9626947419327996,3.812818320676994,3.825512240346322,3.8576193150348956,3.7253184968307433,3.3665686363064347,3.634129161284276,3.7041161275995713,3.8999789945974523,3.604357008118887
FT1275,4.854252876012259,4.867355814650433,4.872682177280512,4.912843063976944,4.930134481728974,4.958681132817297,3.552466263905597,,4.884826508888912,4.957894111926844,4.923230626328481
FT1276,3.0918253281427286,3.325500830896413,,3.777314866230805,3.465226264567019,3.6082245422407553,3.534909935627718,3.4495554964722737,,3.3623062417234473,3.5983949676030362
FT1277,4.8645599114397635,4.786731153055706,4.638664484420779,4.627989184250778,4.647354239155476,4.822416615905632,4.269912695625612,3.9298780964650564,4.547294873170534,4.211840258212647,4.533746979210232
FT1278,3.5169563676835893,3.321152422018993,3.5180228081092397,,3.5482483418298987,3.8609120720197407,5.01485529877997,3.5716375767051485,,4.0430023915774544,
FT1279,,3.0795350396063363,3.239787760918866,3.209650439604115,2.7134402970077565,3.147252695041197,3.2114460597540178,,3.4476972657909317,3.3468263466952615,3.3336803106170962
FT1280,3.581563843791852,3.401181783794057,3.21281777569244,3.5778246736702144,3.405639542262418,3.7204217153637056,3.5844107627006547,3.542696105444035,3.530692111511623,2.724849865975822,3.84850609419689
FT1281,3.4976281180632096,4.542593961631298,4.576742122022167,4.407279131135214,4.468626890302698,3.611581296583417,4.470901548089438,3.6943375841705097,4.405988706764579,4.567417690621817,4.463442384793541
FT1282,3.8458304654685764,2.899097950152103,3.4778207303559667,3.6064842825211105,2.9141168092063805,4.347115448857344,,,3.5438758219508264,3.882006920444067,3.3582856860420067
FT1283,3.2279651878905278,3.089161905580423,3.153420491143347,2.9602865414882342,3.09383887272954,3.189507171813441,,,2.9619355624140167,3.31912480597867,3.3460941479574156
FT1284,3.06195528936249,3.2003443094463835,2.9670127249237908,3.3290775338940275,2.662320194077914,3.2842090441842324,3.287839749642981,,3.2304882557658763,3.3798353773871166,3.169667982201947
FT1285,2.8710956225456337,2.7324276674811423,,3.449886273643738,3.824068788935175,3.762848770411509,3.441679655676604,2.845834470444873,3.461071688077056,3.543884250156454,3.4445315870482576
FT1286,3.11334400465067,2.6162890238455327,3.036303973558438,2.8712693296182796,2.7555904452442923,3.112734131918354,3.6693255313213395,,2.4531763610976776,2.9582996572582405,2.811342573391526
FT1287,3.168418264029127,2.9472636106783807,3.3131682311441577,3.5100810881339695,3.38918699626513,,3.5953070896102495,3.2531481002395437,2.975828825925605,3.4944184372089677,3.173024920370792
FT1288,4.569229921864058,3.4044364945286762,4.571010515362073,4.642634103575784,4.597789355865809,4.65812819576696,4.68785423193434,4.046677959039274,4.640777728529377,4.649343876934869,4.607375332464307
FT1289,3.5600436660348427,3.4622070491250168,3.5250499968074718,3.6275674890985172,3.619207652546246,3.5445872255965036,3.782651860925853,3.7714606331290796,3.363458877702699,,3.2867848448763
FT1290,3.276505016752101,3.298970342145937,3.2004856266791526,3.3843910579316754,3.3325857817695015,3.835758282694445,3.345171012667469,,3.103712656521931,3.3543506112647483,3.515355512721834
FT1291,3.4634891434346273,3.6390796787239665,3.6093279963640144,4.021295637864848,3.3697689738901437,3.4189556754171275,4.107384513360797,3.3828330535993687,3.322034844462743,3.6080839161964255,3.1675325097958016
FT1292,3.4193151279251435,3.514386873452816,3.6519514842256755,3.04820118117074,2.9263668076370335,2.790215998680685,3.376806553836371,,2.966854029450693,3.7364118404072144,3.21429392956721
FT1293,2.9243907410293297,3.0196091962714435,3.3240004693330745,2.9784414988399397,3.069461920819255,3.126799155658367,3.265226191251563,,3.108316847378291,3.0697371075481454,3.0253340263503206
FT1294,3.4916963036732063,,2.7319954702764386,2.867466252714572,2.9401179255725687,3.0268142940154914,3.2157953933849046,,3.2521098566462503,2.506510318910873,2.7701048812555586
FT1295,3.2310474149681183,3.0395458565631595,3.5715801229537165,3.146888463889312,3.334999319973653,3.381212293584305,3.7783051162666292,2.9741668719435235,3.629403164652784,3.4695953149963943,2.906400709525825
FT1296,3.089014281659413,3.0706793373549512,3.2268369644291957,3.354995986371035,3.0061863820789054,2.940958152777418,3.341721073912744,3.2591719115892737,2.9353149744801863,3.2118073304890307,3.3206951434188
FT1297,2.758890219369404,3.0718298951006218,2.976294551089896,3.0555824484306124,3.0007699055630304,3.1259972334067334,3.24553231458563,,2.78654170294527,,3.0039194285043695
FT1298,5.382939063875214,5.3861704223711655,5.430176659500177,5.406136859550953,5.401550167805496,5.426442265874185,5.447827002222649,4.699679504392497,5.336837605272564,5.462021123348328,5.418701917473686
FT1299,3.8537824820862947,3.5384205184382895,3.442406404753021,3.7760166196568825,3.6694679323995762,3.6492358315426485,,3.6521720262296284,3.2468789256360524,3.6278027634969026,3.3828346045236413
FT1300,3.4305850053170754,3.271786923153736,3.5514841997297326,2.6522847265434306,3.099685738308374,3.0533685642374047,2.9947990862721725,,2.716845247127784,,2.9020804765296226
FT1301,3.6229725278938476,3.553883242692868,3.564231768306866,3.5197585874323707,3.5483082987439616,3.1261011018254825,3.499717655650475,,3.7671398923599018,3.649210984958125,3.5228747584940585
FT1302,3.6148148410128687,3.8946055245225044,4.284630594483648,3.8377037219858727,3.763378182158231,3.826431845011962,4.043271160683236,,3.752197862659917,3.5998537337335383,3.887464551225579
FT1303,3.4375282724922984,3.149678066873722,,3.5090100350810056,3.339922196180243,3.5004565982037232,2.5230064450940772,2.9538137851183275,3.291009629257381,3.5711992971439526,3.331543686404346
FT1304,2.6939388903100445,2.9985713671245633,3.8501169400980597,2.52168759953679,2.8739621880780044,2.808379482784322,,,,,3.3876194126446215
FT1305,3.380975033901443,4.059721741649725,3.5274254553452797,3.4488799077206824,3.38183534450761,3.36778563694098,3.3054672402652234,3.052581048398258,3.2291659032948474,3.717266809813605,3.4530683021240165
FT1306,4.104680037938403,4.325750952354689,2.8733599305536983,4.271932751656144,4.228408522550504,4.216051939299662,3.595156308772973,3.1765885741261806,4.3332224808341016,4.163313882594093,4.454231414971224
FT1307,3.8587520443450853,3.868787707924318,3.863602518153686,3.638162143407189,3.668806427884354,3.5639093956832006,3.6064599746990886,3.4799509374596442,3.6837720766803703,2.944845207283076,3.6225955505840837
FT1308,3.2859025455527444,3.0474287620659934,3.079136498973109,2.9718996063943797,3.422409690703939,3.099775903532179,3.2545778883795475,3.163715210667281,3.340371884487858,3.4945253859861554,3.3497713380524186
FT1309,3.6689998877263794,3.636974671449799,3.4541147989039778,3.4044220402189627,3.5240209808420606,3.2438468929407906,4.185113036366349,,3.3739882117695026,,3.4758263192146712
FT1310,6.003088875557315,5.97564506625825,5.9084368868036945,5.902730124986511,5.7905477208691165,5.999733500415507,5.3006665797648775,2.8301011279218002,5.660830720518823,5.405463990645319,5.716489828207903
FT1311,3.204444805593991,3.129277951758562,2.727795326662278,3.2063553178463398,3.2577509062643157,3.602007617374603,3.299495221166474,4.1372319612236765,3.3004060563536277,3.3850400822048274,3.279543204520678
FT1312,3.2536773454875774,3.47206448042843,,2.873224432042158,3.483423177923606,3.491434434324373,3.005214819591372,,,3.9452824265149804,3.243896904334705
FT1313,3.8521303008157077,4.04725887262007,3.923117675859027,3.99630278094586,4.017613341293856,3.9202697734927394,4.232784322763585,3.7464260697519176,3.5837283590586018,3.691258602862228,3.971222321929152
FT1314,4.264252535345069,4.310831291919866,3.427181650513809,4.306657938661283,4.303052917475062,4.387643786085802,4.446446598632589,4.018352861718207,4.361993252729443,4.4387210578408105,4.3315708193820335
FT1315,3.5847032207380733,3.4284972115380867,2.7391583726565707,3.3110912574979148,3.7602591764578834,3.3685264300450246,3.2854634195412413,,3.567852077945186,3.436430201864251,3.3565960855804766
FT1316,3.0085788059367604,3.315769127940999,2.961860542979263,2.8254399542404034,2.9475844866857184,3.098794916514728,2.9704434784340314,,,,3.0641652227516487
FT1317,3.257602896216385,3.3180383872528707,,3.2828580833454297,3.78030957162592,,,3.256159163278648,3.086971616513709,3.3366636045791167,3.137224877807641
FT1318,3.306521270972474,3.215049183592333,3.278762046644246,3.378410892927979,3.5992965078959225,3.4124784456872312,3.393264694742759,2.994151772844055,3.704247856197171,3.613024702574169,2.922914164442537
FT1319,3.5509169721851745,3.360527033999756,3.314752731934234,3.5811965094572793,3.662373696598072,,3.231930672233911,3.546124527916098,3.5166903925515847,3.2798325348806303,3.172376361851011
FT1320,4.133845159922825,4.103409903026081,4.205312327461343,3.6803919125480493,3.605982167023033,4.098436514534792,3.6539483236012598,4.267904099004721,3.6213614806975225,2.8079344947829314,3.7354086789597565
FT1321,3.2815209028086487,3.0692518436229164,2.749256902371837,3.1361641686671806,3.456166341252572,3.156162272059083,3.2714119148426044,3.4238848863756317,3.0707760118326637,3.451376688585101,3.8333775534866477
FT1322,3.0351526287957986,3.6181380717282448,3.0141556413960515,3.2512778952197645,3.2960178105410955,2.8329600475743093,4.2834708039314275,,3.494271719518733,3.246155032618125,2.8875111213646463
FT1323,3.7579005539268246,3.451884402288759,3.408783593841286,3.380538183591836,3.276973644953337,3.464590154262111,3.22426347538001,2.830672959754432,3.913223550953608,3.2586407301718854,3.490860150016983
FT1324,2.815350396360996,3.074745291531565,3.1521314777678615,3.123267355506408,2.8992410225192753,2.6868655713641743,2.997148936414314,2.9161691823378098,2.8137637501701525,2.6671609437305013,3.032490751822876
FT1325,3.170262147020461,2.889092624008457,3.6255603808020584,3.2761411580379884,3.0017814311032636,3.4959681172932777,3.1100176181887833,3.331051769943517,2.97663976452192,3.804528702774571,2.7745954636420205
FT1326,2.969980802267751,3.16930264093961,3.0057471957745814,2.988767620348958,3.0675084709047162,3.1981514815896657,3.0356919381064733,3.5257563642076044,,3.3100245898024,3.3742550653830836
FT1327,3.629549632373095,3.0138824526215786,,3.9393665542701335,,2.9763775674500454,3.162584226455354,,3.3713100708267163,3.3793124824659375,2.636250419854991
FT1328,3.506408546153128,3.003476823427631,3.3639309682552163,2.9769672288665747,3.408773816150656,3.3088633321784164,3.3564840425005973,,3.0495926370317408,3.4678764143339467,3.456615763273776
FT1329,2.572819854359664,3.182826798263862,4.310232830537916,3.2614225341855465,3.4106407836065924,3.0873421637401584,5.152752929335758,,3.014168355376865,3.199909570444797,3.1921487980362273
FT1330,3.037905753671956,3.1661450828698268,2.9881683482101105,3.2250864917617563,,2.9210270302225196,3.254576014524199,3.4096031174858226,3.2381101483722716,,3.1722112738575023
FT1331,5.684796594942646,5.6184349929324595,5.512182180807801,3.4957029362733643,3.322290343423962,5.643368897149154,5.0722180813570095,4.762338382838367,5.424142710022833,5.0546594258786905,5.385790013673452
FT1332,5.037472919411324,5.037249462149388,5.027333401212102,3.023496909410859,5.053196218259664,5.128219484322972,2.7011123418339484,,5.075405790882122,5.097484832837629,2.9871713838377114
FT1333,3.3064785492930464,2.739806447546913,2.901201120004651,3.4397137283491896,3.414878112383684,,3.4066273093884245,3.3897150469850774,3.6064759008490106,3.626041809614395,3.478501900742294
FT1334,3.6725928342941345,3.5208551710296327,3.5095138279404274,3.4218146207258853,3.359572183735754,3.3252559326382407,3.3622598715097665,3.2129646948392474,3.9954248636230223,3.6095223103172347,3.3080936853532155
FT1335,3.567373345304652,3.8916807513131393,4.146994027611447,4.154423041541297,4.090596205016601,4.111273164282673,4.268692105421737,4.994203475231176,3.9852979499690036,4.295246200290608,4.184837969865217
FT1336,2.7616198092603805,2.850631506402356,2.977839728648581,3.1957346768567123,3.1382321160723343,3.152726292765614,2.943859107268141,2.8292232857023696,3.121184577109647,2.9412688461433545,3.311090214209522
FT1337,3.204057161705415,3.4105949737065298,2.442072167678722,3.0770686875343216,3.402147017669292,3.286829196386095,,3.4156276002548487,2.9232610508559653,3.4959993265223033,3.204387779988542
FT1338,2.625598386962837,3.540882548000958,3.223098024347429,3.1175704389203593,2.771467403646973,3.4157894064680323,2.8876175462841362,,3.309135223633275,3.156088910518596,4.250290792674521
FT1339,2.976780998351854,2.8609328644448424,2.839159507810257,,2.727570390863145,2.902028751325181,,,2.5462842651225532,,2.880326896072601
FT1340,4.616456900244076,2.9739021223992252,4.652236735187543,3.1678665099486025,4.630629167856427,3.78831987816292,3.6923383618894245,4.35223044944952,3.735702135102472,4.6874286202295545,2.9048100989302044
FT1341,3.440347476922328,3.4847601210355914,3.335739170862858,3.4831510518355104,3.138985376032213,3.3844714159598857,2.9549103933638023,3.262085416861582,3.609400278858119,3.242275168975433,3.3135227270610144
FT1342,3.59446577948083,4.627837480104402,3.4425372519583326,2.805130887992815,3.398806971588512,4.7033510372343175,3.358808416818954,,4.645885273061575,3.7287527583881537,4.552088315726986
FT1343,3.5039575368044105,3.0839796292480597,,,3.4673107437348634,3.506567529657329,,3.524537482951106,3.1306813575754995,3.5136447595456266,3.3583228764067687
FT1344,3.8181987439546257,3.240558731131567,3.751970889765525,3.146904163414863,3.617010152074948,3.483510642752059,3.4687412977457575,,3.7915117450751996,3.467480474248324,3.54080039210593
FT1345,3.183794885743924,2.6708091330831967,3.13837201584069,3.5644996942128,2.8379609863439184,3.1506290270397868,3.166394235393481,,3.2195298093389764,3.652639285778544,2.9377088733948895
FT1346,3.625167151661494,3.0803575663501963,,3.0936399884412897,3.6988201343647553,3.2614998873400567,2.729352661069253,3.358831550656125,3.3515861724959506,3.281869219519522,3.499889666787481
FT1347,3.162130762604541,3.62490047525823,3.5117659866889093,3.6012160024455797,3.7224482356444657,3.0839111163403743,3.262565106339011,3.0277488775440102,3.9079988544479045,3.4891364004718577,3.10402899216231
FT1348,4.659658976349566,4.631843993171123,3.143718879159485,3.1641724550301698,4.44108279198702,3.2992126976827927,2.7728945420770454,3.720915375523749,3.184275665014025,4.202441336129541,4.366335444144671
FT1349,6.295237435069115,6.3272295366937135,6.371510095080189,6.358459337037889,6.347331837690507,6.372728230658094,6.370063888266978,5.759482559364793,6.294869011015432,3.796864658207149,6.362630386485032
FT1350,2.95811354738658,3.3411497028107173,2.8921252344579917,2.8694466723376846,2.879534167279462,2.8506144171593206,2.9773643018722264,,2.9696658619461807,3.1738412884558365,2.90555352312084
FT1351,3.4139706830967103,2.5843867972033983,2.678318849228727,3.2897789057238263,2.8619464314365253,3.338772988722285,3.3522220525498923,,3.2354899401150146,2.8028244307917016,3.096161267761498
FT1352,2.7957259317011065,3.0841558953693164,2.7893064676457735,3.010371451424982,2.933415457972093,2.92552765520192,3.1130070001343,,3.0749612478458888,3.0397179419752467,3.059274942036948
FT1353,2.5713731917263827,3.636873565122191,3.406211161512275,3.7926023655144423,2.8200762162019024,3.304203594641771,3.1320741737593454,3.907339925868834,2.7207694287964563,4.486616326552769,3.902587514700118
FT1354,2.757724763839725,,2.9194616566734126,3.1934582720920393,2.669916865169705,3.1138177102490427,3.270457011638624,,3.3356073483763105,3.2011088271094246,2.8691981449251003
FT1355,3.6104894909967453,3.4996299653212604,3.555257758227783,3.0911936205571044,3.263834426129866,3.4234021380094903,3.5354054462227853,4.144246549542764,3.5923669262196545,3.5392662130690513,3.4856979898334366
FT1356,3.171499605765776,3.1050212686321292,3.0474815046955146,3.3871741720850137,3.0217340657276943,3.354108701450112,3.3687004753191627,3.313198507112229,3.5375352176225796,2.9582523696492156,2.6802811175397947
FT1357,3.624560657384522,3.2875478001095684,3.125415349397999,3.027551815861456,3.382096199373288,3.5042288106890025,3.359071413006052,3.105449898061396,3.024169653860479,3.6557489766077067,2.9837895796696983
FT1358,3.536854579948742,3.662478275268225,3.496545548706256,3.20998535278002,3.544688680986635,3.439816948706081,3.906701452664416,,,3.562595754949413,3.4065663035666423
FT1359,3.0025037899888063,3.5947338806233624,2.8622186934242277,3.0185010803006227,3.131820715934538,2.9992073236240477,3.033475908948294,,2.999561166532698,,2.913550668573155
FT1360,3.1416648906665845,,3.4794618197318163,3.2786724138452867,,2.7087368812294907,3.3915607458675323,,3.118021853124829,3.359150532523709,3.681663678156141
FT1361,3.2425224757992823,3.4684458115764514,4.2816620336570885,4.358446822021752,4.346438415888012,4.317700918913291,4.4202445314314875,3.9146703695670397,4.027378204752557,4.368755669825102,4.229960351839671
FT1362,2.7926656465821185,3.1731591072978653,2.9395185753326096,3.09268237400409,3.084266114337328,3.1729340870996157,3.2313818437271267,3.018206816988182,3.295689892068789,3.333319101138477,3.078203483224241
FT1363,4.267749457160885,,3.4786923374225727,3.205921504899117,3.355886838905954,3.3082345907119484,3.34633770966143,,,3.3602929498771617,2.9598804379396078
FT1364,3.104791384519077,2.749990923343664,3.5209241472387958,3.316546261811208,3.301468255563,3.284543915409432,3.095430188550922,,3.4927693970160862,3.5786061665191173,3.7308288954882216
FT1365,3.9040999121879265,3.097415467605305,3.6047931115882066,3.6969215118486045,3.6543557598313283,3.8021646691857054,2.908591033337112,2.841556710187544,3.5440022269956892,2.8659666038139204,3.4184515469232504
FT1366,4.055504685288889,4.081640948442936,4.004249375313853,3.6831998086293645,3.8882147419322046,3.991076495421199,3.9941287132914662,3.488682016396532,3.699575933046934,4.043454184135264,3.8996148172988163
FT1367,3.3326612906041144,4.2863488867277315,2.9766784916934164,3.504106351290747,3.0761238592167754,3.9616322051585167,3.3389204881665804,3.2795341397127897,3.277886963357319,3.403902106478884,3.2515155878862054
FT1368,3.9096677915906084,3.900781201958518,4.091871576367492,3.9706255605154532,3.8980340266693156,3.8464274897582578,3.883497522575581,3.525436905197492,3.4798351488087325,4.077514564046988,3.976069570076448
FT1369,2.9341689195645277,3.331010560455693,3.2797792797685132,3.0826869935103565,3.2017921305778034,3.129750915108261,3.212838113050839,,2.955259829678026,,3.3876279428571268
FT1370,3.4558475240935103,3.265001501596652,3.360885046049493,2.9977912743456074,3.22573268939373,3.3418481431219473,2.732441051727653,3.42042909083901,2.9833346006886114,3.5538353088848798,3.3203894015949107
FT1371,4.265419353316013,3.2958638412428107,2.9714337102909525,3.194430251078873,3.037237421486549,3.1563627818136535,3.595704475714626,3.4979983779226296,3.4010157733213875,3.217376349546379,3.083257743280546
FT1372,4.83973483015868,3.1397084318462265,4.851276038436475,4.910450493859715,4.898110792629977,3.414191772976571,2.999115199725067,,3.2376978061068336,3.083046247445415,4.908028394736553
FT1373,3.146776243909443,2.8723081248041407,3.36459342316905,,2.7954594220328737,,4.997231317229181,,2.849785306817581,3.6053661213703463,3.4520478532944643
FT1374,3.160256691206696,,2.9236352216656942,4.027179327028458,2.883968217869381,3.3304737629711507,3.9890677196575584,,,3.196677347173784,
FT1375,2.9723495350966926,2.9852781809918048,2.8334733855470207,3.394001245758963,3.6206940195942954,3.145206448675516,3.0906666824186178,2.942814233140694,3.276668309262651,3.2409836801957828,3.1819140339145107
FT1376,3.937388530706367,3.8271951391294357,3.4581020268381573,3.528207928698748,3.716268496402978,3.631102798127303,3.858666042893079,2.965769958184776,3.6471000569281595,3.5948011884794693,3.750996609010912
FT1377,3.375946806587135,3.1068358601961825,3.2347608745263923,3.141445065759694,2.9806415257990313,,2.9758857581031077,3.4165848805782555,3.374680772463904,3.2594617328610473,3.0812514682741856
FT1378,2.5390617044782053,,2.8699039077458113,2.7950294854180022,2.5815649853387654,3.0805758388575275,3.2499554529173316,3.378401706325925,2.9615489153205345,3.12383804162679,2.9441408894911536
FT1379,2.6642215762716184,3.964160779061644,3.357071010061792,,3.4647611524116857,,3.405002044429614,,2.8959601109237862,4.935986779301943,3.6440061484455657
FT1380,3.875452414056996,,3.988238284152307,3.6272534598291974,3.8895523633588804,4.008208689412935,3.4583387291933465,3.213095836836654,3.978714822090441,3.9754116084982605,3.939414676543537
FT1381,2.8078456252021233,3.1878535817415847,3.035376651799865,2.814779004766238,2.934191467520669,3.068294866886285,2.989917240980565,,2.9432465612123244,3.119863875386011,3.098468064865232
FT1382,4.3923271623580895,4.3555236229024015,4.4254650031916345,4.261039104350997,4.209195768117765,4.259852132167022,4.277772906886588,4.80531841995527,4.209758269650754,4.357932164922586,4.279897041334463
FT1383,2.821819289785813,3.1023691583593145,2.664219668176899,3.0386000206936794,3.142254301889437,2.673760438932479,3.2457955553178626,,3.2226244147273593,3.2790441370176393,3.201497412074837
FT1384,2.6795758789293656,2.664227082132005,3.0333635380197888,2.8738673488236275,2.917404855628145,2.9780665492055,3.1326495645617087,,2.8914044557481344,2.61897875629007,2.9917591301967494
FT1385,2.716328093189557,2.9028103592531607,,2.8738636510466513,2.7434775758242242,2.9114581938024844,2.874254982536189,,3.067876917366845,,2.927942881857415
FT1386,3.5046948819634687,2.857633254969003,2.8650970275872636,3.615161953855712,3.263350794289378,3.209968529078952,3.2366000328949007,3.4726236795020347,4.637364744893056,3.904929467399884,2.6792371304825817
FT1387,3.642601718516887,3.496908334183125,3.6071755442537277,3.73521857108372,3.5302318980666154,3.5007917127489367,3.291728365788581,2.863928548808047,3.3807637102834147,3.3166054298174736,3.4725358404831606
FT1388,3.1693919116107017,3.05982067942388,2.7063234876515927,,2.907549118274961,2.857294131361987,3.0580171474419346,,3.1998176486273726,2.867799279446083,2.6442599261108195
FT1389,4.612556479721959,4.619446628556671,4.6209163547489265,3.0707139215349986,3.600811155178041,4.700462428086172,4.689892201119797,4.280852111595486,3.907501028178963,4.708812026703628,4.601034686993901
FT1390,3.1852784844771986,3.2843810100076505,3.05954471772347,3.214518712926206,3.455713339809202,3.0408928810997407,3.5341458873599545,3.3354458377599276,3.1396861647399423,3.1402119585209207,3.193279064327422
FT1391,3.384372290623535,3.3571268594125203,3.2134741596420255,3.1026424823320076,2.8820271447030192,3.0998017144500407,3.2943834294888648,3.3706074372292933,2.849295828202005,3.2473542791372307,2.77296816031919
FT1392,2.806540892905001,3.210420546458654,2.9952477842553225,2.801039679014397,2.972998057340157,2.9438091013477674,2.8738079623584207,,,2.7511001049817354,2.783198464996772
FT1393,3.1728613471604037,3.163195854422008,3.035382183865691,,,,2.575622522695504,,2.983684819050737,3.195703841232266,3.6398439457450977
FT1394,2.9506428407541856,3.6528298780904755,3.0305452473980514,3.7143305494632046,3.0915759995954852,,3.2721496541232287,3.618288391484679,3.1152883875156134,3.0649770008365165,2.9782534618683716
FT1395,2.6565303600027255,2.9961371822651595,2.426843336317505,2.8230431612579534,2.944376919089053,2.742441309670205,2.687910632451131,,2.886694006968053,2.7230683648863807,2.784344761446465
FT1396,3.5805987700579367,3.005551040199615,3.6326173442963716,3.3308075932062593,3.5036685526524454,3.216451572653349,3.3242976047626653,3.1897211016418154,3.0549878388834464,3.4811884013792347,3.110538566634945
FT1397,5.351264116604939,5.37259210863081,5.406258859162505,3.3273946867245354,5.366930354425621,5.414366894619824,5.4116642851054735,4.640774027162074,5.332276392281133,5.440070430713257,5.357054114473938
FT1398,3.5820298397754007,3.071126379979441,3.394648390954417,3.731257757030395,3.730713566799472,3.865487867321538,3.580347190981276,2.893227588752357,3.5229764341032546,3.7660378314729575,3.7994652126639332
FT1399,,3.442324039697253,3.118611262895355,5.402297987565126,3.292012892527152,,3.412970532201145,,3.24892571917541,2.877935420789707,3.241941618631379
FT1400,2.849028360987821,3.44392244608971,2.897806309473263,2.999893596689638,2.9475220061959515,3.165448766889267,3.3597519657568644,,3.236428645629764,3.2866548570482124,3.103822810680307
FT1401,3.4396030803777258,3.191255508932493,3.1248607259885173,2.727612960574757,3.3479540857203425,,3.296110881833578,2.9562509323161628,3.466427786964144,3.6985540420208545,3.2627590898075214
FT1402,2.9138763844296665,3.751760048477882,3.2259695014864853,3.4174075748703547,3.49624122420057,3.8664702443071675,3.4644112362572046,2.6461592172510215,3.079714942074235,3.008419171897235,3.4960594525998587
FT1403,3.7292977223020234,3.663824256960269,3.657380447787563,3.5464960483014645,3.45265947556587,3.2644144824273824,2.9002289049387047,3.657876272219714,3.8499799856568817,3.4965037737003857,3.540978558426128
FT1404,2.9536539031803426,3.4920585378873112,3.077229075166085,,2.790634250126808,3.613010549296159,,,2.79088142397315,,2.721022660871011
FT1405,3.0831581397583157,3.1137717055397274,3.0451160121488905,2.7056817152238675,2.9824723393999557,3.0961216510133163,2.8471653271263837,,3.219014912501838,3.1866873898435473,3.4051543385894805
FT1406,3.116830534292323,3.046822773990942,2.971205557634551,2.9361973482888972,3.08127706771138,2.9973855479676796,2.9796282667119782,3.0345550873988127,3.0647279921647175,3.399777693532123,3.1732480127628113
FT1407,2.850466901545423,3.2360341350738,2.9401418668908406,2.9377817464850478,2.8528214457981385,3.4861144987045627,3.0445488779145755,2.7160196221469675,2.7462502687262336,3.3288750586499374,3.333093147369014
FT1408,4.3276294953681225,3.499671611686579,4.328232133017982,4.3284957164953335,4.369794318809528,4.304169036018529,4.382680639539588,3.90715493825552,4.229132297540407,4.384599123320239,4.33871650555344
FT1409,4.093440239116542,2.844165837218616,,,4.107575461790774,3.414548226098004,3.987769038754938,3.2690165783987584,4.166648274365492,4.253002985943349,4.132880686142594
FT1410,3.3576701550502555,3.6123482108318474,3.402903387367723,3.5171191672620736,3.3711215579505764,3.6723423365912455,3.5432316678319395,,3.1059927980958237,3.464851458509903,3.5646408234320495
FT1411,2.9926649546631015,3.457235416326756,3.404862212895244,3.182659880908504,3.041657542627626,3.551177707742142,3.5433403095582743,3.01809847640892,,3.130140180718457,3.4606718346442134
FT1412,3.971066470798676,3.080280351404133,3.2161840285071444,4.154009326381289,3.551702859891269,3.475936505241884,3.472690497672492,,3.394488885625784,4.264529345278163,3.218050634589107
FT1413,3.3501777962507,3.8624175113108237,3.973496331180904,4.226213077862034,2.6629256073541057,3.3027878801525703,3.5093251046713836,,3.388652564629158,3.700789500429393,3.20544037451943
FT1414,3.1567157509431447,3.7488917792589813,3.879891256156125,3.2880029442663905,3.436123053005652,3.650173078320663,3.488742488156341,,2.8983930021519537,2.8069851826899344,3.876194441426563
FT1415,3.8899009918078455,4.0493317612960915,3.8718580903891624,4.067421307572865,4.013900600990692,4.2669217904461,3.0547015773787076,,2.3432837193308274,3.954930086284448,4.130406371944425
FT1416,2.5091041701163497,3.1907809451408236,3.5244359742713764,3.636252341119226,3.189725003834857,3.225963100179685,4.272940722002662,,3.167464634107744,3.500425899977327,3.1325367934476036
FT1417,2.999885651873979,2.7294849496748768,2.81187985789902,3.262157241407866,3.0248859781114836,3.1194405834214693,3.0942258123344373,3.3956516971981614,2.6799171129504704,3.353607644395992,3.0370853087102505
FT1418,2.8668644223592197,3.1912475155936155,2.5384506825582736,2.488530776175131,2.827223311371813,3.140428989748444,2.9643082134040393,,,,3.3190834045572704
FT1419,3.5364453426819695,3.596087632569829,3.5293447777553424,3.62829325879075,3.623227739397941,3.654023412802882,3.5643387654416205,2.9532913743968874,3.124384592683247,3.3329732582067364,3.5493424379991896
FT1420,2.592597064385787,4.111528013249376,3.6396883253177794,3.2527396563594513,3.556355654516667,4.168995464946186,3.1814502115990893,4.048646629951468,3.0747229151990942,3.6749265601947663,3.747985390020818
FT1421,3.0890608048625174,2.893664557473202,2.989946104411011,3.7785242949692006,2.8155467378055374,3.2958781315174264,3.023055568383401,3.134853549317364,,3.4785485347097898,3.032730095903468
FT1422,3.082587768194105,2.8852246543445523,3.653965819889681,3.5069100175777743,3.1678390565466987,3.442568853427822,3.4895454346588743,3.4645529218922615,2.9361358453362625,2.7929885102740557,3.6568063279278045
FT1423,3.5042276953888254,3.3397126323123163,2.887760852846385,3.2630978069749146,3.1870755627257603,2.8896130103577526,3.3261264778961537,,3.5338299504348774,3.3816713269048186,3.2917702663016892
FT1424,2.9546788314872563,3.841301443286366,3.2309870014325504,3.5386829942886915,3.2362853166104384,3.1828778787890903,3.3950341602768805,2.8820007178066382,,3.5515236183098287,3.2778874437989574
FT1425,3.4807590042272567,3.289516846099593,3.1860125880305987,3.0221541340851825,3.4014134189034073,2.6844762877171133,3.3911365065552808,3.0215343129472,3.027161097091605,3.5842540047854747,3.4395114655581294
FT1426,2.963847004559736,2.9717676599014564,2.574683335812028,2.91600889773551,3.084234920861035,,3.134500843044787,,3.1258482606553346,3.1331769720898572,2.8992908029797735
FT1427,3.328694111882767,2.974700283449732,2.5473364248512227,4.974540996019756,4.950859998144145,5.0288557742730315,5.037902774315063,4.867226188215488,3.3592652548578767,3.1464208028581293,3.7532951015769758
FT1428,3.069222324665174,3.6587269886853107,3.846402765354759,3.2916301513221877,3.4130582499591258,3.091182884484203,3.516897614927002,,3.1282600672585335,3.02479294742631,3.2225478152937295
FT1429,4.178571019726911,3.4920890904270103,4.911257344786045,3.2034027256196036,3.7715935955041924,3.1469585096007786,3.262646856328954,,4.2890813182332685,3.0637621319717017,3.1872267475640994
FT1430,3.4344625027433353,3.3034176168172515,3.889490301676276,3.9124202329395126,3.8913202641539066,3.9893462435126237,4.024267600975595,3.777614965965629,3.845556804464748,4.16101936017399,4.012820181719636
FT1431,3.5852148345019423,3.515222023852338,3.541742992236186,3.4751023512214227,3.407351541323026,3.4157913962908895,3.273962371907241,2.855798170334735,3.3449365956437918,3.49655991800794,3.308470708835502
FT1432,2.952735070390083,2.8179914727655,2.9672414723790546,2.987149165423175,2.7738404495970754,3.198535130266088,4.301312030162336,3.145946075802622,3.505399046207933,3.3199571579395175,3.262541413608861
FT1433,4.602756721862399,4.612278151844702,4.39887512946038,4.637507734067937,4.628948824248816,4.671771647961935,4.70334143423203,4.305967137932708,4.600393969766106,4.709817548956576,4.617710204814985
FT1434,3.5117021622879196,3.510535862149211,3.488336865914351,3.037982779251624,3.5352097577856614,3.5224960087807644,3.377524653822652,3.4277073765524655,2.9836567039694706,3.9900710125472485,2.970793619457459
FT1435,2.6383099808170583,2.472281095040132,2.7222058945123555,2.883777576381581,2.8122840296850438,3.0204970266316735,3.2274056268068465,,,,2.9749252644029935
FT1436,3.073404726490666,3.5952696709457834,3.0362018359746923,3.337592195611012,3.162909790328015,3.7421653752252344,3.5458859386190333,3.33361491042956,3.667382616988295,3.7015373567376333,2.9875442129593757
FT1437,3.196105512261251,3.3254075551445625,,2.9411068399161944,3.5329700222506846,4.430535047000215,,3.219813205569961,3.0606047055087675,3.0440954161530835,3.2626612622585203
FT1438,2.959957445392356,2.9085602511516124,3.0928750430224756,3.2026000154456207,2.9912627105171006,3.1072238371118845,3.7150141000801864,3.0969033405504915,3.1650269417928234,2.813062037842104,2.961275499865253
FT1439,3.357693768769316,3.2347437826990264,3.2523474420525726,3.3759509740738447,3.2005363526674895,3.2247223529014275,3.190162205478424,,2.957148468619349,3.1064437302916765,2.8299775776455136
FT1440,6.142612429072032,6.138852152524063,6.210786322091599,6.198788405083496,6.156913932263256,6.209048505168776,6.214477506459122,5.549475190395388,6.131126099438941,6.220998175338558,6.193709567664316
FT1441,3.6574165928449975,3.654461247405089,,3.6825517294321006,3.8492505850612484,3.7217552316569,3.8185881282075083,,3.6119948630946452,3.650091848340274,3.7408883178032775
FT1442,2.9411199816286535,3.048554906792875,3.260651607622552,3.112135637011758,3.138926433150964,3.1211584415246825,3.3484950704370737,,3.012502485702672,3.3846600418769452,3.210502231511903
FT1443,2.7121634038117866,3.5357581944387455,3.2634024570653493,3.5216845542775994,2.8189637800263054,3.498995870154544,3.1380707581697314,3.2826316511145865,3.1838978701180634,3.358837839510659,2.545461484027517
FT1444,3.715797989608454,4.009315743476464,3.720526290971314,3.2082419080102067,3.1429632048658482,,,,3.2511401497130947,3.230169058793772,3.243652028055922
FT1445,3.0508779544496725,3.7047018765912516,3.5209472910546706,3.493733526305229,3.182594641511993,2.7445531110362866,2.90643596805489,3.1937787711518637,3.0552150966605502,3.1003559817503734,3.5750097717553233
FT1446,3.382389181944294,3.2257807837012393,2.7696848357267068,3.4039950152474665,3.2891759016097746,,3.6872105118269407,,3.510177311069118,3.9132085833756616,3.318301919650838
FT1447,2.8092116331936277,2.9081520133602465,2.911147374800868,3.557679170713438,3.4416692118645646,3.485553464355343,3.365050677615282,3.012013702091743,2.8002598663236453,3.257530250677364,3.1346949894842555
FT1448,3.561267285079111,3.200798823622939,3.254426450454366,3.427911220253897,3.463642932799846,3.516370006662268,3.4888219829121607,2.858870831002557,3.160770897519804,3.348499406049493,3.258365843104762
FT1449,3.2845616799290767,3.344011596639253,3.407253000042447,3.4192891081662276,3.2104495782041687,2.976643771691031,3.307215737649348,4.164206972783305,3.823711617669819,3.02266668182879,3.4008036986998222
FT1450,2.414515600316002,3.5642714958610577,,3.334028770474214,2.7204473176967143,3.600581551661111,3.159149396053764,,,3.430108069014053,3.358077062153124
FT1451,2.6431662210136375,2.54686167592599,2.648345219061987,2.808687010775236,2.737933886604392,2.8211815367385715,2.7448716020615076,,2.883420266683836,2.642904868069322,2.610828150993066
FT1452,4.185146252134112,4.183384788999922,4.267630630795494,4.267348968017948,4.294416533106871,4.306482788460951,3.6573781310547635,3.7786928350726914,4.1678963270025395,4.2946370757647285,4.219728889661642
FT1453,3.204618457312803,3.2346024883761744,3.233060388625794,3.2697020565475836,3.2944330526583254,3.2112360179625274,3.200988170857167,2.910125989782342,3.034882060357684,3.4227283756972833,3.286235087705759
FT1454,3.535065366261438,3.4830308591193297,3.4729212211987996,3.45637472183817,3.4737879276464283,3.1649490508530294,3.066138744266106,,3.468746546315285,3.1426269495260937,3.2050906837312123
FT1455,3.598488636524765,2.7855436304105186,,3.3359507051885964,3.6732208808674662,2.765864640604998,2.6876799462096495,3.1264987668687687,3.263552556351045,3.1716493875636216,3.1804352449355084
FT1456,3.396515404647853,3.397655030731526,3.4379694880467815,3.2435644790523717,3.143892580293136,3.646520418145817,4.3847185178510255,3.211406839581756,3.1334694447747093,3.345750097675215,3.2537427468617612
FT1457,2.9052995696766404,3.8762185708332497,3.9687127081998774,3.8398547718321723,3.403322861925198,3.5314775357246475,3.7961179600216077,,3.2603031207210282,3.922106193216668,3.877191708816404
FT1458,3.0482893027310825,2.8069014868279267,3.168020041356667,3.283784306389084,3.287764221609123,3.359466236503449,3.098292207946601,2.9809180584392205,3.0843143398756276,3.318773907713472,3.129587079929132
FT1459,3.666755797689732,3.3493186320184845,3.8508462537513,3.796846389856701,3.727362174327729,3.6935473454313765,3.72196759455758,3.3466437152124273,3.6563868423568677,3.966379490969682,3.070218180470114
FT1460,3.4743659635206177,3.252131812556049,3.458334323787755,3.7229138216829964,3.5154270617357883,3.317797226043566,3.5000669245245453,3.041462084884037,3.387796308296224,3.5512525897294025,3.608480522662948
FT1461,3.763432254401933,2.8526601230825515,3.1655275855721636,,3.097229659764632,3.7528720324523666,3.39946137074674,,3.459375208253806,3.4407946869072794,3.612363733241438
FT1462,2.7060661820961287,2.770108446121695,2.888761799411872,3.319507710983188,2.9025157978473346,3.3865869911966553,3.3538876841692695,3.1647756110497904,2.751676898341917,2.7381359911814505,3.731895742956384
FT1463,3.3798128463814843,3.335870684079271,2.74447198457578,3.138556851957577,3.2682141890628955,2.768192659348172,3.0740029080717655,2.822679977541495,3.116644371525154,2.766607845804524,3.3753467235038843
FT1464,4.7355369991567295,3.339890322711442,2.5194741992683083,3.5364851190686966,4.797707903082088,3.5136380432816217,3.2565974845698817,,3.2450509804847227,4.8502019923171344,4.834702298624722
FT1465,3.3556953432878402,4.736938932254926,3.7807360232382785,3.587790839769992,3.6609150630238045,4.8566008551417825,4.903424403800933,,4.79200113721309,3.5691982442507015,3.622962029104677
FT1466,3.53739480781536,,3.636799379114837,3.340931051568993,3.3198938432645404,3.6322618802445747,3.166108187976535,,3.500902770466817,4.6597594427074345,3.197423264637815
FT1467,2.7187438634124517,4.028025036204619,3.8742650818109863,3.532847954082337,3.2871707802422963,3.208867158964864,3.3589654844098495,,3.720179490672436,3.669308483119293,3.883710574649901
FT1468,3.6570545847424927,3.7562235241694126,3.7874617145876006,3.68573045711816,3.6500548992675705,3.6807668225964547,3.7508732069625954,,3.7714684886439187,3.9375178357774763,3.994903538624679
FT1469,3.3564487096904094,3.186522738081778,3.4453924433829233,2.9067388774619185,3.4171709750785024,3.406044710077519,3.400068669449018,2.8426469370066205,3.5991202285726884,3.3287072932588426,3.1206885548963004
FT1470,4.305328771070564,4.3282174200928,4.312959820475807,4.3048703177511465,4.334405193709204,4.309632245951488,4.4114606854838705,3.4034421781506605,4.289028368539294,3.7326064280574394,4.328201160832444
FT1471,4.220642260321464,4.187505338163307,4.2583854536371515,4.107222759685503,4.13995605473495,4.0241135348153465,4.176445431663318,3.172281032499926,4.00726750233807,4.167619780750205,4.131394957385192
FT1472,3.080588146955443,3.683101500287691,3.0901649840691903,2.7628838038844385,,2.3972268735366673,2.996802874574181,,3.2081047631608364,2.909859198280781,3.0394988081204435
FT1473,3.0357938164479967,3.2064186922045663,,,3.122395688010611,3.028164535700293,3.6995744457007085,,3.106279199890869,3.2097532813770138,3.051794418138023
FT1474,4.584699815478142,4.417206666895762,4.607490855397475,3.638203505414751,4.582389568488889,4.022614537439615,4.664894538918979,4.23587822421711,4.60286078898997,3.287816268101441,3.160879361217098
FT1475,2.6329909911635396,3.3912409529071446,2.462471364280522,3.0526897322480013,,3.3554652515354744,3.3428399929586985,3.0889624554304524,2.6360097409492367,3.226516396205049,2.4259725859347325
FT1476,3.0082253163713584,3.1634291066606974,2.9973987795047545,2.8823949819523196,3.112295670377406,3.1708791925812587,2.9669823744593384,,3.2062191949066845,3.1313133752654236,2.9492193689123143
FT1477,3.4228854726477587,3.234277347071553,2.9065429595641485,2.867859157630273,3.1048751357499187,2.7093627074266586,3.2949971393761004,,2.9075786632087297,3.154527939394008,3.1023847275332446
FT1478,3.4598366173989255,3.487451085255446,3.2559868667044434,3.4211972625404528,3.4100768606042595,3.4265504274834897,3.287515377286654,2.8747921379296733,3.051152230378735,3.295605033887257,3.5437439778627664
FT1479,3.1768877928805113,,3.2595487434924606,4.661084724866166,2.837407236326334,3.172802206537912,2.7913003277087407,3.2148133438255972,3.3847083100733744,2.427908712073243,
FT1480,3.235819431117808,2.878434088725883,,3.2362770462242825,,2.995890303612024,,3.0823498479362517,,3.3904317767418113,3.200314059330411
FT1481,3.19904989757118,2.8596042248809734,2.689085081058717,2.732076127819139,2.503685122185945,2.7916944421560883,2.75333509796322,,2.6814400200067996,2.7963196550939324,2.7292174288392417
FT1482,5.272897059330672,5.28729995075899,5.332667925452785,5.3308595114946105,5.297485210534063,5.344702315520765,5.354115571315402,4.599048420306758,5.264869390762105,5.354413735898702,5.316700943576902
FT1483,3.3231053021194326,3.6545233963028343,3.5768547323585476,3.5596589741733307,2.7729962276549287,2.8522237521606404,3.7406351619212352,,2.9324785997655924,3.6354439913810217,3.730670900073508
FT1484,3.282684784724502,3.361818747491809,2.540023809358805,3.399519751143165,3.202433978308888,3.26987606242996,3.275169416951612,3.077980109913285,2.9406109729273733,3.223909577069601,2.8479802822093254
FT1485,3.244471268751163,2.5650976911081105,3.4662436899597955,3.3232777128410644,3.4358376509338444,4.691461824016506,3.063362595244437,3.115054763976845,3.4487445718455034,3.525491905913472,3.2630947766718754
FT1486,2.802101436339644,3.2530912622098747,3.071114383085332,2.9028658553596283,2.8952816622550896,3.419706130764275,3.267256489448967,,3.1452754179016567,3.4439894387974084,3.1208743281812814
FT1487,3.313721393524219,3.5916683354294237,3.6185065913351044,3.2219011829567052,2.9802890646368203,3.412415772519657,3.2605950616287416,,2.9935410926954056,3.1617677707923244,3.3304355332679205
FT1488,2.7983786828013186,3.358273583242835,,2.888213219817965,3.4763225740358012,3.4710779472146394,3.040499025017608,,,3.3130123755931096,3.457434744700834
FT1489,,2.8473176653227523,2.7496841150302282,2.6780492994148504,2.510776776287914,2.8468150239466814,2.638416833168611,,2.84344135399492,2.6428331598574224,2.732768017634778
FT1490,2.843073126889595,2.739172174828012,2.6345983781822397,2.725416511771627,3.2263664353299286,2.6784617955554686,2.945540609154917,,3.0338427807482047,3.05522031943008,3.050112008656917
FT1491,3.4242098356080035,3.3697642754803283,3.477739425884331,3.4032734465269154,3.5016247928593733,3.796091126508642,3.619605700368253,3.5115565449534754,3.640994144528198,3.4589063291346895,3.2724323114702085
FT1492,2.9072227078522386,3.146485245819977,2.929421498207817,3.2486298816989714,3.3442572194151188,3.164496975585213,3.2153109613206983,3.0003750998220435,3.2000802291229085,2.8669111241608007,2.8367266681310643
FT1493,3.0507612702227753,3.7617104352923634,3.09845516947436,2.7605408940233764,3.3266867946151533,3.344131565212995,3.7309154100061015,,2.826810053485078,2.7341332265985034,3.63616661551937
FT1494,3.6878090843051043,3.4296367514874504,3.086007114310881,,3.6679899933987725,3.7861214707609094,,,3.1648438927659432,4.315471550189559,
FT1495,3.986669530547662,4.184168266088282,4.247514632034414,4.148170416153542,4.285829535512881,4.290608232757708,3.1045596755391602,3.7764603017742653,4.069986917975972,4.318190767436887,4.023587941398672
FT1496,2.8117947271409336,,,3.1051303594037507,3.166921159625183,3.0935785027975973,3.108912688637201,,3.1910166927887276,2.843892236973697,2.933402629168515
FT1497,3.6769025277698733,3.8828803981265954,3.3914390372969865,,3.424226965814147,,4.328987418834103,3.298851549208832,3.492799968456388,3.522882399592683,4.205529469635792
FT1498,4.32211520066394,4.380731775807542,4.350202997721144,4.313564552867497,4.348777911705689,4.392484196439,4.415439573596277,3.439708200534085,4.331973129304241,4.489379165688733,4.362750854034098
FT1499,3.0800543859815206,3.880405348734784,3.1194138942072955,3.3067939716664156,3.3413602435558563,2.958551292836505,3.372943461299563,,3.192090570630184,3.3148755567932673,3.4165908753903
FT1500,3.2807323163638853,3.1913753632270576,3.1142997428589005,3.2250342292020897,3.415068233147021,,3.0735886078640955,3.5037140989865465,4.108162526230216,3.3440343158348953,4.172290175652219
FT1501,3.158439814175495,3.1251634291575665,3.449159853122461,3.537103273944858,3.5879384971013892,,3.2857091890349106,3.2362288937780193,,3.1436481606445414,3.3842318614294524
FT1502,3.3737889644227392,2.6147286195459154,,2.9930757975125255,3.263377959724642,2.5675465002110625,3.23706517195426,3.0657895311654055,2.8620649760753087,3.1427681110005308,3.2279769547658437
FT1503,3.84219257427779,3.742411647736052,3.3216328774768877,3.4087345677833616,4.17654817819584,3.014619250291723,3.407664885437039,4.057258704077944,3.500898203644974,3.6601020597136857,3.400206960065565
FT1504,3.3241334182633406,2.6080926508927487,3.2394539314513664,4.877254935626559,3.331486342673889,3.339579142952003,4.247330671331046,2.8471470697148518,3.3182442968749237,3.556960317154479,3.5245755911417436
FT1505,2.898761148205512,2.94335342689649,3.187884795306652,2.853464694370726,,,3.1120747814971796,,2.9947614942674607,3.008507680724598,2.6669773083476316
FT1506,3.549555823395452,3.420000539900373,3.18381002541073,3.3133379541022623,3.3702481485011884,3.4681921290082323,3.484931389792202,3.408398019695218,3.058295961801474,3.5426321334692923,3.1878909759143865
FT1507,4.790006860887447,4.798249829370433,3.332344041422102,4.193676146295041,,3.2375896096088512,4.939639171679461,4.743191621808137,4.85748955388798,4.866651878374318,4.830070224855909
FT1508,2.9014627038376326,3.253235746157162,2.754792008156757,,3.171936097524726,,3.3365034348289435,3.4195080771596396,3.4176679713853293,2.8672616836518356,2.772585736483129
FT1509,3.249487316285184,3.174209337438772,2.887071312017815,3.1950780701822117,3.194742478019285,3.4199282763699816,3.4637028079050474,3.0743920587368825,3.246207852193794,3.2184467134662746,3.1058205485625594
FT1510,3.3038171085145063,3.036988011088425,3.636242576026966,3.4096097251591595,3.316367556876197,,3.2505992553591643,3.4296940782820884,3.4391486592634086,,3.114567706050239
FT1511,3.3618922785966,3.2902154409390385,3.7667981394304118,3.7630295991407783,3.7404999160770154,3.7576762893528204,3.883497821129875,2.8197097549587906,3.6588359855456565,3.6453672897110256,3.8041377180766554
FT1512,4.548758168072303,2.9361870262141583,3.3838168767296555,3.4049016248671675,3.392387562678283,3.1040139107923697,3.17650176649403,3.1167369325976644,3.5096725018628225,3.1129595289879886,3.0921957895111913
FT1513,2.841114864244025,3.229779371554367,3.0072422291574274,2.4426468887574933,2.222183736911912,3.152009665089663,3.3978527237687635,3.0534923569985666,3.094377991107077,3.2524743395381956,2.990893301435397
FT1514,2.414515600316002,3.034428217978767,3.098717661850134,3.0009317367780826,2.927942707380225,3.648153815182572,3.2366681194274873,3.5459293988111154,2.890084710184392,3.300091149736792,3.3386968196956652
FT1515,2.655174703670446,3.334102758471975,3.1113983719332405,3.163902750919033,3.0359329305546683,3.374672246157561,2.7620471894468763,3.0468300047054173,2.9319164812032086,2.8730196735919504,2.7785789076461205
FT1516,3.2831988470420317,4.562791904106384,4.512150789848695,4.5890067419755525,4.273752530786882,4.6269806361235,4.658928942342838,4.196786158033571,4.551299871470475,4.635650301868717,4.575920765343971
FT1517,3.5670203888426455,3.528789459486555,,,3.5570282958569712,3.896563397924812,3.568292037429802,,3.3881811041176055,3.50204318531473,3.7738340428648645
FT1518,3.2010145583707392,3.255206561768979,3.226143383445528,3.050015985205788,2.726710734822607,2.6761275917495952,3.006130172017005,,3.1969671917587603,3.2128858744895377,2.829656982746813
FT1519,2.7010479482549643,3.4181604431423662,3.3314065603180465,2.9472988627840664,3.387576478026226,3.3780193809835364,3.1889074895673657,2.724427502270551,2.997585173423546,2.955354157688471,3.263069888215858
FT1520,,3.0936134815072096,2.837557716821286,,,3.273062532128689,3.205614745205779,3.0340934689052936,2.5968922767569618,3.1626417990355993,3.3513301043611974
FT1521,5.9926537462296245,5.992611593778917,6.05050943965527,6.0038547715227555,6.000668526849319,6.062814049184743,6.0534529245142235,5.383401894608632,5.983965774781526,6.047576949001042,6.022924370877739
FT1522,3.8422975833543536,3.8702322204259416,3.964988649663159,3.7407938260318714,3.9529645648104426,3.9913183678431365,3.8873197938592003,3.1481589977380873,3.0718922941031748,3.590618372877617,3.9715719054248213
FT1523,3.4181821133539447,3.0313797328142393,3.5967320597399577,4.051896478565648,3.7236516150180563,3.592785446667734,3.7442591029851564,3.7802839258825376,3.6889304953130364,4.001278878328193,3.126107011968436
FT1524,2.6316932823178165,2.960214135983204,3.1210711375272626,2.9945624689656802,2.8293764276004323,3.1624721558160354,3.1812742044935884,,2.8859750906830373,2.992311788708761,3.056124042138619
FT1525,2.692254376689906,3.4106394042829855,3.350336620301768,2.9556875476564155,3.102922753071365,3.486046727381487,2.7256414625105183,,,3.3223187184974603,3.7286006953265725
FT1526,2.5325384651962186,3.1989693621716695,2.7206652418154302,3.270328242945978,,3.2520810984171127,3.194161861620683,3.0331327601634968,2.6093144169978264,2.9432816297687685,2.8589605080161173
FT1527,3.735982407628553,3.0626133923193493,4.34699263539843,3.2724302669444927,3.3769193615308675,3.2011040374598387,3.3120132626339474,3.218371143365379,3.2064061032117666,3.212889229318637,3.1183396090399222
FT1528,3.9024064866676875,3.3128004311316297,3.214142725854582,3.4584803971320506,3.289014028088241,3.5782514943779518,3.473294838914239,,3.5784302777402437,3.966574862283727,3.4618313195696535
FT1529,3.1227749734969588,2.828139452496022,3.3651460262584587,3.3034710108393313,3.417511714564296,2.9796366040926743,3.0996215742303765,4.027294816514644,3.4369757777317376,3.3960751054972964,3.3139984230179698
FT1530,3.283028108377413,3.111913827558709,3.115039830752667,3.1294606827198375,3.096552531036733,3.2727690050253275,3.282636451639699,2.92500059351697,2.9836567039694706,3.3352404476782542,2.8528894683612367
FT1531,,3.214762710985487,3.379475064638333,3.5403413724468535,2.8201101594142575,3.2050130898555316,3.5376775611668134,,,3.4264653175585127,3.534853031855399
FT1532,2.6501568286436314,2.7186993664397003,2.725747134395354,2.7542650679626557,3.3162981121771162,3.2444078308540947,3.229132052452924,3.0437440435216194,3.207182052653276,3.0850801743685086,2.9154075904247625
FT1533,4.149657159327081,4.161682043641746,4.18592117197798,4.1919963575774135,3.596364711362419,4.239543760170739,4.010107139827214,3.7421597110826066,4.177083273775967,4.237192431185475,3.3206535741175442
FT1534,2.6852329005530513,3.0927533143066555,2.608102198015104,,2.7712239205753932,,3.13446436793969,,3.076134302179105,2.7956761059332,2.802223340138985
FT1535,3.289183289725588,3.37610755312015,3.4005715063290585,3.465223167584446,4.171800239347812,3.156542434708224,3.0591792805042495,3.335341794551685,3.0612488995296387,3.2736256688286995,3.1987991297612064
FT1536,3.364300249027609,2.7991596642204724,2.283924964920848,3.4094555786057774,3.4331173783098614,3.35913218331827,3.445839668614096,2.962625763000269,3.10607631641045,2.8679407270957733,3.1539189468402773
FT1537,3.831842601150429,3.7469509104884895,3.5075134854270043,3.148097960968897,3.8746133620703254,3.7240162980600626,3.3697304472346294,,3.705796777396218,3.807745440242448,3.6916819977155324
FT1538,3.5903937698063433,3.883673946368289,3.8698002445366444,3.6627516360825356,3.641787505661347,2.831538946342142,2.916044447624067,,3.6793195231556246,3.80253758626189,3.7973506885735446
FT1539,3.524276833176464,3.3455016669943474,3.724849895068821,3.5809528577142857,3.5417499151238556,3.575296766359054,3.1261833219232162,4.541241906179831,3.4835538107173942,3.778247181721048,3.6463567471371836
FT1540,3.2998147445898116,2.9897027233400766,,2.840991700700129,,3.258585665154227,3.341329417828139,,,3.489289341458782,2.8473764756924473
FT1541,3.2341601421972497,3.5344569521787212,3.1443362847504615,3.9447671249624943,3.1647041902589033,3.6328575741488285,3.2101951545057728,3.3668312287689144,3.616043096997488,3.586808150262508,3.8115243430976085
FT1542,2.7407483364744447,3.1635909378831735,2.85318399151794,,3.232586618061832,3.149698110090898,3.109620028963155,,3.310420166038394,4.734644018062291,
FT1543,3.6052276950717803,4.6434052694005405,4.6671034060787235,4.708575195062034,3.6136565975830206,4.721071146913339,3.2794893101467517,,4.667047458284935,3.3028997480136755,4.720184947306305
FT1544,4.339078130774383,4.387479383861114,4.424981758778903,4.40039050260871,4.380243514200406,4.414879670484478,4.4570763164200375,3.414117263475941,4.339859614336619,4.464072734363709,4.456100878767093
FT1545,3.213213085363233,3.60165039585005,3.61483590799735,3.8202699156358872,2.697918455675521,2.876634509076877,3.3037580739389605,,3.4210286168596697,3.727179574840435,3.457479769933621
FT1546,3.244141613999677,3.240969377706936,3.330092668581665,2.813568998814468,3.207963741624415,3.112803160164068,3.053788730512438,,3.2722579243714995,2.9386507951725274,3.1939263836038108
FT1547,4.080216160301592,4.04111241912113,4.06635709206373,3.9062626878407727,3.8348762293141356,3.892199951498417,3.973479451820737,3.366477172288907,3.8617569362859734,4.005539549308134,3.969959195366883
FT1548,2.8681420149669172,3.297091524927223,3.005069258375474,3.3322111177013354,3.639792815938527,3.289775595567996,3.706465306093086,,3.672686320715966,3.432156620716935,2.8744493967559865
FT1549,3.699349562749759,3.6800505500137004,,3.5501058009133555,,3.5309973774146584,3.0612052381644244,2.901511047466021,,2.9461496669638194,2.483997655216123
FT1550,3.3941940775909676,4.393427329691598,4.531532422586828,4.573256247434723,3.109202752056556,4.5516552434107105,4.58761662115198,4.178715360430003,4.5066636826727695,4.575672136790161,4.522387453832582
FT1551,3.2137123145795563,3.348512255852055,3.254820085686588,3.2727590654698515,2.994729585638212,3.252391254039613,3.3178523404239004,3.0221324329214125,3.2117715082514864,3.273543395866316,3.200540321060016
FT1552,3.1432822624259398,3.177810653765951,3.076830633655403,,3.2444377633412107,3.250068009718703,3.0481093097732037,,,2.657809039794146,2.932309011874909
FT1553,3.5379396761684383,3.1648498340650577,2.5425376505532795,3.3090687237994345,3.5499628917230908,3.3186483956316546,3.3294587729436573,2.9325701333436274,3.1797502991262316,3.153741997279999,3.51676697962322
FT1554,5.182069593248422,5.194962661436141,5.236957703447931,5.213174655231296,5.195568248800163,5.255643686256671,5.232715219762408,4.498200975598914,5.152506953541408,5.253860633841877,5.2208499343269725
FT1555,3.237398331529291,3.01064013673985,,3.2041353906324574,3.1497655990657347,3.35891965003546,2.9337219032241837,3.087499044961662,,3.3140360268699354,3.275781945591779
FT1556,3.365538365617762,3.333620108493747,2.8878774403359557,3.2729471619195074,3.156937680479631,3.1748330388255677,3.295379093565259,,3.222667546572624,2.889232672049692,3.4088915749362996
FT1557,3.387796001619335,3.4034588654401414,,3.259020155233973,3.1567812251070935,3.3976065981143195,3.353628203916723,2.7268439759890315,3.133158371807615,2.8964943172259345,3.0276006925957564
FT1558,3.846213681923106,3.1447332756025927,3.158407111246665,3.300709238631038,3.9636972003457105,3.6147976478660087,3.157807573923847,3.2685047365266047,3.8204096947133106,3.140151529453522,3.0940519386779117
FT1559,2.669995512316779,2.7313517638231826,2.75807385164247,3.1994404879497576,,2.477557951387387,2.690099994093476,,2.7527821127743235,,2.5866488347259105
FT1560,3.2294492510944273,,3.340497412458102,3.1449636586019745,3.4895761984257425,4.072209707402813,4.23007006512027,3.1939274992436264,4.115425160323539,3.713414940078545,2.7557293973369843
FT1561,3.4046285342854725,3.092611412160218,3.7972716253774323,3.9085297244844925,3.437807705846536,3.2500751714389473,3.9715579046873732,,3.3431557546497084,3.149010693745044,3.0661723380818313
FT1562,3.303325718298455,3.0609145394026758,3.1641557778415326,3.2359192665520995,3.0441257907638763,3.0880861007333777,3.345479494711645,2.913276997173299,3.317501179659927,3.473635356188417,2.8923686513977547
FT1563,4.124900984584442,,3.2899997927172553,3.9726523242264054,4.144432494690365,4.14843076257086,4.101254500317273,3.982114928210434,4.006513117990354,4.160771294622066,4.122847793602963
FT1564,3.779836881208928,4.3613194410666365,,3.9950428324260367,3.8257061259922636,,3.763855687541644,3.2084200316601565,3.793987440190095,3.7429160039268714,3.2130924916696113
FT1565,2.89100015403928,3.584748225561301,3.524489147319012,3.443611586025636,3.306098253491605,3.374385692445479,3.4434993937843674,,3.4302738177184517,3.5741690770291195,3.63917110342533
FT1566,4.333140188702564,3.6227344367295675,4.406690791926371,4.376471528536335,4.399150803134167,4.391307048406559,4.486956761277394,3.6110199552384983,4.321885706283275,4.483530668724191,4.382521885019551
FT1567,3.5214355131575643,,3.8432542140356567,,4.0826440854985995,3.1209886597380168,3.462260109991188,3.6802724580287616,3.37449527793741,3.573271142868104,
FT1568,2.7902334027915727,2.5721432282244576,2.707717808041571,2.9590036727440867,3.3599384984331144,3.451991594307749,3.825874815678195,,3.8842515653750294,3.7049417172962906,3.298545809845534
FT1569,3.2564800203403546,3.2069481536614814,4.098731990674505,3.3842284917844614,3.314220369669605,3.1928745376633283,4.1118300840941515,3.9006905250406687,3.5484428790882054,4.1240387193137895,2.928290335837224
FT1570,3.5993280886358114,3.5970588254875793,3.282113121083238,2.978179330179583,3.2478373547462285,2.844719974132956,2.798953675207876,3.3649417271654323,3.239245977244391,3.2559075508710977,2.94065161808057
FT1571,3.533305380107635,3.501164973338455,3.6585862442654467,3.575203472850333,3.5057213644856606,4.1177578919346915,,,4.095724846367772,3.224643664043094,3.4217468141568586
FT1572,2.798531824344523,2.6288923297128117,2.53161229199401,,,3.410756833346815,3.087768485932445,,2.9373496061020252,3.0429660253969195,2.7724094936190116
FT1573,3.195346598857774,4.695276774356936,3.1840068169360567,,3.195781051916863,3.070000417544015,3.1451107471458997,3.160337649758839,3.2615796165752347,3.197622986163843,3.390532905318397
FT1574,3.5049704670393815,2.829076325586206,3.5789600212017514,3.262019053365815,3.2229174948998733,4.808866882319943,4.819844201692678,4.633675126918279,2.9652634466460666,4.736353056792053,3.1294133764269807
FT1575,2.9063543696925285,2.4302020901797885,2.473767285944035,2.7603614295231287,2.902577200901547,,2.8503235061823267,,2.9495152054088076,2.8183727195594654,2.879375173195219
FT1576,3.559080485302904,2.822880012600255,3.0863123309110043,2.809764522516077,,3.5269479653204843,3.449957294945124,2.5495533140961193,3.2007059508604665,3.8204329750761983,3.301605583145068
FT1577,2.865229275111587,3.5089972254001376,3.568984482517671,2.7958591486794973,3.726720923377131,3.5676267101940873,3.7217249669141084,,3.501047849097415,3.166423630650688,3.6443638240602176
FT1578,4.69536641097705,3.448659733807402,4.6763324359530385,3.6396632281431973,3.30771858059992,3.091259535846299,3.299668627494457,,2.8143118387560806,3.284757831847815,3.3746005361728777
FT1579,2.842304696411347,3.2365529066911143,,3.1906288721325513,3.5534738072476975,3.962142307880071,3.0941567979482714,2.9425629603251036,3.8752420690433476,,3.175840071027232
FT1580,3.244048472507048,3.1475502518409897,2.869998160059713,4.757628323040744,3.203845446996397,3.2691907121797934,,,3.105715956890667,2.781763399673607,4.737408855382885
FT1581,3.295613429153885,3.007601178063039,3.1069565212390486,2.8606928999279924,3.1600234343567277,3.3528884155770857,3.004406961267053,2.8765689805589996,3.296073441804778,3.066257619067412,3.244048933060263
FT1582,3.1347796401697248,3.0565735941746994,4.468131238731271,3.29157403487029,4.465143470568317,4.528981954992269,4.567734211779744,3.9332841154860487,4.4874721767146335,3.6689464297107723,3.6510326306271663
FT1583,3.8740603415504173,3.802652043669416,3.716954273406093,3.8244107684010418,3.157225507067908,3.305224140722312,3.800405403808767,3.2366172574177345,3.02742788084162,3.8365157520090145,3.893034966197455
FT1584,2.695810463253921,3.0767634778050077,3.0592405858703797,2.9416773611478035,2.8400556918276596,3.4528685015784357,2.9726106596867443,,3.0400748290558957,3.2996490875353643,3.1677764750920745
FT1585,3.4744927587597436,3.794108248599573,3.6463850010373475,3.7599849471409605,3.6502863179138645,3.6584362325480875,3.684842042437949,3.018264272891887,3.6151303074499994,2.9896237835640314,3.840868332562118
FT1586,5.827903799970253,5.835376090723978,5.887307100892108,5.848702864736823,5.839155941096436,5.906130897179518,5.892011277073063,5.175727528338355,5.8202100042823295,5.888474270181001,5.866042456168133
FT1587,3.2037537262657674,4.013745189647421,4.2760631595440355,3.944872447624411,3.98321065331769,3.1371154421139895,3.303216773851645,3.1480406723740026,3.8577717685224955,3.547484182288549,4.022053287135932
FT1588,3.1770538076052723,3.1484268772419512,4.0162373383853565,3.1716510289335043,3.2313667318426598,4.078606049121693,4.069311892522954,3.0455222298976796,3.5130809648096,4.062969849028942,3.040369656319037
FT1589,3.1455656853507694,2.375063478364223,3.268932605282893,3.1999801847421585,3.889865381722847,3.4103526708768497,,,3.2016707210817867,3.1683725824666467,
FT1590,3.370348187320234,2.39147169747105,,3.1994552124601947,3.2862448380369678,3.0180172676204235,3.281198442798019,,,2.841669002456682,2.814230689976892
FT1591,3.4950005414592202,2.3946358210018768,,,3.652768028700145,4.292125898067993,2.8726102612162236,3.4975311500054986,3.30240383146558,,4.236549295805545
FT1592,3.142813302474379,3.214001099639442,3.049544590359479,3.283955065424154,3.3951585128690964,3.2433489949480028,3.227895741910539,,3.302487842511727,2.966893179469739,3.123533929605934
FT1593,2.988828826809598,3.325649072080034,3.02776955740771,2.877139536066571,3.7351544711074043,3.313548909079722,3.739535136024742,,3.0220323394854036,3.4091043899159,3.0921347524353204
FT1594,3.8592404798837907,3.2840599068636207,3.100398331768504,3.191124154787703,,3.295810609103759,3.2351801322484888,,3.639336484829407,3.4415152060448024,3.7487144184816588
FT1595,4.014589254308816,4.04918450731517,4.069569712025587,4.037689009923232,3.378352673263223,4.126498616553604,4.166325226037335,3.61430107896731,4.052323237186778,4.203008043131639,4.1245487515202655
FT1596,3.077697773911509,2.979956818560647,2.940547991020987,2.7436269297914073,2.5398514269271364,2.8130786352604766,3.008977130457473,,3.1233688645231843,2.769641895423236,2.7488339066582026
FT1597,3.179864242108465,3.285713189844817,3.175360929336479,3.246771379963136,2.9329815267060892,2.941951141157167,3.4949622812993835,,2.900630527984685,3.077634427929935,3.0480990104018892
FT1598,3.8890734293328286,3.667806879140146,3.684314355756913,3.597410657582955,3.479313694306346,3.65043292358228,3.094316451720448,,3.530805393917776,3.7522506329896643,3.2423870510322335
FT1599,3.346566732755141,3.349017517334951,3.641507028012575,2.865605796564181,3.1719771752984887,4.60713985857516,3.2915629888417133,3.3353130235783315,3.24584273716706,3.646898001374199,3.1389243996013403
FT1600,3.2832971004606324,3.2089695725390945,,3.1104476798107608,3.0704071943353624,3.113032282495736,3.33704309325965,,3.0700545057864463,2.9628797841391754,3.240169750082741
FT1601,,3.2088376388928532,3.2391610185366813,3.2076825602108476,3.2350528675285166,,3.0549921410537157,,3.217012207835122,3.2665536056246034,3.688792172941675
FT1602,3.6840390640553857,2.8283699983620827,3.9526545309209746,3.2818200446825476,3.8610419663845734,3.2125001564874363,3.1505081340542684,3.3021907342097063,3.8519175374641828,3.8855491399204056,3.851217700854249
FT1603,4.489347809451218,4.536192135158267,4.567089826740931,4.6081511359711085,4.600709720177356,3.747164199872426,3.178449595269589,4.38263528635078,4.547031462927389,4.5911194705003755,4.5820042783535
FT1604,2.3700872131450015,3.551532184222285,2.9539549617258096,3.7622877025067374,3.3307650677857867,3.1935735055532177,4.680422071082619,,,3.904861010714482,
FT1605,4.290072228367838,4.35183221057862,4.413016107306867,4.368465869748714,4.37597717889162,4.453115378330937,4.275296099300549,3.5274235700651846,4.316543583505593,4.465970631193745,4.4059021628249155
FT1606,3.8361465855649506,3.8001393627994418,3.0612735667492035,3.7500581615373383,3.371298549594079,3.871978054419467,3.870977586761745,3.4836570000734746,3.775465891779294,2.763963272686473,3.8607557908213725
FT1607,3.3594785921659374,3.1678557375682814,3.3986017646715485,3.321012901965667,3.282569155879907,3.5690989128017936,3.840675124965443,3.219470792235521,3.2446524522342206,3.651606823080586,3.3354806351972397
FT1608,3.1220326419454443,3.0845656096033753,2.7934239309234528,2.698972550696952,2.8930326649405433,,2.796425131555751,,,,2.7534201888644168
FT1609,4.400001798688998,3.3503555365206736,4.40234084127821,4.503180142561932,4.4568253979565196,4.476682673477085,3.629334120896262,4.1554166845704215,4.434406233420607,4.494048064037108,4.476469517035732
FT1610,3.2584039492835357,3.2793822257212795,3.2888771858172934,3.276349709322805,3.9245855207277685,3.087873246208188,3.312609132846366,2.9746189361542004,3.055176017188222,3.2965898028705785,3.486788454607746
FT1611,3.1368420165323205,2.651621984730929,,2.9155562466581983,3.3115114918956734,3.280690754618799,3.3386211816424423,3.0495972753157807,2.971848350837969,3.1626417990355993,2.9256173494629083
FT1612,5.027189785135081,5.060713917159269,5.11667436224292,5.0768082287051115,5.070723762035342,5.126857634407707,5.103729024099266,4.28901574913553,5.067890840048003,5.130251639908349,5.089280235247313
FT1613,3.454331964706685,3.1988801547471213,3.3905916362843973,3.4023234932978847,2.8237063301320036,3.5557317025642816,3.3888690780838604,,3.574657533236661,3.0839195970896944,
FT1614,3.180216719665579,3.225954989548187,3.056171799206456,3.2786387429109416,2.6577239837955364,3.066295174545445,3.1326255087788684,3.406544147659867,3.161937740312593,3.5381966775079405,3.2680011660471293
FT1615,3.0255427764269496,2.63285044327786,2.6740042806419573,2.642533699128469,2.989919474031716,,2.708088170994958,,2.8776968767512923,2.9354296941190863,3.1048328355058783
FT1616,3.046870084565106,3.259167975012574,3.2995355555811985,2.764067224519639,2.8531840380986173,3.104457118523941,3.2324211579409106,3.371656673049743,2.946180063047525,3.384315739727478,3.1974373887740346
FT1617,3.2575467750263627,3.251539425968494,3.044944694133354,2.808354756736941,3.174024798081726,2.9503575881102844,2.9124096083908015,,2.8412206260794,3.0666387783725413,3.2771023698604917
FT1618,,3.178165084547121,,4.011020466969214,3.9350895002617654,3.7009314571311878,3.3035432805421396,,3.001062131740472,4.438235721164366,
FT1619,3.8549111309967166,3.211132591464913,,3.2918780196950093,3.19028099655327,3.1297432257916804,4.034197584321838,3.0285133978180196,3.931845021895825,3.9228613750309864,3.0745352661028296
FT1620,4.038669414783371,2.900088787853995,4.086004452623177,3.99543510309102,4.0102954117252905,4.078683784004246,4.121351128672597,3.291411794261758,3.9932407896907836,4.174366262839958,3.2562750615736284
FT1621,,3.1040186464191564,,3.2874520339650424,3.1610687067876158,3.0141730860093743,3.2875005095644747,,,3.274172076970495,3.1923373406944133
FT1622,3.1128046576300967,3.9932305770628718,3.251586445054249,3.995369409100507,,3.3744092570416027,4.04772484713326,,3.9430295367841226,3.444270172379278,
FT1623,4.328423717184515,4.367895059953541,4.3737950502694805,4.372751014639165,4.353046084337573,4.368565796553334,4.508555072240306,3.670834823010392,4.305008432636042,3.597498169347771,4.421449123611257
FT1624,3.617744180786523,3.1517807125529838,3.271215541224408,4.006851337890516,3.9607373040562837,4.0376360230408475,3.3432526891120657,3.0518551801431046,3.0377874161671365,3.296210687499315,2.848015881791059
FT1625,3.572763883080273,2.5266556687873667,3.272755746717138,,,3.378191473078527,3.1243064146204746,,3.0284291594586312,2.8069898857063267,2.8035552885916135
FT1626,3.032794358341524,3.1176308437637488,3.025871894977968,3.6430583833987953,3.313551929554147,3.265650953006892,3.3225051916330757,3.0349062591563203,3.2580267638121887,3.3679277766906686,3.120375997415424
FT1627,2.992627167089991,2.920988766881482,3.044704109262214,,3.0805660038906666,,3.0496423199655176,,3.4330163096535014,2.6538381027281344,3.184608061980319
FT1628,4.579430088288018,3.2356572147028158,2.8314948644886107,3.112384501274971,3.355614812173107,4.652259378149892,3.237395419542948,4.476857721058936,3.255539125946138,3.290070048683792,4.62112628038428
FT1629,3.6540754851476454,3.8930419913576495,3.814918121816596,3.7457368736923096,3.8145701687224034,3.687322376648466,3.993879036871352,,3.5429683227194304,4.023907241614435,3.980600228295315
FT1630,3.2703370087866683,3.3055099242548103,3.182723027510687,4.655978058340252,4.6101517445419375,3.3048570247150733,4.682140157670808,3.2639376713077546,3.1739139591036385,4.657704412042473,3.2203152688934393
FT1631,,2.9241912611671563,2.9643609376211493,,2.7215786080929742,3.013135653423919,2.960448483067467,,,2.9007037329631684,2.8765473747358232
FT1632,3.151286212455617,3.0880357501749303,4.586847126610701,3.4412457783819232,3.378535208937051,2.550847658507792,3.0999212791514665,3.3643807524304936,3.4871765752615547,3.3311317050838176,2.995084383097861
FT1633,3.004903166827101,2.8042037415378127,3.1814926722799086,3.3378377763831404,3.4269222454277455,,3.3474541474108945,,2.7167102794050995,3.2831001492645346,2.867919012412613
FT1634,3.0766446749707463,3.3365703576081636,3.4146705414438427,,2.786583751533427,2.751037570500465,3.1122017556196844,,,2.8530455490877302,3.0565824426265435
FT1635,2.8140167480421687,3.3201046863897887,3.145033671313034,2.923027424068521,3.3309415669031224,3.464919703061413,3.643227807375541,3.274738630850545,3.081972873170462,3.438509848059742,3.2478726845695585
FT1636,2.884455081556552,3.2258762248295323,2.8205666398759264,2.782140919795914,3.112554669643109,2.7849809351231407,2.9718576082172463,3.1509755188244037,2.653588720575599,3.045558584793124,2.9747639621192237
FT1637,4.386800273692625,3.4912557428612425,3.2154860280908757,3.4022390185375793,4.430106064395588,4.484017924197931,4.477784407242261,4.042320104221063,4.394655172821323,4.4585576882313,3.390947110220909
FT1638,3.6939025490042168,3.712776860121284,3.275383719913296,3.3817967148586394,3.062279555320251,3.5203060356126996,3.9239885935821066,3.26771026896694,3.14398148158749,3.898129989190276,3.826275789207379
FT1639,3.1015104749451576,3.5024698506821674,3.263297625854647,,,3.2491795680146334,3.101981580753861,,3.9027156291430227,3.173998840817431,3.5096959487020696
FT1640,3.4838983264762784,4.384113384039902,3.2235710544652836,3.3107406736256797,3.4997625065665554,3.133908746159574,4.174842003100279,3.622524738835528,,4.0611632152129715,4.427178470102705
FT1641,3.237998510129053,3.5191182300257577,3.2959211129322976,2.8453440523694353,3.3307317957065976,3.4211150967159267,3.377743267933466,,3.260650886583215,3.4453024820110225,3.43731438866473
FT1642,5.667962794844639,5.675611393490922,5.715594513452812,5.6812446429794985,5.677336442468751,5.748190217729101,5.723544924865475,5.006285029240118,5.6638675906573654,5.711767839351045,5.709571277374999
FT1643,4.076979568997383,4.066419816930578,4.104422544415894,4.113280896884911,4.103901926438013,4.121556736272301,4.142090390313536,3.2820400842311868,3.5410052174399147,3.978424685258834,4.089601533221024
FT1644,2.682213967178033,3.459350100495429,3.5318584919346305,3.153201355915603,2.665592142431875,3.131336134597184,3.3201110704051664,,3.278485647663134,3.1578536568246767,2.8840791339653693
FT1645,2.864134724827044,3.204529003778935,3.068466430371144,,3.8465921708858737,,3.1158885800219327,,2.9676030467662087,3.0910048104075676,2.7480529376891947
FT1646,3.8291215685723516,3.5430040098580204,3.1150499759615258,3.370494452355071,3.1510674196171955,3.216387887331273,3.644419205261122,3.784949054885635,3.425574896949202,3.2403430744727086,4.1454838933478175
FT1647,2.7293404271630775,2.5973702695987675,,2.7915651269597404,2.884790787897621,3.360599320396328,3.3345564457247585,,3.830700565794572,2.605054849180237,3.14223432573343
FT1648,2.9242274419062726,3.682540746137918,3.049220645399979,3.6480144530824052,3.346321038186185,3.513139972357992,3.5465305290230615,3.3109952336035087,3.208193079878436,3.391477934101625,3.263335291574786
FT1649,2.941547053320939,3.5335192062363725,3.4635059265938786,3.122845236287995,2.7677698933668604,2.9870561665686326,2.758634124610186,,3.465037935729738,2.601066174377586,3.10852604091816
FT1650,3.042278901161701,2.4635708828197997,3.3295843402779552,3.469304670909993,3.5622104649182122,3.155755774028653,3.137427979408329,,,3.5468037629891027,3.2122116621645294
FT1651,3.2739277184662576,2.9537289827633,3.0037068533022757,3.3269715628701793,3.3021833234103948,3.3992205644649793,3.183426233774636,3.089293741703023,3.174000647921316,3.7610800437755927,3.355598072017296
FT1652,3.598274555684324,2.8299277921131383,2.6426114086760375,3.296469836544452,3.1404368744833415,3.2197858106065267,3.5841671510832307,,3.383705513774701,3.262724866146896,3.6478108274515666
FT1653,3.9376072156200372,3.9916744739298986,4.0022421965881625,3.9923746025919273,3.622524301195122,3.8981581116973323,4.1035937135995315,3.438075999471907,3.894476422636896,4.035368587352847,3.985832997328412
FT1654,3.4177113630079528,3.398262755959869,3.5170643637750447,2.867911061938205,2.841073864903329,3.3577414745976304,2.796493851811491,,3.251139800952587,3.0379926755443023,2.9741659767772672
FT1655,3.4011399081099167,3.6576843701331234,3.4410985447373004,3.0139975933862893,3.438479870712683,3.285866435069934,3.164977921045403,,3.577923748398062,3.2482159548057576,3.3945252385441647
FT1656,2.6224632791672144,3.633757611988632,3.5793764286092933,3.234938742975021,,3.1046956249576585,3.3246669743984625,,3.2083518157887725,3.3981761763413325,3.028908121555273
FT1657,3.353742978144572,3.401807441747076,3.6263523814938954,3.539390882916145,3.3443418341790263,3.2555921591160057,2.993061782106405,3.3868533293495933,3.3867082822842307,3.4993876209200363,3.427665433570114
FT1658,3.2805738795989376,3.227317582658231,3.4073579898936175,3.3562930948874836,2.9113387147228886,3.3197692042432423,3.2517627393038886,3.27263239925602,3.0209828462595,3.352409730119947,3.2950222572403978
FT1659,,3.0323932426184976,2.778231492377906,2.9241091680913325,,2.8083134281716684,3.092762446826398,,2.5286242532082976,2.617908205472775,2.8409701345538694
FT1660,2.8901071729877525,2.920179685023015,,3.540088886151249,4.453360274691311,3.315488761748916,3.0018665331773295,,,3.4718853571715975,4.455488742241292
FT1661,3.5428673274384264,3.825580482791512,3.63870272747744,2.929709362311787,3.410576823988209,3.3551536146613374,3.3600735834101867,,,3.5280413125784236,3.5812534519712016
FT1662,2.9966999210394785,3.62862517733507,3.7644698937150487,3.096261150919917,3.7114095312342297,3.1080775310593127,2.7775009845028302,3.2863801657510674,3.0623612623453136,3.410962798611798,3.2362903145228796
FT1663,3.2058019546783227,4.404883644482704,3.2322072302457854,3.1069321542938764,3.1062062468944056,3.1423290646482824,3.5587186165305003,2.829531464605316,3.1974029051187554,3.813544411717606,3.2097551729563762
FT1664,4.405861296942512,2.7521802436632643,3.5762691479827486,3.26087096675141,,3.0094429962241214,3.121207364036074,,4.432673697527915,3.2247705126919586,3.173691506754465
FT1665,3.2109393707384632,3.362880261044847,4.430894951482081,4.432985286888028,3.3233925209098727,4.501138882295193,3.1216583306861674,4.246996948450434,3.0635430652025857,4.4914339700312755,3.087263654869405
FT1666,3.2169177204754282,3.0810321133633813,3.233725664579246,3.1669799683341844,3.0167212672809587,3.6138277572825825,,3.039208638400903,3.160402911962762,,2.7233698076041253
FT1667,3.921171127782123,3.8362025219444558,3.7795925929592458,3.9580515310002573,3.8537594222482574,3.870011877465862,3.8707779890829452,3.1342882626626425,3.7145080716251524,3.2244121009093365,3.8535950974940767
FT1668,3.0423792049911715,3.257218769993587,2.7046871228702227,3.2239429562350286,2.791970028992421,3.2261292593791477,3.0173547668560925,,2.8524055487979063,3.1355974684813037,2.7576025601458016
FT1669,4.258810659058994,4.310784614582113,2.785263154982513,4.435702327435846,4.3504209833416905,4.3987340054346875,4.415675081230262,3.3485604398447237,4.294739920100308,4.429499718030966,3.0792617171827916
FT1670,3.2903028031601607,3.473813792505499,4.014662536997255,3.2230232684513473,2.485453851112785,3.1731957297795574,3.4121006837617673,3.392125432369334,,,
FT1671,2.867134687770581,2.805310047316014,2.6123259015781737,2.7942487354399046,,,3.013277970657753,,3.039908972077518,2.8271342600825937,2.6073033463600037
FT1672,3.721899128702589,3.6666185563857514,3.7982026242255786,3.4838403246077942,3.4443650693914565,3.612343929206561,3.662431781917063,4.018770449345747,3.568150079836298,3.81596281226585,3.5608072929287995
FT1673,4.331939212241368,3.1232692995117834,3.315937631074372,3.3548861296893975,3.815755393741373,4.451627174428624,4.558451855684632,,3.1502016379161155,2.7771315517252626,3.247610345843303
FT1674,3.7215189797226946,3.7136419391328634,3.7465394805366,3.2682221636764113,3.9227284286313866,3.6161285913887937,3.2974892945546044,,3.6684913022934666,3.790489172960296,3.657231249229304
FT1675,3.6457192966712677,4.020837555868041,3.221866635196483,3.7228351008162157,3.651038044024785,3.983978781758278,3.7813117323880125,3.7547302654337993,3.55774547360369,3.185142151079089,3.8080096362257394
FT1676,3.2617401829240347,4.336977885974957,2.954224581327165,4.386520697149802,4.370188675389176,3.386211083395778,4.43430325832675,2.9625592931002016,4.316661211871229,4.423160023138284,4.397037175850295
FT1677,3.536158549481661,3.5192749183187506,3.1558593946111184,3.8798489161879335,3.594079007642566,3.3577450071334805,3.2908176178427815,3.4115846252983637,3.353045088294416,3.332368242760075,3.3123681450062823
FT1678,3.1910407902927997,3.782350803355668,2.991285952035268,3.269786002290332,,3.1705997698468735,3.361459150660767,,3.525048776312813,3.4296122914318588,3.1543166094768798
FT1679,2.919071070569704,2.820159311862522,3.2759924550604613,3.399144476115931,3.302955749412451,2.8407703423102837,2.796403468968937,3.171982434417824,2.88151457579777,3.422209291762156,2.8976782624917656
FT1680,3.222012688927092,3.2144359207588895,3.304987770419831,3.2853637977925905,3.3155363624258034,3.3553396796266184,3.1163701189904986,3.172030041252368,3.1800925491156837,,3.308950067563153
FT1681,2.702246680528796,2.8850935528594004,3.2629854881433684,3.1752471625582457,2.801873618486694,3.193472399919105,3.648078759061178,,3.2668745867841853,3.557711964657136,2.678499641948746
FT1682,3.1711141943968504,4.959731206463899,4.978294349181125,4.969616061960402,4.941934870115761,5.023719854671302,5.004021661100859,4.212664051288042,4.895645330697927,5.0124894424004145,4.993691096392642
FT1683,3.5714853142152467,3.353025476787053,3.529300955392931,3.856789784920897,3.574345729610576,3.0570664760792994,3.6464856855293437,,3.5389342343042376,3.245540826487429,3.5994156811555102
FT1684,2.7065698473039728,3.14506165339282,3.007959555144215,2.9499453922990435,3.014602970021831,2.9220090249325703,3.3422142425106545,3.8067707402055677,2.8847002392318144,2.9390941645606334,2.797978307273266
FT1685,3.783762023514693,3.9764115816276213,3.1142593066790694,3.535108502603274,3.3129712299315894,3.4520303095865406,3.253680116792695,3.783559328897607,3.7086897087763786,3.0128739275279544,3.2456188818572222
FT1686,3.2868865484146035,3.334248983839581,3.59402566411172,3.8374368816023923,3.3514713364793156,3.592339663762285,3.7699757990145035,3.406277677063031,3.500539343951577,3.769148458759819,3.813700826457329
FT1687,3.0048927890260417,2.977922315487135,3.887005381302953,3.299066498654466,2.934492494146734,2.778640596777091,3.5345895037436765,,3.424031876423049,3.187367275976447,3.713210788719543
FT1688,3.8582167007573576,4.37601783583791,4.1580074285920805,3.210448042060964,4.0965771891113345,3.612944866335944,3.7440284944821216,,3.7138515361920694,3.372325866030911,3.7016481212402015
FT1689,3.8354888714796367,3.9757365922624146,3.157427037838881,3.97586043983549,4.020305275521653,3.1613596303095592,3.7662786705055713,3.2881506294095866,3.9446612607101725,3.9414158917521576,3.9194226329247326
FT1690,3.39277889939509,3.251518553587074,3.155493631342884,3.5641723983950717,3.9394041928312014,3.612257032074614,,,3.861058006599315,3.562913645184558,2.6753739257016096
FT1691,3.8269890904731043,3.2707955343762807,3.192931841778378,3.2018466013909284,3.1270696721337896,3.939381600159604,3.337530448643976,,3.161944748502343,,3.9008325622916855
FT1692,3.8844858964489455,3.9509914990611517,2.914923505866708,3.87620167514399,3.873295203240358,3.9235244685564603,3.194411891248486,3.397102576136609,3.778722396597355,4.05940322727082,3.947747560190405
FT1693,3.071642172252533,3.9899241743345364,3.3733380146068788,3.8097285694290783,3.6306696573908153,3.9599447767125766,3.5990676855129045,3.429929590619179,3.414897180933209,3.086777778419305,3.37464705004295
FT1694,4.267204058180665,4.302457910177777,4.268643376750858,4.3834398723007615,4.356201469101697,4.362793611026689,4.341513021510842,3.606881439726123,4.263365813052428,4.409204501123213,4.3481166656689325
FT1695,3.07329826985025,3.717545027941842,3.2059181632792635,3.369676867545585,3.339091962962692,3.3120929955001484,3.739302087970582,,3.3059910091552487,3.800568315157745,3.386169448879543
FT1696,3.082827831643289,2.515813869386887,4.081468892139058,2.873093037055219,,3.5770055187503895,3.4129711497171136,,3.070364164761488,,3.3556166001902312
FT1697,3.708927075231987,4.349008145973095,3.822795513426329,3.8713417867185735,3.6138705753274563,3.964312780183304,3.8693784776194677,4.0672828471714,3.8955708184882756,3.6725841378531983,3.6543020814410383
FT1698,3.3445251036632775,3.420626306998226,4.135493908706914,3.3679852849469603,3.93688522607476,3.557969448919975,3.864252132500895,,3.382154852471622,3.933439423494723,3.9167375876752133
FT1699,3.254603601841265,3.3238547175554873,3.0786975998053583,3.1200942457518006,2.9886932229795122,2.965939569023222,3.035321608391899,3.67991447825152,2.9846564288907516,3.958380481403662,2.6474282836241523
FT1700,,3.1828942593761274,,3.103814886732432,3.2068735606707177,3.9410609074537577,3.320633748940928,,3.141452765062349,3.3479734885356693,2.7686194900397214
FT1701,3.2702129538173197,3.817166137733961,3.889776707381539,3.218231499086767,3.379344651472124,3.114143906492871,3.3107973552809087,,3.076985197220929,,2.8738203907270683
FT1702,3.2493391491998405,3.1772668090934073,3.147666725917431,3.2739971417528335,3.1927535772244267,3.3599658239749868,3.2037249319097745,3.4382728668315776,3.2398056363343644,3.285035541377986,3.16797705656993
FT1703,3.1533573914476203,2.4630804419933736,3.301520061897984,3.2757077300204545,3.291181573156975,3.2534160231465887,3.3386422235616435,,3.273193740376256,3.391633316815895,3.2932655561184623
FT1704,4.021563949297522,3.5170340370843367,3.7038169245103583,3.6696109181679293,3.864667699964193,2.9172524587497453,3.8921026830942744,,3.744612230796227,3.6296689749488054,2.6485606868731315
FT1705,3.88331554379864,3.4326381488480657,3.4186231734419428,3.2469358860728796,3.4625584378806584,3.86016779019343,3.4384060623786143,3.4090508271460105,3.367651671915353,3.1988288763324446,3.402473289169221
FT1706,3.030646244498797,3.0821227839804095,3.3260027329698714,2.4557358840089094,3.1668710754335723,3.1826242152617246,,,,3.7310393019665296,3.1121816278822765
FT1707,3.6069142390254947,3.534782781569482,3.2026563527530074,3.1477144069835745,3.6007960620285453,3.5306771500074845,3.4057365770822137,,3.1699453325453137,3.715153632170609,3.945659314339416
FT1708,4.491119476325776,4.449084337539212,3.3583010295802036,4.530452235365431,3.2711402518250634,4.5546911304889415,3.067709062862133,,3.4100510469534524,3.516037986112937,3.310772181642499
FT1709,3.6359215182687716,3.7046312167456183,3.690058370185317,3.5330784356437746,3.556657749578253,3.312994917105131,3.409552662028362,,3.34399488790769,3.6072515538941237,3.3257061591974404
FT1710,3.334324472262898,3.234162164209099,3.498622397173923,3.3111722685948717,3.4813606924245173,3.3119839947905327,3.268744066842042,4.307734338897916,4.496260270349059,3.594254438274834,4.4786354654190035
FT1711,2.7279365137403793,3.0701642168807655,3.3476163996301076,3.3531994573463906,3.2971656566187466,3.1842153861461093,3.503450359246086,,3.1029205793030243,2.7575059590054987,3.381877380883732
FT1712,3.7895263186394685,4.101078028161495,3.636068276815478,3.9968628033830003,3.918419491375583,3.7152541044453513,3.6741255923301184,4.022690643193462,3.6508260643725796,3.3264147626378477,3.869880162698801
FT1713,4.313368880506568,4.302247690261137,4.287293763476982,4.355538752306218,4.3515352489975365,4.387837943392717,3.302083551000066,3.8548114882210123,4.323103299366305,4.408479548200779,4.335539669442679
FT1714,3.70332182027362,3.0844799619303473,3.9011017684061815,3.8788233512290162,3.7978497507463493,3.2914168510751787,3.4423135646711898,3.168095594410134,3.2538989407694476,3.8687405677204394,3.8457908826733282
FT1715,3.134890900196656,3.1135932284635004,3.3341127304062255,,4.103462764937493,3.808046569868637,4.144424165069518,,3.4119762565275975,3.1703873271044047,3.19080960045667
FT1716,3.662928527587902,3.5985644436892303,3.51982723174141,3.92395666082518,3.899689895033976,3.3720977137820247,3.6621537427813013,,3.4901199537040415,3.8141541180281338,3.749737879642314
FT1717,3.547720261913002,3.6920636151155355,3.9874386201193106,3.552886835011448,3.740857449555817,3.8465185779158033,3.6119730681431768,3.5896640459513676,3.7001076431634345,3.5645603039315974,3.8777773290694078
FT1718,3.5105657640546473,3.7001595177552984,3.562875846350638,3.1904110014827216,3.44530495118172,3.2733706412267156,3.1173525955332546,,3.33642574960592,3.552145707765561,3.1164797039751586
FT1719,5.484090985212363,5.502781371659812,5.550717239715474,5.513460615400192,5.500504814066455,5.560346567357639,5.548138629867445,4.858467391847041,5.47574873382094,5.548492918117966,5.547813965339729
FT1720,4.076292971794156,4.019558236922442,4.130725927258653,4.1854677918029,3.542443120784512,4.128546582890062,3.3926728049845063,3.1979878209655577,4.047797981884049,4.193518881623214,4.156329966626537
FT1721,2.762864201965153,3.1854147617763293,2.738156510968962,,,2.8684578961552734,2.692376089106402,,2.988710775638142,2.9588254356817125,3.091143507279145
FT1722,3.5272700251803815,3.115073772948593,3.1267522967080206,2.847812749822305,3.1424795843931577,3.688673474584423,4.149885633146404,,3.080202341746776,3.6155239077557586,2.94304690992844
FT1723,3.8906983859909157,3.9155482802538537,3.8601192474695396,3.559167988281286,3.934831522653014,3.4719165547127453,3.9152985028536427,,3.508675383365583,3.4757986640089857,3.8898914510103735
FT1724,4.032986199310914,4.4072087829405415,4.108128308453374,3.699494227876026,4.0924532539614695,3.7638554458357105,4.0145878474897705,4.045845588027869,4.01645611872226,3.6758954240712556,3.952561483645497
FT1725,3.0717799449959577,3.5713439071811304,3.249740932580126,3.0607538900262172,4.0384447306010465,3.581991764709807,3.3739734196340794,3.4972307715718816,3.0928334328670304,3.4677260558002687,3.094457826443596
FT1726,3.295858833741273,3.6878764694243413,,,,3.1781050618039157,3.401533717207972,,3.1128280983271455,3.3614277378045996,2.99686266458273
FT1727,3.309110333898301,2.641677974864802,3.218746180891134,2.819508702823631,3.1968410528176543,2.949082067614159,3.668016266271996,,2.642388825570802,2.8988574753192666,2.829215671307418
FT1728,3.717864150634602,3.59285553530831,,3.8398959557004706,3.8460584999850425,3.7413128501203357,3.5260903721869807,3.8213209280222133,3.9408696302726782,3.7454411746066856,3.770061988899347
FT1729,2.884512974203216,2.9525526085662834,3.189915744570561,2.866605931232748,2.687902488549119,2.748785538098723,3.0521625111763493,,2.81763238140331,3.390089064108218,3.0427729971689748
FT1730,3.773789239777683,3.8465341066380927,3.8084622446508622,3.6092872091460837,3.79574761365503,3.077390027738628,3.997973229226048,3.4174506097484634,3.8318283623356764,3.6450859936509774,3.781901144659533
FT1731,3.3759379324708556,2.9214925917916137,3.391391744719118,2.71755516758169,2.7538368699913987,3.972416725023399,,,3.1245134554147724,2.9715157730068946,2.6359721188493204
FT1732,3.967111000532581,3.82265781872842,3.6855180432184533,3.798236344624227,3.698059519849493,3.5595872955349916,3.5983168600284086,4.170008842180399,3.8478379888786174,3.5349774546391948,3.6221454523934433
FT1733,3.068737456411964,3.1066922969758757,3.0125257124542815,3.2421214904574014,3.7749365677451956,3.4949424906053803,3.206169263942065,,3.4831792080192137,3.372133481573057,3.6023047658250076
FT1734,4.1696694951896704,3.899816810819301,3.743810116036665,3.7876067150965214,3.5481532971471244,3.590920140381316,3.7880481760072513,2.876298047902744,3.7382264930578835,3.714486031258707,3.7820693852165963
FT1735,3.423115799047608,3.0843988689665958,4.014182780078572,3.6512642593538405,3.856779581168856,3.723108785359987,3.752400679166641,3.741526556563783,3.643659671318483,3.784634768118358,3.8104138899906563
FT1736,3.1921529965084896,3.365930704679506,3.3199571261959036,3.181894811697526,3.28718133595794,3.2733183644974253,3.2529356119207615,3.2048586862313924,3.213178090565527,3.5916400617035724,3.259830491000842
FT1737,,3.435690676206242,3.2528043231471018,3.1386150866570293,,3.127639427227027,,,3.3163889296497926,3.311000901889491,3.174867481786149
FT1738,3.109529200410575,3.2420012101049926,3.3074307872932915,3.341681354335621,3.2268747780905587,2.929374272404663,3.325769104497252,,3.2396866397107402,3.5888939066216134,3.4037017971731225
FT1739,3.147598425166557,3.0343814078301117,4.270332108219487,3.545857023267191,3.3164453982837876,3.2727449351801647,3.1845285482510093,4.033436678004854,4.294380413329871,3.1767385813057327,3.316790527174138
FT1740,3.68034249133099,3.7967868784504533,4.356227049627115,3.7810911190523537,3.123042922681215,3.4415039980608486,3.84556025071048,3.1006589280916073,3.656212368401526,3.8845176060472073,3.8632317977294854
FT1741,4.199125256739671,4.266304226621959,3.2095104439164657,4.32860249598503,4.317699589620089,3.73581894412772,4.4404882692390295,,3.246195153230305,4.342510434466818,4.36115241404656
FT1742,3.8085595774939756,3.7879842775255366,4.069481211822485,3.822058505818735,3.9002302119088816,3.6576983310439717,3.6079273547337096,3.7415921779872954,3.568680706395896,3.601576343320408,3.575961454478779
FT1743,3.4157560519373216,3.500315887997602,3.2502170074839,3.210546374471338,2.876302264229262,3.6527889949219956,3.559749955919508,3.3503305464532542,3.51650887132569,3.298231537607755,3.1358581372246874
FT1744,4.219566425003192,4.253934496618429,3.199427805024997,3.1708922804559516,4.322137533407991,4.301873578952608,4.347244123626313,3.2822150545021325,3.0495848708677262,3.1443899882118673,4.336234131921495
FT1745,3.626907864631416,3.7479707488494514,3.5418135605592718,3.7711592714690414,3.8488743055740002,,4.039674157062688,2.9014187551743578,3.772366537592943,3.7735355881143278,3.7060680615298915
FT1746,2.8760633392687844,3.26254358029055,3.6893032181309313,3.342761725085506,2.924431181881574,3.0874817574832174,2.7912002724351823,,3.4066012373458165,3.6283024906318198,2.722124944653535
FT1747,3.851405939562402,4.100472257306805,3.860783595432053,3.6899496022605143,3.79389337427541,3.806978078680462,3.991014851546884,4.092140713841129,3.9461965394929215,3.881948774075673,3.993623685687872
FT1748,3.1517133867406106,3.2837063097831627,3.3108738981576704,4.2750543955671505,3.273650913606847,3.2353500287848664,3.340278978289575,,2.965491125909864,3.369308046573659,3.1817556856165905
FT1749,,3.9691574705294643,3.7007977866106376,,3.4849553655816523,,3.720940318916206,4.1934414465182375,3.342923286604768,3.6699020497477863,3.9506723740708702
FT1750,4.248871419894016,4.245072809693191,4.248493974831241,3.1354291484694383,4.2382431174574435,4.313669467093357,2.890645316832581,3.8034185608575175,4.228236618415811,4.324057962433406,4.275108868991813
FT1751,3.187585928882204,3.964675524962189,3.072512445870144,3.084738545321593,3.4043214918606473,3.2330887480976713,3.28055548269053,,3.219300431342715,3.356684513493744,2.9430047271851523
FT1752,3.001731194552959,3.164206958676978,3.139331058250427,4.295722999706517,3.386787642491749,,4.3604968504695645,,,4.882044795385484,
FT1753,3.434304756521632,3.124231552105511,3.117648789481224,3.4280953893104837,3.3538854985846047,3.180011715089817,3.2053621918195714,3.3546231558287105,3.236237194933216,3.1590539757451337,3.2789515262696005
FT1754,3.417937484735217,3.757772929938512,3.5247035113348466,3.6033223471346454,3.5718310545618928,,3.632621990471805,3.6543222035313008,3.772288046727776,3.604867312243162,3.8053290919572897
FT1755,4.824141848004188,4.8431224940138815,4.862887851093017,4.887828267928427,4.868428297880512,4.888481061179191,4.897059735088373,4.027584973448834,4.813572838919516,3.569067259037919,4.8724526284442184
FT1756,3.318310196531826,3.961942454708794,3.658948429543544,3.749407489401108,3.4865897379404203,3.550783424258666,3.746041646451118,3.871129086096802,3.631092782610114,3.6984948029848286,3.5547244495082677
FT1757,3.7057712019163023,3.7543464988040065,3.796488871698473,3.795664673559993,3.706944919622125,3.41702844288079,3.8067377517573617,2.707430828699429,3.66909644756355,3.8611502740188404,3.7579398087079463
FT1758,3.1580441040687397,2.984150603936104,2.907007756020818,3.206473710076343,3.1379108754129046,3.2735042283140294,3.4505092615883357,3.3451893419466234,3.297900157554986,3.0283500749887238,3.058630221052716
FT1759,3.164165399826447,3.301587716826336,,,3.2100418336352865,3.2197615762887786,3.2384743515170826,,3.178221641168546,3.2358240633060866,3.233283437133662
FT1760,3.197372401672691,3.1158641054907648,3.4518086206691883,3.3350871128692576,3.141494531193192,3.395673967087779,,3.323645645437877,2.8669045725168685,3.3441767906769413,3.520190544701921
FT1761,3.124913787067598,3.1814347513456793,3.9066721389724792,3.5611156571135716,2.5607052706837052,3.2887643920068745,3.3821039642715087,3.434400782766352,3.0232148186466072,2.730911866029308,3.2007559310393656
FT1762,3.9126227056230727,3.997867361795108,3.585523471758528,3.7727053448003995,3.8620993813303945,3.7206074682771817,3.329134575007233,4.018447409099115,3.73391417502261,3.7466374664460464,3.8170025083429895
FT1763,3.2823065680269385,3.2137704314689297,3.2494794825259268,3.9370174916099976,3.344283002222316,3.873334757617749,3.9475200094442475,3.4670581687203286,3.302415467767829,3.9585014592043493,3.898800744986143
FT1764,,3.996654128331426,4.01269434971936,3.6362338757154906,3.8805937389605143,,3.5314928281038553,3.269898106985596,,3.671286331841739,3.836369203507248
FT1765,3.707128611629252,3.7002655713181953,3.8368249893999242,3.707551148163761,3.7079336894293426,3.4739514186349374,3.8735590336287693,3.9377471346754853,3.785301720904345,3.7365898049762,3.867945577440979
FT1766,3.5059016372790506,3.910854037310018,3.783765319296497,3.871989290088431,3.8417119777949877,3.864629921282722,3.825636211882278,3.7469580341072537,3.7810987790971913,3.9529527162633937,3.7964421525982233
FT1767,4.141902109037198,4.267636369897364,4.317288869051917,4.239114967199308,4.237660626749951,4.349459702110934,4.285805424408084,3.129298978193422,4.156479292015504,4.329382659240614,4.253402773181246
FT1768,3.7078128938334975,3.5244099106241737,,3.903881139791776,3.72129970857637,3.121980915837853,3.6219987097109008,3.44782462496548,3.567442190143156,3.25157597976542,3.5639477567606397
FT1769,3.0609195446288533,2.7942237767142046,2.991088480712153,2.77930640042353,3.020587706510099,3.546913851003501,,,3.7683351292630087,,2.7523180747020386
FT1770,3.163442376404005,3.2766840778577855,3.103375093874258,3.1878114813226834,3.3334064080441927,3.147763371743028,3.1851103753502112,,3.1393395684123857,3.3152351569294027,3.1392103849656063
FT1771,3.8762891528896932,3.4012079923719707,2.910192301140893,3.8094639896853106,3.550670308500789,3.5716246926599147,3.474542499589629,,3.227596140334473,3.852142820982581,
FT1772,3.2465549671581138,3.900902446238686,3.4497867034424683,3.640912055202097,3.5775555962598853,3.7084969468652833,3.7639259157592715,4.025816710722194,3.351481700955522,3.419560401553546,3.595839602610048
FT1773,3.2634905205310063,3.569363885968599,3.3783399553218483,3.40016928115137,3.254249311912925,3.3353115689276884,3.1881681860029483,3.183185552910233,3.329505005234376,3.175871355469448,3.7837188632637027
FT1774,3.4288275648067614,3.358222270640221,3.301194439457664,3.1718606194043684,3.336488444956495,3.5562191815865463,3.2564309478133726,4.247753489783472,3.2121455973661246,3.293091901642208,3.4900922011472506
FT1775,2.9589437220554777,3.182858048035929,3.2588643707934994,3.0592994206358353,3.018622684032377,3.0775680032165447,3.0323224603074266,,3.0510454393697697,,3.3260970824783556
FT1776,3.3761345304393124,3.253731702196278,3.1675439574530513,3.4259141083045144,4.36239682142835,4.41304014623707,3.178377872593998,3.240054988179297,3.034420270939902,3.2677395616336007,3.4386920726012837
FT1777,3.465685309803388,3.7574297063290825,3.3459733369065217,3.6121191017545087,3.5806426506060482,3.5304283219141106,3.463767165507856,3.6979196093352926,3.618963371771335,3.296325856629734,3.072942504683436
FT1778,,3.8582239435830394,3.8081303495098435,3.7355122793025513,3.62917049508446,3.5356329369756767,4.220738926594079,2.9751427211334978,3.628297241278562,4.00543872214479,3.7594447911475526
FT1779,3.125710833307252,4.207062251541987,3.0970502619791986,4.425916025740467,,,4.446120342581372,,4.072220626900465,4.420944209247771,3.094474209742118
FT1780,3.714060214779103,3.7295245667364263,3.6875589738826804,,3.7719894031243935,3.5388372209886296,3.7519390201145897,3.556744002320658,3.515995349127548,3.557105686414109,3.6292142601741175
FT1781,3.192138085772468,3.0560609773932077,3.2017535774285153,3.0992537347624736,3.283621617609614,3.053186291116364,3.531112843556591,3.683989224884172,3.0736165185330817,3.1219286422909036,3.3033661493509525
FT1782,,3.5216337946057554,3.2647090853184513,3.5511247361886746,3.1746919998555643,3.268660193918276,3.2226207657865342,,3.108210186326287,3.397773431936857,3.8167292218746316
FT1783,4.235842390868757,3.1667975144997214,4.214582559926784,4.24400580273733,4.2021988228626155,4.288758016538942,4.321086228731165,3.828426256232691,3.227111500294271,4.300049850418117,4.2416636019551595
FT1784,3.611745637112013,3.657505983090747,3.6962890701036994,3.668238654052929,3.4744149463846927,3.2340357172413636,3.213554496595436,3.860994135048481,3.544610279196223,3.261942573610476,3.6194634851067757
FT1785,3.538251607502902,3.8030377738326653,3.716334651224558,3.530741896995187,3.6527543357035994,3.5853588484999,3.655927785843205,2.8628480378992816,3.554617432073077,3.364259517083509,3.4844725256041102
FT1786,3.0800978223467834,3.7965747649353854,3.6062809871282484,3.5494264532549336,3.4859205669129287,,,2.7447199442518175,,3.4137243575355787,
FT1787,3.6695930686067,3.7608308706232543,3.1721021036831814,3.865050040510464,3.7590757330104076,3.7309004127445946,3.93469156863714,,3.7641066572747586,3.6585983552314105,3.290166745279117
FT1788,3.325023165384236,3.442409856809536,3.359520158017845,2.787276694259893,2.664271883258646,3.9645409210039446,3.0196589350365874,3.275217248616939,3.4951060595492653,2.9871925280379523,3.163137725747876
FT1789,5.323032960310688,5.337641976659203,5.38368911676902,5.364973877775811,5.348149439104529,5.409035820240354,5.400448075460904,4.642302302232451,5.266141655545712,5.380483755001966,5.372556343498644
FT1790,4.104179229487692,4.1269966923176815,4.182070371389904,4.076073099679331,4.148249848015541,4.159289573944475,4.164426180270658,3.201560468409612,4.000577205689191,3.581767072433423,4.158311340096374
FT1791,,3.369058826242473,3.387035379110436,3.275412717514601,3.4894443842910032,3.09726682046223,,3.4281781479099123,3.4012601191725302,3.3386391017494264,3.3105537652997836
FT1792,3.137561169144556,,3.8594609841631855,3.120119537782092,2.990670259275342,3.7641104429939816,3.263749257571331,,2.909906083894943,3.531564620152481,3.924795980980881
FT1793,3.1806865268801054,3.407474099104457,3.113954941474255,3.2023399792789125,3.2559631752504545,3.4755014348290354,3.594332628137849,3.4331037852233917,3.5071289952525873,3.1809305066557405,3.2314380692096325
FT1794,3.2319745230436165,3.4267777101566073,3.3485800904129883,3.192264066793895,3.493640977660701,3.159437493755245,3.442015806628062,3.5817435371172905,3.266006791011119,3.6889400098069247,3.405392515255359
FT1795,3.0399755181279904,3.105734588157753,3.1972368512401625,2.867454047268778,3.5790038101063635,3.3468808658892515,3.1744556426372785,2.9979367651541438,3.295864204643678,3.1198046574953993,3.5639720000890414
FT1796,3.4611947573631303,3.1359411405851456,3.1259668447367255,3.2791011718627967,3.313672739192558,3.7595454703637774,3.455519156012068,,3.1082508096089088,3.5870022305146794,
FT1797,3.4668876719574304,3.2327409510946157,2.589849490786209,3.579204882732161,3.0987141410319317,3.499655112925515,3.3257353784013466,,3.5320735302464064,3.345692630886715,3.3159599429976656
FT1798,,3.4025313245274966,3.0112957782105814,2.8758715349988204,3.625440548591494,3.5850170729788244,3.2704079863865685,3.79902744363387,3.4412351274819173,3.2391079595459153,2.7233969419758046
FT1799,3.727366613375211,3.738439707996586,3.3373269394068203,3.4135758237872027,3.8212558195673356,3.4384736491268364,3.35305009718793,,3.7400525328435346,3.197576131844473,3.382186612738744
FT1800,2.935833705482731,3.8203202543867656,3.633580119773433,3.4686494580877905,3.7348439688653556,3.5374962361398747,3.8876454997818217,3.023654065696465,3.541361254982155,3.5675369272035464,3.678335634784691
FT1801,3.4903606993442944,3.6782470357294423,3.7230048365814468,3.480064252701087,3.70159198803872,3.5884415898282396,2.9713162526668726,3.516272724303468,3.6528812097848946,3.1838761584975477,3.250214691398837
FT1802,2.7898990929722443,2.198066002868434,3.741982345038763,3.801652178879188,3.2014719331200636,3.411042545284392,3.8645860255895292,,3.439708320992066,3.8581236352424626,
FT1803,3.1097739628427954,3.0310435814174745,3.231644759335786,3.1477364972712287,2.9099197391911322,3.10454312249604,3.139384649450043,3.176597168514526,3.5633396308283634,2.9994723601853654,3.1823030211921166
FT1804,2.9279963735936656,3.124961213936632,2.5582529767792446,2.9899710170089597,,3.0055880446114154,2.8833613828263966,,3.0452058087983978,3.5317827411628464,2.9117648695533314
FT1805,3.2485596075471723,3.729793029694574,3.1079483696786236,3.1363502894528716,3.303127642955131,3.2352362863461774,3.233571641879107,,3.2848295746279885,3.2617085809831186,3.288045939521738
FT1806,3.0669875361072827,3.261538261621886,3.183925992768384,3.3124392468480806,3.4083493134184653,3.3394346079293418,3.442983639217727,3.093606154881866,3.3851167648262503,3.2421735231804063,3.7565702922754447
FT1807,3.1631693245024772,3.3939618049060085,3.305604859823958,3.374613850364904,3.140948641946679,3.2133849709065068,3.4352398320319004,3.6313112740842195,3.7667960447128475,3.2406868850396284,3.3403173212499278
FT1808,3.139254659598597,3.540672061500623,3.3107071582513496,2.9421330550503026,3.3279335872798015,3.3729089602582527,4.293400888656112,3.0244606196600747,2.7069167960053035,3.711653814842472,3.16984182979991
FT1809,2.9975857256863336,3.338065982008735,3.366613531865393,,3.480297128924494,3.154710579936672,3.3652215549076963,3.078787284848734,3.2946424587696597,3.0999004183506633,2.995729927987735
FT1810,3.474525773655716,,4.201661708312733,3.4626716177375356,3.0542697148236764,3.004070951714159,3.315471974799479,,3.3357629904664514,3.451549176661594,
FT1811,,3.602952776417318,3.2028693295697708,3.334842803096674,3.479561542774734,3.1239779261894256,3.3275040917535574,3.991224477171294,3.450711026138817,3.2283126997297,
FT1812,4.125200044257824,3.0762388388427278,3.1412272663008776,3.7430598448987595,3.1996458270909116,4.251316498896464,3.157446386845896,3.598902238797345,4.142854160479772,3.512397773715797,3.792637993937714
FT1813,4.206939309635134,4.222287147085691,3.112573570800716,4.213130378518343,4.266211618367623,4.317343667542212,4.326817506514619,3.020654342629756,4.137886267775879,3.169875506078533,4.306233689632124
FT1814,3.733505909851517,3.4421258188194552,4.263188922407869,3.073966750302315,3.8319993984366474,3.061248845129813,3.871430904888849,,3.83270625366335,4.293646724659398,3.0453942877988203
FT1815,3.0904142566490833,4.1326539316631035,3.0296339140850774,3.072306532224172,3.287723398541646,3.5002613582935136,3.091620762417306,3.1121582718067673,3.3350021003921735,4.262369752969569,4.243620389336887
FT1816,3.492123468250089,3.2151692017618463,3.141160535073573,2.8678227553966447,3.318962172727079,3.2204454351471994,3.466802268554056,3.5693369808131252,3.165416292634986,3.4707824999543235,2.550495748309223
FT1817,3.4374044293304453,3.4422790405050994,3.519497760708151,3.3949542443466507,3.158615880808854,3.3115042817052567,3.4521795034975082,3.3141047743796324,3.148717460534525,3.427179424500403,3.329706921720621
FT1818,3.1671535724444904,3.507963598577814,2.9147835505763697,,2.6907386156202486,,,3.407281638820241,2.852274226370627,2.414266728078352,2.267653529918181
FT1819,4.176720172967501,4.200529582985604,4.2084679103718,3.3201856591699346,4.121219335069044,4.2250711770528335,4.18318065333119,3.734153773625636,4.147477591619033,4.195832450907841,4.196653046829386
FT1820,3.0599077238744257,2.6432516755491107,3.3129309804347744,3.117556510097109,3.2054897581002813,,3.1504862986593407,,,2.8220819211509607,3.0425158988421876
FT1821,3.220505530332857,3.2390651595070317,3.2505885658786147,3.8691143095387077,3.3039395628886563,3.3566041993393054,3.2845739569051244,,3.3258560242800574,3.320134285297909,3.1357722022203105
FT1822,3.1235477753378427,3.1311139164788533,3.2160229632995287,4.207540167994305,3.3301142652630995,3.374363942958294,,3.34665673225209,3.5802779372478235,3.561650006721754,3.303768312579297
FT1823,3.496297113089189,3.155902921139937,3.5295842674155966,3.4890395470925797,3.023571515656557,3.373234314469127,3.57079993497008,3.123484779159784,3.519352412952103,3.189142619771834,3.6473394327266657
FT1824,3.1500730753855923,3.302981352672136,3.4010962882629836,3.3206250425496324,3.1549787652009877,3.252453326426723,,,3.122809687613597,,3.3086904013813254
FT1825,3.39354130454406,3.368870879231947,2.3774990573502355,3.076890881698239,,3.4928469656652164,2.9469791465077324,3.1839673728796636,2.816794904537104,3.358347816189783,3.428665212712662
FT1826,3.51448202188872,3.796682831493411,3.1357038832907884,3.3138667301684674,3.4837168886382455,3.3475133131870574,2.841155087104042,3.6586403714599744,3.6986150749984628,3.436699472508155,3.5354530065809437
FT1827,3.2682549904643126,3.237351494912172,4.768725632688682,4.754671733449074,4.715284266328876,4.773132954822905,4.775172704967993,3.836301341340417,3.1645408842231584,4.772321234777215,4.76445528852641
FT1828,4.708872603417182,4.718088704661098,,3.492933492183828,3.5312236691933903,3.171360168898987,,,3.620695071964174,3.26683560891852,3.487497938553276
FT1829,,2.984689851390109,3.1790228525676705,3.310270273081268,3.1907826581312304,3.202159924709159,,,3.2197370492042747,3.56543647342171,3.1659583833319456
FT1830,3.060995425087586,2.8610338689065977,3.3087524469229237,3.456173236352371,,,,3.172025803112568,3.35964421067516,,2.9896497073351807
FT1831,3.0733193301928776,3.0518227751244846,3.8195473889453604,3.4286415839805944,3.4029361080217106,3.264480738405246,3.246945716697845,3.1889956216076474,2.539065761790202,3.3320221572219886,2.720980487354913
FT1832,3.389858857540123,2.779105663390954,2.790932645583465,3.084998355133441,3.2545369741451373,3.2664572833736396,3.4239772753478457,3.251845755547329,3.1510199309678706,3.2998680151649595,3.2357391025302715
FT1833,3.426797046239758,2.9434163809309037,3.069658489747315,2.940656439543866,,2.641056128095101,3.309097480673077,3.4266961617231133,2.9136340081393497,,3.105218289873021
FT1834,3.0923076960903497,3.2026310022190887,3.3486344252101046,3.3428991246641484,3.4388017183127446,2.508877679880679,2.744952371626155,3.1010231714375283,3.3741870109947842,3.143834819042849,3.046439458166194
FT1835,4.147468886685481,3.368961105443391,3.1051823067198296,2.948460830290746,3.8367058833697096,3.844594195233079,3.3788611242357525,,3.8631425367921923,3.8689562196939344,3.834255331721907
FT1836,2.922533938757828,3.108864562196139,3.3972876173685376,3.44398636723123,3.534638987475389,3.330796921870738,,3.174781130662006,2.740654481150367,3.2081561209818785,3.130228769836398
FT1837,3.7760009443358395,3.1968809084119343,3.5765329749747248,3.142608003797123,3.5264832580324827,,3.8811537675884566,,3.1620547622583555,,
FT1838,3.2581503303554493,4.151480431904751,4.250115571213553,4.227900934499795,4.230281193465005,4.2275579547957856,4.229097337169325,3.1344074326068543,4.130368498158985,4.296180592898005,4.264312326433631
FT1839,3.595088771277349,3.1550262505209035,3.065364526902994,3.648303304093494,3.6655409955544487,3.752995336400529,3.7218480087619135,3.1280975124124413,3.6997705762968107,3.830279258770201,3.6952336628721163
FT1840,3.311616975870047,3.802996873873518,,3.4342044235069973,3.194969058436063,3.1380515054615032,,,3.6597289433316815,3.135353704301278,3.708452646959265
FT1841,3.255103646898076,3.6592527261901493,2.7439624697243756,2.9421337913367522,3.0266815698346052,3.168279562350777,3.675354453271742,3.144213909755377,2.8196200303329197,2.935192452365886,3.1195546458516596
FT1842,2.6310405077338026,2.705586808344681,,2.692791898150845,3.14178456885113,3.3392339252821177,3.0953890883630613,3.0712622463210772,2.9290916283743154,3.0668821650308464,2.979941314791491
FT1843,3.265337759189711,3.1384067843236214,3.4161918050478604,4.285064711099709,3.3151662462751674,3.5612967229976444,,,3.337689018295995,,3.6069086342935446
FT1844,3.300924371363425,3.255109433379237,3.3123832401323563,3.4773040258750516,3.1531980481271686,3.308822361510497,3.2830682748318556,,3.2083837239413224,3.613339326254247,3.3478871082335444
FT1845,3.25183301269416,3.4910179060408577,3.191926782291212,3.721156859077356,3.270255922745351,,3.4531188610355548,3.6393696489153458,3.328174896246021,3.2995965457669985,4.260080140930553
FT1846,4.245757357186453,3.0880197221502574,3.1265286073904015,3.3625308797113505,3.3414906226748373,3.207342564167644,3.330364089435984,3.4465046616821433,3.309219412752862,3.283288858735445,3.277205321108181
FT1847,2.9708389748112904,3.43444913305362,3.1925598742433503,3.506997491570036,3.347533604454442,3.2610429638666196,3.397114102151799,3.734560365563996,3.299973505096119,3.3377559633424614,3.2258261793434557
FT1848,4.055175001605266,4.271204555155826,3.2616763254864964,4.200173995846447,4.143943722919836,3.3581827707023257,4.229012295227703,3.156242383229651,4.110362368105426,3.3723909325517,4.150863749954655
FT1849,2.981517064783745,3.1396710650852517,,3.205783201723978,3.2411937845666907,3.374008531525725,3.115323534011208,3.2020592210704315,3.263047960830607,3.2861245450990335,3.158004824203019
FT1850,3.1267679301480373,2.8094129000993306,3.8520723940596286,3.507618427934477,3.3468390317527654,3.208913346629654,3.475214484476362,3.3803552792176457,2.949453036511861,4.098537122387883,3.4421998756828662
FT1851,3.2766450871375863,3.9277146400568785,3.385579744186175,3.686535034504044,3.729587108410376,3.475110654414661,3.195412246984571,3.06297152380378,3.301777490726929,3.7339629336574456,3.7435440539319296
FT1852,3.768672409356146,3.155862830476093,3.7430575846060146,4.107739731303933,3.0573357103256864,3.7175702723636728,3.7462939970703557,,3.311510348817226,3.3210524276513897,
FT1853,5.1531379160487285,5.19400137938171,5.22526545574912,5.218882998093452,3.2552689473446708,5.261622757385802,5.223502583946733,3.6242740582774187,5.102229142927259,5.233842143927017,5.22954781624128
FT1854,4.145584468821719,4.1364306070325325,3.1416618523203774,3.4573024365317186,4.090298448721836,4.135127584915646,3.574441220141293,3.0112635471109144,4.101628636875645,4.1716038654142675,3.732751095854651
FT1855,3.1113518419113806,2.8065228672540092,2.534834379438227,3.48716004868833,3.2030747154392794,3.3377313402943747,2.9827205952011067,3.2059160285092263,3.4512779924894064,,2.84065260148773
FT1856,3.309649574065864,3.137340727190152,3.3024967286136473,3.1543309423192993,3.5762635455669765,3.475595330671249,,4.526492588715776,3.4282052176582414,3.7514006415132743,3.166884161681624
FT1857,,3.0882355689082552,3.1219398869198223,,3.5134310143564873,3.0633822337839183,2.946041214157179,,3.1904125432273323,3.260223151954681,3.1317119140613414
FT1858,3.4343620331444726,3.5056042846269424,4.198004347091985,3.4826329807066654,3.2159701300710455,3.5161094146899217,3.4911887383346456,,3.267253916705907,3.5318003583007433,4.195231302174435
FT1859,3.1388059553463434,3.1839363504941045,3.457172085439216,3.2755546537659597,3.381849202980409,3.315993158019604,3.347598095958436,3.825218813616048,3.410443126014717,3.31309597144121,3.2906250604103904
FT1860,3.2016009855465106,,3.137814724203119,3.3111267017122583,3.2320847070999106,,3.153100784873556,,3.088636007273219,3.199355307416394,3.355115573723957
FT1861,3.389084161268791,3.0642205255654735,,3.727862938631713,3.02958686266563,3.2134443757211804,3.6148032866480135,,2.6155990311989297,3.5716832155264076,
FT1862,3.2717805361404153,3.0117930710293757,2.7786099128897965,3.626302998705623,3.666918160938576,3.3899125080081394,3.069570021281037,3.4478143762281763,3.2369974148643426,3.5349341085988772,3.275827502265684
FT1863,2.7840361167022705,3.1598977996533453,3.149275771642422,3.4109348413928915,3.3338376411262916,2.608273025539463,3.464451238606957,3.283187016101391,3.572768248214218,3.224300018182002,2.9687436609245763
FT1864,3.1738603612113043,3.633902797807395,3.668115447475398,3.2470169906868613,3.250133054465346,3.6318606926615487,3.7317304892770813,3.1745722030340775,3.664813555824695,3.732413558537221,3.692324226964487
FT1865,,3.260671729329705,2.8891704897771726,,2.9360684574486626,3.2666372728004713,,,2.386405153074894,3.219619753560461,3.249404716704813
FT1866,,2.5849920611242863,,2.6972209183104487,2.7056492916408263,3.1715441636482415,2.902596377667303,3.0998283848423167,2.796477636445255,2.7578204124650596,2.7561577666311106
FT1867,3.4388949297280083,3.2279592345457395,3.7662787058708287,,3.4930329164274,3.211866092766452,3.227092933468919,,3.218775356461074,3.186578751116353,3.4623685162739277
FT1868,,3.4766731930580788,3.0588407643129973,3.12050537420183,3.4113013105557024,3.6156740853699594,2.7345458440567167,,3.1030907916511765,3.517950026155365,3.6200258815665247
FT1869,3.236412416797243,3.491002465285795,3.4085088632865754,3.5768593624750933,3.4644037369949405,3.83993239720527,3.234589107320268,,3.3906671027436306,3.661764333200361,3.3835482732038247
FT1870,3.629377863326355,3.747342406971741,3.6195635943844415,3.09399393306165,2.9862263808054235,3.758837658555555,3.0120878255962746,3.090295597992197,3.4444705167078626,3.7414792868903812,3.5840698501493806
FT1871,3.974819389756499,3.129341638731157,3.314936589972778,3.0988963547946993,4.013648728326237,3.3375089307413353,3.5299184639261667,3.842117684489267,3.9694565304879266,4.153420556318378,4.02193044280317
FT1872,2.9992376769329674,3.3207113539181323,3.7823285031838347,3.4248856107557133,3.223375373279085,3.4424905100359324,4.151720900553288,,3.3269039784382173,3.145840646155768,3.1688375533837205
FT1873,3.238905512022938,3.0620501452054736,3.149354498578484,3.2057256878016256,3.461082912333835,3.1578237320607516,3.4611645902851773,,3.4369836728425316,2.9514342270082556,3.1947259834208745
FT1874,4.200075202896045,4.121546717999333,4.182909000658297,4.206706494056551,4.161408620393828,4.141454598235037,4.21477352783093,3.1102754769337437,4.072400653450888,4.218879839519872,4.212402142272911
FT1875,3.3293304236462986,2.9297402709479603,3.4058468494395497,3.41077519986097,3.390874326382809,3.2761314656693505,3.541219061375873,,3.3422455457138542,3.3186008640177076,3.378333833771949
FT1876,,3.0614377817806844,3.0314561551447317,3.065409237128799,,3.277142360786741,3.157884243350476,,3.291628344889263,3.2022726444806477,3.1012163563281723
FT1877,4.102404991961684,4.026654333865522,4.105162904135333,4.14349256362136,3.984138704254162,4.160399572066747,4.177357325895445,3.604205848251308,4.031982051595989,4.1348369639657365,3.169835628832619
FT1878,3.306167449644804,3.186638472287449,3.5198703491493513,3.0597080320097083,3.1905555306783953,3.134364170033014,3.4840084143115755,,3.1215704039316283,3.150790809812335,4.137333678182618
FT1879,3.26306982407276,3.226760474416059,3.0908979247113466,3.1904356996748184,3.0363076324807143,3.1345876582928676,3.191339027853018,2.875188001553866,3.175544171406549,3.31157778697562,3.275261880125827
FT1880,3.044208585216045,3.817097904030154,3.152842323255557,3.1071291747870875,3.235798091108933,3.214198929072497,3.317230387294794,,3.1214732742003752,3.2170972773396347,
FT1881,3.1005038937664993,3.2324525555463604,3.471571266824959,3.2401951138771667,3.461943152282953,3.2346909932722845,3.279214337797442,,4.5371433784987385,3.377904509806926,3.27862428938838
FT1882,3.325793074676792,4.602599679707826,4.643187875604058,4.641286632172438,4.590701924594535,3.4686465754366256,4.632651083731261,3.9089208972225467,3.1988679881784394,3.627133948109943,4.67311639462901
FT1883,3.1882802979488676,3.1756117158963884,3.2372571005608717,3.3224500740150185,3.264646866356401,3.3109888755493744,3.11117241709611,,3.3514379623903965,,3.3797754089609358
FT1884,3.297493118482627,3.2709134903920822,3.076489663654412,3.19401022505191,3.0370738378331468,3.1667206960862933,3.1110120350528065,,3.219869748047867,3.0806052954755003,
FT1885,3.3404135447029164,3.3099462789007768,3.199141641492924,3.384700771500373,3.3684758112128423,4.663712661872879,2.942820658348399,,3.381585706764319,3.361566761560616,3.136288129645501
FT1886,3.110144289347789,3.0766438475801543,3.294750986887763,3.408244473496545,3.3788709666957137,3.2781324244861456,3.461835823976069,3.285371698957172,3.2501553712820255,3.715080010980648,3.208432282539957
FT1887,3.8153256700386837,3.5956292190062102,3.823852916204197,3.767961679000296,3.5766640086154906,3.7763303624027995,3.7369874618788947,,3.1869535951028554,3.31563703820387,3.7589525381433893
FT1888,3.5890016695340776,3.595216290416514,3.1791749922710477,3.4105586224818785,,3.67633501600729,,,3.547630530697337,3.448950256865828,3.2155444496318286
FT1889,4.095302051576316,3.201873367559326,3.840056594654486,4.162999637785923,4.1050765472996105,4.313401200523342,4.147310822604112,3.023571063567664,4.009793771081706,4.21800044430013,4.136603601943571
FT1890,3.430417174899109,2.895992000123933,3.2260934353806423,3.2698946834493183,3.6408847916210583,3.2468826966224458,3.6363863630982984,3.1446179955256808,3.571089827921704,3.4813072723951834,
FT1891,,4.071001444499402,4.14084612355022,3.6077635488122755,3.7296555514048553,3.322707349387086,,,3.7367350238494,3.7331953528950135,3.140965949009917
FT1892,3.1824276208897855,3.2305687513482018,3.3083387133273203,3.372648072881253,3.634978920348558,3.2892748346194023,3.525830105124195,3.1606932256174973,3.1635269081110633,3.157649941783488,3.1337663065896546
FT1893,3.469174873378237,3.4439651362169728,3.199140692931195,3.603633933486157,,3.1831394600231726,3.1018264813515146,,3.2300733687297387,3.59237031701149,3.5909039915381396
FT1894,3.114637399019316,3.3476166172753894,3.454075642030933,3.0578723091336664,,3.239377317444757,,,3.1495471254457224,3.3172129001551913,3.2523455790927107
FT1895,3.2233453438110713,3.638476026387692,3.368868486464375,3.1152076316888366,3.3916208061508164,3.362563873321462,3.1654054065025288,3.9552589923964403,3.182366048780764,3.629775829893504,3.2017220448696566
FT1896,3.546240743205384,3.279251930833411,3.188779767883167,4.139386264022251,3.261501632353721,3.172126361783714,3.2379211619723005,3.0487058188499607,4.17574384289891,3.279745838806491,3.297115810690173
FT1897,,3.547097975284974,3.1024795470449757,3.3614139720195184,3.1638953940066825,3.3101281077093536,3.3357874820172997,3.400327632565107,3.4170024228269695,3.1597735491722534,4.15603413073421
FT1898,3.0735960996958624,4.013479959339526,3.3780080014272307,4.0766701896844575,4.0746162175536424,4.083585666659268,3.2081159044280723,3.646590092848678,4.076264779209772,4.112168931757538,4.046801801506698
FT1899,3.8390774900407094,3.305212041700006,3.400064156129628,2.9932348832193125,3.1157036686982438,3.264480678422513,3.124764111859697,,3.1889599143577123,3.090934884802365,3.1081543592907037
FT1900,3.195364699356861,3.27593148947197,2.9225427680872147,3.5518265453178928,3.221478810692107,3.707658309353871,3.2413276947904386,,3.7099697911271865,3.2393396583628675,3.1312950041188783
FT1901,,3.015337913871646,4.0214208796615205,3.2417507671509935,3.2549708366141332,3.1965678679137777,3.6543253445656445,,,3.3373968560456424,3.137947854901368
FT1902,3.5809282697601725,3.6284374053160873,3.662875160701537,3.602069921752768,3.6727958859771856,3.3980952060911904,4.147212060277042,3.1120878325258454,3.318672850878203,3.7572443090530356,3.701835708241411
FT1903,3.104738270031078,3.7290032004434583,3.1356721160295664,3.157174394880383,3.3964731786212927,3.3392997190187192,3.7580679440145923,,3.3687673037594137,3.2144997927496273,3.3929662251306896
FT1904,2.788348029593041,5.071303010033014,3.1439580908383493,5.038544611512067,2.9698928789339565,3.378887318591171,3.283441039376241,,4.937995057427247,3.2470709707172123,
FT1905,4.989275506577739,3.1694848780365374,5.068638345398539,3.1116130184205075,5.015806533255648,5.079802184249069,5.10419019153783,4.301388707904813,3.10177104927563,3.3437214484302977,5.079449110912098
FT1906,3.638181301769714,4.109871347909702,3.8148225854612896,4.115952909045356,4.125051663283447,4.151727970578876,3.087492004687011,3.0614363333736287,3.0749807502184643,3.7809095608525323,3.9733284698219213
FT1907,4.064854363479557,,4.1113766401130185,,3.1051978456384255,,3.5223833374109392,,3.5835572042101336,4.180142423718391,3.0842749474421356
FT1908,3.3141052168038234,3.332336799787288,3.246204589982853,3.4336487233510566,3.233533254885433,3.1994665247903757,3.5845248510514374,3.1030603723794505,3.286462647282366,3.506683710294649,3.1401488990080333
FT1909,3.2030517590157523,3.095357855492919,3.094627340971447,3.3707887595759476,3.2215816403355015,3.3254234830704195,3.266429141698511,,3.19551149250917,3.204603105550927,2.6077068354388713
FT1910,,3.215173996471391,3.3794588215750414,3.644343299607442,3.102047014945719,3.0909363463507806,3.4130327645743854,,3.0368538568407577,,3.3849325296652917
FT1911,,3.300359997681718,3.2650889556680287,3.445484114531529,3.381417910654292,3.114865197466138,,,3.4092168725560743,,3.05881221394658
FT1912,3.5392148470204474,3.5107307998816344,3.551816762804026,3.161344822370036,3.498239797031778,3.5904577980125585,3.1786545546309313,,3.4713121368000652,3.5058593015741537,3.612379840303223
FT1913,3.1591417304357337,3.313263331924261,3.400106258900144,3.15123729118702,3.017086028302916,3.4184302446814323,3.338407956939755,,,3.258896182459031,
FT1914,3.156056377431993,3.4175708589759077,3.2159891747873695,3.479085350284067,3.373141971690884,2.939856029741116,3.534210418496572,,3.1770059305909983,3.2450759697313405,3.2889280053269454
FT1915,3.2074093982317837,2.9597381537507887,3.2118119173618274,3.4188541886865784,3.151279929830693,3.140406840855153,3.3266569832382693,2.954931174281863,3.080772278980935,3.327460967799746,3.1837629814530892
FT1916,3.1298724994524614,3.3204248498833127,3.5473088946514837,3.4174972824594674,3.3397116610061515,3.3238657744203866,3.3862681911973995,3.416386465597979,3.3492008777391797,3.154152062622728,3.2503900486770636
FT1917,3.4640583797403286,3.281411747532704,3.3372733710625226,3.2906368206953327,3.2159090860500865,3.317284750387893,3.3217521892546475,,3.5758085687319165,3.684694268100891,3.198213217825676
FT1918,3.5593707239874357,3.1744965761585964,3.8893008083588465,3.8128102362071106,3.612432248464991,3.6486227706289576,4.1162798017686075,3.189583279993211,4.009501543489548,3.953994828857954,4.014840256343129
FT1919,3.8484467602364085,3.207571775730425,3.4680747506199485,3.36933986697027,3.6291754448664215,3.6102116733300234,4.017336285008804,3.573806265241961,3.398123662211636,4.025545313968596,3.2662815083956245
FT1920,4.072361250485548,4.048428404696875,3.267708663405923,4.06816192496423,3.0693751369603914,4.1585794323345295,3.2233013073531107,3.075858332810301,3.447806541082336,3.3279632878318153,3.6549961982075225
FT1921,3.1618294566924936,3.5911726869633926,4.082062694109508,,4.103907314181223,,3.157670392359384,,3.173523285004007,4.0975101162872045,3.307206223895738
FT1922,3.0240597002916347,3.0236038842895523,3.172785625335604,3.045741648714414,3.1586607719899655,3.279315517790528,3.2421957900358187,3.1802168125813073,3.376606667955245,3.29033949477627,3.370270777307387
FT1923,3.0588788251562637,3.281116360890327,,3.620704733488815,3.0949330373190103,3.3731492741053097,3.2449769435229014,,3.1751924633169426,,3.3610948511255185
FT1924,4.0151482687419096,3.2487898608265215,3.947678387061857,3.1048586997337706,3.9670439334676044,3.9746411087120745,4.004690716903703,3.468983321709414,2.976244769263181,4.000487047932073,4.017848578740049
FT1925,3.1482646968906938,,3.1011370637554734,3.992986125183626,,3.33120421062838,3.1627142533518575,,3.966702050621267,3.272895287568054,3.4104568684990144
FT1926,3.217057312328094,4.4972174294183676,3.253672698872146,4.486744716524073,3.1433156852888127,2.976724645435984,4.543341740507039,3.119243515298266,4.447782559325419,3.2143909070587746,3.1356721591968433
FT1927,4.483124425267334,3.3985477024902675,3.4248011368195845,3.518964454929675,4.4968045135165715,4.5652584994413274,3.4243033848821445,3.729177694803763,3.3340991134921625,4.5340177520129386,3.368187246923766
FT1928,3.276340179408773,3.1864322459072,3.1232867475988515,3.1586634142682746,2.65551637295494,3.4042088337690286,3.138997609132161,,3.3043380166794925,3.4823404647736727,4.536081684331957
FT1929,3.323186830049425,3.2155834557832317,3.2097520523052046,3.2329093100729245,3.487620505013267,3.2634840322153518,3.2429063630066395,3.1487155647036005,3.1803555717741974,3.113383355621979,3.252582384231228
FT1930,3.1635797339672296,3.1921237953917774,3.1189672559879096,3.6539050573429845,3.2026618817377317,3.70975966308896,2.955916575617278,2.8757281606775624,3.026389765115167,3.2018526777032803,3.091187504462848
FT1931,3.5002431632153983,3.187690613218896,3.351302277137503,3.3779272657791717,2.9939177664972023,3.5559680453979903,3.0975346082560944,,3.398306385247149,3.0885304131527724,3.095805933935185
FT1932,3.652793335093728,,3.2201108751977743,,3.1311681609632163,3.0907532971811658,3.304895370658297,,3.5138176390352016,3.470108139468249,3.221536284873723
FT1933,4.073455664960494,4.0626299923286915,4.104767538632822,4.030402446973291,3.974999994873362,4.1052354406340585,4.119505506550034,2.913158354633149,3.8606926160833757,3.3291829698119866,4.025333548266561
FT1934,3.9381674004011447,3.1574596223906175,3.1445665185773204,3.0782865854615036,3.285434026477897,3.524195497702656,4.034546892759309,3.255934846021995,4.08066040766749,4.039038242898325,2.702719000301555
FT1935,3.2392992064037727,3.138603344726314,3.3063575877730966,3.121259041376687,3.678665401806221,,3.390927966995075,,3.215060313521351,3.8573770010815713,3.6248480330752213
FT1936,3.3837415593267393,3.449544490998941,2.999855978396236,3.511504466954768,3.110437402210354,3.5252793380797036,3.238771976812917,3.254532404083967,3.084724848262658,3.376230250491218,3.4339237508605382
FT1937,3.0337209393949185,3.3902655597922733,3.4700144321488127,3.111909623853084,3.180075120724738,,3.456053918022282,,3.1675948957033486,3.6033740032717345,3.469167876190119
FT1938,3.2139375830238377,3.215614537517526,3.233050710841389,3.495642319487892,3.4885344183423728,3.150750161686598,3.282027670708225,,3.249679370124023,3.605539416978719,3.145498124390543
FT1939,3.4894631026196605,3.234660203543186,3.244877815593147,3.5190183590669366,3.376452450176929,3.53618764566767,3.4034947557772526,,3.3548996330191323,3.4544113440192183,3.1567351789946914
FT1940,3.1242875978355156,3.253709764896333,3.1636202703862337,3.0894487661086423,3.3326884630802165,,3.202962019524989,3.1065241620411332,3.514557733274399,3.3393549144158663,3.398383384043115
FT1941,3.1371436976114584,3.9612665668225278,3.25263036606736,3.2158290858436445,3.0920891309832563,,3.146749479908104,,4.035720439059497,3.0998839892034837,3.148847868841427
FT1942,3.0226564380561127,3.2405581281358744,3.256703644380422,3.2505654034219402,3.112284069781706,3.173493791056515,3.217478568328654,,3.108801228458663,3.3449885315610146,3.316388152832752
FT1943,3.1749905151528592,3.098838607351016,3.1635366231323325,3.130511795862519,3.2845687947998496,3.4091030984045743,3.1961088091971663,3.020629220322691,3.3420170135390164,3.2046459808929852,3.1634098521849787
FT1944,3.8815781309207646,3.4784492905591,3.9619805393075573,3.8916939545613354,3.2712148750472276,3.121534362257509,4.9395085644797945,3.072893818898407,3.9322540180365664,3.151422893790451,4.0300193058437115
FT1945,3.388790571015871,2.8355538404227203,3.055326524530292,3.4720237896844317,4.003230369045986,4.027581683333669,3.999788564217145,3.503684951130948,3.224240654781878,3.981079498771529,3.1815659493164943
FT1946,3.5794613008355065,3.577505578607463,3.4015428815927553,3.3802117473636533,3.6364440790025876,3.6536607905641105,3.579044160606883,,3.040712764549815,3.5769921229772845,3.9050353009236902
FT1947,3.195682749073924,3.318868663288765,3.250719042973658,3.3925508075933775,3.098713476089806,3.395878521240509,3.2101707405853093,3.0521982674145516,3.6626396211636183,3.1830369726354517,3.2747839205355964
FT1948,4.855191697974589,4.871666116447191,4.9401714972088255,3.297746151454594,4.881133478270204,4.943384115905591,3.208795542993255,4.1469548577344195,4.864107783589897,4.953467281611309,4.90901480286006
FT1949,4.061841364605347,4.052274900562154,4.083296792985367,4.070932451656477,4.058651153295994,4.147915465342836,4.085172513631363,3.118993500299457,3.9575137487998573,3.7096078775229815,3.6229319950356675
FT1950,3.072006602590741,3.1505709054867106,,3.276185287382742,3.6275910384018877,3.043110806794879,3.587871280184976,,2.983303848781616,4.145034623162178,3.048248654029357
FT1951,3.5541876050387406,3.1938734465060055,,3.139340998584408,3.2807159475083725,,3.135285049247352,,3.3929467219274434,3.170580501760616,2.953555318863098
FT1952,,3.0737109591767586,3.1398303109876324,3.087337449502711,,3.1611339063126174,3.386606950529349,3.190103614797426,,3.3121834184966636,3.1739331797239627
FT1953,,2.4904226163280425,3.368466550448987,3.2773074284666737,3.2515426672614747,3.189689588141517,3.2297238866669535,3.049204726063999,3.060589611110369,3.4573802480206255,3.499617149588506
FT1954,3.28012583325993,3.040453569107055,3.1072512882806156,3.1333953713501046,3.373905728278803,2.8281211121542893,3.2493856888572834,,3.296445855806207,3.487502003688188,3.216762375978413
FT1955,3.4189210330265856,3.4462492986548394,2.918005748967134,3.3335461451637607,3.417989369119164,3.516969342252929,3.4879470361829257,3.1700483547942966,3.4422812502040347,3.5090310290523816,3.2618582339768207
FT1956,3.1350556427233127,3.2064137454932458,3.4111945730453295,3.3582215423887347,2.768270391911361,3.315787419093935,3.199425369403046,3.1226538315279835,3.0691379901641804,3.2173715369026405,3.1666028712458965
FT1957,3.273699143936495,3.0599536403662975,,3.1947986754501154,3.050509237685706,3.1228066564075876,3.1768721823216057,,3.383086409545529,3.1577693577777026,3.0418302696032598
FT1958,,3.4184821735859208,3.295063648967841,3.26788791132485,3.0984344014489924,3.2259364222817544,3.3149199918301817,3.275558970487677,,3.0836381680416034,3.2352445009063713
FT1959,3.450505445335691,3.1500311394536396,3.402489372760572,2.880811115993332,3.670806806510777,3.1537199566649043,3.6450361835186946,,3.1422719283851994,3.2378384664446176,3.3204926316977557
FT1960,3.226176807397397,3.3769990101878906,3.4884635973240017,3.4787163501667377,3.290234258784536,3.099767620926135,3.260186226960012,,3.463498247544102,3.662049158950912,3.5212504337829413
FT1961,,2.900734704653188,3.6029201272784106,3.786407737787607,3.597163568892205,,3.4148791333521418,,,3.3451889854327566,3.0806936049391007
FT1962,,3.7330991967669016,3.1432848307100407,3.527325245627957,3.3699019158344075,3.1996608581983508,3.1632632102300833,3.1922789399674723,3.423140092895725,3.83004555366665,3.1517562294816264
FT1963,3.982592188739291,3.9126543994619056,3.9948617115397074,4.060005000901515,3.963172767564906,4.005359166599576,3.982515686106083,,3.8805927634412707,3.9897854116580294,4.183353896870096
FT1964,3.3340546662551143,2.965791103139177,3.6580719920376206,3.143681202903698,,3.0808567998232914,3.0538930536403672,,2.9881459209536363,3.7458566719248805,3.1363307116594723
FT1965,3.0860459453796443,3.104725540932228,3.3645882386804757,3.1828446986711434,,3.20138497528852,3.24221552754215,,3.1204166061540617,3.2793469043725034,3.2158252867666053
FT1966,3.8864541299864928,3.8568362828121345,3.1196268245767125,3.8130670375213627,3.109579457823611,3.8548639695420848,3.1750526766731726,3.552494511355681,3.8235636443427063,3.952016320359842,3.9128830774379253
FT1967,3.217253454388365,,3.892612940484983,3.3764191995901687,3.185818335115149,3.193137944466797,3.9653353838820564,,3.2234090893418967,3.123621151076799,4.342072934834795
FT1968,3.286379383469501,3.4279721277374087,3.391220618317902,3.3402193454610467,3.0476804087025338,3.275385471845261,3.3345199077050434,,3.084786981664785,3.3099689477841645,3.0353623659984317
FT1969,3.2201328863325434,3.032877448829651,3.234996836727845,3.1840252587231124,3.900404193364094,3.243971199695827,3.2305359160608815,,3.3657973372441448,3.1276995848717597,3.137666976230411
FT1970,3.356459639184953,4.3716080746171,3.23170424862808,3.1904777491855647,3.317072554566892,3.1648286440579168,3.335058815688922,2.956762203046818,3.432725837075421,3.469747406497972,3.3259124765338988
FT1971,4.319571304029723,3.3313249480028806,4.4062107125233005,4.382679286385986,4.363778168378419,4.4632871380823,4.408325566921441,3.5674375072801965,3.314871853494012,4.393168354739214,3.332401432405853
FT1972,2.988220636430724,3.218862606593298,3.16672490007874,3.2304606097445965,3.2382170460966866,3.4749575465883433,,2.933882644218486,3.084330540486664,3.2066373950322085,3.2055503987968055
FT1973,3.145822979954167,3.216502301159949,3.147234703017458,3.37130588728129,3.4236860855808433,3.2093986506418433,3.2016460055168094,,3.1419232725058164,,3.0628236749678797
FT1974,3.5110210205287102,3.637773374263021,3.1229752579656664,3.661562360897986,2.876727338678613,3.180671334747341,3.598189580578037,,3.6534381300597634,4.1973563332401405,3.669725658502693
FT1975,3.2804332107915335,3.3384024627614233,3.633359509473864,3.146061023749963,3.142211930912944,3.62139412255636,3.1337103099040196,2.989276732630689,3.183186749985693,3.437996548675687,3.225880740173345
FT1976,2.8828229439218553,3.090444177875651,3.3724510509559162,3.2524454932825946,3.2729169944223204,3.362815813808053,3.0897296748728458,3.228002117497552,3.302502575168505,3.8709157785116677,3.265554450041596
FT1977,3.413791859691892,3.433668040452133,3.1516047390710735,3.2637507563723025,3.3980082498548545,3.2698947529297433,3.4692209756908974,,3.408702160033708,3.4544928251808025,3.5504167586074447
FT1978,3.881121426216018,3.953319989694788,3.9440630974462514,3.8543811131007657,3.9069289761329213,3.140116006914951,3.916777831054274,3.168385469167349,3.9293894412916397,3.2794486530762703,3.9626148689107143
FT1979,3.208935691695719,3.199060265208451,3.4022201016049074,3.2490143654290256,3.336908033034964,3.27234923937905,3.0666882871719596,3.125376458503189,3.174671115643174,3.4610162297026115,3.2654256955915852
FT1980,3.16177534269307,3.514619686208255,2.9269042353320813,3.954590525319887,2.8719538093965786,3.336101483532338,,,3.382928019558073,3.295617964066473,
FT1981,3.2206493399788005,2.8630105368070766,3.075594228081518,3.4669450977493845,3.113407847118903,3.2064044089532096,3.4863610234364395,3.2284262137218165,3.155143482631512,2.8976757510597775,3.359101204586869
FT1982,2.7322391509525925,3.227113292401781,2.8271953282466233,3.2903729976821348,3.169766664760622,3.2667729170220876,,,,3.1947475247712718,2.802047460819346
FT1983,3.217205375950953,3.087463229453346,3.401106901064654,3.1783519959829367,3.203425181912212,4.1883808381127645,3.331232277531791,,3.1308693046955867,3.3406357657190426,3.191162551041831
FT1984,3.8807754180139145,3.3114720593353266,3.8549186699615654,3.157292550013486,3.8879748854855882,3.9381760215520116,,,,3.2906640529221174,2.9416480477448226
FT1985,3.1749965418764963,2.9809802817663344,3.343053981469315,3.318355401605873,3.1311524255720578,3.169047393692858,,,,3.7331312810433177,3.4925258233818437
FT1986,3.0196774726472064,3.8716373053267463,3.1942033281108024,3.3028336972421357,3.86413745329112,3.1596614666661664,3.9643430120614758,3.649605502137505,3.1014326092779245,2.9697210913479077,3.4595958564524385
FT1987,2.840305735834315,2.99946711689827,3.8450428168502824,3.5291119452371333,3.1635021010951894,3.154103615740397,,,,3.558617179421817,2.8465585581989608
FT1988,3.0122744237614985,2.961225966695983,3.2182404615060847,3.7355908285818806,,3.4859545241170484,3.259239221918385,,3.118772651567139,3.337282937630781,3.555207908016801
FT1989,3.8273459989448857,2.732030694262588,3.474288293287431,3.6051344534106757,3.2789992635709546,3.537352898449138,3.45990864290289,3.122767611568074,3.053300605083238,3.3363859437795966,3.2029627574335016
FT1990,3.4112372943804945,3.5055832394777395,3.626619384316244,3.3986834930120304,3.7170954599287716,3.385840655971027,3.3443781602002116,2.8200417728316958,3.474307252316913,3.5516855392274103,3.53918742060718
FT1991,,3.8445857041540554,3.1932608268629745,4.704552363433397,3.0646528439065235,4.7669125986970196,4.7819447720854775,,3.7861709410287436,3.4412255108244896,3.25188654325006
FT1992,4.704591016847456,4.71530499186104,4.771269558381982,3.200739580768732,3.217853607985695,3.2248511379598988,3.0364095025856006,3.279551335754118,4.651178345218575,3.2621101436906974,3.1015065374966015
FT1993,3.8478172477820785,3.799753904886353,3.076210707110155,3.869985807946407,3.9853523826255985,4.09252258801328,3.961984782042322,2.97037959575019,3.9440406878279366,3.6904402532072345,4.0316261944600855
FT1994,3.3161950713106205,3.1095082103485407,3.1768117059672143,3.121366671044913,4.717016225234309,2.952270334603234,3.090017679250293,,3.1250414525638246,3.1751110480172473,4.761483566774664
FT1995,3.0799739762639153,2.878928338267573,3.327905157172664,3.3508009584713268,3.1850626021462762,3.3607249188369135,3.300266085378413,3.999977750542277,3.104252668325689,3.324455281523797,3.2595149822136134
FT1996,3.143855951807281,3.111618869669642,3.2538584174323533,2.9071743744622487,3.1748990502378134,3.0709587598713437,3.1017365832066996,,2.892603347022166,3.2998424679806155,3.097140954798559
FT1997,3.581919555516206,3.0469222218663043,3.167519951452651,3.267731502513102,3.1066304101795157,3.115139005542517,3.332697805195073,,3.299194200192753,3.096494099973252,2.999600330813083
FT1998,3.062045384210668,3.166828510033131,3.3152917314950607,3.083064478483566,3.3890848738888426,3.270149171766618,3.4545699920155184,,3.297323759000882,3.243090433674533,3.310532625311783
FT1999,3.046941648854898,3.0632446616487745,3.420392920648489,3.1740181830812735,3.1939337787663207,3.3982840336635824,3.1408289728982455,,3.340273924434612,3.247579463496169,3.234304699365438
FT2000,3.308860982124778,3.146412196851218,3.2422022465019498,3.500063903549732,3.1590907681020854,3.3811779541092037,3.325572237609244,,3.2347119938184306,3.346576361783465,3.0565656172654276
FT2001,3.229975991010891,3.393023710127424,3.370782611674174,3.501012823496929,3.1028052309038423,3.2781318432202733,3.109753397110929,,3.1708174404369256,3.543417176468881,3.3023819825325846
FT2002,3.2122385951294365,,,3.3088137566593776,3.0089718200076665,3.219535357349201,3.4334519021555807,,3.2646485470613955,3.285818787670751,3.257890486924068
FT2003,3.218421209000466,3.228214337634052,3.2989521786653038,2.924172768924291,3.095308079518427,3.4333197617938307,3.328015003119064,2.9728023717541423,3.2262194766623034,3.2706506128498782,2.8890900610973747
FT2004,3.04694744248102,3.1128852269731997,2.9975059817401246,3.0925174450357473,3.6697931076209924,3.197306434682931,3.220006105706161,,,3.2368531759661137,
FT2005,3.431833302823511,3.4865233405022407,3.128103085210463,3.4344794399592797,3.222137963893753,3.448699577007326,3.5770039426448546,2.9279765416182055,3.2098562926879657,3.2597220497759274,3.06983574660737
FT2006,3.9617030367770725,3.089284295082537,3.8676388481562682,3.7998339988615744,3.9792361723067473,3.8747310019691694,3.8797627459310355,2.974098661562671,3.887730545208046,3.858861560902961,3.8482680354949994
FT2007,3.0586716849911535,3.2764487969495044,3.3371766121309725,3.0841583816611027,3.242124105121426,3.4090049329112153,3.3923034525954265,3.2284274194401688,3.393578296103657,3.4570520959729896,3.377093891733456
FT2008,3.089522555324556,3.1954359260129896,3.795427921266457,3.749053363222401,2.8790214510889123,3.8539002224144694,3.7244694250823938,,2.838788519327831,3.6387309877416754,3.829552548272893
FT2009,3.527166464881831,3.1227769762250537,4.251704578477693,3.2599937103880863,3.0163427862236385,3.064812768003237,3.368153397211817,,3.758654813158602,3.743244964875738,3.1997902226429122
FT2010,2.7230713335012293,3.046135042387745,3.171197284171272,,3.4167390994954716,3.493078238629785,3.2269649162414042,,,3.1748066918578894,3.1054047624195555
FT2011,3.347062858027071,3.106321698926164,3.168877599043727,3.090771985819,3.107310150369761,3.160249699670402,2.927877712330398,,3.2037474211604056,3.22391211281819,3.090127307398027
FT2012,3.098352774791275,3.757358595302567,3.2677001580664164,3.1256574089777556,3.7898342424044404,3.2817058924039646,3.1725857256311834,3.3414675902133357,3.1756140487624243,3.1715362987968265,2.970175482309266
FT2013,4.23819107559044,3.2438025600022207,3.2130894734783704,4.288906199393106,4.230275987216055,4.3360079865207535,4.309919149555588,3.312790207169722,3.3565176547261637,3.4568192755430256,4.20656399660393
FT2014,3.3233387935932033,3.013489969852346,3.289041722832363,3.2888068743558425,3.3452307088044977,3.379875636678776,3.1841433925315803,3.0010825261689256,4.201087498112496,4.267938384203237,3.9558622040353457
FT2015,,3.0948755986009773,,2.9036248777118754,3.1178713974270527,3.2384127024031506,3.186593801161719,,3.043572676005359,2.660523261094596,3.188858366681658
FT2016,3.1576761375547893,3.177397472975561,3.363648865958676,3.349761884544049,3.237505160638215,3.115365250345646,3.6647080175069986,,3.1014468411485154,3.2352218795220202,3.050189507697239
FT2017,3.13657768918145,3.1533692165643763,3.5000860804125478,3.341080344155832,3.082103827655827,2.9971603196070764,3.125670412172825,2.984946843936157,3.1451839742977974,3.376791190927262,3.115701562912602
FT2018,3.5565389772684024,3.5319668016335686,3.222216307386777,3.418960994641416,3.678340021609797,3.5576560209308545,,,3.5807376171440284,3.590699083392532,3.555419813049662
FT2019,,3.280082436607719,,3.3854530001418666,3.268132436764765,3.4761420688242426,3.177211579359689,,3.2829831377425815,3.3099631601226838,3.305533283107919
FT2020,3.299849727403156,3.150444900518741,3.8548714138188167,3.7251125562093677,3.9903454970454035,3.732490545656885,3.8373602972577423,3.0893628136261637,3.866759462457478,4.040443006782218,3.9720557007564885
FT2021,3.233393989032457,,3.265209955220054,3.274168392688686,3.421212842993317,,3.1581847585611853,,3.282685095702791,3.2174069402984364,3.527315400427217
FT2022,3.486163468909243,3.042290094826183,,3.332465903651458,3.2369914044365786,3.167333736466568,3.3863263499940994,,3.2525406982964675,3.4831316042056324,3.3887526886091908
FT2023,3.144640837622561,3.2050582915240033,3.132856788348811,3.3676972239507865,3.1318899487555565,3.1283642709435573,3.4373187137016163,3.074634036634937,3.1819973326733195,3.3351482642997548,3.349710467307002
FT2024,3.266574734008532,3.110304759217242,3.2217611017839074,3.0634836552625044,3.3729464573720263,3.1883059235415145,2.769105741512682,3.517961512553452,3.277146464137634,3.202849084488441,3.1448723486604675
FT2025,3.1724602823091996,3.0509594186406397,3.4072461344373077,3.0422377030833507,3.1283729527582995,,3.3635740512080945,,3.025019892748922,3.110729356670996,2.8512815422377065
FT2026,3.722551250272394,3.0591063510681575,3.161134522506768,3.2029183965118073,3.157220785373458,3.8667954016981056,3.234301712419147,,2.978757209491315,3.190310198572734,3.1060096863790365
FT2027,3.071063701641237,3.0537380122966176,3.7630584133783183,3.598131075047898,3.26267127651959,3.4158448217427857,3.299701119161235,,3.1800065823981947,3.2114377899062174,3.190400047534554
FT2028,3.726963466956309,3.097807003848282,3.1443251196105706,3.270585832374612,3.1587250234695072,3.0761421530189192,3.2544878389011958,,3.0743031718266436,3.2299251651851564,3.120660952497699
FT2029,3.2571623637261253,2.987992975831411,3.3632943552127554,3.4574231225403738,3.12844324186534,3.792453474576257,3.9298098055965682,,3.7499380754350153,,3.3348577590077855
FT2030,3.2190802214518706,3.6721713865620953,3.2046472573775686,3.7607121132588497,3.7677490386115693,3.089588736231914,3.7272443979581715,3.2495839881849276,3.6084911734318195,3.815312293651439,3.7768670047603674
FT2031,3.2879146455856016,3.5006787348220856,3.1201683650023813,3.1745160923818823,3.820560894696267,,3.311443266690383,,3.361415953201551,3.1669234012021876,3.0921451122015844
FT2032,3.127813098688406,3.153056498013325,3.103732641087476,3.234402120802691,3.077520966581842,3.3310544938086473,3.134418466094972,3.157725858536094,2.923430666817679,3.0903274410959867,3.1423655674673543
FT2033,3.5689606217931296,3.1470991078696797,3.6072581578009575,3.623836526670901,3.3352747319337572,3.5664024509624173,3.4567493619166334,,3.4119984551073985,3.5344786239058794,3.1071576544908903
FT2034,4.54214329506259,3.098597798434184,4.596518570635611,4.592440694513934,4.570780182284553,2.986621441773238,4.649860964713849,3.8179566858674425,4.504922585705242,3.2869465182388375,4.5650979834274334
FT2035,3.5555308538108705,4.557998399694735,3.8747657436265865,3.9202039762623846,3.8499170388499127,3.974008143912012,3.385715199906403,,3.776875062528596,4.590894735441455,3.882751260850345
FT2036,3.0523104547577513,4.230843590850982,3.095657911620734,3.0822171974477244,3.5802312228972104,3.209416763245685,3.6415175817487873,,3.1677439432903074,3.1479223187239747,3.1700938444406823
FT2037,3.0752007283853606,,3.171413081027096,3.242786307192566,3.1327531610260078,3.2618500118791234,3.271880736758741,,3.2479504973403164,3.3237118059089963,3.2448687128950127
FT2038,3.3077786547957637,3.2469374263265034,3.0135983336022107,3.0065947521438536,3.1748193252041603,3.093733037450597,3.3592322292444314,,3.0474369449048617,2.9514410748446602,2.961236511946887
FT2039,2.704834988103948,3.218418713594362,3.2537921899731574,3.0384920065422123,3.1367174007426835,3.264054862227035,3.8570568168300516,3.076447728947216,3.166265732173105,3.0600763420815147,3.289261064317186
FT2040,3.1946238797262554,2.9651975905720525,3.246038851594836,3.356455445898882,2.9443672246349557,,3.1940854592965544,,3.443667070636982,3.2877526938606536,3.0239934124558117
FT2041,3.2819386800302355,3.101990737671412,2.9669051623705234,3.0297963009554336,3.127904663577793,3.214939030306788,3.044599305665874,2.9890636505423624,3.254334904751194,3.0353728816598737,3.2274056943887355
FT2042,3.0739569415210415,3.010702160009252,3.155415419467316,3.3271475268846546,3.256952241217444,3.17706676518497,3.2956514193970614,,3.250780650961226,3.1599288781535444,3.176758783778323
FT2043,3.1545568104341055,3.065810199334869,2.978574598936754,3.4431125614805556,3.224467238559239,3.1505796748624797,2.909987324222983,,3.2243988935226424,3.296275493336561,3.359214289588196
FT2044,,,2.785395669858569,3.230253746113409,3.0076025305210377,3.342001912794456,3.3409710675370743,,3.168815892802179,3.142372290922556,3.2833537052680604
FT2045,3.20099039493439,2.3966879289672645,3.1855020337433197,3.371623610275404,3.123680444413088,3.3219691046993436,3.1042442095139906,3.052054534247063,3.180711402904885,3.216190006122979,3.048686443778317
FT2046,3.291852768333929,3.2430668194900445,3.4772100285728818,3.1746115176194327,3.226840744121676,3.412533389260943,3.235180298303043,3.1794865329960977,3.0161896306418146,3.2045765944851476,3.3805218199058102
FT2047,3.119557255986784,3.191927661203014,3.5691223904324576,3.6138596179792435,3.356164071021906,3.661970793558953,3.4008522276890663,,3.156350330344241,3.673900714661571,3.197706478394246
FT2048,3.662329341240264,3.758357911392349,3.5467402961555297,3.7023954006021165,3.095157933899117,3.9568319307254822,3.957101602759842,2.8200417728316958,3.6295660898773727,3.7429796272222164,3.068071562161778
FT2049,3.079412619894732,3.5127412218620377,3.2204649266750756,3.1277950878581873,3.59086975688178,3.146931462518938,3.083751002479416,,3.0476477230525987,3.3909168947104273,3.8102880298969564
FT2050,3.0730447997022465,3.0707196082430004,3.0906843177400267,3.1147209468744577,2.9397579757909558,3.1506705003621223,3.1542507032870093,,3.2868715419194214,3.4031765198069803,3.1387905405900365
FT2051,3.1913586594260104,3.3414765546744594,3.98177577347543,3.276503926229044,3.5718220505307525,3.6547323160122778,3.3923059505242334,,3.2860659473817795,3.1997143260930443,3.163786631157885
FT2052,3.029443702876795,3.6806992350557537,,,3.204002664412276,3.757995862008905,3.260694783205831,,3.2299663559352565,3.763439428281074,3.6657205997828965
FT2053,3.1320169051294555,3.2131050984859906,3.1701207133210785,3.129915367855889,3.3615160083682705,3.048020973856054,2.993567272302922,3.205388466868221,3.65542359241971,3.2157137134988485,3.184418302485244
FT2054,,3.091508236481442,3.0349323005687254,3.2878611720004445,3.158513844721127,3.317301162802576,3.1604907928364514,,3.229953539260214,3.7371199697769635,3.03479072536857
FT2055,4.127892720188866,4.128497017694809,3.1267481294198265,4.114305772687378,4.1215769489723755,2.9636863809371388,3.2168657098082662,3.2889295819186555,4.035407180403312,3.3621598898391927,3.1613995272768283
FT2056,3.2517760580854054,3.0511507331584173,2.587182614889316,3.322706613576258,3.2963226896582865,4.198292840637762,4.172748493720526,,3.14515560668315,3.3306681325267444,4.142928391231935
FT2057,3.3668040906253096,3.091435316597789,3.4282814122731815,,3.1218557784186416,3.099828663092346,3.0575330642491534,,3.2575538185228585,3.9355356342848435,3.0759361095246076
FT2058,2.9794419126329306,3.1599835272363097,3.423985612514513,3.1768510337457454,3.1610849427258545,3.6903349485497405,3.18355001923658,3.0119893261283055,3.3680782235816036,3.1490952692472285,3.1523169235619117
FT2059,3.2826998962636704,3.1611481556929157,3.064004166213597,3.4461105254891558,3.4447943183962684,3.1861335006703797,3.0387121318500205,,3.043038518339508,3.635278209942873,3.158405355206751
FT2060,3.0845421697796724,2.987492869570563,3.330306133814768,3.1438337058356476,3.035678673062259,3.2100774928148206,3.271971187730863,,,2.9312948399732255,3.2028231659971884
FT2061,,3.4701951016008143,3.141392458189492,3.3254309739083205,,3.577607807476564,3.345981205369145,,3.4141978353673537,3.265162225163051,
