mz,rt,quality,annot_ms1,IGF.Mean,Rapa.Mean,QC.Mean,VC.Mean,ttest.igf_vs_Rapa.meandiff,ttest.igf_vs_VC.meandiff,ttest.rapa_vs_VC.meandiff,ttest.IGF_vs_Rapa.pvalue,ttest.IGF_vs_Rapa.logpvalue,ttest.IGF_vs_VC.pvalue,ttest.IGF_vs_VC.logpvalue,ttest.VC_vs_Rapa.pvalue,ttest.VC_vs_Rapa.logpvalue,ttest.IGF_vs_Rapa.fdr,ttest.IGF_vs_Rapa.logfdr,ttest.Control_vs_Rapa.fdr,ttest.Control_vs_Rapa.logfdr,ttest.IGF_vs_Control.fdr,ttest.IGF_vs_Control.logfdr,ID_df2,General|All|ID_df2,General|All|rtmed_df2,General|All|mzmed_df2,General|All|annot_ms1_df2,General|All|annot_ms2_df2,General|Extended|mzmin_df2,General|Extended|mzmax_df2,General|Extended|rtmin_df2,General|Extended|rtmax_df2,General|Extended|npeaks_df2,General|Extended|peakidx_df2,General|Extended|ms2spectrum_df2,General|Extended|purity_df2,PCA|All|PC1 (41.6%)_df2,PCA|All|PC2 (18.2%)_df2,PCA|All|PC3 (9.3%)_df2,PCA|All|PC4 (7%)_df2,PCA|All|PC5 (6.1%)_df2,PCA|All|PC6 (4.5%)_df2,Stats|Mean|IGF_df2,Stats|N value|IGF_df2,Stats|Quantile|IGF_df2,Stats|Mean|Rapamycin_df2,Stats|N value|Rapamycin_df2,Stats|Quantile|Rapamycin_df2,Stats|Mean|Control_df2,Stats|N value|Control_df2,Stats|Quantile|Control_df2,ttest|IGF_vs_Rapamycin|pvalue_df2,ttest|IGF_vs_Rapamycin|log.pvalue_df2,ttest|IGF_vs_Rapamycin|fdr_df2,ttest|IGF_vs_Rapamycin|log.fdr_df2,ttest|IGF_vs_Rapamycin|mean.diff_df2,ttest|IGF_vs_Control|pvalue_df2,ttest|IGF_vs_Control|log.pvalue_df2,ttest|IGF_vs_Control|fdr_df2,ttest|IGF_vs_Control|log.fdr_df2,ttest|IGF_vs_Control|mean.diff_df2,ttest|Control_vs_Rapamycin|pvalue_df2,ttest|Control_vs_Rapamycin|log.pvalue_df2,ttest|Control_vs_Rapamycin|fdr_df2,ttest|Control_vs_Rapamycin|log.fdr_df2,ttest|Control_vs_Rapamycin|mean.diff_df2
74.02487142760823,424.48077777777775,0.7741199731826782,Glycine; Acetohydroxamic Acid; Ethyl nitrite; 2-Hydroxyacetamide; o-Acetylhydroxylamine; METHYL CARBAMATE; Methylcarbamic acid; Nitroethane,5.686419583145839,5.495746071402735,5.665807039809937,5.723377676518502,0.1906735117431042,-0.0369580933726627,-0.2276316051157669,0.3346586903421006,0.4753978928519755,0.834139983882048,0.0787610607219086,0.0324731583661844,1.488475469479969,0.916331590195946,0.0379473410337079,0.9594490591941168,0.0179780786650326,0.9590639928757037,0.0181524138662645,ID13,FT0013,423.32571343861,74.0249372525931,STD_Glycine;Acetohydroxamic Acid;Ethyl nitrite,,74.0246217929097,74.0252163350883,422.908625445945,424.457172573572,11.0,13;1393;2919;4356;5397;6504;7429;8679;9886;11103;12303,74.02463|7595,0.975,-0.031243210328044,0.0293330524069405,0.0066227532622562,0.0057337263359422,-0.0102034338821674,-0.005998824877409,5.97869747491998,3.0,0.950980392156863,5.51830406656503,3.0,0.916666666666667,5.94450238311798,3.0,0.955882352941177,0.0014443040284435,2.84034137741923,0.0090968468388353,2.04110911732711,0.460393408354952,0.40554689891759,0.391958915156007,0.567871916274351,0.245749608528485,0.034195091802002,0.0014053097988267,2.85222792551702,0.0156120747755197,1.806539377291,0.42619831655295
78.95941482580734,459.3277142857143,0.5793499946594238,Chlorocarbonic acid; Metaphosphoric acid,6.934452738785205,6.640330996272712,6.790845994104703,6.914810579621702,0.2941217425124929,0.0196421591635029,-0.2744795833489899,0.0073811716721293,2.1318746936849178,0.5964965997382508,0.2243920276334107,0.0068549685368931,2.163994534205618,0.5927228664362193,0.2271483179516168,0.78769311288477,0.1036429517240523,0.9145333796109544,0.0388004385568518,ID14,FT0014,460.662143095418,78.959552933194,Carbon dioxide,,78.9591948374731,78.9599626180106,459.620787356589,461.372831909719,11.0,15;1395;2921;4358;5399;6506;7431;8681;9888;11105;12305,,0.0,-0.0005012312746522,-0.0019252056375809,-0.0071995165220199,0.003646858431521,-0.0136928059143296,0.0036400292030524,6.97077165690639,3.0,0.992647058823529,6.97659059187695,3.0,0.992647058823529,6.95863807320937,3.0,0.992647058823529,0.858018839963422,0.0665031760180505,0.889824710755169,0.0506955379051242,-0.0058189349705575,0.79249082508895,0.101005757042459,0.872679048958479,0.059145450332057,0.0121335836970244,0.705222596696965,0.151673780513987,0.822738201037596,0.0847383372450838,-0.017952518667582
84.46368901046449,69.27185714285714,0.5772956013679504,Unknown,4.715987722350385,4.760472025441398,4.508141528232811,4.683745148130921,-0.0444843030910133,0.032242574219464,0.0767268773104774,0.8115350768838886,0.0906927039734384,0.9205309953975273,0.0359615836906762,0.8172041937146344,0.0876694133288079,0.9840747405044136,0.0069719156378001,0.9706578929929058,0.0129338096026886,0.9814554873369706,0.0081293924901614,ID22,FT0022,72.671632549172,85.0291071603562,Gamma-Butyrolactone;Oxolan-3-one;Diacetyl,,85.0289339537953,85.0293293633973,71.2521443004183,74.8594306589374,11.0,21;1403;2928;4364;5406;6513;7438;8688;9896;11112;12312,,0.0,0.0068016926605341,0.0027538840677287,-0.0008658300499303,0.0174555072033523,0.0020442608144662,-0.0074525486936424,5.12214179063772,3.0,0.747549019607843,5.22311664588014,3.0,0.839052287581699,5.19417243301515,3.0,0.794934640522876,0.0299828670821673,1.52312684051946,0.0858794978567792,1.06611050357752,-0.100974855242424,0.1836285542799,0.736059784997692,0.386451730958395,0.412904743110553,-0.0720306423774293,0.459498721733744,0.337715692427497,0.639898577879808,0.193888855012403,-0.028944212864995
88.04028550088722,411.747,0.8769800066947937,"beta-Alanine; L-Alanine; Sarcosine; D-Alanine; Ethyl carbamate; (alpha-D-mannosyl)7-beta-D-mannosyl-diacetylchitobiosyl-L-asparagine, isoform A (protein); 1-Nitropropane; 2-Nitropropane; (2S)-2-Amino-3-hydroxypropanal; Dimethylcarbamic acid; Lactamide; Methyl glycinate; N-Hydroxymethyl-N-methylformamide",5.566477328113375,5.2550456160667,5.405989457859527,5.463232273580818,0.3114317120466747,0.1032450545325565,-0.2081866575141182,0.021935913197408,1.6588442810976558,0.2594417037629939,0.585960212298246,0.0848772021852755,1.071208944558204,0.7082411614248684,0.1498188366004785,0.9594490591941168,0.0179780786650326,0.8906584929769418,0.0502887864752479,ID24,FT0024,412.653070809724,88.0401936424204,STD_L-Alanine;STD_ß-Alanin;STD_D-Alanine,+,88.0398006373863,88.0407006981929,410.967252066309,413.379040240199,11.0,22;1404;2929;4366;5407;6514;7439;8689;9897;11113;12313,88.04029|1048,1.0,-0.0334888550596512,0.0267442548692318,0.0128472513957122,0.0130556883073702,-0.0106187221815648,-0.0076711646785976,5.68670822057089,3.0,0.906862745098039,5.19264101118546,3.0,0.831699346405229,5.60312271043068,3.0,0.910130718954248,0.0016569204911017,2.78069833111249,0.0100670472262396,1.99709789403417,0.494067209385431,0.180559655348117,0.743379282909879,0.383542017260712,0.416187051884744,0.0835855101402041,0.0021457999406401,2.66841077105886,0.0205258076289106,1.68769974568824,0.410481699245227
89.2248776054522,330.54190000000006,0.8292558193206787,Unknown,5.280167293349385,5.034644981548663,4.643758515624838,5.392166665581649,0.2455223118007223,-0.1119993722322636,-0.357521684032986,0.6853198372539715,0.1641066969214833,0.8490575355568859,0.0710628792163216,0.0820592516798148,1.0858724477981698,0.955025423751189,0.019985066900146,0.9594490591941168,0.0179780786650326,0.9590639928757037,0.0181524138662645,ID25,FT0025,329.807285488282,89.0241899803876,STD_Lactic acid;Glyceraldehyde;Glyceraldehyde,+,89.0238514864434,89.024762313632,326.954891117244,332.088166672083,11.0,23;1405;2930;4367;5408;6516;7440;8690;9898;11114;12314,89.02488|171,0.8,-0.0662724016604392,0.0244153083565234,0.0275309640141249,0.0036243759246365,-0.0088584597302011,-0.0039952152258644,5.91789343830941,3.0,0.941176470588235,4.95463151474271,3.0,0.754901960784314,5.53795947040162,3.0,0.895424836601307,0.0002225740715685,3.65252542953661,0.0024341509826999,2.61365248735499,0.963261923566701,0.0007967522628535,3.09867669441413,0.0167548072393939,1.77586056426853,0.379933967907793,0.0020122960215697,2.69630813143035,0.0197340290518642,1.70478423677751,0.583327955658908
97.06548295651656,256.3746666666667,0.6977999806404114,"Cyclohexanone; 2-Methyl-4-pentenal; 4-Methyl-2-pentenal; 2-Hexenal; 3-Hexenal; (Z)-3-Hexenal; 4-Methyl-3-penten-2-one, 9CI; 4-Methyl-4-penten-2-one; (E)-4-Hexenal; 2-Methyl-2-pentenal; 4-Hexen-3-one; (Z)-2-Hexenal; (Z)-4-Hexenal; cis-Cyclohexene Oxide; 1,4-Epoxycyclohexane; 3-Methyl-1-pentyn-3-ol; Allyl ether; Hexenal; Hex-cis-3-en-1-al; 2,4-Hexadien-1-ol; 1-hexen-3-one",4.577288866955982,4.735300533003062,4.887404800704235,4.696960876729864,-0.1580116660470798,-0.1196720097738817,0.0383396562731981,0.1446580408852763,0.8396574208818953,0.4659026150982455,0.3317048518622528,0.8051585559100902,0.0941185877361636,0.9029448569380816,0.0443387713462468,0.9706578929929058,0.0129338096026886,0.8994679735769128,0.0460142955162495,ID29,FT0029,253.730997668446,97.0654668253482,Cyclohexanone;2-Methyl-4-pentenal;4-Methyl-2-pentenal,,97.0652308923734,97.0658048551295,252.190308985338,254.252873787869,6.0,29;4371;6518;7445;8694;11116,,0.0,0.0258002672730086,-0.0003652298166414,0.06445975738722,0.0322292915483665,-0.124194480908405,-0.0268322373435838,4.45408935040934,1.0,0.397058823529412,4.71054430374339,2.0,0.655228758169935,4.4542533037413,1.0,0.433823529411765,0.484003398900517,0.315151588523861,0.591686394039928,0.227908417306255,-0.256454953334058,0.999619004015353,0.0001654959824139,0.999619004015353,0.0001654959824139,-0.000163953331965,0.484402836999939,0.314793321990979,0.66039498922772,0.180196230622762,-0.256291000002093
101.54757018519952,452.5074,0.8339582085609436,Unknown,5.999395009150347,5.432063276266014,5.714808474108503,5.718820133448443,0.567331732884333,0.2805748757019035,-0.2867568571824295,0.1292783482912467,0.8884742052435274,0.3597234954191023,0.4440311952156204,0.2114701273989721,0.6747509730741502,0.9029448569380816,0.0443387713462468,0.9594490591941168,0.0179780786650326,0.8971514435284977,0.0471342397461038,ID34,FT0034,450.553142492495,102.056164371304,STD_Gaba;N-Methylalanine;2-Aminoisobutyric acid,+,102.05581614655,102.056580846734,449.399428043698,451.559973983837,11.0,33;1414;2939;4377;5417;6524;7450;8700;9904;11120;12322,102.0559|2307,1.0,-0.0213054588459235,0.013620714170292,0.0056115341765958,0.0122652536744973,-0.0128817812552063,-0.0037704058915973,5.81249960310898,3.0,0.928921568627451,5.50696270846634,3.0,0.91421568627451,5.73618758785448,3.0,0.937908496732026,0.0068599113477553,2.16368149674652,0.0274168549878728,1.56198236500052,0.305536894642644,0.0917876025234725,1.03721597369244,0.283579089126227,0.547325796803193,0.0763120152544969,0.0108758760256064,1.96353575159041,0.0622164084406011,1.20609506297094,0.229224879388147
102.9030704098804,440.832,0.6211732029914856,Unknown,4.599104574589838,4.712536849292161,4.823702451328586,4.72367971690167,-0.1134322747023235,-0.1245751423118326,-0.0111428676095091,0.4279151001615481,0.3686423879700803,0.428948926833508,0.3675944143766181,0.9495239190185808,0.0224940906774189,0.9241583043832848,0.0342536296116762,0.9943694462207052,0.0024522286359298,0.8994679735769128,0.0460142955162495,ID36,FT0036,440.494390571737,104.034950925696,STD_L-Serine;D-Serine;Protein serine,,104.034612351507,104.035449860594,439.833729098826,441.597854974811,11.0,35;1416;2941;4379;5419;6525;7452;8701;9906;11122;12324,74.02507|180,1.0,0.0104068234018774,0.0121035906056935,-0.0177091740188832,0.0038842099297944,-0.0144685240939182,-0.0072560684445345,4.70874874883906,3.0,0.561274509803922,4.87211723463194,3.0,0.725490196078431,4.90676473225905,3.0,0.697712418300654,0.0122884581968463,1.9105026035746,0.0436077144861537,1.36043667443784,-0.163368485792884,0.0092490830652794,2.03390132017211,0.0754925158301186,1.12209610128196,-0.198015983419993,0.468131473588372,0.329632159243735,0.648766259150208,0.187911744872609,0.0346474976271089
109.12739240994642,435.9368181818181,0.8743963837623596,Unknown,4.460223087886161,4.450710533685835,4.494152921091837,4.568824553879858,0.0095125542003255,-0.1086014659936971,-0.1181140201940227,0.9626678871248842,0.0165235152286399,0.404086395436261,0.3935257709045917,0.5972812907396283,0.2238210888956496,0.9958036908894162,0.0018262683699224,0.9594490591941168,0.0179780786650326,0.8994679735769128,0.0460142955162495,ID37,FT0037,435.051355448509,109.040165314318,Imidazole-4-acetaldehyde;Methoxypyrazine;3-Hydroxy-4-aminopy,,109.039673616483,109.040812181096,434.699652841565,436.577780706955,11.0,36;1417;2942;4380;5420;6526;7453;8702;9907;11123;12325,,0.0,-0.0109100696139039,0.0059372269979426,0.0023398559801885,0.0076714106719198,-0.0152907266703949,-0.0040641677856491,4.64743728537512,3.0,0.517156862745098,4.49316145530052,3.0,0.543300653594771,4.59614882718236,3.0,0.526143790849673,0.0177037553942232,1.7519345995142,0.0578739612479635,1.23751679084787,0.154275830074602,0.257314010150563,0.589536566819452,0.464626792618655,0.332895750302162,0.0512884581927624,0.0168431014635359,1.7735779351357,0.0838214901973837,1.07664462244816,0.10298737188184
112.2927603795184,146.567,0.6004959940910339,Unknown,4.521840986534252,4.369516282614781,4.450405243670436,4.354965499303343,0.1523247039194704,0.166875487230909,0.0145507833114386,0.6179931744810557,0.2090163215156879,0.5854322515062472,0.2325233559278923,0.9214101063387886,0.0355470285679307,0.9320665103805438,0.0305530961646408,0.9899530561711076,0.0043853992703578,0.91201325993264,0.039998847336373,ID39,FT0039,142.647187339539,111.044638628035,"1,3 Cyclohexanedione;SORBATE;(2E,4E)-2,4-Hexadienoic acid",+,111.044315678614,111.044935610207,141.014640679816,144.184339465821,8.0,4381;5421;6528;7454;8703;9908;11124;12326,96.02059;111.0444|36;72,1.0,0.029242089723605,0.0240729645138136,-0.0245403553813797,0.0081545090098609,-0.0051393144964237,-0.0369388798186604,4.22595534096844,0.0,0.234885620915033,4.65647665873483,3.0,0.628267973856209,4.68849590878905,3.0,0.580882352941177,2.88242224411621e-05,4.54024239935217,0.000550405390424,3.2593173214659,-0.430521317766387,1.03182349929632e-06,5.98639458549692,0.0003288040942697,3.48306278326186,-0.462540567820608,0.224690868148011,0.648414577752293,0.41327822949244,0.383757471709159,0.0320192500542209
112.48898139617724,45.755,0.8735271096229553,Unknown,6.238860733464324,5.194241041382569,6.356614725709999,6.36681254870797,1.0446196920817543,-0.1279518152436463,-1.1725715073254008,0.4161225311852778,0.3807787684547806,0.1333165152108834,0.8751160469801814,0.3718061544622946,0.4296834256806026,0.9241583043832848,0.0342536296116762,0.9594490591941168,0.0179780786650326,0.8807334056974399,0.0551555308114101,ID41,FT0041,45.7086229240218,112.985311369614,Trifluoroacetic acid,,112.984929153102,112.986039893735,45.1161182391165,46.6678045421065,11.0,38;1419;2944;4384;5424;6530;7457;8706;9911;11126;12328,,0.0,0.0060582070688033,-0.0056284517611624,0.0006027505480865,0.0257757640542614,-0.0110554473326981,-0.0085243044215725,6.29103242483115,3.0,0.977124183006536,6.39016021848707,3.0,0.98202614379085,6.28898441058427,3.0,0.974673202614379,0.152658584183488,0.816278769755745,0.261980423356256,0.581731160382559,-0.0991277936559198,0.971212303958314,0.0126858243049034,0.978502471377518,0.009438073118639,0.0020480142468812,0.0688226636425874,1.16226852289656,0.21159128391501,0.674502226171723,-0.101175807902801
115.03958946881885,220.36654545454547,0.9392924904823304,alpha-Ketoisovaleric acid; Methylacetoacetic acid; Levulinic acid; 2-Oxovaleric acid; 2-Methylacetoacetic acid; Glutarate semialdehyde; Ethyl pyruvate; Acetoxyacetone; 3-Oxopentanoic acid,4.920194515310858,4.956939149257001,5.042121897840472,5.1457519796447,-0.0367446339461423,-0.2255574643338418,-0.1888128303876994,0.8490508227616788,0.0710663128369175,0.0596210108384091,1.224600665039019,0.3643324924577992,0.4385020951158677,0.9954261097439372,0.0019909720217717,0.9594490591941168,0.0179780786650326,0.8655999289281896,0.0626827878961198,ID45,FT0045,217.701900604303,115.039528283722,alpha-Ketoisovaleric acid;Methylacetoacetic acid;Levulinic a,,115.039321803453,115.03980846194,212.488538101134,221.904296392834,11.0,41;1422;2947;4387;5427;6533;7460;8709;9914;11129;12331,71.05031|148,0.5,0.0083565497328621,0.0088576410767769,-0.0130945538306223,0.001785419952848,-0.0118555838323652,-0.0059198921112744,5.09147037144535,3.0,0.737745098039216,5.21948204496593,3.0,0.837418300653595,5.24145676017299,3.0,0.812908496732026,0.0566496200695131,1.24680299846197,0.134510124327186,0.87124502589242,-0.12801167352058,0.0481657241124971,1.31726190624467,0.204850615826953,0.688562726122137,-0.149986388727642,0.550949600072185,0.258888127848152,0.715989068245255,0.145093608470086,0.0219747152070626
115.52169452980124,379.9425454545455,0.96862131357193,Unknown,5.024413394113704,4.676814655364125,4.704684490080245,4.79710871829984,0.3475987387495785,0.2273046758138637,-0.1202940629357147,0.1224011356040175,0.9122145529072012,0.0579682718053109,1.2368096469572414,0.4899460084031566,0.3098517761847896,0.9029448569380816,0.0443387713462468,0.9594490591941168,0.0179780786650326,0.8655999289281896,0.0626827878961198,ID47,FT0047,379.469919998553,116.071200136939,STD_L-Valine;STD_Betaine ;L-Norvaline,+,116.070952488488,116.07190156431,378.826059047822,380.311726075897,11.0,43;1424;2949;4391;5429;6535;7462;8712;9917;11132;12335,116.0722|456,1.0,-0.0179554062064558,-0.0001405630594254,0.0073934465198802,0.0045946534108095,-0.0103878680990937,-0.00301439016861,5.15401285198871,3.0,0.762254901960784,4.90489200098443,3.0,0.736928104575163,4.99650847866171,3.0,0.727124183006536,0.0037584722364938,2.42498865350144,0.017871312650206,1.74784354733741,0.249120851004283,0.0015078591837284,2.82163921455725,0.0239670249203148,1.62038587255293,0.157504373327001,0.100408738498119,0.998228489219219,0.269372408798401,0.569646890128486,0.0916164776772819
119.04907171830844,424.4542,0.7961185574531555,"4-Hydroxystyrene; Phenylacetaldehyde; 2,3-Dihydrobenzofuran; 2-Methylbenzaldehyde; 3-Methylbenzaldehyde; 4-Methylbenzaldehyde; Acetophenone; Lentialexin; Styrene Oxide",5.674998486250992,5.3707966637295685,5.567334038666837,5.569559371894518,0.3042018225214233,0.1054391143564741,-0.1987627081649492,0.1019626136578729,0.991559040575824,0.1403185438771771,0.8528849307439138,0.214255888831734,0.6690672326393953,0.9029448569380816,0.0443387713462468,0.9594490591941168,0.0179780786650326,0.8807334056974399,0.0551555308114101,ID51,FT0051,423.272794123774,119.052661912723,3-Mercapto-2-methyl-1-butanol;3-Mercapto-3-methyl-1-butanol;,,119.051106804419,119.053687843479,421.839386533822,424.036566479419,8.0,47;1428;2953;7465;8715;9920;11134;12338,,0.0,-0.0298648369618076,0.0184792406470387,0.016500657408386,0.0066101824155223,-0.0061170912034527,-0.0121102882696939,4.37570733856281,3.0,0.333333333333333,3.92814803230834,0.0,0.177287581699346,4.25605228926176,3.0,0.300653594771242,2.72281371133816e-05,4.56498207107482,0.0005369745729081,3.27004627874574,0.447559306254467,0.0101935670053147,1.99167381799043,0.07893480091295,1.10273148205977,0.119655049301049,3.27503488701992e-05,4.48478406936394,0.0010976882340884,2.95952099088878,0.327904256953418
124.00732642892854,379.7060909090909,0.9625024795532228,Taurine; 3h-Taurine; Sulfonamidoethanol,5.956179059249276,5.901185703416488,6.053093688687524,6.085342660784918,0.0549933558327886,-0.1291636015356418,-0.1841569573684305,0.7630455563901382,0.11744953242752,0.0387041204337017,1.4122427976073837,0.3631246940929207,0.4399442161280724,0.9729310862067414,0.0119179202044766,0.9594490591941168,0.0179780786650326,0.8328109251977478,0.0794535861848719,ID54,FT0054,378.139295325345,124.007212917773,STD_Taurin,+,124.006932962993,124.007919102993,377.056754300323,379.793855870625,11.0,49;1429;2956;4395;5434;6540;7467;8718;9922;11137;12340,63.96227;64.97062;79.7177;79.95739;80.96533;106.9805;124.0069|2481;2131;1612;538316;2579;1528;35004,1.0,0.0050812912156362,0.0062956010500259,-0.0156751785693604,0.0114203368197082,-0.014786973079086,-0.0015122997788905,6.06004405420977,3.0,0.96078431372549,6.15512625264431,3.0,0.972222222222222,6.17102741424782,3.0,0.972222222222222,0.257625093893068,0.589011836931377,0.387888595686309,0.411292988905523,-0.0950821984345476,0.0170647450467526,1.76790019584802,0.109069904849085,0.962295065736153,-0.110983360038055,0.830539682407237,0.0806396125337468,0.906678961056357,0.0425464616971546,0.0159011616035079
125.09666450281902,116.16842857142856,0.5825949907302856,"(E)-2-octenal; 2-Octenal; (3xi,5Z)-1,5-Octadien-3-ol; 2,4,4-Trimethylcyclopentanone; 2-Octen-4-one; 1-Octen-3-one; 3-Methyl-3-hepten-2-one; 5-Methyl-5-hepten-2-one; 6-Methyl-3-hepten-2-one, trans-; 4-Octen-3-one; 3-Octen-2-one; (S,E)-Filbertone; 5-Octen-2-one; Sulcatone; 2-Ethylidenehexanal; 6-Octenal; (Z)-5-Octenal; 2,5-Octadien-1-ol; (3E,5Z)-3,5-Octadien-1-ol; (2E,4E)-2,4-Octadien-1-ol; 2-Ethyl-2-hexenal; 2-Isopropylcyclopentanone; 3-Octenal; trans-Octen-2-al; Filbertone; 1,5-octadien-3-ol; (Z)-3-octen-2-one",4.836068304127063,4.836695704956871,5.000501750865549,4.922990504407455,-0.0006274008298081,-0.0869222002803917,-0.0862947994505836,0.9968009848280924,0.0013915416066603,0.5349948044754388,0.2716504355462552,0.6350785685772451,0.1971725427572045,0.9999153981209,3.674368356597213e-05,0.9594490591941168,0.0179780786650326,0.8994679735769128,0.0460142955162495,ID56,FT0056,115.064136663137,125.096795382678,"(E)-2-octenal;2-Octenal;(3xi,5Z)-1,5-Octadien-3-ol",,125.096290330267,125.097091129289,112.94951385784,118.160076938368,11.0,52;1431;2958;4397;5436;6543;7470;8721;9924;11139;12343,81.95328|703,1.0,0.0076910551759573,0.0068583692806979,-0.0162025930603767,0.0056656604150251,0.0028706668975012,-0.0084186968729269,4.9208567582169,3.0,0.680555555555556,5.04917030058734,3.0,0.785130718954248,5.06658127480261,3.0,0.754901960784314,0.0109950186622337,1.9588040291592,0.0400818407595973,1.39705234169724,-0.128313542370442,0.0125787142275287,1.9003637493858,0.0882082994073816,1.05449055072694,-0.145724516585711,0.651905338377538,0.185815462557889,0.792472426965195,0.101015839552087,0.0174109742152684
128.03518933638006,384.1595714285714,0.5805224776268005,"Pyroglutamic acid; Pyrroline hydroxycarboxylic acid; N-Acryloylglycine; 1-Pyrroline-4-hydroxy-2-carboxylate; dimethadione; (3R,5S)-1-pyrroline-3-hydroxy-5-carboxylic Acid; 3-Hydroxy-1-methylpyrrolidine-2,5-dione; 4-Oxo-L-proline; 1-Methylpyrrole-2,3,5-triol; pyrrolidone carboxylic acid; (2S)-6-Oxa-1-azabicyclo[3.1.0]hexane-2-carboxylic acid",5.343370281945615,5.116425012681609,5.382659881475684,5.151563920665857,0.2269452692640055,0.1918063612797578,-0.0351389079842476,0.065051004730358,1.186745991254885,0.2052263449710845,0.6877668894609837,0.7989145540468355,0.097499667106941,0.8942344783599888,0.0485485893630684,0.9706578929929058,0.0129338096026886,0.881195617434593,0.0549276714494428,ID60,FT0060,383.109677857929,128.034961307795,STD_D-Pyroglutamic acid ;Pyroglutamic acid (Not validated);P,+,128.034488284353,128.035659366664,382.318291118974,384.439893263547,11.0,57;1436;2963;4403;5441;6548;7475;8726;9929;11144;12349,128.0346|2097,0.96,0.0040159775071221,-0.0084638588698989,0.0063345054346063,-0.0003802308531174,-0.0205922255287094,-0.0129994184768737,5.43461333809082,3.0,0.852941176470588,5.49948784634148,3.0,0.910947712418301,5.37982510656577,3.0,0.855392156862745,0.45792054268579,0.339209873233682,0.566747338324079,0.246610510820112,-0.0648745082506643,0.460064650952134,0.337181134451341,0.614776657467011,0.211282630641591,0.0547882315250474,0.192812861740074,0.714863999497318,0.366470048290988,0.435961514593116,-0.119662739775712
128.76138484443354,450.1143636363636,0.9125139117240906,Unknown,5.363088779312354,4.955256692480657,5.446418778724168,5.271045834230581,0.4078320868316964,0.092042945081773,-0.3157891417499234,0.6032575546556262,0.2194972306712159,0.8950138153117033,0.0481702609217066,0.6810325273614559,0.1668321448915714,0.9241583043832848,0.0342536296116762,0.9636174359089608,0.0160953503813109,0.9718402840647524,0.0124051028193934,ID61,FT0061,450.553142492495,128.035076804604,STD_D-Pyroglutamic acid ;Pyroglutamic acid (Not validated);P,+,128.034620982996,128.035787147737,449.399428043698,451.559973983837,11.0,56;1435;2962;4402;5442;6549;7474;8725;9928;11143;12348,128.035|3857,1.0,-0.0209464923016346,0.0132210629224647,0.0078975897812874,0.0101632894016049,-0.0156953464181674,-0.0055471636969509,5.86254436541912,3.0,0.937091503267974,5.55918567325429,3.0,0.919934640522876,5.78014575395802,3.0,0.94281045751634,0.0053231478019559,2.27383147508542,0.023284467404312,1.63293369142306,0.303358692164837,0.112993876470134,0.946945091802338,0.31408813851289,0.502948464351792,0.0823986114611053,0.010502448426442,1.97870944244092,0.0606796985293054,1.21695658555479,0.220960080703732
129.05539207637386,145.19145454545452,0.947920024394989,"2-Methyl-3-ketovaleric acid; 3-Methyl-2-oxovaleric acid; Ketoleucine; 2-Ketohexanoic acid; Mevalonolactone; 3-Oxohexanoic acid; Adipate semialdehyde; 5-Ethoxy-4,5-dihydro-2(3H)furanone; Ethyl acetoacetate; Sherry lactone; (4S,6S)-3,4,5,6-Tetrahydro-4-hydroxy-6-methyl-2H-pyran-2-one; Acetoin acetate; Methyl levulinate; 4-Acetylbutyrate; 2H-Pyran-2-one, tetrahydro-4-hydroxy-4-methyl-, (R)-; 2-Hydroxyethyl methacrylate; 2-Methyl-2-hydroxypentane-1,5-dial; Diglycidyl ether; hydroxyethyl methacrylic acid; ketomethylvalerate; ketomethylvaleric acid; 2-(Hydroxymethyl)pentanedial; Propionic anhydride; 4-Methoxy-2-methylidenebutanoic acid; 3-Hydroxy-3-methylpentanedial; dihydro-3-hydroxy-4,4-dimethyl- 2(3H)-Furanone",5.669668528920391,5.672725288093882,5.778692858385407,5.7260122378859295,-0.0030567591734911,-0.0563437089655387,-0.0532869497920476,0.973417277845192,0.0117009494360178,0.4341553395934348,0.3623548533037364,0.5622799821412205,0.2500473776329728,0.9958036908894162,0.0018262683699224,0.9594490591941168,0.0179780786650326,0.8994679735769128,0.0460142955162495,ID63,FT0063,142.590373734196,129.055632457528,3-Methyl-2-oxovaleric acid;4-Acetylbutyrate;2-Methyl-3-ketov,+,129.055262990619,129.055957814557,140.160889332172,145.054690866691,11.0,59;1437;2966;4405;5444;6551;7477;8729;9931;11147;12352,57.03434;69.0343;83.05052;85.06407;96.02061;111.0456;129.0545|1979;656;620;709;309;3067;1677,1.0,0.0096342923271646,0.0067465656701325,0.0018798119195541,0.0084705158405329,-0.0098849262787628,-0.0128767447233087,5.83094954160889,3.0,0.933823529411765,5.95891874861371,3.0,0.959150326797386,5.94733574732625,3.0,0.956699346405229,0.047486351837802,1.32343119402233,0.120313720695194,0.919684842465452,-0.127969207004828,0.0487387194407322,1.31212588563816,0.204850615826953,0.688562726122137,-0.116386205717367,0.61359037629952,0.212121460585787,0.763390158999509,0.117253442919481,-0.0115830012874607
129.06403819475287,59.1771,0.6964812874794006,Unknown,5.066072009207297,4.325867322166463,4.7080769822894695,4.521723577720838,0.7402046870408343,0.5443484314864593,-0.195856255554375,0.1602401564551453,0.7952286396782026,0.1520915749695046,0.8178948427885188,0.6647272415857027,0.1773565227785572,0.9029448569380816,0.0443387713462468,0.9636174359089608,0.0160953503813109,0.8807334056974399,0.0551555308114101,ID65,FT0065,55.6810639046853,129.056131565814,2-Methyl-3-ketovaleric acid;3-Methyl-2-oxovaleric acid;Ketol,,129.055957251922,129.056305879706,54.8509625652851,56.5111652440856,2.0,61;1439,,0.0,-0.0431512654690414,-0.0214973646953049,0.0614095959981381,0.0103236525875616,0.0106855666455658,0.112608372387825,4.90804269581266,2.0,0.67483660130719,4.22595534096844,0.0,0.368872549019608,4.22595534096844,0.0,0.276960784313726,0.116993762200678,0.93183729307472,0.218646672641802,0.660257127348624,0.682087354844221,0.116993762200678,0.93183729307472,0.31408813851289,0.502948464351792,0.682087354844221,,,,,
129.78341348618454,411.67336363636366,0.9557482004165648,Unknown,4.761540696083946,4.822564222300532,4.69637002885456,4.747073379635714,-0.0610235262165854,0.0144673164482318,0.0754908426648173,0.7629212612733304,0.1175202819128321,0.837889670262472,0.0768131636498195,0.7100178937904462,0.1487307061027188,0.9729310862067414,0.0119179202044766,0.9657248817257064,0.0151465789323381,0.9590639928757037,0.0181524138662645,ID67,FT0067,411.352236187242,130.061846718013,Beta-Guanidinopropionic acid;Creatine,+,130.061052695986,130.062132645405,409.638814024915,413.379040240199,11.0,63;1441;2969;4407;5446;6554;7479;8731;9933;11149;12354,88.04009|6416,1.0,-0.0125235270371598,0.0156652223176174,0.0037210277226328,0.0114878389421057,-0.0043004750092851,0.0001163148794947,4.81788221108497,3.0,0.623366013071895,4.63267978609898,3.0,0.616013071895425,4.82723217579487,3.0,0.655228758169935,0.0532855624997948,1.2733904453079,0.129500064014653,0.887730016901621,0.185202424985991,0.868017609060984,0.0614714644082481,0.918183250215122,0.0370706340329643,-0.0093499647098935,0.0336524795688896,1.47298293074423,0.127098168932688,0.895860706158486,0.194552389695884
130.08687479127073,353.3185454545455,0.9293825030326844,"L-Isoleucine; L-Alloisoleucine; L-Leucine; L-Norleucine; Aminocaproic acid; Beta-Leucine; D-Leucine; 3-Aminocaproic acid; (±)-erythro-Isoleucine; 6-Deoxyfagomine; N-(2-Hydroxyethyl)-morpholine; N-methylvaline; Alanine betaine; 3-Amino-4-methylpentanoic acid; DL-Norleucine; L-Valine, methyl ester; 1-Hydroxy-5,5-dimethylpyrrolidin-2-ol; beta-alanine betaine",5.712488062035512,5.244143987668681,5.60606695808162,5.507396188245624,0.468344074366831,0.2050918737898879,-0.2632522005769431,0.2323226316336458,0.6339084814831957,0.0108046978151147,1.9663873749226528,0.4429565403427645,0.3536388814861768,0.9029448569380816,0.0443387713462468,0.9594490591941168,0.0179780786650326,0.4740273807397159,0.3241965719108726,ID66,FT0066,354.252195441597,130.086772009225,"STD_L-Isoleucine;STD_D,L-Leucine;STD_L-Leucine",+,130.086371434175,130.087288657779,352.789777213093,356.840693429252,11.0,62;1440;2968;4406;5445;6552;7478;8730;9932;11148;12353,130.088|709,0.933333333333333,-0.0223864961858543,-0.0003751885434286,0.008970487196517,0.0091356122757114,-0.0149981531562779,0.002486468370782,5.76947610355461,3.0,0.923202614379085,5.45746016662066,3.0,0.900326797385621,5.56786482908519,3.0,0.901143790849673,0.0046176728273131,2.33557684108669,0.0209624921179534,1.67855708768365,0.312015936933948,0.0022488331817591,2.6480427592947,0.0288998987613305,1.53910367860928,0.201611274469418,0.0913092963863168,1.03948500380474,0.257386349958531,0.58941448888027,0.11040466246453
131.03803704042215,441.72988888888887,0.6759300231933594,Unknown,4.471853683887438,4.900584227507236,4.293650500713787,4.569531544632443,-0.4287305436197979,-0.097677860745005,0.3310526828747928,0.3582679533835387,0.4457920371901082,0.7707902768053296,0.1130637724239869,0.518035057741637,0.2856408486166501,0.916331590195946,0.0379473410337079,0.9594490591941168,0.0179780786650326,0.950579874863989,0.0220113845794868,ID70,FT0070,444.114141000117,131.045683932303,STD_ L-Asparagine;Ureidopropionic acid;Glycyl-glycine,+,131.042088319465,131.046255131182,443.417127779524,445.401842547095,8.0,65;1442;2970;7482;8734;9936;11152;12357,58.03086;70.03047;72.00982|216;268;180,0.888888888888889,-0.0329497605241784,0.0232933213052319,0.025622251724183,0.0032015401539192,0.0051435395545724,-0.00696851531958,4.55888149324816,3.0,0.470588235294118,4.04798608919377,0.0,0.241830065359477,4.43446585798324,3.0,0.420751633986928,0.0001241263154767,3.90613613586818,0.0015856492929533,2.79979286177095,0.510895404054382,0.136407605986687,0.865161413066982,0.330884313317104,0.480323821541587,0.124415635264921,0.0024982659333413,2.60236133408217,0.0224267411093027,1.64923383034364,0.386479768789462
135.0445667549215,120.2623,0.8606925010681152,"Phenylacetic acid; 2-Methylbenzoic acid; 4-Hydroxyphenylacetaldehyde; 4-Methylbenzoic acid; 4-Methoxybenzaldehyde; 3-Methoxybenzaldehyde; 3-(5-Methyl-2-furyl)prop-2-enal; 2'-Hydroxyacetophenone; 2-Hydroxy-4-methylbenzaldehyde; 4-(2-Furanyl)-3-buten-2-one; 2-Methoxybenzaldehyde; Methyl benzoate; alpha-Methyl-2-furanacrolein; 3-(3-Furanyl)-2-methyl-2-propenal; Phenyl acetate; Benzyl formate; M-toluic Acid; 1,4-Benzodioxane; 2-Hydroxyacetophenone; Oxonol",4.724984398333798,4.663366682671154,4.827583086040973,4.796713696105637,0.0616177156626438,-0.0717292977718386,-0.1333470134344825,0.5945964635036624,0.2257776781876101,0.3034429188568104,0.5179229927501993,0.2919931764839854,0.5346272973528753,0.9241583043832848,0.0342536296116762,0.9594490591941168,0.0179780786650326,0.8906584929769418,0.0502887864752479,ID79,FT0079,117.959186555307,135.044412597224,Phenylacetic acid;2-Methylbenzoic acid;4-Hydroxyphenylacetal,,135.044030800558,135.044897526351,116.117847697609,120.898961926997,11.0,70;1450;2978;4414;5455;6559;7489;8741;9942;11157;12362,91.05414|1106,1.0,0.0058658367470283,0.0023852563028906,-0.0117974136706248,-0.003396816599833,-0.0124068486675866,-0.0201284577981125,4.94116557173533,3.0,0.688725490196078,5.0386918193399,3.0,0.781045751633987,5.04066857172596,3.0,0.745098039215686,0.14383389636036,0.842138754651849,0.250046499019527,0.601979221768762,-0.0975262476045735,0.105611251857707,0.976289809459469,0.31040971348932,0.508064697050425,-0.0995029999906265,0.968968416348461,0.0136903786036481,0.983292297285786,0.0073173629118896,0.0019767523860529
141.1081000263093,394.8931818181818,0.8996105194091797,Unknown,6.594080889222624,7.054567952633761,7.149866868806592,7.131562197275997,-0.4604870634111364,-0.5374813080533727,-0.0769942446422362,0.4251874942827989,0.3714195175350138,0.3654322165761198,0.4371931678086845,0.4064258852059733,0.3910186396903892,0.9241583043832848,0.0342536296116762,0.9594490591941168,0.0179780786650326,0.8971514435284977,0.0471342397461038,ID84,FT0084,395.418929620744,141.017112680062,"(S)-3,4-Dihydroxybutyric acid;2,4-Dihydroxybutanoic acid;4-D",,141.016311577197,141.017469468312,394.573733947024,397.262195674582,11.0,76;1457;2983;4420;5460;6564;7495;8746;9949;11163;12369,58.83867;59.01424;59.40231|3048;1223930;695,1.0,0.0043465875469308,0.0018978253602695,-0.0019167275550112,0.0047395647737229,-0.0143996656842005,-0.006001139005495,7.09293135666011,3.0,0.993464052287582,7.15649766522042,3.0,0.994281045751634,7.13879921168381,3.0,0.994281045751634,0.12035954529767,0.919519461635562,0.220720324684599,0.656157673671377,-0.0635663085603051,0.263721528694117,0.578854415479922,0.472663684885065,0.325447763594858,-0.0458678550236939,0.54372897289502,0.264617524763259,0.709923285025324,0.148788579013662,-0.0176984535366111
143.79226505610626,132.12472727272726,0.9164543151855468,Unknown,4.868616935507044,4.996018423925959,4.966128993883654,4.978797678594671,-0.1274014884189149,-0.1101807430876276,0.0172207453312873,0.121790810327207,0.9143854799687524,0.0752374783813951,1.1235657684565494,0.7883034475718315,0.1033065740864267,0.9029448569380816,0.0443387713462468,0.9706578929929058,0.0129338096026886,0.8655999289281896,0.0626827878961198,ID88,FT0088,129.034645233659,143.070697825958,4-Hydroxycyclohexylcarboxylic acid;Tetrahydrofurfuryl acetat,,143.070378141057,143.071219776154,127.549296231216,132.139381263302,11.0,80;1461;2987;4424;5464;6567;7499;8750;9953;11167;12373,57.0348;59.01412|6417;1413,1.0,0.0066647371073542,0.0044576954997591,0.0006034463021248,0.0078806947563268,-0.0119672776759692,-0.0122705302258044,5.11318219515125,3.0,0.746732026143791,5.2067491734931,3.0,0.834150326797386,5.19213598240613,3.0,0.794117647058823,0.0321098163869552,1.49336217784552,0.0912464472069024,1.03978403633424,-0.0935669783418511,0.0710410236836517,1.14849078910786,0.252404578264268,0.597902771865004,-0.0789537872548847,0.447921052636406,0.348798524898575,0.633420221922899,0.198308075903576,-0.0146131910869665
145.06189290967842,433.8951818181818,0.9624074697494508,L-Glutamine; Ureidoisobutyric acid; D-Glutamine; Alanylglycine; Cyclic Urea; Glycyl-D-Alanine; Glycylsarcosine; D-Alanyl glycine; 3-ureido-isobutyrate,6.418216624731628,6.333451691978421,6.457045224849217,6.400981041254672,0.084764932753206,0.0172355834769559,-0.0675293492762501,0.7512445836317181,0.1242186461803343,0.8128595273557747,0.0899844996277,0.7986994578629882,0.0976166103555497,0.9721332827797056,0.012274187740873,0.9706578929929058,0.0129338096026886,0.9569781404735324,0.0190979823696007,ID91,FT0091,435.050384297981,145.061840824176,"STD_L-Glutamine;STD_D,L-Glutamine;D-Glutamine",+,145.061578242798,145.06231511727,434.562363412015,435.47671531757,11.0,83;1463;2990;4427;5466;6570;7502;8753;9955;11170;12376,54.0353;58.02988;67.03023;70.03031;71.02522;74.02456;82.02944;84.04481;86.02478;99.05635;101.0718;109.0406;127.0506;128.0357;145.0614|660;26837;6218;861;587;24019;7338;25764;3881;2259;5334;26500;45948;10785;12589,1.0,-0.0150854052171619,0.009284196025508,0.0051495841214166,0.0106362483652654,-0.0189143997875811,-0.0061330761436739,6.59104786971178,3.0,0.983660130718954,6.37594639983676,3.0,0.980392156862745,6.52768608463253,3.0,0.985294117647059,0.0181260581419315,1.741696631279,0.0590938968692238,1.22845737009821,0.215101469875019,0.224164939967481,0.649432311318747,0.438883707424177,0.357650541066875,0.0633617850792429,0.0248777850310397,1.60418828923921,0.105957573471618,0.97486799601423,0.151739684795776
146.68416948934194,451.43409090909097,0.9566502571105956,Unknown,6.060392567584124,5.281470751079394,5.09286597631919,5.466446239499185,0.77892181650473,0.5939463280849386,-0.1849754884197914,0.204279917455428,0.6897743263043542,0.3802279612744013,0.419955949067983,0.727058279052536,0.1384307758582965,0.9029448569380816,0.0443387713462468,0.9657248817257064,0.0151465789323381,0.8971514435284977,0.0471342397461038,ID92,FT0092,450.553142492495,146.046497195174,STD_L-Glutamic Acid;DL-Glutamate;DL-threo-beta-Methylasparti,+,146.045697761847,146.046832395954,449.399428043698,451.559973983837,11.0,84;1464;2991;4428;5467;6571;7503;8754;9956;11171;12377,52.01965;54.03503;56.05078;57.03472;59.01419;71.01348;74.02432;82.02948;84.04565;85.02927;86.02425;100.0404;101.024;101.7488;102.0561;128.0354;146.0454|976;2777;6204;801;4986;4875;13522;2589;6242;8776;987;1846;2602;1937;679580;185646;55893,1.0,-0.0228520299786888,0.0141209310684996,0.0072212041570398,0.012096564069448,-0.0146748564837983,-0.0039882115880725,6.56486272915227,3.0,0.982843137254902,6.23462029613534,3.0,0.974673202614379,6.47677958414085,3.0,0.98202614379085,0.0055953677247359,2.2521713665841,0.0240400977602046,1.61906377058647,0.330242433016927,0.0754520673613315,1.12232885620227,0.259675491089711,0.58556903838298,0.0880831450114208,0.009670511598602,2.01455054984951,0.0578742924900956,1.23751430516666,0.242159288005507
151.7990104618143,443.0687142857143,0.53184574842453,Unknown,4.293245046419427,4.2977245072129096,4.204862198123039,4.5152391910344045,-0.0044794607934823,-0.2219941446149773,-0.2175146838214949,0.972197456404548,0.0122455195203884,0.2976509292149382,0.5262927573175352,0.3228199290783765,0.4910396622349589,0.9958036908894162,0.0018262683699224,0.9594490591941168,0.0179780786650326,0.8906584929769418,0.0502887864752479,ID100,FT0100,443.795556508189,152.995394214566,STD_Succinic acid;3-Phosphonopropionic acid;Methylmalonic ac,,152.99436311886,152.995766269162,441.806865321109,444.226082966365,11.0,93;1473;2999;4436;5476;6579;7511;8765;9965;11180;12386,78.95802|341,1.0,0.0116806974371522,0.0174242384908176,-0.0164044899495149,0.0083144220017204,-0.0209378055108309,-0.0179440141596243,4.42685073450221,3.0,0.370098039215686,4.60975994108906,3.0,0.60375816993464,4.67527038829062,3.0,0.571078431372549,0.0419757319941245,1.37700172167622,0.110014826991137,0.958548779873639,-0.182909206586844,0.0069948038216352,2.15522446135457,0.0625905408632249,1.20349129556447,-0.248419653788407,0.387068561574865,0.412212101450416,0.573963165638968,0.24111597776411,0.0655104472015626
156.38590549670735,107.2076,0.7348038554191589,Unknown,4.620800407541393,4.027336610976211,3.66984509856973,4.812530445242462,0.5934637965651817,-0.1917300377010695,-0.7851938342662512,0.3639004761148897,0.4390173761974026,0.4298262749404925,0.366707039954658,0.2579632625216424,0.5884421390761966,0.916331590195946,0.0379473410337079,0.9594490591941168,0.0179780786650326,0.8994679735769128,0.0460142955162495,ID104,FT0104,110.923605331026,155.106907309512,"4-Hydroxynonenal;2,4-Nonanedione;2-Nonenoic acid",,155.103577945111,155.107400925521,108.25754006569,111.502509382732,11.0,96;1476;3002;4439;5479;6582;7514;8768;9969;11184;12389,,0.0,0.0104527363078701,0.0074844877774294,-0.0026711479911499,0.0063684621326752,-0.0078677533324272,-0.0116650670217036,4.5738870538383,3.0,0.478758169934641,4.71931172528796,3.0,0.656862745098039,4.71073861416919,3.0,0.588235294117647,0.0295913602319756,1.52883507107919,0.0849603970383454,1.07078346670564,-0.145424671449653,0.0267268635670485,1.57305200328779,0.146090729361966,0.835377342687785,-0.136851560330886,0.681363076299573,0.1666214049534,0.812207058265171,0.0903332407111677,-0.0085731111187676
156.9907367989999,373.797,0.9722474813461304,Unknown,5.788546452554488,5.599208070819074,5.748885957649026,5.7942778374649,0.1893383817354141,-0.0057313849104119,-0.1950697666458261,0.1284291890018738,0.8913362598981273,0.9171531875950858,0.0375581201958832,0.117518342261352,0.9298943434246164,0.9029448569380816,0.0443387713462468,0.9594490591941168,0.0179780786650326,0.9800644913567514,0.008745345410738,ID110,FT0110,372.783747120085,157.993476868492,,,157.993259422461,157.994097727959,354.821006136144,375.24858177186,13.0,102;1482;3009;3010;4444;5486;6590;7520;8776;9976;11191;12396;12397,,0.0,-0.0141897677108701,0.0177324838015958,0.0187596583517253,0.0106065690615151,-0.0220860119021727,-0.0055451655468002,4.72524497068761,3.0,0.57516339869281,4.50443150308685,3.0,0.551470588235294,4.69801592476978,3.0,0.58578431372549,0.128543102883142,0.890951220928169,0.229092374471734,0.639989366419349,0.22081346760076,0.859912361818743,0.0655458077307867,0.916026572378344,0.0380919280025614,0.0272290459178324,0.141675079284607,0.848706535645296,0.297364779721469,0.526710471181983,0.193584421682928
158.38330653889437,54.169900000000005,0.6935324668884277,Unknown,4.472909275769496,4.536547592591423,4.073812712312055,4.258831463828711,-0.063638316821927,0.2140778119407844,0.2777161287627114,0.9442029214172,0.0249346601710141,0.7989628632610196,0.0974734067381238,0.7610898089775964,0.1185640932398264,0.9958036908894162,0.0018262683699224,0.9690771835419328,0.0136416315648898,0.9540608526408736,0.0204239239087996,ID108,FT0108,52.923746870493,157.122566183821,STD_Nonanoic acid;Oenanthic ether;xi-2-Ethylheptanoic acid,,157.122317309972,157.12352356994,51.2610938826761,54.6794457899236,10.0,100;1480;3007;5484;6588;7518;8773;9974;11188;12395,79.95713|36,1.0,-0.0168380057273735,0.0259672377196756,0.0110249017367117,-0.0132152926658804,-0.0050347534438749,-0.0406388690235314,5.01007408139984,3.0,0.712418300653595,4.76275248362313,2.0,0.672385620915033,5.04720800482412,3.0,0.75,0.409249773001363,0.388011552806143,0.518785875596116,0.285011856478031,0.247321597776711,0.513710682661188,0.289281402987815,0.65851220340467,0.181436172376912,-0.0371339234242827,0.356898457578249,0.447455328947401,0.561573265987348,0.250593575220363,0.284455521200994
160.93305997672317,314.376,0.9157257080078124,"1-Propanol, 3,3,3-trichloro-",3.752818334394073,4.299279984477648,3.756051440486993,4.220515695821386,-0.5464616500835748,-0.4676973614273128,0.078764288656262,0.3339026808824861,0.4763800940100307,0.3953382840592784,0.403031127092354,0.7251152986905434,0.1395929319064854,0.916331590195946,0.0379473410337079,0.9657248817257064,0.0151465789323381,0.8994679735769128,0.0460142955162495,ID117,FT0117,315.626843810204,161.841118289878,,,161.840656349762,161.841732884803,312.692906451247,317.732865401294,9.0,109;1490;3020;4454;5496;6598;7528;8782;9984,,0.0,0.0149826109625678,-0.0327749443756221,0.0322185469510773,0.0717898323119944,0.0209857393677524,-0.0434995032243541,4.21781696391146,3.0,0.223856209150327,4.44830596758217,3.0,0.514705882352941,4.04757356419582,1.0,0.147875816993464,0.124761675834946,0.903918800306515,0.224746344893284,0.648307362578429,-0.23048900367071,0.529200178853122,0.276380017706549,0.66730043429496,0.175678592499981,0.170243399715641,0.201786191923267,0.695108555525786,0.379813687055568,0.42042938897867,-0.400732403386352
161.44421846913696,443.2318,0.8331896066665649,Unknown,4.825115350305008,4.524811104466256,4.762369701963058,4.809913502605007,0.3003042458387526,0.0152018477000011,-0.2851023981387515,0.0071038477414438,2.1485063554726134,0.8256194799857468,0.0832200686837827,0.0124457223480608,1.904979891930217,0.5927228664362193,0.2271483179516168,0.9594490591941168,0.0179780786650326,0.9590639928757037,0.0181524138662645,ID115,FT0115,444.066449194057,161.044803663468,3-Hydroxymethylglutaric acid;2-Methyl-4-amino-6-methoxy-s-tr,+,161.044407156863,161.04543543289,442.781323445066,444.809362972765,11.0,107;1487;3017;4451;5493;6596;7526;8780;9983;11195;12404,57.03471|36,1.0,0.000176580499948,0.0006593963045787,0.0035418236397712,0.0055369039583566,-0.0093971664491634,0.0045824741745505,4.92075696560748,3.0,0.679738562091503,4.9176625187257,3.0,0.742647058823529,4.91005970359072,3.0,0.698529411764706,0.941526148122116,0.0261676142267577,0.952612242380913,0.0210838415056045,0.0030944468817812,0.781956248673996,0.106817545522009,0.863289863281836,0.0638433585289085,0.0106972620167598,0.773168020330779,0.111726117500573,0.869255375458593,0.060852614967642,-0.0076028151349785
164.07107439726937,349.37080000000003,0.863985002040863,"L-Phenylalanine; 3-Pyridinebutanoic acid; Benzocaine; Norsalsolinol; Gentiatibetine; Ethyl 2-aminobenzoate; Methyl N-methylanthranilate; Benzyl glycinate; 4-Hydroxy-1-(3-pyridinyl)-1-butanone; 5-(3-Pyridyl)-2-hydroxytetrahydrofuran; 1-Isopropyl-4-nitrobenzene; (3,5-Dimethylphenyl)carbamic acid; 2-Amino-3-(4-hydroxyphenyl)propanal; Ethenzamide; 4-(Dimethylamino)benzoic acid; 4-Ethoxybenzamide; D-Phenyl alanine; D-Phenylalanine; Ethyl 3-aminobenzoate; N-(4-Methoxyphenyl)acetamide; Phenyl-Alanine; N,N-Dimethylanthranilic acid",5.1866414578007465,4.853309606345772,4.999935389933256,4.962198746111601,0.3333318514549743,0.2244427116891456,-0.1088891397658287,0.038224424169976,1.417659048274977,0.0293927293815591,1.531760083872507,0.3384358464555394,0.4705236435841195,0.7786713703588722,0.108645792844284,0.9594490591941168,0.0179780786650326,0.7671874428452522,0.1150985142154506,ID119,FT0119,349.066304022372,164.071055781724,"STD_L-Phenylalanine;1,1-Dimethylbiguanide;Phenylalanine (Not",+,164.070477765008,164.071485222577,347.521456880579,351.788555055374,11.0,110;1492;3022;4456;5497;6600;7530;8783;9986;11199;12405,72.00978;103.0553;147.0443|858;1912;937,0.962962962962963,-0.0314463969962613,0.0032796930488859,0.0138309845420596,0.008734475392504,-0.0177753701941513,0.0065933888925781,5.34050915993832,3.0,0.81781045751634,4.8915186527976,3.0,0.734477124183007,5.08420496764189,3.0,0.76062091503268,0.0020116618557798,2.69644501889976,0.0118632296345164,1.92579706295247,0.448990507140723,0.0030292170632214,2.51866960551108,0.0345216435129389,1.46190853649074,0.25630419229643,0.0229252576404982,1.63968577490689,0.102113647581914,0.990916210181262,0.192686314844294
169.08636888007172,116.44836363636364,0.9407774806022644,"1,4-Ipomeadiol; cis-3-Hexenyl pyruvate",5.048094039174653,4.844617859132436,5.123189375084761,5.080854155282057,0.2034761800422169,-0.0327601161074042,-0.2362362961496211,0.2792324123394809,0.5540341717108584,0.568802060576769,0.2450388389739663,0.2311444194211595,0.636116587382088,0.9081659846120026,0.0418347686450934,0.9594490591941168,0.0179780786650326,0.9090612199101226,0.0414068686219553,ID128,FT0128,115.064136663137,169.086250954741,"FA 9:2+1O;1,4-Ipomeadiol;cis-3-Hexenyl pyruvate",+,169.085977990342,169.086906631673,113.497297743516,118.160076938368,11.0,120;1502;3032;4464;5506;6607;7539;8794;9996;11206;12412,57.03482;125.097|366;296,0.9,0.0050171822178552,-0.0059037117580258,-0.0062149846718834,0.0080520646873373,-0.0073814716822844,-0.0151693447451042,5.0784332276927,3.0,0.732843137254902,5.16958779348869,3.0,0.82516339869281,5.08660914003081,3.0,0.762254901960784,0.125312379500997,0.902006023312308,0.225183443024133,0.647463544849111,-0.0911545657959927,0.856128867491311,0.0674608588882323,0.915224488433189,0.038472368086539,-0.0081759123381095,0.0784994157121889,1.10513357578872,0.233487832297133,0.631735746806228,-0.0829786534578831
170.04280110313238,410.2601,0.8737275004386902,Unknown,5.512611718056415,5.229393230940333,5.38608955920474,5.409032129753689,0.2832184871160823,0.1035795883027255,-0.1796388988133568,0.0223584056368667,1.650559168934025,0.1281820910607677,0.8921726479591185,0.0721140398732358,1.1419801743113678,0.7082411614248684,0.1498188366004785,0.9594490591941168,0.0179780786650326,0.8807334056974399,0.0551555308114101,ID130,FT0130,411.302762078317,170.042748703297,6-Methyladenine;1-Methyladenine;3-Methyladenine,,170.042190559108,170.043174005382,410.798430960455,412.031252283315,11.0,123;1504;3034;4466;5508;6609;7541;8796;9998;11208;12414,59.01423;88.04009|7266;58310,1.0,-0.0418590115278985,0.0280531842470488,0.0112756858546983,0.0093917825487169,-0.0194109844528925,-0.008870765445114,5.65296161031582,3.0,0.900326797385621,5.04320207155506,3.0,0.782679738562091,5.51765891545566,3.0,0.891339869281046,0.0008933391600869,3.04898362802068,0.0064416513578442,2.19100278424495,0.609759538760752,0.0355536025961422,1.44911638626041,0.176019475148114,0.754439278314028,0.135302694860161,0.0014401080231816,2.84160493004908,0.0157065987201216,1.80391785168892,0.474456843900591
171.0381010089163,423.8338888888889,0.7771300077438354,Unknown,4.7810337115150965,4.485726276616609,4.660156093761968,4.853761742646813,0.2953074348984872,-0.0727280311317164,-0.3680354660302036,0.0231200177409456,1.6360118369992669,0.4734526065926331,0.3247234880977616,0.0258933181089043,1.5868122931706712,0.7082411614248684,0.1498188366004785,0.9594490591941168,0.0179780786650326,0.8994679735769128,0.0460142955162495,ID134,FT0134,424.557149981606,171.038294981524,,,171.037887102642,171.038818271209,423.81478749462,424.828718206432,8.0,126;1505;3036;7543;8799;10001;11209;12415,74.02442|28541,1.0,-0.0435967505695358,0.0522986721607579,0.0036670860584365,-0.0161854194247133,-0.0180149480429943,-0.0185472835926662,4.88625345086553,3.0,0.663398692810457,4.22595534096844,0.0,0.368872549019608,4.94227608272227,3.0,0.709967320261438,0.0001465780284252,3.83393112416162,0.0017694630569516,2.75215850018075,0.660298109897086,0.523171171997367,0.281356194705575,0.664196679608392,0.177703299817666,-0.0560226318567469,0.0003873596367851,3.41188563512626,0.0066744024115133,2.17558761251024,0.716320741753833
171.10197727200168,89.59009090909092,0.950564980506897,"Tetrahydrofurfuryl butyrate; cis-3-Hexenyl lactate; 3-Methylbutyl 3-oxobutanoate; Butyl levulinate; Butyl 3-hydroxy-2-methylidenebutanoate; 2-Methylpropyl 3-hydroxy-2-methylidenebutanoate; 5-Pentyl-1,4-dioxan-2-one; 6-Pentyl-1,4-dioxan-2-one; 4-Hydroperoxy-2-nonenal; 9-Oxo-nonanoic acid",5.43774404547337,5.441710972693369,5.575799874827773,5.561431117621411,-0.0039669272199986,-0.1236870721480407,-0.119720144928042,0.971079756849133,0.0127450990961261,0.1477605585431511,0.8304414759073524,0.2964406567394571,0.5280622332611395,0.9958036908894162,0.0018262683699224,0.9594490591941168,0.0179780786650326,0.8807334056974399,0.0551555308114101,ID133,FT0133,88.0819394712924,171.101923565019,Tetrahydrofurfuryl butyrate;cis-3-Hexenyl lactate;3-Methylbu,,171.101742312304,171.102402734089,87.1725376615753,90.6346813820064,11.0,127;1506;3038;4469;5510;6611;7544;8801;10000;11211;12417,57.03506;83.04931;95.05079;109.0656;111.0812;141.0458;143.061;153.0909;171.1019|564;324;950;620;3470;918;383;4511;1037,1.0,0.0132292629052918,0.0072260011187827,-0.0018820676676765,0.0178331376432016,-0.0074917337373586,-0.0119755860402556,5.43724695305866,3.0,0.85375816993464,5.62324358286505,3.0,0.928104575163399,5.58988201759159,3.0,0.906045751633987,0.0241706837117008,1.61671106461017,0.0734276073363032,1.13414062319584,-0.185996629806385,0.0503018144810591,1.29841634884271,0.205981667434303,0.686171430535758,-0.152635064532933,0.123213629798512,0.909341248187223,0.276757437483121,0.557900699213552,-0.0333615652734522
173.11734286792623,139.9911818181818,0.9349725246429444,"(±)-3-Hydroxynonanoic acid; 2,4,6-Triethyl-1,3,5-trioxane; (1R,2R,4R,5S)-(+)-p-Menthane-2,5-diol",4.79916163801818,4.744338145228383,4.903867762901611,4.808397264731574,0.0548234927897972,-0.0092356267133935,-0.0640591195031907,0.6734959452191729,0.1716650146020787,0.9524429808615502,0.0211610144328292,0.624656833726223,0.2043585044945618,0.9531844808515012,0.0208230371768443,0.9594490591941168,0.0179780786650326,0.9946731882040908,0.0023195884742269,ID137,FT0137,138.997364446169,173.116613737762,"(±)-3-Hydroxynonanoic acid;2,4,6-Triethyl-1,3,5-trioxane;FA ",,173.1159916727,173.117684448936,135.68970765102,139.863316008565,8.0,129;1509;4471;5512;6614;7549;8804;10004,59.01412;173.0843|1615;93,1.0,0.0180228218798341,-0.0361817205060986,0.07637175728745,0.0863914015735881,0.022385393505467,-0.0381814478272943,4.7965221334586,2.0,0.611111111111111,5.02180109626866,3.0,0.776143790849673,4.51672912785078,1.0,0.475490196078431,0.494295458808686,0.306013379471225,0.600643875703888,0.22138294672893,-0.225278962810062,0.533659042537309,0.272736127311846,0.670737829466776,0.173447198854867,0.279793005607819,0.167313713279924,0.776468462159374,0.332281904365419,0.478493309182414,-0.505071968417881
176.23553118889305,261.3814285714286,0.5193825960159302,Unknown,3.959383854178376,3.726993399674458,4.094926556727454,3.9104013788833623,0.2323904545039177,0.0489824752950136,-0.183407979208904,0.3989491663689702,0.3990824380773853,0.7929426966271147,0.100758196588892,0.5151479211317328,0.2880680484206333,0.916331590195946,0.0379473410337079,0.9594490591941168,0.0179780786650326,0.9540608526408736,0.0204239239087996,ID141,FT0141,260.183265001279,175.096849432747,,,175.096390571435,175.097473746097,258.752628679148,261.969693110823,11.0,132;1511;3040;4475;5515;6617;7552;8807;10008;11214;12419,59.01324|132,0.75,0.0045806126063239,0.007116765490034,0.0047733032862953,0.0107931049932535,-0.0116084138994861,-0.0158749835210321,4.18495964568388,3.0,0.209150326797386,4.24147468211322,3.0,0.393790849673203,4.26123029423545,3.0,0.303921568627451,0.178211113504149,0.749065216219298,0.293280396095063,0.532716965837314,-0.0565150364293334,0.110931083398069,0.954946745493817,0.31408813851289,0.502948464351792,-0.0762706485515725,0.461833747514881,0.335514335117442,0.642383770381247,0.192205439900772,0.0197556121222391
179.0561371851852,444.22154545454543,0.9691075086593628,"D-Glucose; D-Galactose; D-Mannose; myo-Inositol; 3-Deoxyarabinohexonic acid; D-Fructose; Allose; L-Sorbose; Paraxanthine; Theophylline; Theobromine; alpha-D-Glucose; D-Tagatose; beta-D-Galactose; scyllo-Inositol; L-Gulose; Dihydroxyacetone (dimer); L-Galactose; Levoinositol; muco-Inositol; Glycoprotein-phospho-D-mannose; epi-Inositol; neo-Inositol; D-chiro-Inositol; cis-Inositol; allo-Inositol; (2R,3R,4R,5R)-2,3,4,5,6-Pentahydroxyhexanal; (2R,4S,5S)-1,2,4,5,6-Pentahydroxyhexan-3-one; (3R,4R,5R)-1,3,4,5,6-Pentahydroxyhexan-2-one; alpha-D-Galactofuranose; D-Fructofuranose; D-Gulose; D-Psicose; Succinylaminoimidazole; Glucose; alpha-D-Allofuranose",5.937285548974953,5.338815116068939,5.896355432053417,5.935093398821583,0.598470432906014,0.0021921501533697,-0.5962782827526443,0.1314706209704104,0.8811712857745083,0.9794492596393112,0.0090180577084905,0.135337997973683,0.8685802522312477,0.9029448569380816,0.0443387713462468,0.9594490591941168,0.0179780786650326,0.995139582946811,0.0021159988000645,ID146,FT0146,444.066449194057,179.056061024532,STD_myo Inositol;STD_a-D-galactose;STD_D-Glucose,+,179.055295108588,179.056618784032,442.781323445066,444.809362972765,11.0,136;1517;3043;4478;5518;6619;7557;8810;10013;11219;12423,51.02416;53.00318;55.01872;57.03532;59.01411;69.0339;71.01417;73.03015;79.01894;81.03472;83.01332;84.02117;85.02886;87.00915;89.02466;95.01443;97.02895;99.00852;101.0238;111.0098;113.0252;117.0186;125.023;129.0197;131.035;141.0196;159.0298;161.0455;177.0395;179.0561|410;270;4245;1901;10508;1387;8803;2645;1524;132;1496;108;4480;17873;1578;384;1775;4743;1324;156;468;1585;1719;156;324;1456;432;7302;192;5464,1.0,-0.0004600841673382,0.0032571278491075,0.0016018760624564,0.0065118710241622,-0.0124160171354537,0.0080175612673023,6.01609564491532,3.0,0.955882352941177,6.0072036281345,3.0,0.963235294117647,6.01944767802987,3.0,0.961601307189543,0.886351202117323,0.0523941619506443,0.912805990589259,0.0396215183802432,0.0088920167808277,0.948109669610805,0.0231414241049329,0.9695029609594,0.0134508602042908,-0.003352033114548,0.790369624463654,0.102169758933223,0.880956400906479,0.0550455845666956,0.0122440498953758
182.0907762370724,74.2437,0.6898468732833862,Unknown,4.109432147333005,3.910396064879144,4.424084517055528,4.44474981747603,0.199036082453861,-0.3353176701430245,-0.5343537525968856,0.684782991622779,0.1644470350366651,0.3306704915504642,0.4806045590282257,0.2818920845193652,0.549917118870594,0.955025423751189,0.019985066900146,0.9594490591941168,0.0179780786650326,0.8971514435284977,0.0471342397461038,ID155,FT0155,70.9340302185795,183.101665421115,"(1'R)-Nepetalic acid;(S)-Oleuropeic acid;(4S,8R)-8,9-Dihydro",,183.100438262033,183.102539147648,69.8850637930491,72.3365653576284,11.0,145;1525;3051;4485;5525;6626;7566;8818;10020;11227;12431,57.03591;97.06576|429;330,1.0,0.0075068641008703,0.0104574864981229,-0.0018939213923577,0.0157373862748817,-0.0122322552259589,-0.0059437843127183,4.37185212664325,3.0,0.330882352941176,4.47681329718416,3.0,0.532679738562091,4.4988939486889,3.0,0.462418300653595,0.158440632468465,0.800133432633459,0.268835092890781,0.570514040476681,-0.104961170540912,0.0979170543574767,1.00914165989965,0.295044242330286,0.530112856024418,-0.127041822045647,0.188142795028243,0.725512408433089,0.362913457517288,0.440196927040187,0.0220806515047345
183.10177744570228,98.71654545454544,0.9478175044059752,"(1'R)-Nepetalic acid; (S)-Oleuropeic acid; (4S,8R)-8,9-Dihydroxy-p-menth-1(6)-en-2-one; 1-Acetylcyclohexyl acetate; (E)-10-Oxo-8-decenoic acid; r-limonene; alpha-Campholonic acid; 1,3-Bis(hydroxymethyl)-3-methylbicyclo[2.2.1]heptan-2-one",4.488921924317806,4.606660608053071,4.631385419331939,4.638671123281305,-0.1177386837352649,-0.1497491989634989,-0.0320105152282339,0.0593483074188726,1.2265916623728392,0.0405208462387732,1.3923214933958654,0.4980920600107157,0.3026903812168571,0.8877018384890114,0.0517328806662789,0.9594490591941168,0.0179780786650326,0.8328109251977478,0.0794535861848719,ID154,FT0154,97.724654595266,183.101837997654,"(1'R)-Nepetalic acid;(S)-Oleuropeic acid;(4S,8R)-8,9-Dihydro",,183.100745953479,183.102497842956,96.112949999943,98.9072203548808,11.0,144;1524;3050;4484;5524;6625;7565;8817;10019;11226;12430,57.03575;59.01429;97.06671|665;396;638,1.0,0.0116877937249499,0.0041642836024933,-0.0065745111990316,0.0157042681116092,0.0030392095493693,-0.0119949630468255,4.64002740410133,3.0,0.512254901960784,4.81405590470195,3.0,0.70343137254902,4.77526624646292,3.0,0.624183006535948,0.005486187838869,2.26072932688319,0.0237405898207175,1.62450849546142,-0.174028500600619,0.0451358672649226,1.34547820835542,0.198269555112824,0.702743967900565,-0.135238842361589,0.330946412694197,0.480242322101262,0.5482695032622,0.261005910478531,-0.0387896582390308
186.24282150562053,330.177,0.7331655025482178,Unknown,5.243615249404795,4.635846912688987,5.061397879982144,5.094756093421399,0.6077683367158073,0.1488591559833958,-0.4589091807324115,0.3029013126112707,0.5186988446645143,0.7696094104698132,0.1137296305620764,0.0377625788411368,1.422938354992813,0.9116684525285336,0.0401630733125223,0.9594490591941168,0.0179780786650326,0.9504988128002118,0.0220484212442392,ID160,FT0160,329.271945280911,186.044885232747,"chondroitin sulfate E (GalNAc4,6diS-GlcA), precursor 5a",,186.044410210716,186.045276000467,325.969034774941,332.812420514227,6.0,149;1528;3055;8822;11232;12434,114.0243;170.0743|135;37,1.0,-0.0651983761145138,-0.0141757218950345,0.0356810072028482,-0.0555856571885092,-0.0343684767082434,0.0465460902774827,5.11151575639223,3.0,0.745915032679739,4.14005219715071,0.0,0.30718954248366,4.41865153639872,2.0,0.411764705882353,8.31664354728083e-06,5.08005191205111,0.0002791238540142,3.55420304697939,0.971463559241523,0.0119148260017188,1.92391229549504,0.085959240738605,1.06570742920305,0.692864219993512,0.146245667947211,0.834916989618336,0.301002988526271,0.521429192465873,0.278599339248011
199.00353070964752,46.4076,0.7237542867660522,Unknown,4.160771715569758,4.290554415635835,4.861921227154795,3.9294397452378296,-0.1297827000660776,0.2313319703319281,0.3611146703980057,0.7877685541472259,0.1036013591868258,0.5742899620181666,0.2408687746612306,0.3406794768921856,0.467654028278143,0.97847665772573,0.0094495302939998,0.9594490591941168,0.0179780786650326,0.9093286387276428,0.0412791308685889,ID172,FT0172,50.6233622139246,199.169420519845,STD_Lauric acid;Ethyl decanoate;2-Heptyl butyrate,+,199.168983766031,199.169934379293,49.3575750171321,51.8224918782105,11.0,165;1544;3074;4498;5540;6639;7579;8834;10032;11246;12447,57.0326;79.95655;111.081;183.0109;183.0186;184.0185;199.0068;199.0427;199.1705|36;72;36;161;48;48;48;36;403,1.0,0.0041215864911589,0.0143077237701751,-0.0013284352719444,0.0057543608070243,-0.0140639940609682,-0.0071317753983725,4.8806954494375,3.0,0.659313725490196,4.93161518363038,3.0,0.745915032679739,5.01464647331684,3.0,0.736111111111111,0.304220515724875,0.516811501769965,0.435310219579624,0.361201136989306,-0.050919734192882,0.0499170076409305,1.30175145705927,0.205801178260218,0.686552143128269,-0.133951023879342,0.0629531679707529,1.20098241015344,0.199636812559426,0.69975937278159,0.0830312896864598
209.34850456409092,95.5478,0.8209390640258789,Unknown,4.249333628854452,4.401151066905891,4.314738838114954,4.269312317148657,-0.151817438051439,-0.0199786882942047,0.1318387497572342,0.3749792112713281,0.4259928087533745,0.902524527389683,0.044540986690725,0.4616287483175701,0.3357071529569342,0.916331590195946,0.0379473410337079,0.9594490591941168,0.0179780786650326,0.9745963926915538,0.0111752004214305,ID181,FT0181,92.4190674618542,209.154084272642,"Linalyl propionate;Methyl (2E,6Z)-dodecadienoate;alpha-Terpi",,209.15351368408,209.154563165908,91.1179120867577,94.7640035341158,9.0,1551;3081;4506;5549;6647;7589;8842;10044;12458,78.95801;97.06525|144;108,0.777777777777778,0.0152015637733754,-0.0149576058952424,-0.0333579587809198,0.0332013984243806,0.0499568359726945,-0.0485459032118872,4.37465753501013,2.0,0.332516339869281,4.66883999454636,3.0,0.633169934640523,4.50533128151271,2.0,0.465686274509804,0.0715915291358278,1.1451383613123,0.157889008649047,0.801648102095666,-0.294182459536228,0.581377121033282,0.235542063044616,0.712998540312898,0.146911359257114,-0.13067374650258,0.420988935016264,0.375729318711909,0.608599701014249,0.215668265332919,-0.163508713033648
209.92822608481995,485.1919,0.8646016120910645,Unknown,5.408332284871477,5.331092308465748,5.458362639088812,4.776462335732774,0.0772399764057292,0.6318699491387036,0.5546299727329744,0.5728459955375879,0.2419621184826832,0.4601060279603204,0.3371420769009172,0.5105074423231706,0.2919979222620352,0.9241583043832848,0.0342536296116762,0.9594490591941168,0.0179780786650326,0.8994679735769128,0.0460142955162495,ID182,FT0182,485.290903844226,210.027899977047,Phosphocreatine;Guanidinosuccinic acid;N-AMIDINO-L-ASPARTATE,,210.027214297658,210.028485686032,484.018565289139,486.320546669566,11.0,173;1552;3082;4507;5550;6648;7590;8843;10045;11259;12459,62.96409;78.72253;78.9593;96.9687;102.9697;120.9803|17048;2970;1248496;5242;1500;956,1.0,-0.0198027854122185,0.026288641919695,-0.0029942887069011,0.0132613228162662,-0.0150702495569765,-0.0044281249457772,5.52820891113916,3.0,0.876633986928105,5.24631696004512,3.0,0.843954248366013,5.57408221313477,3.0,0.902777777777778,0.0365877225663447,1.43666462269846,0.0996509931513351,1.00151836863439,0.281891951094034,0.358564621879927,0.445432562738924,0.537705199155324,0.269455764241587,-0.0458733019956163,0.0169522140900958,1.77077357154265,0.0838214901973837,1.07664462244816,0.32776525308965
211.78665150979387,411.7921818181818,0.9657028913497924,Unknown,5.275848736075467,5.164133758433595,5.326285846193247,5.35528450487785,0.1117149776418724,-0.0794357688023827,-0.1911507464442552,0.296121918967896,0.5285294449089502,0.3419515756556384,0.466035390770043,0.0940195554647116,1.026781806537249,0.9116684525285336,0.0401630733125223,0.9594490591941168,0.0179780786650326,0.8971514435284977,0.0471342397461038,ID187,FT0187,411.286014459847,212.064817242911,4-Hydroxycitrulline,,212.063704870776,212.065440880646,409.638814024915,412.031252283315,11.0,178;1557;3086;4511;5555;6651;7593;8848;10048;11264;12463,59.01422;88.04005;97.02793;112.052;130.0619;170.044|2193;201931;456;1915;9422;372,1.0,-0.0120198870147043,0.0180601847235155,-0.0039477740393674,0.00623061324827,-0.0115764427048212,-0.0079671646184231,5.38234114978527,3.0,0.832516339869281,5.21373473441735,3.0,0.83578431372549,5.43249692665129,3.0,0.868464052287582,0.0392076199688673,1.4066295199992,0.103663223785818,0.984375289316463,0.168606415367925,0.156718533057277,0.804879642149304,0.357199977232436,0.447088577464979,-0.0501557768660108,0.0146165044500807,1.83515647686885,0.0771830800599285,1.11247789450859,0.218762192233936
214.04895374932903,444.34172727272727,0.9715275168418884,"Glycerylphosphorylethanolamine; sn-glycero-3-Phosphoethanolamine; 6-Oxo-1-phenyl-1,6-dihydropyridine-3-carboxylic acid",6.159362057212026,6.027154816937331,6.3503759810468985,6.4527657667933935,0.1322072402746954,-0.2934037095813675,-0.4256109498560629,0.6826166034321273,0.1658231524897588,0.0068736755830798,2.162810969115156,0.2641280957342957,0.5781853997268783,0.955025423751189,0.019985066900146,0.9594490591941168,0.0179780786650326,0.4708699143921361,0.3270990573400104,ID194,FT0194,443.795556508189,214.049135476446,Glucosamine;Fructosamine;beta-D-Glucosamine,,214.048035561702,214.049404248721,442.781323445066,444.226082966365,11.0,182;1560;3092;4516;5559;6654;7597;8852;10053;11269;12467,62.96422;78.72262;78.95928;96.96944;122.0023;139.5865;140.0113;150.9803;152.9955;171.0065;214.0489|7896;3349;1429021;6042;445;1023;352117;1937;96702;6991;112506,1.0,0.0132464746147042,0.020602943439033,-0.0178986954994055,0.0148434005334831,-0.0152146623872435,-0.0103444007592242,6.23402629727641,3.0,0.974673202614379,6.43622195114746,3.0,0.983660130718954,6.51701988734293,3.0,0.984477124183007,0.0475453419169335,1.32289202507495,0.120313720695194,0.919684842465452,-0.202195653871057,0.0027798261876008,2.55598235808399,0.033247822124968,1.47823679758152,-0.282993590066524,0.25980056413068,0.585359910235371,0.457296015596537,0.339802582594775,0.0807979361954665
215.2584876506941,425.77560000000005,0.7909534573554993,Unknown,5.333187528930398,5.151565893626413,5.264587199947197,5.260864509579858,0.1816216353039852,0.0723230193505397,-0.1092986159534454,0.1817227961478517,0.7405905893665465,0.622802247308181,0.2056498290008645,0.5160865645311308,0.2872774469287746,0.9029448569380816,0.0443387713462468,0.9594490591941168,0.0179780786650326,0.921322881325053,0.0355881428719901,ID198,FT0198,423.313462217579,215.064548451168,"4,4`-Thiodianiline",,215.063983153343,215.064981477951,422.908625445945,424.163414812585,10.0,186;1563;3097;4519;5565;7600;8856;10056;11274;12472,56.01408;74.02451;118.0506|552;122869;53991,1.0,-0.0477742589833104,0.0353688451109114,-0.0434965771356519,0.0231629509501557,-0.0431523563668184,-0.0030139199629897,5.40876936744279,3.0,0.842320261437909,4.8116655295976,2.0,0.70016339869281,5.3932603926117,3.0,0.861928104575163,0.113808574534728,0.943825016211316,0.218646672641802,0.660257127348624,0.597103837845192,0.820814034259729,0.0857552266115822,0.890074823506061,0.0505734831641793,0.0155089748310884,0.121582742839679,0.915128063396876,0.27550885610467,0.559864436392697,0.581594863014104
216.308446213217,49.0153,0.7402352094650269,Unknown,4.1136905544162445,4.452879286951106,3.86873069837901,4.1043768872195,-0.3391887325348612,0.0093136671967446,0.3485023997316059,0.5108308739612837,0.2917228624152416,0.9691185666331822,0.0136230860199676,0.4902085787314851,0.3096190927919266,0.9241583043832848,0.0342536296116762,0.9594490591941168,0.0179780786650326,0.995044634118366,0.0021574379311103,ID200,FT0200,52.1502271705646,215.16438813832,3-Hydroxydodecanoic acid;12-Hydroxydodecanoic acid;(R)-3-Hyd,,215.163216009991,215.165826502851,51.8224918782105,53.2764104657933,7.0,4520;5566;6657;7602;8857;10058;11276,,0.0,0.0244487957734904,0.0164262517685632,0.001744159803005,-0.0064473156313014,-0.0360074729074931,-0.0421564464518666,3.72105268795175,0.0,0.0277777777777778,4.06139059491007,3.0,0.251633986928105,4.02436917624243,2.0,0.127450980392157,7.96466484424694e-05,4.09883249473499,0.0011076076315659,2.95561406056861,-0.340337906958314,0.129497320252806,0.887739218543817,0.3245493005506,0.488719322497554,-0.303316488290681,0.828957702719411,0.0814676286104014,0.906639940577377,0.0425651527047757,-0.0370214186676323
217.4892184381046,346.4741,0.8243275880813599,Unknown,4.937410274436933,5.6983300755614215,5.670040982569269,6.083246860903898,-0.7609198011244889,-1.1458365864669655,-0.3849167853424768,0.1154063965233179,0.9377701192756704,0.0500127124235253,1.3009195909907223,0.0859301299903497,1.0658545312303451,0.9029448569380816,0.0443387713462468,0.9594490591941168,0.0179780786650326,0.8460974733545796,0.0725796018527868,ID205,FT0205,347.772888616792,218.102970741986,STD_Pantothenic acid;Pantothenic acid (Not validated);Pantot,+,218.102180447722,218.104111928095,346.962877625805,350.125599750787,11.0,191;1568;3102;4523;5569;6660;7605;8860;10062;11279;12477,59.01419;71.05001;72.00896;88.03996;99.04449;116.0719;129.0562;146.0815;218.103|7471;78619;1794;75059;15959;4399;898;63532;4679,1.0,-0.0143170859343199,0.063456813163158,-0.0043769096403806,-0.0054976985514615,-0.0069617850693432,-0.0169992049076167,5.74332793226427,3.0,0.920751633986928,5.50368715658289,3.0,0.912581699346405,6.11544978800536,3.0,0.968954248366013,0.0383008135318334,1.41679200126287,0.102390841508435,0.98973888769837,0.239640775681384,0.0148215034656227,1.82910774010125,0.100024447969119,0.999893836796025,-0.372121855741089,0.0034175630139232,2.46628346905075,0.0281128770150091,1.55109470729877,0.611762631422473
218.7960676185844,277.154625,0.5544905066490173,Unknown,3.889445750863383,3.894756164236608,4.15671242724155,3.7890704615904816,-0.0053104133732246,0.1003752892729004,0.105685702646125,0.9750990528600558,0.0109512654034893,0.619373879093688,0.2080471141304743,0.6472637150957871,0.1889187383788954,0.9958036908894162,0.0018262683699224,0.9629866308033864,0.0163797421679059,0.918812186108766,0.0367732534370716,ID206,FT0206,276.324742374124,219.026460635142,(+/-)-3-[(2-methyl-3-furyl)thio]-2-butanone;Vanillylmandelic,,219.024914944009,219.027960388025,260.711825824006,277.656258941077,8.0,192;5570;6661;7606;8861;10063;11280;12478,,0.0,0.0166761192187347,0.0277335394697539,0.0174684894191606,0.0173383245966263,-0.0225316661319017,-0.0274143923000329,4.00388041240282,1.0,0.0915032679738562,4.20293271799806,2.0,0.340686274509804,4.2716555041919,3.0,0.313725490196078,0.408374129119191,0.388941778672938,0.518785875596116,0.285011856478031,-0.199052305595238,0.134104041519963,0.87255813353267,0.328485126643587,0.483484289918057,-0.267775091789072,0.717808309038224,0.14399151876878,0.832136329589433,0.0798055170528287,0.0687227861938338
221.63682610149965,375.6042727272727,0.9482766389846802,Unknown,4.859576191382133,4.412287534115791,4.889238031329657,5.027505512280956,0.4472886572663421,-0.167929320898823,-0.6152179781651652,0.4688369740865692,0.328978145691814,0.1168290604323087,0.9324491159942008,0.3462807894762557,0.4605716010173141,0.9241583043832848,0.0342536296116762,0.9594490591941168,0.0179780786650326,0.8736672380768721,0.0586539497285545,ID210,FT0210,375.469739826146,221.98366590376,,,221.983058532913,221.984518336697,374.022425649865,376.568928305978,11.0,195;1571;3105;4526;5573;6665;7609;8864;10066;11284;12481,59.01321;64.97046;79.95737;80.96429;106.9805;124.007|268;300;40114;463;573;45397,1.0,-0.0090948548983508,0.0320833959053781,-0.0014500781443914,0.0073785937078256,-0.0134543817730347,0.0017719353202749,4.92054406681211,3.0,0.678921568627451,4.77550538668537,3.0,0.680555555555556,5.07928982265664,3.0,0.758169934640523,0.12189342301005,0.914019726928797,0.222450476513062,0.652766659609029,0.145038680126738,0.0730236522783136,1.13653644960252,0.254944253519852,0.593554772646281,-0.158745755844533,0.0112208270417728,1.9499751318106,0.0633263757642944,1.19841536639567,0.303784435971272
223.02037190776647,398.8241818181818,0.94285249710083,Cysteinyl-Cysteine,6.584117647248533,6.52529943350492,6.635086999774518,6.630585595337478,0.0588182137436135,-0.0464679480889449,-0.1052861618325584,0.622170029028134,0.2060909134156799,0.4232823601810376,0.3733698298856971,0.4048692090540073,0.3926852507604037,0.932346301977682,0.0304227474062255,0.9594490591941168,0.0179780786650326,0.8994679735769128,0.0460142955162495,ID212,FT0212,397.77003620692,224.022932628878,,,224.022330471472,224.023578300484,396.324845771143,398.628850058476,11.0,197;1573;3108;4528;5575;6667;7611;8866;10068;11286;12483,,0.0,0.0031288795497315,0.0025378648529277,-0.0040608955746993,0.0043688894114606,-0.0169142770765075,-5.84049070925224e-05,5.34854686728564,3.0,0.819444444444444,5.39559561528763,3.0,0.884803921568627,5.38974187145639,3.0,0.858660130718954,0.304319114435963,0.516670768531239,0.435310219579624,0.361201136989306,-0.0470487480019974,0.417251159733037,0.379602447542763,0.579355633284493,0.237054765876269,-0.0411950041707554,0.885311383225438,0.0529039516391705,0.941416047781955,0.026218402796206,-0.005853743831242
224.60863990327587,112.9775,0.6279542446136475,Unknown,4.790088515593524,4.734795377341292,4.152202020307706,4.611084112008658,0.0552931382522325,0.1790044035848659,0.1237112653326333,0.7926056612046335,0.1009428300321687,0.3649872371823973,0.4377223216206965,0.5133624022509424,0.2895759414551248,0.97847665772573,0.0094495302939998,0.9594490591941168,0.0179780786650326,0.8971514435284977,0.0471342397461038,ID214,FT0214,109.557561379449,225.112513889531,"Allixin;3,4-Methylenesebacic acid;FA 12:3+2O",,225.112010552014,225.112836872275,106.941120777833,111.303680172859,11.0,200;1577;3111;4532;5578;6670;7614;8869;10071;11290;12486,87.00828;137.0964;225.1127|1869;1073;297,1.0,0.0102112388198721,0.0038958716365729,-0.0108075908975206,0.0085035519657966,-0.0065007449177526,-0.0138970815057673,4.88733460225449,3.0,0.665032679738562,5.04779589614628,3.0,0.784313725490196,5.01748114050199,3.0,0.737745098039216,0.006123160725746,2.2130243406968,0.0256106138610915,1.5915800117975,-0.160461293891789,0.0098216054814392,2.00781751478546,0.0775434595720299,1.11045482701303,-0.130146538247505,0.13435822172173,0.871735752832389,0.287699164677539,0.541061399063661,-0.0303147556442838
225.69158069537244,473.1307999999999,0.8420876264572144,Unknown,4.346285719290196,4.784362983574533,4.784908111479016,4.850197949840887,-0.4380772642843364,-0.5039122305506911,-0.0658349662663546,0.1162004560860558,0.934792167339246,0.0721708210848483,1.1416383537213437,0.7169056469776127,0.1445379987162686,0.9029448569380816,0.0443387713462468,0.9657248817257064,0.0151465789323381,0.8655999289281896,0.0626827878961198,ID216,FT0216,474.253096818814,225.098668721048,STD_L-Carnosine;Carnosine;CARNOSINE,+,225.097701940365,225.099275927133,472.111576179685,475.220347734357,11.0,199;1576;3110;4531;5577;6669;7613;8868;10070;11289;12485,58.02972;80.03765;81.04532;93.04508;110.072;137.0351;154.0623|1199;1518;3265;1803;11676;1053;6441,1.0,0.0064764031693195,0.0212859335362549,-0.0208555634360165,0.0190541948003432,-0.0160907373732837,-0.0238485436658444,4.72611126121488,3.0,0.576797385620915,4.84833693789444,3.0,0.716503267973856,4.97862392781365,3.0,0.723039215686274,0.239874320439973,0.620016242603895,0.369013820318781,0.432957368323898,-0.122225676679552,0.0022943782192768,2.63933498878634,0.0291748304093311,1.53499165979007,-0.252512666598765,0.216720964322571,0.664099075531922,0.400813574270112,0.397057578730686,0.130286989919213
227.08533267872883,418.8612727272728,0.8593213558197021,"5-(Hexahydro-2-oxo-1H-thieno[3,4-D]imidazol-6-YL)pentanal; Benz[a]anthracene; Chrysene; Thiobutabarbital",4.790576499760626,4.857291845491191,4.716126381431099,4.682213347562873,-0.0667153457305644,0.1083631521977537,0.1750784979283182,0.7303676645262055,0.1364584625119539,0.6522607801769295,0.1855787344084002,0.3613686938355795,0.4420494740312301,0.9660154741841152,0.0150159167532978,0.9594490591941168,0.0179780786650326,0.9271385126474756,0.0328553782776072,ID218,FT0218,415.434389694031,227.075883727596,Decitabine,,227.075299451329,227.076046843365,415.37858474783,416.059902329053,4.0,202;1579;3117;10076,55.03096;74.02436;88.0401;116.046|336;13045;433;1176,1.0,-0.0294146929983721,-0.0028052844397377,0.0467305250996687,-0.0018118021624759,0.0393373527186127,0.0232623460369717,4.70286415691848,3.0,0.554738562091503,4.22595534096844,0.0,0.368872549019608,4.37021110522763,1.0,0.376633986928105,0.0002342888443764,3.63024838976873,0.0024942431839371,2.6030612059123,0.476908815950042,0.0896555118450022,1.0474230057082,0.279790445579027,0.553167120091346,0.332653051690851,0.373900966300059,0.42724341246482,0.561573265987348,0.250593575220363,0.14425576425919
228.0512294040045,358.63660000000004,0.854416012763977,"4,5-seco-dopa",5.122622262640156,4.666019647855884,4.28322262934287,4.372550386767447,0.4566026147842716,0.7500718758727087,0.2934692610884371,0.0363534666878872,1.4394541682538589,0.2096960845238181,0.6784096786694935,0.5526704834416046,0.2575337292317579,0.7727922506229227,0.1119372415726058,0.9594490591941168,0.0179780786650326,0.881195617434593,0.0549276714494428,ID221,FT0221,357.617046243139,228.063534102746,N-Acetyl-L-phenylalanine;Phenylpropionylglycine;3-Phenylprop,,228.062965982435,228.064752710337,355.515218151429,361.703197861647,11.0,205;1582;3118;4538;5584;6675;7619;8875;10077;11295;12491,59.01425;130.0872|1147;34432,1.0,-0.0412105245081317,0.0054093068747731,0.0042266583538569,0.0049607282803269,-0.009275504858006,0.011011092702902,5.2058033173329,3.0,0.779411764705882,4.63513943850379,3.0,0.616830065359477,4.91614367599779,3.0,0.70016339869281,0.0024350285998591,2.61349593355075,0.0134661608972086,1.87075620077314,0.570663878829111,2.50831224598505e-05,4.60061840154647,0.0020200274620999,2.69464272631704,0.289659641335108,0.0294059725805846,1.53156445205871,0.11696582286909,0.931941019516112,0.281004237494003
228.148880658643,456.81975,0.5559535026550293,Unknown,4.008550901236899,3.983024466616345,3.898132492024097,4.806609309868889,0.0255264346205543,-0.7980584086319897,-0.8235848432525441,0.9624776854096516,0.016609330615093,0.2376761382711848,0.624014417503365,0.0001200687227005,3.920570109396606,0.9958036908894162,0.0018262683699224,0.2052779593997009,0.6876576781254915,0.8894522633669387,0.0508773554076522,ID227,FT0227,461.604134615199,229.011054021243,STD_Xylulose5P;STD_Ribose5P;STD_D-Glucuronic acid,+,229.010662122995,229.01143127779,461.024995283438,462.246307235342,8.0,209;1584;3120;7623;8879;10081;11297;12494,78.95911;96.96898;138.9792|27648;7093;674,1.0,-0.0562018491760517,0.0404705850927578,0.0195351108102667,-0.0121197445774449,0.0115920770833467,-0.0112979546081595,5.06933358445135,3.0,0.731209150326797,4.22595534096844,0.0,0.368872549019608,4.92316551477193,3.0,0.704248366013072,3.44201103888072e-06,5.46318774117949,0.0001478835457061,3.83008014518187,0.843378243482911,0.0104034744075652,1.98282159685103,0.079540487875562,1.09941174952033,0.146168069679423,6.08291435003849e-06,5.21588829854078,0.0002901674407936,3.53735132062665,0.697210173803487
228.1822458020672,433.4472,0.7488617300987244,Unknown,4.692020127432714,3.5940180452481223,4.684580050902545,4.546457992170813,1.0980020821845913,0.1455621352619003,-0.952439946922691,0.1323554163197037,0.8782582815660459,0.5072349852383875,0.2947907997399128,0.1543029892497871,0.8116256604429268,0.9029448569380816,0.0443387713462468,0.9594490591941168,0.0179780786650326,0.8994679735769128,0.0460142955162495,ID219,FT0219,436.079146923869,227.064313676946,Serylthreonine;Threoninyl-Serine;Pyrantel,,227.063884936472,227.065013276757,433.521651880441,437.570839157731,10.0,203;1578;3114;4535;5583;6673;7617;8872;11293;12489,58.02995;74.02641;82.02967;84.04554;101.0719;109.0407;127.0507;128.0358;145.0616|432;757;252;1228;360;3449;9236;2119;11840,1.0,-0.0076792759632057,-0.0165427740754373,-0.0295888397434225,-0.0064695438984873,-0.0650081381205146,0.0203080532548548,4.81463212943531,3.0,0.619281045751634,4.76067988035568,3.0,0.670751633986928,4.65567304302575,2.0,0.566176470588235,0.433783713104416,0.362726758088689,0.543585215483971,0.264732363788413,0.053952249079626,0.504849535999039,0.296838038558768,0.652953147202183,0.185117980503748,0.158959086409562,0.661741211290661,0.179311817934911,0.80039445375875,0.096695929419029,-0.105006837329936
228.72171038676237,417.6575454545455,0.9483608603477478,Unknown,4.967836214387266,4.350738179946453,4.6768656097237,4.791545768904584,0.6170980344408132,0.1762904454826825,-0.4408075889581306,0.1796204441341595,0.7456442340977284,0.4828600988035048,0.3161786810884214,0.295695024358651,0.5291559832579956,0.9029448569380816,0.0443387713462468,0.9594490591941168,0.0179780786650326,0.8994679735769128,0.0460142955162495,ID228,FT0228,419.409946695003,229.080219911816,Aspartyl-L-proline;Aspartyl-Proline;Prolyl-Aspartate,,229.079502971719,229.080593931699,418.083227247242,420.559974562385,10.0,210;1585;3121;4541;5587;7624;8880;10082;11298;12495,74.02432;88.04029;118.0505|50918;5611;29690,1.0,-0.0495143518700615,0.0263645253341982,-0.0065102532865269,0.0226438775442915,-0.0266396836430969,-0.0028480296088987,5.20814920797521,3.0,0.783496732026144,4.53283634566167,2.0,0.564542483660131,5.0341406305118,3.0,0.741830065359477,0.0129613623848687,1.88734934683474,0.0454358886505347,1.34260097344949,0.675312862313542,0.007878777442703,2.10354116716523,0.068967848918734,1.16135331928136,0.174008577463411,0.0318166584132335,1.49734543464857,0.12294715353723,0.910281521560352,0.501304284850131
239.07703901366705,444.2894,0.867609977722168,D-glycero-L-galacto-Octulose; Croscarmellose,5.009242133400333,4.712109653583855,4.990975232254243,5.025904111125315,0.2971324798164776,-0.0166619777249819,-0.3137944575414595,0.0086465727408878,2.0631560005894523,0.7084686252700263,0.1496793778425011,0.0135961699785178,1.8665834145309548,0.5927228664362193,0.2271483179516168,0.9594490591941168,0.0179780786650326,0.934055182421224,0.0296274656188326,ID241,FT0241,444.066449194057,239.077028808929,D-glycero-L-galacto-Octulose;N-Acetylserotonin;Mephenytoin,,239.076011533021,239.077535676377,442.781323445066,444.809362972765,11.0,222;1595;3129;4547;5592;6683;7632;8889;10092;11306;12503,55.0193;57.03472;58.83868;59.01418;69.03459;71.01327;73.02932;79.01885;81.03378;83.01354;85.02922;87.00822;89.02437;95.01355;97.02916;99.00864;101.025;111.0085;113.024;117.0188;125.0239;129.0194;141.018;147.0304;159.0291;161.0453;177.0401;179.0556;221.0121|5622;3864;945;296202;2966;18167;7169;3008;446;3190;13328;60171;3499;1067;4575;15045;5178;384;1950;10499;9330;1467;8533;603;5239;59827;3356;127668;1159,1.0,-0.003547305885981,0.0051783708896307,-0.0019255051226211,0.0071515170526957,-0.0103638061110798,0.0096283968485611,5.12302544760251,3.0,0.749183006535948,5.07460395441476,3.0,0.798202614379085,5.12622644889361,3.0,0.776960784313726,0.468871447048848,0.328946213767216,0.577581868115023,0.238386448923862,0.0484214931877531,0.935124141441172,0.0291307309840886,0.959753579321101,0.0178402595424102,-0.0032010012910923,0.359423777161547,0.444393196151677,0.561573265987348,0.250593575220363,0.0516224944788455
241.09130567893484,411.747,0.8769800066947937,D-erythro-D-galacto-octitol,4.843805941947715,4.431018850616186,4.621721894745153,4.683189207998366,0.4127870913315288,0.1606167339493494,-0.2521703573821794,0.004446788152563,2.351953560086576,0.1953951863750173,0.7090861394735312,0.0762631518739369,1.1176852497682004,0.5927228664362193,0.2271483179516168,0.9594490591941168,0.0179780786650326,0.881195617434593,0.0549276714494428,ID245,FT0245,411.352236187242,241.090820825222,D-erythro-D-galacto-octitol;9-methanesulfinylnonanoic acid;H,,241.090366366724,241.092384668576,409.638814024915,412.031252283315,9.0,226;1599;3133;5596;7636;8893;10096;11309;12506,78.96001;88.03998;112.0513;130.0611|168;16332;216;860,1.0,-0.0602151738680584,0.0439070769756486,0.0193125193878605,0.0183606420172311,0.0065530595291325,-0.0139288860283515,4.91225511877776,3.0,0.677287581699346,4.03806436013096,1.0,0.236111111111111,4.74533590269985,3.0,0.609477124183007,0.0015626277007215,2.80614448121428,0.009689902700866,2.01368058380466,0.874190758646802,0.134753740349636,0.870459171294006,0.328853572408808,0.482997435942462,0.166919216077911,0.0045027893910544,2.34651836581564,0.0333699329849371,1.47664466551486,0.707271542568891
242.07552898136024,355.1914,0.8033542037010193,"2-Propylthiazolo[4,5-c]quinolin-4-amine",4.449303775550146,3.880898146368969,4.559655050464476,3.7077879084203658,0.5684056291811772,0.7415158671297806,0.1731102379486033,0.3929644522397206,0.4056467343431121,0.25228141326226,0.5981147447855758,0.8155270439934947,0.0885616325852012,0.916331590195946,0.0379473410337079,0.9706578929929058,0.0129338096026886,0.8906584929769418,0.0502887864752479,ID243,FT0243,356.513693969341,240.951403550933,,,240.948641548269,240.95211766427,355.488721877261,362.946794284257,11.0,225;1598;3131;4549;5595;6684;7634;8891;10094;11308;12505,59.01419|2814,1.0,-0.0336512836394674,0.0268230773110465,-0.0251907630777354,0.0168183826306549,-0.0177499619335979,0.0050877092938737,4.76699300871637,3.0,0.595588235294118,4.33775836087218,3.0,0.446078431372549,4.7553178535814,3.0,0.615196078431373,0.102181931337405,0.990625892990115,0.205266862898798,0.687681154973085,0.429234647844193,0.742276466221355,0.129434308479005,0.832562647349486,0.0795830774918736,0.0116751551349754,0.105688535759008,0.975972118904733,0.273912994266569,0.562387364590118,0.417559492709217
242.0792915787067,433.7772727272728,0.9664599895477296,"Cytidine; Cytarabine; gamma-Glutamyl-beta-cyanoalanine; Arabinofuranosylcytosine; 4-Amino-5-hydroxy-1-[(2R,5R)-4-hydroxy-5-(hydroxymethyl)oxolan-2-yl]pyrimidin-2-one",4.879935620118952,5.415726208296348,5.548625462254382,5.570575683761379,-0.5357905881773952,-0.6906400636424266,-0.1548494754650313,0.1894947358528936,0.7224028501908693,0.0011983205003547,2.9214270108950338,0.6304701127072236,0.2003354962344066,0.9029448569380816,0.0443387713462468,0.9594490591941168,0.0179780786650326,0.3988689090222418,0.3991698146962136,ID246,FT0246,432.828748370058,242.079346246901,Miglitol;Miglitol;Metaxalone,,242.07769833155,242.080140958617,432.193135490768,433.746065479118,11.0,228;1601;3134;4550;5597;6685;7637;8894;10097;11310;12508,74.02507;78.95901;84.04475;109.0406;127.0504;128.0354;145.0612;152.995;168.0429;242.0801|1469;42681;986;1989;5935;1608;7739;2356;6777;2568,1.0,0.0542832659353411,0.0153768864649502,-0.0456247638609763,0.0240175606029815,-0.0302986571660411,-0.0293611098634714,5.00644577815152,3.0,0.711601307189543,5.82968531533577,3.0,0.954248366013072,5.61781000790606,3.0,0.91421568627451,0.000267845516727,3.57211561857248,0.0026645184298627,2.57438127149738,-0.823239537184258,0.0001814492988425,3.74124470566357,0.007828241178634,2.10633580272068,-0.611364229754549,0.0466917069471281,1.33076024891846,0.161210715997924,0.79260609315074,-0.211875307429709
242.735718896746,447.6295555555555,0.6223400235176086,Unknown,4.214718748421572,3.686703229838116,3.810298302085032,3.7082997237857582,0.5280155185834565,0.506419024635814,-0.0215964939476425,0.0460808309853545,1.33647969779014,0.0970162500719776,1.0131555159862025,0.9231203304926024,0.0347416841715176,0.8066668867565213,0.0933057702469216,0.9899530561711076,0.0043853992703578,0.8655999289281896,0.0626827878961198,ID251,FT0251,451.850191667159,244.015539412078,Methyl 4-chloro-1H-indole-3-acetate,,244.014311396647,244.016550053289,451.016845493366,452.109624249911,7.0,232;3139;4554;7641;8898;10102;12510,59.01416;78.95908;96.96913;98.97587;102.0553;128.0344;146.0445|72;3533;1047;72;2063;1442;1769,1.0,-0.0106628071187233,0.0082611762137552,0.0157295436259186,0.0707307309044578,-0.0120504594927681,-0.029525875950936,3.86048044342153,2.0,0.0531045751633987,3.70310740058629,1.0,0.0506535947712418,3.81286794890482,2.0,0.0383986928104575,0.439599683186555,0.356942629238493,0.548019086915467,0.261204315242441,0.157373042835245,0.807012796312324,0.0931195788792049,0.879847886232209,0.0555924049865029,0.0476124945167187,0.543848686214772,0.264521916263115,0.709923285025324,0.148788579013662,0.109760548318527
244.0811072616378,451.5761,0.7929800748825073,Unknown,4.1526877972094605,3.923616300118732,4.021723861215561,3.993693950933698,0.2290714970907283,0.1589938462757625,-0.0700776508149658,0.1577981079015402,0.8018982085590876,0.3150798078151004,0.5015794281032762,0.6599848756584732,0.1804660167207502,0.9029448569380816,0.0443387713462468,0.9636174359089608,0.0160953503813109,0.8906584929769418,0.0502887864752479,ID251,FT0251,451.850191667159,244.015539412078,Methyl 4-chloro-1H-indole-3-acetate,,244.014311396647,244.016550053289,451.016845493366,452.109624249911,7.0,232;3139;4554;7641;8898;10102;12510,59.01416;78.95908;96.96913;98.97587;102.0553;128.0344;146.0445|72;3533;1047;72;2063;1442;1769,1.0,-0.0106628071187233,0.0082611762137552,0.0157295436259186,0.0707307309044578,-0.0120504594927681,-0.029525875950936,3.86048044342153,2.0,0.0531045751633987,3.70310740058629,1.0,0.0506535947712418,3.81286794890482,2.0,0.0383986928104575,0.439599683186555,0.356942629238493,0.548019086915467,0.261204315242441,0.157373042835245,0.807012796312324,0.0931195788792049,0.879847886232209,0.0555924049865029,0.0476124945167187,0.543848686214772,0.264521916263115,0.709923285025324,0.148788579013662,0.109760548318527
245.0424541674976,410.3272222222221,0.7819799780845642,Glycerophosphoglycerol,5.124016772600822,4.662291764232776,4.951793822227783,5.2827993309026615,0.4617250083680462,-0.1587825583018398,-0.620507566669886,0.0278213065351184,1.5556224786693265,0.1605121803692988,0.7944920058356838,0.0078805471624904,2.103443627510374,0.7082411614248684,0.1498188366004785,0.78769311288477,0.1036429517240523,0.8809604279342232,0.0550435993243742,ID252,FT0252,409.975650861126,245.042393934986,Sedoheptulose;L-Galacto-2-heptulose;D-altro-D-manno-Heptose,,245.041570351064,245.043123097906,408.3077958138,412.031252283315,11.0,234;1604;3140;4555;5600;6690;7642;8899;10104;11316;12511,62.96472;78.95907;96.96982;150.9795;152.9953;171.0061;245.0424|240;66688;3985;623;36789;15251;15042,1.0,-0.042559663979479,0.0592273638443136,0.0081582205617963,0.0055636877135268,0.0155017947433703,-0.0193570536596083,5.20747036171113,3.0,0.782679738562091,4.56485610866026,3.0,0.580065359477124,5.32491232289419,3.0,0.838235294117647,0.000168587686161,3.77317414992257,0.0019315332043019,2.71409782165266,0.642614253050876,0.154620975518923,0.810731591050261,0.353754050050869,0.45129857929896,-0.11744196118306,0.0005215278014618,3.28272253536854,0.0078346141707898,2.10598238625638,0.760056214233936
249.13561264572456,71.39677777777779,0.6226241588592529,Isopentyl beta-D-glucoside; (S)-2-Methyl-1-butanol O-beta-D-Glucopyranoside,4.080834549616276,4.451604584844952,4.786332769980139,4.577524426112853,-0.3707700352286753,-0.4966898764965766,-0.1259198412679012,0.4777423556468196,0.3208062533613109,0.2605709448942105,0.5840740121675789,0.8262677406007268,0.0828792027713098,0.9241583043832848,0.0342536296116762,0.9706578929929058,0.0129338096026886,0.8906584929769418,0.0502887864752479,ID256,FT0256,72.9642253105771,249.066027623289,"5-Methoxycanthin-6-one;2-Methoxycanthin-6-one;13-methoxy-1,6",,249.065163856133,249.068387014724,71.2521443004183,74.8485270165324,9.0,240;4558;5603;6694;7646;8903;10109;11320;12514,61.98817;79.95737;185.0011;249.0702|989;312;456;444,1.0,0.0258239445236818,0.0094446405751073,0.0089559934160435,0.0263429697340994,-0.0144977575551363,0.0097155339811744,4.10128976875927,1.0,0.151143790849673,4.43655154104598,3.0,0.504901960784314,4.3180652478458,3.0,0.343137254901961,0.0542921419071366,1.26526302443199,0.131415385743029,0.881353785825473,-0.335261772286712,0.143974573426175,0.841714199541816,0.341651062127541,0.466417224801054,-0.216775479086527,0.0307658741640013,1.51193074060493,0.121296537666856,0.9161515956185,-0.118486293200185
252.04615298606765,410.6794545454546,0.96816748380661,Sulfamethoxazole,4.880654570573547,4.431794610260489,4.75045030142088,4.792337902049535,0.4488599603130581,0.0883166685240119,-0.3605432917890461,0.2286937484936763,0.6407457069796432,0.1611565188869718,0.7927521222994656,0.3047369089233879,0.5160749419998221,0.9029448569380816,0.0443387713462468,0.9594490591941168,0.0179780786650326,0.8809604279342232,0.0550435993243742,ID259,FT0259,410.798430960455,252.045942797617,Captopril;Captopril;Captopril (Capoten),,252.044413635164,252.046711518833,409.638814024915,411.360250785692,11.0,241;1608;3144;4560;5605;6695;7647;8904;10110;11322;12516,59.01361;88.04003;141.0153;170.0426|7689;35095;400;3353,1.0,-0.0444061987978415,0.0278883977487531,0.0034840517362541,0.0096659111493397,-0.0168569412922908,-0.0117451208025955,5.01093102032469,3.0,0.713235294117647,4.37930094249338,3.0,0.469771241830065,4.87620607080813,3.0,0.684640522875817,0.0009607366195226,3.01739565537563,0.0067588663934842,2.17012613842794,0.631630077831318,0.0052949589656761,2.27613740119379,0.0511704834442941,1.29098047991674,0.134724949516562,0.0021370042644349,2.6701946111917,0.0205258076289106,1.68769974568824,0.496905128314756
254.96736589531997,373.797,0.9722474813461304,Unknown,5.215669634781741,4.930775999307227,5.110369378154196,5.145391757453585,0.2848936354745142,0.0702778773281558,-0.2146157581463583,0.1360205818573913,0.8663953716975008,0.3047979645532232,0.5159879375498091,0.2113354107445913,0.6750277277347201,0.9029448569380816,0.0443387713462468,0.9594490591941168,0.0179780786650326,0.8906584929769418,0.0502887864752479,ID261,FT0261,372.824459892294,254.967051592213,,,254.966273520427,254.968265549015,371.715670137148,375.24858177186,11.0,244;1611;3148;4563;5607;6698;7649;8906;10114;11325;12519,58.83889;59.01427;156.9901;255.2321|489;184873;1637;458,1.0,-0.0211813854939601,0.0273731025214975,0.0241393187665626,0.0147790242691832,-0.0175708385892621,-0.01383718074293,5.38444350055532,3.0,0.83578431372549,5.05341753631401,3.0,0.788398692810457,5.36122775357785,3.0,0.848856209150327,0.0481724517075109,1.31720124997065,0.120313720695194,0.919684842465452,0.331025964241314,0.858181074610423,0.0664210671546508,0.915797471845752,0.0382005597217903,0.0232157469774705,0.0487416552389469,1.31209972650676,0.165835310973326,0.780322990504159,0.307810217263843
255.40294187714045,49.35972727272727,0.9739429354667664,Unknown,5.9539466055699215,6.304379922988854,6.118120189148194,5.552032947439923,-0.3504333174189327,0.4019136581299989,0.7523469755489316,0.2532674620316702,0.5964206016337994,0.5618325723634912,0.2503930860891217,0.3269528130492684,0.4855149216854686,0.9029448569380816,0.0443387713462468,0.9594490591941168,0.0179780786650326,0.905208437129416,0.0432514067923508,ID263,FT0263,48.2767788915768,255.233030339679,Ethyl tetradecanoate;Isopalmitic acid;Palmitic acid,+,255.230955037638,255.233568243562,47.5762023415852,49.4340329129214,11.0,245;1613;3150;4566;5609;6699;7651;8908;10115;11326;12521,183.1372;237.2216;254.4519;255.233|296;1638;789;385418,1.0,0.0190036132629503,-0.0004201168760371,-0.0141230359260179,0.0076164401702167,-0.0091975150128395,-0.0042699697445559,5.9832416027379,3.0,0.951797385620915,6.27447967167214,3.0,0.976307189542484,6.14653968321244,3.0,0.970588235294118,0.001653622841181,2.78156353751142,0.0100670472262396,1.99709789403417,-0.29123806893424,0.0022353312939627,2.65065810184865,0.0288998987613305,1.53910367860928,-0.163298080474532,0.0171857853613597,1.76483061654908,0.0838214901973837,1.07664462244816,-0.127939988459707
255.58300580727092,417.4006,0.8730139136314392,Unknown,4.820430949887451,4.527611446829365,4.14765781905505,4.926279503472402,0.2928195030580864,-0.1058485535849502,-0.3986680566430367,0.0692046754252744,1.159864563884201,0.2559009009701694,0.591928185055823,0.0234002557639713,1.6307793957405237,0.9029448569380816,0.0443387713462468,0.9594490591941168,0.0179780786650326,0.8906584929769418,0.0502887864752479,ID265,FT0265,416.754553536752,256.083484303802,Pesticide9_Formetanate HCl_C11H15N3O2 . HCl_3-{[(E)-(Dimethy,,256.083422214152,256.083546393452,416.74303096409,416.766076109414,2.0,247;10116,,0.0,-0.003209060749066,0.0172882023681518,0.0317823381508359,0.0201515107142417,0.0243006877946967,0.0053741841535381,3.6175568695873,1.0,0.0106209150326797,3.51721353769931,0.0,0.0024509803921568,3.65406805001327,1.0,0.0106209150326797,0.373900966300059,0.427243412464819,0.484179615133447,0.314993499118616,0.100343331887994,0.840173575201057,0.0756309818373458,0.906352836868997,0.0427027015785237,-0.036511180425963,0.373900966300059,0.42724341246482,0.561573265987348,0.250593575220363,0.136854512313957
258.8908145359757,419.6731000000001,0.8783125877380371,Unknown,5.9978476705862525,5.76301649992818,5.783529561567059,5.475880953899934,0.2348311706580723,0.5219667166863182,0.2871355460282458,0.1652648517878834,0.7818195015264762,0.1577786365555121,0.8019518012163065,0.3600727067201908,0.4436097966238267,0.9029448569380816,0.0443387713462468,0.9594490591941168,0.0179780786650326,0.8807334056974399,0.0551555308114101,ID271,FT0271,418.089760202595,258.087793505953,Lenalidomide;Lenalidomide;Cerulenin,,258.083804041873,258.089076465041,418.056777967071,418.72590120743,4.0,252;1620;3158;10122,,0.0,-0.0290749088133128,-0.0071887220494865,0.0432139954102969,-0.0022025703448308,0.0261176060301716,0.0284883789634787,4.15119976511692,3.0,0.183823529411765,3.6853082803773,0.0,0.0433006535947712,3.7856516122653,1.0,0.0334967320261438,0.0006456801502298,3.18998256465216,0.005144061064414,2.28869388460548,0.465891484739616,0.0304261662560874,1.51675276596968,0.156195644086237,0.806331081698724,0.365548152851622,0.373900966300059,0.427243412464819,0.561573265987348,0.250593575220363,0.100343331887994
260.65217705889995,50.86272727272728,0.8194264769554138,Unknown,3.641760636921461,4.32290158654188,4.338340095443419,4.036208401514814,-0.6811409496204188,-0.3944477645933526,0.2866931850270662,0.046992570535751,1.3279707980296451,0.16563960675272,0.780835809232968,0.3193282570524118,0.4957626494563029,0.8066668867565213,0.0933057702469216,0.9594490591941168,0.0179780786650326,0.881195617434593,0.0549276714494428,ID275,FT0275,51.445467678346,259.154850113392,3-hydroxy-2-octylpentanedioic acid;NCGC00380346-01!2-(7-hydr,,259.153646406051,259.156464254098,50.6577245882418,52.1502271705646,10.0,255;1624;4572;5615;6705;7661;8918;10125;11335;12531,,0.0,0.013234216095662,0.0170840301930217,0.0086514287074356,0.0123506562260201,-0.0236939572144372,-0.001636737112264,3.9254684087993,2.0,0.0678104575163399,4.08591483122635,3.0,0.271241830065359,4.11049249615825,3.0,0.195261437908497,0.291990029437054,0.534631978121441,0.423206092571023,0.373448088725872,-0.16044642242705,0.251033021762484,0.600269146144682,0.459590160715141,0.337629277618351,-0.185024087358951,0.738970492362486,0.131372902958353,0.848479480435105,0.0713586561648815,0.0245776649319005
265.1487295079213,37.88372727272727,0.99058997631073,Unknown,6.735390069909367,6.332136963601312,6.819992403596769,6.542093679735473,0.4032531063080551,0.1932963901738942,-0.2099567161341609,0.1604752758840918,0.7945918690175074,0.1626858041692459,0.7886503415925733,0.3956281727347028,0.4027127898059657,0.9029448569380816,0.0443387713462468,0.9594490591941168,0.0179780786650326,0.881195617434593,0.0549276714494428,ID283,FT0283,38.1907274644778,265.148771037228,Dodecyl sulfate,+,265.148018174172,265.149243601686,37.0988129800163,38.9198639693722,11.0,262;1629;3167;4578;5621;6710;7669;8924;10131;11339;12536,79.71793;79.9574;80.96553;95.95181;96.66809;96.96042;97.57337;109.9666;123.9828;151.0068;165.0239;179.0385;193.0525;207.0685;264.3369;265.1495;265.7168;266.0141;266.1584|560;225493;1237;42992;6261;2415291;974;1209;303;341;2098;624;510;240;4546;1886363;384;1919;1355,1.0,-0.0097392925394863,-0.0124988380401268,0.0075940076912559,0.0581224524845761,-0.0085239702323605,-0.0077716213653118,6.77153181176309,3.0,0.98937908496732,6.66552098027581,3.0,0.986928104575163,6.5756865065403,3.0,0.986111111111111,0.34622525016134,0.460641262266942,0.480402509739438,0.318394732403308,0.106010831487283,0.19322726733255,0.713931587980174,0.401266401691675,0.396567202515776,0.195845305222793,0.444755059096373,0.351879103108811,0.630785730945007,0.20011813944259,-0.0898344737355101
267.40232817441114,35.86125,0.6258273720741272,Unknown,3.4744301913485587,3.375808142393034,4.531273186346865,3.965287077436368,0.0986220489555247,-0.4908568860878093,-0.589478935043334,0.7153427363495848,0.1454858283508229,0.1183145599051473,0.9269618073807622,0.0375861591430657,1.4249720517322495,0.959917187136518,0.0177662322947743,0.9594490591941168,0.0179780786650326,0.8736672380768721,0.0586539497285545,ID285,FT0285,38.1907274644778,267.145270573746,Valerylcarnitine;Histidinyl-Isoleucine;Histidinyl-Leucine,,267.141926036788,267.1477652512,37.0988129800163,38.9198639693722,11.0,264;1631;3169;4580;5623;6712;7671;8926;10133;11341;12538,79.95666;81.9545;84.9894;95.9531;96.96027;97.95761;98.65619;98.95587;167.0355;266.3231;267.1426;267.1481|225;1531;174;48;3222;463;60;17960;36;60;1588;16698,1.0,-0.0086124973646717,-0.0126918729980893,0.0052499978624715,0.056314308987128,0.0188326033714782,-0.0067660118304629,5.42598454480994,3.0,0.850490196078431,5.33750282594456,3.0,0.871732026143791,5.25622288796551,3.0,0.816176470588235,0.32112125754477,0.493330944110187,0.455016340195946,0.341973007014295,0.0884817188653813,0.344897709100705,0.462309690318682,0.537705199155324,0.269455764241587,0.169761656844434,0.620024577000232,0.207591095269432,0.765681144295525,0.115952047733325,-0.081279937979053
271.08327347150896,439.5344,0.814064085483551,Arbutin; Pyrinuron,4.0221844238783175,4.203609520850661,4.223205572897802,4.2791814985202805,-0.1814250969723438,-0.256997074641963,-0.0755719776696191,0.3559237559160749,0.4486430243059233,0.1055218379887463,0.9766576528159512,0.6501871649875247,0.1869616079406477,0.916331590195946,0.0379473410337079,0.9633081197738416,0.0162347790078124,0.8655999289281896,0.0626827878961198,ID293,FT0293,438.752882971149,272.085668789631,5-Hydroxymethylcytidine,,272.084774717176,272.08731332677,437.49151851438,451.735752255146,11.0,271;1637;3175;4583;5627;6715;7677;8931;10139;11345;12543,74.02426;104.0344;109.0411;127.0503;145.0613|2182;1788;690;1821;3753,1.0,-0.0128086670472259,-0.0060203854553068,-0.0196559790331819,-0.0220712544105147,0.0020902060369138,0.0004304965030511,4.45462117938118,3.0,0.397875816993464,4.30599126981977,3.0,0.424019607843137,4.37050143646027,3.0,0.377450980392157,0.28229496894573,0.549296861770112,0.413642932572123,0.383374391549708,0.148629909561406,0.534436913121334,0.272103553131196,0.670737829466776,0.173447198854867,0.0841197429209082,0.385211789282112,0.414300429902078,0.57339560981151,0.241545636541147,0.0645101666404981
271.8294163388851,486.466625,0.6269409656524658,Unknown,4.413933606653119,4.001151915976604,3.3452659809765475,3.858942685938239,0.4127816906765149,0.55499092071488,0.142209230038365,0.1509351792655463,0.8212095250999257,0.1746165185536277,0.7579146748494866,0.6868901001775093,0.1631127428596447,0.9029448569380816,0.0443387713462468,0.9636174359089608,0.0160953503813109,0.881195617434593,0.0549276714494428,ID292,FT0292,486.629118897603,272.086148690394,5-Hydroxymethylcytidine,,272.084149858189,272.08779144779,485.924141937736,487.154824339834,9.0,270;1636;3174;4584;5628;7676;8930;11346;12544,143.0437|96,1.0,-0.047769745205833,-0.0288150480326515,-0.0276963649225013,-0.0063224276875069,-0.0450744385899311,-0.0135411122451623,4.55223052534855,3.0,0.466503267973856,3.97060448917163,2.0,0.196895424836601,4.04476650068122,2.0,0.144607843137255,0.0355685000039328,1.44893444951062,0.0974690330403899,1.0111333424129,0.581626036176919,0.0729892811336271,1.13674091366472,0.254944253519852,0.593554772646281,0.507464024667331,0.710364344784021,0.148518845163238,0.826070194970824,0.082983047118828,0.0741620115095878
273.0287462337255,219.0222857142857,0.5674650073051453,Unknown,4.070228941974025,4.196335514623523,4.316492824892313,4.121582195057727,-0.1261065726494976,-0.0513532530837022,0.0747533195657954,0.3652623085082895,0.4373951404116978,0.7810786949631132,0.1073052080350018,0.6803283606140494,0.1672814243775816,0.916331590195946,0.0379473410337079,0.9636174359089608,0.0160953503813109,0.9540608526408736,0.0204239239087996,ID294,FT0294,217.701900604303,273.028485677764,Nigakinone;Cystathionine sulfoxide;Hydroxyzileuton,,273.027708283021,273.029249896051,211.181183336494,220.54889664844,11.0,272;1639;3176;4585;5629;6716;7678;8932;10140;11347;12545,59.01377;71.04996;115.0392;153.9936;167.0026;169.0162;213.0065|475;614;862;310;1224;1977;2755,1.0,0.015632822521979,0.0059451354677991,0.0159654495305962,0.0218503627179724,-0.0200159576922884,-0.0201327234545606,4.33096807026623,3.0,0.304738562091503,4.52133185060162,3.0,0.559640522875817,4.45419787924782,3.0,0.433006535947712,0.286325079664665,0.543140609774643,0.417514025256475,0.379328930984723,-0.190363780335392,0.471898387605339,0.326151506563176,0.624924445302907,0.204172486610372,-0.123229808981587,0.408707901196707,0.388586966367287,0.598282958605882,0.223093367354899,-0.0671339713538055
274.10334613114884,462.28780000000006,0.8660550117492676,Norophthalmic acid; N2-gamma-Glutamylglutamine; Glutaminylglutamic acid; Glutamylglutamine; Glutamyl-Gamma-glutamate; N-gamma-Glutamylglutamine,3.879979336874551,4.210685862887743,4.251733575996376,4.472416310475793,-0.3307065260131927,-0.592436973601242,-0.2617304475880493,0.0964734598334924,1.0155921460673163,0.0001429033319875,3.844957644918337,0.142783880927337,0.8453208179060624,0.9029448569380816,0.0443387713462468,0.9594490591941168,0.0179780786650326,0.2718385670898965,0.5656889277135196,ID295,FT0295,462.378156834315,274.102880355085,Glu-Gln;gamma-Glutamylglutamine;Norophthalmic acid,+,274.101579588278,274.104057883507,461.55630388387,463.524879238145,11.0,273;1641;3177;4586;5630;6717;7679;8933;10141;11348;12546,74.02436;101.073;128.035;141.0656;145.0616;155.0827;181.0598;212.1049;256.0928|1059;1701;828;1070;1891;352;1007;404;576,1.0,0.0096095407380094,0.0602722396629687,-0.0300664886892308,0.0073934860322025,-0.0038507840372881,-0.0327836387366028,3.99600622790723,3.0,0.0890522875816993,4.12954412653198,3.0,0.297385620915033,4.5917791776951,3.0,0.523692810457516,0.0807160249663857,1.09304023400692,0.171860846078871,0.764823054486517,-0.133537898624745,0.0001521608253701,3.8176971446447,0.0068947657706256,2.16148048311434,-0.595772949787873,0.0005747726532271,3.24050390309012,0.0081799961745867,2.08724689942846,0.462235051163128
275.7728299678757,423.6624,0.8124287724494934,Unknown,3.935358642143556,3.531383773487501,4.179539070531278,3.555053842323592,0.4039748686560545,0.3803047998199642,-0.0236700688360902,0.058500005777595,1.2328440910258958,0.3958821556191343,0.4024340736223836,0.952669380466503,0.0210577931199084,0.8877018384890114,0.0517328806662789,0.9943694462207052,0.0024522286359298,0.8994679735769128,0.0460142955162495,ID297,FT0297,423.92567698702,276.068855120693,"7,8-Dihydroneopterin;Ganciclovir;Nicotinamide riboside",,276.067646631013,276.070104617979,422.019538900031,424.559725695,8.0,275;1644;3181;7681;8935;10143;11351;12549,59.01419;75.00898;85.03012;89.02362;131.0346;135.0278;161.0457;179.0571|547;540;156;168;132;794;402;863,1.0,-0.0235523455454934,0.0356321625690201,0.0101666455791132,0.0049956737864734,0.0001282830399236,-0.0075176411880374,4.15094417523444,3.0,0.183006535947712,3.78031196754246,0.0,0.0923202614379085,4.21606774633399,3.0,0.258986928104575,0.0003763895437095,3.42436244999588,0.0034378963548722,2.46370722048944,0.370632207691973,0.157031032126042,0.804014514792303,0.357238204911976,0.447042101588659,-0.0651235710995559,1.33877862027061e-05,4.87329123175842,0.0005579838035199,3.25337840705527,0.435755778791529
283.1325989493876,92.5454,0.7538045048713684,"16-Oxoestrone; Estrone-2,3-quinone; Estrone-3,4-quinone; (S)-17-Hydroxy-9,11,13,15-octadecatetraynoic acid; 3-(4-Carboxybenzylidene)camphor; Siguazodan",5.21494437164785,5.291932383638052,5.434875654518175,5.451343898235823,-0.0769880119902017,-0.2363995265879728,-0.159411514597771,0.7425295250211921,0.1292862729213919,0.5000838307697868,0.3009571872859288,0.677130224340879,0.1693278006295331,0.9721332827797056,0.012274187740873,0.9636174359089608,0.0160953503813109,0.8994679735769128,0.0460142955162495,ID304,FT0304,94.2282893952494,284.12098246919,Desmethylnortriptyline;Isothipendyl;Glycylprolylhydroxyproli,,284.120368563815,284.122321011975,92.3800135015336,96.1457687628976,9.0,1653;3192;4598;6723;7689;8943;10150;11357;12555,,0.0,0.0118291538372791,0.032897788002686,-0.0042681815954436,-0.0595280736990557,-0.0593641749626905,-0.036144404534035,4.34781623387523,2.0,0.314542483660131,4.46182856104821,2.0,0.524509803921569,4.70742059059355,3.0,0.586601307189543,0.614658501586544,0.211366107100958,0.696265703774588,0.157224996506564,-0.114012327172975,0.263647908876597,0.578975668925563,0.472663684885065,0.325447763594858,-0.359604356718316,0.473578832250385,0.324607717692024,0.652666231858607,0.18530885658064,0.245592029545342
283.63977224859167,412.36,0.6982496976852417,Unknown,4.502123003140926,4.133426124878073,4.226833444099069,4.6170698673678405,0.3686968782628526,-0.1149468642269146,-0.4836437424897672,0.257971919169207,0.5884275654072442,0.6863333178014934,0.163464917929789,0.0187642175284795,1.7266695410376722,0.9029448569380816,0.0443387713462468,0.9594490591941168,0.0179780786650326,0.930055866875694,0.0314909633308911,ID301,FT0301,412.653070809724,283.108771215897,Isoleucyl-Methionine;Leucyl-Methionine;Methionyl-Isoleucine,,283.106604946828,283.110521888535,411.360250785692,413.379040240199,5.0,282;1651;3190;7687;10147,59.01431;88.0405;112.0502;130.0619;152.045;199.0715;241.0942;283.118;283.2665|245;13124;369;1835;156;113;341;84;307,1.0,-0.0280299582333577,0.0062937926140118,0.0503312557173692,0.0273225861863899,0.0362113863258304,0.0107848901190518,4.6815074631552,3.0,0.541666666666667,4.22595534096844,0.0,0.368872549019608,4.41144644946679,1.0,0.405228758169935,0.0003707395044179,3.43093113493983,0.0034307663370371,2.46460885990683,0.455552122186761,0.228163755689435,0.641753343065198,0.442410620983687,0.354174455439255,0.270061013688409,0.373900966300059,0.427243412464819,0.561573265987348,0.250593575220363,0.185491108498352
285.6480588261047,47.7333,0.672698974609375,Unknown,5.591914060405922,5.076659565520576,4.3382021788387215,5.628583728360823,0.5152544948853457,-0.036669667954901,-0.5519241628402467,0.2451186752310784,0.6106235992300422,0.9498429914350038,0.0223481774362005,0.3434301176069035,0.464161621414652,0.9029448569380816,0.0443387713462468,0.9594490591941168,0.0179780786650326,0.9946731882040908,0.0023195884742269,ID305,FT0305,47.0774875635053,284.26764498136,,,284.26684805858,284.269394040374,46.4923155416093,48.0130371796126,11.0,285;1654;3193;4599;5639;6724;7690;8944;10151;11358;12556,,0.0,-0.0045907309361874,-0.0194535674359179,-0.0087909171723644,0.0317813867045248,-0.0189829620420489,-0.0150491950470159,5.37906195677222,3.0,0.82843137254902,5.37359357951871,3.0,0.880718954248366,5.21413117220623,3.0,0.805555555555556,0.948477502999895,0.0229729657124568,0.95883902194023,0.0182542997651429,0.0054683772535018,0.0066905100919372,2.17454076987515,0.0603144491870163,1.21957863395484,0.164930784565981,0.12770813151125,0.893781449188942,0.282278328495441,0.549322462894966,-0.159462407312479
286.97732949263434,379.0357,0.870217502117157,Unknown,4.749433566333791,4.839968690792454,4.866333884370493,5.019549747103143,-0.0905351244586629,-0.2701161807693513,-0.1795810563106883,0.5233627228567774,0.2811972137445496,0.0013753878656906,2.861574811524339,0.2633873920489309,0.579405017888391,0.9241583043832848,0.0342536296116762,0.9594490591941168,0.0179780786650326,0.3988689090222418,0.3991698146962136,ID307,FT0307,377.781027826087,286.977604733279,Bauerine C,,286.975748040564,286.978356734608,376.633538299653,379.793855870625,11.0,287;1656;3195;4601;5641;6726;7692;8946;10155;11361;12558,64.97061;79.95721;80.96523;106.9802;124.007|797;45107;468;649;125492,1.0,0.0021057631372531,0.0243832406170315,-0.0302444557085589,0.0132055340820853,-0.0140153438170172,0.0010710699174694,4.80658739576983,3.0,0.616013071895425,4.86920960247503,3.0,0.723856209150327,5.05844063348747,3.0,0.752450980392157,0.633333526108094,0.198367521575777,0.711391439690044,0.147891365067788,-0.0626222067052042,0.0010054365410837,2.99764533503925,0.0184025354792302,1.73512233629601,-0.25185323771764,0.192332290747974,0.715947795759576,0.366152990706175,0.436337414232621,0.189231031012436
293.5352497661906,70.87690909090908,0.9384700655937196,Unknown,5.109797168550512,4.823902947242344,5.063751600954378,5.101805169904009,0.2858942213081681,0.0079919986465029,-0.2779022226616652,0.4183827999865522,0.378426177927763,0.887029160223123,0.0520621029238196,0.4297404348583897,0.3667937810387002,0.9241583043832848,0.0342536296116762,0.9594490591941168,0.0179780786650326,0.968425711262804,0.0139336887559887,ID321,FT0321,72.8902280250841,294.179245201481,,,294.179245201481,294.179245201481,72.8902280250841,72.8902280250841,1.0,12570,,0.0,-0.0009172688182189,0.0091322194587883,-0.0199150994452243,0.0059282976438354,0.0131552352730413,0.0117944761282132,4.15768675726008,0.0,0.187908496732026,4.15768675726008,0.0,0.315359477124183,4.25803008914808,1.0,0.302287581699346,,,,,,0.373900966300058,0.427243412464821,0.537705199155324,0.269455764241587,-0.100343331887994,0.373900966300058,0.427243412464821,0.561573265987348,0.250593575220363,0.100343331887994
293.5764936507342,37.4393,0.8758769631385803,Unknown,5.38837231101004,5.531634729138754,5.96696557454208,5.528576754817851,-0.1432624181287138,-0.1402044438078107,0.0030579743209031,0.8545541624571049,0.0682604060728015,0.8566827990662131,0.0671799530076659,0.988613981397776,0.0049732518552475,0.9958036908894162,0.0018262683699224,0.9974484128512096,0.0011095563864819,0.9595219618003972,0.0179450805641829,ID315,FT0315,37.4831038081114,293.179173182209,Sodium Tetradecyl Sulfate;MMV021013;Gingerol,,293.178090059297,293.179795213185,36.6335226468514,38.9198639693722,11.0,297;1662;3206;4606;5645;6731;7700;8955;10163;11368;12565,79.95713;95.95151;96.66898;96.96037;165.0215;292.2811;293.1796;294.0455|23006;4648;1030;442762;239;1601;639943;367,1.0,-0.0095867694314194,-0.031412471961318,0.0316028487664813,0.0465303797831794,-0.0220438426572926,-0.0156830798000516,5.99264524400371,3.0,0.95343137254902,5.86812410858342,3.0,0.956699346405229,5.61691948944375,3.0,0.913398692810457,0.323248357692301,0.490463672934755,0.456137154124605,0.340904551363281,0.124521135420282,0.0413282612553049,1.38375286578316,0.191422025219218,0.718008093305028,0.375725754559957,0.0928868406273898,1.03204580858675,0.257553320767883,0.589132846164416,-0.251204619139675
294.157059347364,412.8835454545455,0.9242113828659058,Unknown,4.583181119438145,4.449689510692678,4.592657747735082,4.661599711113394,0.1334916087454676,-0.0784185916752484,-0.211910200420716,0.8647104620750108,0.0631292864922161,0.1957344802528122,0.708332663026184,0.788269289299435,0.1033253930712645,0.9958036908894162,0.0018262683699224,0.9706578929929058,0.0129338096026886,0.881195617434593,0.0549276714494428,ID318,FT0318,411.286014459847,294.067370435636,Lenalidomide;Lenalidomide;5-Hydroxymethylcytidine,,294.066309290685,294.068835481514,409.638814024915,412.031252283315,11.0,298;1664;3209;4608;5647;6733;7704;8958;10166;11371;12568,59.01312;88.04012;112.0507;130.0618;170.0435;194.0529;212.0649|1243;39821;680;10787;1435;216;2299,1.0,-0.0090298069640669,0.0134854474215068,-0.0102262004850806,0.0029411117548253,-0.0128390425500739,-0.0053953180686827,4.67917975893354,3.0,0.540032679738562,4.56466378123165,3.0,0.579248366013072,4.73009473177188,3.0,0.601307189542484,0.157964761799539,0.801439783063541,0.26878586767305,0.570593569520595,0.114515977701892,0.193873336351124,0.712481915892081,0.401266401691675,0.396567202515776,-0.0509149728383385,0.0621333768046103,1.20667504284984,0.197617809818553,0.704173918263699,0.16543095054023
296.97253758775486,43.85027272727273,0.9601241946220398,Unknown,5.705446422041876,5.734851449993241,6.23682013081329,5.5487756270931,-0.0294050279513644,0.1566707949487762,0.1860758229001406,0.9527775296051842,0.0210084938463847,0.8195599671589793,0.0864192636268322,0.7379335903627757,0.1319827203405456,0.9958036908894162,0.0018262683699224,0.9657248817257064,0.0151465789323381,0.95855510622905,0.0183829149786565,ID324,FT0324,43.5323000066201,297.1538784084,C10-LAS (TENTATIVE);Auraptene;8-(4-hydroxyphenyl)-3-methoxy-,+,297.152147376721,297.156622322435,42.4258540372862,44.0725538754964,11.0,304;1671;3214;4612;5651;6736;7707;8962;10169;11376;12573,79.95729;80.96423;119.0498;133.0653;155.9879;170.0042;182.4545;183.0122;183.692;184.0192;195.0108;196.0201;197.027;198.0347;211.0426;212.0508;225.0582;226.0662;233.1914;239.0745;240.0813;253.0892;254.098;267.1066;281.1206;296.2424;297.153;298.0232;298.2241|31507;838;80978;6276;14367;46619;5781;2590036;670;130935;4851;3953;109737;27809;10630;9755;19529;6418;12471;18625;3770;4829;1655;2499;696;6214;3292045;968;1081,1.0,0.0042267394033377,-0.0257416029458362,0.0295746287123592,0.0218085244061208,0.0189815467210309,-0.0353977060841384,6.21401332625721,3.0,0.973039215686274,6.26544527423552,3.0,0.975490196078431,6.02555512201807,3.0,0.964052287581699,0.529158138920756,0.276414519652344,0.625926768525477,0.203476474913692,-0.0514319479783056,0.244249208440251,0.612166835062978,0.457446579528409,0.339659615413133,0.188458204239145,0.173862647325597,0.759793711860587,0.342154653337219,0.46577754917948,-0.23989015221745
297.3343395334248,380.9135555555556,0.7062102556228638,Unknown,4.271278675198191,3.881741773712709,4.266429323897082,3.364258035489041,0.3895369014854819,0.9070206397091508,0.5174837382236688,0.27980058481518,0.5531513821181718,0.1077044180431136,0.9677664815451824,0.2639446596218227,0.5784871206311478,0.908580796675435,0.0416364464626498,0.9594490591941168,0.0179780786650326,0.8655999289281896,0.0626827878961198,ID323,FT0323,379.010024806877,296.132863251451,Arginyl-Threonine;Threoninyl-Arginine;Oripavine,,296.129590871462,296.135504985543,377.929440801185,380.509477404127,10.0,301;1669;3212;4611;5649;6735;7705;8960;11374;12572,59.01412;71.01328;85.02985;89.02456;101.0241;113.0237;116.0712;119.0344|30030;8323;953;9325;1446;1851;69623;2545,1.0,-0.0273003681084754,-0.051142171019267,0.0074931183404696,0.0016138474486348,-0.0475765880440928,0.0152385909677355,4.57882345432274,3.0,0.480392156862745,4.24540777374401,3.0,0.397058823529412,3.9478147452996,2.0,0.0874183006535948,0.0064683959598597,2.18920340281655,0.0266489052729838,1.57432062692512,0.333415680578732,0.0050902267376393,2.29326287214016,0.0496275914634727,1.3042768015608,0.631008709023142,0.0758850802239138,1.11984360240964,0.227655240671741,0.642722347689981,-0.29759302844441
299.3747291375644,471.718,0.6623534560203552,Unknown,3.676798717116293,3.397830784748448,3.7117772256624,3.072243098133925,0.2789679323678449,0.604555618982368,0.3255876866145231,0.7223032395174291,0.141280437332165,0.4373545926981479,0.3591663085510004,0.6011884146947362,0.2209893971513744,0.9641454531443872,0.0158574425154293,0.9594490591941168,0.0179780786650326,0.8994679735769128,0.0460142955162495,ID333,FT0333,469.966547168213,300.047238859934,N-Acetyl-D-Glucosamine 6-Phosphate;N-Acetyl-D-mannosamine 6-,,300.045405942952,300.048830916565,468.802365607877,470.672728528412,10.0,310;1679;3220;4617;5655;7713;8967;10174;11381;12578,78.95906;96.96934|11440;2730,1.0,-0.0278943416604022,0.0060288959503058,-0.0133971713231642,0.0103735884489605,-0.0134832094420752,0.0071094961500064,4.43125414346643,3.0,0.374183006535948,4.07416763245458,2.0,0.259803921568627,4.28598579936851,3.0,0.321078431372549,0.0364911665445462,1.43781225294773,0.0996509931513351,1.00151836863439,0.357086511011845,0.0060764109848026,2.21635285982642,0.0569015850359814,1.24487563584056,0.145268344097917,0.143010240297717,0.844632863614922,0.297491890244983,0.526524868825714,0.211818166913928
304.11455749023213,466.7956363636364,0.9661149978637696,Unknown,4.468591117958828,5.121068196221576,5.134289788005979,5.202675452395948,-0.6524770782627485,-0.7340843344371208,-0.0816072561743723,0.1900345124322889,0.7211675190589014,0.0007041318248906,3.1523460262796155,0.8316551646807964,0.0800567111132039,0.9029448569380816,0.0443387713462468,0.9706578929929058,0.0129338096026886,0.3988689090222418,0.3991698146962136,ID336,FT0336,466.638017638522,304.114450012805,2-(4-Methyl-5-thiazolyl)ethyl octanoate,,304.113626028728,304.115563070011,465.507561664786,467.78081101847,9.0,312;4619;5657;6742;7716;8969;10178;11384;12580,58.0299;70.03028;74.02437;82.02971;84.04488;85.04043;87.05646;97.0403;99.05646;112.0413;113.0355;123.056;124.0397;127.0506;128.0348;131.0461;139.0151;141.0663;145.0607;146.0455;167.045;180.0776;181.0618;185.0566;198.0881;242.0779;260.0885;304.115|2706;4820;18592;4552;1009;1597;17788;1654;703;2440;2626;4968;6487;1806;10580;13305;669;43783;1234;904;33039;5656;525;3856;21501;27995;3282;2782,1.0,0.0680677636616058,0.0498737744890286,-0.0457105747769295,0.0530468687246878,-0.035271295461061,-0.0378714357022916,4.37192923654484,1.0,0.331699346405229,5.36072070992344,3.0,0.876633986928105,5.32804672717559,3.0,0.839052287581699,0.0027367858580096,2.56275918297829,0.0143447965994607,1.8433056054074,-0.988791473378598,0.0028879952109654,2.5394035312731,0.0342029236749638,1.4659367687499,-0.956117490630746,0.444142810598947,0.352477363482918,0.630785730945007,0.20011813944259,-0.0326739827478519
305.0234539187267,400.29118181818177,0.9476724863052368,Unknown,7.132806832601265,7.044546898334201,7.179403346053007,7.170415702877328,0.0882599342670635,-0.0376088702760633,-0.1258688045431268,0.5502495703763569,0.2594402878627568,0.4898903876001079,0.30990108198312,0.4127790682532681,0.3842823336012568,0.9241583043832848,0.0342536296116762,0.9594490591941168,0.0179780786650326,0.8994679735769128,0.0460142955162495,ID339,FT0339,396.81240566878,305.023026969357,2-Chloro-6-O-methylnorlichexanthone;4-Chloro-6-O-methylnorli,,305.022132374083,305.02428295301,395.414903516149,397.802029049989,11.0,315;1681;3223;4620;5658;6743;7717;8970;10179;11385;12581,58.83858;59.01426;59.40195;97.02742;140.5892;141.0172;223.0201|8766;3626231;1334;696;3829;1405216;9899,1.0,0.0029581355936567,0.0019009496123426,-0.0016598708299045,0.0032554992057446,-0.0118264614783057,-0.0038997008816244,7.14998093464671,3.0,0.995098039215686,7.19275073375105,3.0,0.995915032679739,7.18538871618667,3.0,0.995098039215686,0.2303363614592,0.637637497838764,0.35616277999411,0.448351467488609,-0.0427697991043399,0.338241048731579,0.470773687821013,0.537705199155324,0.269455764241587,-0.0354077815399645,0.750516192626804,0.124639933277333,0.854210396560715,0.0684351470961857,-0.0073620175643753
305.25602581593006,525.47975,0.669765293598175,Unknown,4.219548773219573,4.174545909226292,4.495696805462136,4.1064039833608055,0.0450028639932815,0.1131447898587678,0.0681419258654862,0.8849772752976677,0.0530678810982615,0.7136899967334713,0.1464903903859887,0.6204142531270229,0.2073182334514185,0.9958036908894162,0.0018262683699224,0.9594490591941168,0.0179780786650326,0.9354154293315268,0.0289954708415867,ID340,FT0340,525.655580794236,305.068049881437,Flavanol base + 5O;(-)-Epigallocatechin;(+)-Gallocatechin,+,305.066039178025,305.069948307993,522.61751379929,527.591314235115,11.0,316;1682;3224;4622;5660;6745;7718;8971;10181;11387;12583,58.03003;74.02453;86.02465;97.03991;99.0554;128.0348;135.0556;143.0459;153.0666;175.0169;179.0464;210.0873;272.0879|4101;6892;1841;1590;6679;21528;2651;22635;1825;1444;4964;5122;3848,1.0,-0.0710883979144914,-0.0199256104338914,0.0748347534660117,0.0590261602134145,-0.0383380583495087,0.0571598098672387,5.05626519529725,3.0,0.725490196078431,4.0012225238326,3.0,0.214052287581699,4.14304398861158,3.0,0.207516339869281,0.0198399507944285,1.7024594092854,0.0631414307029033,1.19968558178278,1.05504267146465,0.0284117524595375,1.54650197782109,0.149223465091832,0.826162879553568,0.913221206685673,0.185477364995917,0.731709082583554,0.358958681509511,0.444955538678335,0.141821464778978
305.27129905080534,461.2347000000001,0.8071287870407104,Unknown,4.558000767558551,4.637449015375322,4.595623870463301,4.443085200826858,-0.0794482478167708,0.1149155667316925,0.1943638145484634,0.7386415311128838,0.1315662772075509,0.4567290621961611,0.3403413528557664,0.3953485643133878,0.4030198339801902,0.9692750347520352,0.0135529730762284,0.9594490591941168,0.0179780786650326,0.8994679735769128,0.0460142955162495,ID344,FT0344,460.012400658856,306.077479652316,Glutathione (reduced);Glutathionate(1-);Hallacridone,+,306.075320583889,306.079260274079,451.735752255146,461.170558306475,11.0,319;1684;3226;4624;5662;6747;7721;8974;10183;11390;12585,58.03066;74.02396;99.05711;128.0358;141.0661;143.0456|1317;2328;1731;4361;878;8794,1.0,-0.0620162864803791,-0.0490807829622593,-0.0264171661381203,-0.0277228811327011,0.0219059393334117,-0.0074755319284208,5.37082927264401,3.0,0.827614379084967,4.6083332629352,3.0,0.602941176470588,4.64412883101545,3.0,0.556372549019608,0.0568967270742188,1.24491271523038,0.134510124327186,0.87124502589242,0.762496009708807,0.0593769972396109,1.2263817689367,0.230114757238702,0.638055529172173,0.72670044162856,0.805788781545406,0.0937787832951727,0.893874057094571,0.0487236670675228,0.0357955680802471
307.1023339734583,145.474875,0.6592925190925598,Unknown,4.482631999829795,4.277943741470463,4.366633762630795,4.340004500778092,0.2046882583593321,0.1426274990517031,-0.062060759307629,0.084918867798976,1.0709958048020236,0.3016161883243907,0.5205453527515987,0.6479982474150181,0.1884261687266535,0.9029448569380816,0.0443387713462468,0.9629866308033864,0.0163797421679059,0.8906584929769418,0.0502887864752479,ID347,FT0347,142.590373734196,307.102103600986,Sempervirine;Procaine (Novocaine) HCl;CPP_287.1310_14.5,,307.101785769726,307.10306043932,140.160889332172,145.054690866691,11.0,321;1687;3229;4626;5664;6749;7723;8976;10186;11392;12587,57.03474;59.01418;71.01326;83.04957;85.06523;87.00833;89.02384;111.0444;113.0238;128.6655;129.0557|1815;12891;3763;557;4257;3246;4813;10452;1715;293;84061,1.0,0.0145220914784759,-0.0224266373825491,0.0047700378146678,0.0063005332568217,-0.0186521304648021,-0.0057183146672993,4.69965753647115,3.0,0.552287581699346,4.91637427909979,3.0,0.741013071895425,4.62202101718524,3.0,0.544934640522876,0.0187855247206548,1.7261766696396,0.0605870944743907,1.21761987410845,-0.216716742628637,0.174466083165989,0.758288988908435,0.375008947445755,0.425958370192383,0.0776365192859165,0.0038946313545832,2.40953364408826,0.0299337186620286,1.52383932746052,-0.294353261914553
309.2631660637317,483.91225,0.518652081489563,Unknown,3.942825312598024,3.06752935849802,3.8691039480701415,3.2784331214013096,0.8752959541000047,0.6643921911967148,-0.2109037629032899,0.1158933582216388,0.935941452477688,0.1943815303449669,0.7113450030431397,0.5158591716189195,0.2874688435984562,0.9029448569380816,0.0443387713462468,0.9594490591941168,0.0179780786650326,0.881195617434593,0.0549276714494428,ID348,FT0348,485.577180513579,308.004967764574,PRZ_M310,,308.003725128318,308.005645270207,484.018565289139,486.340083093067,11.0,322;1688;3230;4627;5665;6750;7725;8978;10187;11393;12588,78.95907;96.97256;102.056;176.9395|2191;36;48;36,1.0,-0.0157882574442495,0.019714661147222,-0.0008837856150503,0.0120458934445632,-0.0139192294303058,0.003146847156167,4.66145065602788,3.0,0.529411764705882,4.43043577037665,3.0,0.499183006535948,4.68158625017274,3.0,0.57516339869281,0.0469555766834886,1.32831282130968,0.119677031250502,0.921989192603918,0.231014885651228,0.686537493175643,0.163335740095606,0.795146013189048,0.099553114237024,-0.0201355941448567,0.0210881487795369,1.67596154307319,0.0961323032254671,1.01713065233967,0.251150479796085
309.77159335578745,38.2549,0.8485404253005981,Unknown,6.010756494276639,5.126907105930093,5.016239378267343,4.838217841611299,0.8838493883465457,1.17253865266534,0.2886892643187941,0.2546004337318351,0.5941408608269738,0.1663227026904045,0.7790484664736514,0.7354414137170707,0.133451918059231,0.9029448569380816,0.0443387713462468,0.9657248817257064,0.0151465789323381,0.881195617434593,0.0549276714494428,ID351,FT0351,38.2765882053917,310.179162558666,"Dyclonine;N-(2-Hydroxyisobutyl)-2,4,8,10,12-tetradecapentaen",,310.175858813998,310.181327804748,37.0988129800163,39.5705290072904,11.0,327;1691;3234;4629;5667;6753;7727;8980;10191;11398;12594,,0.0,-0.0036295395211686,-0.0302548652326509,0.0333817606729027,0.0456103996598583,-0.0207802662669082,-0.0082103101552865,5.22444616894112,3.0,0.787581699346405,5.1703058374185,3.0,0.825980392156863,4.89291991277789,3.0,0.695261437908497,0.688325405019523,0.162206201016979,0.756906272612876,0.120957895674546,0.054140331522623,0.0697951857931689,1.15617453232765,0.248709688608106,0.604307296245624,0.331526256163235,0.042380580534422,1.37283309856507,0.150328685360701,0.822958140469677,-0.277385924640612
310.3461522846044,82.32572727272726,0.9052817821502686,Unknown,4.891727003816731,4.279028672744281,4.977223385879821,4.608985838610925,0.6126983310724503,0.282741165205806,-0.3299571658666442,0.1159256161140858,0.9358205872653548,0.605686919348741,0.2177518054286646,0.5719517859759423,0.2426405795411166,0.9029448569380816,0.0443387713462468,0.9594490591941168,0.0179780786650326,0.9183282556596352,0.0370020528513844,ID350,FT0350,80.9589951735888,309.169761787211,"Lysyl-Lysine;3-Hydroxy-6,8-dimethoxy-7(11)-eremophilen-12,8-",+,309.169652297093,309.16987127733,79.5364943724474,82.3814959747303,2.0,11397;12593,99.00721;99.01198;151.0378;152.0842;161.0962;179.1067;193.0831;208.1143;209.1559;221.1974;252.0934;252.1019;265.1801;309.1725|108;36;242;1041;48;36;36;120;952;48;36;48;192;482,1.0,0.0015622481510804,0.0627102541767665,-0.055529476207697,-0.0540714107783119,-0.0291701021810389,0.0479356073091387,4.22595534096844,0.0,0.234885620915033,4.22595534096844,0.0,0.368872549019608,4.77709511002033,2.0,0.626633986928105,,,,,,0.116487948805398,0.933719002003069,0.31408813851289,0.502948464351792,-0.551139769051888,0.116487948805398,0.933719002003069,0.273912994266569,0.562387364590118,0.551139769051888
310.5121125717069,308.0799,0.773876965045929,Unknown,4.526861040586229,3.79563117415146,3.499559980743758,4.388373049968059,0.7312298664347687,0.1384879906181702,-0.5927418758165985,0.1639920563444941,0.7851771883505092,0.2437126445179146,0.6131219377750697,0.2265517775277301,0.6448325259921616,0.9029448569380816,0.0443387713462468,0.9594490591941168,0.0179780786650326,0.8894756286949214,0.0508659469261094,ID352,FT0352,304.41032082746,311.114631327975,Nivalenol;Moringyne;3-Hydroxychavicol 1-glucoside,,311.113698774514,311.116354314132,303.402688356344,305.134158756075,8.0,328;1692;3235;7728;8981;10192;11399;12595,159.047;177.0558;311.1149|4060;1499;2465,1.0,-0.0579640217966234,0.0369532229258419,0.0332880549213862,-0.017386997594214,0.0395125212760889,0.0335796363545773,4.66533299761197,3.0,0.531045751633987,3.76400226416688,0.0,0.082516339869281,4.43624606410973,3.0,0.424019607843137,1.12993964204848e-05,4.94694475459214,0.0003196380944101,3.49534146713584,0.901330733445088,0.0303110881478167,1.51839847247073,0.156195644086237,0.806331081698724,0.229086933502239,0.0003889111945012,3.41014955584937,0.0066744024115133,2.17558761251024,0.67224379994285
311.0784930861026,42.24881818181819,0.9722772240638732,isorhamnetin 3-rutinoside-7-glucoside,6.755248669562483,6.07101929257392,6.788362023349167,6.312496445742483,0.6842293769885632,0.4427522238199994,-0.2414771531685637,0.2238005237687996,0.6501389014107372,0.3631169568514342,0.4399534699109655,0.6819556473413882,0.1662438698321701,0.9029448569380816,0.0443387713462468,0.9636174359089608,0.0160953503813109,0.8971514435284977,0.0471342397461038,ID353,FT0353,42.6271124969951,311.168496687603,C11-LAS (STANDARD MIX);N-Undecylbenzenesulfonic acid;Methyl ,+,311.167432230744,311.16930613938,42.1722091294831,43.5323000066201,11.0,329;1693;3236;4630;5668;6754;7729;8982;10193;11400;12596,79.95733;80.96542;96.95952;98.95511;119.0499;133.0652;155.988;170.004;182.4543;183.0124;183.8535;184.0196;195.0119;196.0196;196.4268;197.0271;198.0351;211.0428;212.0509;225.0582;226.0667;239.0738;240.0815;247.2062;253.09;254.098;267.1044;268.1132;281.1212;295.1367;310.2154;311.1693;312.0456;312.2636;312.3659;312.7438|79231;2010;1031;5275;219058;20623;32931;156873;15492;6729477;3158;289688;13528;13743;827;375531;77592;31650;25174;67422;15896;73153;9543;32600;25213;5463;9160;1913;7908;1625;21510;7193115;8662;5933;1581;1254,1.0,0.0032125341396409,-0.0205721050591881,0.0360992526799476,0.0229115959540319,0.0131232883742395,-0.0334460157346963,6.77700225752033,3.0,0.990196078431373,6.80195243543334,3.0,0.98937908496732,6.59959385841921,3.0,0.987745098039216,0.733335122192329,0.134697514501124,0.794061342931928,0.100145946102147,-0.0249501779130066,0.293490023638665,0.532406656775191,0.499874421161037,0.301139085757573,0.177408399101118,0.268138327863241,0.571641103250291,0.468439264395811,0.329346709680466,-0.202358577014125
313.11312033817137,433.29409090909087,0.96322500705719,Unknown,5.722889417714505,5.597203609326944,5.772900969629244,5.715235922238591,0.1256858083875611,0.0076534954759139,-0.1180323129116471,0.6761151213469878,0.1699793509384299,0.8000320587496351,0.0968926096841805,0.6944587378700674,0.15835355330678,0.9531844808515012,0.0208230371768443,0.9649419929164952,0.0154987933022905,0.9540608526408736,0.0204239239087996,ID358,FT0358,434.005279194993,314.114837634206,(±)-Metalaxyl;Metolachlor OA;Metalaxyl,,314.113081568717,314.115608172756,433.521651880441,435.47671531757,11.0,334;1699;3242;4634;5673;6758;7733;8987;10198;11406;12602,,0.0,-0.0110120730204551,0.0037160275442662,-0.0049358253860739,0.0067436288268,-0.0201871150835271,-0.0019381867375582,4.88707878788963,3.0,0.66421568627451,4.74490649176573,3.0,0.669117647058823,4.83257291112795,3.0,0.658496732026144,0.0218363385722089,1.66082018058232,0.0673395985785897,1.17172947683452,0.142172296123901,0.236128076301018,0.626852370999791,0.450052793456566,0.346736538309022,0.0545058767616782,0.172224272061212,0.763905642200532,0.339995950825576,0.468526255147686,0.0876664193622227
315.2809117921415,450.91010000000006,0.8639412522315979,Unknown,5.120255927515356,4.942389254929755,4.252721594482209,5.077163906799487,0.1778666725856013,0.0430920207158695,-0.1347746518697317,0.181470006414944,0.7411951454207261,0.5802398866314908,0.2363924203996859,0.2607284557819287,0.5838115675479663,0.9029448569380816,0.0443387713462468,0.9594490591941168,0.0179780786650326,0.9093286387276428,0.0412791308685889,ID361,FT0361,450.553142492495,315.080457435382,Febuxostat (Uloric);Distichonic acid A;Distichonic acid B,,315.079442636698,315.081948644792,449.399428043698,451.559973983837,11.0,337;1702;3245;4637;5676;6761;7736;8990;10201;11408;12605,100.0404;102.056;122.0224;124.0372;128.0347;146.0457;152.0194;168.027;186.0267;279.0476;315.0789|8099;58528;776;977;51223;82944;560;39539;641;963;997,1.0,-0.0253298840184897,0.0171097763185539,-0.0002318483665642,0.0075833307423331,-0.0130301639525285,0.0030781993050516,5.20194844488085,3.0,0.77859477124183,4.84519022412872,3.0,0.714869281045752,5.12919415326152,3.0,0.779411764705882,0.0053425600106452,2.27225059089609,0.023284467404312,1.63293369142306,0.356758220752129,0.0644047271750915,1.19108225514465,0.238342484495722,0.622798537856914,0.0727542916193213,0.0105032554438044,1.97867607215354,0.0606796985293054,1.21695658555479,0.284003929132807
316.0798640568749,359.56700000000006,0.8672500252723694,Unknown,4.566014799504585,4.328999125147198,4.534894394839126,4.693295947144101,0.2370156743573872,-0.1272811476395157,-0.3642968219969029,0.0195346028629179,1.7091954135252725,0.117607337710034,0.9295655810867256,0.0067692222125048,2.1694612291320734,0.7082411614248684,0.1498188366004785,0.78769311288477,0.1036429517240523,0.8736672380768721,0.0586539497285545,ID365,FT0365,358.920694654794,317.079640076076,"2-[4,6-dihydroxy-3-(4-hydroxy-3-methylbut-2-en-1-yl)-2-metho",,317.079640076076,317.079640076076,358.920694654794,358.920694654794,1.0,12609,,0.0,-0.0009172688182189,0.0091322194587883,-0.0199150994452243,0.0059282976438354,0.0131552352730413,0.0117944761282132,3.72593387606138,0.0,0.0294117647058824,3.72593387606138,0.0,0.0637254901960784,3.82627720794938,1.0,0.0416666666666667,,,,,,0.373900966300059,0.427243412464819,0.537705199155324,0.269455764241587,-0.100343331887994,0.373900966300059,0.427243412464819,0.561573265987348,0.250593575220363,0.100343331887994
316.5065684388359,354.226,0.5031965970993042,Unknown,4.152007568610894,3.7940329083156272,3.345137440268047,3.8338013618901847,0.3579746602952665,0.318206206720709,-0.0397684535745574,0.0100762484784279,1.996701131420099,0.3138613706613589,0.5032621329809902,0.8842665228500786,0.0534168164828767,0.6296128594702528,0.2009264103504888,0.9786212572516364,0.0093853548883437,0.8906584929769418,0.0502887864752479,ID363,FT0363,358.210552391226,316.07982344773,N-(1-Deoxy-1-fructosyl)threonine;Prunasin;Sambunigrin,,316.078676933861,316.080617813841,357.617046243139,358.920694654794,8.0,338;1703;3246;7737;8991;10203;11410;12607,59.01443;71.05004;88.04022;99.04579;116.0715;146.0821;153.9919;218.1034;256.0592|1153;7921;27931;1489;518;26246;1402;17783;336,1.0,-0.0347957021288985,0.0454039929564344,0.0073056901444004,-0.0066204479534613,0.0014509442529845,-0.0105458199433265,4.76142227298617,3.0,0.593954248366013,4.22595534096844,0.0,0.368872549019608,4.82753960142273,3.0,0.656862745098039,1.00770666681596e-05,4.99666586821072,0.0003190187158367,3.49618383748769,0.535466932017727,0.0331131971998954,1.47999888450808,0.165292323212701,0.781747316203403,-0.0661173284365635,1.41038014372938e-07,6.85066381495254,2.89648589678499e-05,4.53812858177337,0.60158426045429
320.5809573266725,371.74000000000007,0.7443993091583252,Unknown,3.7160525373896287,3.921312834641826,3.964600637560246,4.138193433223062,-0.2052602972521975,-0.4221408958334334,-0.2168805985812358,0.7067385875065375,0.1507411958175067,0.4655439234279657,0.3320393376633467,0.2693116769597907,0.569744815807724,0.959298228837711,0.0180463573717013,0.9594490591941168,0.0179780786650326,0.8994679735769128,0.0460142955162495,ID368,FT0368,374.885530579192,319.960907473763,xanthurenic acid 8-O-sulfate,,319.959176398077,319.962946014987,374.022425649865,376.568928305978,11.0,342;1707;3251;4642;5680;6765;7742;8995;10206;11413;12611,79.95715;124.007|2719;13335,1.0,-0.0130177650674442,0.0250887196776629,0.0038954616494083,-0.0018912476694058,-0.003780108362607,0.0037744110528659,4.25315324966247,3.0,0.256535947712418,4.04797450157029,3.0,0.241013071895425,4.32607787184378,3.0,0.347222222222222,0.0097339868550821,2.01170924456972,0.0365937068333244,1.43659359554978,0.205178748092187,0.218609023606661,0.660331915480105,0.430798858918184,0.365725455713407,-0.0729246221813105,0.0095412020058935,2.02039690919078,0.057394756396277,1.24112778307563,0.278103370273497
322.9886939572368,40.7813,0.7559311389923096,Urolithin c 3-sulfate,4.379626180342028,4.589269343371747,4.513181505562478,4.564531879493845,-0.2096431630297184,-0.1849056991518169,0.0247374638779014,0.6844347909726833,0.1646679226501825,0.7788900978288855,0.1085238173899189,0.9688400700968312,0.0137479075796301,0.955025423751189,0.019985066900146,0.995603898594446,0.0019134114459875,0.9530665361239784,0.0208767790439353,ID376,FT0376,42.6271124969951,324.17998378186,3-hydroxyoctanoyl carnitine;Spegatrine,,324.176981626101,324.184913916905,41.0969008695207,43.0546747345629,9.0,350;1717;3260;4650;6772;7750;9003;10211;11419,,0.0,-0.0027798338074567,-0.01419986195134,0.0683108777979479,0.0042474183719122,0.0023017092853219,-0.0393613487603236,4.38804236468429,3.0,0.344771241830065,4.2568515824003,2.0,0.406045751633987,4.15352788659707,2.0,0.213235294117647,0.541676321578825,0.266260148412084,0.633666345286028,0.198139358118091,0.131190782283992,0.223966820996661,0.649816314368244,0.438883707424177,0.357650541066875,0.23451447808722,0.705510673507484,0.151496411519359,0.822738201037596,0.0847383372450838,-0.103323695803229
325.1243417217676,443.7593,0.8609824776649475,"Clozapine; Hydroxyhexamide; N-(N-Acetylmethionyl)dopamine; 3-((4-(4-Chlorophenyl)piperazin-1-yl)methyl)-1H-pyrrolo[2,3-b]pyridine; Etomoxir",4.300346826917019,3.9778847530370847,4.193263304915142,4.122471549232752,0.322462073879934,0.1778752776842669,-0.144586796195667,0.0160352612928982,1.7949239588949235,0.0247427806980874,1.6065514941178636,0.1046449727381585,0.980281630818084,0.6963450310479036,0.1571755190808317,0.9594490591941168,0.0179780786650326,0.7086057472146701,0.1495953296016342,ID380,FT0380,443.171778905615,325.122670033258,Hydroxyhexamide;Clozapine;Clozapine,,325.121035613485,325.124294082995,441.456022792851,444.809362972765,11.0,352;1720;3262;4653;5688;6775;7753;9006;10214;11422;12620,58.03019;67.03016;74.02435;82.02926;84.04562;99.05653;101.0716;109.0406;127.0507;128.0348;144.6213;145.0614|1302;911;3158;660;5024;466;2594;15506;44572;12667;360;102452,1.0,-0.0135445148989616,-0.008251417323899,0.0083589274833902,0.0064595195305315,-0.0130612833473591,0.0143233584013459,4.38816461434836,3.0,0.345588235294118,4.19991963912692,3.0,0.339869281045752,4.19146320958252,3.0,0.234477124183007,0.0120614097361089,1.91860192894277,0.043056011609908,1.36596620247427,0.188244975221436,0.0015840640786958,2.80022725427359,0.0244004404440454,1.61260233428864,0.196701404765834,0.848644059255387,0.0712744246142149,0.915450896014838,0.0383649459135986,-0.008456429544398
325.33820896549327,357.4433,0.8697431087493896,Unknown,4.418518196238384,4.37134386313708,4.646171138094912,4.665167253102752,0.0471743331013039,-0.246649056864368,-0.2938233899656719,0.8631961883130035,0.0638904860710728,0.3325046067450483,0.4782023333079607,0.2156830753014882,0.6661839327442511,0.9958036908894162,0.0018262683699224,0.9594490591941168,0.0179780786650326,0.8971514435284977,0.0471342397461038,ID381,FT0381,356.873001268722,326.039817200275,Cepharadione A,,326.033800061778,326.040402988306,355.515218151429,361.23626876095,7.0,355;1722;3265;7755;9008;10216;12622,59.01354;130.0875|445;7014,1.0,-0.0426826109074399,-0.0047201029341224,0.0247822415334463,0.0280044394092969,0.0219263759245606,-0.0067159105906738,4.42467935095882,3.0,0.368464052287582,3.81424845984358,0.0,0.116013071895425,4.03030890325814,2.0,0.133169934640523,2.05377716464261e-08,7.68744667924703,8.24676151235027e-06,5.08371656459388,0.610430891115233,0.0223608739151266,1.65051122721225,0.131765539948649,0.880198153982889,0.394370447700682,0.118126485436557,0.92765271720993,0.274062839969109,0.562149846220487,0.216060443414551
325.457083832748,42.13536363636364,0.9834238886833192,Unknown,6.466914874841831,5.90585734877353,6.745665194727057,6.599110721197692,0.5610575260683008,-0.1321958463558612,-0.6932533724241621,0.396462158449511,0.4017982589412169,0.6993676886356252,0.1552944363267536,0.306500865789011,0.5135682943695176,0.916331590195946,0.0379473410337079,0.9594490591941168,0.0179780786650326,0.9323924712047332,0.0304012419376477,ID379,FT0379,42.1722091294831,325.183785957715,4-Dodecylbenzenesulfonic Acid;2-Dodecylbenzenesulfonic acid;,+,325.182845967494,325.185020318571,41.0969008695207,42.7965903237448,11.0,354;1721;3264;4654;5690;6776;7754;9007;10215;11423;12621,79.95734;80.96442;96.95904;119.0498;133.0654;155.9882;170.004;180.9962;182.4545;183.0123;183.6923;183.8523;184.0191;195.0113;196.0198;196.4263;197.0273;198.0351;209.0275;211.0426;212.0509;225.0593;226.0667;239.0738;240.0816;253.0906;254.0984;261.2211;267.1064;268.1139;281.1208;295.1362;309.1522;324.1869;325.1845;325.852;326.0829;326.3029;326.4077;326.7931|38068;623;1122;107071;20333;19851;95290;518;8296;4098587;905;1204;197777;9595;9684;1284;475106;68250;829;25573;12684;42868;8608;51717;5535;20599;3321;17553;9437;1285;6274;4111;1373;12848;5238354;2404;6781;3749;996;540,1.0,0.0066299217627207,-0.0194313479463905,0.0394040751474212,0.0177521365690545,0.0249653530028257,-0.0324369164385244,6.75104420550351,3.0,0.988562091503268,6.81327270866248,3.0,0.990196078431373,6.6083589128419,3.0,0.988562091503268,0.507497900319393,0.29456575022576,0.61051997408423,0.214300122885915,-0.0622285031589689,0.451896314065443,0.344961201017918,0.607896155223893,0.216170603400109,0.142685292661614,0.337172917427804,0.472147316265614,0.55523921060273,0.255519871899208,-0.204913795820583
326.25491764277587,410.8007,0.8672702312469482,Unknown,4.381136194570117,3.918299016998844,4.120088274707102,4.553224199866297,0.4628371775712732,-0.1720880052961799,-0.6349251828674531,0.027703193132004,1.557470170297076,0.0524357253351745,1.280372720090552,0.0055994715480596,2.2518529577421997,0.7082411614248684,0.1498188366004785,0.78769311288477,0.1036429517240523,0.8649797251290396,0.0629940721511106,ID385,FT0385,409.997509652724,327.046148502293,"(1,3-diphenylpropoxy)sulfonic acid;[(1,3-diphenylpropan-2-yl",,327.043970439281,327.046917685946,409.451644080737,412.031252283315,8.0,359;1726;3269;7758;9011;10218;11426;12625,,0.0,-0.0250206662568224,0.0418876514776487,0.0024863655593547,-0.0030460976297307,0.0223125533414611,-0.0102309408533379,4.4466424367769,3.0,0.389705882352941,4.05834501942322,0.0,0.249183006535948,4.58086299861832,3.0,0.513888888888889,1.37877299445493e-05,4.86050723155511,0.0003605879374907,3.44298880553604,0.388297417353681,0.0378513204911958,1.42191896498726,0.180453526008353,0.743634627536256,-0.134220561841419,0.0002234823388108,3.65075679226391,0.0044966187826246,2.34711392978147,0.5225179791951
326.5269594647668,477.5207,0.7794466018676758,Unknown,4.23423983665496,4.079376000432908,4.1753853457000565,3.969180783586876,0.1548638362220522,0.2650590530680845,0.1101952168460322,0.4579366399716415,0.3391946067433335,0.3749141010808298,0.4260682248053765,0.7231839294323779,0.1407512333020325,0.9241583043832848,0.0342536296116762,0.9657248817257064,0.0151465789323381,0.8971514435284977,0.0471342397461038,ID377,FT0377,477.869053727095,325.033632096616,Dedimethylchlorpromazine;Isoprothiolane;Pratenol B,,325.032214847948,325.03439252709,474.757103097827,478.644699713334,11.0,353;1719;3263;4652;5689;6774;7752;9005;10213;11421;12619,80.96542;99.05709;137.073;143.0459;168.0292;225.0191;325.0327|3030;312;888;2228;414;1371;447,1.0,0.0001502088223805,0.0004106273340185,-0.0007340487884045,0.0019686258155566,0.0106791625807543,-0.009212982545657,4.38752850226517,3.0,0.343954248366013,4.38875008328294,3.0,0.473856209150327,4.40543325930706,3.0,0.398692810457516,0.984174202780054,0.0069280228998898,0.987955900882575,0.0052624404637782,-0.0012215810177727,0.731071410306818,0.136040199529843,0.830013405686689,0.0809148932037592,-0.0179047570418938,0.744721662780397,0.128006013030331,0.852049196534042,0.0695353287468784,0.0166831760241211
332.6036749434284,476.1934545454546,0.9212086200714112,Unknown,5.422875757637075,4.603660891542238,5.33286071737107,5.397306179712902,0.8192148660948373,0.0255695779241733,-0.7936452881706639,0.3409456183618957,0.4673148864877978,0.6522563902194815,0.1855816573814951,0.3527749700318775,0.4525022363595611,0.916331590195946,0.0379473410337079,0.9594490591941168,0.0179780786650326,0.9271385126474756,0.0328553782776072,ID390,FT0390,476.739347803871,333.059311548633,1-(sn-Glycero-3-phospho)-1D-myo-inositol;6-(4-ethenyl-2-hydr,+,333.058388886885,333.060153529171,474.757103097827,477.791908431588,11.0,365;1733;3275;4662;5698;6782;7763;9016;10223;11431;12630,62.96428;78.7236;78.95925;96.96889;150.9796;152.5323;152.9954;171.0054;223.0002;240.2759;241.0117;259.022;333.0591|696;651;265594;39012;6101;960;272697;33036;4694;420;178165;9965;147934,1.0,-0.0169926820435739,0.0107691757089262,-0.003454456540073,0.0182724805483625,0.0031288020292387,-0.0021002504726478,5.49183234967832,3.0,0.869281045751634,5.26565286949476,3.0,0.848856209150327,5.45281601935186,3.0,0.875816993464052,0.0480465413421391,1.31833786980785,0.120313720695194,0.919684842465452,0.226179480183557,0.488828622212694,0.310843372926903,0.63838375744101,0.194918171380823,0.0390163303264597,0.10686400126445,0.971168568740625,0.273912994266569,0.562387364590118,0.187163149857097
334.0491429078827,410.3133636363637,0.9648450016975404,"isoxicam; 2-Methyl-N-(5-methyl-3-isoxazolyl)-1,1,4-trioxo-3H-1$l^{6},2-benzothiazine-3-carboxamide",5.272612841206656,4.867840283733541,5.115832361709396,5.167624677658463,0.4047725574731151,0.1049881635481932,-0.2997843939249218,0.1730499982328947,0.7618284008046647,0.1695493604209077,0.7707038441412439,0.2656206176670697,0.5757382177395786,0.9029448569380816,0.0443387713462468,0.9594490591941168,0.0179780786650326,0.881195617434593,0.0549276714494428,ID391,FT0391,410.106888696754,334.049164197224,Avenanthramide 1c;(Z)-N-Coumaroyl-5-hydroxyanthranilic acid;,,334.047884290497,334.049882562798,409.572627098837,411.352236187242,11.0,366;1734;3276;4663;5699;6783;7764;9017;10224;11432;12631,59.01422;87.77428;88.04001;141.0173;170.0426|32850;300;125391;12503;51057,1.0,-0.0433723506249738,0.0277729571153356,0.005980191888141,0.0037846521571017,-0.0155527141340703,-0.0061457342921032,5.40922780618931,3.0,0.843137254901961,4.78348331376865,3.0,0.685457516339869,5.27269125721112,3.0,0.821078431372549,0.0004657568445857,3.33184075415805,0.004119893264975,2.38511403518843,0.625744492420655,0.0128769276707254,1.89018774371642,0.0893984403806683,1.0486700577139,0.136536548978183,0.0011145820562055,2.95288795298415,0.0134094562844521,1.87258883120503,0.489207943442472
337.1480252564645,373.6755454545455,0.965998113155365,Unknown,4.547273853023149,4.610496228874447,4.556816201760438,4.746488825919635,-0.0632223758512982,-0.1992149728964865,-0.1359925970451883,0.7136838620702892,0.1464941234659409,0.1764508381113225,0.7533762744745524,0.4923952594941241,0.3076861368647133,0.959917187136518,0.0177662322947743,0.9594490591941168,0.0179780786650326,0.881195617434593,0.0549276714494428,ID396,FT0396,372.250285145735,336.9697794118,Erythrityl Tetranitrate;Malathion monocarboxylic acid,,336.969124958807,336.971991111573,371.405813675135,373.925296591707,11.0,372;1741;3281;4666;5704;6785;7769;9022;10229;11438;12636,59.01403;141.0161;156.9905|30835;2888;1771,1.0,-0.0025192166448439,0.0337713608965237,0.0059517645596718,-0.0164619010954285,-0.0168972649872501,0.0004237064272123,4.67653158242992,3.0,0.537581699346405,4.60534124284233,3.0,0.600490196078431,4.87819584476565,3.0,0.687908496732026,0.476982166731245,0.321497857930525,0.585519945487437,0.232458306283175,0.0711903395875906,0.170447234007871,0.76841004204357,0.370952859197041,0.430681277154225,-0.201664262335727,0.0726327236366146,1.13886767003144,0.219024259648396,0.659507779004983,0.272854601923318
337.17270619880264,487.008909090909,0.9599701166152954,Unknown,5.05501994881353,4.93238729816519,5.227329751990753,4.993277060738483,0.1226326506483399,0.061742888075047,-0.0608897625732929,0.7892060710931295,0.1028095825276722,0.8381646763571248,0.0766706460390867,0.872655607932373,0.0591571160699123,0.97847665772573,0.0094495302939998,0.9780928897342612,0.0096198981946754,0.9590639928757037,0.0181524138662645,ID397,FT0397,486.518986387715,337.080322255104,"Dibenzo[a,l]pyrene;MMV084864;Heptelidic acid chlorohydrin_13",,337.07989375441,337.081941538816,485.34640277017,487.154824339834,11.0,373;1740;3282;4668;5703;6786;7770;9023;10230;11439;12637,58.02947;74.02422;82.03046;86.02426;87.05652;99.0561;112.04;127.0492;128.0346;135.0556;137.0714;141.0661;143.0459;145.0605;146.0452;153.0668;166.0989;167.0466;179.0456;181.0614;210.088;254.0777;272.0881;337.0816|9145;12300;794;4097;2224;15966;1258;1489;41549;4165;1414;1649;66246;1498;4890;2332;3270;1634;11685;3481;12983;10605;17849;2214,0.939393939393939,-0.0397802892319387,-0.0194316536645409,-0.021056415609635,-0.0142955877132594,-0.0054146863911103,-0.044697460848972,5.43019088711306,3.0,0.852124183006536,4.94530138567282,3.0,0.753267973856209,5.07984021629347,3.0,0.758986928104575,0.098163449948329,1.00805018676034,0.199477416026757,0.700106266143415,0.484889501440242,0.177013341496941,0.75199399962608,0.378463923058946,0.421975513160406,0.350350670819585,0.167422244873065,0.776186839151646,0.332281904365419,0.478493309182414,0.134538830620657
338.5366942903093,358.76920000000007,0.8553088903427124,Unknown,4.888374901565959,5.059131784365076,4.680580631845961,5.232833302482588,-0.1707568827991163,-0.3444584009166282,-0.1737015181175119,0.6886934998628449,0.1619740160229855,0.4440845206780583,0.3525343646359729,0.1693148577041493,0.7713049300434411,0.955025423751189,0.019985066900146,0.9594490591941168,0.0179780786650326,0.8994679735769128,0.0460142955162495,ID401,FT0401,357.436234766341,338.927890528686,Mitotane,,338.927262333052,338.929163740474,355.488721877261,362.946794284257,11.0,378;1744;3286;4672;5708;6789;7773;9026;10233;11442;12641,59.01416;142.975;156.9901|56086;7072;3386,1.0,-0.0213588877790782,0.0180721896642352,-0.0001811650410435,-0.0015799413071455,-0.000347226632094,-0.001165396585712,5.38412761946861,3.0,0.834150326797386,5.07374032127014,3.0,0.79656862745098,5.35956497077604,3.0,0.848039215686274,0.0008797824350126,3.05562471302663,0.0064144137534556,2.19284302990069,0.310387298198464,0.251100584496683,0.600152276361595,0.459590160715141,0.337629277618351,0.024562648692573,0.0006908593816736,3.16061034043745,0.009192186699494,2.03658116341718,0.285824649505891
339.0689599125335,494.5863000000001,0.8684625029563904,"Aesculin; Cichoriin; 6-[3-(2-carboxyeth-1-en-1-yl)phenoxy]-3,4,5-trihydroxyoxane-2-carboxylic acid; O-Coumaric acid glucuronide; p-Coumaric acid glucuronide; Daphnetin glucoside",4.272235912742227,4.006939911366188,4.09725446242476,3.83491035179614,0.265296001376039,0.4373255609460873,0.1720295595700482,0.4707008846904892,0.327254985428611,0.2689065336302449,0.5703986455822385,0.3302458413387495,0.4811626425855163,0.9241583043832848,0.0342536296116762,0.9594490591941168,0.0179780786650326,0.8906584929769418,0.0502887864752479,ID399,FT0399,494.036820161871,338.068692475621,Flumazenil;Gynocardin;N2-Monodes-methylnizatidine,,338.06610350071,338.069830970594,491.955174167485,495.092003255305,11.0,375;1743;3284;4670;5706;6788;7772;9025;10232;11441;12639,58.02997;63.96227;67.03039;71.01418;74.02426;82.02939;84.04506;86.02433;87.05526;88.03989;96.04502;99.05621;101.0717;102.055;109.0397;111.0559;112.0399;123.0558;127.0506;128.0348;135.0555;137.0712;138.0557;141.0661;143.0453;145.0609;146.0452;153.0668;155.0819;166.098;167.0455;179.0456;181.0615;185.0554;194.093;199.0711;209.0226;210.0875;212.1036;254.0779;256.0926;263.0335;272.0886;274.1039;338.0658|7003;1034;606;1935;20648;4156;7655;8055;876;3416;2219;7925;16634;986;3496;2124;3459;4602;9339;44706;2416;5662;1558;9729;36328;28213;3552;1679;8300;2035;4063;7017;18883;1467;2609;7852;1675;7612;7863;4941;6666;1734;11403;2396;5223,1.0,-0.0566981480933902,-0.0260622735728672,-0.0328150096556405,-0.027708434882625,0.0089098020551946,-0.0535085933626321,5.36712191377598,3.0,0.82516339869281,4.67124318627218,3.0,0.634803921568627,4.8874755743192,3.0,0.69281045751634,0.0875441784492883,1.05777272852298,0.182207001166944,0.739434939603667,0.695878727503799,0.189732553233037,0.721858148939621,0.397282577530941,0.400900480119774,0.479646339456783,0.0951444995691182,1.0216163137966,0.260031922709979,0.584973332776255,0.216232388047016
339.38128820881826,41.533363636363646,0.985484778881073,Unknown,6.5009712438481815,5.648919194201693,6.497503325749242,6.264329413145393,0.8520520496464883,0.2366418307027888,-0.6154102189436994,0.1239817642768687,0.9066421878726776,0.2669870773532364,0.5735097587477838,0.1980012675136998,0.7033320295746122,0.9029448569380816,0.0443387713462468,0.9594490591941168,0.0179780786650326,0.8906584929769418,0.0502887864752479,ID403,FT0403,41.3444142232628,339.199750835314,Canrenone;Piperochromenoic acid;Canrenone,,339.198970666509,339.200323596385,40.8203162350149,42.7965903237448,11.0,379;1746;3288;4674;5710;6790;7775;9028;10234;11443;12643,79.95734;96.96025;119.0497;133.0652;155.9882;163.1111;170.0041;182.4546;183.0122;183.6939;183.8536;184.0195;195.0114;196.0198;197.027;198.0348;211.0428;212.0506;225.0578;226.0664;239.0739;240.0817;253.0898;254.0968;267.1054;268.1154;275.2373;281.1207;295.1366;309.1515;338.1595;339.053;339.2001;339.8423;339.9965;340.1239;340.3433;340.4488|35279;1482;106459;10311;17121;37886;108335;9514;4564375;2376;1067;163864;10151;10702;217991;36964;23850;12564;52863;8281;68181;4803;24770;2876;11240;1645;18241;9731;5619;3517;14043;759;6783637;1358;1750;6873;3525;888,1.0,0.0043905371946399,-0.0249878807853332,0.0395048511374776,0.0265982039008023,0.0234336829988212,-0.0289005512599285,6.50244488679045,3.0,0.981209150326797,6.54193592037389,3.0,0.985294117647059,6.29626863996541,3.0,0.975490196078431,0.620629093251138,0.20716786983745,0.700194882770394,0.154781067510863,-0.0394910335834391,0.270273939392575,0.568195828232605,0.479162355471468,0.319517308843298,0.206176246825038,0.237608920377788,0.624137258984917,0.428577449893166,0.367970683608248,-0.245667280408477
341.0270004535186,73.22154545454545,0.8275811076164246,Boscalid,4.233331438648977,4.573259265551988,4.375917650540554,4.171328179225786,-0.3399278269030104,0.0620032594231911,0.4019310863262015,0.0244228289612726,1.6122040319918178,0.7921685585214902,0.1011823989067315,0.1734861657851512,0.7607351512057601,0.7082411614248684,0.1498188366004785,0.9594490591941168,0.0179780786650326,0.9540608526408736,0.0204239239087996,ID407,FT0407,72.9642253105771,341.113557175972,"Dictyoquinazol C;NCGC00347785-02_C17H22O5_9a-Hydroxy-3,8a-di",+,341.112398626176,341.113790142489,71.2521443004183,75.3474662235768,11.0,383;1751;3294;4678;5714;6793;7779;9033;10239;11447;12647,59.01408;89.02436;91.03962;249.068|4507;1111;2376;3846,1.0,0.0185694247497225,0.0090664223594047,-0.0003195880229489,0.0094584592529612,-0.0143716037264638,0.0002271314564932,4.32610492200857,3.0,0.300653594771242,4.57536062036443,3.0,0.586601307189543,4.5159049129419,3.0,0.473856209150327,0.0172919462848161,1.76215612221566,0.0568366431164857,1.24537158027022,-0.249255698355856,0.0430515833071409,1.36601087187792,0.196029146147424,0.707679351756102,-0.189799990933325,0.111830541009774,0.951439574082192,0.273912994266569,0.562387364590118,-0.0594557074225301
341.54657019797395,39.35309090909091,0.8339346051216125,Unknown,4.882543306472004,4.859117106408996,4.037733203010302,3.8499768355508426,0.0234262000630085,1.0325664709211615,1.0091402708581532,0.9788754940433364,0.0092725438338375,0.0154317104491737,1.8115859341139011,0.3217517052145898,0.4924791427504618,0.9958036908894162,0.0018262683699224,0.9594490591941168,0.0179780786650326,0.548623912865452,0.2607252667293409,ID405,FT0405,41.3444142232628,340.202802984363,,,340.201539292557,340.203845673351,40.8203162350149,42.7965903237448,11.0,381;1749;3291;4676;5712;6791;7777;9030;10237;11445;12645,68.99523;119.0498;120.0533;163.1111;163.1148;164.1153;170.001;170.0048;183.0087;183.0126;184.0152;185.0225;197.0273;198.0331;212.043;226.0633;239.0785;240.0766;339.1646;340.2054|60;188;48;556;692;1122;60;60;2479;2942;4051;617;548;460;60;102;48;108;60;14337,1.0,0.0051604065711155,-0.0234664484897784,0.0341371892696466,0.0211612254681911,0.0193989576958464,-0.0269618269248502,5.75926641757431,3.0,0.92156862745098,5.81306978251188,3.0,0.95343137254902,5.57843687711702,3.0,0.904411764705882,0.493965305939419,0.306303553036252,0.600643875703888,0.22138294672893,-0.0538033649375702,0.242307443176007,0.615633245042771,0.45522144845508,0.34177728368188,0.180829540457293,0.191661137210954,0.717465939317392,0.36604164242335,0.436469504644065,-0.234632905394863
345.567931559006,448.0685,0.6023980975151062,Unknown,4.028935682009119,3.946003699342174,3.988301458940257,3.612233593405803,0.082931982666945,0.4167020886033161,0.3337701059363711,0.6632205845344078,0.1783420029478735,0.4863479606431724,0.3130529008705877,0.5744844410230786,0.2407217289762596,0.9470033111735676,0.0236485024941975,0.9594490591941168,0.0179780786650326,0.8994679735769128,0.0460142955162495,ID414,FT0414,450.553142492495,346.055513765951,STD_5’AMP ;2'-DEOXYGUANOSINE 5'-MONOPHOSPHATE;Adenosine 5'-m,+,346.0539395042,346.056553962535,449.655988381828,451.559973983837,11.0,390;1756;3300;4684;5718;6799;7786;9037;10244;11455;12653,78.95893;96.96898;134.0465;346.0559|16536;2855;3883;1837,1.0,0.0034150719322835,0.0082301835748791,-0.0279533747750267,0.0063184892182004,-0.0106184582138518,-0.0065870910967945,4.20313065391185,3.0,0.214052287581699,4.29591756197574,3.0,0.419934640522876,4.34983133635843,3.0,0.367647058823529,0.352501137612989,0.452839477088904,0.484179615133447,0.314993499118616,-0.0927869080638963,0.0166642305145152,1.77821473546972,0.108227905707174,0.965660745402527,-0.146700682446587,0.568250196878217,0.245460405135577,0.724331965921617,0.140062348270178,0.053913774382691
345.7374447637633,110.5741,0.7077220678329468,Unknown,4.153173677353919,4.1946174931714255,4.509699330017206,4.457955023598938,-0.041443815817507,-0.3047813462450195,-0.2633375304275125,0.908647963150367,0.0416043426019912,0.4683075369921681,0.3294688525792944,0.49155726317831,0.3084258824427143,0.9958036908894162,0.0018262683699224,0.9594490591941168,0.0179780786650326,0.8994679735769128,0.0460142955162495,ID416,FT0416,115.277226813664,347.133432394355,Ethopropazine;MLS000766209-01!;MLS000766209-01!,,347.133032271591,347.134279743218,113.497297743516,118.160076938368,11.0,392;1758;3301;4685;5720;6800;7787;9039;10246;11456;12655,57.03482;59.01421;71.01326;85.02901;87.00821;89.02363;125.0968;155.1077;169.0869|1118;3441;713;566;925;1463;19005;1353;6193,1.0,0.0080534126360807,-0.0256463792345585,-0.0060207107502716,0.0088885799054262,-0.0159702347047367,-0.0087825798539442,4.52666382905652,3.0,0.446078431372549,4.67961132045726,3.0,0.639705882352941,4.40242151087283,3.0,0.397875816993464,0.0818869424669078,1.08678534447491,0.173738962588519,0.760102776027976,-0.152947491400744,0.101224038259338,0.994716340819335,0.301178911865221,0.521175440111416,0.124242318183686,0.0045154137036344,2.34530245332951,0.0333699329849371,1.47664466551486,-0.277189809584431
352.944893006121,373.6755454545455,0.970704972743988,Unknown,5.657455630027993,5.466289072164279,5.587482455617945,5.678726781746714,0.1911665578637142,-0.0212711517187207,-0.212437709582435,0.2344833693155775,0.6298879541028429,0.6821049092802656,0.1661488247311933,0.1994168314320218,0.7002381886043255,0.9029448569380816,0.0443387713462468,0.9594490591941168,0.0179780786650326,0.9299453091564196,0.0315425919084296,ID418,FT0418,372.308026467206,352.944174924859,,,352.943651290103,352.945756378731,354.180962870137,375.24858177186,13.0,398;1760;3305;3306;4687;4688;5722;6803;7789;9042;10248;11457;12657,58.83866;59.0142;156.9902|1109;329118;42059,1.0,-0.0216615925565195,0.0388403518884838,0.0193716796643449,0.0193906396176587,-0.0156648277151971,-0.0139879157891711,5.81274834220343,3.0,0.929738562091503,5.47440647525911,3.0,0.90359477124183,5.8782285698152,3.0,0.951797385620915,0.0735009741149506,1.13370690513425,0.160184188152691,0.795380355523603,0.338341866944318,0.646053301763355,0.189731649641526,0.763033261863278,0.117456530028311,-0.0654802276117676,0.0241024442725867,1.6179389126007,0.103897370265466,0.983395444682,0.403822094556086
354.2429833230169,488.4587272727273,0.9662340879440308,Azastene; Cyanoketone; N-(4-Methoxy-3-phenethoxyphenethyl)-N-propylpropan-1-amine; Nicanartine,5.582130627032352,5.418843348371095,5.114300065014468,5.103063236605805,0.1632872786612571,0.4790673904265468,0.3157801117652896,0.5461273153203497,0.2627061010762039,0.2696417302814999,0.5692128946718884,0.4597133782271133,0.3375128575599541,0.9241583043832848,0.0342536296116762,0.9594490591941168,0.0179780786650326,0.8906584929769418,0.0502887864752479,ID421,FT0421,487.700496696997,354.060448721218,Ibandronate,,354.060008532214,354.062207884629,485.924141937736,488.483892725191,11.0,401;1765;3309;4690;5725;6806;7793;9045;10251;11462;12660,58.02997;74.0242;79.95721;80.96539;86.02435;87.05656;97.0766;99.05626;101.0709;109.0396;112.0399;121.9916;125.0342;126.0434;127.0505;128.0346;135.0554;137.0717;141.0662;143.0459;145.0615;146.0455;153.0664;155.0819;165.0665;166.0989;167.0823;170.0316;179.0455;181.0284;183.0767;184.1074;185.0548;192.0772;193.061;197.0562;210.0879;211.0723;225.0179;227.0662;237.0502;248.0695;254.0787;255.0619;265.0492;272.088;309.0383;336.0495;337.0324;354.0605|10790;15682;3848;115779;6439;2209;1254;21751;2525;1644;1292;3895;1185;1026;2215;44464;15013;4225;2592;105466;2034;7140;18253;3910;4574;10345;3986;1535;51653;24342;2312;4109;2108;1754;12625;13951;34137;3208;62104;2104;5213;2063;17298;2455;2798;13207;12961;25122;973;96423,1.0,-0.0200124907351946,-0.0087079866413925,-0.0084508849297408,0.0005928718449864,-0.0078030142355771,-0.0381317251552127,5.64209267496537,3.0,0.89624183006536,5.40046682618738,3.0,0.886437908496732,5.47778136560535,3.0,0.882352941176471,0.149254481275136,0.826072620574831,0.257239456982792,0.589662415858147,0.241625848777987,0.248808838449158,0.604134196241992,0.458871873048218,0.338308561948662,0.164311309360021,0.289464157631383,0.538405204325469,0.497503198756736,0.303204122560601,0.0773145394179666
355.08502574321943,422.6169090909091,0.8813682794570923,Acaciabiuronic acid; Dihydrohydroxy-O-methylsterigmatocystin; 2-O-beta-D-Glucopyranuronosyl-D-mannose; 4-O-alpha-D-Glucopyranuronosyl-D-galactose; 3-O-beta-D-Galactopyranuronosyl-D-galactose; Glucose lactate lactate; Laquinimod; Aldobionic acid; Aldobiouronic acid,4.032528284096178,3.4979831639326324,3.844915739971455,3.464179349006816,0.5345451201635454,0.5683489350893618,0.0338038149258164,0.4205023720489295,0.3762315500091003,0.2892500844761683,0.5387265055394682,0.962042178992252,0.0168058866918965,0.9241583043832848,0.0342536296116762,0.9953365278668164,0.002030057459888,0.8906584929769418,0.0502887864752479,ID426,FT0426,423.493602483994,356.096826437291,Cyclodopa glucoside;HMBOA-Glc;2-Methoxyacetaminophen glucuro,,356.096826437291,356.096826437291,423.493602483994,423.493602483994,1.0,3315,74.02412;118.0504;140.0312;215.0669;259.0885|738;1343;36;243;264,1.0,-0.0073363976942412,-0.0073737779390257,0.0008172795440108,-0.0112800486379641,0.0005272103529798,-0.0087639974195636,4.04814962286349,1.0,0.113562091503268,3.9478062909755,0.0,0.183823529411765,3.9478062909755,0.0,0.0866013071895425,0.373900966300058,0.427243412464821,0.484179615133447,0.314993499118616,0.100343331887994,0.373900966300058,0.427243412464821,0.537705199155324,0.269455764241587,0.100343331887994,,,,,
355.0875101233656,42.38027272727274,0.9630380272865297,Acaciabiuronic acid; 2-O-beta-D-Glucopyranuronosyl-D-mannose; 4-O-alpha-D-Glucopyranuronosyl-D-galactose; 3-O-beta-D-Galactopyranuronosyl-D-galactose; Glucose lactate lactate; Laquinimod; Aldobionic acid; Aldobiouronic acid,4.132218692204337,4.09998958055943,4.362008903165173,4.3909389423505125,0.0322291116449076,-0.2587202501461751,-0.2909493617910828,0.952999122151412,0.0209074994088648,0.4740901903306875,0.3241390308217887,0.5572649761559633,0.2539382512918739,0.9958036908894162,0.0018262683699224,0.9594490591941168,0.0179780786650326,0.8994679735769128,0.0460142955162495,ID422,FT0422,39.1088804158825,354.203636332363,"Pipercide;4-(dimethylamino)-4-hydroxy-3-methyl-1,2-diphenylb",,354.201631989699,354.206102861222,38.2765882053917,40.2084371378475,11.0,402;1766;3310;4691;5726;6807;7794;9046;10252;11463;12661,,0.0,-0.0034418606185348,-0.0296879842504164,0.0247940100051176,0.0518061001600067,-0.0117795663550269,0.0018675065442279,5.01977444480827,3.0,0.715686274509804,4.9765766684075,3.0,0.764705882352941,4.70926816901376,3.0,0.587418300653595,0.752854224127939,0.123289108508183,0.808646099665992,0.0922415038385199,0.0431977764007678,0.0893094270205027,1.04910269691323,0.279790445579027,0.553167120091346,0.310506275794511,0.065054471832081,1.1867228447558,0.204632260452934,0.68902589832548,-0.267308499393743
355.37736508768154,39.34372727272727,0.8906760811805725,Unknown,4.573617707809603,4.551682870189271,5.350778880685819,4.55515404798143,0.0219348376203321,0.0184636598281731,-0.0034711777921589,0.9692468552680404,0.0135655993916346,0.9709070854613208,0.0128223295175411,0.9955137317349084,0.0019527451036057,0.9958036908894162,0.0018262683699224,0.9999314751014812,2.976100499627744e-05,0.995044634118366,0.0021574379311103,ID422,FT0422,39.1088804158825,354.203636332363,"Pipercide;4-(dimethylamino)-4-hydroxy-3-methyl-1,2-diphenylb",,354.201631989699,354.206102861222,38.2765882053917,40.2084371378475,11.0,402;1766;3310;4691;5726;6807;7794;9046;10252;11463;12661,,0.0,-0.0034418606185348,-0.0296879842504164,0.0247940100051176,0.0518061001600067,-0.0117795663550269,0.0018675065442279,5.01977444480827,3.0,0.715686274509804,4.9765766684075,3.0,0.764705882352941,4.70926816901376,3.0,0.587418300653595,0.752854224127939,0.123289108508183,0.808646099665992,0.0922415038385199,0.0431977764007678,0.0893094270205027,1.04910269691323,0.279790445579027,0.553167120091346,0.310506275794511,0.065054471832081,1.1867228447558,0.204632260452934,0.68902589832548,-0.267308499393743
358.1954016856298,146.097,0.6721619367599487,Unknown,3.8767071847028505,3.884962325810028,4.099772894402024,3.914784613594048,-0.0082551411071771,-0.0380774288911971,-0.0298222877840199,0.9593743897029056,0.0180118791150266,0.8392162338074257,0.0761261237363351,0.8643741510202906,0.063298229106133,0.9958036908894162,0.0018262683699224,0.9771500088738916,0.0100387596944758,0.9590639928757037,0.0181524138662645,ID428,FT0428,142.465474814312,357.086364485664,"N1-(5-Phospho-a-D-ribosyl)-5,6-dimethylbenzimidazole;MMV6761",,357.083903293067,357.092455560901,140.160889332172,144.184339465821,10.0,407;3317;4695;5730;6811;7799;9053;10258;11470;12668,111.0456;129.0546;169.0182;181.0184;183.0334;185.0113;227.0238;251.0594;253.0742;297.066;357.0885|228;4152;311;371;875;2559;2145;755;252;4804;300,1.0,0.0206803727917989,0.0091066024627842,0.0091220619109991,0.0176943066683244,-0.0202076373550803,-0.0165099026820736,4.08664594064568,2.0,0.136437908496732,4.35428740772847,3.0,0.454248366013072,4.28375729598787,3.0,0.320261437908497,0.0824491645942392,1.08381374043123,0.174316950802935,0.758660379486455,-0.26764146708279,0.170585105804249,0.768058890808635,0.370952859197041,0.430681277154225,-0.197111355342197,0.379519996176824,0.420765337026809,0.567093259332079,0.246345514858739,-0.0705301117405925
375.7927307962102,411.3046363636364,0.9611312747001648,Unknown,4.8487858720500805,5.117269189875983,4.86152805260323,4.937876936251214,-0.2684833178259023,-0.0890910642011331,0.1793922536247691,0.3965818271572261,0.4016671906505423,0.225277372462156,0.6472824279314539,0.550180919236314,0.2594944754041183,0.916331590195946,0.0379473410337079,0.9594490591941168,0.0179780786650326,0.8875378462188501,0.0518131187758953,ID436,FT0436,411.286014459847,376.070227380656,NCGC00180355-02_C21H13N3O3_,,376.069135469326,376.072131241978,409.638814024915,412.031252283315,11.0,417;1784;3326;4706;5740;6821;7808;9064;10265;11478;12677,59.0142;88.04006;112.0519;130.0619;141.0161;170.0431;194.0532;212.0651;294.0677|15047;65205;1426;36750;9345;6412;1189;27117;422,1.0,-0.0067288058581509,0.014336371562824,-0.0141166047439728,0.0011069647161329,-0.0180531192225353,-0.0018890551345426,4.93418788574354,3.0,0.686274509803922,4.85467115547858,3.0,0.718954248366013,5.01198259328255,3.0,0.734477124183007,0.337827820884552,0.471304588160155,0.474336659549538,0.323913309198389,0.0795167302649551,0.172168837661845,0.76404545251195,0.373092262432122,0.428183757707705,-0.077794707539014,0.107977473406076,0.966666838919204,0.273912994266569,0.562387364590118,0.157311437803969
379.5123262365848,49.65655555555556,0.68505859375,Unknown,3.4960641614845342,3.3453922488398327,3.6256607124039455,3.4151216988812974,0.1506719126447016,0.0809424626032369,-0.0697294500414646,0.5837219291099983,0.2337939909239135,0.7574955897365634,0.120619891351928,0.8036893521904371,0.094911785455344,0.9241583043832848,0.0342536296116762,0.9706578929929058,0.0129338096026886,0.9449021097267672,0.0246131813400168,ID439,FT0439,45.2697034974338,378.91756896027,,,378.915961299706,378.919366253583,44.8828109737925,46.2493592229647,7.0,419;1787;4708;5743;7811;9066;12679,,0.0,-0.0022465226926761,-0.0161576029670475,-0.0303929510453207,0.0694326831919802,-0.0323293056365408,0.0024477586017886,4.39690312413142,2.0,0.351307189542484,4.46079606036982,2.0,0.522875816993464,4.29712279163329,1.0,0.325980392156863,0.724312784920523,0.140073848954425,0.789264746611765,0.102777295007761,-0.0638929362384015,0.531502202213421,0.274494931691662,0.669504338137448,0.174246604577213,0.0997803324981321,0.390549599757826,0.408323802930795,0.57765701256956,0.238329950094845,-0.163673268736534
380.6670430867982,439.6954444444444,0.6317816376686096,Unknown,4.082495456120808,4.048141219224646,4.363772080631545,3.798576423058437,0.0343542368961626,0.283919033062372,0.2495647961662093,0.9645237612211124,0.0156870689634853,0.7315314455524385,0.135767000589417,0.7396379267776167,0.1309808274102113,0.9958036908894162,0.0018262683699224,0.9657248817257064,0.0151465789323381,0.9390571385666272,0.0273079815259871,ID443,FT0443,444.066449194057,382.09869536822,Chloroaustralasine B;Succinyladenosine;Pyriminobac-methyl,,382.097993576837,382.099543423134,441.806865321109,444.809362972765,11.0,423;1790;3330;4712;5745;6823;7814;9069;10269;11483;12683,78.95897;127.0519;140.0109;145.0614;152.9953;171.0051;214.0482;382.1008|25797;975;41647;2972;15346;848;67970;649,1.0,-0.0033484453371999,-0.0010058367779784,-0.0096368048579927,0.0100987740342797,-0.0138339055852796,-0.0003577890428638,4.71190481574402,3.0,0.565359477124183,4.68545487188936,3.0,0.642156862745098,4.69256952725487,3.0,0.583333333333333,0.542623109703241,0.265501714070786,0.633666345286028,0.198139358118091,0.0264499438546633,0.620328922321064,0.207377969743273,0.747861614933978,0.126178756989387,0.0193352884891516,0.895367806833485,0.0479985248352184,0.944042714220799,0.0250083551397319,0.0071146553655117
381.373777282477,39.46809090909091,0.929801344871521,Pentacosanoic acid; 6-Hydroxy-8-pentacosanone; 4-Hydroxy-6-pentacosanone; 6-Hydroxy-4-pentacosanone; Lepidiumsesterterpenol,4.330356027908679,4.4594299406521865,5.113791654419046,3.6005887900191467,-0.1290739127435074,0.7297672378895323,0.8588411506330398,0.8236258304465398,0.0842700415531727,0.2065948493503592,0.6848805101474786,0.12404748657606,0.9064120308855752,0.9881007300368112,0.0051987798362112,0.9594490591941168,0.0179780786650326,0.881195617434593,0.0549276714494428,ID441,FT0441,38.4407694241265,381.231772489005,"NCGC00347585-02!(1,9,9b-trihydroxy-6,6,9a-trimethyl-3,5,5a,7",,381.229678302769,381.235446740435,37.3557274055033,39.5705290072904,11.0,421;1788;3329;4711;5744;6822;7813;9068;10268;11481;12681,59.01325;79.95689;80.96548;94.9816;95.95169;96.96011;122.9749;167.0024;239.0746;253.0908;254.0989;267.107;380.0629;381.2321|252;7224;384;384;1411;54789;3436;276;930;2873;204;617;801;309338,1.0,-0.0039788496684008,-0.0345229796240061,0.0274520535581682,0.0434481041133352,-0.0079257023855204,0.0038684183870202,5.20056963428178,3.0,0.776960784313726,5.15334370359222,3.0,0.819444444444444,4.847953761388,3.0,0.668300653594771,0.657885571698629,0.181849638151197,0.731456878700047,0.135811271581903,0.047225930689569,0.0379430427202994,1.42086784520143,0.180453526008353,0.743634627536256,0.352615872893787,0.0453397770141963,1.3435206201103,0.157474761236807,0.802789041454774,-0.305389942204218
381.6706740955876,423.9442727272728,0.8980586528778076,Unknown,4.2322332844235335,4.17646924232099,4.4692273661312765,4.489831520768484,0.0557640421025436,-0.2575982363449505,-0.3133622784474941,0.911912882567886,0.0400466489821183,0.6397220361458326,0.1940086891265731,0.3731975796308631,0.4280611815288842,0.9958036908894162,0.0018262683699224,0.9594490591941168,0.0179780786650326,0.9271385126474756,0.0328553782776072,ID442,FT0442,423.313462217579,382.13384833415,MMV676477;MMV688934;N-Acetyllactosamine,,382.132560517517,382.135496688507,422.829103153345,424.036566479419,8.0,422;1789;3331;7815;9070;10270;11482;12682,59.01429|420,0.666666666666667,-0.0345953873194907,0.0412948866832458,0.0098911807591082,-0.0073169325966205,0.0142967424311784,-0.0020154807736507,4.76033208440812,3.0,0.591503267973856,4.22595534096844,0.0,0.368872549019608,4.7939177494029,3.0,0.638071895424837,9.40850386826255e-07,6.02647943219626,8.38749032628481e-05,4.07636796771637,0.534376743439677,0.193755640260023,0.712745646250549,0.401266401691675,0.396567202515776,-0.0335856649947841,7.02180973706844e-06,5.15355094235297,0.0003151712293522,3.50145343427842,0.567962408434461
386.6296512040514,396.1404545454545,0.887416422367096,Unknown,3.862992532839499,3.9455437482131264,4.442784254121772,3.616759709407512,-0.0825512153736274,0.246232823431987,0.3287840388056144,0.906900959105316,0.0424401388083027,0.7341664535065835,0.1342054637299169,0.5920996172493637,0.2276052196586568,0.9958036908894162,0.0018262683699224,0.9594490591941168,0.0179780786650326,0.9390571385666272,0.0273079815259871,ID445,FT0445,396.81240566878,387.025957858469,"13alpha-Hydroxydolineone;4,7-dihydroxy-3-[(4-hydroxy-2-oxo-2",,387.025362480766,387.027281892771,396.324845771143,397.802029049989,11.0,428;1794;3335;4714;5747;6825;7817;9072;10272;11485;12686,58.83861;59.01422;59.40234;97.02653;140.5896;141.0175;141.616;141.755;222.3397;223.0202;305.0233|10459;4489384;1879;1238;14359;7574581;3429;2818;1355;419963;93632,1.0,0.0025175972772096,0.0021821785477715,-0.0047642091045342,0.004187562140199,-0.0130788934741807,-0.000176929204709,7.15042094576963,3.0,0.995915032679739,7.19154886781231,3.0,0.995098039215686,7.18722126018145,3.0,0.995915032679739,0.234563417124227,0.629739720182785,0.361768962564673,0.441568695533421,-0.0411279220426826,0.352268855962435,0.453125751032617,0.537705199155324,0.269455764241587,-0.0368003144118214,0.88857404080191,0.0513063785823914,0.942875304728275,0.0255457389161565,-0.0043276076308611
386.73283756858143,358.2428000000001,0.827739953994751,Unknown,3.890270281635385,3.5105336552750903,3.659651894493224,3.854741803924121,0.3797366263602946,0.0355284777112636,-0.3442081486490309,0.0488527363331305,1.3111111056177345,0.7394808707539671,0.1310730560598517,0.0004771366982849,3.321357179019158,0.8066668867565213,0.0933057702469216,0.2459639679658698,0.6091285093996228,0.9390571385666272,0.0273079815259871,ID446,FT0446,355.787919641507,387.152727916412,Bufotenine O-glucoside;Nisoldipine;Nisoldipine (Sular),,387.150212794043,387.153079510579,350.151994183773,360.803088839812,6.0,429;1795;3336;10273;11486;12687,88.04025;146.0813;218.1047|3118;2214;2884,1.0,-0.0338190929687728,0.0140175164469052,0.0142129804844756,-0.0280320608346333,0.0320273281153481,0.0508340126308554,4.29613259391127,3.0,0.275326797385621,3.76786787815002,0.0,0.0849673202614379,4.10769343911642,3.0,0.19281045751634,4.3332649433114e-05,4.36318475663825,0.0007156154882614,3.14532026844885,0.528264715761253,0.0090895996075883,2.04145524681596,0.0752070981230595,1.12374116831529,0.188439154794846,0.0002949257683277,3.53028728050464,0.0052950518713618,2.27612978110213,0.339825560966407
386.91806421197833,399.9232727272727,0.9725663661956788,Unknown,7.141774409018346,7.064481669834261,7.173238078768369,6.267884655701713,0.0772927391840854,0.8738897533166332,0.7965970141325478,0.5885782243757446,0.2301958095289543,0.4235990709560399,0.373045001064807,0.4597335585183604,0.3374937935144221,0.9241583043832848,0.0342536296116762,0.9594490591941168,0.0179780786650326,0.8994679735769128,0.0460142955162495,ID445,FT0445,396.81240566878,387.025957858469,"13alpha-Hydroxydolineone;4,7-dihydroxy-3-[(4-hydroxy-2-oxo-2",,387.025362480766,387.027281892771,396.324845771143,397.802029049989,11.0,428;1794;3335;4714;5747;6825;7817;9072;10272;11485;12686,58.83861;59.01422;59.40234;97.02653;140.5896;141.0175;141.616;141.755;222.3397;223.0202;305.0233|10459;4489384;1879;1238;14359;7574581;3429;2818;1355;419963;93632,1.0,0.0025175972772096,0.0021821785477715,-0.0047642091045342,0.004187562140199,-0.0130788934741807,-0.000176929204709,7.15042094576963,3.0,0.995915032679739,7.19154886781231,3.0,0.995098039215686,7.18722126018145,3.0,0.995915032679739,0.234563417124227,0.629739720182785,0.361768962564673,0.441568695533421,-0.0411279220426826,0.352268855962435,0.453125751032617,0.537705199155324,0.269455764241587,-0.0368003144118214,0.88857404080191,0.0513063785823914,0.942875304728275,0.0255457389161565,-0.0043276076308611
387.0884238474798,353.20166666666665,0.6078711152076721,Unknown,3.896022042182338,3.405895440169188,3.7289686862319726,3.308618875568316,0.49012660201315,0.5874031666140218,0.0972765646008717,0.0210207802069722,1.6773511687409577,0.0569993425047554,1.2441301539451135,0.6472856422210002,0.1889040261866856,0.7082411614248684,0.1498188366004785,0.9629866308033864,0.0163797421679059,0.8655999289281896,0.0626827878961198,ID446,FT0446,355.787919641507,387.152727916412,Bufotenine O-glucoside;Nisoldipine;Nisoldipine (Sular),,387.150212794043,387.153079510579,350.151994183773,360.803088839812,6.0,429;1795;3336;10273;11486;12687,88.04025;146.0813;218.1047|3118;2214;2884,1.0,-0.0338190929687728,0.0140175164469052,0.0142129804844756,-0.0280320608346333,0.0320273281153481,0.0508340126308554,4.29613259391127,3.0,0.275326797385621,3.76786787815002,0.0,0.0849673202614379,4.10769343911642,3.0,0.19281045751634,4.3332649433114e-05,4.36318475663825,0.0007156154882614,3.14532026844885,0.528264715761253,0.0090895996075883,2.04145524681596,0.0752070981230595,1.12374116831529,0.188439154794846,0.0002949257683277,3.53028728050464,0.0052950518713618,2.27612978110213,0.339825560966407
391.9161002326084,493.9563333333333,0.6775887608528137,Unknown,3.898272803935234,4.121772148081337,4.325767742277501,4.696626597886266,-0.2234993441461035,-0.7983537939510321,-0.5748544498049286,0.4642509278320236,0.333247219624961,0.0831333779082732,1.0802245727145252,0.0008948329811114,3.048258017366242,0.9241583043832848,0.0342536296116762,0.3075242678419825,0.5121206068023879,0.8655999289281896,0.0626827878961198,ID453,FT0453,498.069235773134,393.031132951378,"NCGC00380829-01!1-[(Z)-but-2-en-2-yl]-2,8-dichloro-3,9-dihyd",,393.030216120442,393.033116660377,496.441003045615,499.050353310124,10.0,438;1803;3344;4719;5752;7823;9079;10280;11492;12695,78.72404;78.95909;96.96885;158.9247;176.9345;178.0015;196.0119;241.0117;275.9793|99;56112;904;2638;599;5777;14739;116;505,1.0,-0.0460818975464125,0.0714043863139138,-0.0219741973205735,-0.0025187902794899,0.0142147605411511,-0.0110402169297638,4.56133808417397,3.0,0.472222222222222,3.90090990613627,2.0,0.159313725490196,4.80842447985395,3.0,0.644607843137255,0.0047888699110532,2.31976696034288,0.021576818363285,1.66601259436761,0.660428178037701,0.0033028509913092,2.4811110191369,0.0362713090681955,1.44043677001002,-0.247086395679985,0.0014180633472194,2.8483043680716,0.0156120747755197,1.806539377291,0.907514573717686
398.87007111465584,358.76000000000005,0.6440552473068237,Unknown,3.5641628502015057,3.47323980829283,3.790890287029452,3.351963434995055,0.0909230419086757,0.2121994152064505,0.1212763732977748,0.7646729855080974,0.1165242523663225,0.4372451186732508,0.3592750302085878,0.6016376591129652,0.2206649871885656,0.9729310862067414,0.0119179202044766,0.9594490591941168,0.0179780786650326,0.8994679735769128,0.0460142955162495,ID459,FT0459,358.76910427891,400.036455960298,,,400.034743739621,400.038168180975,358.617513903025,358.920694654794,2.0,10285;12700,,0.0,-1.2660023139307e-05,0.0252033860086219,-0.0191984873073142,0.0131740047884402,0.0441108495100491,0.0028443250856928,3.60516771279387,0.0,0.0089869281045751,3.60516771279387,0.0,0.017156862745098,3.8490867486534,2.0,0.0547385620915033,,,,,,0.128459158802509,0.891234926231498,0.322616764726468,0.491313068320217,-0.243919035859531,0.128459158802509,0.891234926231498,0.282278328495441,0.549322462894966,0.243919035859531
400.31818810676464,419.2689,0.805626630783081,Unknown,4.0550308992715385,3.6842037966000594,3.797739870773665,3.5101082314124543,0.3708271026714791,0.5449226678590842,0.174095565187605,0.1253841713706497,0.9017572858360297,0.0367574734942139,1.4346543472649766,0.4328204922734881,0.363692185353861,0.9029448569380816,0.0443387713462468,0.9594490591941168,0.0179780786650326,0.8328109251977478,0.0794535861848719,ID458,FT0458,421.049976302808,400.129437692333,Nequinate;Propericiazine;MMV020165,,400.128776235396,400.131098710207,420.166579092158,422.149791205946,4.0,443;1809;3352;9084,74.02543;118.0502;259.0909|938;2562;2021,1.0,-0.0412288695506579,-0.0283590705914176,0.037867474251285,-0.0069627596788181,-0.0059483499952789,0.0189674878509136,4.31579055755453,3.0,0.292483660130719,3.7127663700757,0.0,0.0563725490196078,3.7127663700757,0.0,0.0163398692810458,0.0003138300945912,3.50330541228435,0.0030203008303463,2.51994979795256,0.603024187478836,0.0003138300945912,3.50330541228435,0.0105250084739096,1.97777754583237,0.603024187478836,,,,,
402.1640257368297,433.7162,0.8722699880599976,Unknown,4.61399453845139,5.355273417479309,5.29674683125057,5.231018082970058,-0.7412788790279192,-0.617023544518668,0.1242553345092511,0.0677947321850395,1.168804050555501,0.0018835972591659,2.7250119501734584,0.6201397753470426,0.2075104124044663,0.9029448569380816,0.0443387713462468,0.9594490591941168,0.0179780786650326,0.3988689090222418,0.3991698146962136,ID463,FT0463,433.338470956196,402.163814541596,MMV020081,,402.162181845652,402.164920057951,432.193135490768,434.151776615905,11.0,445;1811;3354;4725;5758;6835;7833;9087;10289;11502;12704,58.02996;67.03027;74.02415;78.95915;82.02943;84.04489;86.02417;99.05621;101.0718;109.0405;127.0505;128.0345;144.6217;145.0617;152.9953;168.0427;242.0789;402.1658|1421;1409;5073;3587;1187;8452;748;1067;5328;36599;122238;30533;1511;416978;2138;4685;12919;1582,1.0,0.0368893174626343,0.0283809026360911,-0.0456963445565676,0.0364944317951028,-0.038473945444606,-0.0368595210631583,4.70115962498559,3.0,0.553921568627451,5.28438055115201,3.0,0.852941176470588,5.27618578930903,3.0,0.821895424836601,0.0066173173130099,2.1793180396068,0.0269627049340186,1.56923654095754,-0.583220926166415,0.0007557351786466,3.12163036137816,0.016302287425093,1.78775145409925,-0.575026164323444,0.941275536268048,0.0262832284700062,0.967302176821181,0.0144378348872944,-0.0081947618429714
402.5510480883146,375.7162,0.8549973964691162,Unknown,3.728836987369121,3.861954750885143,3.753078512722998,3.954783884293023,-0.1331177635160219,-0.2259468969239022,-0.0928291334078803,0.508570592821796,0.2936487557302197,0.2545810218771012,0.5941739746071623,0.6742032233498941,0.1712091754582894,0.9241583043832848,0.0342536296116762,0.9636174359089608,0.0160953503813109,0.8906584929769418,0.0502887864752479,ID462,FT0462,375.703813820301,401.963024364355,,,401.962427963866,401.964966288402,374.991711557093,376.307921286968,4.0,7831;10287;11500;12701,59.01333;79.95753;124.0057;206.0062|71;48;876;68,1.0,0.0030992401684517,0.0563534243578563,-0.0093719651491582,-0.0141086976923551,-0.0169042310264061,0.0006013115988555,3.53739760936749,0.0,0.0040849673202614,3.53739760936749,0.0,0.0065359477124183,3.97787321604037,3.0,0.107843137254902,,,,,,0.0129864897943158,1.88650822144191,0.0896438838373344,1.0474793358431,-0.440475606672883,0.0129864897943158,1.88650822144191,0.0711513314082938,1.14781696883528,0.440475606672883
402.7244709180968,467.8363,0.7597779631614685,Unknown,4.31831891110589,3.602526195123921,3.655783990520346,3.748602634291981,0.7157927159819688,0.5697162768139088,-0.14607643916806,0.4254044450124202,0.3711979765059731,0.511406631075657,0.2912336450603749,0.8327993418468309,0.0794596267160631,0.9241583043832848,0.0342536296116762,0.9706578929929058,0.0129338096026886,0.8994679735769128,0.0460142955162495,ID461,FT0461,466.617057379762,402.088254029759,3-Methylpentyl glucosinolate;4-Methylpentyl glucosinolate;He,,402.083795972244,402.091001828016,465.507561664786,467.78081101847,8.0,4724;5757;6834;7832;9086;10288;11501;12703,70.0299;74.02516;82.02963;87.05527;112.0413;113.0359;123.0555;124.0398;127.0506;128.0347;131.046;141.0663;145.0605;146.0469;167.0459;175.0723;180.0776;185.0562;198.0875;224.0683;242.0776;260.0878;286.1042;304.1147|947;4089;480;1672;358;422;1445;1316;312;4195;4782;15964;300;469;19154;494;2300;3166;12422;252;29287;7714;1160;18140,1.0,0.0288180647857284,0.0109460997972133,-0.0338239638709219,0.0120083408933961,-0.0130786168028928,-0.014615897970393,3.73752391290404,0.0,0.0302287581699346,4.18427480318373,3.0,0.327614379084967,4.10521637321576,3.0,0.189542483660131,0.0003772255351979,3.42339891662344,0.0034378963548722,2.46370722048944,-0.446750890279697,0.0004111031480192,3.38604919760023,0.0115491302978424,1.9374507188947,-0.36769246031172,0.207888664532465,0.682169190635887,0.388654313749082,0.410436507613644,-0.0790584299679766
405.72349845767326,411.30281818181817,0.9491286277770996,Unknown,4.486367127306616,4.359924813979131,4.270871648249083,4.051391587515858,0.1264423133274848,0.4349755397907575,0.3085332264632727,0.5313372141048384,0.2746297656555,0.3467589362041892,0.4599723380581068,0.4935817593984747,0.3066408982838999,0.9241583043832848,0.0342536296116762,0.9594490591941168,0.0179780786650326,0.8971514435284977,0.0471342397461038,ID468,FT0468,411.319125323545,405.095341068679,Linusitamarin;Perilloside E;4-Hydroxy-5-(phenyl)-valeric aci,,405.092526512921,405.097549387859,409.638814024915,412.031252283315,10.0,450;1819;3358;4729;5766;7838;9092;10294;11508;12711,59.01326;88.0401;130.0605;141.0178;170.0447;199.0688;212.0693;241.0915|36;364;128;36;80;48;60;96,1.0,-0.0515895994079828,0.0360797343069639,0.0028586232282512,0.0147724384058841,-0.0100196586309445,-0.00471307782395,4.53915226645705,3.0,0.45343137254902,3.80775916719813,2.0,0.109477124183007,4.41110241108447,3.0,0.404411764705882,0.0033484257359125,2.4751593287544,0.0165234602889532,1.78189899896279,0.731393099258915,0.028684451738761,1.54235344660449,0.150003539828672,0.823898492211519,0.128049855372577,0.0060265912143493,2.21992826586962,0.0411288417961739,1.3858535202164,0.603343243886338
409.088125648193,357.80685714285715,0.5040200352668762,Unknown,3.911323872897917,3.851635882342381,4.048040927871279,3.652286041722524,0.059687990555536,0.2590378311753927,0.1993498406198566,0.7418027279058692,0.1297115739296413,0.3421986146187682,0.4657217530200564,0.4711886393031474,0.3268051892469161,0.9721332827797056,0.012274187740873,0.9594490591941168,0.0179780786650326,0.8971514435284977,0.0471342397461038,ID470,FT0470,356.231248184332,410.001356131575,Cyclothiazide;omega-COOH-tetranor-LTE3;MMV090930,,409.999955025796,410.002537724611,355.44331202672,358.157588201793,8.0,452;1822;3363;5768;7841;9094;11510;12714,59.01445;130.0867;214.0476|264;6779;132,1.0,-0.0452572757271986,-0.0109877436688843,-0.0151493116533001,0.0023869161991411,-0.0293116211158281,0.0163644701516952,4.43617705948076,3.0,0.378267973856209,3.85185719437961,1.0,0.132352941176471,4.01988918687851,2.0,0.124183006535948,0.005003369511405,2.30073742219389,0.0222556848396261,1.65255903730622,0.584319865101154,0.0444208549060768,1.35241308744853,0.196029146147424,0.707679351756102,0.416287872602253,0.38648478001704,0.412867604164193,0.573826639032933,0.24121929415823,0.1680319924989
410.1784316997274,359.82910000000004,0.807051420211792,"Fluvastatin; (3S,5R)-7-[3-(4-Fluorophenyl)-1-propan-2-yl-2-indolyl]-3,5-dihydroxy-6-heptenoic acid; 2-Amino-1-[2-(4-fluorophenyl)-3-[(4-fluorophenyl)amino]-5,6-dihydro-8,8-dimethylimidazo[1,2-a]pyrazin-7(8H)-yl]ethanone",4.303959653523068,3.957706570414452,4.141048882495018,3.947506955335258,0.3462530831086168,0.3564526981878102,0.0101996150791934,0.0737491716467781,1.1322428533329,0.2031113459452305,0.6922658159168243,0.9647025700082988,0.0156065644953925,0.9029448569380816,0.0443387713462468,0.995603898594446,0.0019134114459875,0.881195617434593,0.0549276714494428,ID470,FT0470,356.231248184332,410.001356131575,Cyclothiazide;omega-COOH-tetranor-LTE3;MMV090930,,409.999955025796,410.002537724611,355.44331202672,358.157588201793,8.0,452;1822;3363;5768;7841;9094;11510;12714,59.01445;130.0867;214.0476|264;6779;132,1.0,-0.0452572757271986,-0.0109877436688843,-0.0151493116533001,0.0023869161991411,-0.0293116211158281,0.0163644701516952,4.43617705948076,3.0,0.378267973856209,3.85185719437961,1.0,0.132352941176471,4.01988918687851,2.0,0.124183006535948,0.005003369511405,2.30073742219389,0.0222556848396261,1.65255903730622,0.584319865101154,0.0444208549060768,1.35241308744853,0.196029146147424,0.707679351756102,0.416287872602253,0.38648478001704,0.412867604164193,0.573826639032933,0.24121929415823,0.1680319924989
415.280254905612,457.5277,0.8144972324371338,Unknown,4.237563996371367,4.139260514837536,4.0102160205710735,4.053513581164691,0.098303481533831,0.1840504152066762,0.0857469336728451,0.5888918647103105,0.2299644452317406,0.1881702239933932,0.7254490981162616,0.6642456678073083,0.1776712693655823,0.9241583043832848,0.0342536296116762,0.9636174359089608,0.0160953503813109,0.881195617434593,0.0549276714494428,ID475,FT0475,460.933662566524,414.844797023537,,,414.843326481711,414.846518859442,460.010397335426,461.372831909719,11.0,457;1826;3367;4735;5772;6843;7846;9099;10302;11515;12719,,0.0,-0.0005672898385424,-0.0107865784011764,-0.0156773271105568,0.006624998134494,-0.0096976268607632,0.0175428415358987,4.32419424322496,3.0,0.29983660130719,4.34995831777073,3.0,0.45016339869281,4.25717724099678,3.0,0.301470588235294,0.626308040093568,0.203212013101729,0.704157544142582,0.152330163447094,-0.0257640745457692,0.357547473673282,0.446666286211083,0.537705199155324,0.269455764241587,0.067017002228182,0.309809652272023,0.508905055707943,0.526270544689157,0.278790936722123,-0.0927810767739512
416.0514433694478,410.4361818181818,0.9682224988937378,Unknown,5.355627476552251,4.898609058636709,5.14678992063922,5.171245996554171,0.4570184179155419,0.1843814799980805,-0.2726369379174613,0.2326589790528004,0.6332801819966717,0.0174979368203797,1.7570131559049866,0.4196350543371685,0.3771282400463666,0.9029448569380816,0.0443387713462468,0.9594490591941168,0.0179780786650326,0.5637616519316103,0.248904468941376,ID476,FT0476,410.019368444322,416.050969403296,Celecoxib,,416.049456554864,416.052599701104,409.572627098837,411.302762078317,11.0,458;1827;3368;4736;5773;6844;7847;9100;10303;11516;12720,59.01413;88.04002;141.0162;170.0427;223.0203;252.0465;334.0491|39389;110457;51620;156643;2138;9532;2685,1.0,-0.0447452131579362,0.0261911384770266,0.00024936400293,0.0049293135105546,-0.0154764928982947,-0.0024106373776659,5.46815762380902,3.0,0.861928104575163,4.83459869755705,3.0,0.709150326797386,5.32010604600094,3.0,0.837418300653595,0.0010911597303604,2.96211167018482,0.0075438307457074,2.12240806404458,0.633558926251963,0.0089336317241293,2.04897195464849,0.0744263939499882,1.12827302259835,0.148051577808082,0.0034448512537671,2.46282952587908,0.0281128770150091,1.55109470729877,0.485507348443881
417.7568864293832,374.4012727272728,0.9426042437553406,Unknown,4.750820313253251,4.500055491098865,4.408266316988135,4.890227976544161,0.2507648221543856,-0.1394076632909104,-0.3901724854452961,0.5293420718808183,0.2762635870978034,0.1583837373431345,0.8002894133066545,0.3595887502538268,0.4441939036437857,0.9241583043832848,0.0342536296116762,0.9594490591941168,0.0179780786650326,0.8807334056974399,0.0551555308114101,ID479,FT0479,374.130208369494,417.937096309938,,,417.935740867433,417.9386389298,373.298227567543,375.24858177186,11.0,462;1830;3371;4738;5775;6845;7850;9102;10306;11519;12723,59.01326;79.957;124.0069;156.9915;221.9843|1519;3536;67558;300;2953,1.0,-0.0137429346551633,0.0352703085146484,-0.0005356245866958,0.0099979800352472,-0.0038306415980844,0.0030727325533376,4.80259456462747,3.0,0.613562091503268,4.58957407963814,3.0,0.591503267973856,4.95148503209973,3.0,0.712418300653595,0.0531212431897942,1.2747317697818,0.129415941733747,0.888012223044749,0.21302048498933,0.0713021068691507,1.14689763721507,0.252589281812123,0.597585081922452,-0.148890467472262,0.0057976583840812,2.23674737819788,0.039808065994459,1.40002892134424,0.361910952461592
418.5630336163352,455.9434,0.7846807837486267,Unknown,4.180316968110834,3.965680518702289,4.164684579650802,3.815320217960029,0.2146364494085446,0.3649967501508051,0.1503603007422604,0.2781723789570245,0.5556859953435482,0.4073499449113898,0.3900323380858314,0.7213874824092205,0.1418313978753876,0.9075814009642162,0.0421144126784354,0.9657248817257064,0.0151465789323381,0.8994679735769128,0.0460142955162495,ID480,FT0480,451.735752255146,418.00597400915,Ceftizoxime;MMV687794,,418.005150101893,418.006013134444,451.406267962502,452.109624249911,3.0,1831;3372;7851,79.95808;112.9355;128.0353;143.0473;144.9067;144.9147;179.0469;210.0891;254.0779;272.0871;304.0605;306.0729;306.0797;418.0019|84;367;346;627;125;36;172;156;235;535;84;36;48;331,1.0,-0.0211713317334725,-0.0177047805437624,-0.0010697430350887,-0.0099719280256905,0.0096958480373662,-0.0059483394438517,4.01847985044537,2.0,0.0964052287581699,3.74553877092783,0.0,0.0735294117647059,3.74553877092783,0.0,0.0236928104575163,0.116141228606281,0.935013584070682,0.218646672641802,0.660257127348624,0.272941079517539,0.116141228606281,0.935013584070682,0.31408813851289,0.502948464351792,0.272941079517539,,,,,
419.1201978289748,41.28663636363637,0.907384991645813,"10-Chloro-1-[(3S)-3-hydroxypyrrolidine-1-carbonyl]-3-phenyl-6,7-dihydrobenzo[a]quinolizin-4-one",4.975071644160055,4.463131215303254,4.36157898025745,4.609447131294541,0.5119404288568008,0.365624512865514,-0.1463159159912868,0.3827565309422472,0.4170773902365433,0.6844703428819618,0.1646453644792145,0.8795527485602088,0.0557381099055745,0.916331590195946,0.0379473410337079,0.9782296480750544,0.009559178766555,0.9299453091564196,0.0315425919084296,ID481,FT0481,42.6733081782259,418.204683089436,Drotaverine,,418.202286077027,418.206814497256,42.4258540372862,43.9443910105951,6.0,463;1832;3374;4739;7852;9103,,0.0,-0.0211438658201841,-0.0381484010815405,0.0086993034032266,0.0238706207895665,-0.0318748743648983,-0.0318964287974301,4.36193091845927,3.0,0.325980392156863,4.10437593539324,1.0,0.285130718954248,3.92950669010738,0.0,0.082516339869281,0.245894160277892,0.609251785166134,0.376109783265635,0.424685369680445,0.257554983066028,0.0041246773450104,2.38461001869276,0.0428726742039567,1.36781942631442,0.432424228351885,0.373900966300059,0.42724341246482,0.561573265987348,0.250593575220363,-0.174869245285858
419.7017710174802,416.28,0.66354900598526,Unknown,3.984659413153046,3.432940463424577,3.838151591763941,3.7832733055612864,0.5517189497284694,0.2013861075917598,-0.3503328421367095,0.0577200505431644,1.2386732972838828,0.2102561802996216,0.6772512296295802,0.1501080020455008,0.8235961555144037,0.8877018384890114,0.0517328806662789,0.9594490591941168,0.0179780786650326,0.881195617434593,0.0549276714494428,ID482,FT0482,416.74303096409,419.085135841004,BROMO-3-HYDROXY-4-(SUCCIN-2-YL)-CARYOLANE gamma-LACTONE;6-({,,419.083217839992,419.086068635646,416.159147377948,417.39492515102,7.0,465;1834;3375;9104;10308;11520;12725,,0.0,-0.023191619044336,0.0338699608790708,-0.0065004239430078,-0.038885981170967,-0.0015538122600155,-0.0044796909260132,4.02813226380726,3.0,0.101307189542484,3.6680820073853,0.0,0.0343137254901961,4.13325315066783,3.0,0.20343137254902,0.0011635922995193,2.9341991615117,0.007820120314647,2.10678656515175,0.360050256421962,0.243857598535539,0.612863707365255,0.45742232768778,0.339682640439955,-0.105120886860568,0.0018494121476726,2.73296629407943,0.0185930744170837,1.73064879247777,0.46517114328253
420.03781883305066,436.8809,0.823636531829834,"N-[4-[3,5-Bis(trifluoromethyl)pyrazol-1-yl]phenyl]-4-methylthiadiazole-5-carboxamide; Flumetralin; Leukadherin-1",4.314149070462759,4.168321279172732,4.143701508939386,4.123165618806685,0.145827791290027,0.1909834516560735,0.0451556603660465,0.3611398673921305,0.4423245657612362,0.0460048815103872,1.3371960835239731,0.761675310946214,0.1182301214626718,0.916331590195946,0.0379473410337079,0.9690771835419328,0.0136416315648898,0.8460974733545796,0.0725796018527868,ID484,FT0484,439.422680191262,420.143741916988,Norepanorin;Colchicine;Glaudine,,420.141872907718,420.144779122152,438.752882971149,440.287986686722,10.0,467;1836;3377;4741;5777;7854;9106;10310;11522;12727,74.02527;99.05591;128.0347;143.0458;160.007;179.0457;210.0877;254.0786;272.0888;306.0756|324;561;2832;6680;989;1159;1270;864;1349;2650,1.0,-0.0351519541414845,0.0031204847917315,-0.0099316530442718,0.0159943360312919,-0.0167503974921796,0.0036688477938735,4.45368070550308,3.0,0.395424836601307,4.00470698089449,2.0,0.218137254901961,4.22356519425773,3.0,0.263071895424837,0.0390677237398901,1.4081818919747,0.103663223785818,0.984375289316463,0.448973724608594,0.0006609316054307,3.17984347988022,0.0157643259082666,1.80232459520337,0.230115511245355,0.209840468564039,0.678110752657173,0.391188221747978,0.407614229822233,0.218858213363239
421.0636341965463,484.9272,0.8674799799919128,Unknown,5.412821526740814,5.293790364444356,5.286983723884873,5.456527908209494,0.1190311622964577,-0.04370638146868,-0.1627375437651377,0.3765988762918005,0.4241209801796789,0.5724284810014164,0.2422787661875273,0.2605294583748802,0.5841431633958013,0.916331590195946,0.0379473410337079,0.9594490591941168,0.0179780786650326,0.9090612199101226,0.0414068686219553,ID486,FT0486,485.193274626993,421.06294749932,"{[3,4-dihydroxy-5-(hydroxymethyl)-2-{[3,4,5-trihydroxy-6-(hy",,421.062276726348,421.063872416619,483.292661767475,485.823494624251,11.0,469;1838;3379;4742;5778;6847;7856;9107;10312;11524;12729,62.96414;78.72348;78.95924;96.96881;102.9697;120.9803;158.9247;176.9343;192.0172;200.9461;210.0282;271.9837;289.9941|1091;980;348696;34769;907;9376;11904;9752;23901;3283;91550;552;3348,1.0,-0.0284216026262416,0.03818128424182,-0.0081490610236748,0.0145033064510461,-0.0127519635020057,-0.0020594542449831,5.46611898086099,3.0,0.861111111111111,5.06505798651362,3.0,0.792483660130719,5.54633573069893,3.0,0.897875816993464,0.0327783045785265,1.48441351358531,0.0925640854647121,1.03355748534818,0.401060994347377,0.167085882224466,0.777060243888968,0.369204532328591,0.432732976245217,-0.0802167498379394,0.0150095249168831,1.82363305387541,0.0785476034888007,1.1048670608782,0.481277744185316
423.0197186127948,358.24030000000005,0.8840931057929993,Unknown,4.413553059162715,4.452222517227,3.9374323224412495,4.5866087812610274,-0.0386694580642847,-0.1730557220983124,-0.1343862640340276,0.8903010523666581,0.050463113272445,0.5373606575570655,0.2697341332719095,0.3621288923198966,0.4411368237758429,0.9958036908894162,0.0018262683699224,0.9594490591941168,0.0179780786650326,0.8994679735769128,0.0460142955162495,ID493,FT0493,357.721389624989,424.016298907525,EP_M424;Progoitrin;(2S)-2-Hydroxy-3-butenyl-glucosinolate,,424.014998499779,424.017241707099,355.515218151429,361.23626876095,10.0,476;1846;3386;4746;5782;7862;9113;10319;11531;12736,59.0139;130.0872;156.9905;228.0646|2076;27548;381;2358,1.0,-0.0496428097674557,0.0119207556217772,-0.0009417897265618,0.0112598806495384,-0.0093158327266194,0.0067135564180799,4.71602575983584,3.0,0.56781045751634,4.03957719417648,2.0,0.236928104575163,4.42659832985501,3.0,0.416666666666667,0.0068112415859389,2.16677371558004,0.0273335306209727,1.56330426767897,0.676448565659363,3.14944349501183e-05,4.50176617903492,0.0022732047461227,2.64336144588229,0.28942742998083,0.0423021530543563,1.373637527759,0.150328685360701,0.822958140469677,0.387021135678532
423.9960225631938,417.658,0.923957586288452,Unknown,3.8388495444158046,4.341008811326529,3.7895794510857694,3.774747476997416,-0.5021592669107244,0.0641020674183892,0.5662613343291136,0.1995878987500853,0.6998657940375386,0.8889343771152511,0.0511302983196147,0.2301167655920291,0.6380517388330744,0.9029448569380816,0.0443387713462468,0.9594490591941168,0.0179780786650326,0.9688380723533432,0.0137488030936518,ID491,FT0491,419.401870232178,423.096016773384,"Azimsulfuron;Sulfinpyrazone sulfide;3-Glucosyl-2,3',4,4',6-p",,423.09281787177,423.100759854574,418.836511225565,420.053844860576,7.0,475;1844;3384;7861;9112;11529;12734,74.02422;88.04004;118.0506;200.0549;215.0631;215.0716;259.0937|491;36;1496;149;84;36;600,1.0,-0.0294616900118259,0.0150328643746031,-0.0127718023102031,-0.0079847044925502,-0.0483279105765646,-0.0168608466920206,4.17816985409987,3.0,0.202614379084967,3.77249694216133,0.0,0.0874183006535948,4.08370274001828,2.0,0.173202614379085,0.0055524093299988,2.25551852468452,0.023941033777737,1.62085710061827,0.405672911938534,0.613418433970532,0.212243177079668,0.742494457150704,0.129306784081926,0.0944671140815849,0.11633045429041,0.934306575908851,0.273912994266569,0.562387364590118,0.31120579785695
424.28207434758497,358.6356,0.8228970766067505,N-Docosahexaenoyl Proline; Jervine,3.960848891472248,4.050850312941172,4.208238134175083,4.0887121233379125,-0.0900014214689246,-0.1278632318656649,-0.0378618103967403,0.5488669755657833,0.2605328992257032,0.5239454510033746,0.2807139259197245,0.8575841960912582,0.0667232309320897,0.9241583043832848,0.0342536296116762,0.975288902294314,0.0108667175454765,0.8994679735769128,0.0460142955162495,ID493,FT0493,357.721389624989,424.016298907525,EP_M424;Progoitrin;(2S)-2-Hydroxy-3-butenyl-glucosinolate,,424.014998499779,424.017241707099,355.515218151429,361.23626876095,10.0,476;1846;3386;4746;5782;7862;9113;10319;11531;12736,59.0139;130.0872;156.9905;228.0646|2076;27548;381;2358,1.0,-0.0496428097674557,0.0119207556217772,-0.0009417897265618,0.0112598806495384,-0.0093158327266194,0.0067135564180799,4.71602575983584,3.0,0.56781045751634,4.03957719417648,2.0,0.236928104575163,4.42659832985501,3.0,0.416666666666667,0.0068112415859389,2.16677371558004,0.0273335306209727,1.56330426767897,0.676448565659363,3.14944349501183e-05,4.50176617903492,0.0022732047461227,2.64336144588229,0.28942742998083,0.0423021530543563,1.373637527759,0.150328685360701,0.822958140469677,0.387021135678532
424.4840179705394,465.5865,0.8003871440887451,Unknown,3.145452021900519,3.3342075672977534,3.508361138949536,3.931665717252391,-0.1887555453972345,-0.7862136953518721,-0.5974581499546376,0.6847643170804751,0.1644588787322039,0.0369522280020095,1.4323593710768077,0.2578150632336806,0.5886917119315924,0.955025423751189,0.019985066900146,0.9594490591941168,0.0179780786650326,0.8328109251977478,0.0794535861848719,ID494,FT0494,466.686074031637,424.073932103992,Cefprozil;Cefprozil;3-Methylpentyl glucosinolate,,424.070800705839,424.077749545147,466.400127564327,467.78081101847,7.0,4747;5783;7863;9114;10320;11532;12737,128.0346;150.0149;167.0443;181.0594;207.0406;209.0538;221.0569;238.0806;264.0582;282.0711;326.0973|312;774;915;360;523;216;396;1062;1001;3097;3376,1.0,0.0163055436395987,0.0210126227598749,-0.0512850205883705,0.024258745884642,-0.0247715879339767,-0.0103087855188951,3.62112603152296,0.0,0.0122549019607843,3.92532523553015,2.0,0.17483660130719,3.99834416487017,3.0,0.11437908496732,0.116392222480938,0.93407603898563,0.218646672641802,0.660257127348624,-0.304199204007191,0.0005994686142418,3.22223354987691,0.0157425670870456,1.80292444727337,-0.377218133347218,0.666087467181176,0.176468737766746,0.80385116256508,0.094824355804378,0.0730189293400274
425.3170200955628,39.98172727272727,0.9235554933547974,Unknown,4.833167840141781,4.240086180340392,4.5197171196025465,4.418440405318385,0.5930816598013884,0.414727434823396,-0.1783542249779923,0.1705906125471797,0.7680448713580125,0.3134947283366147,0.5037697577792554,0.5955048570494176,0.2251146919794269,0.9029448569380816,0.0443387713462468,0.9594490591941168,0.0179780786650326,0.8906584929769418,0.0502887864752479,ID496,FT0496,39.5787954951808,425.254705024113,Prostaglandin PGE2 1-glyceryl ester;Prostaglandin PGE2 glyce,,425.250449775257,425.261460924457,38.4407694241265,40.9415682581814,11.0,477;1848;3388;4749;5785;6851;7865;9116;10321;11534;12739,79.95747;95.95181;96.9604;122.975;167.0024;423.9487;425.1116;425.2582|2701;402;19864;1394;180;565;305;146597,1.0,-0.0011996876097708,-0.0331011591147639,0.0246452047257334,0.035962179716892,-0.0127601985944197,0.0078812963756805,5.14584342249559,3.0,0.758169934640523,5.13452078853031,3.0,0.815359477124183,4.82742209207356,3.0,0.656045751633987,0.912299543299589,0.0398625425455204,0.93254114166026,0.0303319989810637,0.0113226339652819,0.0250152878884795,1.60179449467309,0.14187074070086,0.848107163826717,0.318421330422039,0.027117868629279,1.56674444750845,0.111825274524271,0.951460026987369,-0.307098696456757
426.42185966875377,498.1523000000001,0.8633694052696228,Unknown,4.337067800180744,4.747023758816654,4.77483618137199,4.2180340025126375,-0.4099559586359103,0.1190337976681066,0.5289897563040169,0.4992881972665597,0.3016487001627742,0.8853207367905374,0.0528993632194043,0.4689052156541061,0.3289149365569489,0.9241583043832848,0.0342536296116762,0.9594490591941168,0.0179780786650326,0.9674252036365066,0.0143826024368379,ID497,FT0497,498.498045944151,426.020456384528,STD_ADP;ADENOSINE 5'-DIPHOSPHATE;ADENOSINE 5'-DIPHOSPHATE,+,426.019392504474,426.021959309854,492.494513754407,500.418909201609,11.0,478;1849;3389;4750;5786;6852;7866;9117;10322;11535;12740,78.95904;134.0474;158.924;272.9564;328.0447;408.0109;426.0204|9608;5453;8097;958;1217;1216;2617,1.0,-0.0309918766346072,0.0149058843867678,-0.0242277968236925,0.0051438512873033,0.0090722678198337,0.0045630526788165,4.9565031535545,3.0,0.69281045751634,4.5624728878742,3.0,0.577614379084967,4.89082590609668,3.0,0.694444444444444,0.0323488621645421,1.49014099055483,0.0915663086681038,1.03826429326529,0.394030265680296,0.443131880557805,0.353467004081969,0.601384442654947,0.220847810948672,0.0656772474578222,0.0530015431374186,1.27571148575186,0.177228655705924,0.751466056665671,0.328353018222474
427.1270575029709,144.94672727272726,0.9527999758720398,Unknown,4.139594546370144,4.107920300069738,4.40528114184926,4.338871056151167,0.0316742463004056,-0.1992765097810238,-0.2309507560814294,0.8867787266074164,0.0521847339470714,0.1845473190887389,0.7338922594004508,0.3226382774987219,0.4912841096056852,0.9958036908894162,0.0018262683699224,0.9594490591941168,0.0179780786650326,0.881195617434593,0.0549276714494428,ID501,FT0501,143.47710753362,427.127192729293,"6-[2-(carboxymethyl)-3,5-dihydroxy-4-(3-methylbut-2-en-1-yl)",,427.124916258149,427.132382733206,141.014640679816,145.054690866691,11.0,482;1853;3392;4752;5788;6854;7869;9120;10324;11538;12744,129.0554;169.0184;185.0132;251.0599;253.0763;279.0545;297.0663;427.1278|1432;385;5360;1292;592;420;9901;2018,1.0,0.0190347180944316,0.0086629398148465,0.0057284877667868,0.0216066084600112,-0.0112973487722288,-0.0193984412412562,4.26505343778703,3.0,0.263888888888889,4.51298347441808,3.0,0.554738562091503,4.45912180996061,3.0,0.437091503267974,0.0715314615136236,1.14550290146448,0.157889008649047,0.801648102095666,-0.247930036631045,0.0857312033186384,1.06686108049609,0.27758075968642,0.556610639988095,-0.194068372173579,0.425029349501712,0.371581079628407,0.611475461992686,0.213620966158347,-0.0538616644574663
429.2743190512319,36.913545454545456,0.9452746510505676,"N-Eicosapentaenoyl Glutamine; Urea, N'-(2,4-difluorophenyl)-N-((4-(2,2-dimethylpropyl)phenyl)methyl)-N-heptyl-",4.49288802254213,4.206014193989431,4.561043916414004,4.1628931811246055,0.2868738285526984,0.3299948414175242,0.0431210128648258,0.0530979727732873,1.274922059524582,0.3124396149958826,0.5052339060259763,0.8813741678454983,0.0548396823563463,0.8488534142220109,0.0711673002047292,0.9783868441597204,0.0094893956562059,0.8906584929769418,0.0502887864752479,ID503,FT0503,36.7206074534578,429.08196860445,Coumestrin;Daidzein 4'-O-glucuronide;Daidzein 7-O-glucuronid,,429.078644774197,429.090166272753,35.7166232356834,37.2964341441142,10.0,485;1856;3396;4756;5791;6858;7872;9123;10328;12747,79.95613;80.9647;272.0839;319.1106;347.1095;349.1229;429.0779|4180;3563;842;240;875;5621;32711,1.0,-0.0030118300558023,-0.0240718161531662,-0.0024312655082231,0.0468018348209478,0.0193884044419704,-0.0137227388108405,4.69144884779811,3.0,0.54656862745098,4.69601738116099,3.0,0.649509803921569,4.50822167433753,2.0,0.468954248366013,0.917771515540528,0.0372654254336209,0.935473231696222,0.0289686352007933,-0.0045685333628844,0.271915649052707,0.565565797555322,0.479162355471468,0.319517308843298,0.183227173460583,0.263800543421278,0.578724314155009,0.463637400862397,0.333821537477656,-0.187795706823468
430.4307512442476,444.1221111111111,0.7185803651809692,Unknown,2.859796422803338,3.452550029417361,3.23559802318146,3.4708829439222235,-0.5927536066140231,-0.6110865211188856,-0.0183329145048625,0.3786689389507039,0.4217403172598266,0.0222921558161921,1.6518479300032431,0.9757406335488829,0.0106656089604305,0.916331590195946,0.0379473410337079,0.995603898594446,0.0019134114459875,0.6661800767099746,0.1764083597930007,ID504,FT0504,443.931002851123,429.102796176174,"6-[1-(6,7-dimethoxy-2H-1,3-benzodioxol-5-yl)-3-oxopropoxy]-3",,429.102241947455,429.103754756907,442.781323445066,444.226082966365,8.0,1855;4755;5790;7871;9122;10327;11541;12746,78.95865;140.0111;152.9953;171.0061;214.0481|16833;35603;11950;1013;64955,1.0,0.0236637959575433,0.0642451942179181,-0.0997762623811239,0.0336317643937052,-0.0121398568127447,-0.0402083472482754,3.69818509272485,1.0,0.0245098039215686,4.16373880919453,2.0,0.318627450980392,4.5798036829642,3.0,0.512254901960784,0.197866437575213,0.703627865278266,0.316113312620161,0.500157214139122,-0.465553716469683,0.0009340478028187,3.02963089682221,0.0176301522782036,1.75374393652099,-0.881618590239351,0.217807201886941,0.661927764212717,0.40218513386402,0.395573986449732,0.416064873769668
431.0655854483324,410.666,0.757563591003418,"4-Fluoranyl-3-(4-Oxidanylpiperidin-1-Yl)sulfonyl-~{n}-[3,4,5-Tris(Fluoranyl)phenyl]benzamide",4.037082519238082,3.64000299487852,3.496860416078251,3.721263026784555,0.3970795243595622,0.3158194924535262,-0.0812600319060359,0.3591622455964057,0.444709321756691,0.242514832612439,0.6152616940731105,0.8470213928144436,0.0721056207626368,0.916331590195946,0.0379473410337079,0.9735552463675488,0.0116393985232123,0.8894756286949214,0.0508659469261094,ID508,FT0508,410.019368444322,431.027153074337,Vanillic acid + O-sulfonateHex,,431.02356996648,431.033613958376,409.975650861126,410.106888696754,3.0,488;7875;12752,,0.0,-0.0082574531999198,0.0230427215634283,-0.0203545664755326,0.0503110010482394,0.0057762058732271,0.0489788274782639,3.69906525629848,1.0,0.0253267973856209,3.58301984638115,0.0,0.0122549019607843,3.79994291253438,1.0,0.0351307189542484,0.373900966300058,0.42724341246482,0.484179615133447,0.314993499118616,0.116045409917328,0.702779732506273,0.153180771632645,0.808531349397693,0.0923031364174697,-0.100877656235905,0.373900966300059,0.427243412464819,0.561573265987348,0.250593575220363,0.216923066153233
431.1255274731908,477.65289999999993,0.867982029914856,O-Desmethyl Gefitinib,4.518868270662259,4.455928364296968,4.026708067127891,4.53713757415229,0.0629399063652913,-0.0182693034900305,-0.0812092098553218,0.6363048027111378,0.1963347987768612,0.7490255815196905,0.1255033495593862,0.5574551369482573,0.2537900781628562,0.9365171328981912,0.028484273115138,0.9594490591941168,0.0179780786650326,0.9423372477691286,0.0257936421823875,ID509,FT0509,477.014761045231,431.024652188774,Vanillic acid + O-sulfonateHex,,431.021662532402,431.027173942124,474.757103097827,477.869053727095,11.0,489;1858;3399;4761;5795;6862;7877;9126;10330;11544;12751,78.95899;79.95692;96.95999;150.979;152.9955;171.006;222.999;241.0116;259.0229;333.0582|8610;456;19084;300;40906;4438;336;29260;1265;70965,1.0,-0.0092583157347715,0.0126395492263783,-0.0139564955067275,0.0062581946503606,-0.0196309396913477,-0.0014108663584359,4.58008001462576,3.0,0.48202614379085,4.4768775547358,3.0,0.533496732026144,4.62170928848898,3.0,0.544117647058823,0.35411425322611,0.450856592380917,0.484179615133447,0.314993499118616,0.103202459889966,0.312909801799808,0.504580832504507,0.515345564805206,0.287901457250487,-0.0416292738632196,0.233317836533888,0.632052059268211,0.426106283622923,0.370482061381241,0.144831733753185
431.1657100264523,330.6589,0.7563542723655701,Armillaricin; 15beta-hydroxycyproterone acetate; Ilepatril,3.5108440156119336,4.066489125009964,3.88168698491902,3.992408150669557,-0.5556451093980304,-0.4815641350576229,0.0740809743404073,0.1535809976855382,0.8136625154948268,0.1094187903963624,0.9609080905738006,0.8288338623532219,0.0815325139541392,0.9029448569380816,0.0443387713462468,0.9706578929929058,0.0129338096026886,0.8655999289281896,0.0626827878961198,ID505,FT0505,332.96634445537,429.895576125491,,,429.893623600907,429.895907123748,331.935098909854,334.203152122432,6.0,4757;5792;6859;9124;11542;12748,61.98827;215.931;248.9326;429.8932|3750;4230;460;675,1.0,0.0326385912174039,0.0058637469434494,-0.0658634077919734,-0.0297293620578957,-0.0183794805581917,0.0043919870985439,3.66327468998544,0.0,0.0204248366013072,4.19428392427513,3.0,0.334150326797386,4.07664896726763,2.0,0.166666666666667,0.0117203211923258,1.93106048642856,0.0423298465176296,1.37335330621693,-0.531009234289688,0.127087356194762,0.895897654858975,0.321532954196091,0.492774509234076,-0.413374277282191,0.65840765012057,0.181505131644742,0.798712814647303,0.0976093476371848,-0.117634957007497
433.2778264798701,272.5944444444445,0.7138715982437134,Polysorbate 60,4.3311392251724845,4.719662870928829,3.818999804146308,3.8470326982013865,-0.3885236457563445,0.484106526971098,0.8726301727274426,0.5019482262175521,0.2993410761370586,0.1497029442936398,0.8247696580543662,0.1898683317670657,0.72154746541419,0.9241583043832848,0.0342536296116762,0.9594490591941168,0.0179780786650326,0.8807334056974399,0.0551555308114101,ID511,FT0511,270.675335301792,434.265972510822,N-Docosahexaenoyl GABA;Smenospongiarine;Smenospongiarine,,434.263448915489,434.268501982159,269.46952895757,274.43564403802,8.0,494;1861;3403;7881;9128;10336;11550;12757,78.9605;140.0135;196.0362;237.2231;434.2673|1118;750;1117;699;2521,1.0,-0.0258397068402765,0.0329270620236012,0.0040605926763522,-0.0214254060356415,-0.0093406996970054,-0.0052098027149097,4.21926930304546,3.0,0.226307189542484,3.82079333563692,0.0,0.118464052287582,4.26256989163425,3.0,0.304738562091503,2.49917369427659e-05,4.60220355906185,0.0005095772803753,3.29278994336415,0.398475967408548,0.542929433414454,0.26525661363446,0.676840821016161,0.169513456400112,-0.043300588588786,0.0021322149847022,2.67116900885617,0.0205258076289106,1.68769974568824,0.441776555997334
433.6551930283048,275.3544,0.8270365595817566,Unknown,4.432930187342676,4.025759240618084,4.786093088513422,4.665181609604319,0.4071709467245927,-0.2322514222616423,-0.6394223689862351,0.3952891675851464,0.4030850868016182,0.6723942163829666,0.17237603081223,0.1973719176751121,0.7047146392364311,0.916331590195946,0.0379473410337079,0.9594490591941168,0.0179780786650326,0.9275028178685516,0.0326847622704327,ID511,FT0511,270.675335301792,434.265972510822,N-Docosahexaenoyl GABA;Smenospongiarine;Smenospongiarine,,434.263448915489,434.268501982159,269.46952895757,274.43564403802,8.0,494;1861;3403;7881;9128;10336;11550;12757,78.9605;140.0135;196.0362;237.2231;434.2673|1118;750;1117;699;2521,1.0,-0.0258397068402765,0.0329270620236012,0.0040605926763522,-0.0214254060356415,-0.0093406996970054,-0.0052098027149097,4.21926930304546,3.0,0.226307189542484,3.82079333563692,0.0,0.118464052287582,4.26256989163425,3.0,0.304738562091503,2.49917369427659e-05,4.60220355906185,0.0005095772803753,3.29278994336415,0.398475967408548,0.542929433414454,0.26525661363446,0.676840821016161,0.169513456400112,-0.043300588588786,0.0021322149847022,2.67116900885617,0.0205258076289106,1.68769974568824,0.441776555997334
434.12274651785697,461.6350909090909,0.9626449942588806,Unknown,5.404300322273958,5.2694393179140375,5.322235571464524,5.118564711009508,0.1348610043599203,0.2857356112644496,0.1508746069045292,0.6613210891148427,0.1795876276964912,0.0027645564685779,2.558374534775219,0.6269471746709147,0.2027690504219351,0.9466244381257992,0.0238222879451597,0.9594490591941168,0.0179780786650326,0.3988689090222418,0.3991698146962136,ID510,FT0510,461.024995283438,434.122830634672,(-)-alpha-Narcotine;(±)-alpha-Narcotine;Noscapine,,434.121311528032,434.124261739692,460.241189730008,462.230074424351,11.0,493;1860;3402;4763;5798;6864;7880;9127;10335;11549;12756,58.02985;74.02435;86.02417;87.05552;99.05589;127.0502;128.0348;135.056;141.0672;143.0457;145.0615;146.0455;153.0653;160.0071;166.0982;167.0457;177.0335;179.0456;181.061;184.1088;185.0563;192.0765;197.0552;198.0877;210.0882;228.0979;242.0778;254.0778;272.0887;288.0657;306.0765|3942;8794;3069;927;10371;1745;36574;4426;4463;72729;3171;6122;5564;20671;4446;5939;6902;19917;2614;843;3030;1380;2360;1261;21665;659;2573;20012;25744;5776;57775,1.0,-0.0220348459592707,-0.0166040403192918,-0.0072315914508513,0.0213403049585676,-0.0238858535513828,0.0086731250787581,5.48902675254957,3.0,0.866830065359477,5.23081873786489,3.0,0.839869281045752,5.20041365934927,3.0,0.798202614379085,0.111659931944562,0.952102641182977,0.218646672641802,0.660257127348624,0.258208014684684,5.87149010696696e-05,4.23125166653641,0.0030838087170504,2.51091256826889,0.288613093200299,0.822826309627313,0.0846918303179947,0.904557482142084,0.0435638297064387,-0.0304050785156145
434.285871807332,295.2195,0.7748890519142151,Unknown,4.110533755370127,3.5717395868496244,3.875226619829832,3.704440252294772,0.5387941685205022,0.4060935030753549,-0.1327006654451472,0.1633395724759385,0.7869085854659182,0.3048781290955569,0.5158737293040105,0.6755794822315391,0.1703235486938867,0.9029448569380816,0.0443387713462468,0.9636174359089608,0.0160953503813109,0.8906584929769418,0.0502887864752479,ID512,FT0512,292.793163597243,434.265783884157,N-Docosahexaenoyl GABA;Smenospongiarine;Smenospongiarine,,434.265418027662,434.266149740653,291.817366159805,293.768961034682,2.0,495;1862,78.9599;196.0372;237.2179;434.2615|48;36;36;48,1.0,-0.0146074699515835,-0.0083945287064614,0.0166166274572539,-0.0008672318270788,0.0075836753752358,0.0341226405877197,3.95923621030964,2.0,0.0800653594771242,3.73583707120934,0.0,0.0678104575163399,3.73583707120934,0.0,0.0220588235294118,0.120211636236939,0.92005349149386,0.220720324684599,0.656157673671377,0.223399139100297,0.120211636236939,0.92005349149386,0.314319602974508,0.502628532764873,0.223399139100297,,,,,
435.30232700290713,373.6746363636364,0.9709570407867432,Unknown,4.437668824093014,4.395156967237138,4.3849899694790135,4.497041887365119,0.0425118568558762,-0.0593730632721047,-0.101884920127981,0.8196333254689292,0.086380391933814,0.6032279792005786,0.219518523022544,0.6165423765440975,0.2100370678650451,0.9871985497178342,0.0055954913274507,0.9594490591941168,0.0179780786650326,0.9183282556596352,0.0370020528513844,ID513,FT0513,372.308026467206,434.946000481994,Perfluorooctanoic acid;isoPFOA;5mPFOA,,434.945168393885,434.955153832979,370.40221800051,373.925296591707,11.0,496;1863;3404;4764;5799;6865;7882;9129;10337;11551;12758,59.01412;141.016;156.9906|15647;9147;6666,1.0,-0.0063056106257311,0.0355619342024673,0.0062113084377648,-0.0190736292266644,-0.0088053186650026,0.0045347049035488,4.49336580456309,3.0,0.420751633986928,4.36123131819414,3.0,0.459150326797386,4.68222838550243,3.0,0.576797385620915,0.141730116796066,0.848537854984846,0.247103377544446,0.607121318382257,0.132134486368954,0.120565734259119,0.91877610460625,0.314564593920119,0.50229016133909,-0.188862580939336,0.0249915090408542,1.60220751945061,0.106054876547916,0.974469357235501,0.32099706730829
435.9076382793874,273.78511111111106,0.5811554789543152,Unknown,4.893064003409262,3.602232988076462,4.814632681091828,4.580188256079567,1.2908310153328002,0.312875747329695,-0.9779552680031052,0.0467570666876263,1.330152742192331,0.5532073725857755,0.2571120406885696,0.1037872093426188,0.983856165314132,0.8066668867565213,0.0933057702469216,0.9594490591941168,0.0179780786650326,0.9035188365361556,0.0440627888491086,ID517,FT0517,268.806378862912,436.281591311164,PE(P-16:0e/0:0);Phosphatidylethanolamine lyso alkenyl 16;3-h,,436.280725618109,436.282957010677,266.951091947508,271.810016784328,11.0,499;1868;3408;4767;5802;6867;7885;9132;10340;11553;12761,78.95909;122.0017;140.0114;152.9954;196.0375;237.2221;239.2369;375.2302;436.2811|18639;384;11442;1605;19694;1876;20393;3175;35347,1.0,-0.0241078449068605,0.0319355648666117,-0.0217039783590829,-0.0121346784849545,-0.0047597080184789,-0.0120914143798907,5.3113847878758,3.0,0.808823529411765,4.99149403048254,3.0,0.772058823529412,5.42006893924357,3.0,0.865196078431373,0.0294813945001006,1.53045197775413,0.0848720398940522,1.0712353594578,0.319890757393261,0.158450848174592,0.800105431724175,0.359115618376937,0.444765706465634,-0.108684151367767,0.0085322236995295,2.06893776665467,0.0529633247731433,1.27602475987298,0.428574908761028
436.0991342435836,292.73027272727273,0.9631201028823853,"N-(4-(2-Chlorophenyl)-6,7-dimethyl-3-quinolyl)-N'-(2,4-difluorophenyl)urea; N-[2-[(R)-[3-Methyl-4-(2,2,2-trifluoroethoxy)pyridin-2-yl]methylsulfinyl]-1H-pyrrol-3-yl]benzamide",4.662959399598985,4.918663003218306,4.903499641071354,5.068030446815084,-0.2557036036193212,-0.405071047216099,-0.1493674435967777,0.5156969889826791,0.2876054043156527,0.3388416617005868,0.470003197118481,0.1104529701561052,0.9568226011591078,0.9241583043832848,0.0342536296116762,0.9594490591941168,0.0179780786650326,0.8971514435284977,0.0471342397461038,ID518,FT0518,291.896612226444,436.282273549644,PE(P-16:0e/0:0);Phosphatidylethanolamine lyso alkenyl 16;3-h,,436.279339100866,436.283388044731,290.531676777101,294.305203081978,10.0,500;1867;3409;4768;5803;6868;7886;9133;10341;12762,78.95898;122.0016;140.0114;152.9954;196.0372;237.2224;239.2366;375.2304;436.2811|6408;252;4074;587;7553;506;7511;1090;13371,1.0,-0.0350100186083408,-0.0228722886628581,-0.018372877794546,0.0547906564777675,0.0897043573081476,-0.0199055386005112,5.1982001036713,3.0,0.775326797385621,4.79337340081223,3.0,0.687908496732026,4.86255816730483,2.0,0.67483660130719,0.0343284527532534,1.46434577058728,0.094718185004963,1.02356663251602,0.40482670285907,0.369629840413261,0.432232975212515,0.537705199155324,0.269455764241587,0.335641936366476,0.844176806649446,0.0735665840490982,0.913025332122246,0.0395171726866386,0.0691847664925938
437.09022373089465,360.2044545454545,0.9144495129585266,"Riboflavin cyclic-4',5'-phosphate; o-Raffinose",5.049696264734833,4.610052745002797,4.422238230335823,4.793956103565008,0.4396435197320363,0.2557401611698253,-0.1839033585622109,0.254570220379693,0.5941924014726279,0.2299755579209456,0.6383183188699298,0.6026508038647536,0.2199342598048827,0.9029448569380816,0.0443387713462468,0.9594490591941168,0.0179780786650326,0.8894522633669387,0.0508773554076522,ID519,FT0519,357.436234766341,436.904548041518,,,436.903140902671,436.906706962031,355.515218151429,362.946794284257,9.0,501;1869;3410;4769;5804;6869;7887;9134;12763,59.01427;141.017;142.9742;156.9905|34455;822;18682;17150,1.0,-0.031772026648996,-0.0577718981500422,-0.0255715783403943,0.0565300998387361,-0.0102386892302433,0.0076539233560194,5.14845348726816,3.0,0.76062091503268,4.81074782249343,3.0,0.699346405228758,4.52544084641467,1.0,0.479575163398693,0.0003842990024125,3.41533074290301,0.0034608939292831,2.46081171091475,0.337705664774735,0.106336369284091,0.973318172184367,0.311027443329739,0.507201289555655,0.623012640853492,0.396348538439661,0.401922738956038,0.584013566109954,0.233577064500162,-0.285306976078758
437.8849047024145,348.0534,0.7641274333000183,Unknown,3.301575455356128,4.608385489620101,3.6675523360218953,4.698328684808738,-1.306810034263973,-1.3967532294526095,-0.0899431951886367,0.1149680861187122,0.9394226983077504,0.20765552116574,0.6826565173355255,0.9229842019309796,0.034805732422536,0.9029448569380816,0.0443387713462468,0.9899530561711076,0.0043853992703578,0.881195617434593,0.0549276714494428,ID522,FT0522,347.857056216023,437.213006127756,MMV023183;Lucidone A;Dehydrocholic acid,,437.212805416701,437.213206838812,347.432387489276,348.28172494277,2.0,10342;11554,59.01427;71.01438;87.77639;88.04028;99.04527;101.0594;116.0726;129.0546;146.0815;217.438;218.1033|370;2808;180;35713;637;84;265;274;30283;168;54778,1.0,0.0111205147531669,0.105290889353473,0.034538714014589,-0.0816578896008848,0.0110659309942955,-0.0337119928941366,4.22595534096844,0.0,0.234885620915033,4.22595534096844,0.0,0.368872549019608,5.0481302938107,2.0,0.750816993464052,,,,,,0.116118083360165,0.935100141226291,0.31408813851289,0.502948464351792,-0.822174952842254,0.116118083360165,0.935100141226291,0.273912994266569,0.562387364590118,0.822174952842254
444.370810962833,388.0805555555555,0.6407485604286194,Unknown,3.631556129239211,3.1641972491294688,3.1423081916798434,3.711119659586505,0.4673588801097423,-0.0795635303472939,-0.5469224104570363,0.2214854272434805,0.6546548431472035,0.8022107678274677,0.0957115129144989,0.1134475411069184,0.9452049126945996,0.9029448569380816,0.0443387713462468,0.9594490591941168,0.0179780786650326,0.9540608526408736,0.0204239239087996,ID528,FT0528,388.441960523034,444.080263216309,,,444.07968254013,444.082059488281,387.82695060847,388.740828429043,3.0,511;1880;3422,,0.0,-0.023978685678139,-0.0161024879993234,0.0241681068243326,-0.0085545504163164,0.0017778022463134,0.0286409603338511,4.39021540314361,3.0,0.347222222222222,4.0268959141886,0.0,0.227941176470588,4.0268959141886,0.0,0.129084967320261,0.000309193692386,3.50976937435874,0.0030203008303463,2.51994979795256,0.363319488955014,0.000309193692386,3.50976937435874,0.0105250084739096,1.97777754583237,0.363319488955014,,,,,
444.6863928782426,483.03790909090907,0.973575472831726,Unknown,4.418346904666324,4.1543732656935335,4.5840360814134,4.659611771399426,0.2639736389727902,-0.2412648667331023,-0.5052385057058926,0.5122554981154951,0.290513371553598,0.3622957101476959,0.440936808306655,0.2329046843804471,0.6328217764712429,0.9241583043832848,0.0342536296116762,0.9594490591941168,0.0179780786650326,0.8971514435284977,0.0471342397461038,ID529,FT0529,482.272384893367,445.0501890468,"CDP-Ethanolamine;3,4,5-trihydroxy-6-{[3-(4-methoxy-1-benzofu",,445.048730588478,445.0521615509,480.043655372386,483.160976936955,11.0,513;1883;3424;4777;5814;6877;7898;9140;10351;11560;12769,78.95902;96.96868;158.9251;174.9789;201.9655;272.9571;304.0339;322.0435;383.9967;445.0516|26368;3372;7386;903;6559;4244;1128;3932;6817;19195,1.0,-0.0097035110002915,0.0182771994539793,-0.0097426992415978,0.0066719530927123,-0.0094410402279389,-0.0044150554363256,4.65735969962742,3.0,0.526143790849673,4.52911447050587,3.0,0.562091503267974,4.73793870327785,3.0,0.606209150326797,0.143181178794483,0.84411406640602,0.249272008812971,0.603326486440373,0.12824522912155,0.0366242519677635,1.43623123679729,0.179117799097402,0.746861255771846,-0.0805790036504241,0.0343916986882747,1.46354637280478,0.129468104416828,0.887837210593677,0.208824232771974
445.1147316561764,51.215818181818186,0.8122020363807678,"Glycitin; Glucoobtusifolin; Sissotrin; Prunitrin; Rheochrysin; Trifolirhizin; Calycosin 7-galactoside; Physcionin; Kaempferide 3-rhamnoside; 3,6,7-Trihydroxy-4'-methoxyflavone 7-rhamnoside; 3 Pound feminine-Methoxy Puerarin; Febantel; 7-O-Methylapigenin 6-C-beta-D-glucopyranoside; Tilianin; Acacetin 7-glucoside; Prunetinoside; Physcion 8-glucoside; (-)-maackiain-3-O-glucoside",4.454428080682145,4.246074367221619,4.552745820079759,4.624402605442995,0.208353713460526,-0.1699745247608506,-0.3783282382213766,0.6797527409629529,0.1676490325338634,0.6434002473509175,0.1915187764724109,0.3951229482569389,0.4032677462944156,0.955025423751189,0.019985066900146,0.9594490591941168,0.0179780786650326,0.9271385126474756,0.0328553782776072,ID531,FT0531,46.8334704947556,445.187105632129,Estrone glucuronide;Cubebininolide;5'-O-Methylmelledonal,,445.179739836268,445.194625096775,46.2654766133263,48.0130371796126,9.0,514;1884;4778;5816;6878;7899;9142;10353;11562,,0.0,0.0162606960818025,-0.0074189881055811,0.0365870863523423,0.012154888566847,-0.0544113220908852,0.0031028767894705,4.61608918724011,2.0,0.496732026143791,4.81179351102103,3.0,0.700980392156863,4.57210432097511,2.0,0.508986928104575,0.389586541743941,0.409396054224881,0.5012541280406,0.299942037757554,-0.195704323780916,0.879267545506934,0.0558789567149532,0.924706639877455,0.033996023898429,0.043984866265002,0.275979545487953,0.559123104930799,0.478135223580525,0.320449261233783,-0.239689190045918
445.4703018135549,481.60819999999984,0.7539658546447754,Unknown,3.801470319331249,3.789585188822875,3.9528451800810527,3.961638951473304,0.0118851305083742,-0.1601686321420552,-0.1720537626504295,0.9864958092047202,0.005904755361745,0.7832515811708678,0.1060987197235126,0.7363102265644166,0.132939167593851,0.9958036908894162,0.0018262683699224,0.9657248817257064,0.0151465789323381,0.9540608526408736,0.0204239239087996,ID529,FT0529,482.272384893367,445.0501890468,"CDP-Ethanolamine;3,4,5-trihydroxy-6-{[3-(4-methoxy-1-benzofu",,445.048730588478,445.0521615509,480.043655372386,483.160976936955,11.0,513;1883;3424;4777;5814;6877;7898;9140;10351;11560;12769,78.95902;96.96868;158.9251;174.9789;201.9655;272.9571;304.0339;322.0435;383.9967;445.0516|26368;3372;7386;903;6559;4244;1128;3932;6817;19195,1.0,-0.0097035110002915,0.0182771994539793,-0.0097426992415978,0.0066719530927123,-0.0094410402279389,-0.0044150554363256,4.65735969962742,3.0,0.526143790849673,4.52911447050587,3.0,0.562091503267974,4.73793870327785,3.0,0.606209150326797,0.143181178794483,0.84411406640602,0.249272008812971,0.603326486440373,0.12824522912155,0.0366242519677635,1.43623123679729,0.179117799097402,0.746861255771846,-0.0805790036504241,0.0343916986882747,1.46354637280478,0.129468104416828,0.887837210593677,0.208824232771974
445.79187707960665,409.5863636363637,0.9180878400802612,Unknown,4.879643885195918,4.438263547946183,4.072310357769011,4.087140640899389,0.4413803372497353,0.7925032442965287,0.3511229070467934,0.007036087030702,2.1526687973100973,0.2392675948714882,0.6211161159351043,0.5406845119591748,0.2670560707184464,0.5927228664362193,0.2271483179516168,0.9594490591941168,0.0179780786650326,0.8894756286949214,0.0508659469261094,ID530,FT0530,411.352236187242,445.073032693688,"({2-[2-(2-hydroxypropan-2-yl)-7-oxo-2H,3H,7H-furo[3,2-g]chro",,445.059350503838,445.077483851746,410.116883146812,412.291827736759,9.0,512;1882;3423;5815;7897;9141;10352;11561;12770,59.0146;88.04021;141.016;170.0431;199.0698;212.0634;252.0441;281.0736;334.0465;363.0731|510;5058;659;5026;4122;36;143;339;36;165,1.0,-0.069538396748724,0.0371900537451942,0.0196913165561957,0.0149040876014225,-0.0060150060156848,-0.0044846839633969,5.03684319059709,3.0,0.720588235294118,4.03450095838566,1.0,0.23202614379085,4.73829002773904,3.0,0.60702614379085,0.0007946609828043,3.09981810995875,0.0059377463497742,2.22637835865076,1.00234223221143,0.0036921762538557,2.43271757518408,0.0394703443775018,1.40372908438239,0.298553162858045,0.0023638994505231,2.62637100029994,0.0218942115774648,1.65967068937213,0.70378906935338
450.4706496437464,51.62571428571429,0.5192273855209351,Longamide,3.859656155991268,4.581989404580826,3.953769475875754,4.206026375763449,-0.7223332485895582,-0.3463702197721816,0.3759630288173765,0.1521772177933812,0.8176503602277623,0.2363048177741888,0.6265274238969754,0.3869370870307902,0.4123596421554596,0.9029448569380816,0.0443387713462468,0.9594490591941168,0.0179780786650326,0.8894522633669387,0.0508773554076522,ID533,FT0533,49.3518863154888,449.344066472783,Vitamin K1;Reduced Vitamin K (phylloquinone);Vitamin K1,,449.340430782967,449.34915914767,47.9461940550958,50.5214908502024,9.0,518;1886;3426;5818;7901;9144;10356;11565;12774,,0.0,-0.0383226727759531,0.0295004755868685,-0.0198717173375509,-0.0104351314666134,-0.0355179941266598,-0.0282387646813895,4.90407162083572,3.0,0.67156862745098,4.40997975468096,1.0,0.491013071895425,4.86875185157128,3.0,0.681372549019608,0.0589028245248769,1.22986387930192,0.137860112652581,0.860561370957351,0.494091866154762,0.73817585449429,0.131840164547286,0.832562647349486,0.0795830774918736,0.035319769264448,0.0883245313959698,1.05391865802767,0.251401775949016,0.599631658702035,0.458772096890314
450.92082341347646,373.6755454545455,0.970704972743988,Unknown,5.385156423223106,5.186786113887627,5.264588998143819,5.397049541055896,0.1983703093354787,-0.0118931178327903,-0.210263427168269,0.2397405336028915,0.6202585323750013,0.7990999815044705,0.0973988793854102,0.2204182050439826,0.6567525385696622,0.9029448569380816,0.0443387713462468,0.9594490591941168,0.0179780786650326,0.9540608526408736,0.0204239239087996,ID535,FT0535,372.714076296512,450.920802675302,Fipronil sulfone,,450.919501296465,450.92247351214,371.590452034251,375.24858177186,11.0,520;1889;3430;4782;5821;6881;7903;9146;10359;11567;12777,58.83967;59.01427;156.9904;254.9676|420;129841;103927;1604,1.0,-0.0228097701509778,0.0372486684813379,0.0182407474411908,0.0027198510065535,-5.40272679952594e-05,0.0130812342355469,5.52436659061109,3.0,0.875,5.15768678988204,3.0,0.822712418300654,5.56720903453013,3.0,0.900326797385621,0.05100878556373,1.2923550161914,0.125487871233471,0.901398247975176,0.366679800729044,0.732116641466727,0.135419721250614,0.830021049082723,0.0809108939075863,-0.0428424439190387,0.0175421233484479,1.75591783955028,0.084245505957361,1.07445325710322,0.409522244648083
451.0361852838588,281.7937,0.8568174839019775,Unknown,4.452918502865618,4.540263300420674,4.678956033767983,4.381226487010934,-0.0873447975550556,0.0716920158546843,0.1590368134097399,0.8555922151094436,0.0677331756554325,0.9070658973506498,0.0423611607721321,0.72879355175923,0.137395478581399,0.9958036908894162,0.0018262683699224,0.9657248817257064,0.0151465789323381,0.9756754722676264,0.010694612702697,ID534,FT0534,281.454746134186,450.260759124314,LysoPE(0:0/16:1(9Z));LysoPE(16:1(9Z)/0:0);PF-1052_130138,,450.259336480955,450.261925805484,280.121426691328,285.014946557482,9.0,519;1887;3427;5820;7902;9145;10358;11566;12776,78.95934;140.0114;196.038;214.048;253.2165;450.2618|1449;878;2916;492;40966;6256,1.0,-0.0496870667173703,0.0323462379353832,-0.0328674430711215,-0.0115965194667846,-0.0015511862786269,-0.0066574240575507,5.05333525316273,3.0,0.724673202614379,4.40364112164469,1.0,0.483660130718954,4.98960816440892,3.0,0.725490196078431,0.024260156652095,1.6151063991446,0.0735137744394718,1.13363127856787,0.649694131518036,0.513108289851465,0.289790968763708,0.65851220340467,0.181436172376912,0.0637270887538053,0.03839352214202,1.41574204478079,0.140016376061679,0.853821167055326,0.585967042764231
451.0850433925618,444.2210909090909,0.968209981918335,Unknown,4.626386565586447,4.843233606692388,4.94912071940248,5.02972941077212,-0.2168470411059404,-0.4033428451856728,-0.1864958040797324,0.4119718760418871,0.3851324308035538,0.0057253508451217,2.242197894938867,0.4709186873038273,0.3270540752572061,0.9241583043832848,0.0342536296116762,0.9594490591941168,0.0179780786650326,0.4226768569022696,0.3739915307250281,ID537,FT0537,443.795556508189,451.085019336415,"6-[1-(6,7-dimethoxy-2H-1,3-benzodioxol-5-yl)-3-oxopropoxy]-3",,451.083014418543,451.086408268936,442.781323445066,444.226082966365,11.0,521;1891;3431;4783;5822;6882;7904;9147;10360;11568;12779,78.95897;140.0111;152.9949;171.0065;213.3962;214.0479;451.0842|20703;55345;23234;1571;468;133318;5589,1.0,0.0190932116375223,0.0239916394452357,-0.0333367402730022,0.0147228659476058,-0.0137459198071651,-0.0104125380320567,4.70536227080206,3.0,0.55718954248366,5.00839821511541,3.0,0.774509803921569,5.08994214761217,3.0,0.765522875816993,0.0117524262152022,1.92987246674521,0.0423298465176296,1.37335330621693,-0.303035944313348,0.0003223719482902,3.49164275605049,0.0105250084739096,1.97777754583237,-0.384579876810112,0.314536275412522,0.502329260225113,0.531976570154222,0.274107494916998,0.0815439324967642
451.8165592929672,475.1212222222222,0.6073857545852661,Unknown,3.718954732920696,3.650709435175513,3.338678950234774,3.164347487447749,0.0682452977451837,0.5546072454729472,0.4863619477277634,0.8280588049260433,0.0819388205242394,0.0733706697908091,1.1344775162922056,0.1599421474770422,0.7960370771872792,0.9904905858914436,0.00414964785368,0.9594490591941168,0.0179780786650326,0.8655999289281896,0.0626827878961198,ID543,FT0543,478.427926387316,453.016419710443,Alginic acid;Cefazolin;lamotrigine-2-N-glucuronide,,453.014891164581,453.017691832903,475.903687428074,480.514212311345,9.0,528;1897;3439;4788;5827;7910;9152;10365;12786,78.95862;152.9944;171.0067;241.0119;333.0576|622;2831;216;2894;4885,1.0,-0.0288733784120127,-0.0121869322471397,-0.0077954935248136,0.0451512392999801,0.025651851019283,0.0007905262132159,4.24438505078989,3.0,0.250816993464052,3.89380828757385,2.0,0.155228758169935,3.96431704810352,2.0,0.100490196078431,0.0436928197606809,1.35958992674872,0.113525836224836,0.944905290426825,0.350576763216042,0.139891919625704,0.854207370306718,0.336513610277471,0.472997366064466,0.280068002686375,0.733867723876862,0.134382212518955,0.845433004703157,0.0729208018338658,0.0705087605296675
451.8552596278917,280.85779999999994,0.8158165812492371,Unknown,4.396982188055453,4.473049522313792,4.384962539852761,4.56259934362001,-0.0760673342583384,-0.1656171555645569,-0.0895498213062184,0.911934212304192,0.0400364909082264,0.8388306074809841,0.0763257312615574,0.8628386700222438,0.0640703992661362,0.9958036908894162,0.0018262683699224,0.9770309377187626,0.0100916841135585,0.9590639928757037,0.0181524138662645,ID541,FT0541,280.209111027162,452.276385068393,LPE 16:0;LysoPE(0:0/16:0);LysoPE(16:0/0:0),+,452.27466094651,452.276926550139,278.801146256296,282.372911630689,11.0,526;1895;3435;4786;5825;6884;7907;9149;10363;11570;12783,78.95921;140.0112;196.0376;227.1999;255.2322;452.2775|1133;679;2910;1022;43715;7965,1.0,-0.0510685119091213,0.0292785969977484,-0.0270929651400162,-0.0147916631944933,0.0091961039716736,-0.0188124381125061,5.22134377589777,3.0,0.785130718954248,4.54441982085608,3.0,0.566993464052288,5.13850956745301,3.0,0.781045751633987,0.0150785437334858,1.82164060004787,0.0506942058416141,1.29504167606735,0.676923955041685,0.47131859407604,0.326685426471368,0.624924445302907,0.204172486610372,0.0828342084447558,0.0112326990430239,1.94951587698412,0.0633263757642944,1.19841536639567,0.594089746596929
451.9257055641153,277.1032000000001,0.7439289689064026,Unknown,4.046638449879736,3.6776844694002144,3.720657342874016,4.045880462981514,0.3689539804795214,0.0007579868982219,-0.3681959935812995,0.5397197724331,0.2678316714265494,0.9991108249956828,0.0003863355832585,0.4610367460736868,0.3362644585994169,0.9241583043832848,0.0342536296116762,0.9594490591941168,0.0179780786650326,0.9994997226215908,0.0002173220700555,ID541,FT0541,280.209111027162,452.276385068393,LPE 16:0;LysoPE(0:0/16:0);LysoPE(16:0/0:0),+,452.27466094651,452.276926550139,278.801146256296,282.372911630689,11.0,526;1895;3435;4786;5825;6884;7907;9149;10363;11570;12783,78.95921;140.0112;196.0376;227.1999;255.2322;452.2775|1133;679;2910;1022;43715;7965,1.0,-0.0510685119091213,0.0292785969977484,-0.0270929651400162,-0.0147916631944933,0.0091961039716736,-0.0188124381125061,5.22134377589777,3.0,0.785130718954248,4.54441982085608,3.0,0.566993464052288,5.13850956745301,3.0,0.781045751633987,0.0150785437334858,1.82164060004787,0.0506942058416141,1.29504167606735,0.676923955041685,0.47131859407604,0.326685426471368,0.624924445302907,0.204172486610372,0.0828342084447558,0.0112326990430239,1.94951587698412,0.0633263757642944,1.19841536639567,0.594089746596929
454.5831661282924,426.1012727272728,0.738429069519043,Unknown,4.191719777156151,4.192707023587837,3.6141317157754735,3.2763332128089764,-0.000987246431686,0.9153865643471746,0.9163738107788606,0.999123341851861,0.0003808947779123,0.114997589476421,0.9393112630208303,0.3566567113108083,0.4477495993235811,0.9999153981209,3.674368356597213e-05,0.9594490591941168,0.0179780786650326,0.8736672380768721,0.0586539497285545,ID545,FT0545,423.301210996548,453.115961888373,Oleoside dimethyl ester;NCGC00180557-02_C18H26O11_Methyl (2S,,453.112287259866,453.118148325124,422.019538900031,424.036566479419,7.0,529;1898;3438;7909;9151;10366;12785,74.02436;118.0492;215.0624;259.09|498;1630;561;591,1.0,-0.0357977009230016,0.0015797676026495,0.0018695093398008,0.0320213752342391,0.018412885053974,-0.028348050017262,4.26578764408344,3.0,0.266339869281046,3.78056718493742,0.0,0.0931372549019608,4.03003935306632,2.0,0.132352941176471,0.0008543561975528,3.068361025822,0.0062859974316269,2.20162580076522,0.485220459146023,0.173089793293357,0.761728540715388,0.373379411247099,0.427849633436475,0.235748291017113,0.131099961890364,0.882397434555583,0.284374824397871,0.546108854176602,0.24947216812891
456.7828116838402,463.8729,0.7977985143661499,Unknown,3.909821515120976,3.768687153987512,3.4120766070016453,3.186339979363145,0.1411343611334632,0.7234815357578301,0.5823471746243669,0.3903142006610706,0.4085856476514947,0.0688152325371542,1.162315418238274,0.1012993045630917,0.9943935361347688,0.916331590195946,0.0379473410337079,0.9594490591941168,0.0179780786650326,0.8655999289281896,0.0626827878961198,ID549,FT0549,461.784963017269,456.099808027276,,,456.097446843561,456.101788256965,460.933662566524,462.649553634308,5.0,1906;3444;4791;7915;9156,181.0589;207.0384;238.0785;294.0664;328.0585|268;180;164;144;1362,1.0,-0.0138444041887596,-0.0258964486128041,-0.0069405617448939,0.0095418730705879,-0.0120646703698378,-0.0354681139048506,3.85669093888095,2.0,0.0522875816993464,3.71262321162571,1.0,0.0555555555555556,3.60932752959436,0.0,0.005718954248366,0.423088603152783,0.373568673214016,0.532834121283146,0.273407971881109,0.144067727255245,0.117446285548223,0.93016071401979,0.31408813851289,0.502948464351792,0.247363409286593,0.373900966300059,0.42724341246482,0.561573265987348,0.250593575220363,-0.103295682031348
457.0723014893725,424.5960909090909,0.9639317393302916,Fluoxastrobin,4.734929098307994,3.6213737651791615,4.576795752798159,4.783454634877361,1.1135553331288317,-0.0485255365693673,-1.1620808696981988,0.0883292719450489,1.0538953492251664,0.3693289789729234,0.4325866145957876,0.0800851563612101,1.0964479721530334,0.9029448569380816,0.0443387713462468,0.9594490591941168,0.0179780786650326,0.8971514435284977,0.0471342397461038,ID550,FT0550,424.584419199615,457.165792717892,"MMV595321;[(6Z,10Z)-6-(acetyloxymethyl)-10-(hydroperoxymethy",+,457.162335570427,457.167227609488,424.163414812585,425.353585285648,10.0,535;1908;3446;4792;5830;7916;9157;10372;11578;12789,59.01421;71.0141;74.02484;85.03006;89.02408;99.00868;101.0242;113.0239;119.0346;131.0351;143.0351;149.0448;161.0453;179.0552;185.0457;221.0661;263.077;281.0886|17065;5112;577;396;21089;539;6534;3402;19450;1070;1547;1229;3893;33129;1360;8575;7359;1593,1.0,-0.0654615898010871,0.0719854291588009,-0.0111994895347304,0.0086341738006526,-0.0011314482486378,-0.0188633024142959,4.80283481813978,3.0,0.61437908496732,3.86703709124525,2.0,0.14297385620915,4.87830482686197,3.0,0.688725490196078,0.0016496428999609,2.78261005782314,0.0100670472262396,1.99709789403417,0.935797726894533,0.0150516770071778,1.8224151097453,0.101013476803727,0.995620680563498,-0.0754700087221885,0.0012622929527487,2.89883984239964,0.0143019017073576,1.84460621105944,1.01126773561672
458.0728905031905,411.9111818181818,0.97615247964859,4-Methylumbelliferyl-6-sulfo-2-acetamido-2-deoxy-beta-glucopyranoside,5.091923096100609,4.931795744745249,5.122957049269859,5.211590978833352,0.16012735135536,-0.1196678827327435,-0.2797952340881036,0.5345378802863823,0.2720215128753643,0.1432995949449796,0.8437550371909935,0.3216738085908163,0.4925842988976868,0.9241583043832848,0.0342536296116762,0.9594490591941168,0.0179780786650326,0.8807334056974399,0.0551555308114101,ID551,FT0551,410.938379562958,458.072511350766,,,458.071823098544,458.073055771545,409.638814024915,412.031252283315,11.0,536;1909;3448;4793;5832;6888;7917;9158;10373;11579;12790,59.0141;88.04003;112.0516;130.0618;141.016;170.0429;194.0546;212.0648;223.0196;294.0684;376.071|18868;44654;1573;46714;40722;10548;2009;84860;1899;6430;2155,1.0,-0.0044041752541226,0.0133137515676112,-0.0166351578659374,0.0008767905016618,-0.0163007373252302,-0.0037910652610581,5.17307946310649,3.0,0.767156862745098,5.12923390162669,3.0,0.814542483660131,5.26896068043563,3.0,0.819444444444444,0.572529251519743,0.242202319557372,0.660991064854367,0.179804411181033,0.0438455614797961,0.121856691360303,0.91415061796824,0.316565340136014,0.499536636573081,-0.095881217329139,0.124544072969822,0.904676935632488,0.278969161527413,0.554443802886642,0.139726778808935
461.8535935275966,35.98072727272727,0.9126038551330566,Unknown,4.544918766671786,4.005613567566747,4.4617883698421785,4.182236365138425,0.5393051991050388,0.3626824015333607,-0.1766227975716781,0.3430779151235386,0.4646072377837703,0.3106754325120361,0.5076930883810293,0.749465162106708,0.1252485499490695,0.916331590195946,0.0379473410337079,0.9672527102163736,0.0144600447234227,0.8906584929769418,0.0502887864752479,ID557,FT0557,35.9713271173624,462.206689059934,"Dihydroxyacidissiminol;(2R,2'R,4a'S,6'R,8a'S)-4-hydroxy-2',5",,462.203026466643,462.210307804698,35.2450084935965,37.2964341441142,11.0,540;1914;3452;4796;5836;6892;7922;9163;10380;11584;12794,194.0817;239.013;240.0162;241.0216;255.0392;256.0463;462.0636;462.2023|1259;36;36;36;571;449;36;1781,1.0,0.0105511467333841,-0.0074353283356391,0.0086667293181608,0.0308797258165522,0.0018690209405072,-0.0018685557845707,4.30634896573821,3.0,0.281045751633987,4.45058386451223,3.0,0.51797385620915,4.31198669866592,3.0,0.338235294117647,0.166137454457695,0.779532448038627,0.278823991798667,0.554669859492684,-0.144234898774023,0.950008253548571,0.0222726216005945,0.9695029609594,0.0134508602042908,-0.0056377329277097,0.179548005417374,0.745819415049407,0.350975749283208,0.454722890133406,-0.138597165846313
462.1534390237081,462.8174000000001,0.8660799860954285,Rosuvastatin 5 S-lactone; ent-Rosuvastatin Lactone; Sipoglitazar,4.161034458358452,4.034241172413683,3.984436150048136,3.815267437066173,0.1267932859447684,0.3457670212922781,0.2189737353475096,0.5782900252803947,0.2378542986233345,0.0093625928661869,2.0286038615677726,0.3737390308509895,0.4274315449171314,0.9241583043832848,0.0342536296116762,0.9594490591941168,0.0179780786650326,0.4708699143921361,0.3270990573400104,ID556,FT0556,462.513855234312,462.153213345668,Rosuvastatin 5 S-lactone;18-Carboxy-dinor-LTE4;6-Hydroxyfluv,,462.151755046867,462.156109956043,461.98353709289,463.524879238145,6.0,541;1915;3453;7923;9164;11585,74.02641;128.0341;143.0443;160.0064;179.0459;210.0865;254.0754;272.0874;306.076|72;282;598;144;108;172;172;174;734,1.0,-0.0412034975907278,-0.0129534590838602,0.034448995916218,-0.0002693933300572,-0.050042055853814,-0.0037579314779353,4.25478517121638,3.0,0.258169934640523,3.65523943813842,0.0,0.0310457516339869,3.75558277002641,1.0,0.0277777777777778,2.09187201174599e-05,4.67946489069045,0.0004660225981723,3.33159302317358,0.599545733077957,0.0085476014086883,2.06815573803385,0.0717048784839969,1.14445129584399,0.499202401189964,0.373900966300059,0.427243412464819,0.561573265987348,0.250593575220363,0.100343331887994
462.4208308007657,292.11881818181814,0.8986453413963318,Unknown,4.029769859432718,5.0521961078580295,4.00021887597641,4.350326609783426,-1.0224262484253115,-0.3205567503507085,0.7018694980746032,0.2234882688731209,0.6507452684934873,0.7518109563476552,0.1238913494832646,0.4416775214093298,0.3548947030198636,0.9029448569380816,0.0443387713462468,0.9594490591941168,0.0179780786650326,0.9436116811953484,0.025206691517598,ID559,FT0559,290.035573942224,462.298042536323,Phosphatidylethanolamine lyso alkenyl 18;Perindopril Erbumin,,462.296283338004,462.299366080229,288.280821894899,291.749587655746,11.0,543;1916;3455;4798;5838;6894;7925;9166;10382;11587;12796,78.9588;140.0112;152.9976;196.0375;265.2525;401.244;462.2986|6067;4089;492;7863;4752;1266;18925,1.0,-0.0273726979371175,0.0180406356030128,-0.0208601469361869,-0.0070123559233932,0.0164559593333449,-0.002252649111695,5.26621486026974,3.0,0.79983660130719,4.91283191506132,3.0,0.740196078431373,5.25083891314355,3.0,0.815359477124183,0.0366132493540234,1.43636172662514,0.0996509931513351,1.00151836863439,0.353382945208425,0.846212044798631,0.0725207973073094,0.908643688992663,0.0416063854695777,0.0153759471261976,0.0265174801469332,1.5764677476231,0.109737231671883,0.959645999897092,0.338006998082228
462.59927473782153,267.88950000000006,0.8073510527610779,Unknown,5.289223053777621,5.146340516335472,4.613828786802732,5.338893472793629,0.1428825374421496,-0.0496704190160075,-0.1925529564581571,0.2380280017901788,0.6233719492140168,0.4704924871360557,0.327447307032483,0.1415494362425582,0.8490918559861522,0.9029448569380816,0.0443387713462468,0.9594490591941168,0.0179780786650326,0.8994679735769128,0.0460142955162495,ID558,FT0558,264.978748296069,462.297814008009,Phosphatidylethanolamine lyso alkenyl 18;Perindopril Erbumin,,462.295811500482,462.298740856878,263.016571845436,269.192806222262,11.0,542;1917;3454;4797;5837;6893;7924;9165;10381;11586;12795,78.95906;122.0008;140.0113;152.9952;166.027;196.038;265.2534;401.2444;462.2986|22082;504;15624;2184;603;27236;16718;4235;63722,1.0,-0.0183236398271703,0.0201531438300054,-0.0133509330773967,0.0177507568399412,0.0141639823635078,0.0008685062381988,5.39240746056351,3.0,0.838235294117647,5.15607579723302,3.0,0.821895424836601,5.43324793902204,3.0,0.869281045751634,0.0570014967568442,1.24411374038534,0.134510124327186,0.87124502589242,0.236331663330488,0.595069851332785,0.225432052308698,0.724641512510085,0.139876790177763,-0.040840478458529,0.0411134972612088,1.3860155790055,0.148084726246391,0.829489733166738,0.277172141789017
462.7429381319773,385.65588888888885,0.6755573749542236,Unknown,3.7794813048328457,4.148904778739998,3.5550297489768563,3.767376887930309,-0.369423473907152,0.0121044169025363,0.3815278908096884,0.4029373478698652,0.3947624764138974,0.9801184546735912,0.0087214333868301,0.3278035521330801,0.4843863446537523,0.9190893930394493,0.036642245941763,0.9594490591941168,0.0179780786650326,0.995139582946811,0.0021159988000645,ID560,FT0560,389.517571994925,463.009940521125,"{4-[2,3-dioxo-3-(2,4,6-trihydroxy-3-methoxyphenyl)propyl]-2-",,463.008714398264,463.011901696634,388.352169569597,409.958116083554,12.0,544;1918;3456;4799;4800;5840;6895;7926;9167;10383;11588;12798,59.01523;135.0273;173.0122;217.0012;299.0125|48;147;79;703;60,1.0,0.0165962027299782,0.0084239284898481,0.0260799559939963,0.017122747736527,-0.0158349199592318,-0.0237150035231026,4.53260813456253,3.0,0.45016339869281,4.7318589437268,3.0,0.66421568627451,4.65098365593439,3.0,0.560457516339869,0.169669649511227,0.770395837285383,0.28270441601386,0.548667407515178,-0.199250809164274,0.368733427131179,0.433287490111335,0.537705199155324,0.269455764241587,-0.118375521371863,0.566856854514932,0.246526597443971,0.723846714672289,0.140353392394264,-0.080875287792411
464.0963636387714,503.8266,0.8708000183105469,Delphinidin 3-glucoside,4.290872830441839,3.830557746275389,4.021220836738611,3.9488551202466895,0.4603150841664503,0.3420177101951487,-0.1182973739713015,0.0356939146780787,1.4474058188177952,0.0078195125099858,2.106820321214118,0.3793869668195875,0.4209175926238388,0.7727922506229227,0.1119372415726058,0.9594490591941168,0.0179780786650326,0.4708699143921361,0.3270990573400104,ID563,FT0563,503.441503966525,464.09610919619,"Delphinidin 3-glucoside;5,7-dihydroxy-3-{[3,4,5-trihydroxy-6",,464.093435862879,464.097387326173,501.670650445459,505.236505908052,9.0,547;1921;3460;5843;7929;9170;10386;11591;12801,128.0348;143.046;160.0076;179.0461;210.0877;254.0782;272.0882;306.0757|3104;5453;1595;1556;1847;2026;2695;7830,1.0,-0.0466522556576604,-0.0005442670665706,0.0058188356366121,0.0059144550205493,-0.0067350570306044,-0.0002600265221782,4.39312617443682,3.0,0.348856209150327,3.75577207525723,1.0,0.0808823529411765,4.0214964580369,3.0,0.125,0.0034203938194358,2.46592388699615,0.0166144748677084,1.77951338087703,0.637354099179586,0.0006980375186249,3.15612123397586,0.016215948509595,1.79005764332555,0.371629716399917,0.0656074035772473,1.18304714917132,0.205618340030695,0.686938151257978,0.265724382779669
464.2006872539136,290.7768181818182,0.949068009853363,"N-4-[2(R)-Amino-3-mercaptopropyl]amino-2-naphthylbenzoyl-(L)-leucine, TFA",4.723937565030627,4.4740265671534685,4.454251434889593,4.544808960419866,0.2499109978771585,0.1791286046107609,-0.0707823932663975,0.3389965464930222,0.4698047261233585,0.7149136352722584,0.1457464197236012,0.8812239517286365,0.0549137072064576,0.916331590195946,0.0379473410337079,0.9783868441597204,0.0094893956562059,0.9359694704326328,0.0287383169017228,ID562,FT0562,289.912379587703,463.301267546941,"Ercalcitriol;Nandrolone decanoate;3,5-Dihydroxyergosta-7,22-",,463.29959963711,463.303017722069,288.280821894899,291.623015577108,9.0,546;1920;3458;5842;7928;9169;10385;11590;12800,,0.0,-0.0276276383535046,0.0191015698733306,-0.0216092315684716,-0.0065616935033058,0.0181139547273959,0.0002679102444063,4.66601220607509,3.0,0.531862745098039,4.30873548333599,1.0,0.426470588235294,4.65329860652469,3.0,0.563725490196078,0.0391471982956705,1.40729931427705,0.103663223785818,0.984375289316463,0.357276722739099,0.861730790180969,0.0646283891632887,0.917154885056045,0.0375573164073172,0.0127135995503975,0.0403839577930563,1.39379112067086,0.146360492995331,0.834576136321318,0.344563123188702
465.92738505972216,37.88063636363636,0.9872501492500304,Unknown,4.891044019929271,5.395462723858915,5.522875215467257,4.828602818828117,-0.5044187039296446,0.0624412011011532,0.5668599050307979,0.4502951995902549,0.346502682845141,0.9482575896441008,0.0230736726142445,0.5139835692983326,0.2890507640341455,0.9241583043832848,0.0342536296116762,0.9594490591941168,0.0179780786650326,0.9946731882040908,0.0023195884742269,ID567,FT0567,38.2129061144104,466.306331559177,Tiropramide;Solanocardinol;N-Stearoyl phenylalanine,,466.304643394536,466.307481308719,37.0988129800163,38.9198639693722,11.0,550;1925;3464;4804;5847;6898;7932;9174;10390;11595;12805,,0.0,-0.0035821711690311,-0.0044827037304364,-0.005765443549366,0.014232817503125,0.0259378781429135,-0.0130326856550397,5.36966054725349,3.0,0.825980392156863,5.33747710537332,3.0,0.870915032679739,5.3429678816498,3.0,0.843137254901961,0.623952892167267,0.204848197888243,0.70282334201987,0.153153823240936,0.0321834418801723,0.805802260409719,0.0937715186774859,0.879847886232209,0.0555924049865029,0.0266926656036972,0.951039051649061,0.0218016496582884,0.974069346921316,0.0114101232926577,0.0054907762764751
468.6346836774294,398.332,0.9610209465026855,Unknown,6.23515583101565,7.066971640362927,5.832770727108182,6.2768426404101865,-0.831815809347277,-0.0416868093945366,0.7901289999527403,0.4552947165097947,0.3417073894545053,0.9753790411465776,0.010826580723315,0.4696227486752022,0.3282508738881655,0.9241583043832848,0.0342536296116762,0.9594490591941168,0.0179780786650326,0.995139582946811,0.0021159988000645,ID569,FT0569,396.81240566878,469.028170579024,MMV688371,,469.027427336229,469.029743494191,396.324845771143,397.802029049989,11.0,552;1928;3467;4806;5848;6900;7935;9177;10392;11597;12808,58.8386;59.01427;59.40169;140.5894;141.0173;141.6151;141.7567;222.3385;223.0203;304.088;305.0234;387.0262;469.0296|6802;2780064;1253;15226;8449848;2939;2336;2644;924941;2034;761210;123599;1428,1.0,0.0019890711435226,0.0021686334828791,-0.0051832107367743,0.003859000553382,-0.0107086504895166,-0.0014306797403207,7.17113495223825,3.0,0.996732026143791,7.20635168994253,3.0,0.996732026143791,7.20749376797614,3.0,0.997549019607843,0.263564687003312,0.579112777943534,0.395347030504968,0.403021518887852,-0.0352167377042774,0.245876608873828,0.609282785292272,0.458655374697271,0.338513512899456,-0.0363588157378913,0.966980550820092,0.0145822609288457,0.983292297285786,0.0073173629118896,0.0011420780336139
469.075639376761,41.04981818181818,0.971419632434845,Unknown,4.565710452813216,4.06397985937618,4.491621836961652,4.394067436173297,0.5017305934370366,0.1716430166399192,-0.3300875767971174,0.2307193687237857,0.6369159452414879,0.683073710816908,0.1655324288605589,0.4706780609659949,0.3272760443606214,0.9029448569380816,0.0443387713462468,0.9594490591941168,0.0179780786650326,0.9299453091564196,0.0315425919084296,ID570,FT0570,41.1514553818584,469.280013671041,Ceanothine C,,469.27769158654,469.283024176486,40.043698621362,42.2136423281061,10.0,553;1929;3468;4807;5849;6901;7936;9178;10393;12809,79.95734;96.96;122.9761;183.0123;311.1688;325.1844;339.2016;467.842;469.2851;485.283;486.2873|678;6636;527;565;673;2388;514;240;63836;3643;981,1.0,-0.0036879266903691,-0.035942235109954,0.009679218652956,0.0542189906197199,0.0117985254538689,0.0179748580843934,4.81948414608593,3.0,0.625,4.8011788225505,3.0,0.691176470588235,4.49461930959125,2.0,0.459967320261438,0.861608285941777,0.064690133153102,0.892009266771048,0.0496306338675692,0.0183053235354249,0.0964000169233528,1.01592288985528,0.293356719642778,0.532603959363943,0.324864836494679,0.114840272952057,0.93990578394433,0.273912994266569,0.562387364590118,-0.306559512959254
469.81536416703005,486.73437500000006,0.6499621272087097,Unknown,4.22430906518663,3.759415285064616,3.8903165625926857,4.171892922581808,0.4648937801220141,0.0524161426048221,-0.4124776375171919,0.1569283977501561,0.8042984594070985,0.8158129634980633,0.0884093979022977,0.1455786659646591,0.8369022646705576,0.9029448569380816,0.0443387713462468,0.9594490591941168,0.0179780786650326,0.9572525879222766,0.0189734508681357,ID572,FT0572,486.484600995335,470.056661057306,6-(Methylthio)hexyl glucosinolate;Delphinidin 3-arabinoside,,470.055301990772,470.057487371361,485.924141937736,487.154824339834,8.0,555;1931;3470;7938;9180;10395;11599;12811,78.95925;96.96891;138.9801;168.9889;241.0117;259.0219|2032;1367;252;120;504;7212,1.0,-0.0304943772230825,0.0320828899684213,0.0076456794351392,-0.0002457079214323,0.009593454974287,0.0024017257075171,4.46864487632664,3.0,0.406862745098039,4.00352766544551,0.0,0.217320261437909,4.46272124337582,3.0,0.438725490196078,1.80628764084597e-05,4.74321308963426,0.0004260713788113,3.37051763839235,0.465117210881131,0.843206999493255,0.0740657970216141,0.906805365127018,0.0424859190283545,0.0059236329508181,2.24675685182005e-05,4.64844392518952,0.000873988415358,3.05849432386381,0.459193577930312
474.024301332347,350.2965555555556,0.701309084892273,Unknown,4.116377455367039,3.66662396430048,3.6007262433775797,4.347097855228422,0.4497534910665597,-0.2307203998613829,-0.6804738909279426,0.1056208618521427,0.9762502930480286,0.3589013422808836,0.4450249174146263,0.048363526277189,1.3154820414156223,0.9029448569380816,0.0443387713462468,0.9594490591941168,0.0179780786650326,0.8971514435284977,0.0471342397461038,ID579,FT0579,347.116083667335,475.167435639027,"Diferuloylputrescine;Diferuloyl putrescine;19,20-epoxynovaci",,475.16627487135,475.168756511105,346.208875517068,352.147906426583,5.0,564;1939;7946;10402;11606,71.01298;88.04009;146.0824;218.1038;475.1687|358;4620;4308;9781;348,1.0,-0.0131862022306209,0.0457796969276008,0.0497734028002591,0.0346634011613179,-0.0207728513000047,0.0223332686702007,4.11857382743763,2.0,0.162581699346405,3.83933397263956,0.0,0.124183006535948,4.1978315474337,2.0,0.241013071895425,0.14659045346894,0.833894311691886,0.253738583486525,0.595613488942156,0.279239854798069,0.755893071561218,0.121539635339205,0.845480398561066,0.0728964565410416,-0.0792577199960736,0.117827183480563,0.928754503490469,0.273912994266569,0.562387364590118,0.358497574794143
474.6571600945621,38.49281818181819,0.9462344646453856,Unknown,5.813006665120508,4.967040129590851,5.581637961425843,6.187431722391345,0.8459665355296568,-0.3744250572708374,-1.2203915928004945,0.1834503918687052,0.7364813562098346,0.3285315131399091,0.4834229660543953,0.0947826477427164,1.023271163499142,0.9029448569380816,0.0443387713462468,0.9594490591941168,0.0179780786650326,0.8971514435284977,0.0471342397461038,ID577,FT0577,38.6597724805852,474.284897154422,Hydrocortamate;NCGC00381131-01_C27H41NO6_(7E)-11-Hydroxy-3-i,,474.283634376044,474.286250904164,37.0988129800163,39.5705290072904,11.0,562;1937;3477;4812;5855;6906;7944;9185;10401;11604;12817,59.01418;112.985;220.1419;221.1507;281.252;362.1775;474.2614|60;36;36;36;36;48;218,1.0,0.0112706945228791,-0.002768459136462,0.0109500752370644,0.0270505368660003,0.0303843877708343,-0.0012700241294809,5.63896450543551,3.0,0.894607843137255,5.77768929486112,3.0,0.95016339869281,5.68921466918652,3.0,0.933006535947712,0.157732843515791,0.802077867403157,0.268771403327899,0.570616941115116,-0.138724789425611,0.679192727212717,0.168006973159121,0.788908475454771,0.102973378172789,-0.0502501637510102,0.535368636190886,0.271347074927587,0.703552600146145,0.152703427583538,-0.0884746256746007
478.1290161865344,274.138125,0.5821186900138855,Unknown,4.931154211672286,3.781543555165536,4.225922065819912,4.010094936724707,1.1496106565067508,0.921059274947579,-0.2285513815591717,0.1167509656955834,0.932739518517494,0.3354021131941896,0.4744342054577667,0.775847237368221,0.1102237819622824,0.9029448569380816,0.0443387713462468,0.970433244293251,0.0130343341882563,0.8971514435284977,0.0471342397461038,ID582,FT0582,277.506184585407,478.291675572347,STD_18:1 Lyso PE;LPE 18:1;LysoPE(0:0/18:1(11Z)),+,478.290512985043,478.294437405599,274.838064019333,297.734967233079,12.0,569;570;1942;3482;4813;5856;6908;7950;9188;10405;11609;12819,78.95825;140.0113;152.9956;196.037;214.0478;224.0694;253.2165;280.3851;281.248;478.2921|3440;2692;1194;9294;1812;307;5755;423;114961;29908,1.0,-0.0330954490055853,0.0147854184852483,-0.0289660900283271,-0.0113170811954726,-0.0013116688562222,0.0071466960231628,5.55434414331152,3.0,0.879901960784314,5.13621920993031,3.0,0.816993464052288,5.47748581541941,3.0,0.881535947712418,0.0613528170798306,1.21216549138625,0.141896040249366,0.848029723794427,0.418124933381218,0.391389864885363,0.407390424670226,0.554928353029951,0.255763085151813,0.0768583278921131,0.0819800464382669,1.08629184000979,0.239176785483644,0.621280975292383,0.341266605489105
478.2931075492706,40.059636363636365,0.8165252208709717,LysoPE(0:0/18:1(11Z)); LysoPE(0:0/18:1(9Z)); LysoPE(18:1(11Z)/0:0); LysoPE(18:1(9Z)/0:0),4.051085253488085,4.451816073534311,4.423376184176191,4.148028123538977,-0.4007308200462258,-0.096942870050892,0.3037879499953337,0.2491437622497055,0.6035499816795372,0.8754470537237168,0.0577701145387874,0.6357078923085073,0.1967423967734797,0.9029448569380816,0.0443387713462468,0.9594490591941168,0.0179780786650326,0.964833909067567,0.0155474416652151,ID583,FT0583,39.5705290072904,479.283318972056,11b-hydroxypristimerin;6-oxopristimerol;Stearyl citrate,,479.280014812672,479.285848206109,38.4407694241265,40.2084371378475,11.0,572;1944;3484;4814;5858;6909;7952;9190;10406;11611;12821,79.95729;96.96028;397.2267;477.8078;479.2836;485.2833;486.2838|2794;105359;765;1219;405462;5966;1039,1.0,-0.0239480043522533,0.0245207105285391,0.0027005019894018,0.0204060143376669,0.0151064820412968,-0.0095620618575197,5.38142597131999,3.0,0.830882352941177,5.03414150290003,3.0,0.779411764705882,5.39101087844262,3.0,0.860294117647059,0.0072591668240637,2.13911322289167,0.0287262423991731,1.54172117916058,0.347284468419957,0.908682650506584,0.0415877638603076,0.946271862359423,0.0239840735765453,-0.0095849071226288,0.0240771213644185,1.61839543810692,0.103897370265466,0.983395444682,0.356869375542586
478.4646118803632,279.662,0.8658676147460938,Unknown,4.655703665635884,4.1149487071045785,4.6382160966214085,4.971119889406183,0.5407549585313056,-0.3154162237702991,-0.8561711823016047,0.478312012319705,0.3202887121268779,0.5511702150712443,0.258714259496127,0.2899317847635012,0.5377041710171411,0.9241583043832848,0.0342536296116762,0.9594490591941168,0.0179780786650326,0.9035188365361556,0.0440627888491086,ID582,FT0582,277.506184585407,478.291675572347,STD_18:1 Lyso PE;LPE 18:1;LysoPE(0:0/18:1(11Z)),+,478.290512985043,478.294437405599,274.838064019333,297.734967233079,12.0,569;570;1942;3482;4813;5856;6908;7950;9188;10405;11609;12819,78.95825;140.0113;152.9956;196.037;214.0478;224.0694;253.2165;280.3851;281.248;478.2921|3440;2692;1194;9294;1812;307;5755;423;114961;29908,1.0,-0.0330954490055853,0.0147854184852483,-0.0289660900283271,-0.0113170811954726,-0.0013116688562222,0.0071466960231628,5.55434414331152,3.0,0.879901960784314,5.13621920993031,3.0,0.816993464052288,5.47748581541941,3.0,0.881535947712418,0.0613528170798306,1.21216549138625,0.141896040249366,0.848029723794427,0.418124933381218,0.391389864885363,0.407390424670226,0.554928353029951,0.255763085151813,0.0768583278921131,0.0819800464382669,1.08629184000979,0.239176785483644,0.621280975292383,0.341266605489105
480.9268409734674,41.80272727272728,0.9385366439819336,Unknown,5.282083035562276,4.5138110840225165,5.185519292244173,4.827979961712983,0.7682719515397594,0.4541030738492928,-0.3141688776904665,0.0630918845923771,1.2000264997639982,0.1222035913032912,0.9129160309160168,0.3473322227725918,0.459254924367979,0.8884721566130748,0.051356177784142,0.9594490591941168,0.0179780786650326,0.8807334056974399,0.0551555308114101,ID588,FT0588,41.3444142232628,481.29657735686,"(3beta,5alpha,9alpha,14alpha,22E,24R)-3,5,9,14-Tetrahydroxye",,481.292620336479,481.298166109282,40.9492836831093,42.2285201974285,9.0,576;1949;3488;4818;7956;9194;10410;11615;12825,79.95688;96.96023;98.95546;339.2005;479.8195;481.2991;482.3015;485.2836;486.2868|1889;72705;667;868;914;394810;120;4050;1027,1.0,-0.0804570029258593,0.0426923928324603,0.0308748567535904,0.0287311059165858,-0.0102101080124199,-0.0114728499457477,5.63748565784709,3.0,0.893790849673203,4.44094471792264,1.0,0.508169934640523,5.3044866031665,3.0,0.832516339869281,0.0052896230383545,2.27657527658406,0.0232241478654762,1.6340602120646,1.19654093992444,0.0029934842264834,2.52382302593294,0.0345216435129389,1.46190853649074,0.332999054680585,0.0169244185803164,1.77148624209319,0.0838214901973837,1.07664462244816,0.863541885243858
482.9302853440439,376.7815000000001,0.873497486114502,Unknown,4.073716302470502,4.181163437802377,4.181593224831615,4.347209075798941,-0.1074471353318751,-0.2734927733284387,-0.1660456379965635,0.5278658982139758,0.2774763938730257,0.0044880267099807,2.3479445670899626,0.3584661943355623,0.4455517948240355,0.9241583043832848,0.0342536296116762,0.9594490591941168,0.0179780786650326,0.3988689090222418,0.3991698146962136,ID590,FT0590,375.887155745216,482.929975450586,,,482.927724656368,482.933486820423,374.991711557093,377.889326699715,11.0,580;1952;3491;4819;5862;6913;7958;9196;10412;11617;12827,79.95972;124.0068;286.9777|132;4993;331,1.0,-0.0015663302577918,0.0342762279055439,-0.0126771111397688,0.0048432743046185,-0.0045959562634553,0.0033680973938933,4.16407177430169,3.0,0.189542483660131,4.13341168099617,3.0,0.300653594771242,4.42480180509494,3.0,0.415849673202614,0.678240456958744,0.168616308173539,0.747867341632785,0.126175431422036,0.0306600933055226,0.0050942229647935,2.29292205068368,0.0496275914634727,1.3042768015608,-0.26073003079325,0.0062663281089272,2.20298686892353,0.042516307576268,1.37144445978571,0.291390124098773
485.6473031676914,40.69054545454545,0.9816666841506958,Unknown,6.962618770039007,7.252445210935739,6.752393208014103,7.265335579636225,-0.2898264408967321,-0.3027168095972179,-0.0128903687004857,0.5392343922413992,0.2682224163905202,0.5081934307195032,0.2939709532579236,0.947642717642496,0.0233553704711518,0.9241583043832848,0.0342536296116762,0.9934109221041316,0.0028710694429907,0.8994679735769128,0.0460142955162495,ID596,FT0596,40.8203162350149,485.282661133219,"NCGC00385702-01!(2S,3R,5R,10R,13R,14S,17R)-17-[(2S,3R)-3,6-d",,485.281379501315,485.28521283659,39.7693239231404,41.52467800146,11.0,584;1959;3496;4825;5867;6917;7963;9201;10416;11623;12832,62.96418;78.95925;96.95891;173.0966;187.1135;189.128;203.1436;205.1599;224.0603;237.0688;248.061;249.0686;264.092;265.0989;267.1159;280.1238;333.1855;348.2099;349.2168;357.1275;364.2398;365.2497;371.1439;372.1482;373.2176;375.2323;385.1554;386.1643;389.2482;390.2559;391.2642;397.1563;405.2796;406.2875;411.1728;412.1833;413.1879;414.1951;421.3108;427.2041;428.2127;429.2203;437.1881;439.2035;442.2272;452.2477;453.2209;454.2269;455.2367;467.2705;467.8064;469.2522;470.259;483.7891;484.3361;485.2864;486.0472;486.2578;486.3767;486.6477;486.7756;486.8988;487.1116;487.2484;487.3766;487.5055;487.7254;487.8562;487.9791;488.1048;488.2341;488.4637;488.5869;489.1695;489.2946|153613;74563;6924;2315;695;7473;3285;3640;4289;1477;1303;1243;21579;8662;921;273138;3583;957;16261;2225;5304;3033;2708;8011;591;651;1618;6547;7127;799;3158;3663;34849;5042;1682;1910;36277;3323;240015;24076;60308;50668;4442;5367;3166;622;51434;4459;50576;4283;2811;1273511;203864;78448;1223;11940483;11689;47268;94267;28661;6323;6008;6645;8497;3265;2822;2503;1417;2192;1801;2190;1553;1590;1809;875,1.0,0.0010596181743275,-0.0101043180494119,0.0110872253305832,0.0518155021674975,-0.029262890339811,0.0011922413922126,7.39727345883433,3.0,1.0,7.42219144297949,3.0,0.999183006535948,7.2770094533009,3.0,0.999183006535948,0.874481685948623,0.0582492814108507,0.904558442129143,0.0435633687994544,-0.0249179841451594,0.458744273959267,0.338429343564733,0.613691121752818,0.212050159593126,0.120264005533427,0.0799797764992278,1.097019813822,0.236294681454681,0.626546053403088,-0.145181989678586
486.44095069724216,385.46866666666665,0.6962825655937195,Unknown,4.1019231226645285,3.939580798213573,3.707297543025703,4.191331671307591,0.1623423244509556,-0.0894085486430622,-0.2517508730940179,0.5951463771445695,0.2253762057540434,0.7558144451967446,0.1215848120627113,0.3065237002248538,0.513535940463856,0.9241583043832848,0.0342536296116762,0.9594490591941168,0.0179780786650326,0.9449021097267672,0.0246131813400168,ID594,FT0594,387.25875324964,485.000024411115,,,484.995784829961,485.003052033025,386.478761925299,388.79434731446,10.0,583;1958;3494;4823;5866;7961;9199;10415;11621;12831,,0.0,-0.0210381512072625,0.019705562917328,-0.0132150606831447,0.005673041964091,-0.0138769919579008,0.0104588175977345,4.50289769588614,3.0,0.428104575163399,4.2206461398937,2.0,0.351307189542484,4.50673254538832,3.0,0.467320261437909,0.0512681656832484,1.29015222084504,0.125755040832035,0.900474597431798,0.282251555992437,0.898939223636634,0.0462696694808803,0.94106089768033,0.0263822717153818,-0.0038348495021765,0.0533699366678539,1.27270331255744,0.177443635587993,0.750939572977891,0.286086405494614
487.0930435528545,413.4916,0.8087373971939087,Unknown,4.402679527569078,4.269400891043915,4.088906381197099,4.736401247575384,0.133278636525163,-0.3337217200063058,-0.4670003565314689,0.8061602096853517,0.0935786414850603,0.5426852846479244,0.2654519545083268,0.1079472741652987,0.9667883197949269,0.9840747405044136,0.0069719156378001,0.9594490591941168,0.0179780786650326,0.902924041342132,0.0443487832562668,ID598,FT0598,411.302762078317,487.096407949758,Viniferifuran;5-[6-hydroxy-2-(4-hydroxyphenyl)-4-[(E)-2-(4-h,,487.092461936192,487.098050110091,410.798430960455,412.031252283315,11.0,586;1961;3498;4827;5869;6919;7965;9203;10418;11625;12834,59.01427;88.03936;112.0517;130.062;141.0162;170.0427;199.0702;212.0652;223.0803;241.0917;252.0472;294.0714;323.0954;405.095|815;10006;156;6570;2252;9493;1457;6535;228;9923;630;252;857;520,1.0,-0.0482234099659711,0.0360241377451551,0.0062316626629734,0.0142031400671345,-0.0076638312482568,-0.0046063203663443,4.89075980624895,3.0,0.666666666666667,4.1976803455498,3.0,0.336601307189543,4.77986520108037,3.0,0.629901960784314,0.002031442481056,2.69219546992316,0.0118632296345164,1.92579706295247,0.69307946069915,0.0416572419326185,1.38030948746308,0.191422025219218,0.718008093305028,0.110894605168585,0.0035783588462975,2.44631610950583,0.0282171531114649,1.54948680526453,0.582184855530565
487.78820120102944,440.470875,0.5041431784629822,Unknown,3.592518162187549,3.6782137965510366,3.849886127371816,3.392139085760464,-0.0856956343634878,0.2003790764270849,0.2860747107905728,0.9176986895148664,0.0372998884731336,0.7806936242815989,0.1075193673890286,0.7025975744209978,0.153293353857108,0.9958036908894162,0.0018262683699224,0.9657248817257064,0.0151465789323381,0.9540608526408736,0.0204239239087996,ID600,FT0600,443.122195732533,487.175873526056,Staurosporine;8-Butanoylneosolaniol;8-Isobutanoylneosolaniol,,487.174535104173,487.178644890074,441.149725548567,444.809362972765,11.0,587;1962;3499;4828;5870;6920;7966;9204;10419;11626;12835,89.02404;101.0239;109.0402;113.0244;127.0506;128.0353;145.0616;161.0453;179.0567;221.0665|1229;683;1223;576;7463;1462;32623;1589;1983;2125,1.0,-0.02982798331408,-0.0204603690383769,0.0071039875964899,0.0066048515628234,-0.0136258488390271,0.0021701466391042,4.88126574326944,3.0,0.660947712418301,4.48727318798899,3.0,0.538398692810457,4.48107452312541,3.0,0.450980392156863,0.0023575182036127,2.62754494516622,0.013252777565169,1.87769309117557,0.39399255528045,0.0008788860293273,3.05606743896876,0.0174048249742198,1.75933033969441,0.400191220144031,0.92757115275697,0.0326527662794967,0.96220047579323,0.0167344326815078,-0.0061986648635814
489.27674670656745,33.83463636363636,0.9925574660301208,Unknown,5.05376455064451,4.853535784777294,5.1042313301590685,4.865252726710231,0.2002287658672159,0.1885118239342791,-0.0117169419329368,0.2369156521286391,0.6254062461217009,0.3172346054494025,0.4986194438765815,0.9530316662890664,0.020892668862067,0.9029448569380816,0.0443387713462468,0.9943694462207052,0.0024522286359298,0.89345451821981,0.048927550588567,ID604,FT0604,35.2450084935965,489.277579560221,Ubiquinone-4;13'-Carboxy-alpha-tocotrienol;Ceanothenic acid,,489.276090798022,489.278942835146,34.3127771675304,36.3556258011296,11.0,592;1967;3504;4832;5874;6925;7971;9210;10425;11631;12840,205.1604;251.0463;252.0558;267.0788;267.1152;268.0867;282.244;283.1098;471.2662;489.2758|1310;4268;628;12113;12089;6879;1227;371125;1479;41686,1.0,0.0020889819820572,-0.0201312698125008,0.0066902204446997,0.0381961176656543,0.0193592632420638,-0.0098794118699825,5.16327509662947,3.0,0.765522875816993,5.21221426570346,3.0,0.834967320261438,5.02643870622542,3.0,0.740196078431373,0.193938114309215,0.712336831418884,0.311492058096108,0.506553021778505,-0.0489391690739849,0.314139091083139,0.502878017166112,0.515597856016891,0.287688897218498,0.13683639040405,0.194195822205025,0.711760117439451,0.368498413842705,0.433564377169497,-0.185775559478035
490.32598196854246,410.0793636363636,0.946562111377716,Unknown,4.456760430138613,4.412139566636468,4.475312303760953,4.531609482294581,0.0446208635021445,-0.0748490521559679,-0.1194699156581124,0.8985064964593479,0.046478778470147,0.7018564245984766,0.153751720323063,0.7082975789832064,0.149784242651746,0.9958036908894162,0.0018262683699224,0.9657248817257064,0.0151465789323381,0.9326515958386432,0.0302805623233212,ID607,FT0607,409.975650861126,491.053175252078,Tjipanazole A1;Tjipanazole A1;Tjipanazole A2,,491.051710125853,491.05619793641,409.451644080737,410.678761059845,9.0,595;1969;3506;5876;7973;9213;10427;11633;12842,,0.0,-0.0354056449167747,0.0486746248647451,-0.0187611284294466,0.0015585456743261,0.0056767527717913,-0.0228469413162794,4.4070036647486,3.0,0.35702614379085,3.91831244078221,1.0,0.172385620915033,4.55060056055496,3.0,0.493464052287582,0.0099235687834424,2.00333211572594,0.0371723221718012,1.42978030748383,0.488691223966383,0.0202000793103062,1.69464692540681,0.122621586969095,0.9114330675314,-0.143596895806366,0.0034408240436206,2.46333753570178,0.0281128770150091,1.55109470729877,0.632288119772749
492.7621356016046,472.3479,0.7944901585578918,Unknown,4.212728253238634,3.738015034817882,4.007905066138924,3.2741991180240326,0.4747132184207516,0.9385291352146012,0.4638159167938496,0.0124312686006537,1.905484549705024,0.1082491806612254,0.9655753821400036,0.3030549788888835,0.5184785765732723,0.6513327703772249,0.1861970707035976,0.9594490591941168,0.0179780786650326,0.8655999289281896,0.0626827878961198,ID609,FT0609,471.433290275224,494.04527024831,,,494.043656643042,494.046356763961,470.609581525338,472.001779737828,9.0,598;1972;3509;5878;7976;9215;10430;11635;12845,78.95932;158.9235;272.9565;282.0385;380.0123;494.0445|809;1118;1163;1392;395;2484,1.0,-0.0482277573930688,0.0157823400963751,0.012215545878663,0.0138359102342632,-0.0026177731440274,-0.0054887216506864,4.33855014573148,3.0,0.308006535947712,3.66135351319174,1.0,0.0326797385620915,4.06201521761177,3.0,0.156862745098039,0.0027425629408777,2.56184339672965,0.0143447965994607,1.8433056054074,0.677196632539733,0.0021754158358531,2.66245771436236,0.0285641557577234,1.54417860742281,0.276534928119711,0.0191662956030312,1.71746181798391,0.0898275781877004,1.04659030903427,0.400661704420022
494.553263593357,334.23440000000005,0.8742809891700745,Unknown,4.192925281673383,3.403449485728139,3.917763513625509,3.919796708254815,0.7894757959452439,0.2731285734185684,-0.5163472225266754,0.0457930710242336,1.339200230371506,0.1872101274496908,0.7276706610650733,0.095361363093576,1.0206275497621078,0.8066668867565213,0.0933057702469216,0.9594490591941168,0.0179780786650326,0.881195617434593,0.0549276714494428,ID610,FT0610,332.07757563432,494.250379574232,Tobramycin 1-N- or 3- N-formyl;Tobramycin 1-N- or 3- N-formy,,494.249312516386,494.251038259269,329.807285488282,333.966869473885,8.0,599;1974;3510;7977;9216;10431;11636;12846,78.95935;152.9952;407.2196|1696;13041;2968,1.0,-0.0391432530316622,0.0230262511536849,0.0039555337114125,-0.0101250935132874,0.0202374539922392,6.10339826295385e-05,4.43026275399455,3.0,0.373366013071895,3.85626031804221,0.0,0.133986928104575,4.3147912416779,3.0,0.340686274509804,7.42240175201724e-05,4.12945554231247,0.0010504881538443,2.97860884068692,0.57400243595234,0.10744995515633,0.968793761423003,0.312018139011651,0.505820157764633,0.11547151231665,0.0004831054596445,3.31595805446112,0.0078346141707898,2.10598238625638,0.45853092363569
495.9931399345968,357.0516,0.8206462860107422,Unknown,3.559928853247179,3.777710684941116,3.718077354222928,3.519990682399658,-0.2177818316939372,0.0399381708475208,0.2577200025414581,0.4504029915381904,0.346398733600285,0.934217988787572,0.0295517744321344,0.6039664401980013,0.2189871925738096,0.9241583043832848,0.0342536296116762,0.9594490591941168,0.0179780786650326,0.9873692941465778,0.0055203828791547,ID611,FT0611,358.113082301371,496.916163895695,"discorhabdin C isomer (+2);3-dihydro-7,8-dehydrodiscorhabdin",,496.914787355698,496.918044004912,356.840693429252,361.703197861647,11.0,600;1975;3511;4836;5880;6929;7978;9217;10432;11638;12847,59.01422;158.9959;173.0141;202.9877;217.0016|263;374;327;2469;3904,1.0,-0.0066847131177445,0.0102131704665257,-0.0027573629499804,0.0087403935533135,-0.007194126189391,-0.001564807558785,4.30895125224505,3.0,0.281862745098039,4.21212316091421,3.0,0.34640522875817,4.33672210021974,3.0,0.356209150326797,0.0856353940103067,1.0673466997347,0.179476270025085,0.74599296479283,0.0968280913308428,0.373809717637295,0.427349412798284,0.537705199155324,0.269455764241587,-0.0277708479746845,0.0290118594193529,1.53742443563423,0.115948081994469,0.935736431037275,0.124598939305527
498.0543826443224,410.1874545454546,0.961697518825531,Unknown,5.403719027516953,5.056405907195719,5.279842768449537,5.283528587138414,0.3473131203212336,0.1201904403785389,-0.2271226799426946,0.2482408806649436,0.6051266967082648,0.0299115085278684,1.5241616836317275,0.4034967475199189,0.3941599616602373,0.9029448569380816,0.0443387713462468,0.9594490591941168,0.0179780786650326,0.7709691323058091,0.1129630096761733,ID612,FT0612,410.106888696754,498.054007115975,"Chondroitin 4-sulfate;2-{4-[(6-carboxy-3,4,5-trihydroxyoxan-",,498.051866791696,498.055344886772,409.572627098837,411.302762078317,11.0,603;1978;3514;4837;5881;6930;7981;9218;10434;11640;12850,59.01418;88.04004;141.0161;170.0429;223.0195;252.0459;305.0234;334.0489;416.0518|22604;54675;72557;161192;7358;20566;4344;19476;5172,1.0,-0.0413446299730043,0.0247813029986206,-0.0011156897699569,0.0028584277484379,-0.0174905559700666,-0.0049470847778326,5.57106557258867,3.0,0.884803921568627,4.98671638772483,3.0,0.76797385620915,5.44243669056663,3.0,0.871732026143791,0.0009483882843522,3.02301381959537,0.0067112418004454,2.1731971136338,0.584349184863839,0.0269551350134913,1.56935848852585,0.146674788722061,0.833644528691377,0.128628882022035,0.0035414192864819,2.45082265188478,0.0282171531114649,1.54948680526453,0.455720302841804
500.27419176612665,277.89790000000005,0.7904382944107056,"LysoPE(0:0/20:4(5Z,8Z,11Z,14Z)); LysoPE(0:0/20:4(8Z,11Z,14Z,17Z)); LysoPE(20:4(5Z,8Z,11Z,14Z)/0:0); LysoPE(20:4(8Z,11Z,14Z,17Z)/0:0); Glycerophospho-N-Arachidonoyl Ethanolamine",3.047868832715224,3.963020428261524,3.93950733632263,4.198460324216661,-0.9151515955463,-1.1505914915014377,-0.2354398959551376,0.007727881893575,2.1119395239321865,0.0020037277459195,2.6981612880329293,0.2284350340849982,0.6412372894673625,0.5927228664362193,0.2271483179516168,0.9594490591941168,0.0179780786650326,0.3988689090222418,0.3991698146962136,ID616,FT0616,275.889492531001,500.276395306457,STD_18:1 Lyso PE;STD_Glycocholic acid;STD_Glycohyocholic aci,,500.274907316652,500.277235441354,273.515037096482,278.399660589433,10.0,607;1982;3518;5883;6932;7984;9221;10436;11644;12853,196.0372;303.2336;500.2781|513;2709;1566,1.0,-0.0138803899330614,0.00940570728163,-0.0352650458574967,-0.015802177878154,-0.0186873479153665,-0.0372227680232967,4.26683777579625,3.0,0.267156862745098,4.14420978420021,2.0,0.311274509803922,4.31125894418529,3.0,0.336601307189543,0.595443169894526,0.225159682004838,0.679618722374871,0.167734665541521,0.122627991596049,0.690330396229601,0.160943003586698,0.798773102150726,0.0975765679678287,-0.0444211683890394,0.471296384180386,0.326705892165952,0.650890982649125,0.186491745070274,0.167049159985089
500.2933659542487,375.6119090909091,0.9412296414375304,Unknown,3.662043511186324,3.6064318776712496,3.584123763139369,3.911731161492584,0.055611633515074,-0.2496876503062601,-0.3052992838213342,0.8530047977370055,0.0690485261304284,0.0569403082311049,1.2445801862458656,0.367855134554006,0.4343231776589725,0.9958036908894162,0.0018262683699224,0.9594490591941168,0.0179780786650326,0.8655999289281896,0.0626827878961198,ID615,FT0615,375.349544759465,499.940089970003,,,499.93982023537,499.940359704637,374.391168231963,376.307921286968,2.0,11642;12852,,0.0,0.0015483094340734,0.0327745152298715,-0.0214598658590985,-0.0370831551529556,-0.0263707042097958,0.0219754196452638,3.56992259835284,0.0,0.005718954248366,3.56992259835284,0.0,0.0098039215686274,3.84512827053778,2.0,0.0498366013071895,,,,,,0.144422012023857,0.840366608899754,0.341651062127541,0.466417224801054,-0.275205672184932,0.144422012023857,0.840366608899754,0.298830652538726,0.524574856837726,0.275205672184932
501.1930375273683,424.7168181818182,0.9677850008010864,Isocycloheterophyllin; Cycloheterophyllin; Artonin A; Artonin B; Artonin F,5.619243575639859,4.551589864845123,5.292588507549235,5.409617946888233,1.067653710794736,0.2096256287516267,-0.8580280820431092,0.0561785220682055,1.2504296903047118,0.0581451264878973,1.2354866803871494,0.0819389184891999,1.0865097725926924,0.8842756679743492,0.0534123250129782,0.9594490591941168,0.0179780786650326,0.8655999289281896,0.0626827878961198,ID617,FT0617,424.584419199615,501.189435945707,"T2 Toxin;8-Pentanoylneosolaniol;NCGC00169100-02!2-[2,6-bis(3",,501.182059036644,501.193413482726,423.196241358523,425.353585285648,8.0,609;1984;3519;7986;9222;10438;11645;12855,59.0142;71.01346;74.02424;85.03015;89.02391;99.0088;101.0241;113.0239;118.0505;119.0343;131.0353;143.0345;149.0448;161.0445;179.0558;185.0457;221.0661;263.0768;281.0882;501.1963|10652;4101;27468;408;18546;521;4584;3539;72989;19994;943;2080;1078;6604;52971;1626;10393;16617;5341;1665,1.0,-0.0994092795143732,0.0871635776919433,0.0355547992929916,0.0077950232353165,0.0138385563261112,-0.041789606201956,5.71763162848954,3.0,0.910947712418301,4.22595534096844,0.0,0.368872549019608,5.57321473536621,3.0,0.901960784313726,1.6736339325473e-06,5.77633952750172,9.5875315278781e-05,4.01829319489579,1.4916762875211,0.109415927025403,0.960919455737627,0.313953538828236,0.503134617288182,0.144416893123329,2.55953149567466e-05,4.59183952197873,0.0009334291423288,3.02991864425326,1.34725939439777
505.5883832243304,274.8270999999999,0.7095504999160767,Unknown,3.705219614578015,4.223041126774206,3.823133577682985,4.278069670848223,-0.5178215121961909,-0.5728500562702079,-0.055028544074017,0.1099451365290034,0.9588239770838418,0.0085672764376886,2.067157219625843,0.8199503898718853,0.0862124232951408,0.9029448569380816,0.0443387713462468,0.9706578929929058,0.0129338096026886,0.4708699143921361,0.3270990573400104,ID620,FT0620,269.863696590125,506.32271459203,LysoPE(0:0/20:1(11Z));LysoPE(20:1(11Z)/0:0);Phosphatidyletha,,506.317132824127,506.324993334418,268.26255099386,273.123467541163,11.0,613;1990;3525;4842;5886;6933;7991;9226;10441;11650;12861,224.0676;281.2478;309.2786;506.324|509;11650;2240;2757,1.0,-0.0119828531135335,0.0206619388351372,-0.0152827186337745,-0.0090645811844689,-0.0070929046533487,0.0003553152313372,4.56114472803156,3.0,0.47140522875817,4.40471966357732,3.0,0.484477124183007,4.65300596461792,3.0,0.561274509803922,0.083633152154578,1.07762153423828,0.175934370210055,0.75464930929502,0.156425064454241,0.0840492203278838,1.07546631088445,0.274530465525395,0.561409453489311,-0.09186123658636,0.0285550561063274,1.54431698217599,0.115307095072955,0.93814396888717,0.248286301040601
505.9999844907029,290.38620000000003,0.8093051910400391,Unknown,4.133158762520186,3.6536563869838887,4.158538378612585,3.815624570207041,0.4795023755362977,0.3175341923131456,-0.1619681832231521,0.0431089882859802,1.3654321693746412,0.2537356801855199,0.5956184582093526,0.5108252171347372,0.291727671721574,0.8066668867565213,0.0933057702469216,0.9594490591941168,0.0179780786650326,0.8906584929769418,0.0502887864752479,ID621,FT0621,290.531676777101,506.323497039447,LysoPE(0:0/20:1(11Z));LysoPE(20:1(11Z)/0:0);Phosphatidyletha,,506.32166675039,506.324432547032,289.713932532251,291.866350895182,5.0,614;1991;3526;10442;12862,281.248;309.281;506.3249|1799;747;827,1.0,-0.0229652810934671,0.009632188020379,-0.0010871199460572,-0.0001656988433011,0.0556359480978158,0.0264350373030718,4.36981431537664,3.0,0.329248366013072,4.030996147019,0.0,0.230392156862745,4.28601878275709,2.0,0.321895424836601,0.000149623584279,3.82499994581009,0.001781477351545,2.74921969459364,0.338818168357641,0.563314757721444,0.249248870967678,0.697932540848722,0.156186552381102,0.0837955326195479,0.123319509418357,0.908968211624123,0.276757437483121,0.557900699213552,0.255022635738094
506.3232447138908,291.3888181818182,0.9520996809005736,LysoPE(0:0/20:1(11Z)); LysoPE(20:1(11Z)/0:0); Gymnodimine,3.9900769853630274,4.0072534896719,3.721628503824295,4.199609803982223,-0.0171765043088725,-0.2095328186191953,-0.1923563143103228,0.9552958625759532,0.019862103196697,0.4505002406428985,0.3463049726985585,0.4580114282794923,0.3391236853655643,0.9958036908894162,0.0018262683699224,0.9594490591941168,0.0179780786650326,0.8994679735769128,0.0460142955162495,ID621,FT0621,290.531676777101,506.323497039447,LysoPE(0:0/20:1(11Z));LysoPE(20:1(11Z)/0:0);Phosphatidyletha,,506.32166675039,506.324432547032,289.713932532251,291.866350895182,5.0,614;1991;3526;10442;12862,281.248;309.281;506.3249|1799;747;827,1.0,-0.0229652810934671,0.009632188020379,-0.0010871199460572,-0.0001656988433011,0.0556359480978158,0.0264350373030718,4.36981431537664,3.0,0.329248366013072,4.030996147019,0.0,0.230392156862745,4.28601878275709,2.0,0.321895424836601,0.000149623584279,3.82499994581009,0.001781477351545,2.74921969459364,0.338818168357641,0.563314757721444,0.249248870967678,0.697932540848722,0.156186552381102,0.0837955326195479,0.123319509418357,0.908968211624123,0.276757437483121,0.557900699213552,0.255022635738094
507.8157465601229,357.9745,0.8842257261276245,Unknown,4.323109820378431,3.442790100930141,3.5162843297360404,3.798975772169459,0.8803197194482895,0.5241340482089716,-0.3561856712393179,0.0353822783747433,1.4512142049559729,0.0554752845297206,1.2559004616174374,0.1929942520397642,0.7144556254201333,0.7727922506229227,0.1119372415726058,0.9594490591941168,0.0179780786650326,0.8655999289281896,0.0626827878961198,ID622,FT0622,356.271393052889,507.977948590202,Carbovir Triphosphate;Butoconazole nitrate,,507.976227246114,507.980290956232,355.44331202672,359.926047878803,9.0,615;1992;3527;5887;7992;9227;10443;11651;12863,130.0867;142.9749;214.0478;228.0646|3219;278;697;954,1.0,-0.0405386657925016,0.0190140897949227,0.0010550313867412,-0.0077466441576093,-0.0035169934390118,0.0054026495214876,4.38023817148698,3.0,0.339052287581699,3.81208906640342,1.0,0.113562091503268,4.20567002318304,3.0,0.25,0.0050135416388517,2.29985537377166,0.0222556848396261,1.65255903730622,0.568149105083562,0.0025552134235662,2.5925728196756,0.0314969164864086,1.50173196108298,0.174568148303938,0.0184304286788921,1.73446456327728,0.0874321555620611,1.05832881433529,0.393580956779624
508.6354697347677,45.61072727272727,0.8041359782218933,Unknown,3.4226714909060547,3.797873381402107,4.0426604788996325,3.656985624162496,-0.3752018904960521,-0.2343141332564413,0.1408877572396107,0.3690418416740945,0.4329243910821522,0.5330723627677734,0.2732138329666637,0.6221571277008837,0.2060999190460785,0.916331590195946,0.0379473410337079,0.9594490591941168,0.0179780786650326,0.8994679735769128,0.0460142955162495,ID623,FT0623,45.2289236855597,508.277333845349,Beauverolide I;Beauverolide I,,508.274824081408,508.281706713439,42.7965903237448,45.7086229240218,7.0,616;1993;4843;7994;9228;11652;12864,284.2719;508.2798;508.4641;508.479|36;4701;36;108,1.0,-0.0142899681806321,0.011173125678565,-0.0274911068363238,0.0257675961856334,-0.0265546543369375,0.0105252117942148,4.22091322121141,2.0,0.227941176470588,4.05228369944859,1.0,0.242647058823529,4.24194636296866,2.0,0.290849673202614,0.395462148625638,0.402895078360234,0.507123167331016,0.294886548761544,0.168629521762815,0.928816078821907,0.032070275092062,0.95625101873754,0.019428089164489,-0.0210331417572478,0.39930520069956,0.398695033355845,0.586888122438774,0.231444679737571,0.189662663520063
512.1275551770349,360.01533333333333,0.7600229382514954,Unknown,3.8549716695281457,3.8181372490634016,3.5194966072199394,3.799089812255024,0.0368344204647441,0.0558818572731216,0.0190474368083775,0.8944832623679905,0.0484277815686384,0.8787990764812676,0.0561104081458151,0.9524524711370076,0.0211566870832535,0.9958036908894162,0.0018262683699224,0.9943694462207052,0.0024522286359298,0.964833909067567,0.0155474416652151,ID626,FT0626,358.541151743845,512.026127421265,CDP-glycerol,,512.02294695098,512.032872836668,357.617046243139,359.926047878803,8.0,620;1998;3530;7997;9231;10446;11655;12867,88.04004;146.0813;153.9918;217.0032;218.1029;256.0581;316.0767;354.035|1902;1567;1149;751;11311;4486;1035;1102,1.0,-0.0250530431531804,0.0400452048845222,0.0053039323030366,-0.0017933317272269,0.0077293377548013,-0.0042125467873343,4.17027142749448,3.0,0.195261437908497,3.77899323402581,0.0,0.0898692810457516,4.27124253741215,3.0,0.312091503267974,0.0001252175252124,3.90233488382194,0.0015856492929533,2.79979286177095,0.391278193468672,0.0238661577578802,1.6222174929691,0.137287231292949,0.86236985341791,-0.100971109917676,1.02345449328779e-06,5.98993146297058,9.18747225897575e-05,4.03680395923204,0.492249303386348
516.1133218524699,374.9172,0.8587409257888794,Unknown,4.477884599330904,4.599593938924535,4.603458796685413,4.76130954363489,-0.1217093395936315,-0.2834249443039862,-0.1617156047103547,0.5703406537703412,0.2438656708857605,0.21516235632007,0.6672337082496433,0.2763731431970292,0.5585041621952036,0.9241583043832848,0.0342536296116762,0.9594490591941168,0.0179780786650326,0.8855584405828031,0.0527827731693913,ID631,FT0631,374.130208369494,515.912946881351,,,515.911418780349,515.914903966864,373.298227567543,375.24858177186,11.0,625;2004;3536;4849;5892;6938;8001;9235;10452;11659;12874,59.01408;79.95739;124.0069;156.9904;221.984;319.9588|2678;1318;74666;2676;20767;434,1.0,-0.0147256270131495,0.0365407166964621,-0.0008445640236387,0.0083924146956165,-0.007329956641024,0.0017928896397064,4.66527099027966,3.0,0.530228758169935,4.43650186172612,3.0,0.504084967320261,4.81708248487332,3.0,0.649509803921569,0.0376837987908267,1.42384532374711,0.101417471913567,0.993887219539198,0.228769128553545,0.0622231929498358,1.20604770706666,0.234529561466161,0.629802408503334,-0.151811494593654,0.0029265062333533,2.53365054651715,0.0256784419122054,1.59043133143886,0.380580623147199
516.6246126218907,42.272636363636366,0.904842495918274,Unknown,3.9894551336062727,3.628907408162373,3.75775005453804,3.957356578525408,0.3605477254438995,0.0320985550808643,-0.3284491703630352,0.4853172052768845,0.3139743119726621,0.7388383010435853,0.1314505990185788,0.5186038707345587,0.2851642460850123,0.9241583043832848,0.0342536296116762,0.9594490591941168,0.0179780786650326,0.9390571385666272,0.0273079815259871,ID632,FT0632,40.8809422465982,516.261232584887,,,516.256918254905,516.264313701741,39.7693239231404,42.2136423281061,10.0,627;3538;4850;5893;6939;8003;9237;10454;11660;12876,282.0572;303.5644;304.0658;412.6446;413.1521;442.2298;444.2208;469.2457;483.273;484.2853;499.2705;516.3954|60;117;110;48;36;60;36;60;115;245;129;76,1.0,0.0141812069608269,0.0056530156758768,0.0200896125676139,0.0243612334905281,-0.0172923902817103,-0.0155402528228505,4.16662404068335,2.0,0.191176470588235,4.32779677131006,3.0,0.437091503267974,4.26875883910845,3.0,0.311274509803922,0.363045472157504,0.440038975321256,0.484179615133447,0.314993499118616,-0.161172730626715,0.523989599061918,0.280677333464453,0.664196679608392,0.177703299817666,-0.102134798425107,0.522629221822841,0.281806311176601,0.694656380258834,0.158229971037333,-0.0590379322016084
517.9350590490083,35.15642857142857,0.5046980381011963,Unknown,3.364884504436489,3.4227369786893127,3.509375139280251,3.0986122753286622,-0.0578524742528241,0.2662722291078263,0.3241247033606504,0.7770163682842379,0.1095698324466425,0.1398288102698332,0.8544033375164891,0.1510853052510354,0.8207777736406673,0.9769559459768894,0.0101250195468427,0.9594490591941168,0.0179780786650326,0.8807334056974399,0.0551555308114101,ID636,FT0636,37.3260807748087,518.261380969889,Hydroxybuprenorphine,,518.258138989964,518.262532429337,36.8076922600642,38.0363557226458,6.0,4852;6942;8005;9239;10458;12879,78.95936;250.1438;518.1109;518.2647;518.4313|189;917;36;986;36,1.0,0.0173571609471947,0.0106316621317303,-0.0006371055223014,0.0340326134112842,0.0306354117552187,-0.0390625441177625,3.8413860338924,0.0,0.0473856209150327,4.07508094496012,2.0,0.261437908496732,4.09197291019186,2.0,0.176470588235294,0.116656273827984,0.933091899685445,0.218646672641802,0.660257127348624,-0.233694911067723,0.117287741819873,0.930747375251694,0.31408813851289,0.502948464351792,-0.250586876299464,0.926444008892939,0.0331808228249804,0.96220047579323,0.0167344326815078,0.016891965231741
519.0408670099691,484.9273,0.8585574626922607,Unknown,4.640904743354429,4.588284440612666,4.584854760722737,4.712943626702333,0.0526203027417624,-0.0720388833479042,-0.1246591860896666,0.6936773591013254,0.1588424801837954,0.2563219700292178,0.5912141676997476,0.3821467806583848,0.4177697947161602,0.955025423751189,0.019985066900146,0.9594490591941168,0.0179780786650326,0.8906584929769418,0.0502887864752479,ID637,FT0637,485.193274626993,519.040561333268,"7,8,8,12,13,21,22-heptahydroxy-19-(hydroxymethyl)-2,17,20,23",,519.037919960723,519.0421138644,484.018565289139,485.823494624251,11.0,630;2008;3542;4853;5895;6943;8006;9240;10459;11663;12880,78.95823;96.96962;120.9788;158.9232;176.9349;192.0176;200.9455;210.0274;259.0195;289.9922;421.0621|5950;1667;249;367;2443;1830;156;10085;760;674;381,1.0,-0.0238730530539316,0.0274254112338115,-0.0048206747029145,0.0096192344927017,-0.0063529335850663,0.0039518806275103,4.78550572071689,3.0,0.604575163398693,4.44694241516378,3.0,0.512254901960784,4.81121709973968,3.0,0.647058823529412,0.0150244849361357,1.82320040739366,0.0506942058416141,1.29504167606735,0.338563305553111,0.445145236986378,0.351498269174506,0.602167353056601,0.220282793777939,-0.0257113790227903,0.0091715275428164,2.03755832538045,0.055745690846181,1.25378869803863,0.364274684575901
520.6156309071698,39.100545454545454,0.942652940750122,Unknown,3.858802957232388,3.752816098778801,4.476894053898776,4.370737546437398,0.105986858453587,-0.5119345892050098,-0.6179214476585968,0.7869462414297761,0.1040549345378062,0.2450149985362834,0.6108073295857914,0.0527322132904475,1.2779239999627583,0.97847665772573,0.0094495302939998,0.9594490591941168,0.0179780786650326,0.8906584929769418,0.0502887864752479,ID639,FT0639,39.984187470282,521.106360004776,"NCGC00385834-01!7-[(2S,3R,4S,5S,6R)-6-[[(2R,3R,4R)-3,4-dihyd",,521.103839865028,521.110733609178,39.1088804158825,40.9415682581814,11.0,633;2012;3545;4855;5897;6945;8008;9242;10463;11665;12883,79.96006;80.96507;439.1347;439.1489;441.1465;461.3407;521.1031;521.2634;521.3432|72;72;36;36;428;60;4256;60;60,1.0,0.0039638870974698,0.0018113411357472,-0.0027639817623101,0.0136381227313394,0.013115953417364,-0.0050586510820851,4.67326081052491,3.0,0.535947712418301,4.73498742783339,3.0,0.666666666666667,4.72848537182077,3.0,0.599673202614379,0.0001172145660644,3.93101841589166,0.0015162271287697,2.81923573710575,-0.0617266173084756,0.340215545044959,0.468245846593501,0.537705199155324,0.269455764241587,-0.0552245612958622,0.90453815774633,0.0435731077990473,0.948424106100599,0.0229974160883855,-0.0065020560126134
520.9238089605819,333.562,0.7263454794883728,Unknown,3.504964184404756,3.3312135581008264,2.9807406400916125,3.392057334894893,0.1737506263039292,0.1129068495098621,-0.060843776794067,0.4650699568122355,0.3324817146963707,0.4700726332523368,0.3278350318865377,0.8031209875888874,0.0952190247285128,0.9241583043832848,0.0342536296116762,0.9706578929929058,0.0129338096026886,0.8994679735769128,0.0460142955162495,ID643,FT0643,329.330152888272,522.282076311083,2-amino-3-[hydroxy-[2-hydroxy-3-[octadec-9-enoyl]oxypropoxy],+,522.280296967263,522.283449682727,327.058314573352,331.411819002363,10.0,636;2015;3549;4857;5900;8012;9246;10467;11667;12886,78.95875;152.9951;171.0066;281.2481;435.2515;522.2832|4739;35481;847;1142;9492;1775,1.0,-0.0406745228249049,0.0277250994136553,-0.026972874627731,-1.38625771833987e-05,0.0133261736068644,0.0047534798174105,4.61625205329183,3.0,0.497549019607843,4.08066951768049,2.0,0.266339869281046,4.58305726941982,3.0,0.517156862745098,0.0209882080052611,1.67802464034327,0.0655813356631926,1.18321974251192,0.535582535611347,0.662663755486723,0.178706782574106,0.776428532131873,0.10989851357251,0.0331947838720188,0.0264439024140134,1.57767445418592,0.109737231671883,0.959645999897092,0.502387751739328
521.516611837684,358.505,0.8745136857032776,Unknown,4.359284397183909,4.128589291309615,4.182874589458665,4.180717997107224,0.2306951058742932,0.1785664000766846,-0.0521287057976085,0.1518695946826925,0.8185291661193739,0.4038162000210333,0.3938162623150755,0.8067471382127784,0.0932625665011917,0.9029448569380816,0.0443387713462468,0.9706578929929058,0.0129338096026886,0.8994679735769128,0.0460142955162495,ID640,FT0640,358.113082301371,521.99320394618,,,521.98842734635,521.99566917892,355.515218151429,362.548236674569,9.0,634;2014;3546;5898;8009;9243;10464;11666;12884,59.01431;130.0872;142.9736;156.9912;228.0623|737;9197;192;1077;3198,1.0,-0.0512739887003354,0.0170170582327788,0.0119031275570278,0.0024629515989634,-0.0023622109305615,-0.0021247061826964,4.51583802575119,3.0,0.438725490196078,3.79223769216286,1.0,0.0996732026143791,4.22796438637484,3.0,0.288398692810457,0.0020950540598688,2.67880476620612,0.0121170674712607,1.91660247382904,0.72360033358833,0.0005484935650354,3.26082846323239,0.0147240050347286,1.83197404272262,0.287873639376356,0.0131880608467958,1.87981905778558,0.0715835674800498,1.14518666165582,0.435726694211974
521.5650908952441,357.57970000000006,0.8161384463310242,Unknown,4.114655521262719,3.8574666607574337,4.187713631280472,3.9017238786505217,0.2571888605052854,0.2129316426121974,-0.044257217893088,0.4199270747279231,0.3768261233952413,0.5592821852779026,0.2523690139610818,0.8597620558609008,0.065621725645926,0.9241583043832848,0.0342536296116762,0.975288902294314,0.0108667175454765,0.9037929984663288,0.0439310273987275,ID640,FT0640,358.113082301371,521.99320394618,,,521.98842734635,521.99566917892,355.515218151429,362.548236674569,9.0,634;2014;3546;5898;8009;9243;10464;11666;12884,59.01431;130.0872;142.9736;156.9912;228.0623|737;9197;192;1077;3198,1.0,-0.0512739887003354,0.0170170582327788,0.0119031275570278,0.0024629515989634,-0.0023622109305615,-0.0021247061826964,4.51583802575119,3.0,0.438725490196078,3.79223769216286,1.0,0.0996732026143791,4.22796438637484,3.0,0.288398692810457,0.0020950540598688,2.67880476620612,0.0121170674712607,1.91660247382904,0.72360033358833,0.0005484935650354,3.26082846323239,0.0147240050347286,1.83197404272262,0.287873639376356,0.0131880608467958,1.87981905778558,0.0715835674800498,1.14518666165582,0.435726694211974
522.465531827743,330.9252727272728,0.980057954788208,Unknown,4.367777013064152,3.771043674333983,3.9837308525401056,4.383179085289535,0.5967333387301692,-0.0154020722253829,-0.6121354109555521,0.1673265118599909,0.7764352422874972,0.8312994011968868,0.0802425323297928,0.1656834077373849,0.7807209815559232,0.9029448569380816,0.0443387713462468,0.9594490591941168,0.0179780786650326,0.9590639928757037,0.0181524138662645,ID643,FT0643,329.330152888272,522.282076311083,2-amino-3-[hydroxy-[2-hydroxy-3-[octadec-9-enoyl]oxypropoxy],+,522.280296967263,522.283449682727,327.058314573352,331.411819002363,10.0,636;2015;3549;4857;5900;8012;9246;10467;11667;12886,78.95875;152.9951;171.0066;281.2481;435.2515;522.2832|4739;35481;847;1142;9492;1775,1.0,-0.0406745228249049,0.0277250994136553,-0.026972874627731,-1.38625771833987e-05,0.0133261736068644,0.0047534798174105,4.61625205329183,3.0,0.497549019607843,4.08066951768049,2.0,0.266339869281046,4.58305726941982,3.0,0.517156862745098,0.0209882080052611,1.67802464034327,0.0655813356631926,1.18321974251192,0.535582535611347,0.662663755486723,0.178706782574106,0.776428532131873,0.10989851357251,0.0331947838720188,0.0264439024140134,1.57767445418592,0.109737231671883,0.959645999897092,0.502387751739328
524.4576903194178,43.839454545454544,0.973089337348938,Unknown,4.048343631149909,4.447148825142183,4.228477385219042,4.239492833227159,-0.3988051939922732,-0.1911492020772494,0.2076559919150238,0.0531047965250433,1.274866250852978,0.3749752900358439,0.4259973502847076,0.3120269489039446,0.5058078955493417,0.8488534142220109,0.0711673002047292,0.9594490591941168,0.0179780786650326,0.8971514435284977,0.0471342397461038,ID646,FT0646,45.2061836030153,524.280454096969,Oxysporidinone_130003;Oxysporidinone_130003;LysoPE(0:0/22:6(,,524.275189467661,524.286606884212,42.7965903237448,46.6678045421065,11.0,641;2022;3554;4859;5902;6948;8013;9247;10469;11670;12891,128.0122;220.1478;221.1563;255.2339;276.1619;290.1145;303.1222;306.1085;346.1764;362.1742;524.2786|286;914;635;132;1317;860;1196;834;1774;671;8019,1.0,-0.0096897679908136,-0.0101226782308178,-0.027649148869282,0.0250644913430202,-0.0250847952445439,0.0044013357170938,4.65135379993023,3.0,0.522875816993464,4.58942940340176,3.0,0.590686274509804,4.53491991811461,3.0,0.483660130718954,0.642201127076838,0.192328936572659,0.718920320159194,0.143319240956151,0.0619243965284708,0.383252057965256,0.416515504417345,0.547891699434354,0.261305279081924,0.116433881815619,0.748949118307037,0.125547686157804,0.854210396560715,0.0684351470961857,-0.0545094852871486
526.1036233652359,276.53309090909084,0.8781473636627197,Unknown,4.305808719090464,3.747846440399236,3.9420549160558895,4.203450849705967,0.5579622786912282,0.1023578693844973,-0.4556044093067308,0.2386063623474455,0.6223179802149298,0.8039903650522526,0.0947491557661168,0.2907833143884268,0.5364305176098925,0.9029448569380816,0.0443387713462468,0.9594490591941168,0.0179780786650326,0.9549441525919384,0.0200220262490894,ID650,FT0650,275.324108145505,526.305413944332,,,526.297091771556,526.308907870688,272.20113712006,276.81214869336,7.0,645;2026;3558;5905;10472;11672;12893,224.0673;227.1995;329.2502;452.2775;526.2905|84;849;256;417;201,1.0,-0.0159058721208282,0.0132651539381588,-0.0220365170177628,-0.0327459442477143,0.0124914321169765,0.0544302381297379,4.1543398364967,3.0,0.186274509803922,3.95061922843693,1.0,0.185457516339869,4.14774764912383,3.0,0.209150326797386,0.305852576012046,0.51448785734991,0.436465775732493,0.360049804634808,0.203720608059777,0.898993605896607,0.0462433971807822,0.94106089768033,0.0263822717153818,0.0065921873728687,0.327003313313483,0.485447846891786,0.543608072132243,0.264714102976221,0.197128420686908
526.5921435586017,389.3841818181818,0.8580334782600403,Unknown,4.010371660656428,3.851406723841965,3.536457352701296,3.777927504471033,0.1589649368144634,0.2324441561853958,0.0734792193709323,0.6238248913350325,0.2049373003807669,0.5286150251775824,0.2768604967870259,0.7838343918540186,0.1057756851488775,0.932346301977682,0.0304227474062255,0.9706578929929058,0.0129338096026886,0.8994679735769128,0.0460142955162495,ID649,FT0649,388.441960523034,526.083680454169,Cyanidin 3-(6''-acetyl-galactoside);Cyanidin 3-(4-acetylgluc,,526.083635640675,526.084416458277,387.82695060847,388.740828429043,3.0,644;2025;3557,,0.0,-0.0212730402056994,-0.0141441114281654,0.021408682745103,-0.0072321984291375,0.0029810149451269,0.0278360400955697,4.35836385249706,3.0,0.324346405228758,4.03631863680789,0.0,0.232843137254902,4.03631863680789,0.0,0.13562091503268,4.76840925409055e-05,4.32162647785554,0.0007470949383892,3.12662420595073,0.322045215689172,4.76840925409055e-05,4.32162647785554,0.0026257002489691,2.58075485465518,0.322045215689172,,,,,
527.3507898764882,412.5137272727272,0.9349119067192078,Unknown,4.469575813688713,4.207380850551299,4.428903250659269,4.55105811170543,0.2621949631374134,-0.0814822980167173,-0.3436772611541308,0.4209042721878693,0.375816666130806,0.7750266877974678,0.1106833424438615,0.1251422439292168,0.9025960619416884,0.9241583043832848,0.0342536296116762,0.9594490591941168,0.0179780786650326,0.9518195534475156,0.0214453776344125,ID651,FT0651,411.319125323545,527.075066134296,Protohypericin;NCGC00380901-01_C23H24O10S_;NCGC00380901-01_C,,527.071154456526,527.078662417405,410.116883146812,412.031252283315,8.0,646;2027;3559;8016;9250;10473;11673;12894,59.01484;88.0394;141.0161;170.0429;199.0688;252.0455;281.0722;281.0822;334.0418;334.0505;363.0786;416.05;445.0819|223;2210;546;4005;2799;338;234;92;179;60;518;36;175,1.0,-0.0517843611757357,0.0257888594208236,0.0269013416868678,0.0019192235297252,-0.0022168382806991,-0.0002398245630613,5.00311992480456,3.0,0.709967320261438,4.22595534096844,0.0,0.368872549019608,4.74755550973465,3.0,0.611111111111111,2.66313912217516e-05,4.57460614545937,0.0005339593939961,3.27249176850317,0.777164583836123,0.0021627462351038,2.6649944353272,0.0285641557577234,1.54417860742281,0.255564415069916,1.42129397482108e-07,6.8473160850295,2.89648589678499e-05,4.53812858177337,0.521600168766207
527.4666377915931,294.92972727272723,0.9449523687362672,Unknown,4.41647098693771,4.572342465863759,3.3454456662448013,4.305160627742125,-0.1558714789260493,0.1113103591955848,0.2671818381216342,0.7620882294083449,0.1179947460789987,0.8626630178301821,0.0641588196699494,0.5796597859078536,0.2368268279095658,0.9729310862067414,0.0119179202044766,0.9594490591941168,0.0179780786650326,0.9615195366301812,0.0170418871254654,ID655,FT0655,291.926873557706,528.284909460635,LysoPC(16:1(9Z)/0:0);Phosphatidylcholine lyso 16;MLS00133357,,528.283013619248,528.287222983728,274.350639052541,295.581741459283,11.0,649;2030;3562;4862;5908;6950;8020;9253;10474;11674;12896,78.95834;152.9959;168.0454;224.0689;242.0795;253.2162;331.2628;478.2931;528.2851|618;540;653;5478;1081;67167;696;33301;1134,1.0,-0.0224238327087919,0.0053702912376442,-0.0473684082805924,-0.0094853461292106,-0.0233655205317052,-0.012919462539164,5.10247947185721,3.0,0.742647058823529,4.86810915385509,3.0,0.723039215686274,5.08711117234568,3.0,0.763071895424837,0.283801335245678,0.546985565578806,0.415344289903346,0.381591755779012,0.234370318002124,0.912086018404067,0.0399642016314551,0.946563496762984,0.0238502476602117,0.0153682995115352,0.315492088645654,0.501011526754603,0.532820936974643,0.273418718083431,0.219002018490589
528.9867451233738,428.68369999999993,0.8003103733062744,Unknown,4.81055040766229,3.9457411507376174,4.015909661479017,4.341589308271146,0.8648092569246715,0.4689610993911435,-0.395848157533528,0.0032691162429117,2.485569636544869,0.118635706431389,0.9257845793338332,0.1468401481979818,0.8331551858574183,0.5653457571508695,0.2476858628081998,0.9594490591941168,0.0179780786650326,0.8736672380768721,0.0586539497285545,ID653,FT0653,431.977555386531,528.202202531232,,,528.199336620969,528.203248122545,431.108911961148,432.828748370058,7.0,648;2029;3561;8018;9252;10476;12895,59.01412;71.014;89.02419;101.024;109.0412;113.0228;119.0343;127.0505;128.0351;143.0347;145.0619;161.0457;179.055;221.0658;263.0768;281.0873;528.2081|2167;608;4762;1092;1390;530;4641;7470;1638;571;38707;1410;14161;2850;4597;1214;497,1.0,-0.0588449579604465,-0.0007755285916254,0.0294696262323144,0.020187193511774,0.0631769834429085,0.0225759010286399,4.92922818691703,3.0,0.685457516339869,4.07089816854977,0.0,0.258986928104575,4.44003733051788,2.0,0.427287581699346,1.75215492114827e-05,4.75642749724025,0.0004215684740282,3.37513187423643,0.858330018367259,0.0599551223359776,1.22217370652316,0.230655375101468,0.637036420311265,0.489190856399146,0.116226830263161,0.934693606109102,0.273912994266569,0.562387364590118,0.369139161968113
529.6978417769853,273.6501111111111,0.5647183656692505,Unknown,4.686430057371062,3.12545394776278,3.098349269506265,3.424479360446554,1.560976109608282,1.261950696924508,-0.2990254126837741,0.0436879040190056,1.3596387906032126,0.0568919462844534,1.244949208680112,0.3833199105839304,0.4164386218305583,0.8066668867565213,0.0933057702469216,0.9594490591941168,0.0179780786650326,0.8655999289281896,0.0626827878961198,ID658,FT0658,274.005078965756,529.288158465597,PA(8:0/14:0);PA(10:0/i-12:0);PA(8:0/i-14:0),,529.287575443827,529.289648205507,272.20113712006,274.713099739959,3.0,654;2036;8022,,0.0,-0.0157273223962362,-0.0047684178533284,0.0236062994104931,0.0266399471942561,-0.0083947953821953,0.0361295863130118,4.31043920787276,2.0,0.284313725490196,4.06752559831384,0.0,0.258169934640523,4.06752559831384,0.0,0.161764705882353,0.119412174500796,0.922951393064472,0.220326450804383,0.656933361456547,0.242913609558917,0.119412174500796,0.922951393064472,0.31408813851289,0.502948464351792,0.242913609558917,,,,,
530.2046067937544,293.7056363636364,0.9516718983650208,Unknown,5.030286265918346,5.079234662121896,4.488995932245674,4.587224753977544,-0.0489483962035492,0.4430615119408028,0.4920099081443521,0.6746292492922072,0.1709348334242719,0.3469275438477139,0.459761218560359,0.3081510658028671,0.5112363258352901,0.9531844808515012,0.0208230371768443,0.9594490591941168,0.0179780786650326,0.8971514435284977,0.0471342397461038,ID660,FT0660,291.817366159805,530.298519549329,LPC 16:0;LysoPC(16:0);LysoPC(0:0/16:0),+,530.297980226694,530.300168878219,275.757444529347,294.305203081978,11.0,657;2038;3567;4864;5910;6953;8024;9256;10481;11678;12899,78.95919;152.9958;168.0438;224.0694;242.0796;253.2167;254.2199;255.2322;333.2808;478.2928;480.3078;530.3004|1846;1090;1946;10633;2832;32077;1362;123987;1062;14200;63067;1565,1.0,-0.012410022899449,0.0020174410815272,-0.0501051048391143,-0.0062375026343431,-0.0164386695361259,-0.0204774415291178,5.33409022828819,3.0,0.816176470588235,5.24663869405561,3.0,0.844771241830065,5.38225303300949,3.0,0.856209150326797,0.640681662356384,0.19335770624289,0.718920320159194,0.143319240956151,0.0874515342325797,0.721202864851493,0.141942556787789,0.823452798431573,0.0843612902018429,-0.0481628047213007,0.474259609782432,0.323983860369296,0.652666231858607,0.18530885658064,0.13561433895388
530.3787405315619,275.9182727272727,0.9012467265129088,Unknown,4.959148497891079,3.8466973134297504,5.118079706510483,4.700651711331422,1.112451184461329,0.2584967865596574,-0.8539543979016715,0.186539252759526,0.72922976727009,0.4771961630049826,0.3213030570227825,0.2728254651656913,0.5641150956548898,0.9029448569380816,0.0443387713462468,0.9594490591941168,0.0179780786650326,0.8994679735769128,0.0460142955162495,ID658,FT0658,274.005078965756,529.288158465597,PA(8:0/14:0);PA(10:0/i-12:0);PA(8:0/i-14:0),,529.287575443827,529.289648205507,272.20113712006,274.713099739959,3.0,654;2036;8022,,0.0,-0.0157273223962362,-0.0047684178533284,0.0236062994104931,0.0266399471942561,-0.0083947953821953,0.0361295863130118,4.31043920787276,2.0,0.284313725490196,4.06752559831384,0.0,0.258169934640523,4.06752559831384,0.0,0.161764705882353,0.119412174500796,0.922951393064472,0.220326450804383,0.656933361456547,0.242913609558917,0.119412174500796,0.922951393064472,0.31408813851289,0.502948464351792,0.242913609558917,,,,,
530.4065681382325,44.702625000000005,0.5382664203643799,Unknown,3.559346248444242,3.6141294281630336,4.087191584500969,3.467720229711492,-0.0547831797187914,0.0916260187327502,0.1464091984515416,0.8962420696929037,0.0475746741178383,0.7637070984220413,0.1170731727453182,0.6758944470694255,0.1701211215651076,0.9958036908894162,0.0018262683699224,0.9636174359089608,0.0160953503813109,0.9463726183571208,0.0239378337525255,ID657,FT0657,44.873367694412,529.299926013033,(S)-Nerolidol 3-O-[a-L-rhamnopyranosyl-(1->2)-b-D-glucopyran,,529.295538653188,529.302817341072,43.7730930098904,45.2697034974338,10.0,653;2033;3564;4863;5909;6952;8021;9254;10479;12897,79.95735;96.96024;112.9851;122.9748;449.3308;527.6732;529.3052|375;5901;228;369;537;341;98929,1.0,-0.013247774943549,-0.030561585876538,-0.0036410196077678,0.0482073460962503,0.016122472280416,0.0124326403669731,4.82277982719229,3.0,0.629084967320261,4.69172421595246,3.0,0.647058823529412,4.50081481538215,2.0,0.463235294117647,0.182967102691272,0.737626988979835,0.297847665138836,0.526005800034816,0.131055611239828,0.0865428673825133,1.06276871963218,0.278626464781767,0.554977635353459,0.321965011810137,0.299601768676111,0.523455627140769,0.512661677485368,0.290169145751878,-0.19090940057031
533.3710030364191,459.592090909091,0.9586387872695924,Unknown,3.896283961190042,3.683380854458201,4.067755056290306,3.6823396468503815,0.2129031067318409,0.2139443143396606,0.0010412076078196,0.5709671578614844,0.2433888717361715,0.3831602189843971,0.416619587204119,0.9979125816445212,0.0009075017710021,0.9241583043832848,0.0342536296116762,0.9999482442740548,2.2477807867489785e-05,0.8971514435284977,0.0471342397461038,ID664,FT0664,460.936257012397,532.097876876004,Indomethacin acyl glucuronide;3-Methyl-1-hydroxybutyl-ThPP;2,,532.096425975909,532.101207427749,460.455564142477,461.372831909719,9.0,661;2043;3569;4866;5913;8027;9258;11680;12902,128.0349;143.0456;146.0454;160.0063;177.0346;179.0457;210.0877;254.0781;272.0886;288.0662;306.076;434.1214|3200;7153;404;2363;632;2358;2896;4337;6021;1566;21887;2501,1.0,-0.0218904002049648,-0.0184107969725293,-0.017030963532668,0.0178504310277327,-0.0478290418357001,0.0195580809313088,4.1093059640346,3.0,0.156862745098039,3.86281910472386,2.0,0.140522875816993,3.80924572171669,2.0,0.0367647058823529,0.134020601895705,0.87282843594945,0.236056784890972,0.626983512291138,0.246486859310739,0.0439522964004896,1.35701842916798,0.196029146147424,0.707679351756102,0.300060242317902,0.759652745846045,0.119384888017971,0.860693936312946,0.0651512566777734,-0.053573383007163
533.5376837089108,376.4957,0.7998220920562744,Unknown,3.148298297309046,4.015555242400395,3.9290753080536094,4.723388301375963,-0.867256945091349,-1.5750900040669171,-0.7078330589755684,0.1551092924171055,0.8093621833302723,0.0701684677809889,1.1538580067478956,0.2825790821420636,0.548859989856555,0.9029448569380816,0.0443387713462468,0.9594490591941168,0.0179780786650326,0.8655999289281896,0.0626827878961198,ID667,FT0667,372.783747120085,532.923872558949,,,532.91990048021,532.924920583888,370.40221800051,373.925296591707,11.0,664;2047;3571;4868;5916;6958;8030;9261;10487;11682;12905,59.01428;141.0158;156.9907;238.9972|2938;4338;2181;310,1.0,-0.006252539126062,0.0390082507432583,-0.0014552183450192,-0.0190303058175284,-0.0043797943787105,0.0118105194573468,4.13123669730277,3.0,0.167483660130719,4.01037393812733,3.0,0.219771241830065,4.35629682934108,3.0,0.370915032679739,0.289126204008682,0.538912545684401,0.420826555222651,0.375896862906644,0.120862759175449,0.075204933314054,1.12375366950414,0.259564455552506,0.585754779569304,-0.225060132038307,0.0284630138098812,1.54571911648986,0.115307095072955,0.93814396888717,0.345922891213756
534.6856536398896,358.76910000000004,0.8439233303070068,Unknown,4.6908193880151146,4.417566349109484,4.027383877298285,4.589976842492948,0.2732530389056302,0.100842545522167,-0.1724104933834631,0.0484230507901052,1.314947852243114,0.1336034659008156,0.8741822753778768,0.1414231701967989,0.8494794316688622,0.8066668867565213,0.0933057702469216,0.9594490591941168,0.0179780786650326,0.8807334056974399,0.0551555308114101,ID670,FT0670,357.617046243139,534.880984815814,,,534.879819511867,534.883997985091,355.515218151429,362.946794284257,11.0,665;2050;3573;4870;5918;6960;8032;9263;10489;11684;12906,59.01416;141.0172;142.9748;156.9903;240.9517;254.968;338.9282|15577;1215;19153;25239;1520;1130;1295,1.0,-0.0265341786580666,0.0188227653463512,-0.0025661578371605,-0.005194616740858,-0.0004214331659293,-0.0134778590050749,4.83892819707273,3.0,0.640522875816993,4.4742295880784,3.0,0.531862745098039,4.79108542012476,3.0,0.637254901960784,0.0122013036624681,1.91359376414752,0.0434265334495538,1.36224483708533,0.364698608994329,0.39132591265639,0.407461393215915,0.554928353029951,0.255763085151813,0.0478427769479701,0.0170430476718307,1.76845274121789,0.0838214901973837,1.07664462244816,0.316855832046359
537.3574758663716,44.92854545454546,0.9701502323150636,Unknown,3.817411723871274,4.491241282969615,3.85819232391489,4.403227042039749,-0.6738295590983414,-0.5858153181684749,0.0880142409298665,0.0295303827611065,1.5297309238456511,0.0009490529436119,3.02270955946189,0.5923572821149592,0.227416268197217,0.7163723441576673,0.1448611886124463,0.9594490591941168,0.0179780786650326,0.3988689090222418,0.3991698146962136,ID675,FT0675,45.7086229240218,538.253458001922,,,538.250988434919,538.264580080968,44.0725538754964,46.6760656822553,11.0,671;2058;3578;4874;5923;6963;8037;9267;10494;11689;12912,99.00821;218.0819;219.0909;256.2347;276.1616;281.2473;282.2508;284.2628;538.2535|84;1771;301;115;3682;149;176;84;1834,1.0,-0.0076463993823058,-0.0090459827436026,-0.0084752896501718,0.0224236428978881,-0.0222778493911507,0.0137067698366071,4.63903456974685,3.0,0.51062091503268,4.56512459458023,3.0,0.581699346405229,4.50447015310639,3.0,0.464869281045752,0.369661122761649,0.432196221750155,0.484179615133447,0.314993499118616,0.0739099751666261,0.210551362751592,0.676641943350431,0.421801071648296,0.374892321205469,0.134564416640465,0.504389697791234,0.297233792515512,0.678136840233146,0.168682661646634,-0.0606544414738392
539.7980151220918,410.5724545454546,0.9409939646720886,Unknown,5.020431846436012,5.316108907804815,5.061768100240926,5.152030008683933,-0.2956770613688029,-0.1315981622479203,0.1640788991208825,0.3052656076077006,0.5153221222246299,0.1095642975025497,0.9603309415053366,0.5314762282106241,0.274516155765015,0.9149094228009864,0.0386218995126434,0.9594490591941168,0.0179780786650326,0.8655999289281896,0.0626827878961198,ID678,FT0678,410.938379562958,540.075261745698,Ceforanide;Cyanidin 3-O-(6''-malonyl-arabinoside),,540.074445002995,540.07634430208,409.638814024915,412.031252283315,11.0,675;2061;3582;4876;5925;6964;8041;9271;10497;11693;12914,59.01415;88.03986;112.0515;130.0617;141.0161;170.0428;194.0543;212.0648;223.0202;294.0685;305.0218;376.0702;458.0744;540.0753|15982;17078;492;31170;64352;8564;1544;76167;6730;9348;5238;11028;3762;372,1.0,-0.001131032973906,0.0101132846380318,-0.0238844087083955,-0.0025538694587252,-0.0163710812923578,-0.0023220530604765,5.08437830392203,3.0,0.734477124183007,5.09666018590087,3.0,0.803921568627451,5.19645499775995,3.0,0.795751633986928,0.880641386494064,0.0552009083568013,0.909366169916188,0.0412612063789944,-0.0122818819788364,0.188493478901241,0.724703670000341,0.396000213065563,0.402304580404858,-0.112076693837922,0.282960483793329,0.54827421065516,0.487762015637835,0.311792023294934,0.0997948118590859
540.0529347177488,473.5279999999999,0.9644075036048888,"Cyclic ADP-ribose; 3-[2-[2-Chloro-4-[[3-(2,6-dichlorophenyl)-5-propan-2-yl-4-isoxazolyl]methoxy]phenyl]ethenyl]benzoic acid",5.324193883877649,4.883692779332947,5.243396381837332,5.242005898172006,0.4405011045447011,0.0821879857056426,-0.3583131188390585,0.2958500443241206,0.5289283613211605,0.0949637877641849,1.022441971262004,0.3722806770384284,0.4291295049402632,0.9116684525285336,0.0401630733125223,0.9594490591941168,0.0179780786650326,0.8655999289281896,0.0626827878961198,ID679,FT0679,472.941437886909,540.052520131296,,,540.051101229748,540.054133298678,470.791383608048,473.894906386573,11.0,674;2060;3581;4877;5926;6965;8040;9270;10496;11692;12913,78.95924;96.969;134.0464;138.9792;146.9857;150.9803;158.925;174.9801;176.9362;192.9904;211.0003;254.9472;272.9568;290.9662;328.0438;346.0544;408.0101;426.0199;442.0739;540.0526|45497;7294;29981;480;995;432;53729;10921;1389;4344;5031;1361;51961;823;39920;20421;31020;26278;528;118605,1.0,-0.0291927307128613,0.0178923503615362,-0.0047354727130354,0.013291778649254,0.0033518567397319,-0.00453495236223,5.38903525539531,3.0,0.836601307189543,4.99052677692664,3.0,0.770424836601307,5.31484252567638,3.0,0.83578431372549,0.005745271971279,2.24068940773636,0.024509085749818,1.61067288871588,0.398508478468678,0.095325410380844,1.02079131638996,0.292319940053471,0.534141559053009,0.0741927297189324,0.0162836188751624,1.78824907101574,0.0829824595079236,1.08101369731025,0.324315748749745
549.0797057398518,373.6755454545455,0.9687148928642272,Unknown,4.991235807968788,4.767588569052855,4.899828991517721,4.870662977360035,0.2236472389159329,0.1205728306087534,-0.1030744083071795,0.2212842244684268,0.6550495461745055,0.5371453790526675,0.2699081560593076,0.6465045336968547,0.1894284252265526,0.9029448569380816,0.0443387713462468,0.9629866308033864,0.0163797421679059,0.8994679735769128,0.0460142955162495,ID690,FT0690,374.130208369494,549.904505532326,,,549.902087358206,549.906046625692,373.049424471802,375.24858177186,7.0,684;2069;3592;8050;9280;11703;12924,,0.0,-0.0266035904834029,0.020754512196481,-0.0047555089037331,-0.012054362186247,-0.0424491491086009,0.0211349573148686,4.20556890614564,3.0,0.214869281045752,3.81379760142977,0.0,0.11437908496732,4.13424459615544,2.0,0.204248366013072,0.0014679432796048,2.83329072495845,0.0091499262454127,2.03858240662638,0.391771304715865,0.696382766650981,0.15715198488525,0.802700746292352,0.0954463332478447,0.0713243099901932,0.119719232368062,0.921836076490913,0.274315503268827,0.561749647029673,0.320446994725672
549.524134639669,398.690909090909,0.9199722409248352,Unknown,5.356450940050564,4.495868398258294,3.918633365511079,5.366232393244164,0.8605825417922706,-0.0097814531935993,-0.8703639949858699,0.437615748782809,0.3589070571353242,0.9942556256277442,0.0025019430403228,0.4403677472736724,0.3561844964532465,0.9241583043832848,0.0342536296116762,0.9594490591941168,0.0179780786650326,0.9994997226215908,0.0002173220700555,ID689,FT0689,396.81240566878,549.333605057012,16-Acetylpriverogenin A;Oleanderolide 3-acetate;Tsugaric aci,,549.330697004577,549.33524657408,395.467597606154,398.744681677946,11.0,683;2068;3591;4884;5932;6971;8049;9279;10506;11702;12923,,0.0,0.0029923997065726,0.0020365729356658,-0.0047886638367664,0.0051934059083531,-0.0139410273613245,-0.0014941320597807,4.4398473456304,3.0,0.379901960784314,4.48741177008812,3.0,0.53921568627451,4.4800485149244,3.0,0.45016339869281,0.247178225035065,0.606989790717707,0.376399246477448,0.424351254668304,-0.0475644244577165,0.344571378626565,0.462720799496168,0.537705199155324,0.269455764241587,-0.0402011692939963,0.826617480207232,0.0826954150750284,0.905786478311587,0.0429741668044147,-0.0073632551637201
550.8146752927904,401.0278181818181,0.9649177193641664,Unknown,5.905433865512987,7.114419084280176,7.214231533466723,6.310722198228262,-1.2089852187671886,-0.4052883327152754,0.8036968860519131,0.4530783622466802,0.3438266780133874,0.8140347518867972,0.0893570542870767,0.4775608950092152,0.3209712425508441,0.9241583043832848,0.0342536296116762,0.9594490591941168,0.0179780786650326,0.9569781404735324,0.0190979823696007,ID692,FT0692,396.81240566878,551.032099037846,"[5-(3-{[3,4-dihydroxy-5-(hydroxymethyl)oxolan-2-yl]oxy}-5,7-",,551.030845531849,551.033139391686,396.324845771143,397.802029049989,11.0,686;2071;3596;4886;5934;6973;8052;9282;10508;11705;12926,58.83862;59.01427;140.5892;141.0173;141.6163;141.6867;141.7553;222.3376;223.0204;304.088;305.0233;385.838;387.0275;469.0293;551.0312|3240;1189524;16215;8248882;2208;1393;1200;4192;1518432;4119;1997834;2557;967641;121237;11491,1.0,0.0022194776441463,0.0011473871647049,-0.0060589285667953,0.0043618854440972,-0.0103889302687504,-0.001561758248623,7.20877269041059,3.0,0.998366013071895,7.24926398827372,3.0,0.998366013071895,7.24117999438067,3.0,0.998366013071895,0.219107124414753,0.659343500834045,0.342319312559673,0.465568598666682,-0.0404912978631282,0.331075141401128,0.480073426791308,0.529720226241805,0.275953444135383,-0.0324073039700785,0.771039246369702,0.112923515531401,0.867697975422799,0.061631415875072,-0.0080839938930497
552.5228131092891,276.0199,0.8267754316329956,Unknown,4.38809954051656,4.650325961335352,4.842564243725626,4.410326362977698,-0.2622264208187923,-0.0222268224611381,0.2399995983576541,0.7278926011365536,0.1379326951026245,0.981626533323867,0.0080537111608364,0.7405647327776971,0.1304369737944492,0.9652880173996442,0.015343084889882,0.9657248817257064,0.0151465789323381,0.995139582946811,0.0021159988000645,ID694,FT0694,272.94839313837,552.328197434095,,,552.326274315012,552.330581349322,270.884748340855,275.757444529347,11.0,688;2073;3598;4888;5936;6975;8054;9284;10510;11707;12928,59.01352;78.9591;152.9956;168.0432;224.0688;242.081;253.2169;277.2172;478.2932;502.2936;552.3264|3144;672;624;753;4966;1241;69286;1708;36863;1281;1340,1.0,-0.0238789160432361,0.018033526189498,0.0008746886791909,-4.33770536487404e-05,0.0205973964002597,0.0360829871751276,5.03977912709604,3.0,0.72140522875817,4.68931608620877,3.0,0.645424836601307,4.97485172870039,3.0,0.722222222222222,0.0081047720669862,2.09125919444188,0.0317590905426203,1.49813194257922,0.350463040887267,0.276544877091926,0.558234382290875,0.481399509754868,0.317494356335322,0.0649273983956506,0.0094672744725206,2.02377503175838,0.0572451259556042,1.24226148472078,0.285535642491617
552.6737230407915,400.068875,0.6537109613418579,Unknown,3.207964018151113,3.114785482006248,2.9749236422838727,3.001648560944222,0.0931785361448658,0.2063154572068914,0.1131369210620256,0.5330740131771522,0.2732124883788993,0.2281256345761351,0.6418259101226039,0.5500371365632571,0.2596079874875243,0.9241583043832848,0.0342536296116762,0.9594490591941168,0.0179780786650326,0.8875378462188501,0.0518131187758953,ID695,FT0695,397.262195674582,553.034984455134,"Ceftriaxone;{5-[12-(3,4-dihydroxyphenyl)-8,13-dihydroxy-4-ox",,553.033478995844,553.036974931346,396.324845771143,398.089818984634,11.0,689;2074;3599;4889;5937;6976;8055;9285;10511;11708;12929,,0.0,0.0018808602475763,0.0001980777933125,-0.008345554682668,0.0035002031357779,-0.0111804427659012,0.0021808967916707,5.60368553613137,3.0,0.888071895424837,5.64392138699652,3.0,0.93218954248366,5.62844771011068,3.0,0.915849673202614,0.24696615550043,0.607362558831458,0.376399246477448,0.424351254668304,-0.0402358508651437,0.458398356031608,0.338756948561786,0.613691121752818,0.212050159593126,-0.0247621739793038,0.687446504353106,0.16276109206962,0.816124181668438,0.0882437538563853,-0.0154736768858399
553.3364673742608,274.55049999999994,0.7950873374938965,Notoginsenoside R10,5.027202679014441,5.073806848153333,4.801831209541586,4.978392588816403,-0.0466041691388916,0.0488100901980379,0.0954142593369296,0.8377196118558685,0.0769013171694149,0.7984751539088757,0.0977385932238756,0.6614017144577231,0.1795346836609558,0.9940757818614522,0.0025805065586821,0.9636174359089608,0.0160953503813109,0.9540608526408736,0.0204239239087996,ID696,FT0696,272.975015001479,553.331993788447,Notoginsenoside R10,,553.329746720067,553.334068556025,270.884748340855,275.757444529347,10.0,690;2075;3600;4890;5938;8056;9286;10512;11709;12931,,0.0,-0.0314685603875749,0.0209656747176533,-0.0086520998305106,0.0088726830743372,0.0120389739040597,0.037761463648725,4.5223911707534,3.0,0.443627450980392,4.08902833348173,2.0,0.276960784313726,4.43923973393486,3.0,0.425653594771242,0.0375110127792288,1.42584120994971,0.101406176120028,0.993935593590801,0.433362837271663,0.24679278821432,0.607667535418729,0.458655374697271,0.338513512899456,0.0831514368185351,0.057976942765637,1.23674468955053,0.188296050511431,0.725158789165917,0.350211400453128
554.1638594290858,398.3938571428572,0.5639399290084839,Unknown,3.0863995523017205,2.951628222568626,2.943119859880281,2.916539269656662,0.1347713297330943,0.1698602826450583,0.035088952911964,0.2747735606224087,0.56102505846915,0.30990253831364,0.508774866577456,0.8278620021262156,0.0820420505459007,0.9058762157274411,0.0429311428301549,0.9706578929929058,0.0129338096026886,0.8906584929769418,0.0502887864752479,ID695,FT0695,397.262195674582,553.034984455134,"Ceftriaxone;{5-[12-(3,4-dihydroxyphenyl)-8,13-dihydroxy-4-ox",,553.033478995844,553.036974931346,396.324845771143,398.089818984634,11.0,689;2074;3599;4889;5937;6976;8055;9285;10511;11708;12929,,0.0,0.0018808602475763,0.0001980777933125,-0.008345554682668,0.0035002031357779,-0.0111804427659012,0.0021808967916707,5.60368553613137,3.0,0.888071895424837,5.64392138699652,3.0,0.93218954248366,5.62844771011068,3.0,0.915849673202614,0.24696615550043,0.607362558831458,0.376399246477448,0.424351254668304,-0.0402358508651437,0.458398356031608,0.338756948561786,0.613691121752818,0.212050159593126,-0.0247621739793038,0.687446504353106,0.16276109206962,0.816124181668438,0.0882437538563853,-0.0154736768858399
555.9845380429065,445.90681818181815,0.969792664051056,Unknown,4.785144231496715,4.602958764246886,4.775049705032695,4.113292652027579,0.1821854672498286,0.671851579469136,0.4896661122193073,0.5831386318608228,0.2342281864159886,0.3712821904007163,0.4302958824361009,0.5090225466243362,0.2932629806147714,0.9241583043832848,0.0342536296116762,0.9594490591941168,0.0179780786650326,0.8971514435284977,0.0471342397461038,ID702,FT0702,445.356407800894,556.163153623048,,,556.160594387276,556.164191189148,444.104886690777,446.795772294867,11.0,698;2082;3606;4894;5943;6980;8061;9291;10519;11715;12936,78.95897;140.0111;152.9951;171.0078;214.0478|5524;20787;9545;420;99936,1.0,-0.0221203496290202,0.0093007322756939,-0.0084865877667717,0.0146255829431946,-0.0079277067646983,-0.0025924610536028,4.87614463485029,3.0,0.656862745098039,4.59062321773734,3.0,0.593137254901961,4.79004601394859,3.0,0.63562091503268,0.0203928246859219,1.69052261431286,0.064209201103602,1.19240273357916,0.285521417112953,0.0519715823143422,1.28423406055012,0.210193117115148,0.677381509277576,0.0860986209016943,0.0617100019081052,1.209644440157,0.197302937607558,0.704866448568108,0.199422796211259
556.4106489226077,275.5260909090909,0.8797393441200256,Unknown,4.804471006421799,4.408421642523201,4.8474114545297216,4.5672955103014985,0.396049363898598,0.2371754961203001,-0.1588738677782979,0.20417512685628,0.6899971659073783,0.3845297258815022,0.4150700816433019,0.0727394048361741,1.1382302567240183,0.9029448569380816,0.0443387713462468,0.9594490591941168,0.0179780786650326,0.8971514435284977,0.0471342397461038,ID700,FT0700,271.661349690223,555.347224555979,Cyclopassifloic acid B;Leucoridine A;Pyrohyperforin,,555.346422757811,555.350023044062,269.573805861875,274.43564403802,11.0,696;2080;3604;4893;5942;6979;8060;9290;10517;11713;12935,,0.0,-0.0110528185140293,0.0149877511944403,-0.0124434760252211,0.0032745127165646,0.0239679382193554,0.0291930648545648,4.77025078252344,3.0,0.598039215686274,4.62349666812361,3.0,0.61437908496732,4.81258121567174,3.0,0.647875816993464,0.159788325504262,0.796454954398076,0.270739937438911,0.567447675777307,0.146754114399824,0.556408568729553,0.254606190464126,0.692215809500824,0.159758486087018,-0.0423304331483054,0.0671988217384471,1.17263834178214,0.209122733250047,0.679598753464488,0.18908454754813
556.6889878619396,291.5080909090909,0.938903033733368,Unknown,4.837126505908414,4.8738623597129385,4.629173233068421,4.837270452885249,-0.0367358538045241,-0.0001439469768342,0.0365919068276898,0.7483406939531033,0.1259006376732002,0.9994997226215908,0.0002173220700555,0.8651543363698128,0.0629064110845019,0.9721332827797056,0.012274187740873,0.9771500088738916,0.0100387596944758,0.9994997226215908,0.0002173220700555,ID704,FT0704,290.035573942224,557.31852382732,PA(8:0/16:0);PA(10:0/i-14:0);PA(8:0/i-16:0),,557.316253810306,557.320690824293,287.607969904922,291.749587655746,11.0,702;2086;3610;4896;5947;6982;8064;9296;10522;11717;12940,,0.0,-0.0114081361866199,-0.0062875790449264,-0.0243847948349706,0.0034065766643821,-0.0099856109072844,-0.0348137369567254,4.64159219259396,3.0,0.513071895424837,4.55274995141027,3.0,0.573529411764706,4.58267265920993,3.0,0.515522875816993,0.543963511564301,0.264430231290341,0.634097000399083,0.197844301241689,0.0888422411836949,0.392858369106589,0.405763990595718,0.555705983466932,0.25515492699961,0.058919533384036,0.816899749855075,0.087831236926757,0.902767053106887,0.0444242990791802,0.0299227077996589
558.524074817316,466.3132727272727,0.9224780201911926,Unknown,3.508308773823442,3.456147028001908,3.5514516983217077,3.5583043654663986,0.0521617458215342,-0.0499955916429564,-0.1021573374644906,0.9053537207006984,0.0431817092642305,0.7977844777924283,0.0981144178565572,0.8249930241184524,0.0835497236921005,0.9958036908894162,0.0018262683699224,0.9706578929929058,0.0129338096026886,0.9540608526408736,0.0204239239087996,ID707,FT0707,465.600508398285,558.063264989051,Adenosine diphosphate ribose;Phosphoribosyl-AMP;Laccaic Acid,,558.063211977946,558.063318000156,465.314396946048,465.886619850523,2.0,5948;12941,78.95871;96.96735;211.0002;346.055;408.0131;558.0698|227;48;36;640;113;324,1.0,0.0030171149779976,0.0046786712776011,-0.0411586622922453,0.0104260524098835,0.0143973188031441,0.0238309796508109,3.49150036084945,0.0,0.0024509803921568,3.59184369273744,1.0,0.0138888888888889,3.61919936584532,1.0,0.0065359477124183,0.373900966300059,0.427243412464819,0.484179615133447,0.314993499118616,-0.100343331887994,0.373900966300058,0.42724341246482,0.537705199155324,0.269455764241587,-0.127699004995871,0.874411429632628,0.0582841742583322,0.932758810220546,0.030230640210374,0.0273556731078775
564.2443566804563,43.340545454545456,0.987777054309845,Hemorphin-4,4.463105905060805,5.046070274876196,4.201247338285332,4.986918372376625,-0.5829643698153912,-0.5238124673158202,0.059151902499571,0.0339968693781617,1.4685610733809125,0.1027342400059516,0.9882847874899796,0.8215562004445733,0.0853627222981677,0.7619733114974941,0.11806023977897,0.9706578929929058,0.0129338096026886,0.8655999289281896,0.0626827878961198,ID711,FT0711,43.5184729983316,564.341796875585,Strychnophylline,,564.339509439073,564.345449687519,42.4258540372862,43.9443910105951,11.0,709;2092;3616;4900;5952;6986;8069;9303;10528;11723;12946,59.01503;85.00407;346.1789;478.1804;562.607;564.3431|283;186;550;204;467;140780,1.0,0.0055367305445575,0.0291144746443836,-0.0494007643034496,-0.0170931552881729,-0.0273182202622642,0.0269383038159086,4.73254571989812,3.0,0.580065359477124,4.84349365319659,3.0,0.713235294117647,5.06310447720385,3.0,0.753267973856209,0.377378619859237,0.423222708146117,0.488157505043723,0.311440029360208,-0.11094793329847,0.209128569389118,0.679586633464009,0.420344944795432,0.376394171181635,-0.330558757305729,0.334495333868603,0.475609936159991,0.552130204561046,0.25795849391152,0.219610824007259
564.8891677545589,483.39681818181816,0.972213089466095,Unknown,5.644458061296103,5.608684334487503,6.2896892262010295,6.306932000754753,0.0357737268085998,-0.6624739394586507,-0.6982476662672505,0.974315468130554,0.0113004025816419,0.5542925937042855,0.2562609242847696,0.2006517224910526,0.6975571077210799,0.9958036908894162,0.0018262683699224,0.9594490591941168,0.0179780786650326,0.9035188365361556,0.0440627888491086,ID712,FT0712,482.970638219026,565.047157335962,Uridine diphosphate galactose;Uridine diphosphategalactose;U,+,565.046266573642,565.048322364051,481.364141769546,483.685829532263,11.0,710;2094;3617;4901;5953;6987;8070;9304;10529;11724;12947,78.95914;96.96892;111.0194;138.9793;150.9797;158.9247;174.9799;176.9362;192.991;211.0014;223.0009;241.0116;259.0216;272.9567;280.0228;305.0177;320.9787;322.0373;323.0279;384.9839;402.9929;467.069;565.0478|60304;29607;4796;5192;7030;26318;2473;4228;4115;24368;1144;43499;1444;23833;14525;7121;17349;1012;335545;31372;8038;1409;137674,1.0,-0.0657893273063095,0.0259852288151109,-0.0001203102298661,0.0209387017987157,-0.007230369328204,-0.0046958314368796,6.64542355855031,3.0,0.985294117647059,5.73478323351131,3.0,0.944444444444444,6.34783589447123,3.0,0.979575163398693,0.0036273239250078,2.44041365959413,0.0173161534991447,1.76154857303583,0.910640325038997,0.0017151881210593,2.76568823978597,0.0245992302047171,1.6090784832655,0.297587664079076,0.0161146246480881,1.79277980589242,0.0828447883890695,1.08173480704018,0.61305266095992
566.2041767549439,386.9735,0.8353853225708008,Unknown,4.534965271855153,4.387498540091486,3.721012619662086,4.511697199830028,0.1474667317636671,0.0232680720251252,-0.1241986597385418,0.270182820916972,0.5683422682605029,0.5678291285309558,0.2457823327756687,0.3339863737295971,0.4762712515559905,0.9029448569380816,0.0443387713462468,0.9594490591941168,0.0179780786650326,0.9083503980068508,0.041746589181574,ID716,FT0716,388.347637563801,567.004130294515,,,567.001440669308,567.006065723683,387.106795184711,390.131376501499,11.0,714;2098;3619;4903;5959;6991;8074;9307;10533;11729;12951,59.01318;141.016;223.0183;305.0212;387.0345;469.0238|355;3239;622;554;72;48,1.0,-0.0082052440271205,0.0165942909430673,0.0113739100328111,-0.0014001896853295,0.0047701575990338,0.0005810667029512,4.72456498368429,3.0,0.573529411764706,4.57592015566724,3.0,0.587418300653595,4.76029640220938,3.0,0.616013071895425,0.0142898407882526,1.84497260991921,0.0488371547393974,1.3112496460575,0.148644828017047,0.329174185743588,0.482574230047534,0.528077578191573,0.277302271963122,-0.0357314185250948,0.0035785249875722,2.44629594591494,0.0282171531114649,1.54948680526453,0.184376246542142
568.9120784274493,410.5724545454546,0.9434757828712464,Unknown,4.802997100762641,4.397599894295208,4.658722751497656,4.697029029695065,0.4053972064674331,0.1059680710675765,-0.2994291353998566,0.1217744727720746,0.9144437420491454,0.08219466083823,1.0851563922385845,0.191487975370916,0.7178584926824162,0.9029448569380816,0.0443387713462468,0.9594490591941168,0.0179780786650326,0.8655999289281896,0.0626827878961198,ID720,FT0720,411.319125323545,569.099878165113,"Neobetanin;Flavone base + 3O, C-Pen, C-Pen;NCGC00381078-01!3",,569.094375043636,569.101866000828,410.798430960455,412.031252283315,10.0,716;2103;3622;4906;5961;8078;9310;10536;11733;12957,59.01331;88.04005;130.0619;141.0162;170.0429;199.0688;212.0653;241.0913;252.0462;294.0708;305.0263;323.0945;334.0498;405.0953;487.0999|490;3223;2955;2873;7907;704;5231;4914;943;338;120;620;652;1150;453,1.0,-0.0453544700227593,0.03206485822492,-0.003833816095995,0.0129682530214351,-0.0085798978196535,-0.0071356044345598,4.8633790968624,3.0,0.652777777777778,4.22764672561227,2.0,0.386437908496732,4.77031902737797,3.0,0.623366013071895,0.0035165330661576,2.453885294536,0.0169215571143507,1.77155967586819,0.635732371250124,0.001534126031838,2.81413896067163,0.0240678473566276,1.618562751559,0.093060069484423,0.0063200827740486,2.19927723373072,0.0426331595220509,1.37025248081415,0.542672301765701
570.6073773969122,435.5789999999999,0.8132988214492798,Unknown,3.3206112587669083,3.821042480406317,3.8119707644687786,3.82681908449149,-0.5004312216394089,-0.5062078257245819,-0.0057766040851729,0.0861853768588676,1.0645664150133354,0.0801422436434191,1.0961385033268702,0.974160305317848,0.0113695708560598,0.9029448569380816,0.0443387713462468,0.995603898594446,0.0019134114459875,0.8655999289281896,0.0626827878961198,ID723,FT0723,433.537387313349,570.212378424093,,,570.211529605034,570.216383912801,432.532521663854,434.005279194993,4.0,4908;8082;11736;12961,145.0627;313.1112|1904;1053,1.0,0.0066994974169788,0.0300001529196925,-0.0354781013195849,0.0098562688718124,-0.0319378048401037,0.0292988073387781,3.45462046175295,0.0,0.0008169934640522,3.55496379364094,1.0,0.0081699346405228,3.76340613823123,2.0,0.0285947712418301,0.373900966300059,0.427243412464819,0.484179615133447,0.314993499118616,-0.100343331887994,0.117132078303524,0.931324150851001,0.31408813851289,0.502948464351792,-0.308785676478283,0.322034022464234,0.492098243248486,0.538415049019715,0.268882809826277,0.208442344590289
571.7825142412801,330.6719,0.791653037071228,Unknown,3.8599625593302256,4.19411937895168,4.260888355029948,4.48274110972826,-0.3341568196214539,-0.6227785503980345,-0.2886217307765806,0.6219806959667774,0.2062230940313751,0.3989362571521919,0.3990964912269923,0.3558875897324083,0.4486871561509899,0.932346301977682,0.0304227474062255,0.9594490591941168,0.0179780786650326,0.8994679735769128,0.0460142955162495,ID725,FT0725,332.741598941748,571.286096662253,1-Palmitoylglycerophosphoinositol;1-hexadecanoyl-sn-glycero-,,571.284380084607,571.287790429957,329.807285488282,333.966869473885,10.0,720;2107;3626;4909;5964;8084;9314;10540;11738;12962,78.95924;152.9953;241.0105;253.2152;255.2326;315.0466;391.2282;571.2875|320;5076;3538;424;7787;1980;598;11054,1.0,-0.0511706199729355,0.0309016836125343,-0.0379716481688017,-0.0091929576907399,0.0211798859619853,0.0116686325955744,4.68869782810734,3.0,0.544934640522876,4.02069787868204,2.0,0.223856209150327,4.62357746711811,3.0,0.54656862745098,0.0260056157783879,1.58493285825178,0.0768667218216232,1.11426164013716,0.6679999494253,0.619527792894147,0.207939205785392,0.747641931884245,0.126306348979598,0.065120360989229,0.0264032370365134,1.57834282536825,0.109737231671883,0.959645999897092,0.602879588436071
572.144964123583,502.4503636363636,0.9642350077629088,Unknown,4.422492655121045,4.237250745567195,4.387780758512254,4.507911607310291,0.1852419095538495,-0.0854189521892463,-0.2706608617430959,0.4691059192952322,0.3287290869824151,0.335062207178289,0.4748745549744609,0.3244079690527264,0.4889084859247651,0.9241583043832848,0.0342536296116762,0.9594490591941168,0.0179780786650326,0.8971514435284977,0.0471342397461038,ID726,FT0726,502.405440420146,572.144671841776,Haloperidol glucuronide,,572.143159221097,572.146452904415,500.168679297505,503.887299843892,11.0,721;2108;3628;4910;5965;6994;8085;9315;10541;11739;12963,101.0241;113.0236;131.0348;157.0141;175.0248;193.0352;235.0456;277.0558;295.0659;378.1048;396.1144;572.1465|868;1517;1733;641;4650;7373;3415;4150;9378;1381;12316;5996,1.0,-0.0193711017795131,0.0186755130488287,-0.0239031163712018,0.0074445318987693,0.02202344318962,-0.0063780024044498,4.60160301421871,3.0,0.488562091503268,4.36585946113208,3.0,0.462418300653595,4.6587645584357,3.0,0.56781045751634,0.0742449607931198,1.12933301775498,0.161380289081089,0.792149510915519,0.235743553086636,0.537738079235778,0.269429208424471,0.673147771727274,0.17188958748315,-0.0571615442169842,0.0532879870695077,1.27337068473406,0.177443635587993,0.750939572977891,0.29290509730362
572.4820144069301,449.4531,0.8658442497253418,Unknown,3.702582413372619,3.498420556737964,3.7901124626432425,3.367307149554273,0.2041618566346552,0.335275263818346,0.1311134071836908,0.4806482137791208,0.3181726673065772,0.3587983912771376,0.4451495128437435,0.6200624495135038,0.2075645683835233,0.9241583043832848,0.0342536296116762,0.9594490591941168,0.0179780786650326,0.8971514435284977,0.0471342397461038,ID727,FT0727,447.961953645529,572.080078400709,Delphinidin 3-(6''-malonyl-glucoside),,572.078402500773,572.080791930501,447.765417104841,448.750765811582,3.0,722;2109;3627,78.95867;134.0475;158.9248;174.978;272.9581;304.9842;328.046;346.0531;408.0116;572.0788|1368;229;1088;144;734;1823;499;770;1153;4207,1.0,-0.0242276370363147,-0.0161913191362165,0.0247170846310801,-0.0083355635710509,0.0014993085834054,0.0291996612896933,4.0989687391986,3.0,0.147875816993464,3.73133917908757,0.0,0.0669934640522876,3.73133917908757,0.0,0.0187908496732026,0.0003855027319401,3.41397253988979,0.0034608939292831,2.46081171091475,0.367629560111028,0.0003855027319401,3.41397253988979,0.0110877928615154,1.95515489600257,0.367629560111028,,,,,
573.2300195265525,409.707909090909,0.9639127850532532,Austalide C; Toosendanin,4.221684090431594,4.201782525429646,4.206820579444155,4.446469421331607,0.0199015650019482,-0.2247853309000129,-0.2446868959019612,0.9593434515034176,0.0180258846024728,0.0079062685087584,2.1020284404494136,0.5528255158915886,0.2574119201288286,0.9958036908894162,0.0018262683699224,0.9594490591941168,0.0179780786650326,0.4708699143921361,0.3270990573400104,ID728,FT0728,409.975650861126,573.056556639708,"Sennidin B;Amentoflavone;4',4''',5,5'',7,7''-Hexahydroxy-3,8",,573.054589958904,573.058566273747,409.451644080737,410.678761059845,9.0,723;2112;3631;5966;8086;9317;10543;11740;12965,,0.0,-0.030397204537673,0.0519210822713898,-0.0225556479118593,-0.0011808260736014,0.0056829585886903,-0.0122702109793804,4.28382765592983,3.0,0.272058823529412,3.86233803195816,1.0,0.139705882352941,4.48965676735053,3.0,0.458333333333333,0.01418414655227,1.84819679020231,0.0486140407475236,1.31323827932828,0.421489623971666,0.00191242040243,2.71841663173241,0.0256689316237278,1.59059220688662,-0.205829111420701,0.0037069962738314,2.43097785051084,0.0289694923328596,1.53805911539236,0.627318735392367
578.3243527968409,273.21700000000004,0.7995176911354065,Unknown,4.614197719616529,4.161743463463132,5.0762743009668725,4.041833292287907,0.4524542561533966,0.5723644273286217,0.119910171175225,0.5248963424254557,0.2799264534653821,0.4459400016061601,0.3507235689205691,0.6951449983020348,0.1579245977200561,0.9241583043832848,0.0342536296116762,0.965245108753398,0.0153623904257895,0.8994679735769128,0.0460142955162495,ID732,FT0732,270.32947751131,578.343737823114,NCGC00381110-01!13-hydroxy-6-(1-hydroxyethyl)-3-(hydroxymeth,,578.341492544629,578.346606861733,268.26255099386,273.123467541163,11.0,726;2115;3634;4913;5970;6997;8088;9319;10547;11743;12969,224.0695;279.2322;504.3092|1209;15878;9526,1.0,-0.0111163973553064,0.012985645958812,-0.0029243389755484,-0.0002877294528861,0.0185223147014125,0.0374091926212825,4.43341010296369,3.0,0.376633986928105,4.26705152274531,3.0,0.410130718954248,4.43218748228849,3.0,0.419934640522876,0.0645599619098401,1.19003673451819,0.146454638071601,0.834296870093634,0.166358580218375,0.98266904860939,0.0075927228223427,0.986753292369196,0.0057914158770744,0.0012226206751977,0.0312644280736422,1.50494951154538,0.122434857590404,0.912094919576267,0.165135959543178
579.4348150889697,510.0483,0.8626865148544312,Unknown,5.0151434917670965,4.527400084919954,4.461513467664795,4.743002590988493,0.4877434068471427,0.2721409007786031,-0.2156025060685396,0.2619602943481098,0.581764530253894,0.4830100455881497,0.3160438367471779,0.0930061828268272,1.0314881796361732,0.9029448569380816,0.0443387713462468,0.9594490591941168,0.0179780786650326,0.8994679735769128,0.0460142955162495,ID733,FT0733,509.661373009013,579.025467489666,Uridine diphosphate glucuronic acid;Uridine diphosphate gluc,+,579.023878677623,579.026431553887,506.896721674903,510.913380380581,10.0,727;2116;3635;4914;5971;8089;9320;10548;11744;12970,78.95849;96.96895;111.0192;158.925;192.9898;211.0004;254.9906;272.9564;290.9679;305.0164;323.0285;384.9828;402.9947;579.0248|7483;2319;5688;19323;1342;880;9236;6394;1770;5510;14522;7712;32403;13764,1.0,-0.0880175900367634,0.0136627746374992,0.0061443140033695,0.0079563684758968,0.006233105527476,0.0050858426781865,5.36481602799761,3.0,0.824346405228758,4.13872041353286,2.0,0.305555555555556,4.8044886393456,3.0,0.641339869281046,0.0006331022972157,3.19852611063532,0.0050774804236706,2.29435174235116,1.22609561446474,0.0054675291438841,2.26220889333938,0.0524188508397779,1.28051250417183,0.56032738865201,0.0065181725222909,2.185874148859,0.0434668990486489,1.36184134149992,0.665768225812732
580.0582047465977,409.6962727272727,0.958037495613098,Unknown,5.3744292331855625,5.023078598055252,5.247596331007534,5.245133426892858,0.3513506351303102,0.1292958062927045,-0.2220548288376056,0.2640966220937932,0.57823715356554,0.0443530011831205,1.3530769879366586,0.435286662828056,0.3612246394102927,0.9029448569380816,0.0443387713462468,0.9594490591941168,0.0179780786650326,0.8328109251977478,0.0794535861848719,ID735,FT0735,409.975650861126,580.057701070803,Celecoxib glucuronide,,580.056468629608,580.059563364311,409.451644080737,410.678761059845,11.0,729;2118;3637;4915;5972;6998;8091;9321;10550;11747;12973,59.01393;88.03991;141.016;169.5253;170.0428;223.0193;252.0456;305.0231;334.0485;387.0265;416.0521;498.0542;580.0616|13542;26321;84916;480;156098;15716;32241;14008;38524;4914;25649;3954;600,1.0,-0.040788252181406,0.0254552671730048,-0.0016700603975779,0.0032000971288781,-0.0194158432151801,-0.0050489534665815,5.51231448311236,3.0,0.873366013071895,4.935591465391,3.0,0.748366013071895,5.39164991393023,3.0,0.861111111111111,0.0008995822345119,3.04595912985894,0.0064416513578442,2.19100278424495,0.576723017721362,0.0598636881048901,1.22283653049179,0.230655375101468,0.637036420311265,0.120664569182128,0.0035097765584625,2.45472053097451,0.0282171531114649,1.54948680526453,0.456058448539234
580.639706244616,44.558181818181815,0.9713873863220216,Unknown,4.223648957692391,4.831963818413375,5.452363299487114,4.2781277342180015,-0.6083148607209843,-0.0544787765256105,0.5538360841953738,0.5583485098598653,0.2530946385847386,0.9542237425777076,0.0203497817173534,0.6136399984393188,0.2120863398424444,0.9241583043832848,0.0342536296116762,0.9594490591941168,0.0179780786650326,0.9946731882040908,0.0023195884742269,ID736,FT0736,44.3855360801404,580.337257691743,,,580.3351612011,580.340024618263,42.7965903237448,45.2697034974338,11.0,730;2120;3638;4916;5973;6999;8092;9322;10551;11748;12974,128.009;141.0164;148.0521;193.1601;205.1225;219.0896;220.1462;221.1544;230.1549;233.154;276.1605;305.1015;319.1654;346.1762;359.1852;360.1914;362.1718;578.5501;580.3395|10232;622;706;3681;2464;7649;62860;50111;1439;1543;117096;1892;931;72706;79797;10242;55362;2400;972554,1.0,-0.0038884968718837,0.0123047236600282,-0.0312151473822295,-0.0122342686890209,-0.0267532522585364,0.0268036657029428,5.51114957869199,3.0,0.871732026143791,5.49282990918396,3.0,0.908496732026144,5.60381911401522,3.0,0.910947712418301,0.893694080833842,0.0488111185000181,0.918072861699123,0.0371228501950895,0.0183196695080312,0.622997212434982,0.20551389656204,0.749582303407827,0.125180675085927,-0.0926695353232292,0.519963383135016,0.284027239177387,0.692690945340826,0.159460489300098,0.11098920483126
580.8132749215714,273.2284545454545,0.8652179837226868,Unknown,4.819962664611129,4.545356314822339,4.587913856160865,5.263275477036927,0.2746063497887903,-0.4433128124257974,-0.7179191622145877,0.7329632867024534,0.1349177781308342,0.2550851237120715,0.5933148682351536,0.3954010802076424,0.4029621485590748,0.9663492948724162,0.0148658659071657,0.9594490591941168,0.0179780786650326,0.8906584929769418,0.0502887864752479,ID737,FT0737,268.993854438768,580.35972111772,gamma-Chaconine,,580.358673792285,580.361194824198,266.951091947508,271.810016784328,11.0,731;2121;3639;4917;5974;7000;8093;9323;10552;11749;12975,59.01365;78.95934;152.9955;168.0439;224.0685;242.0802;281.248;305.251;506.3233;580.3613|3708;891;1668;1485;9168;2678;125656;436;71132;2473,1.0,-0.0087076129108291,0.014368799647573,-0.0109700287092936,0.0077557092836046,0.0207057636846106,0.030497667729032,5.33862319327718,3.0,0.816993464052288,5.22204026238458,3.0,0.838235294117647,5.38766709867182,3.0,0.857843137254902,0.191918684217705,0.71688274252537,0.310320130529435,0.508190050731404,0.116582930892608,0.45301753554126,0.343884986858225,0.608726566111059,0.215577744306341,-0.0490439053946403,0.0853637234886956,1.06872664963648,0.244165356155166,0.612315956680985,0.165626836287248
580.907718160711,376.5148,0.8661049604415894,Unknown,3.8338849073058334,3.977855864993529,3.976433845501498,4.145366763833304,-0.1439709576876957,-0.3114818565274708,-0.1675108988397751,0.4012839117104457,0.3965482516676998,0.010685591909872,1.9712014158423263,0.344654416006271,0.4626161525829121,0.916331590195946,0.0379473410337079,0.9594490591941168,0.0179780786650326,0.4740273807397159,0.3241965719108726,ID738,FT0738,375.75112276795,580.907570299531,,,580.905178947664,580.911623587442,374.885530579192,376.80516373542,10.0,733;2122;3640;4918;5975;8094;9324;10553;11750;12976,124.0067;221.9844;286.9783|2199;156;703,1.0,-0.0084641577695163,0.0387449283446556,-0.0243822504475173,0.0176932384041312,-0.0140700734302025,-0.0016246185891902,3.94831443696759,3.0,0.0735294117647059,3.85143693212226,2.0,0.131535947712418,4.21256432138474,3.0,0.256535947712418,0.539160930527606,0.268281585818108,0.632174073513363,0.199163319254061,0.0968775048453341,0.0057257976569473,2.24216400350686,0.0540372153874405,1.26730703886962,-0.264249884417146,0.0604886327900368,1.21832623163504,0.194463455829127,0.711162000625779,0.36112738926248
585.4069881902977,40.32654545454545,0.972162902355194,Unknown,4.076614747487037,3.926752409080694,4.084586075479301,3.792422242290176,0.1498623384063431,0.2841925051968612,0.1343301667905181,0.4717724758426789,0.3262674003269283,0.3373956195402414,0.4718605602230374,0.5822286550547676,0.234906424067393,0.9241583043832848,0.0342536296116762,0.9594490591941168,0.0179780786650326,0.8971514435284977,0.0471342397461038,ID749,FT0749,43.8777204341975,584.326646717277,,,584.322415352557,584.339291565173,42.7965903237448,44.8909394081093,7.0,743;2134;7006;8102;9334;11759;12986,,0.0,-0.0049762024634171,0.0234656165084065,-0.0008619640976569,-0.0072145797333707,-0.0325877749114164,0.0077913645522704,3.95051815759671,2.0,0.0743464052287582,3.84783887509319,1.0,0.128267973856209,4.05820101217732,2.0,0.154411764705882,0.517006257271765,0.286504200654308,0.617868834579475,0.209103710128532,0.102679282503518,0.596176004385632,0.224625507962275,0.725257415204274,0.139507822172544,-0.107682854580604,0.323857242526698,0.489646386230254,0.540688701042427,0.267052705930566,0.210362137084122
586.7553289408618,484.6643,0.8472709059715271,Unknown,4.072829991726208,3.1278740712074438,3.997178585673373,3.372641216046381,0.944955920518765,0.7001887756798273,-0.2447671448389377,0.0383828800770367,1.415862440891946,0.2166541362528921,0.6642330152164553,0.6122965605285994,0.2130381801325266,0.7786713703588722,0.108645792844284,0.9594490591941168,0.0179780786650326,0.8863905336378247,0.0523748907144828,ID750,FT0750,482.036454337117,587.029974939562,Uridine diphosphate galactose;UDP-D-galactose(2-);Uridine di,+,587.026069202387,587.033830623729,480.652599483922,482.368392184465,6.0,745;2136;3654;8105;10565;12988,78.95918;198.9164;211.0014;240.9264;241.0146;312.9498;323.0282;342.9599;360.9713;381.9709;402.9793;406.9681;424.9758;453.9921;466.9867;544.0235;587.0291|863;1487;361;975;642;1633;3189;458;1498;320;300;352;2338;507;594;838;9801,1.0,-0.0439554119448979,-0.0048801034518644,0.0215973860351388,0.0162577602799891,0.0387247594927869,0.0393293395348818,4.44877812513155,3.0,0.391339869281046,3.8048533560857,0.0,0.106209150326797,4.02694048150995,2.0,0.129901960784314,1.68500473234374e-05,4.77339887507283,0.0004201937373904,3.37655042465027,0.643924769045853,0.021813591800587,1.66127281811032,0.129170680858378,0.888836051251109,0.421837643621603,0.119796755582963,0.921554943645339,0.274315503268827,0.561749647029673,0.22208712542425
589.8314551965866,496.31855555555546,0.747368574142456,Unknown,3.9334586028041936,3.833519785680218,3.9322438694209296,4.432409765318109,0.0999388171239754,-0.4989511625139156,-0.598889979637891,0.631193232356704,0.1998376662718548,0.0910867114380078,1.0405449772542157,0.0145697020515321,1.836549329403556,0.9337173122343668,0.0297845887800014,0.9594490591941168,0.0179780786650326,0.8655999289281896,0.0626827878961198,ID751,FT0751,497.382651187728,590.049778488408,,,590.047172116247,590.055349609229,496.441003045615,498.498045944151,8.0,748;2139;3657;8106;9335;10566;11761;12989,78.95848;158.9242;176.9368;178.0013;196.0127;257.9659;275.979;293.9896;393.0321|1778;262;347;1561;6764;115;1762;108;1011,1.0,-0.0270219729972274,0.0644069445734651,-0.0111501378001123,-0.0158055600112487,0.0349507975079774,0.0029936508004319,4.21854903857299,3.0,0.225490196078431,3.79094876776404,0.0,0.0988562091503268,4.53260355551154,3.0,0.48202614379085,0.0009346288178696,3.02936083229006,0.0066530086857823,2.17698190956389,0.427600270808945,0.0070953876723289,2.14902387091071,0.0630237375600982,1.20049584499581,-0.314054516938555,4.07275556997385e-05,4.39011165369917,0.0013202515972665,2.87934329842109,0.7416547877475
592.1421174588552,335.90488888888893,0.578700602054596,cefteram pivoxil,3.418719708801664,3.200652747169833,4.216889507375656,3.5691678563643188,0.2180669616318309,-0.1504481475626549,-0.3685151091944858,0.4399686036494718,0.3565783138508212,0.5584515696019238,0.253014484082187,0.2069178745073236,0.6842019913806899,0.9241583043832848,0.0342536296116762,0.9594490591941168,0.0179780786650326,0.9037929984663288,0.0439310273987275,ID752,FT0752,331.918009396086,593.270633556496,1-Palmitoylglycerophosphoinositol;1-hexadecanoyl-sn-glycero-,,593.268824779411,593.272935844647,328.437599231756,332.689135721907,9.0,749;2140;3658;5985;8107;9336;10567;11762;12991,152.995;241.0112;277.2169;315.0492;413.2082;593.2724|1416;1162;3037;647;168;4073,1.0,-0.0229901562659888,0.0309347288091318,-0.0350345841567578,-0.0058888164837973,0.0150204106123978,0.0106583914780895,4.14255325819343,3.0,0.176470588235294,3.85655778093728,1.0,0.134803921568627,4.26728410611517,3.0,0.308823529411765,0.104388957201451,0.981345440798597,0.20895160651139,0.679954285461492,0.28599547725615,0.205426945584843,0.687342591160909,0.416368708500824,0.380521916616032,-0.124730847921744,0.0452563814055948,1.34432017416408,0.157474761236807,0.802789041454774,0.410726325177894
594.4007678284441,282.7532,0.6302980780601501,Jurubine,3.6025301630689697,2.9545853883801576,3.4366415058193835,3.253947539672213,0.6479447746888121,0.3485826233967568,-0.2993621512920552,0.2953889966756384,0.5296056863160645,0.5521103808124725,0.2579740871522158,0.3423745552398924,0.4654985189058856,0.9116684525285336,0.0401630733125223,0.9594490591941168,0.0179780786650326,0.9035188365361556,0.0440627888491086,ID756,FT0756,286.500430880139,595.287360407664,Ganoderic acid alpha;Ganoderic acid K;Pipercyclobutanamide B,,595.284604802087,595.290172718133,283.228487523061,287.918368951536,9.0,2144;3662;4929;5989;8111;9340;10571;11765;12995,152.9952;238.9955;281.249;417.2429;435.2503;595.2857|2735;156;1806;204;804;3881,1.0,-0.0093458160153606,0.0159424185954017,-0.0693223081903831,0.0041837728562517,0.0170329115817904,-0.0399386668791317,4.32055944667181,2.0,0.295751633986928,4.31050960620856,2.0,0.428104575163399,4.55590676436909,3.0,0.498366013071895,0.966642438392412,0.0147341419976167,0.974745057322776,0.0111089583281139,0.010049840463247,0.236144351240012,0.626822438631146,0.450052793456566,0.346736538309022,-0.235347317697283,0.247216587881659,0.606922392063094,0.442487358984503,0.354099131749644,0.24539715816053
595.4038877547425,327.90290000000005,0.7931583523750305,Unknown,4.042277684501645,4.465804914856881,4.5272979417131705,4.781233165279244,-0.4235272303552362,-0.7389554807775989,-0.3154282504223626,0.6410027821700502,0.1931400854913567,0.435670279437757,0.3608420657618187,0.317960213365912,0.4976272202566619,0.9367160036407274,0.0283920598558963,0.9594490591941168,0.0179780786650326,0.8994679735769128,0.0460142955162495,ID755,FT0755,331.362048650943,595.287582346617,Ganoderic acid alpha;Ganoderic acid K;Pipercyclobutanamide B,,595.285354601771,595.288512779027,328.437599231756,333.178329405074,11.0,752;2143;3661;4928;5988;7011;8110;9339;10570;11764;12994,152.9952;241.0115;279.2336;315.0494;415.2241;595.2885|5059;3452;8457;1870;596;10283,1.0,-0.0278223153553948,0.0274832070421408,-0.0325635947487052,0.0005584741213654,0.0175025907015061,0.0075089921797233,4.61492717695655,3.0,0.493464052287582,4.26202033497902,3.0,0.406862745098039,4.68241492985714,3.0,0.577614379084967,0.0453494350601224,1.3434281187869,0.116669641741638,0.933042135722219,0.352906841977536,0.483566743410969,0.315543574746222,0.633566839523265,0.198207561514739,-0.0674877529005879,0.0311132181120296,1.50705506648644,0.122252947935147,0.912740659758279,0.420394594878124
595.9337524370723,290.04718181818174,0.9115055203437804,Unknown,3.924016105862943,3.634503946839827,3.784055645533003,4.47595786292019,0.2895121590231158,-0.5519417570572469,-0.8414539160803627,0.6223061997405004,0.205995872324743,0.2649349606596499,0.5768607286799635,0.1709499289185003,0.7671310754483137,0.932346301977682,0.0304227474062255,0.9594490591941168,0.0179780786650326,0.8906584929769418,0.0502887864752479,ID756,FT0756,286.500430880139,595.287360407664,Ganoderic acid alpha;Ganoderic acid K;Pipercyclobutanamide B,,595.284604802087,595.290172718133,283.228487523061,287.918368951536,9.0,2144;3662;4929;5989;8111;9340;10571;11765;12995,152.9952;238.9955;281.249;417.2429;435.2503;595.2857|2735;156;1806;204;804;3881,1.0,-0.0093458160153606,0.0159424185954017,-0.0693223081903831,0.0041837728562517,0.0170329115817904,-0.0399386668791317,4.32055944667181,2.0,0.295751633986928,4.31050960620856,2.0,0.428104575163399,4.55590676436909,3.0,0.498366013071895,0.966642438392412,0.0147341419976167,0.974745057322776,0.0111089583281139,0.010049840463247,0.236144351240012,0.626822438631146,0.450052793456566,0.346736538309022,-0.235347317697283,0.247216587881659,0.606922392063094,0.442487358984503,0.354099131749644,0.24539715816053
596.3024212499062,487.7137999999999,0.8081511855125427,1-Oleoyl-sn-glycero-3-phospho-D-myo-inositol(1-),3.5488328523267723,3.291762587521692,3.5108882883478083,2.995353993582491,0.2570702648050806,0.5534788587442812,0.2964085939392005,0.2543813201550581,0.5945147831629167,0.1018969873300604,0.991838656084566,0.3041307327104798,0.5169396917526567,0.9029448569380816,0.0443387713462468,0.9594490591941168,0.0179780786650326,0.8655999289281896,0.0626827878961198,ID759,FT0759,487.863261939742,597.107803986775,"Fusaroskyrin;3,4,5-trihydroxy-6-{[7-hydroxy-4-oxo-2-phenyl-8",,597.106451377315,597.109156596235,487.242631154292,488.483892725191,2.0,2147;3665,78.95987;96.96948;138.9784;143.0494;198.9993;254.0755;259.0208;272.0876;337.0846|48;275;36;36;36;84;429;156;178,1.0,-0.0154506653102343,-0.0150702866256907,-0.0012783664554146,-0.0236045900666574,0.0155087284809524,-0.0006619963559569,3.802959551162,2.0,0.0375816993464052,3.59888214200954,0.0,0.0147058823529412,3.59888214200954,0.0,0.0040849673202614,0.116226313582391,0.934695536748574,0.218646672641802,0.660257127348624,0.204077409152462,0.116226313582391,0.934695536748574,0.31408813851289,0.502948464351792,0.204077409152462,,,,,
596.3335120386469,44.68518181818183,0.9904699921607972,Unknown,5.61107777359005,5.641944383055077,5.696876145341894,5.595342467061902,-0.0308666094650273,0.015735306528148,0.0466019159931754,0.8095291492502836,0.0917675087010582,0.8812375685283935,0.0549069964772555,0.709641516431682,0.1489609847352941,0.9840747405044136,0.0069719156378001,0.9657248817257064,0.0151465789323381,0.964833909067567,0.0155474416652151,ID757,FT0757,44.8639244150315,596.333580211498,,,596.331808333408,596.335269423984,43.7730930098904,45.2697034974338,11.0,753;2145;3663;4930;5990;7012;8112;9341;10572;11767;12997,59.0142;128.0106;141.0176;142.0255;154.0246;155.0332;193.1585;205.1595;218.0819;219.0898;220.1468;221.1544;230.1546;232.1704;237.221;248.1643;254.2488;263.2376;276.1612;277.1672;280.2648;292.1543;296.257;318.1094;319.1659;346.1752;358.1771;360.1558;362.1721;374.1713;375.1795;376.1867;378.1665;496.2555;506.4972;536.5044;539.2638;594.4967;596.3343|8349;1634;3351;16884;5295;58766;7084;3150;1000;15703;30853;64722;3098;4714;8281;9621;3343;2620;242694;1115;16067;13440;2320;3788;3694;3133;15220;5760;52125;5995;130596;11249;9148;1350;3492;74287;900;2877;1401493,1.0,-0.0044137625250513,-0.0028976284622609,-0.0216570650736716,0.009184037582295,-0.0072286539644513,0.0162891598986715,5.69475767216613,3.0,0.909313725490196,5.67265799652869,3.0,0.934640522875817,5.66868454569266,3.0,0.925653594771242,0.780440997521031,0.107659924657468,0.827198696050925,0.0823901588467648,0.0220996756374392,0.80655859118512,0.0933640784868893,0.879847886232209,0.0555924049865029,0.0260731264734666,0.967722472980332,0.0142491734089269,0.983292297285786,0.0073173629118896,-0.0039734508360274
597.3206220633482,48.427125,0.5279188752174377,"PA(8:0/20:4(6E,8Z,11Z,14Z)+=O(5)); PA(20:4(6E,8Z,11Z,14Z)+=O(5)/8:0); PA(8:0/20:4(5Z,8Z,11Z,13E)+=O(15)); PA(20:4(5Z,8Z,11Z,13E)+=O(15)/8:0); PA(8:0/20:5(5Z,8Z,11Z,14Z,16E)-OH(18R)); PA(20:5(5Z,8Z,11Z,14Z,16E)-OH(18R)/8:0); PA(8:0/20:5(5Z,8Z,11Z,14Z,16E)-OH(18)); PA(20:5(5Z,8Z,11Z,14Z,16E)-OH(18)/8:0); PA(8:0/20:5(5Z,8Z,10E,14Z,17Z)-OH(12)); PA(20:5(5Z,8Z,10E,14Z,17Z)-OH(12)/8:0); PA(8:0/20:5(6E,8Z,11Z,14Z,17Z)-OH(5)); PA(20:5(6E,8Z,11Z,14Z,17Z)-OH(5)/8:0)",3.403884134874504,3.904390689104785,3.745111203900139,3.448980166301323,-0.5005065542302809,-0.0450960314268189,0.4554105228034619,0.3533063652959149,0.4518485380874046,0.8103139283115055,0.0913466960344621,0.3949465217069264,0.4034617066518731,0.916331590195946,0.0379473410337079,0.9594490591941168,0.0179780786650326,0.9569781404735324,0.0190979823696007,ID761,FT0761,44.8639244150315,597.335023485609,"Collettiside I;12b-O-[non-2E,4Z-dienoyl]-13_-methylbutyroylo",,597.332504685836,597.336509107271,42.7965903237448,45.2697034974338,11.0,755;2149;3667;4931;5991;7013;8114;9343;10575;11769;13000,,0.0,-0.0052040992826298,-0.0040496828223469,-0.0238928181145197,0.0047689074713047,-0.0037160075048216,0.0142355463414991,5.24718437013204,3.0,0.792483660130719,5.21624523878711,3.0,0.836601307189543,5.21587262266472,3.0,0.80718954248366,0.671018554459673,0.173265470906952,0.742626790262177,0.129229387653402,0.030939131344927,0.775316204443993,0.110521138993134,0.86082902111061,0.0650831000701817,0.0313117474673117,0.99709772527135,0.0012622745206614,0.998809481022889,0.0005173438373291,-0.0003726161223847
597.7608966512372,334.3043636363637,0.9544183015823364,Unknown,4.740774009286155,4.175041350718256,3.908547139652754,4.578399954106311,0.5657326585678994,0.1623740551798445,-0.4033586033880549,0.2659559520097195,0.5751902858620987,0.6995204427515628,0.155199589185778,0.1983508528224224,0.7025659279083794,0.9029448569380816,0.0443387713462468,0.9594490591941168,0.0179780786650326,0.9323924712047332,0.0304012419376477,ID760,FT0760,330.650009192215,597.302537012858,1-Oleoylglycerophosphoinositol;Phosphatidylinositol lyso 18;,,597.301465603259,597.305515225042,328.437599231756,331.935098909854,11.0,756;2148;3666;4932;5992;7014;8115;9344;10574;11770;12999,78.95911;96.96985;152.9953;223;241.0113;259.0228;281.2479;315.0476;333.059;417.2416;597.3037|2896;399;25308;1281;21688;393;54138;11123;300;4099;78143,1.0,-0.0384492339660298,0.0266348218838674,-0.0345365695237531,-0.0063972475363279,0.0244658481203712,0.0075153581630583,5.38017874757318,3.0,0.830065359477124,4.88278931784876,3.0,0.73202614379085,5.3738327196654,3.0,0.85375816993464,0.0287675968235785,1.54109641651952,0.0844083389725975,1.07361464589941,0.497389429724421,0.958031033045378,0.0186204227982016,0.974028590391171,0.0114282952087685,0.0063460279077833,0.026345779071032,1.5792889543792,0.109737231671883,0.959645999897092,0.491043401816637
598.1162012678149,411.5401818181819,0.952060878276825,Unknown,4.267388037709352,3.792494517376742,3.908177774418402,3.98245014512746,0.4748935203326097,0.2849378925818913,-0.1899556277507184,0.005697933638279,2.2442826131339344,0.0437325488610123,1.3591952099633098,0.122726039633241,0.9110632802297846,0.5927228664362193,0.2271483179516168,0.9594490591941168,0.0179780786650326,0.8328109251977478,0.0794535861848719,ID762,FT0762,411.403438526875,598.125595140009,Daunorubicin HCl (Daunomycin HCl),,598.122604921994,598.130611463009,410.798430960455,412.717135131198,8.0,757;2150;3668;8116;9345;10576;11771;13001,,0.0,-0.0392557248264054,0.0149020270759853,0.0304359972144342,0.0019709373355066,0.0067261087651917,0.0129874174638777,4.35277725341736,3.0,0.318627450980392,3.75094726424138,0.0,0.0792483660130719,4.09887424843142,3.0,0.184640522875817,0.0003547766959675,3.4500449151794,0.0033084989554179,2.4803689981388,0.601829989175978,0.016365592137953,1.78606827647922,0.107443670123083,0.968819165203642,0.253903004985932,0.0005580986708298,3.25328901179967,0.0081799961745867,2.08724689942846,0.347926984190046
599.8204381861246,44.198,0.9362334609031676,Unknown,3.923985611137456,3.811232631650344,3.591054273409812,4.001113716120015,0.1127529794871122,-0.0771281049825591,-0.1898810844696714,0.7765349089625626,0.109839015880007,0.7301004653567835,0.1366173747453254,0.6641626398127302,0.1777255577944169,0.9769462979138523,0.0101293085030084,0.9636174359089608,0.0160953503813109,0.9390571385666272,0.0273079815259871,ID763,FT0763,44.3855360801404,598.335348671529,,,598.332131780984,598.338794052872,42.7965903237448,45.2697034974338,11.0,759;2152;3670;4934;5993;7015;8118;9347;10578;11773;13003,,0.0,-0.0055406222425292,-0.0035867097386996,-0.0139379290564973,0.0092667802594281,-0.0124664441135533,0.0150370770363371,4.63581889885413,3.0,0.507352941176471,4.58620389174776,3.0,0.588235294117647,4.57637791358135,3.0,0.509803921568627,0.409250038188457,0.388011271390583,0.518785875596116,0.285011856478031,0.049615007106369,0.534702425311676,0.271887846015446,0.670737829466776,0.173447198854867,0.059440985272774,0.913097292177473,0.0394829451331297,0.954824856604938,0.0200762836893195,-0.0098259781664049
604.344176477266,409.3378181818182,0.8247473239898682,Unknown,3.970767858401618,3.676641499495693,3.5184566832970114,3.654939090016609,0.2941263589059253,0.3158287683850096,0.0217024094790843,0.0978484469132042,1.0094460632341682,0.2151196475911535,0.6673199222450688,0.9218888859541938,0.0353214207305004,0.9029448569380816,0.0443387713462468,0.9899530561711076,0.0043853992703578,0.8855584405828031,0.0527827731693913,ID768,FT0768,411.793905038155,605.000758356489,Cefodizime,,605.000046254652,605.001470458325,410.967252066309,412.620558010002,2.0,5999;7019,112.9849;126.9995;141.0157;223.0219;276.9876;291.0039;373.0129|36;287;180;36;36;63;36,1.0,0.0144565596107903,-0.0132189393352841,0.00045158343142,-0.0092562166015653,0.0086472471094927,0.0069667921700456,3.91836522113862,0.0,0.0669934640522876,4.12923278213247,2.0,0.29656862745098,3.91836522113862,0.0,0.076797385620915,0.117042882219115,0.931654992107925,0.218646672641802,0.660257127348624,-0.210867560993854,,,,,,0.117042882219115,0.931654992107925,0.273912994266569,0.562387364590118,-0.210867560993854
605.9101497046422,358.3711,0.8620921969413757,Unknown,3.924961639093332,3.7993003784675934,3.899520078197641,3.834857594891136,0.1256612606257388,0.0901040442021967,-0.035557216423542,0.4811953071916912,0.317678616724319,0.6476825266351223,0.1886378193090978,0.8719852902088576,0.0594908412543669,0.9241583043832848,0.0342536296116762,0.9780928897342612,0.0096198981946754,0.9271385126474756,0.0328553782776072,ID767,FT0767,355.853160733602,604.827418244762,Methoxylated 14-bromodiscorhabdin C (+2),,604.826850698742,604.828517428586,354.097657043566,356.914150042454,4.0,2158;3675;11776;13010,,0.0,-0.0196714214678068,0.0086795837660812,-0.0336289773654013,-0.0454319081735091,0.0174430228571483,0.0232286110802874,4.04085318208294,2.0,0.109477124183007,3.78120122972614,0.0,0.0939542483660131,4.03851606196118,2.0,0.139705882352941,0.116132208921026,0.935047313278623,0.218646672641802,0.660257127348624,0.259651952356793,0.990738131239421,0.0040411216867845,0.992381146382438,0.003321495205804,0.0023371201217594,0.135012949183488,0.869624576029171,0.288044079885065,0.540541046317231,0.257314832235034
606.1408335606791,358.63430000000005,0.7460981011390686,Unknown,3.32788894672667,3.444822477942904,3.9096330262995074,3.554662237037834,-0.1169335312162336,-0.2267732903111636,-0.10983975909493,0.7700561158210345,0.1134776256022942,0.6257315667605017,0.2036119352828421,0.7823136942479227,0.1066190674476311,0.9749150533131457,0.0110332237727955,0.9706578929929058,0.0129338096026886,0.9220586924849568,0.0352414335981413,ID767,FT0767,355.853160733602,604.827418244762,Methoxylated 14-bromodiscorhabdin C (+2),,604.826850698742,604.828517428586,354.097657043566,356.914150042454,4.0,2158;3675;11776;13010,,0.0,-0.0196714214678068,0.0086795837660812,-0.0336289773654013,-0.0454319081735091,0.0174430228571483,0.0232286110802874,4.04085318208294,2.0,0.109477124183007,3.78120122972614,0.0,0.0939542483660131,4.03851606196118,2.0,0.139705882352941,0.116132208921026,0.935047313278623,0.218646672641802,0.660257127348624,0.259651952356793,0.990738131239421,0.0040411216867845,0.992381146382438,0.003321495205804,0.0023371201217594,0.135012949183488,0.869624576029171,0.288044079885065,0.540541046317231,0.257314832235034
606.1655987567249,471.9623636363636,0.9690224528312684,Unknown,6.628856707832896,5.86849988652516,6.448382926554739,6.392083535715774,0.7603568213077363,0.2367731721171218,-0.5235836491906145,0.2654587350924504,0.576002979345111,0.0025853591390604,2.5874791193868907,0.4025424454466662,0.395188319392082,0.9029448569380816,0.0443387713462468,0.9594490591941168,0.0179780786650326,0.3988689090222418,0.3991698146962136,ID769,FT0769,471.433290275224,606.07435282324,UDP-N-acetyl-alpha-D-galactosamine;Uridine-5-diphosphoacetyl,+,606.072960619849,606.07543504515,469.466945247122,472.590861957452,11.0,767;2160;3677;4937;6000;7020;8124;9351;10584;11777;13012,78.95894;96.96904;111.0191;150.9803;158.9249;162.9802;174.98;176.9358;192.9895;211.0005;222.0162;240.0275;246.0178;254.9455;260.956;264.0271;272.9568;280.0229;282.0382;290.967;300.0481;305.0176;323.0287;343.9931;362.0046;380.0163;384.9844;402.9943;494.0468;508.0982;526.1087;604.2043;606.0751|70049;20723;12753;1453;130395;2869;11934;44657;2304;4657;1802;3948;5958;1973;20452;10900;136269;2527;139985;2843;29267;25254;44176;10285;63955;1110;248004;67975;2973;7846;5203;1559;690344,1.0,-0.0436874495258371,0.0114445555986001,-0.001351368394287,0.0217059969642692,-0.0096550549449082,0.0011853131020786,6.6730059015789,3.0,0.987745098039216,6.08095797446526,3.0,0.967320261437909,6.42747471954147,3.0,0.981209150326797,0.007202480258807,2.14251792339853,0.0285959859780358,1.54369492456099,0.592047927113641,0.0009310846145125,3.03101084968882,0.0176301522782036,1.75374393652099,0.24553118203743,0.0436637793765518,1.35987867606288,0.153019911508817,0.815252053523829,0.346516745076211
608.2852760308398,39.33872727272728,0.946757972240448,Tubocurarine; Ergocristine,3.678121646776345,3.505998623777632,3.8592249235884815,3.2845675000690804,0.1721230229987127,0.3935541467072645,0.2214311237085517,0.4786868319220495,0.3199485192534792,0.3630484260330059,0.4400354417511924,0.603613094012317,0.2192413477638844,0.9241583043832848,0.0342536296116762,0.9594490591941168,0.0179780786650326,0.8971514435284977,0.0471342397461038,ID776,FT0776,42.6737780040985,609.136712993496,3'-demethyletoposide;Aurasperone E;Fonsecinone B,,609.135565835445,609.139404211635,42.1722091294831,44.3855360801404,8.0,2166;4941;6005;7024;8131;9357;10591;13018,,0.0,0.0129675991365177,-0.0054608466835326,-0.0377490404539532,0.0454679628512772,0.0347840881323208,-0.0344338312161745,4.02202965644949,1.0,0.0988562091503268,4.29405358048494,3.0,0.419117647058824,4.19366936676074,2.0,0.236111111111111,0.105863658291866,0.975253102329269,0.211200631716609,0.675304787129575,-0.272023924035453,0.419535708402382,0.377231068680047,0.581318641444072,0.235585750075633,-0.171639710311248,0.552557201700755,0.257622756381159,0.716865537234326,0.14456229748915,-0.100384213724205
608.8021954572525,410.92545454545456,0.9459537267684937,Unknown,4.81655823727999,4.506070952623618,4.469716422819423,4.275255446062623,0.3104872846563724,0.5413027912173671,0.2308155065609947,0.0508072509068041,1.2940743033834454,0.1297364221952862,0.886938082991807,0.4043714209658345,0.3932195458491527,0.8277636838383704,0.0820936311541185,0.9594490591941168,0.0179780786650326,0.8807334056974399,0.0551555308114101,ID774,FT0774,411.286014459847,609.074312607784,"Rubroskyrin;NCGC00385638-01!2,2'-bis(3,4-dihydroxyphenyl)-3'",,609.071364418453,609.081707058568,410.106888696754,412.620558010002,11.0,770;2164;3682;4942;6006;7025;8129;9355;10589;11781;13017,59.01333;88.04021;116.9719;141.0146;141.0191;170.0431;198.9674;199.071;223.0145;252.0458;280.9769;281.0693;305.0266;334.0465;362.9792;363.071;416.0498;445.0765;498.0552;527.0811;609.0838|77;762;96;589;36;3098;36;1516;60;739;96;319;48;380;119;588;185;414;48;104;48,1.0,-0.0600537193289297,0.0325644757475082,0.0201349535140379,0.009911528558035,-0.0046726722232167,-0.0041400403841603,4.96372942813979,3.0,0.695261437908497,4.08298429020068,3.0,0.267156862745098,4.71191285257884,3.0,0.589869281045752,8.0101300038434e-05,4.09636043528984,0.0011076076315659,2.95561406056861,0.880745137939111,0.0018309127853273,2.73733234261977,0.0251886282267381,1.59879548354516,0.25181657556095,0.0001671320293481,3.77694031350471,0.0036322563584207,2.43982350730995,0.628928562378161
610.6880192295438,505.323,0.51778244972229,Hexasodium metaphosphate (P6O186(-)),4.330034257041525,3.8992131354359096,3.847766664979432,4.038309127763129,0.4308211216056157,0.2917251292783964,-0.1390959923272192,0.015944165410524,1.7973982087565643,0.0830917192649223,1.080442254877055,0.2956042292202741,0.5292893567660865,0.6963450310479036,0.1571755190808317,0.9594490591941168,0.0179780786650326,0.8655999289281896,0.0626827878961198,ID777,FT0777,504.040359747372,610.110900989567,"2-amino-4-[(2-{[1-carboxy-2-(6,7-dimethoxy-2H-1,3-benzodioxo",,610.109747677571,610.112332336014,500.364059860958,505.236505908052,9.0,774;2168;3684;6008;8132;9359;10592;11784;13021,143.0458;160.0064;165.0674;209.0557;225.05;253.0458;254.078;271.0572;272.0877;303.0283;304.0618;305.0439;306.0758;338.0501;610.1107|545;515;671;558;2590;5610;436;3331;2348;537;501;1318;1779;716;4405,1.0,-0.039112041345854,0.0112555494511035,-0.0007036430931478,0.0215702032893038,0.0006836617847522,-0.0031276614642083,4.43994075809052,3.0,0.380718954248366,3.91336817625062,1.0,0.167483660130719,4.22497564005582,3.0,0.264705882352941,0.0091644054737152,2.03789570395433,0.0348885436230362,1.45731715923289,0.526572581839895,0.0372504618494271,1.42886833828712,0.180294524626122,0.744017462189238,0.214965118034699,0.0500009499181176,1.30102174485842,0.169324268825324,0.771280791084439,0.311607463805196
611.1435841977838,525.6263636363636,0.962215006351471,Oxidized glutathione,6.248465797829492,4.944965354402433,5.691559412644498,5.289993712623853,1.3035004434270592,0.9584720852056384,-0.3450283582214206,0.1289927573387857,0.8894346737015496,0.0306958451929758,1.512920404062733,0.5961000401757776,0.2246808489000679,0.9029448569380816,0.0443387713462468,0.9594490591941168,0.0179780786650326,0.7814176887397067,0.107116761993885,ID780,FT0780,525.571718164571,611.14331367956,Glutathione (oxidized);Oxidized glutathione;L-Glutathione (o,+,611.141346536491,611.145355852339,522.61751379929,527.007371267389,11.0,776;2171;3688;4945;6010;7026;8136;9362;10595;11786;13025,58.03013;74.02447;86.02399;99.05569;105.996;127.0507;128.0348;135.0555;141.0662;143.0452;145.0614;146.045;153.0662;160.0067;166.0975;167.0458;169.0614;170.0321;171.0409;171.0766;175.0167;177.0335;179.0458;181.0607;184.1075;185.056;192.0777;197.0563;203.0479;210.0881;213.033;226.0825;228.0987;231.044;236.0679;242.078;254.0772;272.0881;286.0494;288.0649;304.0606;305.1392;306.0764;338.0475;482.1;593.133;611.1437|1185;7939;3107;5068;980;2259;55302;3682;3062;92234;4597;9835;9261;39263;6368;6707;5648;1499;1499;841;6090;14791;40974;2452;1504;6742;2328;11211;3822;42328;1928;2043;3950;1981;716;4077;68943;162283;3505;26040;40888;948;391803;31491;5649;5589;206169,1.0,-0.0833974331739109,-0.0225871299671619,0.0521978365273506,0.0608086905365347,-0.0294513198324695,0.0391978633544413,6.2216862784903,3.0,0.973856209150327,5.04645782624225,3.0,0.783496732026144,5.26368860007689,3.0,0.818627450980392,0.0088882747672348,2.05118252831905,0.0341746011137956,1.46629654581906,1.17522845224805,0.0108900829987547,1.96296881025673,0.0815878145490696,1.08837469993823,0.957997678413411,0.25515203837143,0.593200957804303,0.452526487506776,0.344355995372888,0.217230773834638
612.5872717065541,478.71890909090905,0.9223858118057252,Unknown,4.317809189904618,3.595490962082804,4.217647259087424,4.116169467910818,0.7223182278218139,0.2016397219937999,-0.5206785058280139,0.1353985489514196,0.8683859899032246,0.4419338578117338,0.3546427246257055,0.2320626490658585,0.6343947544598374,0.9029448569380816,0.0443387713462468,0.9594490591941168,0.0179780786650326,0.8994679735769128,0.0460142955162495,ID784,FT0784,478.865161423537,613.137856326087,Cytidine monophosphate N-acetylneuraminic acid;CMP-N-acetyl-,,613.136518808867,613.13903717697,478.015773912957,479.738428449338,8.0,780;2176;3692;8140;9366;10600;11791;13031,78.95923;96.97007;138.9817;211.0004;279.0408;322.0436;569.1488;613.1374|6299;2974;444;967;653;42974;517;722,1.0,-0.0582282200387264,0.0046671082633706,0.0320709139801715,0.0079029763656168,0.0070880903064792,-0.0079267999007116,4.66079262435846,3.0,0.527777777777778,3.81089763395699,0.0,0.110294117647059,4.20279691789943,3.0,0.248366013071895,4.07890618871267e-09,8.38945628296262,4.90692414502134e-06,5.30919065562277,0.849894990401471,0.0006590756805383,3.18106471324659,0.0157643259082666,1.80232459520337,0.457995706459024,0.0011799029023434,2.92815373058497,0.0137312886092226,1.86228870459759,0.391899283942447
613.418407827658,45.423,0.973406195640564,Unknown,3.978642162647887,4.437085072353308,4.497951602492424,4.360366373412105,-0.458442909705421,-0.3817242107642178,0.0767186989412032,0.3497979461175723,0.4561827448642706,0.4852530008257207,0.3140317702352781,0.8753477803917086,0.0578193651528485,0.916331590195946,0.0379473410337079,0.9780928897342612,0.0096198981946754,0.8994679735769128,0.0460142955162495,ID782,FT0782,45.2697034974338,612.327865814388,,,612.325079913262,612.328833404331,44.0725538754964,46.3086425978858,11.0,778;2174;3690;4948;6012;7028;8138;9364;10598;11790;13030,100.0032;142.0252;155.0328;191.0945;209.1552;220.1463;221.1551;248.1644;276.16;283.2629;284.2666;292.1548;334.1062;362.1725;378.1661;391.1724;394.1648;612.143;612.3285|1200;1647;1545;1072;883;793;2272;7876;9360;1869;1817;10057;552;2227;3335;5350;542;1078;99163,1.0,-0.007203717365177,-0.0038931999410911,-0.0118692500988573,0.0106189079233767,-0.0134803895723343,0.0124835105302479,4.88074256308345,3.0,0.660130718954248,4.80482016746473,3.0,0.69281045751634,4.80445376131521,3.0,0.640522875816993,0.179242890727003,0.746558060649071,0.293772748698344,0.531988493225297,0.0759223956187194,0.354596785445082,0.450265205762147,0.537705199155324,0.269455764241587,0.0762888017682384,0.996583595677796,0.0014862658356894,0.998809481022889,0.0005173438373291,-0.0003664061495189
613.692302516012,374.2523,0.85719233751297,Unknown,4.122250879541832,4.338851849291569,4.029955332970066,4.524867332025887,-0.216600969749737,-0.4026164524840556,-0.1860154827343185,0.5128786527291045,0.2899853769625012,0.2701321839308465,0.5684236702705215,0.1991184531302568,0.7008884902423876,0.9241583043832848,0.0342536296116762,0.9594490591941168,0.0179780786650326,0.8906584929769418,0.0502887864752479,ID785,FT0785,374.130208369494,613.89004327628,,,613.886758828776,613.892113493345,373.298227567543,375.24858177186,11.0,781;2177;3693;4950;6015;7030;8141;9368;10601;11794;13034,59.01431;79.95729;124.0067;156.9901;221.9843;319.9633;417.9371|876;307;25762;3197;16323;1094;1196,1.0,-0.01615794897499,0.0371416362083401,-0.0036012419386844,0.0125619414015964,-0.0055266460809705,0.0122400803848956,4.41083613870487,3.0,0.358660130718954,4.16569662679019,3.0,0.321895424836601,4.55457876391386,3.0,0.496732026143791,0.0573690311642238,1.2413224843268,0.135058599785834,0.86947775712167,0.245139511914675,0.0955019765069489,1.01998764017354,0.292319940053471,0.534141559053009,-0.143742625208993,0.0045767435237299,2.33944342433253,0.0333816230762053,1.47649255094309,0.388882137123668
619.4782016343869,442.5155555555555,0.7585964202880859,Unknown,3.692860475129772,3.844825310423984,3.266514307228872,3.769662690349648,-0.1519648352942124,-0.0768022152198759,0.0751626200743365,0.4672754873199192,0.3304270009164557,0.6479560380360218,0.1884544587683548,0.7337192004824018,0.1344701158516945,0.9241583043832848,0.0342536296116762,0.9657248817257064,0.0151465789323381,0.9271385126474756,0.0328553782776072,ID793,FT0793,443.923019318217,619.13683556861,"{[8-(2,4-dihydroxyphenyl)-7-(3,7-dimethylocta-2,6-dien-1-yl)",,619.135726218181,619.139088582186,442.781323445066,444.226082966365,8.0,790;2188;4953;6019;8148;9375;11799;13040,140.0124;214.0489;382.0998;451.0867|600;6237;672;715,1.0,0.0004739562364913,0.0042518697978432,-0.0475575523397149,0.0222447477005401,-0.0470444719867675,0.0360125902575739,3.75931212102869,2.0,0.0326797385620915,3.84491598867691,2.0,0.125816993464052,3.84468071040428,2.0,0.0490196078431373,0.672558372474247,0.172270016539967,0.743646803388345,0.128633284562283,-0.0856038676482131,0.672512436919519,0.172299679748491,0.783408894695062,0.106011501852419,-0.0853685893755842,0.999180090752755,0.000356228119069,0.999180090752755,0.000356228119069,-0.0002352782726289
619.694108130297,358.904,0.8685985207557678,Unknown,4.153353807613968,4.120587378598851,3.573058158237928,4.16614286779912,0.0327664290151163,-0.0127890601851516,-0.045555489200268,0.8943696341029017,0.0484829544994926,0.961467226401036,0.0170655149988416,0.8607189252274839,0.0651386477935995,0.9958036908894162,0.0018262683699224,0.975288902294314,0.0108667175454765,0.995044634118366,0.0021574379311103,ID792,FT0792,357.570555533635,618.842074657103,,,618.841049015412,618.843100298795,356.873001268722,358.268109798548,2.0,2186;11797,59.01548;142.9759;156.9891;338.9269|125;411;220;36,1.0,-0.0100270547741584,0.0027141130870139,-0.0038415163951301,-0.0420605749010559,-0.0015562407601408,0.0172668614096453,4.21242797115638,1.0,0.219771241830065,4.06615282958065,0.0,0.255718954248366,4.16649616146864,1.0,0.218954248366013,0.373900966300059,0.42724341246482,0.484179615133447,0.314993499118616,0.146275141575739,0.808461255668955,0.0923407881909294,0.879873052970539,0.0555799828173492,0.0459318096877448,0.373900966300058,0.427243412464821,0.561573265987348,0.250593575220363,0.100343331887994
620.798091735619,326.8466,0.8155540227890015,Unknown,3.711187038960361,4.17988938887736,4.008000395423925,4.225770759052988,-0.4687023499169993,-0.5145837200926278,-0.0458813701756284,0.3420082302720095,0.4659634427195659,0.1980047000636762,0.7033245007107277,0.9274333176883276,0.0327173062962869,0.916331590195946,0.0379473410337079,0.9924065911122634,0.0033103600042421,0.881195617434593,0.0549276714494428,ID798,FT0798,328.288521453982,621.303239142122,"NCGC00180613-03!1,11,22-trihydroxy-1,6,11,16,22,27-hexazacyc",,621.301213961621,621.303967646869,325.669933637963,330.690565040385,11.0,794;2194;3707;4956;6023;7035;8153;9379;10609;11804;13046,78.95924;152.9953;223.0013;241.0118;261.2589;305.2478;315.0488;441.2418;621.3046|1707;17592;743;15074;527;35665;8084;2952;54798,1.0,-0.0111263196361587,0.0287434970276572,-0.0507173775580479,-0.0058380185755467,0.0157266416235764,0.0096593935454349,4.97823102483385,3.0,0.700980392156863,4.87815640038321,3.0,0.727941176470588,5.21695370092722,3.0,0.808006535947712,0.505843836878408,0.295983537013277,0.609139275039765,0.215283397899415,0.100074624450632,0.0839354869348695,1.07605438575563,0.274530465525395,0.561409453489311,-0.238722676093377,0.080631605035214,1.09349469514299,0.237300306757947,0.624701700370113,0.338797300544009
621.3942405884762,332.36281818181817,0.9682859778404236,Unknown,4.565144548598997,3.8657584442952166,4.246361026202218,4.839114457697611,0.6993861043037808,-0.2739699090986134,-0.9733560134023942,0.1553811020803339,0.8086018025319269,0.0918327070097733,1.0370026135259809,0.0940827311154889,1.026490084006346,0.9029448569380816,0.0443387713462468,0.9594490591941168,0.0179780786650326,0.8655999289281896,0.0626827878961198,ID800,FT0800,328.636403030244,622.306273314654,Pseudojervine;Pseudojervine,,622.303672273197,622.308527272409,325.669933637963,330.134860536185,11.0,796;2196;3709;4958;6025;7037;8155;9381;10611;11806;13048,,0.0,-0.0095605842733418,0.0237984814132823,-0.048097129174312,-0.0089047769484062,0.0176877397396747,0.009732120291436,4.50574446949284,3.0,0.430555555555556,4.42604462594897,3.0,0.497549019607843,4.71787100685508,3.0,0.593954248366013,0.580277317675811,0.236364405138998,0.666736975323782,0.176045459477996,0.0796998435438709,0.115329627871686,0.938059109285832,0.31408813851289,0.502948464351792,-0.212126537362238,0.0927885383923419,1.03250566624213,0.257553320767883,0.589132846164416,0.291826380906109
621.4831023418714,387.33181818181816,0.7885686159133911,Unknown,3.489032177406692,4.5745804787491045,5.045582182738816,4.9727297412569,-1.0855483013424123,-1.4836975638502077,-0.3981492625077951,0.2722778813035065,0.564987637462826,0.157058172294726,0.8039394607926073,0.6965187945608629,0.1570671602680915,0.903773201654371,0.0439405403517715,0.9657248817257064,0.0151465789323381,0.8807334056974399,0.0551555308114101,ID795,FT0795,392.038951139776,620.023391084784,"ADP-ribose 1""-2"" cyclic phosphate",,620.01955322071,620.03233365082,387.106795184711,399.408808081129,11.0,792;2191;3704;4955;6022;7034;8150;9377;10607;11802;13044,,0.0,2.79222807187023e-05,-0.0067739666542846,-0.0082719099055344,-0.000920350327888,0.0011770129900919,0.0064964853198163,4.97071683837467,3.0,0.698529411764706,4.99008935005132,3.0,0.769607843137255,4.93508351817444,3.0,0.709150326797386,0.582451661815935,0.234740111293694,0.668004178424476,0.175220820966045,-0.0193725116766439,0.354851650110959,0.449953170898902,0.537705199155324,0.269455764241587,0.0356333202002315,0.117588799444637,0.929634043659963,0.273912994266569,0.562387364590118,-0.0550058318768754
621.8016035074459,410.8161818181818,0.9480406045913696,Unknown,4.942159639335063,5.274384586999276,4.984215242360309,5.060060482934884,-0.3322249476642129,-0.1179008435998207,0.2143241040643921,0.2694827352804245,0.5694690531585828,0.179385167316405,0.7462134699817367,0.4365843161229846,0.359931869963545,0.9029448569380816,0.0443387713462468,0.9594490591941168,0.0179780786650326,0.881195617434593,0.0549276714494428,ID799,FT0799,410.116883146812,622.078623508872,,,622.077539112423,622.080827599609,409.572627098837,411.360250785692,11.0,795;2195;3708;4957;6024;7036;8154;9380;10610;11805;13047,59.01423;88.04009;130.0618;141.016;170.0439;194.0543;212.0647;223.02;294.067;305.0228;316.0538;376.0705;387.0244;458.0732;540.0786;622.0825|5751;3323;10815;51678;3283;581;47479;11973;8994;10000;293;10385;5171;9228;1866;720,1.0,-0.0004047026639657,0.0087831516510091,-0.0287739599611924,-0.003366150825928,-0.01848327713419,0.0031346744572661,4.99779763770959,3.0,0.706699346405229,5.02871145501559,3.0,0.77859477124183,5.11060504864593,3.0,0.772058823529412,0.740820219419743,0.130287172839909,0.799795937331883,0.0970208062525425,-0.0309138173059917,0.234034160901923,0.630720745972825,0.448040041790052,0.348683170931847,-0.112807410936338,0.454734275287854,0.342242309908876,0.636850248871234,0.195962677138254,0.0818935936303458
626.0001011981204,42.37645454545455,0.985074818134308,Unknown,3.5564000794743613,3.502716564331634,3.762343228191304,3.90239177441599,0.0536835151427275,-0.3459916949416288,-0.3996752100843563,0.6818933744866191,0.1662835292912225,0.071606804646708,1.1450457056237382,0.0109955734396666,1.95878211644518,0.955025423751189,0.019985066900146,0.9594490591941168,0.0179780786650326,0.8655999289281896,0.0626827878961198,ID803,FT0803,43.9205647550666,625.133744408682,"Maysin 3'-methyl ether;Quercetin 4',7-diglucoside;Quercetin ",,625.128619866124,625.136460325572,43.5184729983316,44.8639244150315,7.0,2200;3714;4961;6029;7040;8158;13053,,0.0,0.0035023868343183,-0.0242181477892607,-0.0459260053020654,0.0105938600527007,0.0286956006389496,0.0339690424658133,3.98252254157318,2.0,0.0857843137254902,4.11512949931412,3.0,0.288398692810457,3.91311964534498,1.0,0.0743464052287582,0.371237215007157,0.430348494031504,0.484179615133447,0.314993499118616,-0.132606957740935,0.75526828219703,0.121898753295742,0.845480398561066,0.0728964565410416,0.0694028962282003,0.319827266337425,0.495084513963448,0.537484558617142,0.269634008070398,-0.202009853969135
627.0050772057137,32.4336,0.8263118863105774,Unknown,4.188497219511656,3.980764750169088,4.442457435827047,3.839528369752454,0.2077324693425675,0.3489688497592018,0.1412363804166343,0.6744370967448756,0.1710585497882583,0.55194980819588,0.2581004132393565,0.7812173988561604,0.1072280929020056,0.9531844808515012,0.0208230371768443,0.9706578929929058,0.0129338096026886,0.9035188365361556,0.0440627888491086,ID804,FT0804,32.4623257344094,626.804725436886,,,626.802695443934,626.805979151211,31.6102194889928,33.2507293835713,6.0,800;2201;3715;4962;7041;9385,220.1467;221.1545;240.0553;255.0425;276.1608;282.0527;300.6114;302.5486;303.5577;309.5565;310.0612;310.5625;362.1721;368.066;380.0633;392.1037;420.6374;421.1392;445.2125;446.2185;523.7199;524.2234;602.2292;626.8026;627.3096|875;635;3983;759;4296;7106;1761;564;6054;1576;7350;978;3225;970;608;1193;43175;8609;17522;2247;6176;2054;3300;3025;979,1.0,-0.0162471491548971,-0.0442824925099254,0.0435529683472788,-0.0035599661461655,-0.0114203629971317,0.0101392745598065,4.5366872285211,3.0,0.451797385620915,4.27129516455431,2.0,0.412581699346405,4.00816714051009,0.0,0.119281045751634,0.158317717182093,0.800470480943955,0.268835092890781,0.570514040476681,0.265392063966799,0.000751348045503,3.12415883899242,0.016302287425093,1.78775145409925,0.528520088011017,0.138015222550447,0.860073009938919,0.291629387230374,0.535168714685597,-0.263128024044218
627.6922963546293,472.081,0.9464089274406432,Unknown,4.433967761437151,3.965434732721731,3.543795215926417,4.108277929686306,0.4685330287154197,0.3256898317508447,-0.1428431969645749,0.0773919455290536,1.1113042356259704,0.003581578120754,2.445925571646946,0.420886818875118,0.3758346750584375,0.9029448569380816,0.0443387713462468,0.9594490591941168,0.0179780786650326,0.3988689090222418,0.3991698146962136,ID806,FT0806,471.2943607309,628.054921170737,Uridine diphosphate-N-acetylglucosamine;Uridine diphosphate-,,628.049741690155,628.057596073568,470.117326199549,472.001779737828,10.0,802;2203;3717;4964;6031;8160;9387;10616;11812;13055,78.95828;198.9181;216.9272;240.9281;282.0379;300.048;300.9483;312.9484;401.9955;424.9758;444.0079;495.0174;585.0516;628.0565|982;2633;518;3007;1455;813;675;1874;6211;3043;2771;1499;2893;24558,1.0,-0.0417491627459228,0.0022013113067926,-0.0037499489855934,0.0118798649522686,-0.0141054659467161,0.0070621586593055,4.49624487236881,3.0,0.422385620915033,3.93670374178787,2.0,0.179738562091503,4.20079696848054,3.0,0.245098039215686,0.0069934018887687,2.15531151350731,0.0278578227555919,1.55505282912461,0.559541130580938,0.0011076025948,2.95561603549597,0.019873141272958,1.70173348016315,0.295447903888269,0.0770274094444834,1.11335470791427,0.230489709799262,0.637348458895398,0.264093226692669
627.8505180619413,43.240272727272725,0.9322988986968994,Unknown,3.751751783670173,3.675289606281396,4.004917491466458,3.7919870467261463,0.0764621773887763,-0.0402352630559743,-0.1166974404447507,0.7789082852591221,0.1085136765389874,0.861866873011667,0.0645598116479685,0.648217964866683,0.1882789369965676,0.9780280258245068,0.0096487001341336,0.9629866308033864,0.0163797421679059,0.9615195366301812,0.0170418871254654,ID807,FT0807,43.8468288824785,628.314715769534,"NCGC00380703-01_C29H48ClN5O8_Pyrrolo[1,2-d][1,4,7,10,13,16]o",,628.310623539309,628.321113029296,42.7965903237448,44.8639244150315,8.0,803;3718;4965;6032;7042;8161;11813;13056,,0.0,0.0072731124449944,-0.0009472796197992,-0.0084889217232109,0.0184359504040188,-0.0388786617271924,0.0773975149490636,4.09674766815233,2.0,0.147058823529412,4.18633104078334,3.0,0.329248366013072,4.07744222550233,2.0,0.167483660130719,0.621037356538662,0.206882275426237,0.700194882770394,0.154781067510863,-0.0895833726310169,0.933387939020718,0.0299378152470813,0.958786250286588,0.018278202702088,0.0193054426499959,0.518232043417693,0.285475737144792,0.692231155631664,0.159748858069318,-0.108888815281013
628.2942894749497,44.62118181818182,0.7865782380104065,Unknown,3.686351567207265,3.702044994440469,3.920938934122612,3.651106730413269,-0.0156934272332041,0.0352448367939954,0.0509382640271995,0.957263323066584,0.0189685804840262,0.918447531072374,0.0369456489570973,0.8248587166300052,0.0836204318652037,0.9958036908894162,0.0018262683699224,0.9706578929929058,0.0129338096026886,0.9802478307822128,0.0086641100890741,ID807,FT0807,43.8468288824785,628.314715769534,"NCGC00380703-01_C29H48ClN5O8_Pyrrolo[1,2-d][1,4,7,10,13,16]o",,628.310623539309,628.321113029296,42.7965903237448,44.8639244150315,8.0,803;3718;4965;6032;7042;8161;11813;13056,,0.0,0.0072731124449944,-0.0009472796197992,-0.0084889217232109,0.0184359504040188,-0.0388786617271924,0.0773975149490636,4.09674766815233,2.0,0.147058823529412,4.18633104078334,3.0,0.329248366013072,4.07744222550233,2.0,0.167483660130719,0.621037356538662,0.206882275426237,0.700194882770394,0.154781067510863,-0.0895833726310169,0.933387939020718,0.0299378152470813,0.958786250286588,0.018278202702088,0.0193054426499959,0.518232043417693,0.285475737144792,0.692231155631664,0.159748858069318,-0.108888815281013
629.2248160296721,489.5402727272728,0.9664504528045654,Unknown,4.278208577732353,4.289110687873524,4.052864609709168,4.231375140842734,-0.0109021101411705,0.046833436889619,0.0577355470307896,0.9634909186985202,0.0161523743948363,0.158138385799143,0.8009626985858347,0.8102458199155043,0.0913832008293077,0.9958036908894162,0.0018262683699224,0.9706578929929058,0.0129338096026886,0.8807334056974399,0.0551555308114101,ID808,FT0808,489.41089864508,629.132978544014,CMP-N-glycoloylneuraminate;CMP-N-glycoloyl-beta-neuraminate(,,629.130428422531,629.135164953029,487.242631154292,490.278929380813,11.0,804;2204;3719;4966;6033;7043;8162;9388;10617;11814;13057,78.95923;96.96893;138.9793;211.0002;279.0377;322.0435;585.1439;629.1325|8645;3884;586;1505;1070;67706;479;1581,1.0,0.0063473205534187,-0.0172990128920806,-0.0207204861134379,0.0184562010182266,-0.0048840880116486,0.0083674096121423,4.40460160503677,3.0,0.353758169934641,4.55420539094291,3.0,0.574346405228758,4.35874117504394,3.0,0.372549019607843,0.182242457569653,0.739350436692637,0.2970700222985,0.527141171175833,-0.149603785906133,0.23847511228266,0.622556938059051,0.451338139736641,0.345497965444422,0.0458604299928371,0.106493384907268,0.97267736863367,0.273912994266569,0.562387364590118,-0.19546421589897
631.0796183177243,373.6751818181818,0.966983437538147,Unknown,3.957796169810916,4.030940903264958,3.9530792686004608,4.247327021558761,-0.0731447334540424,-0.2895308517478456,-0.2163861182938031,0.641436953026531,0.1928460240876092,0.136750987487704,0.8640695289147335,0.2997893649277099,0.5231837778757804,0.9367160036407274,0.0283920598558963,0.9594490591941168,0.0179780786650326,0.8807334056974399,0.0551555308114101,ID809,FT0809,372.511051381859,630.901687584383,,,630.899171485522,630.903520332588,371.714750187798,373.925296591707,10.0,807;2206;3720;4968;6034;8164;9390;10619;11815;13058,59.01426;141.0175;156.9914;238.993;336.9742|602;2269;1483;370;258,1.0,-0.0209131098770302,0.046420415939766,-0.0122091368705092,-0.0084592269647055,-0.0178388598120398,0.0068981217783687,4.09385120212325,3.0,0.143790849673203,3.78701679933077,2.0,0.0964052287581699,4.29423206755424,3.0,0.324346405228758,0.0545467001163017,1.26323151757114,0.13176642618456,0.880195232991014,0.306834402792483,0.0955847486101995,1.01961139771166,0.292319940053471,0.534141559053009,-0.200380865430983,0.0171903535973774,1.76471518999064,0.0838214901973837,1.07664462244816,0.507215268223466
632.7858011238003,399.43463636363634,0.9645411372184752,Unknown,7.152802893781721,6.136879848668348,5.808507793703507,3.591252824934734,1.0159230451133734,3.5615500688469868,2.5456270237336134,0.3559076658570039,0.4486626576731938,0.012557976318777,1.901080340248376,0.0780739589047963,1.1074937982590405,0.916331590195946,0.0379473410337079,0.9594490591941168,0.0179780786650326,0.5186735938551115,0.2851058617710819,ID812,FT0812,396.81240566878,633.035456858914,,,633.034525718316,633.036970003096,396.324845771143,397.802029049989,11.0,810;2211;3724;4971;6037;7047;8168;9393;10623;11819;13062,58.83968;59.01421;140.5894;141.0174;141.6177;141.688;142.0204;222.3398;223.0204;304.0885;305.0235;305.905;306.0246;385.8365;387.0266;388.0282;467.5868;469.0293;551.0328;633.0356;715.04|1622;580257;14670;6992638;1256;1115;2228;4228;1457527;6577;2966751;925;2023;4321;1556239;1845;1937;789595;139022;30197;840,1.0,0.0018338485124373,-1.02804917554486e-05,-0.009078178436458,0.0038114490145224,-0.0094690626152272,-0.000167074177916,7.17402918662397,3.0,0.997549019607843,7.2150044927994,3.0,0.997549019607843,7.20119373947186,3.0,0.996732026143791,0.211959996792894,0.673746095728893,0.334629758716341,0.475435439728649,-0.0409753061754348,0.42287362903731,0.373789397190948,0.584475221827312,0.233233895540238,-0.0271645528478901,0.700226681176191,0.154761345060811,0.822701600653061,0.0847576577270918,-0.0138107533275447
633.1246094255359,525.0787,0.8723424673080444,Unknown,4.487329330004277,3.953223687043305,4.169896360517505,3.879234394107745,0.5341056429609718,0.6080949358965326,0.0739892929355607,0.0088378880926188,2.0536515018759904,0.0056722619450697,2.24624372164171,0.4720750950444842,0.325988910752935,0.5927228664362193,0.2271483179516168,0.9594490591941168,0.0179780786650326,0.4226768569022696,0.3739915307250281,ID813,FT0813,525.613649479404,633.124428500174,Oxidized glutathione;Glutathione (oxidized);L-Glutathione (o,,633.121172224758,633.126456684612,522.61751379929,527.007371267389,8.0,811;2212;3725;6038;8169;9394;10624;13063,167.0437;193.0591;236.0638;276.0589;294.0699;326.0427;328.0575;360.0293;504.0832;615.1137;633.125|521;442;3235;349;3762;9883;9649;1928;407;874;15866,1.0,-0.0606484310788009,-0.0243833871483561,0.0292784919632317,0.0501619164131647,-0.0016244196035149,0.0159597292426578,4.55076489475234,3.0,0.464052287581699,3.7222284056241,1.0,0.0604575163398693,3.82961623372696,2.0,0.0433006535947712,0.0053614276566869,2.27071954969845,0.023284467404312,1.63293369142306,0.82853648912824,0.008318320072166,2.07996437287453,0.0717048784839969,1.14445129584399,0.721148661025375,0.547389532018688,0.261703512059234,0.713303618713353,0.146725572722266,0.107387828102865
633.1929606929962,482.683,0.781160295009613,Unknown,3.763311255385437,3.3561613896445146,3.711094829463251,4.253929541116178,0.4071498657409225,-0.4906182857307408,-0.8977681514716633,0.6480218319710352,0.1884103624244204,0.5727096144723577,0.2420655260236665,0.1657496048940807,0.7805474981722089,0.9411689280389876,0.0263324191542828,0.9594490591941168,0.0179780786650326,0.9090612199101226,0.0414068686219553,ID814,FT0814,484.859962081088,633.101052792844,"{3-[3-(2,4-dihydroxyphenyl)-2-hydroxy-3-[3,5,7-trihydroxy-2-",,633.101052792844,633.101052792844,484.859962081088,484.859962081088,1.0,10625,,0.0,0.0012998090152012,0.0121366000752859,0.0092969230872989,0.0046915327441934,0.0252877535484119,-0.0140317361455001,3.57127998892044,0.0,0.0065359477124183,3.57127998892044,0.0,0.0106209150326797,3.67162332080844,1.0,0.011437908496732,,,,,,0.373900966300059,0.427243412464819,0.537705199155324,0.269455764241587,-0.100343331887994,0.373900966300059,0.427243412464819,0.561573265987348,0.250593575220363,0.100343331887994
633.5845115266707,400.1619999999999,0.9183520674705504,Unknown,3.558290830964524,5.186506625529001,5.2275307571330245,7.184642573730812,-1.6282157945644773,-3.626351742766289,-1.998135948201812,0.2492774412830894,0.6033170218153687,0.0132355726454857,1.8782572639285984,0.1905117150447559,0.7200783133066855,0.9029448569380816,0.0443387713462468,0.9594490591941168,0.0179780786650326,0.5186735938551115,0.2851058617710819,ID815,FT0815,396.81240566878,634.039727108113,,,634.038503678446,634.041898304561,396.324845771143,397.802029049989,11.0,812;2213;3727;4972;6039;7048;8170;9395;10626;11820;13065,,0.0,0.0015455580737635,-0.0005834921483818,-0.0091094665029804,0.003728999904124,-0.0096094579415742,0.0002442116696535,6.3229698273105,3.0,0.977941176470588,6.36054662096939,3.0,0.979575163398693,6.34372034306523,3.0,0.97875816993464,0.213294847022914,0.671019636517502,0.335855629540007,0.473847367753347,-0.0375767936588929,0.517895922112408,0.285757508582514,0.661502328298372,0.179468622881838,-0.0207505157547327,0.64884599807979,0.187858369641354,0.790400083255861,0.102153022674529,-0.0168262779041601
635.6137244434715,400.11466666666666,0.7277704477310181,Glycinoprenol 9; Cholesteryl oleyl ether,3.601025798923878,3.080790155855324,3.1645975544118263,3.057543868468579,0.5202356430685544,0.5434819304552989,0.0232462873867445,0.3095021691386242,0.5093363028906037,0.2932312747423541,0.5327897116445527,0.8745992678655197,0.0581908905426115,0.916331590195946,0.0379473410337079,0.9780928897342612,0.0096198981946754,0.8906584929769418,0.0502887864752479,ID817,FT0817,396.81240566878,636.041963582033,,,636.039109772012,636.042566782838,395.904475328411,398.628850058476,11.0,815;2217;3731;4974;6041;7050;8172;9397;10628;11822;13067,,0.0,0.0016761077154161,-0.0004895930398045,-0.0112305558395988,0.0038465894148413,-0.0070480908655681,0.0017861675426117,4.79657305837381,3.0,0.611928104575163,4.83851430022996,3.0,0.712418300653595,4.82377761659469,3.0,0.652777777777778,0.210862205564075,0.676001255186433,0.333334077915351,0.47712028461716,-0.0419412418561516,0.446924444750068,0.349765890741898,0.603223161182215,0.219521991772697,-0.0272045582208751,0.718546641038196,0.14354503645377,0.832136329589433,0.0798055170528287,-0.0147366836352765
636.5191343185178,44.46690909090909,0.9204676151275636,"Cer(d18:0/PGF2alpha); Cer(d18:0/PGE1); Cer(d18:0/PGD1); Cer(d18:1/PGF1alpha); Cer(t18:0/20:3(8Z,11Z,14Z)-2OH(5,6))",3.947567943511765,3.987446019133431,3.687046008051397,3.545353946782181,-0.0398780756216652,0.4022139967295839,0.4420920723512491,0.9458944778262928,0.0241573099553842,0.4647608031526524,0.3327705064618091,0.3264144943681667,0.4862305647332768,0.9958036908894162,0.0018262683699224,0.9594490591941168,0.0179780786650326,0.8994679735769128,0.0460142955162495,ID819,FT0819,40.0657560564605,637.305402576214,"4,15,26-trihydroxy-1-oxa-4,9,15,20,26,31-hexazacyclotritriac",,637.303387016636,637.309141555792,39.4501681989152,40.9492836831093,11.0,817;2219;3733;4975;6042;7051;8174;9399;10630;11824;13069,78.9593;163.0138;285.1252;369.1844;431.1359;469.2552;485.2841;637.3073|1689;132;1123;532;3337;619;4237;36516,1.0,0.0079622230026962,-0.0042767058175708,0.0036485134980988,0.0355484452492817,0.0249523678125579,0.0051945902048374,4.83788711645869,3.0,0.638888888888889,4.94730143683913,3.0,0.754084967320261,4.86260313650377,3.0,0.675653594771242,0.251706039507461,0.599106363739298,0.379872485753003,0.420362161350199,-0.109414320380445,0.850694741274821,0.0702262518575949,0.912645868081691,0.0396977080878093,-0.0247160200450764,0.535379385386666,0.271338355198354,0.703552600146145,0.152703427583538,-0.0846983003353685
638.1296041489315,473.2634999999999,0.8691032528877258,Unknown,4.433380168431275,3.961837938293454,4.268030396111857,4.309281884696779,0.4715422301378207,0.1240982837344955,-0.3474439464033252,0.1112095789082874,0.9538578036906028,0.1256697410713571,0.900769279734083,0.1813104672472313,0.7415771228957112,0.9029448569380816,0.0443387713462468,0.9594490591941168,0.0179780786650326,0.8807334056974399,0.0551555308114101,ID820,FT0820,472.941437886909,638.029165710248,ADP-ribose 2'-phosphate,,638.023998116327,638.030980136878,470.791383608048,473.894906386573,11.0,818;2220;3734;4976;6043;7052;8175;9400;10631;11825;13070,78.9583;134.0463;158.9268;211.0009;272.9565;328.0451;346.0569;408.0096;426.0201;540.0522;638.0297|733;1971;1407;624;2884;11521;1594;2885;1964;31667;2329,1.0,-0.0333946964093575,0.0163675998388426,-0.0063208765983295,0.0120693215960327,0.0021792892533716,0.0076144604751799,4.47335972519251,3.0,0.409313725490196,4.01104454096556,3.0,0.220588235294118,4.35536686046134,3.0,0.370098039215686,0.0023064764433115,2.63705097660397,0.0130512184671609,1.88434894052021,0.462315184226945,0.117957283720258,0.928275236788989,0.31408813851289,0.502948464351792,0.117992864731173,0.0162452289913951,1.789274162497,0.0829824595079236,1.08101369731025,0.344322319495772
638.4884406609925,38.84863636363636,0.87827068567276,Unknown,3.528538646507581,4.21265815440686,4.633766389692355,3.9362398741791673,-0.6841195078992786,-0.4077012276715859,0.2764182802276926,0.1012662510814263,0.9945352674846692,0.4494329161087559,0.3473351233701652,0.6102138799208486,0.2145179181218694,0.9029448569380816,0.0443387713462468,0.9594490591941168,0.0179780786650326,0.8994679735769128,0.0460142955162495,ID821,FT0821,40.4302060112998,638.312328972497,,,638.308786477298,638.32281313983,39.7693239231404,41.3166272785455,11.0,820;2222;3736;4977;6044;7053;8176;9401;10633;11826;13071,,0.0,0.0068548997303329,-0.0100813659270683,0.0059591039059046,0.0361388799663378,0.0246840330806741,0.0113722187172355,4.45752644542903,3.0,0.400326797385621,4.55248140499053,3.0,0.572712418300654,4.42292244363702,3.0,0.41421568627451,0.303521757226716,0.517810172118113,0.435204617334612,0.361306505606968,-0.094954959561492,0.798031808593804,0.0979797978454465,0.877181460219577,0.056910555983824,0.0346040017920108,0.367499509496215,0.434743236234833,0.561573265987348,0.250593575220363,-0.129558961353503
639.2117865126088,410.27388888888896,0.7110702991485596,Nicomol,4.069876699431382,3.8236579691782993,3.5987820702501248,3.903981872050772,0.2462187302530827,0.1658948273806104,-0.0803239028724722,0.1705370267840519,0.7681813129636943,0.265310855275167,0.5762449803619678,0.6491882159577164,0.1876293720728337,0.9029448569380816,0.0443387713462468,0.963054766925992,0.0163490147472876,0.8906584929769418,0.0502887864752479,ID823,FT0823,412.782451462022,640.138099787929,,,640.13570704015,640.144193594528,412.145061784435,414.08028722129,7.0,822;2224;3737;9404;10635;11828;13073,,0.0,-0.0274888290344107,0.0200396637561883,0.0080491398114838,-0.022781711769468,0.014990989728315,0.0005486195448777,4.26766035380412,3.0,0.26797385620915,3.84739516202627,0.0,0.127450980392157,4.21083453811313,3.0,0.253267973856209,1.42141863355524e-06,5.84727799563541,9.19814266415921e-05,4.0362998587567,0.420265191777854,0.0105346354954968,1.97738048663709,0.0800367275381142,1.09671067667243,0.0568258156909902,1.7217928947247e-06,5.76401908870553,0.0001255832692589,3.90106821531609,0.363439376086863
640.1385528577559,509.2601000000001,0.8658124804496765,Fura-2; Delphinidin 3-feruloylglucoside,3.9926736018227142,3.860534342495008,4.058545779024411,4.1595308793132935,0.1321392593277064,-0.1668572774905787,-0.2989965368182852,0.2787096449244781,0.5548480019899559,0.0984835080022913,1.0066364901447384,0.0509492178016161,1.2928624791168193,0.9078977690904804,0.0419630510598131,0.9594490591941168,0.0179780786650326,0.8655999289281896,0.0626827878961198,ID822,FT0822,509.587405801974,640.138182379691,,,640.136297992528,640.140313797087,506.896721674903,510.142752422042,9.0,821;2223;3738;6045;8177;9403;10634;11827;13072,241.0027;463.0741;493.0854;553.1071;560.1818;595.1172;640.1401|1219;1038;2750;10267;1732;1183;43619,1.0,-0.0233351432125654,0.0274180337693972,-0.0342995006108291,0.0008588207515158,0.0145105830880008,-0.0110746752778271,4.09031276138456,3.0,0.139705882352941,3.81191222240889,1.0,0.112745098039216,4.19851355056788,3.0,0.241830065359477,0.127645066973781,0.893995964466965,0.228167928037828,0.641745401351097,0.278400538975677,0.233948378131038,0.630879961248386,0.448040041790052,0.348683170931847,-0.108200789183316,0.0546656828493768,1.26228522259144,0.180211446003454,0.744217628571863,0.386601328158994
642.3626503575508,477.65289999999993,0.8674699068069458,Unknown,4.639019556114001,3.792284723995736,4.086581582485452,4.353046689019409,0.8467348321182651,0.2859728670945927,-0.5607619650236724,0.1030410602569632,0.986989681220875,0.0070575269092525,2.151347457280569,0.199271097135642,0.700555688077099,0.9029448569380816,0.0443387713462468,0.9594490591941168,0.0179780786650326,0.4708699143921361,0.3270990573400104,ID824,FT0824,478.427926387316,642.161007398073,,,642.159631168093,642.16392899565,477.228884963926,479.191315909753,9.0,823;2225;3739;6046;8178;9405;10636;11829;13074,78.95928;96.96049;96.96871;113.0239;161.0452;179.0554;221.0677;383.1181;425.127;642.1631|2879;9638;5524;503;1649;730;588;3272;1354;11193,1.0,-0.0674743266400875,0.0406325790857436,0.0009820105861265,0.0040852346288965,0.0091494589316363,-0.0133392793013504,4.78646866179247,3.0,0.60702614379085,3.83281910252768,1.0,0.121732026143791,4.58776972715359,3.0,0.519607843137255,0.0007472632290557,3.12652638775732,0.0057258449971597,2.2421604128267,0.953649559264792,0.0138874283964077,1.85737816726801,0.0949537425320057,1.02248791319166,0.198698934638879,0.0022712185894073,2.64374106586614,0.0214774738628243,1.6680168008101,0.754950624625912
643.0429135632813,282.6027272727273,0.9433076977729796,Unknown,4.68050538780738,3.536451866202178,3.808894992177061,3.638514509772412,1.144053521605202,1.041990878034968,-0.102062643570234,0.0729559098655251,1.1369395218921514,0.1614117777470815,0.7920647792549119,0.8756354779314629,0.0576766505329309,0.9029448569380816,0.0443387713462468,0.9780928897342612,0.0096198981946754,0.8809604279342232,0.0550435993243742,ID825,FT0825,280.027583242041,643.432088227235,"PA(14:0/18:2(9Z,12Z));PA(18:1(11Z)/14:1(9Z));PA(18:1(9Z)/14:",,643.430542983899,643.43417854118,278.801146256296,281.23361304716,8.0,825;2227;3741;8179;9406;10638;11831;13076,78.95821;146.8665;152.9943;225.1838;253.2161;255.2331;281.2483;361.1748;389.2089;407.219;417.2367;435.25;643.4307|284;72;1074;556;3786;72;511;72;1207;376;187;84;2384,1.0,-0.0624120801168089,0.0006426135512419,0.0082992087666743,-0.0067672936433366,0.0247118299443711,-0.009340978535973,4.77721667190292,3.0,0.600490196078431,3.90299811667198,0.0,0.160130718954248,4.32678805198064,3.0,0.348039215686274,0.0013505092816957,2.86950242667431,0.0086880356464171,2.06107840587096,0.874218555230946,0.0279360455898702,1.55383506923265,0.14815745178496,0.82927650019,0.450428619922277,0.0050338833426475,2.29809685319598,0.0358203772004249,1.4458698451983,0.423789935308669
644.3760134599626,42.98463636363636,0.9651262760162354,Unknown,3.623501041112121,3.750557276708984,3.968481471857825,3.5789379054817214,-0.1270562355968625,0.0445631356303994,0.171619371227262,0.099288816954687,1.003099663975622,0.8397445800348433,0.0758527905450131,0.4706994864310765,0.3272562755414383,0.9029448569380816,0.0443387713462468,0.9594490591941168,0.0179780786650326,0.9590639928757037,0.0181524138662645,ID826,FT0826,43.5288545407818,645.33266795053,"Methyl glucosyl-3,4-dehydro-apo-8'-lycopenate",,645.318870707513,645.334995034553,42.5418949567791,45.2697034974338,8.0,2230;3744;4979;7055;8180;9407;10640;13079,,0.0,0.0075129046167948,-0.0079317611032601,0.002466866041425,0.0281254479853776,0.035440319740497,-0.0621436041353004,4.09393563785714,2.0,0.144607843137255,4.20581489157834,2.0,0.342320261437909,4.15287039405101,2.0,0.211601307189542,0.583164945548914,0.234208589649315,0.668140409043184,0.175132261379408,-0.111879253721202,0.741690730586154,0.129777148628005,0.832562647349486,0.0795830774918736,-0.0589347561938656,0.809634240620667,0.0917111331646512,0.89649988957547,0.0474497595951247,-0.0529444975273368
645.2477852945686,281.618,0.9217267632484436,Kuwanon V,4.861073681212719,4.091183265551021,4.433958295446356,3.6022994120486937,0.7698904156616981,1.2587742691640256,0.4888838535023274,0.0161498454079146,1.791831630534794,0.0758330507905661,1.1201414718407283,0.3468954483521268,0.4598013985393856,0.6963450310479036,0.1571755190808317,0.9594490591941168,0.0179780786650326,0.8655999289281896,0.0626827878961198,ID827,FT0827,280.485469425773,645.447545655784,Glycerol 1-(9Z-octadecenoate) 2-tetradecanoate 3-phosphate;P,,645.445884661774,645.450431204118,278.801146256296,281.343676294068,10.0,827;2231;3745;4980;6047;8181;9408;10641;11832;13080,78.95928;152.9953;227.2009;253.2167;255.2324;281.2477;363.1944;389.2078;391.2229;407.2197;409.2354;417.2413;645.4497|833;3850;1348;4514;6706;1367;436;1383;2189;324;807;216;7216,1.0,-0.061285897104283,0.0009327838774333,-0.0278497720785664,0.0023438571391814,0.0149777367636138,0.0020547837738688,4.96507976434178,3.0,0.696078431372549,4.17314318260686,2.0,0.324346405228758,4.58989558704737,3.0,0.522875816993464,0.0123432104120029,1.90857186762199,0.0436731827224689,1.3597851573244,0.791936581734922,0.0835941679585951,1.07782402054844,0.274530465525395,0.561409453489311,0.375184177294409,0.0677683492773378,1.16897309291206,0.210334211719822,0.677090081794346,0.416752404440513
646.8755147946231,373.6755454545455,0.970704972743988,Unknown,4.948295873323943,4.698770463657787,4.809628202773983,4.948447066026145,0.2495254096661554,-0.0001511927022024,-0.2496766023683578,0.2172789456485467,0.6629823548191852,0.9978725605775932,0.0009249194059583,0.2206018277808659,0.65639089356466,0.9029448569380816,0.0443387713462468,0.9594490591941168,0.0179780786650326,0.9994997226215908,0.0002173220700555,ID829,FT0829,372.783747120085,646.87500032509,,,646.872662260166,646.877967951514,371.714750187798,375.24858177186,11.0,829;2233;3747;4981;6049;7056;8183;9410;10643;11833;13082,59.01415;156.9903;254.9674;352.9431;450.9206|11748;62762;7999;10010;2621,1.0,-0.0300915026503395,0.0387548434404651,0.0095471797586821,0.0012752962467035,0.0147247317406673,-0.0095245738671944,4.98591996012031,3.0,0.702614379084967,4.53039939381878,3.0,0.563725490196078,5.03489718695248,3.0,0.742647058823529,0.0019980588592824,2.69939172237377,0.0118632296345164,1.92579706295247,0.455520566301529,0.513230447263351,0.289687587125194,0.65851220340467,0.181436172376912,-0.0489772268321635,0.0016452688560176,2.78376312315827,0.0171431138836839,1.76591028978308,0.504497793133693
649.4591433795193,388.00299999999993,0.7581384181976318,Unknown,4.592647770638177,3.981373853745164,4.463205221013783,4.443433661369874,0.6112739168930132,0.1492141092683025,-0.4620598076247106,0.2754413381458204,0.5599708804139909,0.2916323537256912,0.5351642970032547,0.3790550625315437,0.4212976986950761,0.9058762157274411,0.0429311428301549,0.9594490591941168,0.0179780786650326,0.8906584929769418,0.0502887864752479,ID833,FT0833,388.352169569597,649.008286520552,,,649.00577766922,649.009262980161,387.510781594509,389.07804785533,11.0,833;2238;3752;4984;6051;7058;8187;9414;10647;11837;13086,,0.0,-0.0046856080593995,0.0078679161568241,-0.0050488642734702,0.0101589312666041,-0.0084301311939842,-0.0063906817058863,4.7841469352506,3.0,0.60375816993464,4.73028963405987,3.0,0.661764705882353,4.81658547363534,3.0,0.648692810457516,0.358263237406523,0.445797753962305,0.484179615133447,0.314993499118616,0.0538573011907282,0.193989717374121,0.712221289688489,0.401266401691675,0.396567202515776,-0.0324385383847341,0.164125993583727,0.784822631768428,0.328968343024528,0.48284589266174,0.0862958395754623
650.9160425993227,410.4498181818182,0.9404475092887878,Unknown,4.752853468012524,4.429269514340213,4.612449184770815,4.679022233836602,0.3235839536723111,0.0738312341759215,-0.2497527194963895,0.1142113118153722,0.942290880190814,0.0002636649535304,3.578947592997036,0.1727018015172354,0.76270313212036,0.9029448569380816,0.0443387713462468,0.9594490591941168,0.0179780786650326,0.2718385670898965,0.5656889277135196,ID835,FT0835,411.286014459847,651.10300331086,"{[5-({4,5-dihydroxy-2-[4-(7-hydroxy-4-oxo-3,4-dihydro-2H-1-b",,651.094519170181,651.105832375529,409.638814024915,412.031252283315,11.0,837;2241;3755;4985;6052;7059;8189;9416;10649;11838;13088,59.01363;88.0396;130.0635;141.0161;170.0429;199.0691;212.0656;223.0203;241.091;252.0457;294.0719;305.0219;323.095;334.0539;376.07;405.0988;416.0574;458.0754;487.1011|108;410;501;1670;3740;132;1753;252;1497;814;250;132;436;384;212;474;252;108;467,1.0,-0.0425204995771339,0.0314605999444063,-0.0071787738063526,0.0067126032122716,-0.0115316906336723,-0.0071979609566589,4.80736130051649,3.0,0.616830065359477,4.21388864629532,3.0,0.348039215686274,4.73607649880587,3.0,0.604575163398693,0.0030076354350983,2.5217748070832,0.0153298952381217,1.81446081302959,0.593472654221173,0.0374618590075801,1.42641067499331,0.180294524626122,0.744017462189238,0.0712848017106182,0.0049918586982988,2.3017377164782,0.0357392582878206,1.44685446483679,0.522187852510555
652.8905676705134,42.25427272727273,0.9369646906852722,Unknown,3.6261939877991,3.6835084554293793,3.9126045777302014,3.962489463788863,-0.0573144676302797,-0.3362954759897634,-0.2789810083594837,0.7936141042959703,0.1003906224019126,0.1330386065709657,0.8760223125085437,0.3039253713742582,0.5172330439545645,0.97847665772573,0.0094495302939998,0.9594490591941168,0.0179780786650326,0.8807334056974399,0.0551555308114101,ID837,FT0837,45.7086229240218,653.300274813311,AERUGINOSIN 98B;Coagulin R 3-glucoside;Tetrahydrogambogic Ac,,653.298293400631,653.302962917028,45.1161182391165,46.6678045421065,11.0,839;2242;3757;4986;6053;7060;8191;9418;10651;11841;13091,68.99513;78.9591;112.9849;149.0005;205.1622;255.2339;283.2634;285.125;311.1685;355.167;385.1789;417.1232;447.1333;473.2835;623.292;651.2813;653.3019;654.3072|324;24815;1364;818;385;689;1073;24351;324;2035;1797;1318;19464;851;595;1157;467597;351,1.0,0.0044721051119148,-0.0186833213400613,-0.006592009348677,0.0540230160155742,0.0485636021510082,-0.0103847063152805,5.37045467670927,3.0,0.826797385620915,5.47653745592708,3.0,0.904411764705882,5.3029705566876,3.0,0.831699346405229,0.0376025435674752,1.42478277688201,0.101417471913567,0.993887219539198,-0.106082779217808,0.770891078154672,0.113006980571755,0.85828241696852,0.0663697844711898,0.0674841200216667,0.466363670072934,0.331275288655107,0.647141977378257,0.189000428407649,-0.173566899239475
653.3010848362538,46.16254545454545,0.9747424721717834,Unknown,5.17712508345421,4.787156341990886,5.270503263444846,5.013982041944321,0.3899687414633241,0.1631430415098886,-0.2268256999534355,0.2547425806270998,0.5938984559560107,0.3300925672745811,0.4813642546093345,0.4753691452383426,0.3229690104235665,0.9029448569380816,0.0443387713462468,0.9594490591941168,0.0179780786650326,0.8971514435284977,0.0471342397461038,ID837,FT0837,45.7086229240218,653.300274813311,AERUGINOSIN 98B;Coagulin R 3-glucoside;Tetrahydrogambogic Ac,,653.298293400631,653.302962917028,45.1161182391165,46.6678045421065,11.0,839;2242;3757;4986;6053;7060;8191;9418;10651;11841;13091,68.99513;78.9591;112.9849;149.0005;205.1622;255.2339;283.2634;285.125;311.1685;355.167;385.1789;417.1232;447.1333;473.2835;623.292;651.2813;653.3019;654.3072|324;24815;1364;818;385;689;1073;24351;324;2035;1797;1318;19464;851;595;1157;467597;351,1.0,0.0044721051119148,-0.0186833213400613,-0.006592009348677,0.0540230160155742,0.0485636021510082,-0.0103847063152805,5.37045467670927,3.0,0.826797385620915,5.47653745592708,3.0,0.904411764705882,5.3029705566876,3.0,0.831699346405229,0.0376025435674752,1.42478277688201,0.101417471913567,0.993887219539198,-0.106082779217808,0.770891078154672,0.113006980571755,0.85828241696852,0.0663697844711898,0.0674841200216667,0.466363670072934,0.331275288655107,0.647141977378257,0.189000428407649,-0.173566899239475
653.7584830758049,485.4111111111112,0.7668425440788269,Unknown,3.88523674871012,3.881092911134137,3.7667297714436527,3.852836680063517,0.0041438375759828,0.032400068646603,0.0282562310706202,0.9740898859264956,0.0114009659543219,0.855808800626234,0.0676232518042258,0.8872437109697376,0.0519570703695716,0.9958036908894162,0.0018262683699224,0.9793878651068516,0.0090452813161484,0.9590639928757037,0.0181524138662645,ID838,FT0838,485.27049593476,654.079748477298,,,654.07710756323,654.08342669314,484.596589791784,486.340083093067,8.0,840;2243;3758;6054;8192;10652;11842;13092,78.96055;180.9063;192.0173;198.9165;210.0285;311.9758;443.0448|303;280;108;3009;856;1897;404,1.0,-0.0195401318683387,0.0367140288193683,-0.0062756081191387,-0.0010046994544695,0.0070308916530357,0.0462366679428517,4.00711171565687,3.0,0.0931372549019608,3.70849903970045,1.0,0.0531045751633987,4.10246180795723,3.0,0.187908496732026,0.053923944736716,1.26821834505723,0.13078730951264,0.883434394207582,0.29861267595642,0.118627301504237,0.92581534867724,0.31408813851289,0.502948464351792,-0.0953500923003654,0.0176696752081078,1.75277143332419,0.0844862391513713,1.07321402178754,0.393962768256786
655.5866047861347,408.4861818181818,0.9396378993988036,Unknown,4.146964065640759,4.15743215291493,4.412623678597101,4.321384832597169,-0.0104680872741704,-0.1744207669564099,-0.1639526796822394,0.9779682722733486,0.0096752345785754,0.0151594934840154,1.819315309308981,0.6733800299485179,0.1717397673832794,0.9958036908894162,0.0018262683699224,0.9636174359089608,0.0160953503813109,0.548401325684909,0.2609015040339749,ID840,FT0840,409.937807800265,655.060690682389,Sanguiin H4;Corilagin;Punicacortein A,,655.056360596363,655.066143395699,408.784983482462,410.678761059845,10.0,842;2245;3760;4988;6056;8194;9420;10654;11844;13094,,0.0,-0.0279057827576122,0.0435452797289693,-0.029017299919842,0.0041385119144753,-0.0041758931370317,-0.0111546858062353,4.22791754223456,3.0,0.240196078431373,3.85575697329782,2.0,0.133169934640523,4.40852645327807,3.0,0.401143790849673,0.0338008407642161,1.47107249692003,0.0938970661632496,1.02734797715899,0.37216056893674,0.0211032496461963,1.67565066343483,0.126731338410005,0.897115978521213,-0.180608911043514,0.0088430682992852,2.05339702070598,0.0543150563435049,1.26507976561344,0.552769479980253
659.5510308067843,43.465818181818186,0.9528631567955016,Unknown,3.8462590159157615,3.816767231957162,3.4636642068077874,4.0634754625138205,0.0294917839585995,-0.217216446598059,-0.2467082305566585,0.8851035014261026,0.0530059412005291,0.2424403798399866,0.6153950442368461,0.2332577400513849,0.6321639364096089,0.9958036908894162,0.0018262683699224,0.9594490591941168,0.0179780786650326,0.8894756286949214,0.0508659469261094,ID843,FT0843,43.2934873705915,660.346727200764,"Pesticide4_Moxidectin_C37H53NO8_(1'R,2R,4Z,4'S,5S,6S,8'R,10'",,660.331377706254,660.460941213379,42.6271124969951,64.388800696882,6.0,844;3764;6060;8197;9422;10657,225.1862;227.2015;253.2142;255.2344;424.2492;660.4601|71;202;442;48;36;459,1.0,-0.0152659269813855,0.0132680484009398,0.0506081865683059,0.0753782308103635,-0.0041048288143034,-0.0205478634036118,4.04912322524047,2.0,0.115196078431373,3.80393180715914,1.0,0.104575163398693,3.90355433401482,1.0,0.0702614379084967,0.42288716542138,0.373775495442497,0.532834121283146,0.273407971881109,0.245191418081328,0.68550070411343,0.163992094787787,0.79470715025818,0.0997928794661794,0.145568891225643,0.726178055722421,0.138956879111721,0.838028545955678,0.0767411876467137,0.099622526855685
660.0885571519268,431.6007,0.7290270328521729,Cefcanel daloxate,3.0223305097238584,3.689023888183358,3.65347132585992,3.7643059741381903,-0.6666933784594997,-0.7419754644143319,-0.0752820859548322,0.2256673239480569,0.64653132110129,0.0665419436178175,1.1769045180123523,0.8781432007940421,0.0564346569372437,0.9029448569380816,0.0443387713462468,0.9780928897342612,0.0096198981946754,0.8655999289281896,0.0626827878961198,ID842,FT0842,432.640997766012,659.26255555144,,,659.259487050342,659.267748342698,432.193135490768,433.736303670502,6.0,4990;6058;7064;8196;11846;13096,109.0394;127.05;128.035;145.0614;242.0787;402.1638|144;1760;228;23325;1509;3233,1.0,0.03585083904097,-0.000520031133254,-0.0654316963960203,0.0153682315727381,-0.042502916469333,0.0612044698615689,3.60585737550562,0.0,0.0098039215686274,4.19684675022109,3.0,0.334967320261438,3.93516201644947,2.0,0.0833333333333333,0.0161280756499486,1.79241744813895,0.0533373528630154,1.27296854218032,-0.590989374715466,0.116279788157469,0.934495768113564,0.31408813851289,0.502948464351792,-0.329304640943849,0.302489533697512,0.519289647576977,0.514859509696251,0.288311261225653,-0.261684733771617
662.061498294952,409.4534545454546,0.9647150039672852,Unknown,5.290352847232497,4.933766449912274,5.149215977682634,5.169520019773561,0.356586397320223,0.120832827458936,-0.2357535698612869,0.264005738430338,0.5783866332000724,0.0347087307556268,1.4595612675128595,0.416876751268329,0.3799923242966193,0.9029448569380816,0.0443387713462468,0.9594490591941168,0.0179780786650326,0.8328109251977478,0.0794535861848719,ID844,FT0844,409.917499516977,662.061148888205,6-Sinapoylglucoraphenin,,662.057813311349,662.062314300741,408.76681827495,410.678761059845,11.0,845;2251;3766;4991;6061;7065;8198;9423;10658;11847;13097,59.0142;88.0399;141.0159;170.0426;223.0185;252.0457;305.0234;334.0488;387.0258;416.0518;469.0268;498.0543;580.0571;662.064|7614;11552;84287;124975;18376;28619;23970;50073;9797;32560;3152;19476;4881;1584,1.0,-0.040159338664247,0.0254211857421466,-0.0061701360991592,0.0014523058478735,-0.020861871403968,-0.0032330405434349,5.44084041513898,3.0,0.855392156862745,4.87856818867537,3.0,0.72875816993464,5.33348427297619,3.0,0.840686274509804,0.0014544635734331,2.83729715104467,0.0091131233272922,2.04033275240838,0.562272226463606,0.130112111848665,0.885682274044046,0.324742626266916,0.488460701403345,0.107356142162792,0.0064431226728855,2.19090359988909,0.0432133572371118,1.36438199212632,0.454916084300814
662.1001945086093,473.40745454545447,0.967722475528717,NAD; Fenugreekine; beta-nicotinamide adenine dinucleotide,4.858332187179557,4.490708329715284,4.796768078411812,4.867188776638227,0.3676238574642729,-0.00885658945867,-0.376480446922943,0.2925256221209657,0.5338360883564717,0.8157284831380641,0.088454372983115,0.2835769250152224,0.5473291110992384,0.9116684525285336,0.0401630733125223,0.9594490591941168,0.0179780786650326,0.9572525879222766,0.0189734508681357,ID845,FT0845,472.941437886909,662.099976474147,beta-Nicotinamide adenine dinucleotide;Fenugreekine;NAD,+,662.097303423502,662.101952583409,470.791383608048,473.894906386573,11.0,846;2252;3767;4992;6062;7066;8199;9424;10659;11848;13098,78.95903;96.96891;134.0465;158.9246;174.9799;176.935;192.9907;211.0002;254.9476;272.9567;290.9683;328.0439;346.0546;408.0098;426.0208;442.0765;538.3905;540.0528;541.054;662.1007|14965;2598;13765;25419;5156;612;2545;4299;832;43488;745;34072;20389;30907;27724;712;779;215551;614;2310,1.0,-0.0258279302971364,0.0229435068191336,-0.0101805828815841,0.0073655539722104,0.0019460987944024,-0.0024882861044676,4.9577029304881,3.0,0.693627450980392,4.60819443857053,3.0,0.602124183006536,4.95592343641848,3.0,0.717320261437909,0.015086056268743,1.82142427676332,0.0506942058416141,1.29504167606735,0.349508491917575,0.937949982586423,0.0278203203265753,0.961659678887927,0.0169785929625116,0.0017794940696251,0.0155591211551438,1.80801493743956,0.0806999750580127,1.09312659950555,0.34772899784795
666.1491868229433,32.136181818181825,0.990002989768982,Unknown,4.647794516414803,4.138376802842486,4.389134694549394,4.314274425231366,0.5094177135723168,0.3335200911834368,-0.1758976223888799,0.0912033269552793,1.0399893189965226,0.2637875361028198,0.578745728613944,0.5558096021230254,0.2550739546564829,0.9029448569380816,0.0443387713462468,0.9594490591941168,0.0179780786650326,0.8906584929769418,0.0502887864752479,ID849,FT0849,32.4623257344094,666.058265623592,,,666.056269800862,666.061998534532,31.6102194889928,33.2507293835713,10.0,850;2257;3772;4997;6065;7068;8204;9429;10663;13103,184.0377;358.9973;515.0451;620.0684;636.0615;666.06|632;782;412;3308;2010;144654,1.0,-0.0155723888100937,-0.0447126478423487,-0.0323855612749564,0.0472169561147047,0.031684848242522,0.0068159012343603,4.61848757503132,3.0,0.502450980392157,4.48909684273565,3.0,0.540849673202614,4.28203229087662,2.0,0.319444444444444,0.683085999891615,0.16552461560521,0.75183207490358,0.123879150215069,0.129390732295666,0.264434473981619,0.577681927083475,0.472663684885065,0.325447763594858,0.336455284154703,0.576292712009161,0.239356872617532,0.729429061729599,0.137016937625791,-0.207064551859037
669.9323628297496,252.9603636363636,0.8493303656578064,Unknown,4.5898547238127705,4.260087633507089,4.404675570272721,4.441991039870402,0.3297670903056815,0.1478636839423686,-0.1819034063633129,0.328163211716963,0.4839101065365058,0.3083816747597225,0.5109114373240359,0.5513603763030523,0.258564447826299,0.916331590195946,0.0379473410337079,0.9594490591941168,0.0179780786650326,0.8906584929769418,0.0502887864752479,ID852,FT0852,249.349802321265,670.479617615647,PE(14:1(9Z)/P-18:1(11Z));PE(14:1(9Z)/P-18:1(9Z));PE(P-18:1(1,,670.476597093512,670.481605103373,246.883331355869,251.767401698971,10.0,855;2262;3778;6068;7070;8208;9432;10666;11854;13107,225.1859;251.2023;253.217;279.2311;416.258;434.2663;436.2812;670.4823|1106;3099;21317;702;545;2113;240;13495,1.0,-0.0388689344587998,0.0127904585339667,-0.0105512655884577,-0.016073455456497,0.0276975179078929,-0.0214062653272936,4.76071153678659,3.0,0.592320261437909,4.24326819724844,2.0,0.396241830065359,4.6105191600062,3.0,0.537581699346405,0.0425943643198213,1.37064785880137,0.11139352234075,0.953140063143098,0.517443339538149,0.252342752109548,0.598009164732686,0.460468345239176,0.336800219887272,0.150192376780395,0.0688986185841507,1.16178948560028,0.21159128391501,0.674502226171723,0.367250962757754
670.5692915834351,51.97545454545455,0.9694532752037048,Unknown,4.770329056144953,4.70257727719436,4.473083659305191,4.546848150843979,0.0677517789505932,0.2234809053009741,0.1557291263503808,0.8600308256560726,0.0654859822768842,0.4770637328678749,0.3214235979328668,0.601007722770719,0.2211199474063128,0.9958036908894162,0.0018262683699224,0.9594490591941168,0.0179780786650326,0.8994679735769128,0.0460142955162495,ID851,FT0851,52.0597235876807,670.475962614157,PE(14:1(9Z)/P-18:1(11Z));PE(14:1(9Z)/P-18:1(9Z));PE(P-18:1(1,,670.46733059718,670.479037420035,50.4669081296197,53.4711146541306,10.0,856;3777;5000;6067;7069;8207;9431;10665;11853;13106,225.1839;225.1903;251.2028;253.2162;279.2292;416.264;434.2722;670.48|132;84;568;4885;132;156;353;2941,1.0,-0.0014207351377603,0.0311688535108426,-0.0122774402802731,0.0300814203822439,-0.0375357139538445,-0.0312806727480714,4.45373408311054,2.0,0.396241830065359,4.44199389466792,3.0,0.508986928104575,4.68157660664995,3.0,0.574346405228758,0.956834912037506,0.019162986962868,0.966475566063073,0.0148091211058007,0.0117401884426229,0.306567578519092,0.51347377647048,0.509399772835024,0.292941253044405,-0.227842523539407,0.0353269971733892,1.45189327641885,0.130878113337604,0.883132974163076,0.23958271198203
671.0792373919056,280.4013636363636,0.914989411830902,Unknown,4.8255087024726775,3.833943505631811,4.112553475026412,4.132247724028885,0.9915651968408664,0.6932609784437922,-0.2983042183970741,0.0604623595638469,1.218514908339766,0.0437152907155996,1.3593666291191002,0.4468757621204217,0.3498132001904269,0.8877018384890114,0.0517328806662789,0.9594490591941168,0.0179780786650326,0.8328109251977478,0.0794535861848719,ID853,FT0853,280.026055130993,671.463931927755,"PA(16:0/18:2(9Z,12Z));PA(18:1(11Z)/16:1(9Z));PA(18:1(9Z)/16:",,671.461523598561,671.466000577213,277.479766503889,281.078946192859,11.0,857;2263;3779;5001;6069;7071;8209;9433;10668;11855;13109,78.95884;152.9951;253.218;255.232;281.2483;389.2095;407.2191;417.241;435.2503;671.4669|821;4627;6138;861;7078;1650;527;2237;1022;8848,1.0,-0.0446354190357523,-0.0102281071391037,-0.018429688817938,-0.0017962134928583,0.0213751478513664,0.0018934282779519,4.90479668145816,3.0,0.672385620915033,4.33234180534373,3.0,0.440359477124183,4.55419348581167,3.0,0.495915032679739,0.0152583552657078,1.81649227749017,0.0511303659739458,1.29132109872865,0.572454876114432,0.0834872156954428,1.07838002245652,0.274530465525395,0.561409453489311,0.350603195646493,0.134800172993789,0.870309550455005,0.288044079885065,0.540541046317231,0.221851680467939
672.2299350188995,52.48500000000001,0.9809938073158264,Unknown,5.036888968774561,5.083828047656272,5.31993646753261,5.348647494360236,-0.046939078881711,-0.3117585255856747,-0.2648194467039637,0.918146794077188,0.0370878778825516,0.3905012139168952,0.4083776117313937,0.4939577772210323,0.3063101723387192,0.9958036908894162,0.0018262683699224,0.9594490591941168,0.0179780786650326,0.8971514435284977,0.0471342397461038,ID855,FT0855,52.5615689782388,672.495979980846,PE(14:0/P-18:1(11Z));PE(14:0/P-18:1(9Z));PE(14:1(9Z)/P-18:0),,672.494840629785,672.497454735249,51.8224918782105,53.9779886617301,10.0,859;3781;5003;6071;7073;8211;9435;10670;11857;13111,78.95921;140.0109;196.0369;225.186;227.2014;239.2378;252.4442;253.217;254.2214;255.2295;281.2483;375.231;408.2524;418.2727;436.2811;462.2965;670.4202;672.4981|742;1963;2552;543;4484;1866;864;214355;1499;1095;6434;660;468;7737;16368;312;468;130946,1.0,0.0196279927637615,0.0469695475928858,-0.0027725196911239,0.056513646670798,-0.0714391861393808,-0.0452215074570307,5.02808906133914,2.0,0.718137254901961,5.27692520570792,3.0,0.850490196078431,5.48629170742582,3.0,0.884803921568627,0.570734402844205,0.243565948171063,0.659551860347338,0.180751050341755,-0.248836144368783,0.320538500272373,0.494119799369358,0.520444231625036,0.283625800630123,-0.458202646086683,0.0314858017370067,1.50188524358711,0.122889400090591,0.91048557586617,0.2093665017179
672.6790891493639,252.7180909090909,0.8922414779663086,Unknown,5.566054412088686,5.451724504776297,5.421372703267897,5.11710065920915,0.1143299073123893,0.448953752879536,0.3346238455671466,0.5259539886534684,0.2790522470020184,0.2070203268827057,0.6839870100040232,0.3156132960643643,0.5008447092466747,0.9241583043832848,0.0342536296116762,0.9594490591941168,0.0179780786650326,0.881195617434593,0.0549276714494428,ID854,FT0854,250.495707624954,672.496459973845,PE(14:0/P-18:1(11Z));PE(14:0/P-18:1(9Z));PE(14:1(9Z)/P-18:0),,672.495141863116,672.497949149807,248.211124536433,252.322911284009,11.0,858;2264;3780;5002;6070;7072;8210;9434;10669;11856;13110,78.95822;140.0114;196.0379;227.2009;239.2368;252.4423;253.2169;254.2195;255.2318;281.2481;375.2295;418.2707;436.2812;670.4219;672.4977|880;2027;2262;4818;1877;844;229759;622;988;7332;641;7369;17230;373;135516,1.0,-0.0307652329248011,-0.0020207630198268,-0.0196609823687033,0.0007270555938968,0.02225669385893,-0.0150368368098504,5.7408716590258,3.0,0.919934640522876,5.36182639340363,3.0,0.877450980392157,5.56304042027228,3.0,0.899509803921569,0.0464394364470864,1.33311305916184,0.118612828122813,0.925868338950889,0.379045265622161,0.248251927455262,0.605107370909379,0.458871873048218,0.338308561948662,0.177831238753515,0.10577795246119,0.975604843853366,0.273912994266569,0.562387364590118,0.201214026868646
679.8545821293218,411.419090909091,0.9632418751716614,Unknown,4.303228650724649,3.5727376433867697,3.961589770467488,3.8670564406752574,0.7304910073378794,0.4361722100493908,-0.2943187972884886,0.1288811027217101,0.8898107566988244,0.0029072081010887,2.5365238798498644,0.4256054900013378,0.3709927785938615,0.9029448569380816,0.0443387713462468,0.9594490591941168,0.0179780786650326,0.3988689090222418,0.3991698146962136,ID860,FT0860,411.356243486467,680.129154031546,,,680.12563935221,680.135072455042,410.798430960455,412.031252283315,8.0,865;2271;3787;8215;9441;10679;11865;13117,,0.0,-0.0427108341845644,0.0143303776542677,0.0293827932963038,0.0071080713107142,0.0108554734690655,0.0134648576521085,4.39086777173663,3.0,0.348039215686274,3.74436476960071,0.0,0.0727124183006536,4.10956827890094,3.0,0.194444444444444,0.0001677660362719,3.77529595621675,0.0019315332043019,2.71409782165266,0.646503002135918,0.0103024942531046,1.98705761905968,0.0792701468646523,1.10089033718381,0.281299492835683,0.0007493313571789,3.1253260931528,0.0098085387133351,2.00839568946068,0.365203509300235
686.5674343190506,56.121,0.7576594352722168,Unknown,5.276666422132371,4.52297197128908,3.400181228526628,5.392088727892795,0.753694450843291,-0.1154223057604237,-0.8691167566037148,0.3172004297408429,0.4986662329750193,0.5810198492734295,0.2358090306343345,0.2673529233502885,0.5729150627775631,0.916331590195946,0.0379473410337079,0.9594490591941168,0.0179780786650326,0.9093286387276428,0.0412791308685889,ID861,FT0861,54.5719431676165,686.474826353772,"PE(14:0/18:2(9Z,12Z));PE(14:1(9Z)/18:1(11Z));PE(14:1(9Z)/18:",,686.314994139015,686.476386815702,39.8567409448862,57.630888763973,10.0,868;2274;5009;6078;7077;8216;9443;10680;11867;13121,78.95917;140.0114;196.037;225.1868;227.1992;251.2016;252.4446;253.2178;255.2322;267.2328;279.2328;281.2497;432.253;450.2603;686.4783|334;2106;1562;1265;216;1667;571;132151;825;1714;794;2372;1339;4191;68596,1.0,0.0451263691497568,0.137757014826904,0.0217924372824557,0.126079875482041,-0.0180347305154075,0.180654480863393,4.4169574806794,2.0,0.363562091503268,4.86781246750386,3.0,0.722222222222222,5.49991807848375,3.0,0.888888888888889,0.496046136623202,0.304477928451256,0.600950153431734,0.221161549606793,-0.450854986824462,0.146299967148465,0.834755771395139,0.343833385827521,0.463651956105302,-1.08296059780436,0.001731073069609,2.76168459991301,0.0178775422321576,1.74769218735106,0.632105610979897
688.1223815700747,444.114,0.776764988899231,Unknown,3.7130966665745135,4.174933956615489,4.089583049212941,4.229930584465849,-0.4618372900409757,-0.516833917891335,-0.0549966278503593,0.0726241716377958,1.13891880820142,0.014652678201952,1.8340829881409293,0.7528869590487135,0.1232702253221229,0.9029448569380816,0.0443387713462468,0.9689299958057176,0.0137075991448309,0.548401325684909,0.2609015040339749,ID863,FT0863,444.050482128245,688.121759333752,,,688.119679022181,688.126398786758,442.781323445066,444.226082966365,9.0,870;2278;5011;6080;8217;9445;10684;11869;13124,78.95808;140.0117;152.9953;214.0473;451.0845;688.1228|288;3310;1904;42670;13590;3267,1.0,0.0119213308538636,0.0386032966126633,-0.0684625180064703,0.0378680575868695,-0.0278549901215565,0.0069815570539555,3.76156801447014,2.0,0.0334967320261438,4.02677905170627,2.0,0.227124183006536,4.25592796403396,3.0,0.29983660130719,0.36755273934598,0.434680336134595,0.484179615133447,0.314993499118616,-0.265211037236128,0.0126324799647989,1.89851138188326,0.0882082994073816,1.05449055072694,-0.494359949563822,0.401120883742068,0.396724726555282,0.588815184059111,0.230020999166382,0.229148912327695
688.5627401344088,53.81154545454546,0.904598593711853,Unknown,4.862429111206803,4.768531409956213,5.510985024196268,5.560891256727491,0.0938977012505901,-0.6984621455206872,-0.7923598467712774,0.919809201331117,0.036302250266066,0.4197019966201633,0.3770589647435806,0.2725950087539021,0.5644821004106746,0.9958036908894162,0.0018262683699224,0.9594490591941168,0.0179780786650326,0.8994679735769128,0.0460142955162495,ID866,FT0866,54.7231366905703,688.490447075338,PC(14:1(9Z)/15:0);PC(15:0/14:1(9Z));PE(14:0/18:1(11Z)),,688.486780306393,688.492597341277,53.1880092269068,59.029960290845,8.0,872;5012;6081;7079;8219;10685;11870;13125,78.95837;140.0113;196.038;225.186;227.2016;252.4437;253.2168;254.2197;255.2325;281.2483;432.2511;434.2672;450.2629;452.2771;686.368;688.493|585;3942;3754;1041;7349;663;192067;8611;66415;7378;1123;1873;1247;8263;480;151606,1.0,0.0330140186834235,0.12757951266913,0.0185350962242984,0.107486742644345,-0.0166902298767879,0.168577389837063,4.73810146281636,1.0,0.583333333333333,5.02860024661569,3.0,0.777777777777778,5.68086492650364,3.0,0.929738562091503,0.602896762903942,0.219757047958714,0.686172947751601,0.163566407926295,-0.290498783799324,0.141901158913857,0.848014057623301,0.339438811817702,0.46923850145685,-0.942763463687277,0.001595744435625,2.79703666128423,0.0168804124073055,1.77261694728209,0.652264679887953
688.5780449417266,257.22118181818183,0.901147186756134,Unknown,5.464897133530411,5.035407137384889,5.249607464119148,4.420617128936271,0.4294899961455218,1.0442800045941407,0.6147900084486189,0.0801495568420039,1.096098874577514,0.3082098968758049,0.5111534198371299,0.5109063192502323,0.2916587256236023,0.9029448569380816,0.0443387713462468,0.9594490591941168,0.0179780786650326,0.8906584929769418,0.0502887864752479,ID865,FT0865,255.950439380793,688.49132397866,PC(14:1(9Z)/15:0);PC(15:0/14:1(9Z));PE(14:0/18:1(11Z)),,688.490093923898,688.492943884545,253.917005688112,256.476849438995,9.0,871;2279;3792;6082;8218;9446;10686;11871;13126,78.95909;140.0112;168.043;196.0386;225.1864;227.2011;252.442;253.2175;254.2195;255.232;281.2478;432.2521;434.2668;450.2611;452.2786;688.492|992;2817;1426;2863;691;4638;466;154179;5364;52771;5100;786;1653;998;6406;104694,1.0,-0.0929338916040279,0.0517360366953106,-0.0317757508349952,0.0012228612234683,0.0169866653285517,-0.031540893319597,5.72358925822737,3.0,0.915032679738562,4.48328906285359,1.0,0.537581699346405,5.49685353667191,3.0,0.887254901960784,0.0116878034083801,1.93226710194831,0.0423298465176296,1.37335330621693,1.24030019537378,0.159422779755154,0.797449622619204,0.359967697092012,0.443736470355319,0.22673572155546,0.0187130249939663,1.72785600234512,0.0884133610038812,1.05348209955942,1.01356447381832
690.7163575231622,410.1923636363636,0.9665994048118592,Unknown,4.801416999972866,4.505092287184895,4.514838335227466,4.531785583541172,0.2963247127879711,0.2696314164316939,-0.0266932963562771,0.0700617820683023,1.15451882030712,0.0027585515883596,2.559318889781131,0.7796822036944869,0.1080823784707288,0.9029448569380816,0.0443387713462468,0.9706578929929058,0.0129338096026886,0.3988689090222418,0.3991698146962136,ID872,FT0872,410.106888696754,691.078947438408,"[5-(5,7-dihydroxy-6-{4-hydroxy-6-methyl-5-oxo-3-[(3,4,5-trih",,691.074396158738,691.085096778449,409.572627098837,412.291827736759,9.0,880;2285;3799;6085;8223;9449;10690;11875;13132,59.01475;88.03991;116.9711;141.0158;170.0443;198.9753;199.0684;223.0214;252.0461;280.9743;281.072;305.0244;334.0467;362.9741;363.0778;416.0528;444.9748;445.0781;498.0568;526.9805;527.081;609.0888;691.0887|72;687;84;1847;4788;108;2418;409;1158;367;764;386;1346;383;1083;576;72;863;481;120;743;145;108,1.0,-0.0712448022983548,0.0428667543324457,0.0110825071537296,0.0079837019027512,-0.0115754290129373,-0.0113791651484023,4.94029529300061,3.0,0.687908496732026,3.92005970670882,1.0,0.173202614379085,4.69262768018046,3.0,0.584150326797386,0.0005544373846039,3.2561474938006,0.0046318623172125,2.334244358556,1.02023558629179,0.000213288965438,3.67103161231106,0.0085884356749735,2.06608593274561,0.247667612820146,0.0015617801646832,2.80638009720907,0.016854094244851,1.77329458191684,0.772567973471647
690.7932966309461,391.5598888888889,0.5859644412994385,Unknown,3.2078842284648394,3.6623718689165,3.2549723167790527,3.492337614035365,-0.4544876404516604,-0.2844533855705258,0.1700342548811346,0.28944749751168,0.5384302008788897,0.5524673596107856,0.2576933754884049,0.7131206465712692,0.1468369894921833,0.9116684525285336,0.0401630733125223,0.9657248817257064,0.0151465789323381,0.9035188365361556,0.0440627888491086,ID870,FT0870,389.783254387061,690.091419208091,,,690.090612777965,690.091692155344,389.183233265499,390.075850097222,3.0,876;2281;3796,,0.0,-0.0206746910987868,-0.014565050554344,0.0177654666350688,-0.010219753173208,0.0057494691336755,0.0240689989510695,4.36457127539475,3.0,0.327614379084967,4.05704503896927,0.0,0.246732026143791,4.05704503896927,0.0,0.151960784313725,1.04582173644449e-06,5.98054233600053,8.38749032628481e-05,4.07636796771637,0.307526236425477,1.04582173644449e-06,5.98054233600053,0.0003288040942697,3.48306278326186,0.307526236425477,,,,,
691.4539988646417,85.52236363636365,0.9307124614715576,"PA(15:0/18:1(12Z)-2OH(9,10)); PA(18:1(12Z)-2OH(9,10)/15:0); PA(a-15:0/18:1(12Z)-2OH(9,10)); PA(18:1(12Z)-2OH(9,10)/a-15:0); PA(i-15:0/18:1(12Z)-2OH(9,10)); PA(18:1(12Z)-2OH(9,10)/i-15:0)",4.948065326028971,4.448421440589043,4.555492417668376,4.536358819587899,0.4996438854399274,0.4117065064410719,-0.0879373789988555,0.1363670308873462,0.8652906152690514,0.0951440913476518,1.0216181771592905,0.7304851765031435,0.1363885926361958,0.9029448569380816,0.0443387713462468,0.9657248817257064,0.0151465789323381,0.8655999289281896,0.0626827878961198,ID874,FT0874,87.6474121399151,691.453495040158,"PA(P-16:0e/18:2(9Z,12Z))",,691.45105021219,691.455960022815,85.6655152837785,88.4876447639457,5.0,882;2286;3800;6086;9451,152.9957;225.1849;226.1881;227.1996;253.2178;254.2224;255.2323;281.2481;691.4536|397;1986;180;6840;7646;559;1962;144;12566,1.0,-0.0600625597773044,-0.0610749348533016,0.0099152578983398,-0.041339052483814,0.0047859062878855,-0.0224515654654969,4.98399088278608,3.0,0.701797385620915,4.20850378349232,1.0,0.343137254901961,4.10816045160432,0.0,0.193627450980392,0.0138111690343694,1.85976955938748,0.0476069809408204,1.32232935900681,0.775487099293769,0.0048936514465572,2.3103669667839,0.0486861322709866,1.3125947253532,0.875830431181763,0.373900966300058,0.427243412464821,0.561573265987348,0.250593575220363,-0.100343331887994
693.0169788184893,411.2081999999999,0.8165446519851685,Unknown,4.209148947206653,3.8728010986824,3.6552359361201576,4.126043100294306,0.336347848524253,0.0831058469123471,-0.2532420016119059,0.2095876531751145,0.6786343052563274,0.6424108547387866,0.1921871294458604,0.3536730384409774,0.45139804649741,0.9029448569380816,0.0443387713462468,0.9594490591941168,0.0179780786650326,0.9271385126474756,0.0328553782776072,ID876,FT0876,411.32313262277,693.119884407004,"NCGC00179919-03!3-hydroxy-3-methyl-5-oxo-5-[[3,4,5-trihydrox",,693.11078230434,693.122554035857,409.638814024915,412.031252283315,8.0,884;2291;3804;6087;8226;9454;10693;11877,,0.0,-0.0161107384513587,0.0136924055638831,0.0080562146402483,-0.0109165915408175,-0.0315326109524711,-0.0283802841581467,4.30449188614556,3.0,0.280228758169935,4.08660514451965,1.0,0.273692810457516,4.26394483980553,2.0,0.30718954248366,0.151061163058037,0.820847175883104,0.259980799941086,0.58505872428894,0.217886741625914,0.805289514962171,0.0940479554757041,0.879847886232209,0.0555924049865029,0.0405470463400306,0.409621322987232,0.387617444086278,0.598282958605882,0.223093367354899,0.177339695285884
695.0231253747319,249.18554545454543,0.775791347026825,Unknown,4.010428753360763,4.646199447187492,3.875895549847224,4.885016882473463,-0.6357706938267285,-0.8745881291126993,-0.2388174352859708,0.5207036362248486,0.2834093895091113,0.3236065217257176,0.4899827345228342,0.8041141692691085,0.0946822851278274,0.9241583043832848,0.0342536296116762,0.9706578929929058,0.0129338096026886,0.8971514435284977,0.0471342397461038,ID878,FT0878,245.096578842996,696.49577751225,"PE(18:3(6Z,9Z,12Z)/P-16:0);PE(18:3(9Z,12Z,15Z)/P-16:0);PE(P-",,696.493863216871,696.497629550916,241.590046210978,248.991803935192,11.0,887;2295;3807;5016;6090;7085;8229;9458;10698;11882;13140,251.2017;253.2161;277.216;279.2325;281.2474;305.2493;418.2709;436.2819;460.2833;462.2984;696.497|4239;8080;25405;2652;684;1976;973;3082;588;360;30888,1.0,-0.0214884318277122,-0.0107488786884749,-0.0176206867473442,-0.0063831402021048,0.0254699089449089,-0.0134848387577882,5.02847231240935,3.0,0.718954248366013,4.77655593888038,3.0,0.681372549019608,4.85231629518996,3.0,0.669117647058823,0.108237002952859,0.965624241715825,0.21469019882781,0.668187781796445,0.251916373528974,0.238549238127625,0.622421966141303,0.451338139736641,0.345497965444422,0.176156017219391,0.463559633832348,0.333894388858408,0.644016777002798,0.19110281887492,0.0757603563095826
695.494205594333,41.64872727272728,0.9922545552253724,Unknown,5.025126216508587,5.31085099947445,4.954895168415652,5.326904179480791,-0.2857247829658629,-0.3017779629722037,-0.0160531800063408,0.2020914450879513,0.6944520706001522,0.268130067098876,0.5716544831339978,0.9503159668588964,0.0221319738180579,0.9029448569380816,0.0443387713462468,0.9943694462207052,0.0024522286359298,0.8906584929769418,0.0502887864752479,ID877,FT0877,42.4258540372862,695.312384581848,"Capsianoside I;Lepranthin;(2E,6E,10E)-14-[(2S,3R,4S,5S,6R)-4",,695.30837877933,695.315003179762,41.52467800146,43.0546747345629,11.0,885;2293;3806;5014;6088;7083;8228;9456;10696;11879;13138,59.01426;78.95868;205.1607;285.125;311.1688;325.1853;397.18;427.1874;447.1358;473.2806;653.3015;693.1678;695.3131;696.3234|50844;606;1538;703;408;252;252;1324;875;324;6430;1148;430524;461,1.0,0.0058533162619559,0.0278753103494549,-0.0464154202326651,-0.0182007301539439,-0.0212460785151007,0.026473297951347,5.08781929728649,3.0,0.736928104575163,5.20204492424301,3.0,0.833333333333333,5.40714510666305,3.0,0.862745098039216,0.403548614634045,0.394104139267731,0.515359854994433,0.287889414720764,-0.114225626956517,0.198028385701214,0.703272552820186,0.404688515658648,0.392879119939657,-0.319325809376559,0.321785707213251,0.492433249908428,0.538415049019715,0.268882809826277,0.205100182420042
696.3129296836528,248.45572727272727,0.8471701741218567,Bz-Ile-glu-gly-arg-pna,4.854216169815161,4.236683444015249,5.208208318341665,4.664562684801715,0.6175327257999124,0.1896534850134461,-0.4278792407864662,0.3627972662127599,0.4403359941400191,0.8054058523794593,0.0939852189713599,0.4998377162620829,0.3011709764078611,0.916331590195946,0.0379473410337079,0.9594490591941168,0.0179780786650326,0.9554373647596324,0.019797778552333,ID880,FT0880,245.633782300487,697.498234292672,PA(16:0e/18:0),,697.49723821063,697.50028949294,241.590046210978,247.672774659729,10.0,888;2297;3809;5017;6091;8232;9459;10699;11883;13142,,0.0,-0.030466582052663,-0.0026286079865956,-0.0349454203068548,0.0050905914411722,0.0109299817039492,-0.0141057926931216,4.66944545257467,3.0,0.535130718954248,4.32418288255524,2.0,0.433823529411765,4.52026829091325,3.0,0.477124183006536,0.116139500088038,0.935020047679944,0.218646672641802,0.660257127348624,0.345262570019433,0.300962172104094,0.521488087392387,0.501997013671446,0.299298866420458,0.149177161661415,0.255550591026407,0.592523110289998,0.452545583805489,0.344337668838638,0.196085408358018
696.4959529461102,51.2379090909091,0.9757803678512572,"PE(18:3(6Z,9Z,12Z)/P-16:0); PE(18:3(9Z,12Z,15Z)/P-16:0); PE(P-16:0/18:3(6Z,9Z,12Z)); PE(P-16:0/18:3(9Z,12Z,15Z))",4.872920886079531,4.657280612809375,4.695306941965752,4.611930461850968,0.2156402732701563,0.260990424228563,0.0453501509584066,0.5874815115666665,0.2310057963769412,0.5137936741600203,0.2892112470807835,0.682243680525306,0.1660604784146785,0.9241583043832848,0.0342536296116762,0.9636174359089608,0.0160953503813109,0.8994679735769128,0.0460142955162495,ID881,FT0881,50.5419728142726,697.495116336866,PA(16:0e/18:0),,697.316113906642,697.49873700187,41.2060098941961,51.2610938826761,9.0,889;2296;5018;6092;7086;8231;9460;10700;13141,,0.0,0.0065826581132506,0.0038659814544529,-0.0221312701590568,0.0717911873731206,0.0228869450901299,-0.0125405455336835,4.1775810109559,2.0,0.200980392156863,4.32603913511092,3.0,0.434640522875817,4.30035565225176,2.0,0.329248366013072,0.307554681691013,0.512077657627073,0.438374741794181,0.358154476912883,-0.148458124155018,0.621295595914193,0.20670172489476,0.748280239146904,0.125935723630065,-0.122774641295861,0.904170811528662,0.0437495169839242,0.948424106100599,0.0229974160883855,-0.025683482859157
697.9622174882519,249.6732727272728,0.8941715955734253,Unknown,5.4977327512871925,5.429440155824939,5.72302315585231,5.024846044239087,0.0682925954622533,0.4728867070481053,0.404594111585852,0.8953800559134784,0.0479925835098536,0.3433521762244393,0.4642601956288257,0.46291028908332,0.3345031660686715,0.9958036908894162,0.0018262683699224,0.9594490591941168,0.0179780786650326,0.8971514435284977,0.0471342397461038,ID883,FT0883,247.787287695902,698.511494092914,"PE(16:1(9Z)/P-18:1(11Z));PE(16:1(9Z)/P-18:1(9Z));PE(18:2(9Z,",,698.509838175067,698.514069835764,244.230391269484,250.368094090332,11.0,890;2298;3810;5019;6093;7087;8233;9461;10701;11885;13143,78.95821;140.0112;196.0374;251.2015;252.4433;253.2166;254.2218;255.2331;265.2546;277.2173;278.2205;279.2321;281.2478;307.2633;401.2459;416.2555;418.272;434.2649;436.2814;444.2859;462.2973;696.3613;698.5133|1080;3339;4265;592;862;341940;410;664;2558;619;420;42156;33169;610;971;1019;1481;2619;3979;11156;25702;704;285722,1.0,-0.0257303069881895,-0.007944415124354,-0.019825534308181,-0.0049866838376711,0.0254785704035688,-0.0174755672991658,5.9337855578654,3.0,0.944444444444444,5.62782571605258,3.0,0.928921568627451,5.75364305560088,3.0,0.938725490196078,0.0916607511606922,1.03781658802941,0.189463717605348,0.722473945339451,0.305959841812816,0.264503850150914,0.577568001938335,0.472663684885065,0.325447763594858,0.180142502264514,0.26927355715363,0.56980629250796,0.469640803182765,0.328234177886296,0.125817339548303
698.3865957334376,51.358818181818194,0.9860934615135192,Unknown,5.161002104629042,4.7738611440060685,5.557437065321234,5.512377508523304,0.3871409606229736,-0.351375403894262,-0.7385163645172357,0.6778066351813781,0.1688941840844262,0.2815944338179537,0.5503759339973948,0.4470298569216608,0.3496634695676286,0.9540186223508544,0.0204431478270567,0.9594490591941168,0.0179780786650326,0.8906584929769418,0.0502887864752479,ID882,FT0882,51.9692200047967,698.511595305774,"PE(16:1(9Z)/P-18:1(11Z));PE(16:1(9Z)/P-18:1(9Z));PE(18:2(9Z,",,698.510507483308,698.51371698344,51.6298414740159,52.6185562236064,11.0,891;2299;3811;5020;6094;7088;8234;9462;10702;11884;13144,78.95802;140.011;196.0374;251.2013;252.4421;253.2175;254.2207;255.2321;265.2524;277.2165;278.2225;279.2323;281.2479;307.2627;401.2479;416.2555;418.2724;434.2659;436.2814;444.287;462.2971;536.5072;696.3577;698.5137|1520;4420;5884;1009;1279;443915;615;921;3089;1349;1080;53164;43549;720;841;1143;1738;2957;4855;16106;34162;1716;1005;391371,1.0,-0.0159127540752974,0.0043514830355109,-0.0141627011404105,-0.0054118267569693,-0.0011210467224776,-0.0126761362572518,5.64146450938439,3.0,0.895424836601307,5.44892709387146,3.0,0.897058823529412,5.59073582380991,3.0,0.906862745098039,0.167405535595857,0.776230185297438,0.280485876492781,0.552089002199894,0.192537415512935,0.66795108449101,0.175255340688343,0.781108335009816,0.10728872792285,0.0507286855744766,0.132766619850547,0.876911101451077,0.285864659346105,0.543839531944094,0.141808729938458
698.5551506129563,105.1392,0.8691250085830688,GlcCer(d18:1/16:0); Galactosylceramide (d18:1/16:0),4.895568808867116,4.609338665285789,4.695026594193084,4.749098364901562,0.286230143581327,0.1464704439655539,-0.139759699615773,0.3369286907348738,0.4724620056490224,0.4979822410733097,0.3027861446727865,0.6154761039304626,0.2107888040366454,0.916331590195946,0.0379473410337079,0.9594490591941168,0.0179780786650326,0.8994679735769128,0.0460142955162495,ID884,FT0884,104.490316860569,698.554838588676,Glucosylceramide (d18:1/16:0);Galactosylceramide (d18:1/16:0,,698.553022244517,698.557196572937,102.306287021649,105.887323914341,10.0,892;2300;3812;5021;6095;7089;8235;9463;11886;13145,59.01426;71.01438;89.02465;101.0242;113.0229;119.0342;179.0552;237.2215;253.2163;254.25;255.2319;279.2342;280.2623;281.2468;462.2988;536.5039;698.555|2174;674;2659;815;692;1710;445;484;14937;397;796;2181;1617;1754;946;10007;16969,1.0,-0.0366669710571946,-0.0394572831151353,-0.0505147692732678,-0.0081646834144503,0.0036472848284778,0.0122050612499015,4.99900514920331,3.0,0.707516339869281,4.59568583486284,3.0,0.595588235294118,4.54989425287354,2.0,0.492647058823529,0.0753985807703061,1.12263682879104,0.162844690604449,0.788226396624926,0.40331931434047,0.226072440386426,0.645752377582174,0.440874544478031,0.355684976047515,0.449110896329768,0.874020188198083,0.0584785358761591,0.932758810220546,0.030230640210374,-0.045791581989298
702.0731293859385,251.37781818181816,0.9110069870948792,Unknown,4.818644409058972,5.542367052701732,5.014787587570041,5.223314776662495,-0.7237226436427591,-0.4046703676035221,0.3190522760392369,0.2075564957707006,0.6828636702198113,0.5225839934112592,0.2818438967128368,0.5383532535571784,0.2689326579288844,0.9029448569380816,0.0443387713462468,0.9594490591941168,0.0179780786650326,0.8994679735769128,0.0460142955162495,ID892,FT0892,250.875346915169,702.537279249554,PC(15:0/P-16:0);PE(16:0/P-18:0);PE(18:0/P-16:0),,702.533854272456,702.540069230382,248.516098046425,253.195744272116,11.0,900;2306;3819;5027;6101;7097;8243;9471;10710;11895;13153,,0.0,-0.0056350015089153,-0.0093878079573497,-0.020162121323021,0.0093289168002116,0.0127844485262454,-0.0073564081270473,5.06836476696698,3.0,0.72875816993464,5.04048540961296,3.0,0.781862745098039,5.00932490465866,3.0,0.733660130718954,0.768790968807448,0.114191727082654,0.817943143601702,0.0872768837103698,0.0278793573540188,0.586551996931656,0.231693482304572,0.717160741187693,0.144383492607087,0.059039862308321,0.703331990117555,0.152839628832052,0.822738201037596,0.0847383372450838,-0.0311605049543022
704.0831370119267,411.2935454545455,0.9549449682235718,Unknown,4.847967025383615,4.723144429088875,4.913649990576118,4.997276551832687,0.1248225962947398,-0.1493095264490715,-0.2741321227438114,0.6615015710825906,0.1794691200151205,0.12750798276151,0.8944626249496455,0.3774195020287286,0.4231756627173574,0.9466244381257992,0.0238222879451597,0.9594490591941168,0.0179780786650326,0.8807334056974399,0.0551555308114101,ID895,FT0895,410.938379562958,705.087074819997,Cefpimizole,,705.082125766713,705.089433962535,409.638814024915,412.031252283315,11.0,904;2313;3824;5029;6104;7099;8246;9474;10713;11898;13157,,0.0,-0.0007492831937923,0.0093699899112579,-0.0258886692535913,-0.0073487768438828,-0.0215830113070501,0.0041222786967328,4.30297257597168,3.0,0.279411764705882,4.32211824213531,3.0,0.433006535947712,4.40848813103299,3.0,0.400326797385621,0.815831027734381,0.0883997815911476,0.855662359515659,0.0676975721525705,-0.0191456661636309,0.304937695791541,0.515788885695834,0.507389444237164,0.294658572110815,-0.105515555061309,0.427089803548167,0.369480796907586,0.613055105462129,0.212500486456284,0.0863698888976785
709.594576360063,283.3449090909091,0.9338915944099426,"DG(22:0/18:1(12Z)-2OH(9,10)/0:0); DG(18:1(12Z)-2OH(9,10)/22:0/0:0); DG(22:0/0:0/18:1(12Z)-2OH(9,10)); DG(18:1(12Z)-2OH(9,10)/0:0/22:0); DG(i-22:0/18:1(12Z)-2OH(9,10)/0:0); DG(18:1(12Z)-2OH(9,10)/i-22:0/0:0); DG(i-22:0/0:0/18:1(12Z)-2OH(9,10)); DG(18:1(12Z)-2OH(9,10)/0:0/i-22:0)",4.373800487199962,3.693461196295188,4.113337531917616,3.966981181043367,0.6803392909047745,0.4068193061565952,-0.2735199847481793,0.0739388523200594,1.131127294835856,0.0683725218803432,1.1651184011074476,0.3483924123562294,0.4579313120676575,0.9029448569380816,0.0443387713462468,0.9594490591941168,0.0179780786650326,0.8655999289281896,0.0626827878961198,ID897,FT0897,281.743906736188,709.503785757875,SM(d18:1/14:0),,709.500716793004,709.507452594602,278.892096622368,282.806887239961,11.0,908;2316;3827;5031;6106;7100;8248;9475;10715;11901;13159,78.95919;168.043;657.4995;659.5142;673.4849;709.5039|495;2665;917;23789;276;1958,1.0,-0.0222155713234564,-0.0098786043071423,-0.0172849249512975,-0.0089231653505957,0.0318039230268696,-0.0049177830007013,4.51118014711028,3.0,0.434640522875817,4.24608231765197,3.0,0.399509803921569,4.33275651315724,3.0,0.353758169934641,0.123403076300174,0.908674013693884,0.223238948555052,0.651230031657143,0.26509782945831,0.26708255328049,0.573354480610162,0.475652971024989,0.322709786217286,0.178423633953035,0.414628697427775,0.382340642658906,0.602579937606741,0.219985331892217,0.0866741955052754
712.0685821768449,374.6509,0.8653889298439026,Unknown,4.305321838734987,4.259571531755982,4.172526494065938,4.511854994244481,0.0457503069790057,-0.2065331555094935,-0.2522834624884993,0.7157770485048051,0.1452222314384996,0.0436159462512059,1.3603547010347787,0.1144077246801253,0.9415446514809782,0.959917187136518,0.0177662322947743,0.9594490591941168,0.0179780786650326,0.8328109251977478,0.0794535861848719,ID898,FT0898,374.130208369494,711.867674836054,,,711.866603158094,711.873681996624,372.714076296512,375.24858177186,11.0,909;2317;3828;5032;6107;7101;8249;9476;10716;11902;13160,59.01403;124.0065;156.9905;221.9843;254.9687;319.962;352.9454;417.9377;515.9155|479;16262;4482;20552;348;2269;521;5518;1942,1.0,-0.0211985104651089,0.0444498275913229,-0.0048162698079016,0.0091261694381419,-0.000207163848341,-0.002741425204598,4.35346016302054,3.0,0.319444444444444,4.03720064142659,3.0,0.234477124183007,4.53196696578365,3.0,0.481209150326797,0.0251908105518605,1.59875785820507,0.0755724316555815,1.1216366034854,0.316259521593944,0.0502563131139951,1.29880937513419,0.205981667434303,0.686171430535758,-0.178506802763113,0.0023919890378009,2.62124081499861,0.0219799307646752,1.6579736799092,0.494766324357057
713.1776842212431,401.2720909090909,0.9296458959579468,Scleroglucan,5.08694072885707,4.192703208804507,4.324142944104798,5.974721311680636,0.8942375200525632,-0.8877805828235656,-1.7820181028761288,0.4759808906016211,0.3224104827266917,0.5969747195110499,0.2240440598410142,0.2621672732054973,0.5814215229943206,0.9241583043832848,0.0342536296116762,0.9594490591941168,0.0179780786650326,0.9145333796109544,0.0388004385568518,ID899,FT0899,397.262195674582,712.829148795368,,,712.82801931578,712.835186759949,396.324845771143,398.089818984634,11.0,910;2318;3830;5033;6108;7102;8250;9477;10718;11904;13161,,0.0,0.0030312465988039,0.0029726305483379,-0.0106179436353004,0.0048140922237652,-0.0121640573835006,-0.000168054539225,4.31256656365944,3.0,0.286764705882353,4.37005657731453,3.0,0.464869281045752,4.37091864955709,3.0,0.378267973856209,0.292339370678737,0.534112692281605,0.423206092571023,0.373448088725872,-0.05749001365509,0.272012262801356,0.565411516749205,0.479162355471468,0.319517308843298,-0.0583520858976527,0.983554591484602,0.0072015298752595,0.989573870656027,0.0045517806179412,0.0008620722425627
714.3237571356482,53.10536363636365,0.966030776500702,Unknown,5.845928695064014,5.268413390507273,5.724478884244231,5.878504822550492,0.5775153045567407,-0.0325761274864779,-0.6100914320432187,0.2913078038567705,0.5356478808837084,0.3045077196111491,0.5164016930408653,0.2722119200045881,0.5650928612088382,0.9116684525285336,0.0401630733125223,0.9594490591941168,0.0179780786650326,0.8906584929769418,0.0502887864752479,ID902,FT0902,53.3638463009045,714.507137424273,"PE(16:0/18:2(9Z,12Z));PE(14:0/20:2(11Z,14Z));PE(14:1(9Z)/20:",+,714.505161089864,714.509039130024,51.9518698063856,55.3314471595336,11.0,913;2321;3833;5035;6109;7103;8253;9480;10720;11906;13163,78.95906;140.011;196.0376;251.202;252.444;253.2177;254.2199;255.2323;267.2317;279.2324;280.2362;280.3886;281.2484;432.2516;450.2616;452.2756;460.283;478.2921;712.3034;714.5088|2273;14118;11901;2905;2244;620020;2888;18801;721;51694;2347;900;371356;4990;11628;2661;6563;24238;2142;739365,1.0,-0.043361315250256,0.0247757323850604,-0.0071635203574022,-0.0048643641137712,0.0087557885020386,-0.0088079344136939,6.08694311650308,3.0,0.966503267973856,5.48628064000461,3.0,0.906862745098039,5.9690436426267,3.0,0.958333333333333,0.0080845107276472,2.09234625834418,0.0317590905426203,1.49813194257922,0.600662476498472,0.355438483050997,0.449235553255783,0.537705199155324,0.269455764241587,0.117899473876379,0.0045357720347344,2.34334878095483,0.0333699329849371,1.47664466551486,0.482763002622092
715.1570228783892,398.8217272727272,0.955764889717102,Unknown,6.146564497728808,5.646704322557995,7.102567044870906,4.881188876368525,0.4998601751708129,1.265375621360283,0.76551544618947,0.7617736755783715,0.1181740392211295,0.4376176680609983,0.3589051524275953,0.6730121516094557,0.1719770942763358,0.9729310862067414,0.0119179202044766,0.9636174359089608,0.0160953503813109,0.8994679735769128,0.0460142955162495,ID903,FT0903,396.81240566878,715.038752506744,"[2,6-dihydroxy-4-({[5-hydroxy-2-(hydroxymethyl)-4,6-bis(3,4,",,715.037580224122,715.040371480183,396.324845771143,397.802029049989,11.0,914;2322;3834;5037;6111;7105;8254;9481;10722;11908;13165,59.01421;140.5893;141.0173;141.6171;142.0195;222.3387;223.0202;224.0232;304.0878;305.0233;306.0253;385.8359;387.0265;388.0279;388.1349;467.5864;469.0292;470.0312;549.3368;551.0327;552.0342;633.0353;634.0408;715.0401;797.0446;879.0495|222835;10525;5237138;1793;2718;4488;1599164;1361;6406;2810875;3927;5513;2438365;4199;1121;2443;867888;1714;2024;729467;1353;187408;528;74680;2416;876,1.0,0.0010972272258709,2.53145322936756e-05,-0.0111514639609989,0.0023601288423392,-0.0073655693458052,-0.0005485020407368,7.10661531192516,3.0,0.994281045751634,7.14022962190448,3.0,0.993464052287582,7.13477082959472,3.0,0.993464052287582,0.279478385645832,0.553651774030589,0.411017723633174,0.386139450362067,-0.0336143099793214,0.439516780777114,0.357024538884233,0.59992799003249,0.221900875296945,-0.0281555176695623,0.888742789375409,0.0512239098033016,0.942875304728275,0.0255457389161565,-0.0054587923097591
715.7619226292019,253.5681818181818,0.9180736541748048,Unknown,5.626489914991706,5.473745201079517,5.687436242038279,4.330639455845109,0.1527447139121891,1.295850459146597,1.1431057452344078,0.6990890981010357,0.1554674703949218,0.2919122718177765,0.534747647147253,0.3387470473371812,0.4701244815957894,0.955025423751189,0.019985066900146,0.9594490591941168,0.0179780786650326,0.8906584929769418,0.0502887864752479,ID905,FT0905,253.234663649036,715.509950829822,DG(18:2n6/0:0/22:5n6);DG(18:2n6/0:0/22:5n3),,715.507448140164,715.511512304485,252.210448479871,254.63916516067,10.0,915;2323;3835;6113;7106;8256;9482;10724;11910;13167,,0.0,-0.0641532615385782,0.0292377278564429,-0.0003331915747745,-0.0203053473628913,0.0365670736549401,-0.0383091918356838,5.69304708269376,3.0,0.908496732026144,4.80719840680287,2.0,0.694444444444444,5.45172940493049,3.0,0.875,0.0478385147452343,1.32022231246367,0.120313720695194,0.919684842465452,0.885848675890887,0.11986310583977,0.921314473247257,0.31408813851289,0.502948464351792,0.241317677763268,0.0985557984939872,1.00631781907748,0.26685525949532,0.573724233192845,0.644530998127618
717.3737760874283,43.38027272727274,0.905888855457306,PGP(a-13:0/a-13:0); PGP(a-13:0/i-13:0); PGP(i-12:0/i-14:0); PGP(i-13:0/a-13:0); PGP(i-13:0/i-13:0); PGP(i-14:0/i-12:0),4.276996504743764,4.134659182325746,3.5360466919469657,3.326109101453261,0.142337322418018,0.9508874032905026,0.8085500808724846,0.8358373886360844,0.0778782059189298,0.1778034100422616,0.7500599140725783,0.2046475510456466,0.6889934480562185,0.99320485298166,0.0029611670695407,0.9594490591941168,0.0179780786650326,0.881195617434593,0.0549276714494428,ID911,FT0911,47.730886036942,717.473399917245,PG(16:1(9Z)/16:1(9Z)),,717.471012552872,717.477820092864,47.5762023415852,49.0762864967128,3.0,6118;10729;13173,78.95846;152.9954;171.0066;209.0208;225.186;226.1874;227.0323;227.2001;251.1994;252.2037;252.4454;253.2184;253.7701;254.0172;254.2195;255.2331;256.2347;279.2322;280.2343;281.2474;282.2498;283.2668;284.2666;361.18;389.2074;407.2186;417.2423;435.2147;453.221;463.2453;481.2564;491.272;509.2857;715.2597;717.4719;718.4793;718.8027;719.1343;719.2906;719.4875|861;17121;602;536;20642;207;531;5012;3336;750;1535;865518;167;430;1779;3653;596;5142;147;21861;834;163;108;251;8438;1744;392;349;206;9329;5858;261;180;1437;708644;815;1597;428;286;286,1.0,0.0229112357766375,0.115482827846116,-0.145770003553467,0.0876069586034648,0.258271924305998,0.0232355743179804,4.22595534096844,0.0,0.234885620915033,4.70472386452482,1.0,0.652777777777778,5.6246275349562,2.0,0.915032679738562,0.373900966300059,0.42724341246482,0.484179615133447,0.314993499118616,-0.478768523556376,0.116246987643016,0.934618292347393,0.31408813851289,0.502948464351792,-1.39867219398776,0.338923339988139,0.46989852240185,0.556291895592347,0.254697267086246,0.919903670431379
717.47186235776,82.93918181818182,0.9346299767494202,PG(16:1(9Z)/16:1(9Z)),5.982258166438752,5.602947226075687,5.6247083028756,5.613099567534099,0.3793109403630641,0.3691585989046526,-0.0101523414584114,0.2411559047169488,0.6177020998851911,0.105889325465542,0.975147818221812,0.9691050615498036,0.0136291381422345,0.9029448569380816,0.0443387713462468,0.995603898594446,0.0019134114459875,0.8655999289281896,0.0626827878961198,ID910,FT0910,83.9640053077786,717.471637766677,PG(16:1(9Z)/16:1(9Z)),,717.469117521379,717.47345723644,81.571516086158,85.152393180956,7.0,922;2329;3842;5043;6119;8261;9488,152.9954;225.1846;227.2012;251.2038;252.4458;253.2175;254.2204;255.2323;256.2372;279.2339;281.2483;282.2513;283.264;284.2673;389.2105;407.221;463.2475;481.2598;715.2628;717.4741|5428;10123;2134;801;661;218012;3079;3144;1327;1882;14006;3592;778;564;3716;597;3493;1824;610;212948,1.0,-0.0850237350929987,-0.160006604493787,-0.0081266998771954,0.0799611173578654,-0.101490899335378,-0.0228005741842558,6.0351979777702,3.0,0.957516339869281,5.11555588105248,2.0,0.810457516339869,4.22595534096844,0.0,0.276960784313726,0.11983813403564,0.921404961863683,0.220436200680238,0.656717082848105,0.919642096717721,0.0001936796287578,3.71291605601452,0.0080677583289481,2.09324711962836,1.80924263680176,0.116510497815305,0.933634942124151,0.273912994266569,0.562387364590118,-0.889600540084035
718.5607347593888,401.0655714285714,0.5442842841148376,Unknown,3.0343018270664146,2.931700824459396,2.883852665373156,3.1120668101916267,0.1026010026070189,-0.077764983125212,-0.180365985732231,0.6180616546695452,0.2089681997539185,0.6359765560755916,0.1965588933997989,0.293757288029324,0.5320113498720173,0.9320665103805438,0.0305530961646408,0.9594490591941168,0.0179780786650326,0.9271385126474756,0.0328553782776072,ID912,FT0912,396.81240566878,718.044911077821,Surugatoxin,,718.042975042396,718.047203078838,396.324845771143,398.628850058476,11.0,923;2330;3843;5044;6120;7112;8262;9489;10730;11916;13174,,0.0,0.0008451350300019,-0.0047649911986647,-0.0130500264832302,0.0064733967066214,-0.0059109812773796,-0.002734749855862,4.83702353592062,3.0,0.638071895424837,4.87647605666555,3.0,0.727124183006536,4.83569772726653,3.0,0.660947712418301,0.298459397316123,0.525114742326719,0.430346797046606,0.366181425021223,-0.0394525207449323,0.973287795118153,0.0117587225776395,0.97977638041894,0.0088730343401512,0.001325808654089,0.397909140600878,0.400216084309438,0.585573728980107,0.232418415581671,-0.0407783293990214
720.9710509029693,48.87581818181818,0.807769775390625,Unknown,5.092760796241878,4.506922571650383,4.608458239285751,4.91675714008876,0.5858382245914955,0.1760036561531182,-0.4098345684383773,0.6182345553238128,0.2088467243341147,0.821579897403422,0.0853501956931225,0.7549260081950839,0.1220956123539903,0.9320665103805438,0.0305530961646408,0.9690771835419328,0.0136416315648898,0.9590639928757037,0.0181524138662645,ID917,FT0917,49.3518863154888,720.491823509115,"PE(16:1(9Z)/P-18:1(11Z));PE(16:1(9Z)/P-18:1(9Z));PE(18:2(9Z,",,720.488212135003,720.494117677947,47.730886036942,50.4669081296197,11.0,929;2337;3852;5049;6125;7115;8268;9495;10734;11919;13179,253.2134;254.2236;255.2291;256.2366;257.2281;277.2189;281.2494;301.2169;303.2293;436.2797;720.4908|87;60;60;60;36;36;60;387;110;48;966,1.0,-0.0063530882294416,0.027454632907444,-0.0116212274133694,-0.0030955189983823,0.0549851178903318,-0.019367397583888,5.20697523897905,3.0,0.781862745098039,5.10640037525369,3.0,0.80718954248366,5.42849878294135,3.0,0.866830065359477,0.388800986959617,0.410272641300878,0.500779001405159,0.300353890191126,0.100574863725361,0.180895799329941,0.742571517988216,0.383542017260712,0.416187051884744,-0.221523543962298,0.0508182525223098,1.29398027303154,0.170907494794051,0.767238891777047,0.322098407687658
721.0463656926803,245.16409090909093,0.8687266707420349,Unknown,5.084420264022152,5.1286626871470125,4.81976641825933,4.94424030228642,-0.0442424231248601,0.1401799617357326,0.1844223848605928,0.8878288999700155,0.0516707222378593,0.6398192934520315,0.193942668107148,0.4079549699760237,0.3893877716410115,0.9958036908894162,0.0018262683699224,0.9594490591941168,0.0179780786650326,0.9271385126474756,0.0328553782776072,ID922,FT0922,241.655085303428,722.512368416237,"PE(18:3(6Z,9Z,12Z)/P-18:1(11Z));PE(18:3(6Z,9Z,12Z)/P-18:1(9Z",,722.510238518441,722.513893188987,238.951260355997,246.299243150782,11.0,932;2339;3854;5053;6129;7119;8270;9498;10737;11922;13182,140.0101;196.0377;205.1959;239.2368;259.2426;277.2167;279.2317;301.218;302.2194;303.2325;305.2475;418.2726;434.2673;436.2818;444.2894;462.2997;722.5124|1198;2539;1544;724;7187;30246;1186;1287;1557;104298;7640;5704;732;17331;1153;4004;136412,1.0,-0.0119929658524521,-0.0205825949100746,-0.0255219501222886,-0.00523162948148,0.0197179186379843,-0.0227744345718854,5.57830107754465,3.0,0.88562091503268,5.48107017398327,3.0,0.905228758169935,5.42312062411025,3.0,0.866013071895425,0.505608174770228,0.296185912912182,0.609139275039765,0.215283397899415,0.0972309035613854,0.334920427483145,0.475058363141958,0.534456904094636,0.272087308356918,0.155180453434408,0.55612211982561,0.2548298304632,0.717914285217353,0.143927404893193,-0.0579495498730225
721.48413239317,410.193875,0.6140897870063782,"PA(16:0/22:5(4Z,7Z,10Z,13Z,16Z)); PA(16:0/22:5(7Z,10Z,13Z,16Z,19Z)); PA(16:1(9Z)/22:4(7Z,10Z,13Z,16Z)); PA(18:0/20:5(5Z,8Z,11Z,14Z,17Z)); PA(18:1(11Z)/20:4(5Z,8Z,11Z,14Z)); PA(18:1(11Z)/20:4(8Z,11Z,14Z,17Z)); PA(18:1(9Z)/20:4(5Z,8Z,11Z,14Z)); PA(18:1(9Z)/20:4(8Z,11Z,14Z,17Z)); PA(18:2(9Z,12Z)/20:3(5Z,8Z,11Z)); PA(18:4(6Z,9Z,12Z,15Z)/20:1(11Z)); PA(20:1(11Z)/18:4(6Z,9Z,12Z,15Z)); PA(20:3(5Z,8Z,11Z)/18:2(9Z,12Z)); PA(20:4(5Z,8Z,11Z,14Z)/18:1(11Z)); PA(20:4(5Z,8Z,11Z,14Z)/18:1(9Z)); PA(20:4(8Z,11Z,14Z,17Z)/18:1(11Z)); PA(20:4(8Z,11Z,14Z,17Z)/18:1(9Z)); PA(22:4(7Z,10Z,13Z,16Z)/16:1(9Z)); PA(22:5(4Z,7Z,10Z,13Z,16Z)/16:0); PA(22:5(7Z,10Z,13Z,16Z,19Z)/16:0); PA(20:3(8Z,11Z,14Z)/18:2(9Z,12Z)); PA(18:2(9Z,12Z)/20:3(8Z,11Z,14Z)); PA(18:3(6Z,9Z,12Z)/20:2(11Z,14Z)); PA(18:3(9Z,12Z,15Z)/20:2(11Z,14Z)); PA(20:2(11Z,14Z)/18:3(6Z,9Z,12Z)); PA(20:2(11Z,14Z)/18:3(9Z,12Z,15Z)); PA(20:5(5Z,8Z,11Z,14Z,17Z)/18:0)",4.235978277379719,3.561300785322841,3.611991208263779,3.3146086534974253,0.6746774920568774,0.9213696238822932,0.2466921318254158,0.0028142224495294,2.5506415768427,0.0844613195270904,1.0733421379376604,0.4989309750152775,0.3019595330208786,0.5653457571508695,0.2476858628081998,0.9594490591941168,0.0179780786650326,0.8655999289281896,0.0626827878961198,ID920,FT0920,412.479083533109,722.143341976594,,,722.140270340202,722.147207940531,411.446626268058,413.379040240199,6.0,931;2338;3853;10736;11921;13181,,0.0,-0.0209091727918071,0.0198783787994572,0.0069667373661686,-0.0240450057809631,0.0217272748329069,0.0304604124962129,4.19993304859259,3.0,0.212418300653595,3.86178958191965,0.0,0.138888888888889,4.17202170802489,3.0,0.223039215686275,1.7971750856751e-06,5.74540961068263,9.63430331625894e-05,4.01617968493627,0.338143466672937,0.08141900757275,1.08927419559829,0.273320331450895,0.563328061287534,0.0279113405676954,4.3775345408509e-06,5.35877041843886,0.0002343888643924,3.63006302511047,0.310232126105242
722.1449095775342,50.876000000000005,0.964227855205536,Unknown,5.054151000995053,4.922018620030188,5.223805744279884,5.082952765668678,0.1321323809648653,-0.0288017646736253,-0.1609341456384907,0.6957126621980012,0.157570092268802,0.6167053507176266,0.2099222834902536,0.6365307046447874,0.196180642228433,0.955025423751189,0.019985066900146,0.9594490591941168,0.0179780786650326,0.918812186108766,0.0367732534370716,ID921,FT0921,50.6233622139246,722.511664309746,"PE(18:3(6Z,9Z,12Z)/P-18:1(11Z));PE(18:3(6Z,9Z,12Z)/P-18:1(9Z",,722.509383250677,722.512946008075,49.3575750171321,52.3413958007816,11.0,933;2340;3855;5054;6130;7120;8271;9499;10738;11923;13183,140.0104;196.0367;205.1965;227.1992;259.2421;277.2164;279.2311;301.2161;302.2218;303.2325;305.2472;418.2721;436.283;444.288;462.2966;648.503;722.5125|385;499;416;437;2191;9758;505;553;349;29912;2389;1596;5238;377;1111;228;43841,1.0,-0.0020097639645133,-0.0020186600448985,-0.016563409099151,0.0016593767791629,-0.0109093194973813,-0.0223851020450846,5.17770752016012,3.0,0.769607843137255,5.18846645943671,3.0,0.830882352941177,5.18955244911198,3.0,0.793300653594771,0.885123311066366,0.0529962212963965,0.912427886214943,0.0398014500019219,-0.0107589392765819,0.879542987764235,0.0557429294952569,0.924706639877455,0.033996023898429,-0.011844928951855,0.985716262917314,0.0062480781447514,0.989957727043464,0.0043833501536931,0.001085989675273
722.5436242804298,413.3531,0.8295570611953735,Unknown,4.036313621559163,3.4659156406482627,3.0291700247074447,3.9574670954364577,0.5703979809109003,0.0788465261227053,-0.4915514547881949,0.1165828886369796,0.9333651881351326,0.408478428918369,0.3888308729114345,0.1371952534963559,0.8626609135272191,0.9029448569380816,0.0443387713462468,0.9594490591941168,0.0179780786650326,0.8994679735769128,0.0460142955162495,ID920,FT0920,412.479083533109,722.143341976594,,,722.140270340202,722.147207940531,411.446626268058,413.379040240199,6.0,931;2338;3853;10736;11921;13181,,0.0,-0.0209091727918071,0.0198783787994572,0.0069667373661686,-0.0240450057809631,0.0217272748329069,0.0304604124962129,4.19993304859259,3.0,0.212418300653595,3.86178958191965,0.0,0.138888888888889,4.17202170802489,3.0,0.223039215686275,1.7971750856751e-06,5.74540961068263,9.63430331625894e-05,4.01617968493627,0.338143466672937,0.08141900757275,1.08927419559829,0.273320331450895,0.563328061287534,0.0279113405676954,4.3775345408509e-06,5.35877041843886,0.0002343888643924,3.63006302511047,0.310232126105242
722.7111256451757,242.7711111111111,0.7016230225563049,Unknown,5.264898092884585,5.31699829823111,5.463532980604396,4.457467147436584,-0.0521002053465249,0.8074309454480009,0.8595311507945258,0.8769542952252192,0.0570230404409434,0.3801940813166742,0.4199946483109654,0.3590766732105472,0.4448128071406889,0.9958036908894162,0.0018262683699224,0.9594490591941168,0.0179780786650326,0.8971514435284977,0.0471342397461038,ID922,FT0922,241.655085303428,722.512368416237,"PE(18:3(6Z,9Z,12Z)/P-18:1(11Z));PE(18:3(6Z,9Z,12Z)/P-18:1(9Z",,722.510238518441,722.513893188987,238.951260355997,246.299243150782,11.0,932;2339;3854;5053;6129;7119;8270;9498;10737;11922;13182,140.0101;196.0377;205.1959;239.2368;259.2426;277.2167;279.2317;301.218;302.2194;303.2325;305.2475;418.2726;434.2673;436.2818;444.2894;462.2997;722.5124|1198;2539;1544;724;7187;30246;1186;1287;1557;104298;7640;5704;732;17331;1153;4004;136412,1.0,-0.0119929658524521,-0.0205825949100746,-0.0255219501222886,-0.00523162948148,0.0197179186379843,-0.0227744345718854,5.57830107754465,3.0,0.88562091503268,5.48107017398327,3.0,0.905228758169935,5.42312062411025,3.0,0.866013071895425,0.505608174770228,0.296185912912182,0.609139275039765,0.215283397899415,0.0972309035613854,0.334920427483145,0.475058363141958,0.534456904094636,0.272087308356918,0.155180453434408,0.55612211982561,0.2548298304632,0.717914285217353,0.143927404893193,-0.0579495498730225
725.0771062953537,245.6519090909092,0.8344603180885315,Unknown,5.631333421401116,5.68827984167541,5.669486859222981,5.496366616065596,-0.0569464202742935,0.1349668053355204,0.1919132256098139,0.7657023322277642,0.1159400301006469,0.4728824022878867,0.325246847396009,0.1864438037620505,0.7294520453231378,0.9729310862067414,0.0119179202044766,0.9594490591941168,0.0179780786650326,0.8994679735769128,0.0460142955162495,ID929,FT0929,245.608049317816,726.542994500738,PE(18:1(11Z)/P-18:1(11Z));PE(18:1(11Z)/P-18:1(9Z));PE(18:1(9,,726.541312992122,726.544499855325,242.909743332741,248.991803935192,11.0,941;2347;3860;5061;6135;7127;8279;9506;10744;11931;13189,78.95884;140.0112;196.0374;253.2182;265.2531;279.2328;280.2369;280.3871;281.2487;282.2509;305.2472;306.2502;307.2635;309.2808;401.2465;418.2717;436.2821;437.2842;438.2962;444.2886;462.2979;464.3106;724.3012;726.5451;727.5481|1603;4045;4185;1654;2594;13899;2405;1569;481354;898;10961;7556;36769;1791;1030;1317;3752;396;998;14310;34571;952;1229;441792;443,1.0,-0.0117191200597823,-0.0114359055391457,-0.0244263002521169,0.0001386668336346,0.0206027027081244,-0.0187393802799974,5.9625420459128,3.0,0.949346405228758,5.86091707225796,3.0,0.955882352941177,5.86701690119028,3.0,0.950980392156863,0.469300672700219,0.32854882326506,0.577581868115023,0.238386448923862,0.101624973654844,0.503811923136467,0.297731558769026,0.65230954249609,0.185546268230413,0.0955251447225187,0.949486500008303,0.0225112057701231,0.97368255317196,0.0115826117838052,0.0060998289323253
726.0846116273265,246.9910909090909,0.8990184664726257,Unknown,5.733419336157283,5.801104151847515,5.370208463325376,5.531851878678893,-0.0676848156902316,0.2015674574783901,0.2692522731686217,0.7531547531232685,0.1231157787498249,0.3309805426070956,0.4801975363957264,0.2586694825080103,0.5872548057641753,0.9729310862067414,0.0119179202044766,0.9594490591941168,0.0179780786650326,0.8971514435284977,0.0471342397461038,ID929,FT0929,245.608049317816,726.542994500738,PE(18:1(11Z)/P-18:1(11Z));PE(18:1(11Z)/P-18:1(9Z));PE(18:1(9,,726.541312992122,726.544499855325,242.909743332741,248.991803935192,11.0,941;2347;3860;5061;6135;7127;8279;9506;10744;11931;13189,78.95884;140.0112;196.0374;253.2182;265.2531;279.2328;280.2369;280.3871;281.2487;282.2509;305.2472;306.2502;307.2635;309.2808;401.2465;418.2717;436.2821;437.2842;438.2962;444.2886;462.2979;464.3106;724.3012;726.5451;727.5481|1603;4045;4185;1654;2594;13899;2405;1569;481354;898;10961;7556;36769;1791;1030;1317;3752;396;998;14310;34571;952;1229;441792;443,1.0,-0.0117191200597823,-0.0114359055391457,-0.0244263002521169,0.0001386668336346,0.0206027027081244,-0.0187393802799974,5.9625420459128,3.0,0.949346405228758,5.86091707225796,3.0,0.955882352941177,5.86701690119028,3.0,0.950980392156863,0.469300672700219,0.32854882326506,0.577581868115023,0.238386448923862,0.101624973654844,0.503811923136467,0.297731558769026,0.65230954249609,0.185546268230413,0.0955251447225187,0.949486500008303,0.0225112057701231,0.97368255317196,0.0115826117838052,0.0060998289323253
726.1393541310432,472.7333,0.8563993573188782,Unknown,4.056651655532941,3.9564924943993343,4.120187888052069,4.06800493921418,0.100159161133607,-0.0113532836812382,-0.1115124448148452,0.7362101131029124,0.1329982210721511,0.9682399686363572,0.0140169937877292,0.3212656606707162,0.493135692681348,0.9679356849794408,0.0141534986693739,0.9594490591941168,0.0179780786650326,0.995044634118366,0.0021574379311103,ID928,FT0928,471.263385788712,726.030863797951,,,726.02907462198,726.036714133548,470.117326199549,471.857517114207,10.0,940;2345;3859;5060;6134;8278;9505;10743;11930;13188,198.9184;240.9283;282.0393;312.9483;384.9827;401.9953;424.9758;444.0033;495.0174;585.0507;606.0727;628.0545;726.0306|420;652;635;336;465;3472;1968;1671;1467;2595;2859;33822;962,1.0,-0.0402590257302741,0.0008596964549953,-0.0078209866392302,0.0133708595027011,-0.0131814279427186,0.0082702695159368,4.40398195821327,3.0,0.352941176470588,3.87358717433639,2.0,0.145424836601307,4.11669659374716,3.0,0.196895424836601,0.0105555461978102,1.9765192891628,0.0389519082084838,1.40947126189089,0.530394783876881,0.0016701050188761,2.77725621886176,0.0245992302047171,1.6090784832655,0.287285364466107,0.114633041567675,0.940690184268775,0.273912994266569,0.562387364590118,0.243109419410774
726.35729113546,51.73500000000001,0.9596988558769226,Unknown,5.285652319510695,4.923518405424821,5.4698886793103245,5.355983328419028,0.3621339140858737,-0.0703310089083331,-0.4324649229942068,0.554414766664144,0.2561652109443234,0.1688723462331205,0.7724414626945179,0.4889943971685205,0.3106961169351417,0.9241583043832848,0.0342536296116762,0.9594490591941168,0.0179780786650326,0.881195617434593,0.0549276714494428,ID930,FT0930,51.8224918782105,726.542064697521,Phosphatidylethanolamine alkyl 18;PE(18:1(11Z)/P-18:1(11Z));,,726.541561018806,726.545193785607,50.6577245882418,52.6185562236064,9.0,942;5062;6136;7128;8280;9507;10745;11932;13190,78.95862;140.0112;196.0377;253.2181;265.2541;279.2319;280.2331;280.3875;281.248;282.255;291.2308;305.2487;306.2518;307.2639;309.2774;418.273;436.2808;438.2944;444.2868;462.2969;464.3104;724.2958;726.5444|368;1576;1696;1059;924;5593;1376;755;183778;259;407;4883;2798;13436;464;316;1340;388;6275;13043;333;429;174331,1.0,0.0632739267497628,0.0566980486075977,-0.0065381685327386,0.0986570250883215,-0.0764062034348375,-0.0145916769209102,4.61751634849791,1.0,0.5,5.48481149854939,3.0,0.906045751633987,5.44270994920837,3.0,0.872549019607843,0.0922714100585477,1.0349328426058,0.190072784761015,0.721080062378358,-0.867295150051476,0.104177449369018,0.982226279832109,0.307692808894314,0.511882653554338,-0.825193600710463,0.505480936530188,0.296295218541549,0.678821925121668,0.168244138944845,-0.0421015493410124
729.4699104469132,299.71027272727275,0.9658024907112122,"PA(16:0/20:3(8Z,11Z,14Z)-2OH(5,6)); PA(20:3(8Z,11Z,14Z)-2OH(5,6)/16:0); PA(18:2(9Z,11Z)/18:1(12Z)-2OH(9,10)); PA(18:1(12Z)-2OH(9,10)/18:2(9Z,11Z)); PA(18:2(9Z,12Z)/18:1(12Z)-2OH(9,10)); PA(18:1(12Z)-2OH(9,10)/18:2(9Z,12Z)); PA(P-16:0/PGF2alpha); PA(PGF2alpha/P-16:0); PA(P-16:0/PGE1); PA(PGE1/P-16:0); PA(P-16:0/PGD1); PA(PGD1/P-16:0); PA(i-16:0/20:3(8Z,11Z,14Z)-2OH(5,6)); PA(20:3(8Z,11Z,14Z)-2OH(5,6)/i-16:0)",4.515847846818032,4.091299679377388,4.385471075116696,4.212477850942887,0.4245481674406433,0.303369995875145,-0.1211781715654982,0.0871189404156549,1.059887415327954,0.1049985729449203,0.9788166034668055,0.4984385227369988,0.3023883998047914,0.9029448569380816,0.0443387713462468,0.9594490591941168,0.0179780786650326,0.8655999289281896,0.0626827878961198,ID934,FT0934,298.835839560484,729.47017065647,PG(a-13:0/i-18:0);PG(i-12:0/i-19:0);PG(i-13:0/i-18:0),,729.468587953472,729.472098622351,296.89760995065,300.393664565725,8.0,945;2352;3863;6139;8283;9510;10749;13193,78.95971;136.965;152.9952;253.2175;255.2326;281.2481;389.2081;391.2252;417.2394;435.2511;671.4676;729.4761|183;865;1136;1653;467;3720;742;271;2137;583;1891;13069,1.0,-0.043508792319487,-0.0156498035561059,-0.0218762073737235,0.0257622120849723,0.0276548683165855,-0.0269339014034191,4.59064580918292,3.0,0.483660130718954,4.0658884565661,1.0,0.254901960784314,4.22447962889358,2.0,0.263888888888889,0.0294900354744088,1.53032470502261,0.0848720398940522,1.0712353594578,0.524757352616817,0.119421988703405,0.922915700900651,0.31408813851289,0.502948464351792,0.366166180289334,0.421319302656525,0.375388643305674,0.608599701014249,0.215668265332919,0.158591172327482
729.7827293347107,483.8645,0.8251517415046692,Unknown,3.527636803551772,3.7614395598600687,3.393256230781283,3.685268933869304,-0.2338027563082971,-0.1576321303175323,0.0761706259907648,0.5672896748051331,0.2461951209231579,0.7237963677450789,0.1403836006589153,0.7970155981102451,0.0985331790970875,0.9241583043832848,0.0342536296116762,0.9706578929929058,0.0129338096026886,0.9380623813857516,0.0277682799676556,ID937,FT0937,485.218571297333,730.073913122958,,,730.073704386562,730.075841888681,483.292661767475,485.823494624251,4.0,948;2354;3866;10752,78.96152;176.9351;192.0181;210.0269;289.9955;421.0644;519.0425;632.0972|84;366;176;2039;695;1281;84;120,1.0,-0.020716464433372,0.0011804975528325,0.0374713839629317,0.0021204000184665,0.0318148723092874,0.0166963368448164,3.95362483130448,3.0,0.0776143790849673,3.6094950182482,0.0,0.0179738562091503,3.73342925735668,1.0,0.0196078431372549,0.0012447880127189,2.90490460258051,0.0081384781483744,2.0894567982502,0.344129813056286,0.167985638593256,0.774727845335468,0.369204532328591,0.432732976245217,0.220195573947804,0.373900966300059,0.42724341246482,0.561573265987348,0.250593575220363,0.123934239108482
730.818535367644,386.4457272727273,0.931811511516571,Unknown,4.544203422298476,4.189817199608569,4.406932153909933,4.533413887078852,0.3543862226899064,0.0107895352196241,-0.3435966874702822,0.4125342510773175,0.3845399878744128,0.7566833924672164,0.1210857977345542,0.4244026090599884,0.3722219548911659,0.9241583043832848,0.0342536296116762,0.9594490591941168,0.0179780786650326,0.9449021097267672,0.0246131813400168,ID940,FT0940,388.740828429043,731.01185167957,,,731.009550726388,731.013313017652,387.510781594509,390.284721667832,11.0,950;2357;3870;5067;6143;7135;8287;9513;10753;11941;13197,,0.0,-0.0094580439970492,0.0092017650242459,-0.0077856778968601,0.0049345296573018,-0.0017300100538408,0.0024755998165934,4.81642578215986,3.0,0.622549019607843,4.69376471835458,3.0,0.647875816993464,4.82895006649202,3.0,0.657679738562091,0.0872690417867178,1.05913979255655,0.181949146047524,0.740049978372433,0.122661063805285,0.715448702130241,0.145421499822351,0.818569891109244,0.0869442337508441,-0.0125242843321569,0.0408490573329725,1.38881796115879,0.147587770611699,0.830949627444521,0.135185348137442
731.8484468217733,300.08418181818183,0.9609869122505188,Unknown,5.002452028321052,4.495969250257233,4.8096694898774,4.660525527094521,0.5064827780638188,0.3419265012265313,-0.1645562768372874,0.0642009463314006,1.1924585703193658,0.1174989588944398,0.9299659814637596,0.3778140337251341,0.422721914449677,0.8884721566130748,0.051356177784142,0.9594490591941168,0.0179780786650326,0.8736672380768721,0.0586539497285545,ID943,FT0943,299.445813940113,732.483394202084,PS(14:0/18:1(9Z));PS(14:1(9Z)/18:0);PS(16:0/16:1(9Z)),,732.481740011805,732.486847740053,294.992877940503,301.732650285514,11.0,953;2360;3873;5069;6146;7137;8290;9515;10756;11944;13200,78.95917;152.9955;253.2166;255.232;389.2106;391.2248;407.22;409.234;645.4496;732.4851|676;3682;3383;10708;1411;5087;170;2380;9312;15706,1.0,-0.0516061967303447,-0.0002481882059595,-0.0201684599290914,-0.0095752388101626,0.0142752366857423,-0.0008654590927488,5.22327012243325,3.0,0.786764705882353,4.54608689115423,3.0,0.569444444444444,4.89657211314357,3.0,0.696078431372549,0.0107673861882565,1.96788971005279,0.0394913584892457,1.40349792642463,0.677183231279023,0.106304252813911,0.973449360719709,0.311027443329739,0.507201289555655,0.326698009289678,0.0351668078197111,1.45386705190495,0.130878113337604,0.883132974163076,0.350485221989345
732.9196766567103,410.4498181818182,0.9404543042182922,Unknown,4.698606449484095,4.417848621505253,4.560860865372728,4.618636907333285,0.2807578279788423,0.0799695421508097,-0.2007882858280325,0.1700280498889319,0.7694794262270912,0.0931387090984542,1.030869785678606,0.2707096078273165,0.5674963302939935,0.9029448569380816,0.0443387713462468,0.9594490591941168,0.0179780786650326,0.8655999289281896,0.0626827878961198,ID944,FT0944,411.286014459847,733.106448194512,"6-{5-[3-({6-[(acetyloxy)methyl]-3,4,5-trihydroxyoxan-2-yl}ox",,733.096147531453,733.109086184882,409.638814024915,412.031252283315,11.0,955;2361;3875;5070;6147;7138;8291;9516;10757;11945;13201,141.0158;170.043;212.0646;223.023;241.0911;252.0493;294.0636;305.0267;334.0504;376.0721;405.0995;416.0502;569.1049|1360;2193;1284;120;943;323;144;227;815;250;504;440;409,1.0,-0.0395140386480681,0.0289814757416155,-0.0065812779915384,0.0055895025314853,-0.0119354758955015,-0.0063612191138638,4.74985994308532,3.0,0.587418300653595,4.19686380260643,3.0,0.33578431372549,4.68190140056615,3.0,0.575980392156863,0.0025350510955422,2.5960132827652,0.0137993957825217,1.86013992911047,0.552996140478894,0.0496167957980028,1.30437128545233,0.205687331652296,0.686792455815864,0.0679585425191735,0.0045465461393359,2.34231839723978,0.0333699329849371,1.47664466551486,0.48503759795972
735.9373752942636,281.6334545454545,0.9104294180870056,Unknown,4.68363395551222,3.499105631036894,4.433214269608131,4.33130155320666,1.184528324475326,0.35233240230556,-0.8321959221697659,0.1741638910612848,0.7590418811214888,0.6737748590342358,0.1714851981432695,0.420470025719645,0.376264958554642,0.9029448569380816,0.0443387713462468,0.9594490591941168,0.0179780786650326,0.9275028178685516,0.0326847622704327,ID946,FT0946,279.932346434875,735.521743271178,Sphingomyelin d18;PG(a-13:0/i-20:0);PG(i-12:0/a-21:0),,735.517796907893,735.523245734969,278.249527755778,281.509861193531,11.0,957;2364;3878;5071;6148;7139;8293;9519;10759;11948;13203,78.95926;168.0434;661.5173;683.416;685.528;687.543;699.4934;735.5214|750;3464;975;120;32940;339;354;3421,1.0,-0.0221520338844628,-0.0029600083848588,-0.0176983991500342,-0.0064530310435012,0.0219072480257461,-0.0141564234034159,4.81371771721009,3.0,0.618464052287582,4.54716205028847,3.0,0.570261437908497,4.69016562171728,3.0,0.581699346405229,0.0833352810088898,1.07917109578928,0.175881303602973,0.754780324121927,0.266555666921621,0.336965868421878,0.47241408698248,0.537011568672334,0.270016358329421,0.123552095492802,0.138442742524102,0.858729806002538,0.291629387230374,0.535168714685597,0.143003571428819
736.7721934265079,51.987363636363646,0.971322536468506,Unknown,4.44417387227978,4.324914912023477,4.655447964387909,4.68728234385468,0.1192589602563032,-0.2431084715748994,-0.3623674318312027,0.598966072282592,0.2225977770059448,0.1872764769289924,0.7275167692424959,0.1587578953127113,0.7992646672613121,0.9241583043832848,0.0342536296116762,0.9594490591941168,0.0179780786650326,0.881195617434593,0.0549276714494428,ID947,FT0947,51.9633738605396,736.49406174912,"PE(16:1e/8,9-EpETE);PE(16:1e/17,18-EpETE);PE(16:1e/12-HEPE)",+,736.331683645894,736.498108201881,39.8567409448862,53.4711146541306,7.0,958;2365;5072;8294;10760;11949;13204,59.01337;196.0358;199.1705;227.2002;253.2183;254.2183;255.2328;255.2385;277.22;291.231;301.2173;303.2322;450.2573;452.2722;662.4784;673.5007;736.4945|48;36;48;1883;697;133;192;60;36;197;396;937;60;60;1617;359;2033,1.0,-0.0134791668031779,0.110263735823041,0.0178073151533839,0.0687307500583752,-0.0124023730337633,0.102096304721115,4.22855343974595,2.0,0.241013071895425,3.89655678130585,1.0,0.156045751633987,4.79073004083547,3.0,0.636437908496732,0.366034467538977,0.43647801745482,0.484179615133447,0.314993499118616,0.3319966584401,0.142195969036328,0.847112714788337,0.33947179959661,0.469196297343023,-0.562176601089522,0.0016055919256306,2.79436482454081,0.0168804124073055,1.77261694728209,0.894173259529622
737.3394956643452,409.2192727272728,0.9506281614303588,Unknown,3.645777667548362,4.096466587503173,3.991131322884157,4.184128271987849,-0.4506889199548105,-0.5383506044394872,-0.0876616844846767,0.417282706996867,0.379569612919381,0.227739437650918,0.6425617560730541,0.8411642410415645,0.075119198002384,0.9241583043832848,0.0342536296116762,0.9706578929929058,0.0129338096026886,0.8875378462188501,0.0518131187758953,ID948,FT0948,409.684571798857,737.065338626839,,,737.061507142978,737.076444520091,408.197625107425,410.678761059845,8.0,959;2366;3880;8295;9520;10761;11950;13205,,0.0,-0.0248241646294067,0.0476064657224112,-0.0116530113713328,-0.0134807446860743,0.0018881851868939,-0.0261289083591537,4.05317727279636,3.0,0.120098039215686,3.68149983272482,0.0,0.0392156862745098,4.26368545906897,3.0,0.305555555555556,0.0013282708485643,2.87671335867032,0.0085909130689405,2.06596067554839,0.371677440071546,0.0180297737772654,1.74400972241247,0.114167585489516,0.942457183667095,-0.210508186272608,3.29212409538103e-05,4.48252380258387,0.0010976882340884,2.95952099088878,0.582185626344154
739.0679614265329,282.3641818181818,0.927173912525177,Unknown,5.137015513713082,4.731816494773478,5.202048865863576,4.496705903788861,0.4051990189396033,0.6403096099242207,0.2351105909846174,0.5081438796961648,0.2940133008836676,0.4608421361420788,0.3364478189568497,0.7752372154744253,0.1105653870315479,0.9241583043832848,0.0342536296116762,0.970433244293251,0.0130343341882563,0.8994679735769128,0.0460142955162495,ID950,FT0950,280.819040873367,738.538805157621,PC(14:0/P-18:0);PC(16:0/P-16:0);PC(P-16:0/16:0),,738.536534872042,738.54090657575,278.801146256296,281.509861193531,10.0,961;2368;3882;5074;6150;7141;8297;9522;10763;13207,,0.0,-0.0262904368773824,-0.0422218243674823,-0.021892287853273,0.0533250006675914,0.0838954312701169,-0.0295763346240437,5.23582018288553,3.0,0.790032679738562,4.97655612904416,3.0,0.763888888888889,4.83491212658305,2.0,0.660130718954248,0.169423676692473,0.771025897793006,0.28270441601386,0.548667407515178,0.259264053841364,0.299585181138533,0.523479672644571,0.501400169551759,0.299815523518247,0.400908056302474,0.674283046775262,0.171157759475832,0.808723859801368,0.0921997436988139,-0.14164400246111
743.112788247313,50.24118181818182,0.8969331383705139,Unknown,4.1788150595873885,4.613053600341725,5.528170475131379,5.587130530694764,-0.4342385407543361,-1.408315471107375,-0.9740769303530392,0.7294283489150204,0.1370173620283901,0.1698635639624002,0.7698997680826057,0.4125041124889249,0.3845717173629192,0.9653923334164134,0.015296154417438,0.9594490591941168,0.0179780786650326,0.881195617434593,0.0549276714494428,ID955,FT0955,52.4836474400815,742.538111331514,"PC(15:0/18:2(9Z,12Z));PC(18:2(9Z,12Z)/15:0);PE(14:0/22:2(13Z",,742.532975815094,742.539534330011,51.8224918782105,53.9779886617301,11.0,970;2375;3889;5078;6153;7144;8304;9527;10769;11959;13213,78.95886;140.011;196.0373;253.2166;255.2333;277.2165;279.2325;280.2361;280.3889;281.2489;282.2512;283.2634;305.2482;306.2516;307.2633;309.2792;460.2825;478.2918;480.3083;506.3218;740.2461;742.54|715;7160;6305;32405;3329;675;33211;5749;1976;549965;3734;9215;678;867;4507;2788;6443;19760;1938;1085;1665;475259,1.0,-0.0210381105185923,0.0076582023718621,-0.0083160422396061,-0.0044212533019614,0.0063088421103742,6.59680176187756e-05,5.77816628654343,3.0,0.925653594771242,5.49798682668572,3.0,0.909313725490196,5.69798661345231,3.0,0.934640522875817,0.0698498505866831,1.1558345185326,0.154953597826023,0.809798335540551,0.280179459857705,0.527131079394913,0.278081377236385,0.666716293819273,0.176058931061131,0.08017967309112,0.0284844759252627,1.54539176654819,0.115307095072955,0.93814396888717,0.199999786766585
744.065678063348,409.5752727272728,0.9613649845123292,Unknown,5.206152814088186,4.839453200404581,5.122532056548658,5.099544845207823,0.3666996136836049,0.1066079688803629,-0.260091644803242,0.2386859536885006,0.6221731378221799,0.1145050094682552,0.941175513002433,0.3606846935447148,0.4428722875405689,0.9029448569380816,0.0443387713462468,0.9594490591941168,0.0179780786650326,0.8736672380768721,0.0586539497285545,ID958,FT0958,409.638814024915,744.064881737967,,,744.062479323691,744.066952439139,408.76681827495,410.019368444322,11.0,972;2378;3892;5079;6155;7145;8306;9529;10770;11962;13215,59.01417;88.04008;141.016;170.0426;223.02;252.0457;305.0221;334.0492;387.0254;416.052;469.0267;498.0541;551.0326;580.0564;662.0628;744.0643|3171;4214;68864;86414;21266;26511;28213;42589;19167;44573;5547;19841;2799;17738;6328;3846,1.0,-0.0386874292984073,0.0226494363159863,-0.0069932550300122,-8.27875240178879e-05,-0.0199177972391951,-0.0037817840455426,5.32724985243923,3.0,0.813725490196078,4.78830294957324,3.0,0.687091503267974,5.21409124784397,3.0,0.803921568627451,0.0015907480224635,2.79839860798407,0.0098136916462748,2.00816759200674,0.538946902865995,0.125719805574682,0.900596299289107,0.321077220156904,0.493390505741806,0.113158604595265,0.0077385511987768,2.11134033973991,0.0490809198313729,1.30908730670408,0.42578829827073
744.7451706251559,77.15145454545456,0.776024580001831,Unknown,4.756994494648553,4.943032583121994,5.154982803227561,5.450920470331791,-0.1860380884734409,-0.6939259756832383,-0.5078878872097974,0.8234722219398497,0.0843510462352263,0.4413948000657736,0.3551727874318239,0.058698394698195,1.2313737758094356,0.9881007300368112,0.0051987798362112,0.9594490591941168,0.0179780786650326,0.8994679735769128,0.0460142955162495,ID963,FT0963,82.1271342573714,745.502839050201,"PG(16:0/18:2(9Z,12Z));PG(16:1(9Z)/18:1(11Z));PG(16:1(9Z)/18:",,745.50228651707,745.504116181924,80.2296286417821,83.7814984527333,8.0,977;2383;3897;5084;6160;8311;9534;13220,78.95946;152.9946;209.0194;227.0307;227.2011;251.2009;252.4426;253.2168;254.2209;255.2324;279.231;280.2349;280.3856;281.2483;282.2497;283.2642;284.267;307.2615;389.2088;407.2195;417.2392;435.2522;463.248;481.2571;491.2751;509.2868;743.2032;745.5046;746.5012|216;10448;357;180;234;168;792;231626;1911;6757;9040;2132;740;245594;2796;1061;665;297;3728;700;3700;641;3327;2053;3861;2615;1138;531018;580,1.0,-0.103506774732327,-0.146339665256381,-0.155995671119109,0.14001993625034,-0.0454315537966115,0.0353031569546229,6.41192964671517,3.0,0.979575163398693,5.42262086713113,2.0,0.89297385620915,4.86991393906262,1.0,0.68218954248366,0.193381364149011,0.713585380497141,0.311429425798207,0.506640354972695,0.98930877958404,0.0845408387213966,1.07293344789253,0.274530465525395,0.561409453489311,1.54201570765255,0.564005173984105,0.248716911934318,0.723846714672289,0.140353392394264,-0.552706928068513
744.8971254359236,250.52200000000005,0.929983615875244,Unknown,4.928393415849548,5.556019876550722,5.012377526805379,5.362113246835254,-0.6276264607011743,-0.4337198309857069,0.1939066297154674,0.200293101242742,0.6983340089880324,0.3401271665943927,0.4683586787675187,0.4496460053559644,0.3471292604948626,0.9029448569380816,0.0443387713462468,0.9594490591941168,0.0179780786650326,0.8971514435284977,0.0471342397461038,ID959,FT0959,251.858098478821,744.551368082391,STD_15:0-18:1 PC (1-Pentadecanoyl-2-(9Z-octadecenoyl)-glycer,,744.549553299759,744.552567093683,249.861441929497,253.709719875903,11.0,973;2380;3894;5080;6156;7146;8307;9530;10771;11963;13216,,0.0,-0.0157902843930004,-0.0037660715646068,-0.0111137413686973,0.00394891785154,0.018475420323236,-0.0027840119922111,5.44995815812601,3.0,0.857843137254902,5.25823950830575,3.0,0.847222222222222,5.33754523822395,3.0,0.841503267973856,0.0860502476868541,1.06524787526229,0.180032083421366,0.744650092612074,0.191718649820256,0.312542929176575,0.505090321923014,0.515345564805206,0.287901457250487,0.112412919902055,0.337598499317937,0.471599492554047,0.55523921060273,0.255519871899208,0.0793057299182012
745.0879977924797,43.07481818181818,0.785326361656189,Unknown,3.46802548115386,4.689220950941405,3.5047158989113845,3.3414642026204864,-1.2211954697875451,0.1265612785333738,1.347756748320919,0.3664184524245973,0.4360226638677398,0.6659477975680785,0.1765598130469366,0.3288800039998339,0.4829625309458232,0.916331590195946,0.0379473410337079,0.9594490591941168,0.0179780786650326,0.9275028178685516,0.0326847622704327,ID962,FT0962,47.9461940550958,745.502929119034,"PG(16:0/18:2(9Z,12Z));PG(16:1(9Z)/18:1(11Z));PG(16:1(9Z)/18:",,745.500525074585,745.504635790132,46.7232321507202,49.0762864967128,11.0,976;2384;3898;5083;6159;7149;8310;9533;10774;11966;13219,78.95861;152.9952;171.0073;209.0214;227.0323;227.2015;251.2008;252.2046;252.4401;253.2184;254.2194;255.2322;256.2347;279.2326;280.2364;280.3873;281.2496;282.093;282.2512;283.2608;284.2678;307.2631;389.2102;407.2238;417.2409;435.2513;463.2469;465.2605;481.2544;491.2772;509.2893;699.5682;743.2018;744.4936;745.5047;746.5062;746.8697;747.0408;747.1954;747.3561;747.5134|1551;39514;1510;1344;1388;967;1528;1038;2113;1043471;7831;21411;837;28788;8930;2088;1024432;439;5049;2066;711;1368;10584;1855;12959;1763;11090;307;7155;13079;8042;234;3841;487;1981331;2504;3439;468;1160;346;573,1.0,0.0204104597327613,0.0191370127075513,-0.0117809687253355,-0.0073174234255482,0.0682045342817589,-0.0044669278506866,6.12700494879238,3.0,0.969771241830065,6.38807280115652,3.0,0.981209150326797,6.48880142262162,3.0,0.982843137254902,0.118851169972376,0.924996538714546,0.219995112733937,0.657586967069878,-0.261067852364141,0.0641777413911127,1.19261557110834,0.238342484495722,0.622798537856914,-0.361796473829238,0.556833091565072,0.254274963309376,0.71803780978612,0.143852686469209,0.100728621465097
745.2165609491677,373.6755454545455,0.9667282104492188,Unknown,4.537728612462119,4.358164927545431,4.505557991711262,4.572726330397501,0.1795636849166877,-0.0349977179353819,-0.2145614028520697,0.3419162328533651,0.4660802801004808,0.6918042919110055,0.1600167479772159,0.27139719801714,0.5663946404344844,0.916331590195946,0.0379473410337079,0.9594490591941168,0.0179780786650326,0.9311395067528484,0.0309852465438573,ID960,FT0960,373.033973804971,744.852985752366,,,744.850337843429,744.856326848005,372.250285145735,373.925296591707,11.0,974;2381;3895;5081;6157;7147;8308;9531;10772;11964;13217,59.01424;156.9903;254.9661;352.9431;450.9215;548.8969|2774;24657;4292;6766;3492;908,1.0,-0.0335112943433572,0.040514984063815,0.0066572531081951,0.004026306313856,0.0086066222062193,-0.0014647316589983,4.69476338493309,3.0,0.550653594771242,4.19373818203058,3.0,0.333333333333333,4.72897448312673,3.0,0.600490196078431,0.0026130738801579,2.58284831117151,0.0140271563466876,1.85303036233689,0.501025202902519,0.6133670388303,0.212279565880005,0.742494457150704,0.129306784081926,-0.0342110981936319,0.0008645541276276,3.06320781141941,0.0108487598595857,1.96461990392798,0.535236301096151
745.5947928278838,80.729,0.9344188570976256,Unknown,6.055353411796446,6.048304926732709,6.034692894643453,5.741929744820872,0.0070484850637368,0.3134236669755736,0.3063751819118367,0.9849573534288452,0.0065825731282589,0.4435993521128157,0.3530090968196189,0.4557618352297239,0.341262044761361,0.9958036908894162,0.0018262683699224,0.9594490591941168,0.0179780786650326,0.8994679735769128,0.0460142955162495,ID963,FT0963,82.1271342573714,745.502839050201,"PG(16:0/18:2(9Z,12Z));PG(16:1(9Z)/18:1(11Z));PG(16:1(9Z)/18:",,745.50228651707,745.504116181924,80.2296286417821,83.7814984527333,8.0,977;2383;3897;5084;6160;8311;9534;13220,78.95946;152.9946;209.0194;227.0307;227.2011;251.2009;252.4426;253.2168;254.2209;255.2324;279.231;280.2349;280.3856;281.2483;282.2497;283.2642;284.267;307.2615;389.2088;407.2195;417.2392;435.2522;463.248;481.2571;491.2751;509.2868;743.2032;745.5046;746.5012|216;10448;357;180;234;168;792;231626;1911;6757;9040;2132;740;245594;2796;1061;665;297;3728;700;3700;641;3327;2053;3861;2615;1138;531018;580,1.0,-0.103506774732327,-0.146339665256381,-0.155995671119109,0.14001993625034,-0.0454315537966115,0.0353031569546229,6.41192964671517,3.0,0.979575163398693,5.42262086713113,2.0,0.89297385620915,4.86991393906262,1.0,0.68218954248366,0.193381364149011,0.713585380497141,0.311429425798207,0.506640354972695,0.98930877958404,0.0845408387213966,1.07293344789253,0.274530465525395,0.561409453489311,1.54201570765255,0.564005173984105,0.248716911934318,0.723846714672289,0.140353392394264,-0.552706928068513
747.2455486712828,242.47518181818185,0.8497602939605713,Unknown,5.413610113659433,5.538639638805155,5.278143332697167,5.433566778874408,-0.125029525145722,-0.0199566652149743,0.1050728599307477,0.6330455359318594,0.1985650493939265,0.9375669534028128,0.0279977087147795,0.6157650271290478,0.2105849808374731,0.9343878991349278,0.0294727945606106,0.9594490591941168,0.0179780786650326,0.989512892763268,0.0045785428224498,ID970,FT0970,239.154078867365,748.527412343975,"PE(20:4(5Z,8Z,11Z,14Z)/P-18:1(11Z));PE(20:4(5Z,8Z,11Z,14Z)/P",,748.525847472605,748.529390269416,236.306570442597,243.644129673875,11.0,986;2394;3906;5088;6164;7153;8317;9541;10780;11974;13225,140.0101;196.0376;205.195;257.2291;259.2428;265.2518;285.2593;301.2158;302.2201;303.2319;305.2474;327.2299;328.235;329.2477;418.2708;436.2826;444.2869;462.2969;464.311;674.5311;687.541;688.5481;746.2233;748.5281|2167;3171;1542;992;9387;788;3097;7760;1628;132744;4266;1276;1632;46391;2721;7678;6234;20411;1295;6141;382;4576;473;226669,1.0,-0.0086590853323806,-0.0197750423996749,-0.0295917376565788,-0.0069165040861109,0.017203773531941,-0.0282562424198726,5.78050226981365,3.0,0.926470588235294,5.73635837872205,3.0,0.945261437908497,5.66739468134041,3.0,0.92483660130719,0.76898894049337,0.114079906124759,0.817943143601702,0.0872768837103698,0.0441438910916023,0.47508754113242,0.323226358527096,0.625851417326024,0.203528759912004,0.113107588473244,0.484111100195977,0.315054959295502,0.66039498922772,0.180196230622762,-0.0689636973816414
747.4867240039839,47.732,0.924270749092102,"PA(16:0/PGF1alpha); PA(PGF1alpha/16:0); PA(i-16:0/PGF1alpha); PA(PGF1alpha/i-16:0); PG(a-15:0/18:1(12Z)-O(9S,10R)); PG(18:1(12Z)-O(9S,10R)/a-15:0); PG(a-15:0/18:1(9Z)-O(12,13)); PG(18:1(9Z)-O(12,13)/a-15:0); PG(i-15:0/18:1(12Z)-O(9S,10R)); PG(18:1(12Z)-O(9S,10R)/i-15:0); PG(i-15:0/18:1(9Z)-O(12,13)); PG(18:1(9Z)-O(12,13)/i-15:0)",4.752799494333982,5.576243593502625,4.563347838004312,5.122326406775676,-0.8234440991686425,-0.3695269124416942,0.4539171867269482,0.4286666967842699,0.3678802556184534,0.7732684472963938,0.1116697105572875,0.6605077667397123,0.1801220712631285,0.9241583043832848,0.0342536296116762,0.9636174359089608,0.0160953503813109,0.9511841145672848,0.0217354113470806,ID968,FT0968,48.5446618381627,747.514582694218,PG(16:0/18:1(11Z));PG(16:0/18:1(9Z));PG(16:1(9Z)/18:0),,747.512759698352,747.51708429828,46.7232321507202,49.9173935381323,10.0,983;2393;5086;6163;7151;8315;9539;10778;11972;13223,,0.0,0.0460559403930205,0.0555850405011545,-0.0172910623316832,0.0453247945537569,0.0702072585044202,0.0283799803132334,5.13545068500838,2.0,0.756535947712418,5.74971761073536,3.0,0.948529411764706,5.92658347107533,3.0,0.955065359477124,0.264856831408119,0.576988820898715,0.396790495870445,0.401438738837551,-0.614266925726983,0.176694028235401,0.75277812818559,0.378451039199227,0.421990297883819,-0.791132786066944,0.346925779687863,0.459763426995088,0.561573265987348,0.250593575220363,0.176865860339961
748.7581764886197,241.12444444444444,0.6298927664756775,Unknown,5.4956425835605165,5.759782981057526,5.6498227040630535,5.087717579554501,-0.2641403974970098,0.4079250040060156,0.6720654015030254,0.3087452663252249,0.5103996922734719,0.3445389066994416,0.4627617287322493,0.163489547713031,0.7865100076254524,0.916331590195946,0.0379473410337079,0.9594490591941168,0.0179780786650326,0.8971514435284977,0.0471342397461038,ID970,FT0970,239.154078867365,748.527412343975,"PE(20:4(5Z,8Z,11Z,14Z)/P-18:1(11Z));PE(20:4(5Z,8Z,11Z,14Z)/P",,748.525847472605,748.529390269416,236.306570442597,243.644129673875,11.0,986;2394;3906;5088;6164;7153;8317;9541;10780;11974;13225,140.0101;196.0376;205.195;257.2291;259.2428;265.2518;285.2593;301.2158;302.2201;303.2319;305.2474;327.2299;328.235;329.2477;418.2708;436.2826;444.2869;462.2969;464.311;674.5311;687.541;688.5481;746.2233;748.5281|2167;3171;1542;992;9387;788;3097;7760;1628;132744;4266;1276;1632;46391;2721;7678;6234;20411;1295;6141;382;4576;473;226669,1.0,-0.0086590853323806,-0.0197750423996749,-0.0295917376565788,-0.0069165040861109,0.017203773531941,-0.0282562424198726,5.78050226981365,3.0,0.926470588235294,5.73635837872205,3.0,0.945261437908497,5.66739468134041,3.0,0.92483660130719,0.76898894049337,0.114079906124759,0.817943143601702,0.0872768837103698,0.0441438910916023,0.47508754113242,0.323226358527096,0.625851417326024,0.203528759912004,0.113107588473244,0.484111100195977,0.315054959295502,0.66039498922772,0.180196230622762,-0.0689636973816414
750.1750031412602,49.87809090909091,0.9875870943069458,Unknown,5.16963023389826,4.666287815853639,5.380066502679922,5.104734914111721,0.5033424180446202,0.0648953197865385,-0.4384470982580817,0.3987975569986945,0.3992475108048051,0.721833105953829,0.1415632034577905,0.4486095121555037,0.3481315220306947,0.916331590195946,0.0379473410337079,0.9594490591941168,0.0179780786650326,0.9380623813857516,0.0277682799676556,ID973,FT0973,49.4340329129214,749.528335043804,PG(16:0/18:0);PG(18:0/16:0);PG(a-13:0/a-21:0),,749.523125193232,749.530437830117,48.9881158009151,51.2610938826761,9.0,988;5089;6167;7155;8318;9544;10782;11976;13227,,0.0,0.0494551463956892,0.0481174170860348,-0.0114031542393467,0.0718135062971288,-0.0370676185465806,-0.0163730823734048,4.48104912938706,1.0,0.41421568627451,5.16002700495175,3.0,0.823529411764706,5.18632545948313,3.0,0.792483660130719,0.056845615372413,1.24530302777489,0.134510124327186,0.87124502589242,-0.678977875564691,0.0520262765044944,1.28377725523826,0.210193117115148,0.677381509277576,-0.705276330096073,0.563978659508392,0.248737329054055,0.723846714672289,0.140353392394264,0.026298454531382
752.443616094784,35.17445454545454,0.9774802923202516,"PS(14:1(9Z)/20:4(5Z,8Z,11Z,14Z)); PS(20:4(5Z,8Z,11Z,14Z)/14:1(9Z)); PS(14:0/20:5(5Z,8Z,11Z,14Z,17Z)); PS(14:1(9Z)/20:4(8Z,11Z,14Z,17Z)); PS(16:1(9Z)/18:4(6Z,9Z,12Z,15Z)); PS(18:4(6Z,9Z,12Z,15Z)/16:1(9Z)); PS(20:4(8Z,11Z,14Z,17Z)/14:1(9Z)); PS(20:5(5Z,8Z,11Z,14Z,17Z)/14:0)",3.9010613837154704,3.8095711162327457,4.243528239189558,3.915312937075228,0.0914902674827247,-0.0142515533597578,-0.1057418208424825,0.8704508737786658,0.0602557344247507,0.9761751963498082,0.0104722315343042,0.7789464225237761,0.108492412933961,0.9958036908894162,0.0018262683699224,0.9706578929929058,0.0129338096026886,0.995139582946811,0.0021159988000645,ID977,FT0977,36.2964061673633,752.336279600025,,,752.330109714035,752.347074003215,35.7166232356834,36.9600840713559,10.0,992;2400;3910;5094;6170;7159;8323;9548;10786;13230,128.0092;306.108;368.0634;445.2125;546.1635;574.2369;752.3306|1651;2552;10993;7942;4908;312;14172,1.0,-0.0031400256975963,-0.022990687729329,0.0125018763477672,0.0439931009815393,0.0095337710429566,0.0084830319019941,4.37772243141761,3.0,0.33578431372549,4.35026086814754,3.0,0.450980392156863,4.15030750207056,2.0,0.21078431372549,0.734209037123168,0.134180274219706,0.794292690340981,0.1000194341259,0.0274615632700712,0.140121147325801,0.853496315293651,0.336513610277471,0.472997366064466,0.22741492934705,0.124924121086155,0.903353697388882,0.279284385646634,0.553953344345774,-0.199953366076978
753.1983780187522,243.57327272727272,0.8720275163650513,Spinosin C,4.882616762623525,5.356819587086728,4.880468206170381,5.148058410744313,-0.4742028244632035,-0.2654416481207882,0.2087611763424153,0.1661928485835039,0.7793876682025944,0.3686105110207771,0.4334322849247645,0.109429190340581,0.9608668140824712,0.9029448569380816,0.0443387713462468,0.9594490591941168,0.0179780786650326,0.8971514435284977,0.0471342397461038,ID980,FT0980,243.754223999574,754.571882897921,Phosphatidylethanolamine alkyl 16;PE(20:1(11Z)/P-18:1(11Z));,,754.568738178663,754.573198629719,241.590046210978,247.640578663052,11.0,996;2404;3914;5097;6173;7162;8327;9551;10789;11983;13233,253.2185;281.2476;283.2636;291.2338;293.2529;305.2485;306.2526;307.2639;308.2692;309.2803;333.2817;334.282;335.2941;418.2695;436.2806;444.2907;462.2964;754.5718|144;618;84;342;96;894;268;2056;239;3951;909;180;1971;84;120;120;264;9201,1.0,0.0020579780149024,-0.0073822717026807,-0.0234781169908025,0.0018337273414603,0.0143187521935275,-0.0157719759360638,4.82959456300127,3.0,0.633169934640523,4.90874616092756,3.0,0.737745098039216,4.8582425982592,3.0,0.674019607843137,0.426284885946175,0.370300065116268,0.535862819010709,0.270946375553267,-0.0791515979262876,0.782535099580803,0.106496173637884,0.863289863281836,0.0638433585289085,-0.0286480352579304,0.470530412478323,0.327412300940949,0.650603070334363,0.186683891521234,-0.0505035626683572
755.3269858374733,298.1147272727273,0.949137270450592,grayanotoxin III; Michellamine A,3.868328128891868,3.499438892256587,3.518269640118137,3.594961092877267,0.3688892366352809,0.273367036014601,-0.0955222006206799,0.6615353129676415,0.1794469680786681,0.735572707259116,0.1333743932276769,0.7997987333570905,0.0970192879950224,0.9466244381257992,0.0238222879451597,0.9706578929929058,0.0129338096026886,0.9390571385666272,0.0273079815259871,ID982,FT0982,297.561737565753,756.484101521811,"PS(14:0/20:3(8Z,11Z,14Z));PS(16:0/18:3(9Z,12Z,15Z));PS(16:1(",,756.482793850578,756.485409193044,296.89760995065,298.225865180855,2.0,2406;3917,,0.0,-0.0197738987109292,-0.0191709405599221,-0.0023949141476416,-0.0301710322490371,0.023490792005245,0.0036547014987715,4.17039635936042,2.0,0.196078431372549,3.91105005240428,0.0,0.165032679738562,3.91105005240428,0.0,0.0735294117647059,0.136053902940693,0.866288995219809,0.238590153407659,0.622347483586715,0.259346306956139,0.136053902940693,0.866288995219809,0.330690371735126,0.480578449668028,0.259346306956139,,,,,
757.591506976248,298.7169090909092,0.9689574241638184,"SM(d19:0/18:1(12Z)-O(9S,10R)); SM(d19:0/18:1(9Z)-O(12,13))",4.576432348664741,4.533562374383109,4.6504579633905125,4.464741513556926,0.0428699742816318,0.1116908351078151,0.0688208608261833,0.9247443906281708,0.0339782943749591,0.8001486339176596,0.0968293318899645,0.673269513067341,0.1718110507725011,0.9958036908894162,0.0018262683699224,0.9636174359089608,0.0160953503813109,0.9540608526408736,0.0204239239087996,ID985,FT0985,298.225098009121,758.498273386762,"PS(16:0/18:2(9Z,12Z));PS(16:1(9Z)/18:1(9Z));PS(18:1(9Z)/16:1",,758.497153898807,758.499338172138,293.510881198131,300.698106877371,11.0,998;2408;3920;5100;6177;7166;8331;9555;10791;11987;13237,78.95904;152.9953;253.2164;255.2327;279.2325;281.2482;283.2614;389.2086;391.2262;407.2178;417.2401;419.2621;435.2514;671.4639;700.5021;758.4964|840;5352;5009;1708;545;11763;369;2170;923;481;7357;243;2917;14934;242;22818,1.0,-0.0352525096182267,-0.012924530080409,-0.0224304591913431,-0.0082128301172179,0.0134283420501369,0.0033294736947101,5.25233645541257,3.0,0.797385620915033,4.81883233064771,3.0,0.705882352941177,4.95213401052811,3.0,0.714052287581699,0.0453876910516099,1.34306190998794,0.116669641741638,0.933042135722219,0.433504124764857,0.109151203471397,0.961971471515947,0.313953538828236,0.503134617288182,0.300202444884454,0.289333952443503,0.538600600248783,0.497503198756736,0.303204122560601,0.133301679880403
760.0781021157451,473.288,0.9696074724197388,Unknown,5.103846212089363,4.4761870430075055,4.91898207751569,5.050443343286459,0.6276591690818574,0.0534028688029035,-0.5742563002789538,0.3032999798421794,0.5181276185532684,0.1642472568369003,0.7845018750439542,0.3358145245983048,0.4739005237534245,0.9116684525285336,0.0401630733125223,0.9594490591941168,0.0179780786650326,0.881195617434593,0.0549276714494428,ID987,FT0987,472.941437886909,760.077673266173,,,760.075653637756,760.079769497003,470.791383608048,473.894906386573,11.0,1001;2412;3924;5102;6179;7168;8333;9558;10792;11989;13241,78.95915;96.97075;134.0465;158.9251;174.98;192.9907;211.0003;272.9564;290.9674;328.0442;346.0546;408.0099;426.0201;442.077;538.3872;540.0531;558.064;638.0305;662.1032;760.08|2456;783;5934;7602;1556;2005;4226;20032;2322;53996;14977;19126;17598;1582;1501;465049;1150;40075;1744;8869,1.0,-0.0329175329952222,0.0178213100652458,-0.0104389700740283,0.0081926072017877,0.0030402654225796,0.0084555085020954,5.18415273824377,3.0,0.772875816993464,4.73826839921706,3.0,0.668300653594771,5.08795213013713,3.0,0.763888888888889,0.0089817995735433,2.04663664033045,0.0343019202761037,1.46468156678021,0.445884339026711,0.0690907356376674,1.16058018317833,0.247660559793182,0.606143149764558,0.0962006081066384,0.0225289597512136,1.64725886086106,0.101274115860157,0.994501539590743,0.349683730920073
760.9675981839071,299.59590909090906,0.9193704724311828,Unknown,5.368323418585422,4.614016610542678,5.084023833194339,4.79848014260486,0.7543068080427435,0.5698432759805616,-0.1844635320621819,0.1463434186510332,0.8346268038609318,0.0651537374601444,1.186060666493822,0.6643117838568577,0.1776280437821162,0.9029448569380816,0.0443387713462468,0.9636174359089608,0.0160953503813109,0.8655999289281896,0.0626827878961198,ID988,FT0988,299.533269274593,760.513063643981,PS(16:0/18:1(9Z));PS(16:1(9Z)/18:0);PS(18:0/16:1(9Z)),,760.511343246098,760.514858463437,294.992877940503,301.9754224202,11.0,1002;2413;3925;5103;6180;7169;8334;9559;10793;11990;13242,78.95848;96.96923;152.9956;253.2173;255.2322;281.2478;282.2514;283.2634;284.2684;389.2079;391.2253;407.2216;409.2344;417.2409;418.2445;419.2553;420.2593;437.2667;673.4799;674.4872;702.5168;758.1709;760.5122|2024;217;11102;8505;9106;4154;910;22988;407;2893;5011;458;2049;1508;403;13575;342;4969;33939;341;367;168;57742,1.0,-0.0307780726559765,-0.0170201092164789,-0.0244409476582935,-0.0106314876390399,0.0054712159807908,0.0123989212166725,5.5244760074416,3.0,0.875816993464052,5.15493138113468,3.0,0.820261437908497,5.22493260042008,3.0,0.808823529411765,0.0648521206347055,1.18807581811664,0.146454638071601,0.834296870093634,0.36954462630692,0.121099256089067,0.916858524713311,0.31527564947326,0.501309570983079,0.299543407021511,0.568704789732166,0.245113114027611,0.724331965921617,0.140062348270178,0.070001219285408
762.3387911669408,411.3426,0.8782580494880676,Unknown,4.269923072745283,3.815983100111355,3.97462430201196,3.890618395876351,0.4539399726339281,0.3793046768689323,-0.0746352957649958,0.0201693222606443,1.6953086949160157,0.0612253145759411,1.2130689747905183,0.5939797152443786,0.2262283861768151,0.7082411614248684,0.1498188366004785,0.9594490591941168,0.0179780786650326,0.8655999289281896,0.0626827878961198,ID991,FT0991,411.356243486467,762.131981992065,Ferrichrome;Ferrichrome,,762.13082964202,762.139133487653,410.798430960455,412.031252283315,8.0,1005;2416;3928;8337;9563;10796;11993;13245,,0.0,-0.038157623992951,0.0158310560534869,0.0245595281507951,0.003792943177374,0.008577770596484,0.0080005452891273,4.3396641971513,3.0,0.308823529411765,3.76127528879997,0.0,0.0816993464052288,4.1170499899225,3.0,0.197712418300654,5.3921581023227e-05,4.26823738242977,0.0008178261463635,3.08733900892,0.578388908351328,0.00759036432684,2.11973737807831,0.0669281759622102,1.17439101094961,0.222614207228797,0.0003447022832187,3.46255583992818,0.0060949630987322,2.21502891942467,0.355774701122531
762.4434052591167,51.08872727272728,0.9676513671875,Unknown,5.271874219028415,4.650159833483101,5.177385537655503,5.155079118137645,0.6217143855453138,0.1167951008907692,-0.5049192846545445,0.2746756988548814,0.5611797618392711,0.0217848913671146,1.661844601382591,0.3500094859205082,0.4559201852865632,0.9058762157274411,0.0429311428301549,0.9594490591941168,0.0179780786650326,0.6661800767099746,0.1764083597930007,ID993,FT0993,51.9692200047967,762.526762507831,PS(16:0/18:0);PS(18:0/16:0);PS(14:0/20:0),,762.525110131383,762.529557351789,50.6577245882418,53.9779886617301,11.0,1006;2417;3931;5106;6183;7171;8338;9564;10797;11994;13247,59.01419;61.98843;168.0434;224.0689;225.1839;227.2012;253.2179;254.2214;255.2318;257.2293;281.2477;283.2412;301.2167;303.2324;327.2328;329.2487;434.2654;450.262;452.2782;460.2836;478.2929;688.4915;699.5194;702.5475;703.4569;762.5229|1682;1140;755;513;3188;20116;43112;430;5984;381;2968;443;3796;829;2003;1220;419;192;2564;485;959;59066;557;324;619;25207,1.0,-0.0312784925077847,0.0071244399979556,0.0062949009965619,0.0056385885797658,-0.002754383824221,-0.0089120073688035,5.42295171860555,3.0,0.847222222222222,4.98152393634713,3.0,0.766339869281046,5.22719090508437,3.0,0.809640522875817,0.0006857487339277,3.16383498554439,0.0053568553695781,2.27109007904101,0.441427782258422,0.0083799243420664,2.0767599023687,0.0717048784839969,1.14445129584399,0.195760813521178,0.0140943647859467,1.85095449241917,0.0751055876949761,1.12432775121392,0.245666968737244
763.9991186378174,246.6242727272728,0.8973309397697449,Unknown,5.156009134310712,5.438570685185309,4.989040014416231,5.3202087633092985,-0.2825615508745969,-0.1641996289985865,0.1183619218760103,0.4882545652991891,0.3113536872618658,0.6849039177814584,0.1643703495354632,0.8164901448532228,0.0880490528889711,0.9241583043832848,0.0342536296116762,0.9706578929929058,0.0129338096026886,0.9299453091564196,0.0315425919084296,ID995,FT0995,250.172184363718,764.530333706951,PE(18:2e/8-HETE);PE(16:0e/10-HDoHE);PE(16:0e/4-HDoHE),+,764.528818117199,764.532960554204,247.332635738507,251.767401698971,8.0,1008;2418;3933;6186;9567;10799;11997;13249,61.98877;140.0111;196.0376;227.1996;253.2185;254.2202;255.2325;257.2266;259.2424;279.2326;281.2478;283.2637;301.2152;303.233;305.2491;329.2475;452.2784;478.2923;480.3078;689.5552;690.5061;714.5108;764.5257|240;683;741;5890;1232;541;10026;416;1327;422;9590;2503;3978;21153;1534;3779;400;1876;533;314;12113;264;45108,1.0,-0.0691577184359057,0.0244350651036977,-0.0430957732283326,-0.0618636446828599,0.0409370565459891,-0.0153911038846736,5.42987825741344,3.0,0.851307189542484,4.5382738831932,1.0,0.565359477124183,5.23583655656154,3.0,0.810457516339869,0.051326454736932,1.28965873264867,0.125755040832035,0.900474597431798,0.891604374220236,0.125252661505967,0.90221303699705,0.321077220156904,0.493390505741806,0.194041700851898,0.0921647458608498,1.03543517011757,0.257553320767883,0.589132846164416,0.697562673368338
769.9849310242561,79.00809090909091,0.9542438983917236,Unknown,4.497540306464347,4.633271452652977,5.189436827616294,4.757759402368094,-0.1357311461886299,-0.2602190959037465,-0.1244879497151165,0.8426316359211287,0.0743622396691077,0.6607635311656551,0.1799539345898842,0.7789562974693373,0.1084869072829196,0.9954261097439372,0.0019909720217717,0.9706578929929058,0.0129338096026886,0.9275028178685516,0.0326847622704327,ID1003,FT1003,80.0319368447525,769.501272223333,"PG(16:0/20:4(5Z,8Z,11Z,14Z));PG(16:1(9Z)/20:3(5Z,8Z,11Z));PG",,769.501187097791,769.504026710907,79.3832094690326,81.0416318069432,4.0,1017;2428;3943;9574,152.9964;253.2168;255.2325;277.2172;279.2325;281.2485;283.2627;303.2328;305.2478;306.2538;307.2647;769.5036|897;6515;267;4717;12647;4876;192;221;7673;537;430;33735,1.0,-0.0663666626407579,-0.0557333890208698,0.0274661450788173,-0.04010801962356,-0.0007956621644596,-0.0464814140226655,5.12589038260242,3.0,0.75,4.22595534096844,0.0,0.368872549019608,4.22595534096844,0.0,0.276960784313726,0.0031223021070931,2.50552507786046,0.0156505393118045,1.80547069223222,0.899935041633977,0.0031223021070931,2.50552507786046,0.0349235272719309,1.4568818990623,0.899935041633977,,,,,
771.1514640665874,78.88427272727273,0.9282613396644592,Unknown,5.761949461066269,5.314328918980563,5.1496240746304425,5.404627052345167,0.4476205420857058,0.3573224087211022,-0.0902981333646035,0.4166898675593099,0.3801870599376858,0.1989989749930616,0.701149160555136,0.8550246842966821,0.0680213471442343,0.9241583043832848,0.0342536296116762,0.975288902294314,0.0108667175454765,0.881195617434593,0.0549276714494428,ID1008,FT1008,79.84457189706,771.517872624733,"PG(16:0/20:3(5Z,8Z,11Z));PG(16:0/20:3(8Z,11Z,14Z));PG(18:0/1",,771.516925932421,771.519108919767,78.8865907906416,81.0416318069432,7.0,1023;2433;3949;5115;6195;8348;9578,152.9939;253.2176;254.2216;255.2333;279.2321;280.2369;281.2481;282.2525;305.2473;306.2521;307.2633;415.2251;417.2378;489.2647;491.275;507.274;509.2877;769.1338;771.5188;772.5205;773.5274|3286;9665;324;661;62731;553;60876;530;1386;312;10075;1342;953;1266;1007;425;647;463;173832;228;376,1.0,-0.0732652047778668,-0.151561174521441,-0.0252929870790857,0.0617693272534917,-0.0869556743842907,-0.0375077644988255,5.82682662294076,3.0,0.93218954248366,5.0840573842311,2.0,0.801470588235294,4.22595534096844,0.0,0.276960784313726,0.190177746732839,0.720840302522393,0.307919016580896,0.511563488943123,0.742769238709665,0.0011186867603983,2.95129150174203,0.019873141272958,1.70173348016315,1.60087128197232,0.117134541486077,0.931315018123584,0.273912994266569,0.562387364590118,-0.858102043262657
771.4424556686856,387.7889,0.8037400841712952,PG(i-14:0/PGJ2); PG(PGJ2/i-14:0),4.015313382572474,3.264522591964929,3.4976653067948305,3.4966979958722333,0.7507907906075455,0.5186153867002408,-0.2321754039073047,0.1716088457624602,0.765460329734332,0.2894298348906428,0.5384567031391284,0.6257642777340717,0.2035892325381468,0.9029448569380816,0.0443387713462468,0.9594490591941168,0.0179780786650326,0.8906584929769418,0.0502887864752479,ID1009,FT1009,390.976275402977,772.094867225527,,,772.093125301944,772.09660914911,390.542304550045,391.410246255909,2.0,1024;2435,,0.0,-0.0132347651208343,-0.0066497503196302,0.0186242305763096,0.0029462450640633,0.0034774573210295,0.0343360132656239,4.26215165318233,2.0,0.261437908496732,4.05332955333015,0.0,0.244281045751634,4.05332955333015,0.0,0.148692810457516,0.116719872468752,0.932855195636089,0.218646672641802,0.660257127348624,0.208822099852185,0.116719872468752,0.932855195636089,0.31408813851289,0.502948464351792,0.208822099852185,,,,,
771.8417047457359,47.83454545454546,0.9577196836471558,Unknown,4.810476566360589,4.051965280777069,5.719333500407752,5.883411916692322,0.7585112855835199,-1.0729353503317327,-1.8314466359152528,0.5169404109845868,0.2865595162331323,0.3017842743481802,0.5203033945860988,0.1144357349680917,0.941438336766284,0.9241583043832848,0.0342536296116762,0.9594490591941168,0.0179780786650326,0.8906584929769418,0.0502887864752479,ID1007,FT1007,48.0130371796126,771.518089697772,"PG(16:0/20:3(5Z,8Z,11Z));PG(16:0/20:3(8Z,11Z,14Z));PG(18:0/1",,771.516133952954,771.520184371432,46.7232321507202,49.9173935381323,11.0,1022;2434;3950;5114;6196;7180;8349;9579;10810;12007;13260,152.9955;253.2178;254.2197;255.2321;277.2197;278.218;278.3768;279.2324;280.2367;280.3846;281.2484;282.2523;283.2586;305.2476;306.2528;307.2629;415.224;417.2412;433.2354;435.2528;443.255;489.2608;491.2736;507.2678;509.2874;517.2948;535.3045;769.1355;771.5204;772.5204;773.0854;773.2476;773.5335|10952;31086;1326;2605;1010;442;594;226816;2507;430;229577;3683;497;4625;1273;30721;3033;2490;285;475;386;3081;3092;1642;2208;364;216;1477;690340;1670;325;264;1461,1.0,0.031068008459441,0.018607479683132,-0.018946221790509,-0.0045979704488614,0.0835693538527389,-0.0113535936327204,5.55945395430444,3.0,0.880718954248366,5.97754637081754,3.0,0.96078431372549,6.02477145368531,3.0,0.963235294117647,0.0615575829547915,1.21071844098488,0.141896040249366,0.848029723794427,-0.418092416513096,0.0656709848279182,1.1826264708127,0.239669334356874,0.620387530303309,-0.465317499380867,0.825455722089204,0.0833062175775225,0.905363559847839,0.0431769894911817,0.0472250828677714
772.7842779047983,51.312272727272735,0.8628234267234802,Unknown,4.791748893415196,5.889706303658241,6.103131780257848,4.847688671163239,-1.097957410243045,-0.0559397777480423,1.0420176324950026,0.2665433609901937,0.5742321303261567,0.9622873896736956,0.0166952053947164,0.3537402376180555,0.4513155367881102,0.9029448569380816,0.0443387713462468,0.9594490591941168,0.0179780786650326,0.995044634118366,0.0021574379311103,ID1011,FT1011,49.0762864967128,772.52247853256,"PE(O-18:1(1Z)/20:4(5Z,8Z,11Z,14Z));PE(20:3(5Z,8Z,11Z)/P-18:1",,772.520807109626,772.523992161245,46.7232321507202,49.9173935381323,11.0,1025;2437;3953;5117;6198;7182;8351;9581;10812;12009;13262,,0.0,0.0273242227158348,0.0140596579753519,-0.0166965351299007,-7.06630768415823e-05,0.0677179649442132,-0.0113846487752825,5.31908151121973,3.0,0.811274509803922,5.69234941097709,3.0,0.939542483660131,5.70672731438624,3.0,0.936274509803922,0.0429228647268657,1.36731130036985,0.112009124222168,0.950746598419649,-0.373267899757357,0.0650289120843384,1.18689351155754,0.239469920689648,0.620749029635207,-0.387645803166507,0.935971911954609,0.0287371840248801,0.965764121353694,0.0151289329049653,0.0143779034091498
773.0912012806632,410.44,0.9590437412261964,Unknown,4.700015956830439,4.406472770335824,4.270549448130239,4.375515991230608,0.2935431864946141,0.3244999655998306,0.0309567791052165,0.0238676102806464,1.6221910620943445,0.0021540667840906,2.666740836083333,0.6773909310706452,0.1691606219995379,0.7082411614248684,0.1498188366004785,0.9636174359089608,0.0160953503813109,0.3988689090222418,0.3991698146962136,ID1013,FT1013,410.063128570538,773.079029242475,,,773.075369357318,773.088625298084,409.451644080737,412.598812242138,10.0,1027;2439;3954;5118;6200;8352;9582;10813;12010;13263,59.01577;88.03933;116.9704;141.0187;170.044;198.9755;199.0681;223.0199;252.045;280.9793;281.0685;305.0185;334.051;362.9713;363.073;387.0207;416.0522;444.9809;445.082;498.0581;526.9867;527.0809;580.0622;608.9719;609.0839;662.0593;691.0986;773.0944|36;60;60;536;1883;36;319;123;432;36;184;186;601;69;350;118;448;48;521;222;36;272;97;48;358;36;60;95,1.0,-0.0652760343781342,0.0360379088756935,0.0032839959484157,0.0138740036269171,-0.018176580657886,-0.0065082810421646,4.84012178599907,3.0,0.642156862745098,3.91696246583827,2.0,0.170751633986928,4.60631237704321,3.0,0.531862745098039,0.0011014303565552,2.95804295808647,0.0075438307457074,2.12240806404458,0.923159320160796,0.0004758992583396,3.32248497202254,0.0130655978198698,1.88387071422362,0.233809408955865,0.0033816291497878,2.4708740215259,0.0281128770150091,1.55109470729877,0.689349911204931
773.5335701427229,79.61999999999999,0.9334099888801576,"PG(18:0/18:2(9Z,12Z)); PG(18:1(11Z)/18:1(11Z)); PG(18:1(11Z)/18:1(9Z)); PG(18:1(9Z)/18:1(11Z)); PG(18:1(9Z)/18:1(9Z)); PG(18:2(9Z,12Z)/18:0); 1,2-Dioleoyl-sn-glycero-3-phosphoglycerol",6.275916780699974,6.0053674948455225,6.016776367901271,5.848288453136004,0.2705492858544511,0.4276283275639692,0.157079041709518,0.4648971668112237,0.3326431004979217,0.1988308382368374,0.7015162565713352,0.6018452843654368,0.2205151379483492,0.9241583043832848,0.0342536296116762,0.9594490591941168,0.0179780786650326,0.881195617434593,0.0549276714494428,ID1015,FT1015,80.7732413923183,773.533393769623,"PG(18:0/18:2(9Z,12Z));PG(18:1(11Z)/18:1(11Z));PG(18:1(11Z)/1",,773.531553957037,773.534277336811,79.5364943724474,82.4105734330149,8.0,1030;2440;3955;5119;6201;8353;9583;13264,152.9949;253.2167;254.22;255.2323;279.2323;280.2349;280.3869;281.2488;282.2516;283.2567;307.2651;308.2656;309.2795;327.2363;417.2394;435.2505;491.2755;509.2883;771.1446;773.535;774.5357;774.938|10650;3672;228;1524;5168;3838;1596;524483;4228;1945;2267;510;3345;168;6660;1251;7373;4406;1427;599571;1136;259,1.0,-0.0992541374891097,-0.143579226798309,-0.163344486232735,0.133220292797362,-0.0412684876966913,0.0217846883511127,6.32684000962012,3.0,0.97875816993464,5.40598062690365,2.0,0.888071895424837,4.86605412466293,1.0,0.678104575163399,0.221672856755984,0.654287481819125,0.345430630411203,0.461639154815016,0.920859382716468,0.0988933321898336,1.00483298940164,0.296434603685655,0.528071101257632,1.46078588495719,0.569162307412273,0.244763868645527,0.724331965921617,0.140062348270178,-0.53992650224072
777.5597635876306,48.978636363636376,0.967582106590271,"PG(18:0/18:0); PG(i-12:0/i-24:0); Distearoyl phosphatidylglycerol; SM(d19:1/20:4(6E,8Z,11Z,14Z)+=O(5)); SM(d19:1/20:4(5Z,8Z,11Z,13E)+=O(15)); SM(d19:1/20:5(5Z,8Z,11Z,14Z,16E)-OH(18R)); SM(d19:1/20:5(5Z,8Z,11Z,14Z,16E)-OH(18)); SM(d19:1/20:5(5Z,8Z,10E,14Z,17Z)-OH(12)); SM(d19:1/20:5(6E,8Z,11Z,14Z,17Z)-OH(5))",4.799448625042531,4.20937876966943,5.007571507137266,4.593341364692544,0.590069855373101,0.2061072603499862,-0.3839625950231147,0.2174417578287468,0.6626570497017249,0.717893289320894,0.1439401063193965,0.5588760902226193,0.2526844699269432,0.9029448569380816,0.0443387713462468,0.9594490591941168,0.0179780786650326,0.9377856260040136,0.0278964282350252,ID1021,FT1021,49.3958039650267,776.555174108729,PE(20:1(11Z)/P-18:1(11Z));PE(20:1(11Z)/P-18:1(9Z));PE(20:2(1,,776.550554162337,776.565057780391,48.9881158009151,51.2610938826761,10.0,1036;2449;5124;6208;7186;8360;9591;10818;12015;13270,59.01323;227.1987;241.2166;253.2174;254.222;255.233;281.2464;282.2482;283.2584;329.2448;330.2449;331.2615;464.311;466.3278;702.5436;713.49;716.5223;776.5643|132;864;561;4486;72;2319;1680;507;216;983;72;605;120;264;4686;156;1733;5849,1.0,0.0248577191653921,0.0201655114529188,-0.0111680217852944,0.0355280215044486,0.0276631278539486,0.0138010130082219,4.76110783713779,2.0,0.593137254901961,5.1127152406014,3.0,0.809640522875817,5.1106183976028,3.0,0.772875816993464,0.270421801810864,0.567958297847026,0.402620578686224,0.395104031281768,-0.35160740346361,0.282956018523202,0.548281064112051,0.489700387358207,0.310069552450099,-0.349510560465012,0.982217295643238,0.007792422743322,0.989573870656027,0.0045517806179412,-0.0020968429985979
782.059531565946,473.2634999999999,0.8696075081825256,Unknown,4.167373450857208,3.979012494030569,4.027850431777522,4.135262501800844,0.1883609568266391,0.0321109490563635,-0.1562500077702755,0.1384933772247944,0.858570994133804,0.1554215326744482,0.8084888126016018,0.1871345026984676,0.7278461325956003,0.9029448569380816,0.0443387713462468,0.9594490591941168,0.0179780786650326,0.8807334056974399,0.0551555308114101,ID1024,FT1024,473.058092302024,782.060276267552,,,782.056014453568,782.065693653841,471.93587314094,473.894906386573,10.0,1038;2452;3964;5125;6211;8362;9594;10821;12020;13274,272.9581;294.9432;312.9473;328.0436;346.0563;408.0122;426.0217;429.9917;448.0029;490.015;540.0537;562.0338;642.0009;660.0116;782.0616|360;216;1181;1213;513;825;475;1024;6197;1614;8105;6271;509;11968;714,1.0,-0.0252023104972837,0.0136559934035529,-0.0196599111512069,0.0082574286232229,-0.0021583797596145,0.0108477651513647,4.21822423369717,3.0,0.224673202614379,3.89775727987879,2.0,0.156862745098039,4.16555378874933,3.0,0.217320261437909,0.0561203872763862,1.25087934064765,0.133954019629946,0.873044249753329,0.320466953818384,0.182233955039981,0.739370699192989,0.384811757101769,0.414751667490725,0.0526704449478395,0.0925942057381156,1.03341618928671,0.257553320767883,0.589132846164416,0.267796508870545
782.5619884286414,296.77045454545447,0.93975567817688,Unknown,4.0869588397024135,3.56678849337427,4.053817735383035,3.916093395719873,0.5201703463281433,0.170865443982541,-0.3493049023456023,0.2450237204092867,0.6107918701489301,0.6706149661053942,0.1735267586547965,0.2902487068229947,0.5372297065450772,0.9029448569380816,0.0443387713462468,0.9594490591941168,0.0179780786650326,0.9275028178685516,0.0326847622704327,ID1026,FT1026,295.822537476119,783.512893447006,,,783.510967029537,783.515065795238,295.386136472625,298.137374176182,6.0,2456;3967;5127;6213;8364;9596,136.9649;152.9963;283.2668;305.2453;419.2564;441.243;696.475;725.5139;783.5175|108;204;728;192;522;84;108;420;3653,1.0,-0.0082242853004225,-0.0356479777414975,-0.0256986945079807,0.0125263260716366,-0.0136970667287184,-0.0250452443891702,4.07715453724518,2.0,0.131535947712418,4.0614381941957,2.0,0.252450980392157,3.82837673530277,0.0,0.042483660130719,0.933071633445046,0.030085013471411,0.946116208970412,0.024055517070735,0.0157163430494771,0.130763102087478,0.88351478522004,0.325456019805162,0.487507691109391,0.248777801942411,0.117363219207197,0.930467986547636,0.273912994266569,0.562387364590118,-0.233061458892934
784.2361265234808,298.872,0.8361828327178955,Unknown,4.106309689905415,4.4914463443153005,4.128158426076051,4.092256761072257,-0.3851366544098855,0.0140529288331583,0.3991895832430439,0.3651908570238204,0.437480104067116,0.9733293050517672,0.0117402006658426,0.4213237219658647,0.3753840879207629,0.916331590195946,0.0379473410337079,0.9594490591941168,0.0179780786650326,0.995044634118366,0.0021574379311103,ID1028,FT1028,297.25275782088,784.513563971784,"PS(16:0/20:3(8Z,11Z,14Z));PS(18:0/18:3(9Z,12Z,15Z));PS(18:1(",,784.512346121462,784.515055283379,292.029317402655,299.064225622051,9.0,1041;2458;3969;5128;6214;8366;9597;12024;13278,152.9957;255.2338;279.2318;281.2476;283.2652;391.2276;415.2222;417.2388;419.2555;435.2508;697.4797;784.5179|1553;607;1387;2832;901;320;695;1690;650;734;4448;8060,1.0,-0.0299643436642565,-0.0176005238140213,-0.0525244105386855,-0.002278310004951,-0.0239525134370476,0.0200610153487363,4.6491256210408,3.0,0.519607843137255,4.33925717434041,2.0,0.446895424836601,4.38918693397902,2.0,0.390522875816993,0.172516728952922,0.763168784998401,0.285864497149263,0.54383977835865,0.309868446700388,0.273748086517576,0.562648907833149,0.479162355471468,0.319517308843298,0.25993868706178,0.835660854826806,0.0779699411747985,0.907243468701299,0.0422761496274835,0.0499297596386086
786.2690362480297,410.80209090909096,0.9491408467292786,Unknown,4.329495954297067,4.5528133702175655,4.750750627999205,4.828998165910913,-0.2233174159204987,-0.4995022116138461,-0.2761847956933474,0.6386831000591777,0.1947145753844406,0.3029964539951807,0.5185624540697651,0.3650951673594282,0.4375939156205924,0.9365490963903488,0.0284694508220973,0.9594490591941168,0.0179780786650326,0.8906584929769418,0.0502887864752479,ID1029,FT1029,410.019368444322,786.084729406577,,,786.082722838049,786.086997248814,409.572627098837,411.286014459847,11.0,1044;2461;3972;5129;6215;7190;8368;9598;10824;12026;13279,59.01332;130.0616;141.0157;170.0447;212.0647;223.0184;294.0649;305.0214;376.0717;387.0262;458.0762;469.029;540.0743;551.0301;622.0815;704.0834;786.0903|384;753;15276;288;11078;6603;2946;7931;4638;6538;4715;1659;2485;1074;2992;927;947,1.0,0.0052118188432485,0.0080149013703328,-0.0327616752830982,-0.0101935608414556,-0.0231565517547528,-0.0020219234210852,4.72030070214479,3.0,0.569444444444444,4.83107602058645,3.0,0.708333333333333,4.88142720407106,3.0,0.690359477124183,0.278239618700479,0.555581030498031,0.411017723633174,0.386139450362067,-0.110775318441665,0.218053141184496,0.661437652676558,0.430798858918184,0.365725455713407,-0.161126501926272,0.659213911344394,0.180973636328602,0.79886047200302,0.097529067407766,0.0503511834846062
786.5288636236265,300.0743636363636,0.9657974243164062,"PS(18:0/18:2(9Z,12Z)); PS(18:1(9Z)/18:1(9Z)); PS(18:2(9Z,12Z)/18:0); PS(18:1(11Z)/18:1(11Z)); PS(16:1(9Z)/20:1(11Z)); PS(18:1(11Z)/18:1(9Z)); PS(18:1(9Z)/18:1(11Z)); PS(14:0/22:2(13Z,16Z)); PS(14:1(9Z)/22:1(13Z)); PS(16:0/20:2(11Z,14Z)); PS(20:1(11Z)/16:1(9Z)); PS(20:2(11Z,14Z)/16:0); PS(22:1(13Z)/14:1(9Z)); PS(22:2(13Z,16Z)/14:0); PC(14:0/20:3(8Z,11Z,14Z)-2OH(5,6)); PC(20:3(8Z,11Z,14Z)-2OH(5,6)/14:0); PC(P-16:0/5-iso PGF2VI); PC(5-iso PGF2VI/P-16:0)",5.054620874309589,4.556952448806673,4.482323209197453,4.835219672673954,0.4976684255029164,0.2194012016356348,-0.2782672238672816,0.3931191867669854,0.4054757592740881,0.1934880806911593,0.7133457833556441,0.607271419997684,0.2166171575887326,0.916331590195946,0.0379473410337079,0.9594490591941168,0.0179780786650326,0.881195617434593,0.0549276714494428,ID1030,FT1030,298.696116709231,786.527779171167,"PS(18:0/18:2(9Z,12Z));PS(18:1(9Z)/18:1(9Z));PS(18:2(9Z,12Z)/",,786.525698508907,786.530234494448,293.510881198131,301.9754224202,11.0,1045;2462;3973;5130;6216;7191;8369;9599;10825;12027;13280,78.95818;152.9954;279.2323;281.2484;283.263;309.279;415.2253;417.2408;419.2556;435.2525;437.2674;699.4955;742.5221;786.5287|2112;9164;3451;21326;10477;457;1056;12869;6980;4687;2286;30370;660;44708,1.0,-0.0192491929674138,-0.0188894880886459,-0.0309885746421931,-0.0098328185714921,0.0040499892479795,0.0131617805832544,5.25341618963601,3.0,0.798202614379085,5.05549457296056,3.0,0.790849673202614,5.03831791265739,3.0,0.743464052287582,0.248976244163899,0.603842088730412,0.37722723139694,0.423396963817663,0.197921616675448,0.219663742667907,0.658241621089135,0.431469595354197,0.365049802579439,0.215098276978625,0.890807096131643,0.0502163320527495,0.944042714220799,0.0250083551397319,-0.0171766603031775
787.0505906553391,250.6488181818182,0.8009021282196045,Unknown,5.170162861577235,5.355189174590092,4.055116686473039,3.4829758572924217,-0.1850263130128571,1.6871870042848132,1.8722133172976705,0.7247456122084386,0.1398144052926356,0.0444273529445937,1.3523495619741448,0.0075020743652427,2.124818635166032,0.9641454531443872,0.0158574425154293,0.78769311288477,0.1036429517240523,0.8328109251977478,0.0794535861848719,ID1033,FT1033,250.20023637744,788.543827987139,2-amino-3-[hydroxy-[3-octadecanoyloxy-2-[octadec-11-enoyl]ox,+,788.541283679192,788.545152750002,247.332635738507,251.767401698971,11.0,1048;2465;3977;5134;6219;7193;8373;9603;10829;12031;13284,59.0141;168.043;224.0695;225.1863;227.2023;251.2018;252.4443;253.2169;255.2325;279.2341;281.2477;283.2424;327.2314;329.2502;460.2827;478.2925;712.3052;714.5081;728.5686;729.4718;788.541|4402;2301;2024;1064;667;2200;487;189721;1483;2616;7345;1898;4975;372;2684;9107;518;183193;449;1594;58427,1.0,-0.0351142810225998,0.0119903422124909,0.0087001174190453,-0.0037155565801538,0.0117104629270218,-0.0057552722672716,5.8303490177057,3.0,0.933006535947712,5.32791201434663,3.0,0.868464052287582,5.64846233297821,3.0,0.919117647058823,0.0006703290393391,3.17371196611787,0.0052706263681372,2.27813776959563,0.502437003359068,0.0199003420424708,1.70113945897316,0.12141218781467,0.915737714949574,0.181886684727496,0.0013511067226861,2.86931034509853,0.0151609763978345,1.81927282835194,0.320550318631572
787.1867816414701,409.2914444444445,0.5637295246124268,"Quercetin 3,7,4'-O-triglucoside; Quercetin 3-glucosyl-(1->2)-galactosyl-(1->2)-glucoside; Quercetin 3-(2''-glucosylgalactoside) 7-glucoside; Patuletin 3-(2''-apiosylgentiobioside); Quercetin 3-(2G-glucosylgentiobioside); Moracetin; Quercetin 3-glucosyl-(1->2)-galactoside 7-glucoside; Quercetin 3-triglucoside; 6-Hydroxykaempferol 3,6,7-triglucoside",3.850697456580516,2.976694517474313,3.104016972647384,3.7902957620045834,0.874002939106203,0.0604016945759333,-0.8136012445302696,0.2026193770590619,0.6933190241908345,0.9327433512161476,0.0302378380152811,0.226025120065409,0.6458432913856198,0.9029448569380816,0.0443387713462468,0.9594490591941168,0.0179780786650326,0.9870315889316982,0.0056689479593462,ID1031,FT1031,410.116883146812,787.086769039326,"NCGC00380510-01![6-[5,7-dihydroxy-2-(4-hydroxyphenyl)-4-oxoc",,787.086297046475,787.092882000405,409.572627098837,411.360250785692,11.0,1046;2463;3974;5131;6217;7192;8370;9600;10826;12028;13281,,0.0,0.0037166068840816,0.0061387610341587,-0.0285701597571236,-0.0095592817184998,-0.0258593024140992,0.0022411401804711,4.18441842192364,3.0,0.208333333333333,4.27007197088922,3.0,0.411764705882353,4.30827430735263,3.0,0.333333333333333,0.384600735581241,0.414989889472036,0.496355231433101,0.304207396428658,-0.0856535489655741,0.294230349771066,0.531312531954229,0.499901916348028,0.301115198398882,-0.123855885428989,0.743302587914429,0.128834355135972,0.85165714961802,0.069735203350463,0.0382023364634145
787.2763573576434,50.218818181818186,0.8864995241165161,Phomopsin A,4.494067078166145,3.3617825588949164,3.358665014452701,4.844399334981364,1.1322845192712283,-0.3503322568152187,-1.4826167760864473,0.2957726948400103,0.52904192171056,0.7953302503598876,0.0994524988567774,0.2647909883588017,0.577096799340503,0.9116684525285336,0.0401630733125223,0.9594490591941168,0.0179780786650326,0.9540608526408736,0.0204239239087996,ID1035,FT1035,51.6298414740159,788.543905307326,2-amino-3-[hydroxy-[3-octadecanoyloxy-2-[octadec-11-enoyl]ox,+,788.542447186497,788.546703014665,50.4669081296197,52.6185562236064,11.0,1049;2466;3976;5133;6221;7194;8372;9602;10828;12030;13283,59.0141;168.0432;224.0684;225.1859;227.2008;251.2014;252.4429;253.2175;255.232;279.2321;281.2478;283.2418;327.2321;389.2111;460.2826;478.2919;712.3006;714.509;715.5086;716.5234;728.5608;729.4736;786.1039;788.5427|9638;5413;4327;2857;2055;4788;1322;424991;3708;4156;10423;2535;6531;450;5575;19719;1273;432106;586;475;1079;3717;420;142064,1.0,-0.041740775995515,0.0174429002789255,0.011701257198463,0.0046666858131726,-0.0113414861811413,-0.0112866515870074,5.8926659268925,3.0,0.938725490196078,5.29072263288527,3.0,0.855392156862745,5.68177655293313,3.0,0.930555555555556,5.43857786442909e-05,4.2645146492679,0.0008178261463635,3.08733900892,0.601943294007232,0.00130405835471,2.88470297412439,0.022187359049152,1.65389438855835,0.210889373959367,0.0006693413398141,3.17435235130203,0.0090828063205007,2.04177994650022,0.391053920047865
788.6479293398668,50.74181818181819,0.9872847199440002,Unknown,5.793857287837632,4.662876480728196,5.643522634954004,5.599222103511104,1.1309808071094365,0.1946351843265281,-0.936345622782908,0.2241009848744779,0.6495562348321353,0.0079773569044854,2.098140977313045,0.2865258269997449,0.542836225291921,0.9029448569380816,0.0443387713462468,0.9594490591941168,0.0179780786650326,0.4708699143921361,0.3270990573400104,ID1035,FT1035,51.6298414740159,788.543905307326,2-amino-3-[hydroxy-[3-octadecanoyloxy-2-[octadec-11-enoyl]ox,+,788.542447186497,788.546703014665,50.4669081296197,52.6185562236064,11.0,1049;2466;3976;5133;6221;7194;8372;9602;10828;12030;13283,59.0141;168.0432;224.0684;225.1859;227.2008;251.2014;252.4429;253.2175;255.232;279.2321;281.2478;283.2418;327.2321;389.2111;460.2826;478.2919;712.3006;714.509;715.5086;716.5234;728.5608;729.4736;786.1039;788.5427|9638;5413;4327;2857;2055;4788;1322;424991;3708;4156;10423;2535;6531;450;5575;19719;1273;432106;586;475;1079;3717;420;142064,1.0,-0.041740775995515,0.0174429002789255,0.011701257198463,0.0046666858131726,-0.0113414861811413,-0.0112866515870074,5.8926659268925,3.0,0.938725490196078,5.29072263288527,3.0,0.855392156862745,5.68177655293313,3.0,0.930555555555556,5.43857786442909e-05,4.2645146492679,0.0008178261463635,3.08733900892,0.601943294007232,0.00130405835471,2.88470297412439,0.022187359049152,1.65389438855835,0.210889373959367,0.0006693413398141,3.17435235130203,0.0090828063205007,2.04177994650022,0.391053920047865
791.3783922474544,253.08218181818185,0.8938587307929993,Betavulgaroside II,5.337955638430636,5.701838193549835,5.668994062488936,5.105303455163329,-0.3638825551191997,0.232652183267306,0.5965347383865058,0.5574213956579273,0.2538163656588768,0.7683553937803872,0.1144378556757068,0.3826846957447561,0.4171589056524385,0.9241583043832848,0.0342536296116762,0.9594490591941168,0.0179780786650326,0.9498494136541716,0.0223452410299289,ID1043,FT1043,251.253732201189,792.567440213999,PE(20:0/P-18:1(11Z));PE(20:0/P-18:1(9Z));PE(20:1(11Z)/P-18:0,,792.564712481421,792.56982922595,249.542747011393,253.195744272116,11.0,1058;2476;3986;5144;6229;7202;8382;9612;10837;12040;13292,,0.0,-0.0227384016614553,0.0012492569430425,-0.0041796758739963,0.0012865660958047,0.0150867237735456,-0.0086588731461037,5.25730595515526,3.0,0.799019607843137,4.95639793823703,3.0,0.755718954248366,5.1195355989365,3.0,0.775326797385621,0.0150029989620801,1.82382192077752,0.0506942058416141,1.29504167606735,0.300908016918226,0.150186346822688,0.823369546486838,0.349566680080553,0.456469970050183,0.137770356218756,0.0326254228712983,1.48644385055079,0.124627066860658,0.904387626122734,0.16313766069947
792.0971473757581,50.56466666666667,0.6197013854980469,Unknown,5.020586081724861,4.792379966834328,4.898810427516591,4.631012974771238,0.2282061148905336,0.3895731069536232,0.1613669920630895,0.7365136225668005,0.1328192160299349,0.6265741114367135,0.2030275531064825,0.837413031115183,0.0770602852678312,0.9679356849794408,0.0141534986693739,0.9706578929929058,0.0129338096026886,0.9220586924849568,0.0352414335981413,ID1041,FT1041,51.6298414740159,791.551693820156,DG(11D3/13D5/0:0);DG(11D5/11D5/0:0);DG(11M5/13M5/0:0),,791.535677344738,791.556251834502,50.4669081296197,53.280373970146,11.0,1055;2473;3982;5141;6226;7199;8379;9608;10834;12037;13289,59.01326;61.98843;227.2015;228.2057;253.2168;254.2203;255.2341;256.2343;281.2478;282.2505;327.2319;480.3112;481.3114;714.5105;716.5268;717.5292;728.5611;791.5254|598;20451;552;192;12128;6308;6348;3608;1635;772;507;271;438;1339;1859;22412;575;16931,1.0,-0.0264469920595433,0.0094696664060453,0.0055053421598412,0.0018904680874145,0.0019467661319018,-0.0196382356696164,5.6620264199292,3.0,0.902777777777778,5.28364992640453,3.0,0.852124183006536,5.53502530788482,3.0,0.893790849673203,0.0011036693360303,2.95716102357027,0.0075438307457074,2.12240806404458,0.378376493524667,0.0518186852460266,1.28551361021625,0.210193117115148,0.677381509277576,0.127001112044379,0.0038988219679763,2.40906659556112,0.0299337186620286,1.52383932746052,0.251375381480288
792.3998855418988,36.64863636363636,0.9862774610519408,Unknown,5.294370317758916,4.92616027681599,5.273582593521334,5.032062383177636,0.3682100409429258,0.2623079345812797,-0.1059021063616461,0.2324926479026497,0.6335907762183055,0.20113631691991,0.6965095066587368,0.7064674354644097,0.1509078521084987,0.9029448569380816,0.0443387713462468,0.9657248817257064,0.0151465789323381,0.881195617434593,0.0549276714494428,ID1042,FT1042,36.7206074534578,792.399985227809,beta-D-Glucosyloxydestruxin B,,792.396979415564,792.401102773851,35.7166232356834,37.2964341441142,10.0,1057;2474;3984;5143;6228;7201;8381;9610;10836;13291,128.0098;177.0924;240.0554;282.0556;346.1765;366.9364;368.0647;443.8453;445.2144;457.2499;473.2827;574.2338;586.2321;789.9549;792.4007;793.3984|3169;631;521;539;98360;556;161009;915;238320;397;610;6731;51917;742;256674;276,1.0,-0.005801706044461,-0.0578179441263686,0.0146528861221805,0.0909640809385422,0.0681831470577494,-0.0125858499125917,5.35567716944433,3.0,0.821895424836601,5.33289903262502,3.0,0.869281045751634,4.88831841022159,2.0,0.693627450980392,0.670507119536517,0.173596606389552,0.742626790262177,0.129229387653402,0.0227781368193076,0.232352652852633,0.633852364662699,0.44694586727067,0.349745074114783,0.467358759222741,0.253742228034766,0.595607251042499,0.451398140421603,0.345440234372789,-0.444580622403433
793.7158797416178,56.34036363636363,0.9460834860801696,Unknown,5.276961568573586,5.130940768808913,5.216058806259323,4.523180717631393,0.1460207997646723,0.7537808509421922,0.6077600511775199,0.6972706890773466,0.1565985906957247,0.0092023965477547,2.03609905614066,0.1865865112801856,0.7291197554894351,0.955025423751189,0.019985066900146,0.9594490591941168,0.0179780786650326,0.4708699143921361,0.3270990573400104,ID1045,FT1045,56.2308390542704,793.53400071671,,,793.524712824834,793.537933989015,51.9051117136259,57.8616799655219,9.0,1060;2478;3988;6231;8384;9614;10838;12041;13294,61.98875;253.2165;254.2218;255.2325;256.2354;281.2498;329.2505;480.3048;645.4473;716.5245;718.5334;719.5385;793.5366|107862;7061;1666;8149;3416;1025;530;300;850;7354;1487;9855;112404,1.0,-0.0781964399294658,0.0334228540623027,-0.0386218384812353,0.0295138948215181,-0.0104169106227584,-0.0491093392788772,5.49413871412764,3.0,0.870098039215686,4.49931045996835,1.0,0.549019607843137,5.24555689423477,3.0,0.813725490196078,0.0249596860852356,1.60276088102116,0.0750662559013459,1.12455524500927,0.99482825415929,0.104658129175463,0.980227032791794,0.308358585473072,0.510943955226416,0.248581819892872,0.0603203966325131,1.21953581145616,0.194458295221389,0.711173525943958,0.746246434266419
796.4620720853221,400.29172727272726,0.9610540866851808,Unknown,6.802994014693888,6.683240612231438,5.156187966917135,5.014686628624957,0.1197534024624502,1.7883073860689311,1.6685539836064809,0.5806280140328197,0.2361020142391623,0.1902590456708951,0.7206546859814869,0.2067936328296094,0.6844628372876511,0.9241583043832848,0.0342536296116762,0.9594490591941168,0.0179780786650326,0.881195617434593,0.0549276714494428,ID1049,FT1049,396.81240566878,797.042111855448,,,797.04004723577,797.044405691786,396.324845771143,397.802029049989,11.0,1065;2483;3993;5148;6235;7205;8388;9618;10842;12043;13299,59.01416;140.5898;141.0171;142.0195;222.3405;223.0203;224.0238;304.0881;305.0234;306.0247;385.8357;387.0263;388.028;467.5853;469.0289;470.0311;549.3329;551.0327;552.0365;631.0842;633.0363;634.0391;715.0403;716.0412;797.0437;798.0446;879.0452;880.0474;961.0503;1043.055|75800;5647;2178121;2862;2343;797025;1577;4738;1823909;5757;3493;1255492;6687;2602;1015868;4369;1328;457285;3479;1363;575762;3219;141733;2445;85654;1490;6451;836;3746;1735,1.0,0.0011984252829968,-0.0009147743663733,-0.0108188743833229,0.0030427250797221,-0.008414799151043,0.0007198124137595,6.83441958808599,3.0,0.991013071895425,6.86980524552875,3.0,0.991013071895425,6.85454722641932,3.0,0.991830065359477,0.311857452985636,0.50604387241818,0.443981675670675,0.352634954028028,-0.0353856574427542,0.570880510071441,0.243454783605529,0.704416400578448,0.152170541123554,-0.0201276383333253,0.710689353685268,0.148320190355198,0.826070194970824,0.082983047118828,-0.0152580191094289
797.7095502056419,48.10572727272727,0.9694375991821288,Unknown,4.810428792183664,4.751658325385445,4.902013377822895,5.250940481609493,0.0587704667982196,-0.4405116894258283,-0.4992821562240479,0.9166689843475074,0.037787462829697,0.0826330470801937,1.0828462324097787,0.421074176190788,0.375641392352565,0.9958036908894162,0.0018262683699224,0.9594490591941168,0.0179780786650326,0.8655999289281896,0.0626827878961198,ID1050,FT1050,47.9461940550958,797.528127140899,"[1-[[2,3-dihydroxypropoxy]-hydroxyphosphoryl]oxy-3-[octadec-",+,797.515203461702,797.532301502562,46.7232321507202,49.0762864967128,11.0,1066;2485;3995;5149;6236;7206;8389;9619;10843;12044;13300,152.9951;253.2183;279.2334;280.2345;281.2475;282.2508;303.232;304.2322;305.2488;306.2577;307.265;491.2725;509.2983;515.2846;533.2836;795.0722;797.5374;798.5339|777;119;4292;182;15852;372;203;191;16696;156;4326;244;96;269;175;244;53775;192,1.0,0.0341135430170323,0.0150639639020511,-0.0143944873405422,0.0036397475730776,0.0776234844631908,-0.0061718829508585,4.90871019399239,3.0,0.676470588235294,5.36863724273955,3.0,0.879901960784314,5.35087270541312,3.0,0.84640522875817,0.024820496469953,1.60518953581051,0.0750227569179735,1.12480698054436,-0.459927048747156,0.0594336127967508,1.22596786943884,0.230114757238702,0.638055529172173,-0.442162511420732,0.931173806795419,0.03096924889286,0.96507978022225,0.0154367833628173,-0.0177645373264239
798.17986460019,76.43,0.9488794803619384,Unknown,4.533911579518047,4.721951744446945,4.494263218090147,4.438309282777066,-0.188040164928898,0.0956022967409806,0.2836424616698787,0.6386071510334596,0.1947662226005467,0.3884871174298239,0.4106233782064488,0.4922399466984617,0.3078231449470169,0.9365490963903488,0.0284694508220973,0.9594490591941168,0.0179780786650326,0.8971514435284977,0.0471342397461038,ID1054,FT1054,78.0659534299214,798.537899125113,"PE(22:4(7Z,10Z,13Z,16Z)/P-18:1(11Z));PE(22:4(7Z,10Z,13Z,16Z)",,798.537694190729,798.540196722374,77.9827414678028,78.3026438132994,4.0,1070;2488;3997;9623,,0.0,-0.0481926965770884,-0.0432945058219516,0.0101608667305897,-0.0389505068728674,0.0055382249510801,-0.049208714517914,4.73113080012431,3.0,0.577614379084967,4.0961875755012,0.0,0.281862745098039,4.0961875755012,0.0,0.179738562091503,0.0190555402060055,1.71997873489172,0.0611301729808658,1.21374437527959,0.634943224623107,0.0190555402060055,1.71997873489172,0.118655116334303,0.925713530536832,0.634943224623107,,,,,
799.8070770809674,47.45209090909091,0.954454243183136,Unknown,4.741333167357429,4.3019610665998265,5.0082462537324,4.926758509892454,0.4393721007576028,-0.1854253425350247,-0.6247974432926275,0.5363026312608195,0.2705900722533201,0.7378437376921463,0.1320356043608446,0.4562897677556077,0.340759270120836,0.9241583043832848,0.0342536296116762,0.9594490591941168,0.0179780786650326,0.9390571385666272,0.0273079815259871,ID1056,FT1056,48.0130371796126,799.547670999696,"PG(18:0/20:3(5Z,8Z,11Z));PG(18:0/20:3(8Z,11Z,14Z));PG(20:1(1",,799.541714186038,799.549352914817,46.7232321507202,49.3518863154888,11.0,1072;2492;4001;5154;6240;7210;8393;9626;10847;12048;13304,152.9928;279.2322;281.2475;282.2459;282.2535;283.2572;305.2478;306.2513;307.2638;309.2802;335.2937;417.239;443.2536;443.2633;491.2849;517.2906;517.3012;798.5372;799.5517|350;415;8684;126;216;140;361;301;8952;367;74;108;84;60;89;88;60;48;24297,1.0,0.0406991061347365,0.0126060645203062,-0.0238708588633171,-0.0012133148903342,0.0783305185244989,-0.0076358812720713,4.85269934916766,3.0,0.647875816993464,5.41638663992656,3.0,0.891339869281046,5.34885536189953,3.0,0.843954248366013,0.0212374594813553,1.67289743670633,0.0661882480727214,1.17921911403824,-0.563687290758902,0.0475940649901923,1.32244720069786,0.203878122369334,0.690629374732104,-0.496156012731871,0.747196114356061,0.126565395233676,0.854042963225782,0.0685202812752165,-0.0675312780270314
802.9488780134227,50.97981818181818,0.9012730717658995,Unknown,4.707716714744663,4.507310803188973,4.789146774397057,4.525648909101499,0.2004059115556904,0.1820678056431637,-0.0183381059125267,0.2495688135937815,0.6028096855374422,0.4576630122653032,0.3394541852746404,0.9423295380455916,0.0257971953732373,0.9029448569380816,0.0443387713462468,0.9925048770991348,0.0032673504670761,0.8994679735769128,0.0460142955162495,ID1064,FT1064,49.3518863154888,802.572975717273,"PE(22:2(13Z,16Z)/P-18:1(11Z));PE(22:2(13Z,16Z)/P-18:1(9Z));P",,802.565630363364,802.584749024701,48.0606551597577,50.4669081296197,11.0,1079;2503;4009;5158;6247;7214;8400;9633;10852;12052;13310,,0.0,-9.88384940542137e-05,-0.0076624272651488,-0.0035449848239438,0.0103407347436512,0.0226267531678711,-0.0030393719219955,4.84933683327864,3.0,0.64624183006536,4.8614169834192,3.0,0.720588235294118,4.8095485837468,3.0,0.64624183006536,0.825064028621157,0.0835123469678437,0.863839883752178,0.0635667483162841,-0.0120801501405605,0.650409369617354,0.186813211042825,0.766531237558794,0.115470142149485,0.0397882495318367,0.566920220403147,0.246478052705803,0.723846714672289,0.140353392394264,-0.0518683996723972
804.3895083835773,411.0521818181818,0.9630807638168336,Unknown,3.956815547426276,3.836152824702281,3.724963858630904,3.60541870279532,0.1206627227239955,0.3513968446309565,0.2307341219069609,0.4820828940079639,0.3168782785351456,0.2656165662986517,0.575744841850244,0.4494270512158624,0.3473407907504319,0.9241583043832848,0.0342536296116762,0.9594490591941168,0.0179780786650326,0.8906584929769418,0.0502887864752479,ID1066,FT1066,411.452240662554,804.148746145946,,,804.145431153168,804.152041051716,411.352236187242,412.653070809724,7.0,1083;2506;4012;8402;10854;12054;13313,,0.0,-0.0253203337123788,0.0274784105959167,0.0080825756661382,-0.0111763510117181,0.0145385829790231,0.0295008036444602,4.12424548759233,3.0,0.16421568627451,3.72225159621472,0.0,0.0612745098039216,4.10555046432252,3.0,0.190359477124183,9.71468124293806e-06,5.01257144485362,0.0003158584198717,3.50050754158077,0.401993891377611,0.296576681858741,0.527862998075602,0.501355631316942,0.299854102621176,0.0186950232698129,3.69146785327512e-07,6.43280090922879,4.7866033164134e-05,4.31997256262274,0.383298868107798
804.3958858717554,412.071,0.7010250091552734,Unknown,3.868474282402,3.2597631908278544,3.763103762212943,3.2464493304110555,0.6087110915741456,0.6220249519909444,0.0133138604167988,0.1615894763959584,0.7915869263088636,0.1643341839123888,0.7842720875671735,0.9578161972779566,0.0187178230368229,0.9029448569380816,0.0443387713462468,0.9943694462207052,0.0024522286359298,0.881195617434593,0.0549276714494428,ID1066,FT1066,411.452240662554,804.148746145946,,,804.145431153168,804.152041051716,411.352236187242,412.653070809724,7.0,1083;2506;4012;8402;10854;12054;13313,,0.0,-0.0253203337123788,0.0274784105959167,0.0080825756661382,-0.0111763510117181,0.0145385829790231,0.0295008036444602,4.12424548759233,3.0,0.16421568627451,3.72225159621472,0.0,0.0612745098039216,4.10555046432252,3.0,0.190359477124183,9.71468124293806e-06,5.01257144485362,0.0003158584198717,3.50050754158077,0.401993891377611,0.296576681858741,0.527862998075602,0.501355631316942,0.299854102621176,0.0186950232698129,3.69146785327512e-07,6.43280090922879,4.7866033164134e-05,4.31997256262274,0.383298868107798
804.3991151293438,39.10627272727273,0.9928374886512756,Unknown,4.551257501101728,4.150425870444569,4.504590682556112,4.3438384622758575,0.4008316306571586,0.2074190388258703,-0.1934125918312883,0.1036601074424992,0.9843883453550604,0.0499425079120472,1.3015296529134686,0.3038263953106092,0.5173744989400358,0.9029448569380816,0.0443387713462468,0.9594490591941168,0.0179780786650326,0.8460974733545796,0.0725796018527868,ID1070,FT1070,38.7390154499364,805.404365880233,"PGP(a-13:0/18:2(9Z,11Z));PGP(i-13:0/18:2(9Z,11Z));Licoricesa",,805.398857837907,805.40873133517,38.0363557226458,39.984187470282,10.0,1085;2509;4015;5162;6251;7218;8405;9637;10856;13315,,0.0,-0.0029789473683751,-0.0282480508116493,-0.0024134699083599,0.0482367011876815,0.01371057665057,0.0083195004107792,4.40575457491039,3.0,0.355392156862745,4.40681364813567,3.0,0.487745098039216,4.17367620749458,2.0,0.224673202614379,0.981071361597273,0.0082994015693531,0.985989012532597,0.006127924635919,-0.0010590732252842,0.180975951853151,0.742379130497366,0.383542017260712,0.416187051884744,0.232078367415808,0.174366978084719,0.758535759045002,0.342569467045231,0.465251347980825,-0.233137440641093
804.5899457117907,34.19963636363636,0.964402973651886,Unknown,3.694500662134555,3.3791388985072595,3.613181310533197,3.5646864068236157,0.3153617636272954,0.1298142553109396,-0.1855475083163558,0.3150852744377618,0.5015718931759264,0.687331430014839,0.1628337963936931,0.6390524761869429,0.1944634780189351,0.916331590195946,0.0379473410337079,0.9614787656740073,0.0170603027436901,0.930582671497438,0.0312450387822379,ID1070,FT1070,38.7390154499364,805.404365880233,"PGP(a-13:0/18:2(9Z,11Z));PGP(i-13:0/18:2(9Z,11Z));Licoricesa",,805.398857837907,805.40873133517,38.0363557226458,39.984187470282,10.0,1085;2509;4015;5162;6251;7218;8405;9637;10856;13315,,0.0,-0.0029789473683751,-0.0282480508116493,-0.0024134699083599,0.0482367011876815,0.01371057665057,0.0083195004107792,4.40575457491039,3.0,0.355392156862745,4.40681364813567,3.0,0.487745098039216,4.17367620749458,2.0,0.224673202614379,0.981071361597273,0.0082994015693531,0.985989012532597,0.006127924635919,-0.0010590732252842,0.180975951853151,0.742379130497366,0.383542017260712,0.416187051884744,0.232078367415808,0.174366978084719,0.758535759045002,0.342569467045231,0.465251347980825,-0.233137440641093
804.9472440898484,510.089125,0.6252501606941223,Unknown,4.155132387286455,3.4796242624636213,3.5269057149930303,3.870927472330436,0.6755081248228332,0.2842049149560188,-0.3913032098668143,0.0076368610755276,2.117085109709111,0.0972946373399179,1.0119110964003497,0.0521275746148135,1.2829324814015288,0.5927228664362193,0.2271483179516168,0.9594490591941168,0.0179780786650326,0.8655999289281896,0.0626827878961198,ID1067,FT1067,513.820191402733,804.216963181215,,,804.215133669721,804.218602572598,510.813245795443,514.955146415168,6.0,1082;2505;4011;8403;12055;13312,78.95898;96.96912;161.0449;179.0559;221.0667;263.0758;323.0995;341.1064;383.1191;503.162;545.1723;587.1844;605.1922;786.2077;804.2213|686;2587;554;2756;513;974;1329;684;1206;1043;3590;1321;1166;355;14330,1.0,-0.0402971285730014,0.0042698793152204,-0.0020284077212962,-0.0201214805808954,-9.0711911188797e-05,0.0668764982996078,4.21373046204605,3.0,0.220588235294118,3.62604329298082,0.0,0.0228758169934641,3.90670864467207,2.0,0.0727124183006536,0.0002288750568586,3.64040153480003,0.0024583633339365,2.60935393013037,0.587687169065226,0.116311072877735,0.934378938231249,0.31408813851289,0.502948464351792,0.307021817373972,0.127625119918458,0.894063836835297,0.282278328495441,0.549322462894966,0.280665351691254
805.6714689802797,291.86245454545457,0.90163916349411,Unknown,4.804418444442338,3.558163938270935,4.490748683282835,4.517667407250478,1.246254506171403,0.28675103719186,-0.959503468979543,0.0618780653379297,1.2084632732887048,0.1062174544944725,0.9738041106767272,0.1118569070977349,0.9513371933124112,0.8877018384890114,0.0517328806662789,0.9594490591941168,0.0179780786650326,0.8655999289281896,0.0626827878961198,ID1071,FT1071,292.27254881565,805.488134258037,"PI(16:0/16:2(9Z,12Z));PI(16:1(9Z)/16:1(9Z));PI(16:2(9Z,12Z)/",,805.486939607292,805.489067008077,289.079535003273,298.225865180855,6.0,2510;4016;8406;9638;12058;13316,152.9967;222.9994;225.182;241.0121;253.2174;255.2343;281.2482;297.0416;389.2119;417.2468;551.2599;579.2899;787.4793;805.4892|449;382;659;2176;2840;192;963;204;925;169;844;439;264;26764,1.0,-0.0595794148178481,-0.0140991885421338,-0.0568582564842673,-0.0546170428855079,0.0111617422905142,-0.0460602603775198,4.95887509822731,2.0,0.694444444444444,4.22595534096844,0.0,0.368872549019608,4.59667743284192,2.0,0.527777777777778,0.118928806231875,0.924712940399563,0.219995112733937,0.657586967069878,0.732919757258868,0.438282593532566,0.35824577708245,0.599204437812111,0.222424978836336,0.362197665385391,0.138257566597771,0.859311091186123,0.291629387230374,0.535168714685597,0.370722091873477
807.3203877461254,290.8917272727273,0.9284667372703552,Unknown,5.105734100825921,4.369795695390108,4.895852900126698,4.9638688220596405,0.7359384054358129,0.1418652787662804,-0.5940731266695325,0.1837935507791016,0.7356697318519128,0.3881282927534989,0.4110246980513667,0.2518518745267549,0.5988548123520465,0.9029448569380816,0.0443387713462468,0.9594490591941168,0.0179780786650326,0.8971514435284977,0.0471342397461038,ID1073,FT1073,291.749587655746,807.502081911615,"PI(16:0/16:1(9Z));PI(16:1(9Z)/16:0);PG(16:0/20:3(5Z,8Z,11Z))",,807.501335852111,807.505024030869,289.079535003273,300.393664565725,11.0,1088;2513;4019;5164;6253;7220;8408;9641;10858;12060;13319,152.9954;223.0017;227.2032;241.0119;253.2165;255.2326;259.0233;281.2487;283.2633;297.0386;389.2116;391.2245;417.2398;551.2644;553.2773;571.2909;579.2945;805.0097;807.5049|5301;4583;954;20528;18246;19968;1175;2312;564;2516;2004;11554;692;2072;10032;1687;768;870;286236,1.0,-0.0575969870882413,0.0067643724724876,-0.0274174904326258,-0.0115126195085208,0.0191497876337629,0.0024072469526476,5.56719718426054,3.0,0.883986928104575,4.81350348505879,3.0,0.701797385620915,5.26285845410704,3.0,0.81781045751634,0.0124308384649972,1.9054995770349,0.0438542483090663,1.35798832868755,0.753693699201746,0.149151519165887,0.826372318822189,0.348575035150847,0.457703720164847,0.304338730153496,0.0326785625187329,1.48573705568652,0.124627066860658,0.904387626122734,0.44935496904825
808.3945788243292,37.26436363636363,0.98260498046875,Unknown,5.296543137393356,5.041148401478782,5.267612904590727,5.143026342411708,0.2553947359145736,0.1535167949816482,-0.1018779409329253,0.3682745520999923,0.4338282900084729,0.2365129921623099,0.6261449975501817,0.7034111654515789,0.1527907422807723,0.916331590195946,0.0379473410337079,0.9657248817257064,0.0151465789323381,0.8894522633669387,0.0508773554076522,ID1074,FT1074,38.0363557226458,808.394453665025,,,808.393149888742,808.396179430218,37.0988129800163,38.9198639693722,11.0,1089;2514;4020;5165;6254;7221;8409;9642;10860;12061;13320,128.0092;141.0174;177.0925;219.0886;220.1462;221.155;240.0554;276.1604;361.0607;362.1723;368.0633;381.0732;443.8427;445.2146;446.2199;545.1602;602.2264;751.3271;805.8914;808.397|4687;2955;796;430;2335;11437;1007;30729;854;294035;2748;1026;1245;390826;456;2134;30422;463;605;260259,1.0,0.0018087754322554,-0.0270010422978595,0.0113166986566265,0.033395063264434,0.0202929528453587,0.0074831319799167,5.40596231376072,3.0,0.841503267973856,5.44431691619729,3.0,0.89624183006536,5.19996901688803,3.0,0.797385620915033,0.504960259908534,0.296742799270545,0.609139275039765,0.215283397899415,-0.0383546024365629,0.138267921103424,0.859278566844821,0.33438323737655,0.475755501859021,0.205993296872699,0.0954161162194947,1.02037826477111,0.260164971093809,0.584751177738914,-0.244347899309262
813.0152828449998,388.035,0.86285001039505,Unknown,4.369467380200273,4.18393753005166,4.284268354339753,4.397047343800245,0.1855298501486135,-0.0275799635999716,-0.2131098137485851,0.1358448648888223,0.8669567738276082,0.6119557839803116,0.2132799560686228,0.0978254997472256,1.0095479248031265,0.9029448569380816,0.0443387713462468,0.9594490591941168,0.0179780786650326,0.918812186108766,0.0367732534370716,ID1082,FT1082,389.183233265499,813.015163283329,,,813.013389314786,813.017984715591,388.347637563801,390.433823232179,7.0,1099;2528;4028;8418;10870;12070;13331,,0.0,-0.0291474763718519,0.0337788194102418,0.0134288798873405,-0.0015961553184521,0.0124962330466574,0.0404734052674125,4.69305534666028,3.0,0.547385620915033,4.22595534096844,0.0,0.368872549019608,4.66696439233755,3.0,0.568627450980392,5.93176836175972e-05,4.22681581670868,0.0008597490770116,3.06562828174491,0.467100005691843,0.388506309559261,0.410601923621062,0.553438233428759,0.256930841592663,0.0260909543227354,1.98559444509682e-07,6.7021094508268,2.89648589678499e-05,4.53812858177337,0.441009051369107
814.2383530191975,249.91645454545457,0.8874388337135315,Unknown,5.02779352532433,4.066490983873235,5.328577451794798,4.413122350001334,0.9613025414510944,0.6146711753229956,-0.3466313661280988,0.1998070801550333,0.6993891266316462,0.5163857224215873,0.28702577407262,0.6941477578785051,0.1585480747885521,0.9029448569380816,0.0443387713462468,0.9649419929164952,0.0154987933022905,0.8994679735769128,0.0460142955162495,ID1085,FT1085,246.268687738351,814.559060630914,"PS(14:1(9Z)/24:1(15Z));PS(16:0/22:2(13Z,16Z));PS(16:1(9Z)/22",,814.55677717858,814.55982820813,242.06903962284,248.991803935192,11.0,1104;2534;4032;5170;6263;7226;8422;9651;10873;12073;13336,59.01354;251.202;253.2162;255.2317;277.215;279.2319;281.2479;305.2475;478.2945;504.309;740.523;742.5404;814.5591|588;2757;17163;1210;3838;21414;2719;408;1304;622;45352;492;14506,1.0,-0.0238608759469737,0.0036265818680983,0.0038861384174595,-0.0064222387585778,0.0129549836321961,-0.0100684897486261,5.14147172891291,3.0,0.757352941176471,4.80848455174405,3.0,0.696895424836601,4.99772580716821,3.0,0.72875816993464,0.003099056780486,2.5087704666049,0.0155990180206057,1.80690274021319,0.332987177168858,0.046950111654249,1.32836337058069,0.202704428343425,0.693136763472231,0.143745921744697,0.0089523525111393,2.04806282520307,0.0546984051335056,1.26202533640543,0.189241255424161
814.2937150045207,33.59172727272727,0.9690990447998048,Unknown,4.102296591280286,3.488764395982072,4.122865360224926,3.895774934621503,0.6135321952982138,0.2065216566587828,-0.4070105386394309,0.1776992027007972,0.7503145207789471,0.3395493619650407,0.469097081263566,0.3181960356199567,0.4973052354974266,0.9029448569380816,0.0443387713462468,0.9594490591941168,0.0179780786650326,0.8971514435284977,0.0471342397461038,ID1083,FT1083,33.5347464333121,814.381476532511,,,814.379502060504,814.385075505408,32.9534469672671,34.3441811488634,7.0,1102;2532;4030;8420;9649;10871;13334,282.0541;346.1771;347.0478;445.2146;510.2045;608.21;814.379|36;96;36;132;384;559;3757,1.0,-0.0270100308288329,0.0052331117165522,0.0031479526753514,0.0329465851514358,0.0162836800936165,-0.030404866609032,4.10424973102837,3.0,0.152777777777778,3.73938649643891,0.0,0.071078431372549,3.95798629904826,2.0,0.0947712418300654,9.78168499953317e-07,6.00958632691315,8.38749032628481e-05,4.07636796771637,0.364863234589468,0.256703228557438,0.590568669170932,0.464217814517043,0.333278197361364,0.146263431980116,0.118780604590618,0.925254468504182,0.274315503268827,0.561749647029673,0.218599802609352
814.9779495092698,48.2379090909091,0.926214635372162,Unknown,4.471123236396696,3.404756511510382,4.0457439100999695,4.437974622835891,1.0663667248863136,0.0331486135608045,-1.033218111325509,0.2869333297327981,0.5422190018470205,0.9742578250291564,0.0113260973614606,0.2378879113276468,0.623627626802957,0.9116684525285336,0.0401630733125223,0.9594490591941168,0.0179780786650326,0.995139582946811,0.0021159988000645,ID1087,FT1087,50.5419728142726,815.558640593124,,,815.549644708245,815.56285927832,49.3518863154888,51.2610938826761,11.0,1107;2538;4034;5172;6265;7228;8424;9654;10875;12075;13338,,0.0,-0.0213689997330015,0.0046095216164283,0.0042368950311112,0.0034427053656056,-0.0085226914218142,-0.0138249604509084,4.70035409117384,3.0,0.553104575163399,4.40276716439922,3.0,0.48202614379085,4.56634164164678,3.0,0.503267973856209,0.00137003131875,2.86326950481085,0.0087667429598739,2.05716172673469,0.297586926774621,0.0046197046939208,2.33538578502821,0.0468958258004742,1.32886581213562,0.13401244952706,0.0169352115217038,1.77120937462401,0.0838214901973837,1.07664462244816,0.16357447724756
815.0178199488672,411.1734545454546,0.9583377242088318,Unknown,4.534889902550015,3.973897003504547,4.427285809959595,4.479662313253001,0.560992899045468,0.0552275892970142,-0.5057653097484538,0.1508713612208089,0.8213931912659652,0.3312468241828132,0.4798482768181287,0.1781610655450853,0.7491871985393138,0.9029448569380816,0.0443387713462468,0.9594490591941168,0.0179780786650326,0.8971514435284977,0.0471342397461038,ID1086,FT1086,410.798430960455,815.109936663028,,,815.102291377007,815.112800462611,409.572627098837,412.031252283315,11.0,1105;2536;4033;5171;6264;7227;8423;9652;10874;12074;13337,141.0173;170.0424;198.05;252.0471;334.053;416.0541|36;48;48;60;48;48,1.0,-0.0346207090192396,0.0248972873537303,-0.0101673717303414,0.0039650371650921,-0.0144027638457807,-0.0107184390905746,4.59165776733676,3.0,0.484477124183007,4.11720143539104,3.0,0.290032679738562,4.53798669642985,3.0,0.486928104575163,0.0057222688187303,2.24243174391822,0.0244978270068776,1.61087243648345,0.474456331945721,0.257895939443884,0.588555495748831,0.464982529624196,0.332563364164544,0.0536710709069146,0.0079882906991828,2.09754613925028,0.0503910013294402,1.29764701160792,0.420785261038806
816.0257348873124,250.40436363636363,0.8613661527633667,Unknown,5.565483599285867,5.812883553583845,5.312701966237777,5.438438996194336,-0.2473999542979781,0.1270446030915311,0.3744445573895092,0.3688182516029245,0.433187595280277,0.6758377112422078,0.1701575785755439,0.2052978250699183,0.6876156515311925,0.916331590195946,0.0379473410337079,0.9594490591941168,0.0179780786650326,0.928557152586288,0.032191360325957,ID1091,FT1091,247.181052064123,816.575666650838,PS(14:0/24:1(15Z));PS(14:1(9Z)/24:0);PS(16:0/22:1(13Z)),,816.573425016114,816.577453381107,244.230391269484,248.991803935192,11.0,1111;2541;4038;5174;6268;7231;8427;9657;10878;12079;13341,59.01392;168.0424;224.0681;252.4442;253.217;254.2216;255.2318;279.232;280.2368;281.2479;460.2828;478.2913;480.3099;488.3125;506.3242;671.4649;740.245;741.5267;742.5397;743.5455;757.5034;816.5778|8224;4303;3514;564;186897;707;10605;23817;708;170742;2680;8780;1139;2407;9629;1590;1363;770;436116;836;4331;137980,1.0,-0.0237592866144824,0.0017445255956542,-0.0020862638501095,-0.0061932801440188,0.0173052110645448,-0.0118229583620051,6.05876960124155,3.0,0.959967320261438,5.73973915685258,3.0,0.946895424836601,5.9185690336146,3.0,0.95343137254902,0.0130021569348138,1.88598459637127,0.0454358886505347,1.34260097344949,0.319030444388964,0.125235053538372,0.902274094228341,0.321077220156904,0.493390505741806,0.140200567626946,0.0238799580080108,1.62196644123217,0.103897370265466,0.983395444682,0.178829876762017
816.8650168470608,49.74945454545455,0.9771263003349304,Unknown,5.094372972051819,4.944850328419136,5.79954142973625,5.657048189707557,0.1495226436326833,-0.5626752176557375,-0.7121978612884208,0.8456042930128754,0.0728328208436412,0.291331617811962,0.5356123794433558,0.3525583604147715,0.4527689821954176,0.9954261097439372,0.0019909720217717,0.9594490591941168,0.0179780786650326,0.8906584929769418,0.0502887864752479,ID1090,FT1090,50.6233622139246,816.575153787877,PS(14:0/24:1(15Z));PS(14:1(9Z)/24:0);PS(16:0/22:1(13Z)),,816.57192833665,816.577396864392,49.3575750171321,51.2610938826761,11.0,1110;2542;4037;5175;6267;7230;8426;9656;10879;12078;13340,59.01411;78.95851;112.9849;168.0418;224.0695;252.4438;253.217;254.2196;255.2321;279.2323;280.2366;280.3866;281.2489;460.2833;478.292;480.3082;488.3146;506.3243;671.4695;702.5341;740.2479;741.5273;742.5397;743.5403;756.5878;757.5019;814.0505;816.577|14367;673;2933;7239;5492;1051;310854;1527;17247;33434;2150;566;277303;4029;13136;1778;4467;14337;504;639;1875;1326;770207;1360;453;6068;352;262203,1.0,-0.0238028034787782,0.0063300456634731,-0.0013122796864154,0.002992953031736,-0.0127519036754109,-0.0149271481945066,5.88452101097372,3.0,0.937908496732026,5.56257842484186,3.0,0.922385620915033,5.75423429903885,3.0,0.939542483660131,0.0036034237382375,2.44328466478341,0.0172705926577682,1.7626927589246,0.321942586131862,0.0325156951211326,1.48790695720136,0.164096346883459,0.784901087112751,0.130286711934873,0.0304986807716933,1.51571894576682,0.120650713425648,0.918470105699613,0.191655874196989
821.4445029114348,56.30636363636363,0.9261513948440552,"PGP(16:1(9Z)/18:3(6Z,9Z,12Z)); PGP(18:3(6Z,9Z,12Z)/16:1(9Z)); PGP(18:3(9Z,12Z,15Z)/16:1(9Z))",4.89782126760345,4.624769947651807,4.935413876285514,4.597194208701829,0.2730513199516426,0.3006270589016209,0.0275757389499782,0.5729701740849048,0.2418679846076141,0.664949000045821,0.1772116627390644,0.9713364906120854,0.0126302956317672,0.9241583043832848,0.0342536296116762,0.995603898594446,0.0019134114459875,0.9275028178685516,0.0326847622704327,ID1099,FT1099,55.2574745111771,821.558922817859,trimethyl(2-{[3-[octadec-11-enoyloxy]-2-[octadec-9-enoyloxy],,821.53943501419,821.565404923308,49.1774946763788,60.956583907839,11.0,1119;2552;4049;5183;6276;7240;8436;9666;10888;12087;13350,61.9881;253.2166;255.2349;281.2496;282.2508;283.2567;329.2502;744.5522;747.5693;821.5648|28015;300;695;2638;507;312;718;2023;1229;29901,1.0,4.20249767877418e-05,-0.0135586180879787,-0.0167152393633813,0.0178374128749986,0.0422533375137776,-0.015146012351019,5.09762254184058,3.0,0.741013071895425,5.14175799915728,3.0,0.818627450980392,5.06393213321073,3.0,0.754084967320261,0.625007360359425,0.204114868184467,0.703352529946107,0.1528269460534,-0.044135457316699,0.841922366771405,0.0747279527250493,0.906805365127018,0.0424859190283545,0.0336904086298517,0.606220621393472,0.217369294617899,0.757451247501266,0.120645314802622,-0.0778258659465507
826.1593547279765,409.5752727272728,0.960858941078186,Unknown,4.945540133206278,4.579974418971343,4.49543659247683,4.857467333188501,0.3655657142349353,0.0880728000177768,-0.2774929142171585,0.3017137295669313,0.5204049266845125,0.1583540164834816,0.8003709167285017,0.4059366739111255,0.3915417110435334,0.9116684525285336,0.0401630733125223,0.9594490591941168,0.0179780786650326,0.8807334056974399,0.0551555308114101,ID1102,FT1102,409.638814024915,826.066456471469,,,826.064732687811,826.069398056172,408.76681827495,410.019368444322,11.0,1122;2555;4053;5187;6279;7244;8439;9669;10892;12089;13354,59.0135;88.04008;141.0159;170.0425;223.0201;252.0465;305.0223;334.0483;387.0245;416.0509;469.0289;498.0538;551.0349;580.0591;633.0349;662.0617;744.0639;826.0694|754;818;32761;37172;12247;13609;21970;28360;14335;24411;8619;22137;2812;11429;2404;16735;4341;3772,1.0,-0.0365877543229726,0.0224740602995214,-0.010611680235723,0.0007974105577825,-0.0235230768313851,-0.0049972549430829,5.04870621513323,3.0,0.723856209150327,4.54550321970343,3.0,0.568627450980392,4.95617453546446,3.0,0.718137254901961,0.0038133151627213,2.41869729968975,0.0180607013415505,1.74326538896984,0.503202995429795,0.250245776972662,0.601633242731541,0.459590160715141,0.337629277618351,0.0925316796687641,0.0134824929382674,1.8702297985104,0.0721746296282477,1.14161543606963,0.410671315761031
829.6399375080592,47.37354545454546,0.8732705116271973,Unknown,4.154893809557805,3.955752374522701,4.062441736105788,4.032689157377297,0.1991414350351044,0.1222046521805078,-0.0769367828545966,0.5222827563851032,0.2820943125325661,0.7792774878297902,0.1083078697027095,0.8412949693421468,0.0750517080099547,0.9241583043832848,0.0342536296116762,0.9706578929929058,0.0129338096026886,0.9530665361239784,0.0208767790439353,ID1104,FT1104,48.1252251672333,830.596493671085,PS(15:0/24:1(15Z));PS(24:1(15Z)/15:0),,830.590245730028,830.605379999928,47.6923479516508,49.0762864967128,7.0,1124;2561;4058;6283;7248;8441;9672,244.0715;279.2292;281.2469;305.2483;306.2493;307.2667;401.2424;548.3505;566.3671;830.6062|109;272;5263;228;103;353;72;223;388;9553,1.0,-0.0064248897498352,-0.0355982597817511,0.0156694242583287,0.0108122898398768,-0.0103326463349457,-0.0205029104224892,4.54680088283397,3.0,0.459967320261438,4.49038605290333,2.0,0.541666666666667,4.19540114419362,0.0,0.237745098039216,0.732845966710315,0.134987297988473,0.794061342931928,0.100145946102147,0.0564148299306382,0.0011593332362602,2.93579171341724,0.0202644173937763,1.69326587779968,0.35139973864035,0.117303479645274,0.930689104949026,0.273912994266569,0.562387364590118,-0.294984908709711
831.3177563026686,286.1446363636364,0.8967041969299316,Unknown,5.10026920918355,4.038977485018536,4.076247823750937,3.900853878476781,1.0612917241650148,1.1994153307067692,0.1381236065417543,0.1351763221582756,0.8690993739015137,0.0492401734165603,1.3076804262175168,0.8222927049006563,0.0849735626356993,0.9029448569380816,0.0443387713462468,0.9706578929929058,0.0129338096026886,0.8460974733545796,0.0725796018527868,ID1105,FT1105,286.426726336394,831.502963701692,"Phosphatidylinositol 16;PC(DiMe(9,3)/DiMe(9,3));PI(16:0/16:0",,831.501577694024,831.505088533507,281.910662200935,298.225865180855,7.0,1125;2562;4059;6284;8442;12091;13360,152.9947;241.0127;251.2019;253.2165;255.2318;277.2171;279.2326;281.2457;297.0364;389.2048;391.2264;415.222;551.2589;553.274;577.279;671.4638;831.5053|801;2033;212;1854;719;726;1730;674;274;293;488;716;231;386;614;484;41496,1.0,-0.0625519715745394,-0.0133059577435837,-0.0441620266691796,-0.0322024973666581,0.0102936419476108,0.0943645218296018,5.18753141052242,3.0,0.773692810457516,4.37951231161852,1.0,0.470588235294118,4.65633805830133,2.0,0.566993464052288,0.0292053166565982,1.53453808059129,0.0848720398940522,1.0712353594578,0.808019098903904,0.14997879446018,0.823970141610731,0.349566680080553,0.456469970050183,0.531193352221094,0.375975999603671,0.424839877339268,0.563147918774974,0.249377516569277,0.27682574668281
832.8724255145108,287.242,0.918724775314331,Unknown,5.352625025888212,4.463855202226917,4.92804650770232,4.847387387203395,0.8887698236612955,0.5052376386848172,-0.3835321849764783,0.3828508397676718,0.4169703959617993,0.2193528678120351,0.6588566832704319,0.6820157594178076,0.16620558993426,0.916331590195946,0.0379473410337079,0.9636174359089608,0.0160953503813109,0.8875378462188501,0.0518131187758953,ID1106,FT1106,287.607969904922,833.518851966477,"PI(16:0/18:2(9Z,12Z));PI(16:1(9Z)/18:1(11Z));PI(16:1(9Z)/18:",,833.516082318635,833.519806140098,283.230747136778,298.225865180855,11.0,1126;2564;4061;5189;6285;7249;8443;9673;10895;12093;13361,78.95921;152.9953;223.0012;241.011;253.2171;255.2322;259.0218;279.2323;281.2487;297.0367;315.0507;389.2084;391.2234;417.2406;435.2514;551.2626;553.2774;579.2929;597.3065;673.4829;830.9454;833.5206;834.5257|1151;6828;6517;25300;22093;4104;1516;4144;28216;3929;861;3472;2626;13636;797;3970;2063;12120;2435;655;1205;488442;1144,1.0,-0.0575645109068688,-0.0086018466599829,-0.0175501871990067,-0.0077343698811064,0.0194216031606666,0.0087738072353722,6.04582262014794,3.0,0.959150326797386,5.29059668217274,3.0,0.854575163398693,5.60280094602919,3.0,0.909313725490196,0.0088916460088262,2.05101783561245,0.0341746011137956,1.46629654581906,0.755225937975198,0.0586197315379349,1.23195617484096,0.228427857089759,0.641250934390115,0.443021674118748,0.0773456970595974,1.11156384221353,0.230850200686829,0.636669743564023,0.31220426385645
837.7387994488688,297.6467,0.8112161755561829,"TG(14:0/20:5(5Z,8Z,11Z,14Z,17Z)/O-18:0); TG(14:0/O-18:0/20:5(5Z,8Z,11Z,14Z,17Z)); TG(14:1(9Z)/20:4(5Z,8Z,11Z,14Z)/O-18:0); TG(14:1(9Z)/20:4(8Z,11Z,14Z,17Z)/O-18:0); TG(14:1(9Z)/O-18:0/20:4(5Z,8Z,11Z,14Z)); TG(14:1(9Z)/O-18:0/20:4(8Z,11Z,14Z,17Z)); TG(16:1(9Z)/18:4(6Z,9Z,12Z,15Z)/O-18:0); TG(16:1(9Z)/O-18:0/18:4(6Z,9Z,12Z,15Z)); TG(20:4(5Z,8Z,11Z,14Z)/14:1(9Z)/O-18:0); TG(18:4(6Z,9Z,12Z,15Z)/16:1(9Z)/O-18:0); TG(20:4(8Z,11Z,14Z,17Z)/14:1(9Z)/O-18:0); TG(20:5(5Z,8Z,11Z,14Z,17Z)/14:0/O-18:0)",4.679298261644017,2.9501418153727834,3.380607444809345,4.530419903667398,1.7291564462712334,0.1488783579766188,-1.5802780882946146,0.1139126013017215,0.9434282305030712,0.871162265387308,0.0599009444196224,0.1048450413851802,0.9794521045403431,0.9029448569380816,0.0443387713462468,0.9594490591941168,0.0179780786650326,0.964833909067567,0.0155474416652151,ID1110,FT1110,294.242994329811,837.540926252238,PI(16:0/18:0);PI(18:0/16:0);1-hexadecanoyl-2-octadecanoyl-sn,,837.539115715755,837.544147858924,289.079535003273,300.393664565725,9.0,1131;2568;4066;5193;6289;8447;9677;12097;13365,,0.0,-0.0303865981823214,-0.017430722003856,-0.0430006365283433,0.0075364323109274,-0.0241892372344241,0.0235175261780915,4.8118601861537,3.0,0.617647058823529,4.47977357916121,2.0,0.535947712418301,4.52675773993882,2.0,0.480392156862745,0.0948783315564985,1.02283296101794,0.195108774123876,0.709723199760271,0.332086606992484,0.198324173236689,0.70262434750185,0.404688515658648,0.392879119939657,0.285102446214875,0.836498690936245,0.0775347343424833,0.907243468701299,0.0422761496274835,0.0469841607776091
838.2269785366879,399.7986363636364,0.926133930683136,Unknown,4.749188766370381,4.61736296013727,4.761971593744457,3.987650527031711,0.1318258062331105,0.7615382393386696,0.629712433105559,0.5924072734492198,0.2273796179437581,0.3143084320276911,0.5026439679039071,0.3895999825256315,0.4093810712724312,0.9241583043832848,0.0342536296116762,0.9594490591941168,0.0179780786650326,0.8906584929769418,0.0502887864752479,ID1111,FT1111,397.401043027341,838.042984288679,,,838.040957655865,838.045612256597,396.324845771143,398.628850058476,11.0,1132;2569;4067;5194;6290;7253;8448;9678;10899;12098;13366,59.01319;141.0161;142.0227;223.0186;224.0255;305.0241;306.0223;387.0269;388.0295;469.0246;470.0279;551.0309;552.0294;633.036;634.0425;715.0392;716.0564;797.0402;798.0388;879.0511;880.0457;961.0537;1043.057;1044.063;1125.049;1289.058|168;4439;60;1532;60;3901;133;3242;170;1694;105;1610;111;1150;184;813;48;475;60;237;60;192;118;48;60;36,1.0,-8.96864863089532e-05,-0.0013027156045066,-0.0139918019394189,0.0039726699513849,-0.0081228507015014,0.0079768203620293,4.81588306257238,3.0,0.620915032679739,4.83799408390763,3.0,0.71078431372549,4.82453389573108,3.0,0.65359477124183,0.524534158724854,0.280226224414824,0.623532206468379,0.20514110957876,-0.0221110213352587,0.8598205116278,0.0655921986927111,0.916026572378344,0.0380919280025614,-0.0086508331587014,0.820362146736942,0.0859943871171019,0.904463069196721,0.0436091614426625,-0.0134601881765573
839.5683235590677,48.98972727272728,0.9625212550163268,Unknown,4.164589511167216,4.109123094534889,3.734757153664172,3.935843351128101,0.0554664166323268,0.2287461600391149,0.1732797434067881,0.926230753374728,0.033280803347293,0.47792835152682,0.3206372056239376,0.784576342724963,0.1053647912598895,0.9958036908894162,0.0018262683699224,0.9706578929929058,0.0129338096026886,0.8994679735769128,0.0460142955162495,ID1114,FT1114,49.4741503308969,840.573672748998,PS(18:0/20:0);PS(14:0/24:0);PS(16:0/22:0),,840.570308941369,840.576537206371,48.0606551597577,50.7891593532533,10.0,1134;2572;4070;5197;6293;7256;8450;9680;12101;13368,,0.0,-0.0105851276292673,-0.0150580254099369,-0.0175408606431343,0.0015539609359067,-0.0397716179657243,0.0089739607969941,4.49677856136581,3.0,0.423202614379085,4.39324108759514,3.0,0.476307189542484,4.31435926158157,2.0,0.339869281045752,0.0836529175063602,1.07751890784184,0.175934370210055,0.75464930929502,0.103537473770672,0.263552005169166,0.579133675216083,0.472663684885065,0.325447763594858,0.182419299784244,0.618837887458305,0.208423105104588,0.765681144295525,0.115952047733325,-0.0788818260135722
839.8709267641298,50.087,0.6598002314567566,Unknown,3.570661308505161,3.634264609257626,3.7542233940912055,4.044563093419423,-0.0636033007524652,-0.4739017849142617,-0.4102984841617965,0.9250173449248136,0.033850123764198,0.5081627207720378,0.2939971983113101,0.6441862163683827,0.190988572001882,0.9958036908894162,0.0018262683699224,0.9629866308033864,0.0163797421679059,0.8994679735769128,0.0460142955162495,ID1114,FT1114,49.4741503308969,840.573672748998,PS(18:0/20:0);PS(14:0/24:0);PS(16:0/22:0),,840.570308941369,840.576537206371,48.0606551597577,50.7891593532533,10.0,1134;2572;4070;5197;6293;7256;8450;9680;12101;13368,,0.0,-0.0105851276292673,-0.0150580254099369,-0.0175408606431343,0.0015539609359067,-0.0397716179657243,0.0089739607969941,4.49677856136581,3.0,0.423202614379085,4.39324108759514,3.0,0.476307189542484,4.31435926158157,2.0,0.339869281045752,0.0836529175063602,1.07751890784184,0.175934370210055,0.75464930929502,0.103537473770672,0.263552005169166,0.579133675216083,0.472663684885065,0.325447763594858,0.182419299784244,0.618837887458305,0.208423105104588,0.765681144295525,0.115952047733325,-0.0788818260135722
842.0781613974287,247.8450909090909,0.8195069432258606,Unknown,4.55352196803272,5.340670137735683,4.307814582965538,5.059837377335939,-0.787148169702963,-0.5063154093032196,0.2808327603997433,0.1281493645033153,0.8922835431542416,0.2493680038832081,0.6031592710996566,0.3871632254268057,0.4121059007249261,0.9029448569380816,0.0443387713462468,0.9594490591941168,0.0179780786650326,0.8906584929769418,0.0502887864752479,ID1115,FT1115,243.926835995864,842.589908427628,"PS(16:1(9Z)/24:1(15Z));PS(18:0/22:2(13Z,16Z));PS(18:1(11Z)/2",,842.587504935057,842.591217088597,239.420010810813,246.299243150782,11.0,1138;2575;4072;5198;6294;7258;8453;9681;10901;12103;13370,59.01438;253.2179;255.234;277.2172;279.2325;281.2476;283.266;305.2475;307.2635;504.3072;506.3257;697.4854;768.555;783.5208;842.5918|936;3779;3168;2433;32727;24102;528;8675;4392;557;1675;492;86845;778;31080,1.0,-0.0124964644271038,-0.0041793711654049,-0.0085419980951822,-0.0028632737306682,0.0137826606640008,-0.0134256837707938,5.21511310198855,3.0,0.784313725490196,5.06653682735504,3.0,0.794934640522876,5.12879876275417,3.0,0.77859477124183,0.109650688646617,0.959988636448962,0.215891617744484,0.665764219351671,0.148576274633513,0.313132156098528,0.50427233161953,0.515345564805206,0.287901457250487,0.0863143392343826,0.199403089464208,0.700268117203584,0.376542727192121,0.42418573624703,0.0622619353991301
842.2239307633173,247.2356363636364,0.8781395554542542,Unknown,5.207934139017687,4.884020629628245,5.0777384660160205,4.9072771710055445,0.3239135093894418,0.3006569680121425,-0.0232565413772993,0.3160177614337366,0.5002885076477714,0.4554342439087324,0.3415743180742361,0.95729263776974,0.0189552810933782,0.916331590195946,0.0379473410337079,0.9943694462207052,0.0024522286359298,0.8994679735769128,0.0460142955162495,ID1115,FT1115,243.926835995864,842.589908427628,"PS(16:1(9Z)/24:1(15Z));PS(18:0/22:2(13Z,16Z));PS(18:1(11Z)/2",,842.587504935057,842.591217088597,239.420010810813,246.299243150782,11.0,1138;2575;4072;5198;6294;7258;8453;9681;10901;12103;13370,59.01438;253.2179;255.234;277.2172;279.2325;281.2476;283.266;305.2475;307.2635;504.3072;506.3257;697.4854;768.555;783.5208;842.5918|936;3779;3168;2433;32727;24102;528;8675;4392;557;1675;492;86845;778;31080,1.0,-0.0124964644271038,-0.0041793711654049,-0.0085419980951822,-0.0028632737306682,0.0137826606640008,-0.0134256837707938,5.21511310198855,3.0,0.784313725490196,5.06653682735504,3.0,0.794934640522876,5.12879876275417,3.0,0.77859477124183,0.109650688646617,0.959988636448962,0.215891617744484,0.665764219351671,0.148576274633513,0.313132156098528,0.50427233161953,0.515345564805206,0.287901457250487,0.0863143392343826,0.199403089464208,0.700268117203584,0.376542727192121,0.42418573624703,0.0622619353991301
842.3976226210348,49.76109090909092,0.9843106865882874,Proglumetacin,4.641890247218576,4.648650266791851,4.464216032845985,4.505360076645694,-0.0067600195732753,0.1365301705728816,0.1432901901461569,0.9847277100603312,0.0066838409401054,0.6165799293900398,0.2100106163221624,0.721298308054205,0.1418850865311098,0.9958036908894162,0.0018262683699224,0.9657248817257064,0.0151465789323381,0.918812186108766,0.0367732534370716,ID1116,FT1116,49.5964143463049,842.586928145223,Phosphatidylethanolamine alkenyl 18;PS(16:1(9Z)/24:1(15Z));P,,842.584424919068,842.593711111952,48.0606551597577,50.5419728142726,9.0,1139;2576;4073;6295;7259;8454;9682;12104;13371,279.2315;281.2469;305.2507;768.5598;782.435;842.448;842.5947|200;113;82;436;48;72;200,1.0,-0.0214172058352433,-0.0092964520610361,-0.0225439387470362,-0.0121095241978447,-0.046419211936694,0.0008205651723698,4.84904047232413,3.0,0.645424836601307,4.60365868745473,2.0,0.598856209150327,4.62551620592077,2.0,0.54983660130719,0.275820522958758,0.559373422438131,0.409644554468378,0.387592813976936,0.2453817848694,0.330017642656585,0.481462842232446,0.528728530940523,0.276767253817107,0.223524266403357,0.941018891392697,0.0264016578211496,0.967302176821181,0.0144378348872944,0.0218575184660432
842.4379224576016,281.74454545454546,0.8962967395782471,Unknown,3.637869373155921,3.5757943861674115,3.888158864519048,3.546161705553913,0.0620749869885095,0.0917076676020078,0.0296326806134983,0.8469883449758083,0.0721225657584533,0.6802840782993287,0.1673096933605571,0.9221505063612492,0.0351981909335956,0.9954261097439372,0.0019909720217717,0.9899530561711076,0.0043853992703578,0.929510226343701,0.031745827817625,ID1118,FT1118,280.155761604282,843.535805535944,,,843.535633460955,843.535977610933,279.932346434875,280.379176773688,2.0,6296;8455,241.0153;277.2128;281.248;377.243;403.2533;565.3182;715.508;843.5356|48;48;36;36;36;48;36;1140,1.0,0.0044814499267569,-0.0058373995159375,-0.0182696927170034,0.025029592902551,-0.01367841309601,0.0056630565885567,3.84566730873395,0.0,0.048202614379085,3.96543684982814,1.0,0.191993464052288,3.84566730873395,0.0,0.0506535947712418,0.373900966300059,0.42724341246482,0.484179615133447,0.314993499118616,-0.119769541094188,,,,,,0.373900966300059,0.42724341246482,0.561573265987348,0.250593575220363,-0.119769541094188
843.4412042445765,410.92277777777775,0.7090901136398315,Unknown,3.5796274248877205,3.515932796154157,3.328440099536018,3.382336029435818,0.0636946287335629,0.1972913954519026,0.1335967667183397,0.7508823995290014,0.1244280752925924,0.1424295527826734,0.8463998893591497,0.5279782400149541,0.2773839760195385,0.9721332827797056,0.012274187740873,0.9594490591941168,0.0179780786650326,0.8807334056974399,0.0551555308114101,ID1119,FT1119,411.356243486467,844.135075756516,,,844.133581367398,844.137337652507,410.798430960455,412.031252283315,8.0,1143;2580;4077;8457;9684;10903;12106;13375,,0.0,-0.038928644103769,0.0161308575233923,0.0248285845549682,0.0071836781991834,0.0081507734729303,0.0025307728097402,4.26220546297563,3.0,0.262254901960784,3.67520718139092,0.0,0.0359477124183007,4.03816029177164,3.0,0.137254901960784,3.92378762689305e-05,4.4062945066347,0.0006841038427757,3.16487797003212,0.586998281584715,0.0099203879187791,2.00347134521565,0.0775434595720299,1.11045482701303,0.224045171203995,0.0006931554666285,3.15916934731238,0.009192186699494,2.03658116341718,0.362953110380719
843.9295085483645,410.937,0.8752010464668274,Unknown,4.195769473088249,3.6113670563376057,3.910271934644591,3.944975922356637,0.5844024167506432,0.2507935507316117,-0.3336088660190315,0.0288964501731451,1.539155505510071,0.0220317857501572,1.656950300397649,0.0960068855072637,1.0176976187252718,0.7163723441576673,0.1448611886124463,0.9594490591941168,0.0179780786650326,0.6661800767099746,0.1764083597930007,ID1119,FT1119,411.356243486467,844.135075756516,,,844.133581367398,844.137337652507,410.798430960455,412.031252283315,8.0,1143;2580;4077;8457;9684;10903;12106;13375,,0.0,-0.038928644103769,0.0161308575233923,0.0248285845549682,0.0071836781991834,0.0081507734729303,0.0025307728097402,4.26220546297563,3.0,0.262254901960784,3.67520718139092,0.0,0.0359477124183007,4.03816029177164,3.0,0.137254901960784,3.92378762689305e-05,4.4062945066347,0.0006841038427757,3.16487797003212,0.586998281584715,0.0099203879187791,2.00347134521565,0.0775434595720299,1.11045482701303,0.224045171203995,0.0006931554666285,3.15916934731238,0.009192186699494,2.03658116341718,0.362953110380719
848.2520192452054,280.3085,0.8238950967788696,Unknown,4.314804051160714,4.058186601712648,3.867392835983507,4.114809497330081,0.2566174494480666,0.1999945538306331,-0.0566228956174335,0.4621993964308135,0.3351706259857244,0.6587089820701026,0.1813064145349767,0.8858373443322793,0.0526460150700302,0.9241583043832848,0.0342536296116762,0.9788834962557128,0.0092689935330136,0.9271385126474756,0.0328553782776072,ID1125,FT1125,279.725604910615,847.434814168079,Kudzusaponin SA1;Bayogenin base + O-Hex-Hex;3-Glu-28-Glu-Bay,,847.430501028853,847.633194689954,274.838064019333,281.509861193531,9.0,1150;2587;4084;5204;6302;7266;9689;10907;13382,144.8705;168.0411;241.0149;281.2477;403.2674;699.4981;761.4663;773.6494;795.1726;795.6435;796.6571;797.4414;797.6554;798.6504;829.5482;847.6419|166;182;48;131;48;73;60;36;60;854;36;48;6368;36;36;1071,1.0,-0.0196795630023487,-0.0344623413112142,0.0049285013168465,-0.033890774248046,0.0984489354806989,0.0121396009601957,4.2102453148063,3.0,0.218954248366013,3.95356413890436,3.0,0.187091503267974,3.86932262297847,2.0,0.0604575163398693,0.423432601784446,0.373215706944854,0.532834121283146,0.273407971881109,0.25668117590194,0.352022587013066,0.453429469759292,0.537705199155324,0.269455764241587,0.340922691827831,0.615345045581098,0.210881291752142,0.763441798058719,0.117224066329123,-0.0842415159258909
850.6663706595413,278.3058,0.7104676961898804,"PC(O-22:0/20:4(8Z,11Z,14Z,17Z)); PC(O-22:2(13Z,16Z)/20:2(11Z,14Z))",3.9701761483896103,3.858477725411923,4.290956805849145,3.8577687278409134,0.1116984229776876,0.1124074205486973,0.0007089975710097,0.7478106179518473,0.1262083727132797,0.481267370362109,0.3176135822288538,0.9983859349962836,0.0007015458472764,0.9721332827797056,0.012274187740873,0.9999482442740548,2.2477807867489785e-05,0.8994679735769128,0.0460142955162495,ID1126,FT1126,280.027583242041,849.438540506266,Goyaglycoside h,,849.432488272341,849.649649314184,274.838064019333,281.509861193531,10.0,1151;2588;4085;5205;6303;7267;8464;9690;10908;13383,144.868;146.8665;148.8636;281.2452;417.2417;671.4723;761.4708;763.4687;797.445;797.6546;799.4452;799.6689;849.4429;849.5754|422;4097;120;240;120;454;800;507;820;2339;1738;2635;1043;2467,1.0,-0.0159024173861915,-0.0273540352386285,0.0209528929119396,0.0216811441310957,0.0487870579914425,0.0071410292539222,4.296596866127,3.0,0.276960784313726,4.07473731570918,3.0,0.26062091503268,3.95052934882315,2.0,0.0898692810457516,0.0218867689478209,1.6598183467785,0.0673395985785897,1.17172947683452,0.221859550417825,0.0888865816041954,1.05116379555506,0.279790445579027,0.553167120091346,0.346067517303857,0.447641499272129,0.349069658360303,0.633420221922899,0.198308075903576,-0.124207966886031
854.4754995534068,61.93863636363637,0.9278458952903748,"PS(18:1(11Z)/20:5(7Z,9Z,11E,13E,17Z)-3OH(5,6,15)); PS(20:5(7Z,9Z,11E,13E,17Z)-3OH(5,6,15)/18:1(11Z)); PS(18:1(9Z)/20:5(7Z,9Z,11E,13E,17Z)-3OH(5,6,15)); PS(20:5(7Z,9Z,11E,13E,17Z)-3OH(5,6,15)/18:1(9Z)); PS(18:2(9Z,12Z)/PGE2); PS(PGE2/18:2(9Z,12Z)); PS(18:2(9Z,12Z)/PGD2); PS(PGD2/18:2(9Z,12Z)); PS(18:2(9Z,12Z)/20:4(7E,9E,11Z,13E)-3OH(5S,6R,15S)); PS(20:4(7E,9E,11Z,13E)-3OH(5S,6R,15S)/18:2(9Z,12Z)); PS(18:3(6Z,9Z,12Z)/PGF2alpha); PS(PGF2alpha/18:3(6Z,9Z,12Z)); PS(18:3(6Z,9Z,12Z)/PGE1); PS(PGE1/18:3(6Z,9Z,12Z)); PS(18:3(6Z,9Z,12Z)/PGD1); PS(PGD1/18:3(6Z,9Z,12Z)); PS(18:3(9Z,12Z,15Z)/PGF2alpha); PS(PGF2alpha/18:3(9Z,12Z,15Z)); PS(18:3(9Z,12Z,15Z)/PGE1); PS(PGE1/18:3(9Z,12Z,15Z)); PS(18:3(9Z,12Z,15Z)/PGD1); PS(PGD1/18:3(9Z,12Z,15Z)); PS(18:4(6Z,9Z,12Z,15Z)/PGF1alpha); PS(PGF1alpha/18:4(6Z,9Z,12Z,15Z)); PS(20:3(5Z,8Z,11Z)/5-iso PGF2VI); PS(5-iso PGF2VI/20:3(5Z,8Z,11Z)); PS(20:3(8Z,11Z,14Z)/5-iso PGF2VI); PS(5-iso PGF2VI/20:3(8Z,11Z,14Z))",3.4777160551569053,4.2857117759358685,4.3985478568941545,4.50022913627726,-0.8079957207789632,-1.0225130811203544,-0.2145173603413912,0.0889816106148029,1.050699737554137,0.0421051680031814,1.3756645954347084,0.4956466017431168,0.3048278670893524,0.9029448569380816,0.0443387713462468,0.9594490591941168,0.0179780786650326,0.8328109251977478,0.0794535861848719,ID1129,FT1129,61.2464279271704,855.607376159627,,,855.604268472915,855.609275979304,59.9464042253322,62.2138157466667,6.0,5209;6307;8468;10911;12115;13390,61.98817;255.2343;778.5948;781.6037;855.6089|5841;372;896;463;10164,1.0,0.0199802577099505,0.01806154502627,-0.0650562191687888,0.0343165175755939,-0.0007482946461545,0.0388164391446811,4.13738201593171,0.0,0.17156862745098,4.50876322773601,2.0,0.552287581699346,4.51889302460558,3.0,0.476307189542484,0.127109802720759,0.895820955320353,0.227549245049216,0.642924601034333,-0.371381211804296,0.0085398734613264,2.06854856437596,0.0717048784839969,1.14445129584399,-0.381511008673868,0.963651169807449,0.0160801470558121,0.982405158555235,0.0077093657405791,0.0101297968695713
854.9364445139224,279.94090909090914,0.93244069814682,Unknown,3.7174148668196794,3.867044272090996,4.031118118150535,3.7402323408618514,-0.1496294052713178,-0.0228174740421729,0.1268119312291449,0.7941393503122326,0.1001032837673613,0.968806699575734,0.0137628665839223,0.6682343599785985,0.1750711971123584,0.97847665772573,0.0094495302939998,0.9636174359089608,0.0160953503813109,0.995044634118366,0.0021574379311103,ID1128,FT1128,281.94026521443,855.503845314221,Phosphatidylinositol 16;Phosphatidylinositol 16;PI(16:0/18:2,,855.499011711864,855.505587830053,278.801146256296,284.686170503295,6.0,1153;2594;8467;10910;12114;13389,152.9976;241.0138;253.216;255.2319;281.2476;301.2145;303.2298;389.2129;391.221;417.2444;551.2652;695.4642;855.5068|72;561;284;399;72;240;228;108;156;84;108;155;8112,1.0,-0.0259372827667159,0.029903184862404,-0.003363704825665,0.0125337844384071,0.034238392049354,0.0600331388199321,4.30147079669693,2.0,0.27859477124183,3.91082773936016,0.0,0.163398692810458,4.30433118703623,3.0,0.331699346405229,0.140631533842516,0.851917286440877,0.245900777925214,0.609240097336544,0.390643057336775,0.990554926900943,0.0041214375523872,0.992381146382438,0.003321495205804,-0.0028603903392951,0.0075023603872766,2.12480207768911,0.047842921158207,1.32018231137417,0.39350344767607
856.2841915392634,411.05300000000005,0.954237699508667,Unknown,4.254444467786951,4.18153489425633,3.913021379827177,3.73121444518727,0.0729095735306204,0.5232300225996807,0.4503204490690602,0.7794953540927765,0.1081864689265615,0.2058832617062267,0.6863789600556595,0.2435190848735634,0.6134669969525091,0.9780280258245068,0.0096487001341336,0.9594490591941168,0.0179780786650326,0.881195617434593,0.0549276714494428,ID1130,FT1130,411.286014459847,857.121410854579,,,857.115638268672,857.126634392446,409.638814024915,412.031252283315,9.0,1154;2596;4089;6309;8469;9692;10912;12116;13391,,0.0,-0.0183995755934584,0.0244526909188847,-0.0264812205036779,-0.0060317296107992,-0.0157716410138965,-0.0077030044100629,4.08342896258368,3.0,0.134803921568627,3.85989176785855,1.0,0.138071895424837,4.17169193053186,3.0,0.222222222222222,0.169516226979702,0.770788722532108,0.28270441601386,0.548667407515178,0.223537194725128,0.276884674466869,0.557701081736066,0.481399509754868,0.317494356335322,-0.0882629679481788,0.0824530947456937,1.08379303916131,0.239957011392081,0.619866555736127,0.311800162673307
857.2645269317004,281.6276363636364,0.8190627098083496,Unknown,4.736176411448468,4.486038797516151,4.884205720049151,4.295035546068067,0.250137613932317,0.441140865380401,0.1910032514480839,0.6257277619844419,0.2036145760290648,0.3848436905680255,0.4147156292135114,0.7388403966213909,0.1314493672245781,0.932346301977682,0.0304227474062255,0.9657248817257064,0.0151465789323381,0.8971514435284977,0.0471342397461038,ID1131,FT1131,281.626883964859,857.517228890555,"PI(16:0/20:4(5Z,8Z,11Z,14Z));PI(16:0/20:4(8Z,11Z,14Z,17Z));P",,857.514432727252,857.521798169103,277.479766503889,296.94612733083,12.0,1155;2597;2598;4090;5211;6310;7271;8470;9693;10913;12117;13392,152.9951;223.0012;241.0111;253.2174;255.2321;277.2174;279.2335;281.2489;297.0389;303.2329;305.2502;391.2246;417.2413;553.2792;579.2938;697.485;857.5205|2015;1150;6639;428;2692;3729;936;3652;733;2670;671;1820;2130;1585;2157;1381;121103,1.0,-0.0360440328855581,-0.0059925868083519,-0.0354147175298923,-0.0076694825936565,0.0130550946945483,-0.0085647110328058,5.29605010150316,3.0,0.80718954248366,4.86236049468186,3.0,0.72140522875817,5.07715451224888,3.0,0.757352941176471,0.0482294852778492,1.31668737299793,0.120313720695194,0.919684842465452,0.433689606821303,0.276964121920226,0.557576486030321,0.481399509754868,0.317494356335322,0.218895589254283,0.224877185713539,0.648054602462554,0.41327822949244,0.383757471709159,0.214794017567019
857.3749698722143,410.2038181818181,0.9100050926208496,Olitoriusin; Thymulin,3.44469270193297,4.082244855200458,3.4699930094213265,3.762078870804236,-0.6375521532674884,-0.3173861688712662,0.3201659843962221,0.1119970009388886,0.9507936067327674,0.4250201758870622,0.3715904533180629,0.3563235501704807,0.4481554732675787,0.9029448569380816,0.0443387713462468,0.9594490591941168,0.0179780786650326,0.8994679735769128,0.0460142955162495,ID1130,FT1130,411.286014459847,857.121410854579,,,857.115638268672,857.126634392446,409.638814024915,412.031252283315,9.0,1154;2596;4089;6309;8469;9692;10912;12116;13391,,0.0,-0.0183995755934584,0.0244526909188847,-0.0264812205036779,-0.0060317296107992,-0.0157716410138965,-0.0077030044100629,4.08342896258368,3.0,0.134803921568627,3.85989176785855,1.0,0.138071895424837,4.17169193053186,3.0,0.222222222222222,0.169516226979702,0.770788722532108,0.28270441601386,0.548667407515178,0.223537194725128,0.276884674466869,0.557701081736066,0.481399509754868,0.317494356335322,-0.0882629679481788,0.0824530947456937,1.08379303916131,0.239957011392081,0.619866555736127,0.311800162673307
860.653048809357,286.9265555555555,0.7022307515144348,Unknown,5.351063954272193,5.370337161203703,5.374653303933828,5.077294063520179,-0.0192732069315102,0.2737698907520141,0.2930430976835243,0.9077289904050356,0.042043794143797,0.3114909722914845,0.5065545356526674,0.3063060905190105,0.5138443676971787,0.9958036908894162,0.0018262683699224,0.9594490591941168,0.0179780786650326,0.8906584929769418,0.0502887864752479,ID1135,FT1135,290.265025979557,861.548998173452,"PI(16:0/20:2(11Z,14Z));PI(18:0/18:2(9Z,12Z));PI(18:1(11Z)/18",,861.546818893103,861.551166585546,280.591762077858,299.064225622051,12.0,1161;1162;2602;4094;5215;6314;7275;8474;9697;10917;12121;13397,78.95928;152.9953;223.0006;241.0112;255.2318;259.0207;279.2326;281.2484;283.2638;297.0387;307.2651;315.047;391.2251;417.2407;419.2543;435.2539;553.2751;577.2817;579.2917;581.3061;597.3081;858.8879;861.5523;862.554|656;4762;4392;18884;725;1017;4955;29859;4862;2589;732;667;349;10435;3261;709;358;408;10552;3000;1825;1176;450955;1618,1.0,-0.0260187757682632,-0.0197035257862731,-0.0330269879859441,-0.0021243012101259,0.0173024992693749,-0.0064237836087052,5.93043303486128,3.0,0.943627450980392,5.64843064581385,3.0,0.933006535947712,5.68295238520265,3.0,0.931372549019608,0.170665711529657,0.767853724282269,0.283696280123082,0.547146358714583,0.282002389047435,0.241543914649188,0.617003899463195,0.45483051444063,0.342150406322409,0.247480649658632,0.785765788843683,0.104706883694034,0.877683683713087,0.0566619751756374,0.0345217393888033
860.9097539049154,283.8267272727272,0.9224014282226562,Unknown,5.269560228680504,4.535057528649285,5.353014874329778,4.44514000282787,0.7345027000312188,0.8244202258526343,0.0899175258214155,0.5099186676049913,0.2924990886612038,0.2932541148450327,0.5327558852927269,0.939015561479672,0.0273272104934714,0.9241583043832848,0.0342536296116762,0.9925048770991348,0.0032673504670761,0.8906584929769418,0.0502887864752479,ID1134,FT1134,282.996299647216,860.537588989655,"PS(18:0/22:4(7Z,10Z,13Z,16Z));PS(18:2(9Z,12Z)/22:2(13Z,16Z))",,860.534388453303,860.540006610208,280.591762077858,299.064225622051,12.0,1159;1160;2601;4093;5214;6313;7274;8473;9696;10916;12120;13396,,0.0,-0.0279189717402393,-0.0125343545552786,-0.042805041038758,0.0011259323504526,0.0140623920609574,-0.0145391238299593,5.39947357930104,3.0,0.840686274509804,5.1051637303104,3.0,0.806372549019608,5.21386989172401,3.0,0.803104575163399,0.198413975558776,0.702427740980753,0.316148361055903,0.500109065270096,0.294309848990642,0.360305037664357,0.443329665674997,0.537705199155324,0.269455764241587,0.185603687577035,0.504195070365439,0.297401404838775,0.678136840233146,0.168682661646634,0.108706161413608
867.994871408816,409.8235454545455,0.9519160389900208,Unknown,4.402976238384617,4.3150394919941375,4.274073640798655,4.601174302845087,0.0879367463904792,-0.1981980644604704,-0.2861348108509496,0.7806690378191735,0.107533044883977,0.1323643364439013,0.8782290131742623,0.4061385594815681,0.3913257759000392,0.9780280258245068,0.0096487001341336,0.9594490591941168,0.0179780786650326,0.8807334056974399,0.0551555308114101,ID1139,FT1139,409.917499516977,868.087126433661,,,868.085152376354,868.089886662681,408.76681827495,410.678761059845,11.0,1170;2609;4101;5219;6318;7278;8478;9701;10920;12125;13401,141.0158;212.0648;223.0202;294.0686;305.0228;376.0696;387.0279;458.0709;469.029;540.0786;551.0395;622.0779;633.0346;704.0854;786.0859;868.095|3147;1707;1431;550;2647;1378;1828;1293;1477;1452;431;717;276;1198;341;239,1.0,0.0049938542782017,0.007320010306138,-0.0313850798910076,-0.0073637229879997,-0.0188459956906957,0.0003652311290917,4.50287280614014,3.0,0.427287581699346,4.61042164877346,3.0,0.605392156862745,4.65523961054909,3.0,0.565359477124183,0.278896244840717,0.554557333191586,0.411017723633174,0.386139450362067,-0.107548842633329,0.170722791219682,0.767708497395963,0.370952859197041,0.430681277154225,-0.152366804408953,0.672729328350977,0.172159638374364,0.808723859801368,0.0921997436988139,0.0448179617756237
868.6986233743977,239.79536363636365,0.8491419553756714,Unknown,4.108442713855259,4.246681409216995,4.322755133559173,4.421293269710233,-0.1382386953617365,-0.3128505558549745,-0.174611860493238,0.7437231943456903,0.1285886740466455,0.323914004378654,0.4895702749200724,0.6848456498728701,0.1644072985249497,0.9721332827797056,0.012274187740873,0.9636174359089608,0.0160953503813109,0.8971514435284977,0.0471342397461038,ID1140,FT1140,239.976001467568,868.605561500711,"PS(18:2(9Z,12Z)/24:1(15Z));PS(18:3(6Z,9Z,12Z)/24:0);PS(18:3(",,868.602799930814,868.607238697504,234.083769632023,243.644129673875,8.0,1171;2610;4102;5220;6319;7279;9702;12126,281.2483;283.2635;303.2324;305.2476;506.328;723.499;794.5696;868.6112|1280;413;1123;3768;228;240;7751;3107,1.0,0.0007408552127783,-0.0449522376999573,0.0017688961664382,-0.0452775058201936,-0.0263848200507877,-0.0114507711820951,4.64819435352857,3.0,0.51797385620915,4.69710356656083,3.0,0.651143790849673,4.33261396470628,1.0,0.352941176470588,0.549368393329123,0.260136330349767,0.639158778699164,0.194391241767846,-0.0489092130322648,0.0629264545410018,1.2011667369742,0.235341043608453,0.628302325020188,0.315580388822286,0.0334416663738207,1.47571209011687,0.127098168932688,0.895860706158486,-0.364489601854551
871.4815788336092,49.10936363636363,0.915782868862152,"Avermectin; PG(22:6(4Z,7Z,10Z,13Z,16Z,19Z)/PGJ2); PG(PGJ2/22:6(4Z,7Z,10Z,13Z,16Z,19Z))",4.180059369401349,3.833170406533086,4.079404987303882,4.306027537153155,0.3468889628682627,-0.1259681677518065,-0.4728571306200693,0.4358149802428938,0.360697845854305,0.676732006548862,0.1695832827468567,0.2593735395243665,0.5860743313541235,0.9241583043832848,0.0342536296116762,0.9594490591941168,0.0179780786650326,0.928557152586288,0.032191360325957,ID1142,FT1142,49.3259672876646,870.551100071644,3-O-Sulfogalactosylceramide (d18:1/20:0);PC(18:0/10-HDoHE);P,,870.531432404969,870.561727197717,48.0606551597577,49.9173935381323,7.0,1172;2613;4104;9705;10921;12128;13403,,0.0,-0.0492998076654089,0.0234569823888434,0.0030881428339733,-0.0600818917815339,-0.0070962222360152,0.0194860106399722,4.59410300142573,3.0,0.486111111111111,3.85690331611815,0.0,0.13562091503268,4.3985484280032,3.0,0.394607843137255,4.69289269519702e-06,5.32855937598495,0.0001881849970774,3.72541500336477,0.737199685307576,0.194465659961993,0.711157078172292,0.401563277323226,0.396246009969359,0.195554573422533,0.0118753267573581,1.92535443164287,0.066009553071976,1.18039320769731,0.541645111885043
871.6418046756444,278.2314545454546,0.9267981648445128,Unknown,4.163985008001814,4.338912964913633,4.354053271958815,4.0373575842375535,-0.1749279569118194,0.1266274237642601,0.3015553806760795,0.0914048084879149,1.0390309569484693,0.3805760278609671,0.419558571003237,0.0969158702682288,1.0136051000847963,0.9029448569380816,0.0443387713462468,0.9594490591941168,0.0179780786650326,0.8971514435284977,0.0471342397461038,ID1143,FT1143,278.631866972778,871.564612498305,,,871.564066324898,871.56998329855,277.176927875896,294.368502211438,7.0,2614;5222;6321;8480;9706;12130;13404,241.013;281.2502;291.2322;303.2326;305.2466;403.2618;405.2685;417.2398;565.3201;579.289;871.568|809;247;160;108;1124;1152;84;150;406;107;15949,1.0,0.0047488672847616,-0.0076074595169874,-0.101043869020506,0.0122920234657904,-0.0400720956871431,-0.0034184005901435,4.42147838786774,1.0,0.366013071895425,4.67589141334631,2.0,0.636437908496732,4.60818002296516,2.0,0.533496732026144,0.44833521663824,0.348397146052884,0.557176927289053,0.254006876021433,-0.254413025478565,0.538797829878609,0.268574162157744,0.673776168212587,0.171484354288124,-0.186701635097417,0.834890657916419,0.0783703984959985,0.907243468701299,0.0422761496274835,-0.0677113903811479
878.0916761864148,264.97272727272724,0.9201620221138,Unknown,4.262988632123919,4.589837358514321,4.50729022259719,4.118030155127849,-0.3268487263904021,0.1449584769960692,0.4718072033864713,0.237757268996216,0.6238661964234103,0.6120015957830668,0.2132474454379736,0.1179219392760508,0.9284053872702812,0.9029448569380816,0.0443387713462468,0.9594490591941168,0.0179780786650326,0.918812186108766,0.0367732534370716,ID1144,FT1144,264.698224070869,878.648790635813,PC(16:0/24:1(15Z));PC(16:1(9Z)/24:0);PC(18:0/22:1(13Z)),,878.647337553959,878.650702282564,264.096831993009,266.31706442688,7.0,1174;2620;4107;5226;6326;10922;13405,253.2189;255.2323;281.2478;566.3807;804.6117;878.6486|456;8298;2527;432;16694;4828,1.0,-0.0188167356495186,-0.0160195220163077,-0.0356728095369681,-0.0030863660626188,0.070369213232,0.0526731452453323,4.67663321368388,3.0,0.538398692810457,4.48153704916217,2.0,0.536764705882353,4.50569541488554,2.0,0.466503267973856,0.348116389066828,0.458275529965535,0.481914863115528,0.317029679074357,0.195096164521711,0.410938006811637,0.386223689876519,0.571904507175643,0.242676480767898,0.170937798798339,0.917713251643065,0.0372929971025592,0.957935031008459,0.0186639446075936,0.0241583657233724
879.1829880112781,401.027,0.9686868786811828,Unknown,5.948012418788686,6.4965168289668505,5.627997447088568,5.9752653610245465,-0.5485044101781646,-0.0272529422358607,0.5212514679423039,0.5119009488200548,0.2908140654743058,0.97837625195756,0.0094940974363639,0.5126656404365977,0.2901657886037343,0.9241583043832848,0.0342536296116762,0.9594490591941168,0.0179780786650326,0.995139582946811,0.0021159988000645,ID1145,FT1145,397.254984309583,879.045102526534,,,879.043696649754,879.050776378975,395.467597606154,413.923287989945,12.0,1175;2621;4108;5227;5228;6327;7283;8481;9707;10923;12131;13406,59.0142;140.5894;141.0166;142.0204;222.3397;223.0202;224.0235;304.0886;305.0232;306.0253;385.8352;387.0267;388.0283;467.5853;469.0285;470.0302;549.336;551.0325;552.035;631.0851;633.0363;634.0417;712.8326;715.0392;716.0418;797.0423;798.0454;879.0466;880.0507;961.0498;962.0573;1043.052;1044.055;1125.056;1126.056;1207.063;1289.064|31033;3000;1038764;2686;1832;578160;2213;3782;1377705;7683;3821;1317155;10193;1902;621929;7344;1900;748675;6955;984;381685;6713;1336;549825;6080;98424;3619;113614;2533;11309;1819;8808;1706;5023;820;2859;1163,1.0,0.0002390161798292,-0.0002406724787682,-0.0118375738454746,0.0043417200278374,-0.0075814965133841,0.0020798480339257,6.66073783465354,3.0,0.986928104575163,6.68460803555097,3.0,0.987745098039216,6.67987832669622,3.0,0.990196078431373,0.485179661576484,0.314097412772973,0.591958552613094,0.227708700374339,-0.0238702008974236,0.573027368156216,0.24182463535306,0.705623915119989,0.151426708447895,-0.0191404920426752,0.916479902077906,0.0378770544468462,0.957504069583631,0.0188593715170851,-0.0047297088547484
881.3827976972607,282.5962,0.8265998363494873,Unknown,3.709135111454272,3.838075080993088,3.1236838629601027,3.801552724080592,-0.1289399695388162,-0.0924176126263205,0.0365223569124957,0.9056855763392812,0.0430225486380931,0.8995562011907771,0.04597169823888,0.9724170290930582,0.0121474443408471,0.9958036908894162,0.0018262683699224,0.995603898594446,0.0019134114459875,0.9721618903854204,0.0122614076594586,ID1148,FT1148,280.119111190125,881.518554843638,Phosphatidylinositol 16;Phosphatidylinositol 18;PI(16:0/20:3,,881.514877597168,881.5221066186,277.479766503889,295.650192701342,12.0,1178;2626;2627;4112;5231;6331;7286;8484;9710;10926;12134;13410,152.9944;241.0117;255.2322;281.2502;301.2163;417.2432;579.2888;881.5212|326;1083;276;619;496;483;408;24845,1.0,-0.036104411869229,-0.0074173835090437,-0.0198532818659903,-0.0081641507409967,0.0154103872654954,0.0017089751266851,4.74833077025793,3.0,0.586601307189543,4.28887926267135,3.0,0.418300653594771,4.47790326272457,3.0,0.446078431372549,0.027736624250938,1.55694639684608,0.0815822957796537,1.08840407751357,0.459451507586588,0.126108545676649,0.899255482701608,0.321390555226566,0.49296689009058,0.27042750753336,0.142793795637921,0.845290662158947,0.297491890244983,0.526524868825714,0.189024000053228
881.6682988318273,60.37318181818181,0.9209681153297424,Unknown,4.068512637469791,3.425572228654906,4.523458569117862,4.447044071818634,0.6429404088148849,-0.3785314343488428,-1.0214718431637275,0.0255094428862496,1.593299026065615,0.0926995657681587,1.0329223002129375,0.0064817067351741,2.1883106225134408,0.7082411614248684,0.1498188366004785,0.78769311288477,0.1036429517240523,0.8655999289281896,0.0626827878961198,ID1149,FT1149,60.598659352412,881.623236449323,,,881.619878137997,881.62561936887,58.6288690524988,62.0167011490042,10.0,1179;4113;5232;6332;7287;8485;9711;10927;12135;13411,61.98815;255.2336;804.6091;807.6256;881.4628;881.6249|11553;1199;2372;1414;786;23535,1.0,0.0296510156440705,0.0198156837301802,-0.0400931518607645,0.0346345086769759,-0.0091202254314447,-0.0190122328357568,4.18682811593959,2.0,0.209967320261438,4.65185484770597,3.0,0.624183006535948,4.62873227486629,3.0,0.551470588235294,0.0259782966601339,1.58538932806499,0.0768667218216232,1.11426164013716,-0.465026731766376,0.0377338279957342,1.42326913455267,0.180453526008353,0.743634627536256,-0.441904158926697,0.829278104864615,0.0812998009893269,0.906639940577377,0.0425651527047757,-0.0231225728396796
886.6685483728872,282.8686,0.6806619167327881,Unknown,4.16213153834735,4.616545251399105,3.720034714395458,5.060379360456838,-0.4544137130517551,-0.8982478221094876,-0.4438341090577324,0.6029351247698266,0.2197294150078104,0.2746058352850087,0.5612902383842104,0.4926972486924184,0.3074198628946401,0.9241583043832848,0.0342536296116762,0.9594490591941168,0.0179780786650326,0.8906584929769418,0.0502887864752479,ID1155,FT1155,280.729061483274,886.552770936731,"PE(DiMe(11,3)/MonoMe(13,5));PE(DiMe(11,5)/MonoMe(11,5));PE(D",,886.551609463592,886.556131053807,277.95948645899,297.734967233079,12.0,1188;1189;2636;4120;5238;6338;7293;8493;9716;10934;12140;13419,,0.0,-0.0115872847780298,-0.02075584704882,-0.0576222288442261,-0.0095372130802222,-0.0029695539575986,-0.010518690810507,5.44992811714304,3.0,0.85702614379085,5.40470805788536,3.0,0.887254901960784,5.35019383961766,3.0,0.845588235294118,0.819602455602464,0.0863967490836754,0.858869123771572,0.0660730098057853,0.0452200592576775,0.632726854041753,0.198783732927201,0.756280609908517,0.121317034229947,0.0997342775253713,0.766553201851633,0.115457697993202,0.86431650875445,0.0633271917407684,-0.0545142182676939
887.2774350785664,279.6696363636364,0.8604458570480347,Unknown,5.301879820706126,3.905647408273406,5.417939559563819,5.425392774826695,1.39623241243272,-0.123512954120569,-1.519745366553289,0.266723850040973,0.5739381486217914,0.4755962150925618,0.3227616102580466,0.2398999367555346,0.6199698665245659,0.9029448569380816,0.0443387713462468,0.9594490591941168,0.0179780786650326,0.8994679735769128,0.0460142955162495,ID1156,FT1156,280.729061483274,887.564718145048,"PI(18:0e/15-HETE);PI(18:0e/18-HETE);PI(16:0/22:3(10Z,13Z,16Z",+,887.562156601653,887.566429235149,277.95948645899,297.734967233079,12.0,1190;1191;2637;4121;5239;6339;7294;8494;9717;10935;12141;13420,78.95795;152.9951;223.0013;241.011;259.0226;281.2484;282.2515;283.2633;297.0371;303.2321;304.2366;305.249;306.2506;307.2635;315.0491;417.2405;419.2549;437.2658;441.2407;579.2934;581.3089;582.3138;583.3134;599.3183;603.2923;884.8202;886.5562;887.5676;888.5741|824;6607;5045;22390;1502;4307;501;20558;3153;612;919;24542;837;2862;508;2355;15030;746;1451;1686;14597;367;425;3029;2491;1623;974;740343;2522,1.0,-0.0019866313591803,-0.0172245733417625,-0.0588784768380062,0.0147087417388658,0.0004431237947799,-0.0175673550262177,5.64695256828135,3.0,0.897875816993464,5.74813165564144,3.0,0.947712418300654,5.65007278515663,3.0,0.919934640522876,0.647383774513518,0.188838189591385,0.723122266239334,0.140788265549522,-0.101179087360097,0.986417104610592,0.0059394056199589,0.989694237848501,0.0044989582566516,-0.0031202168752857,0.578068127612117,0.238020975243069,0.73088353729506,0.136151820223611,-0.0980588704848113
888.2647728789241,296.1695,0.8330464959144592,"6a, 3'-p-Dihydroxypaclitaxel",5.518348926427048,5.342912059689631,5.3737632824506525,4.549553323924144,0.1754368667374164,0.9687956025029036,0.7933587357654872,0.4917222197331856,0.3082801665532783,0.3081072726794954,0.5112980503124129,0.3845156033044428,0.4150860322174881,0.9241583043832848,0.0342536296116762,0.9594490591941168,0.0179780786650326,0.8906584929769418,0.0502887864752479,ID1158,FT1158,295.452734426335,889.574999232818,"PI(16:0/22:2(13Z,16Z));PI(18:0/20:2(11Z,14Z));PI(18:1(11Z)/2",,889.571809341621,889.579059458386,280.026055130993,298.137374176182,11.0,1194;2639;4123;5241;6341;7296;8496;9719;10937;12143;13422,,0.0,0.0037744627592815,-0.0222000948269044,-0.0432096154277669,0.008668007662312,0.0053126839645947,-0.0130824771815268,4.94810047534422,3.0,0.690359477124183,5.10050762566153,3.0,0.805555555555556,4.92103177166105,3.0,0.701797385620915,0.372098564986798,0.429342004849513,0.484179615133447,0.314993499118616,-0.15240715031731,0.873936613584012,0.0585200654994418,0.921946362230137,0.0352943449605637,0.0270687036831676,0.159969579973054,0.795962595505929,0.322208124729515,0.491863512704175,-0.179475854000477
890.3699877720737,399.4216666666666,0.7194707989692688,Unknown,4.092597863104239,3.7191339293113295,4.249773256791633,3.8865393089636697,0.3734639337929097,0.2060585541405695,-0.1674053796523402,0.4700908167833857,0.3278182326646645,0.6425132758741114,0.1921178943323836,0.7815111132095575,0.1070648418658169,0.9241583043832848,0.0342536296116762,0.9706578929929058,0.0129338096026886,0.9271385126474756,0.0328553782776072,ID1159,FT1159,398.052641127067,891.025847029291,,,891.022048968331,891.027847625474,396.47410721104,398.628850058476,7.0,1195;2641;5242;8497;10938;12144;13423,141.0161;305.0237;387.0235;820.9958;903.0147;1067.018|84;83;108;60;60;48,1.0,-0.0040061316114469,0.0353691274431916,-0.0026476187191236,0.0176234341094927,0.0016362068263692,0.0457833272303232,4.12860706189456,2.0,0.165849673202614,4.03169353151804,1.0,0.231209150326797,4.33353982355732,3.0,0.354575163398693,0.562171813748907,0.250130932901798,0.651534385298589,0.186062659074392,0.0969135303765247,0.128011959391609,0.892749454921212,0.322163431135549,0.491923758011686,-0.20493276166276,0.0574768871901577,1.24050676024457,0.188296050511431,0.725158789165917,0.301846292039285
893.094610927,406.8949090909091,0.9272368550300598,Unknown,3.469811352606332,3.8283833850407407,3.462040464104269,3.081657458407762,-0.358572032434409,0.3881538941985698,0.7467259266329789,0.3949239260403238,0.4034865542033953,0.2607118995307812,0.5838391461135434,0.1086063883472825,0.9641446283164689,0.916331590195946,0.0379473410337079,0.9594490591941168,0.0179780786650326,0.8906584929769418,0.0502887864752479,ID1160,FT1160,409.917499516977,894.054697007511,,,894.050695672012,894.05837221851,408.76681827495,411.277316949763,9.0,1196;2643;4125;5243;8498;9720;10939;12145;13424,,0.0,-0.0248022330001296,0.0223487929225543,-0.0005309366943168,0.0011435383611937,-0.0246542229629802,-0.0222578780726165,4.08560347198954,3.0,0.13562091503268,3.72468308268736,1.0,0.0629084967320261,4.07970616051673,3.0,0.169934640522876,0.0233861471975719,1.63104132110057,0.0712241394396935,1.14737278938719,0.360920389302182,0.906353271679279,0.0427024932317817,0.945487696190474,0.0243441183380861,0.0058973114728164,0.0321741475459382,1.49249295090375,0.123534684176127,0.908211090732223,0.355023077829365
897.0966109352801,410.078,0.961100935935974,Unknown,4.321038358400802,3.942992145087204,3.7738047559364505,4.305995741071606,0.3780462133135978,0.0150426173291959,-0.3630035959844018,0.3530669810781977,0.4521428958780062,0.8285169593267495,0.0816985973633636,0.3685092693711642,0.4335515835549511,0.916331590195946,0.0379473410337079,0.9594490591941168,0.0179780786650326,0.9590639928757037,0.0181524138662645,ID1162,FT1162,410.397822103328,897.110628800337,,,897.103346166602,897.114191657173,409.572627098837,411.360250785692,10.0,1198;2646;4128;5245;6344;8501;9722;10941;12147;13427,,0.0,-0.0383330098395024,0.0321843330657883,-0.0210966176662715,0.0106139462765677,-0.0212884176344137,-0.0091464153711096,4.39018613064721,3.0,0.34640522875817,3.87815273452274,2.0,0.149509803921569,4.38040811516968,3.0,0.38562091503268,0.0138570239341052,1.85833003291177,0.0476285708363673,1.3221324499222,0.512033396124469,0.865033086309371,0.0629672810591372,0.918183250215122,0.0370706340329643,0.0097780154775328,0.0174755991234459,1.75756792622341,0.084245505957361,1.07445325710322,0.502255380646936
904.9857137011288,35.910000000000004,0.8670231699943542,Unknown,3.329021787133533,3.3984166812269536,3.522688947955484,3.456771759796496,-0.0693948940934205,-0.1277499726629627,-0.0583550785695421,0.7607511325631786,0.1187573924162984,0.5807025522514764,0.236046265190549,0.8445429625416775,0.0733782526410037,0.9729310862067414,0.0119179202044766,0.9717899490853454,0.0124275970196123,0.9093286387276428,0.0412791308685889,ID1165,FT1165,34.8423335789143,904.481655954317,,,904.478243466955,904.484194854397,33.5347464333121,35.9369447823498,8.0,1202;2651;4133;5248;6347;8505;9725;13433,,0.0,-0.0151885914203982,-0.0246482057228561,-0.0198925639961379,0.038200105813185,-0.0170425255092703,0.0185440287503555,4.04226565933816,3.0,0.111928104575163,3.90069173030901,2.0,0.158496732026144,3.76722815255125,1.0,0.0294117647058824,0.30114055801947,0.521230749177203,0.432822092350564,0.363690579830618,0.14157392902915,0.0560292809563973,1.25158495095154,0.221912693099436,0.653817856013214,0.275037506786917,0.435218418084994,0.361292733936198,0.623544346725003,0.205132653888614,-0.133463577757767
908.1623236137764,409.4534545454546,0.9642100930213928,"2,2-dimethylpentanedioyl-CoA; 2-ethylpentanedioyl-CoA; pimeloyl-CoA",4.743064760804503,4.170236089990508,4.608178872033583,4.639587758043863,0.5728286708139958,0.1034770027606404,-0.4693516680533554,0.3464131767817652,0.4604055967506176,0.2161000783575945,0.6653450756421416,0.4226725256343213,0.3739959810642807,0.916331590195946,0.0379473410337079,0.9594490591941168,0.0179780786650326,0.8863065460693209,0.0524160430782955,ID1166,FT1166,409.389892058476,908.068576677355,,,908.062658741664,908.070834327493,408.3077958138,410.019368444322,10.0,1206;2654;4134;5250;6348;8507;9726;10947;12153;13436,59.01424;88.03863;141.0166;170.0435;223.0206;252.0464;305.0221;334.0497;387.0264;416.0533;469.0272;498.0569;551.0271;580.056;633.0323;662.0598;715.0393;744.065;826.0702;908.0737|108;108;4733;4480;2737;2152;4790;4914;3535;5758;1535;3573;1482;4359;617;2734;478;4021;816;1218,1.0,-0.0358367833054015,0.02261939716867,-0.0183709553914757,0.0017346277594392,-0.0258423485513793,-0.0003780746704599,4.83270712987118,3.0,0.63562091503268,4.35331290850595,2.0,0.451797385620915,4.76093309969019,3.0,0.616830065359477,0.0133841408887734,1.8734095004008,0.0464716411616498,1.3328119899945,0.479394221365229,0.367699762081977,0.434506651138801,0.537705199155324,0.269455764241587,0.0717740301809888,0.0336532426736936,1.47297308277902,0.127098168932688,0.895860706158486,0.407620191184241
908.7165728732372,281.6356363636364,0.9292479753494264,"PE-NMe2(22:2(13Z,16Z)/24:1(15Z)); PE-NMe2(24:1(15Z)/22:2(13Z,16Z))",4.143748386828366,3.667612289344767,4.217313441143542,3.640439622884157,0.4761360974835993,0.5033087639442093,0.02717266646061,0.3599382395692432,0.4437720117752315,0.3105209774822332,0.5079090554003125,0.9622124874598348,0.0167290111834981,0.916331590195946,0.0379473410337079,0.9953365278668164,0.002030057459888,0.8906584929769418,0.0502887864752479,ID1168,FT1168,280.029111353088,909.54660773891,"PI(16:0/22:3(10Z,13Z,16Z));PI(18:0/20:3(5Z,8Z,11Z));PI(18:0/",,909.545474625489,909.551559315872,277.95948645899,295.650192701342,11.0,1209;2657;4136;5251;6349;7300;8509;9729;10949;12155;13438,241.0107;281.2478;283.2632;329.2475;417.2402;579.2955;581.3058;909.5503|620;288;132;132;204;240;168;12364,1.0,-0.0211795216078727,-0.0120515326180108,-0.0413801189502532,-0.0044688339422463,-0.0034258786206173,-0.0116844311812118,4.53561251546909,3.0,0.450980392156863,4.32624815117734,3.0,0.435457516339869,4.38891460624895,3.0,0.389705882352941,0.243260747137447,0.613927963724006,0.373268722967282,0.4279783990686,0.209364364291749,0.396450431704508,0.401811104898537,0.559476777452157,0.252217935290577,0.146697909220141,0.689680220640642,0.161352228976697,0.817943920211005,0.0872764713626685,0.0626664550716081
909.310000944815,404.8793,0.6486903429031372,Unknown,3.4318031774200297,3.073550947922397,3.2327302596386613,3.040725173334698,0.3582522294976327,0.3910780040853319,0.0328257745876992,0.2290343715201473,0.6400993375666919,0.1579183079131147,0.8015675180934746,0.912361296060967,0.0398331465252403,0.9029448569380816,0.0443387713462468,0.9898038848909496,0.0044508459548572,0.8807334056974399,0.0551555308114101,ID1167,FT1167,409.389892058476,909.071485990713,,,909.070380163402,909.075586706859,408.550560386934,410.019368444322,8.0,1208;2656;4135;8508;9728;10948;12154;13437,,0.0,-0.0340742210418561,0.0265667744724049,-0.0019736070217892,-0.0060975899576105,-0.0147614897262069,-0.0080947331712669,4.26882472157945,3.0,0.268790849673203,3.7737308342804,0.0,0.0882352941176471,4.21239442103158,3.0,0.255718954248366,3.09454542726997e-05,4.50940313757357,0.0005816778357821,3.23531748421761,0.495093887299046,0.482086634921662,0.316874908467688,0.632964975110512,0.198620320846906,0.0564303005478637,0.0031281604498591,2.50471097917315,0.0270412092221155,1.56797389162278,0.438663586751183
920.0476537629472,401.0253636363636,0.9544374346733092,Unknown,5.242726856852417,5.05004732626477,5.235166612779132,5.24257425713373,0.1926795305876467,0.000152599718687,-0.1925269308689596,0.4794445542755277,0.3192616098999733,0.9965852029870992,0.001485565397712,0.4802179629174608,0.3185615988603628,0.9241583043832848,0.0342536296116762,0.9594490591941168,0.0179780786650326,0.9994997226215908,0.0002173220700555,ID1170,FT1170,397.247772944583,920.046605509253,,,920.044680092237,920.048615178127,396.324845771143,398.628850058476,11.0,1211;2662;4139;5253;6352;7302;8512;9733;10951;12157;13443,59.01426;141.0162;142.0203;223.0198;224.0236;305.0224;306.0265;387.0257;388.0285;469.0285;470.0318;551.0324;552.0349;633.0351;634.0371;715.0393;716.0434;797.0413;798.0463;879.0455;880.0506;961.0481;962.0553;1043.051;1044.059;1125.056;1126.062;1207.061;1208.067;1289.067;1290.06;1371.07;1453.065|3556;104344;2027;57650;1806;128057;6650;121954;8231;78538;6551;62489;6340;52251;5968;44127;5612;28586;3961;21035;3239;16591;2887;10403;2315;6842;1779;4551;1077;2479;535;1374;504,1.0,0.0011164829496696,-0.0033463559930081,-0.0136288865439241,0.0031082902244159,-0.0075406922295002,0.0057003625368606,5.28736377670593,3.0,0.804738562091503,5.32791081003286,3.0,0.867647058823529,5.29148846042802,3.0,0.826797385620915,0.280625318819342,0.551873148248941,0.411697876267888,0.385421373292813,-0.0405470333269289,0.92285518993707,0.0348664410599095,0.952828264482035,0.0209853685209581,-0.0041246837220887,0.500418684874929,0.30066648277842,0.67669595046239,0.169606422448259,-0.0364223496048401
928.9751662877568,33.59527272727273,0.9415383338928224,Unknown,3.4284393400820576,3.102507760338739,3.3471576005541634,3.4505682315872144,0.3259315797433184,-0.0221288915051567,-0.3480604712484751,0.2677809869947734,0.572220262037931,0.9334197858471442,0.029922997544326,0.3306967936020252,0.4805700159350969,0.9029448569380816,0.0443387713462468,0.9594490591941168,0.0179780786650326,0.9870315889316982,0.0056689479593462,ID1173,FT1173,33.2386492140629,930.430505707922,,,930.42840032024,930.434406396504,32.7161819272486,34.1639597103486,10.0,1215;2668;4144;5256;6355;7303;8516;9736;10955;13446,306.1069;368.0646;445.2138;484.2076;546.1608;724.2636;752.3305;930.4311|168;2427;1155;303;858;1649;156;13898,1.0,-0.011588390128054,-0.0391400451372784,0.0108111023475173,0.0487659452616359,0.009829394445971,0.0200117833312958,4.11342715311576,3.0,0.158496732026144,3.99043382184309,3.0,0.208333333333333,3.70136062709612,2.0,0.0147058823529412,0.302002580980458,0.519989345450859,0.433543084629464,0.362967736741291,0.122993331272667,0.0549460961595665,1.26006315813741,0.21833843473933,0.660869807461047,0.412066526019641,0.0831248239230332,1.0802692616207,0.241310123179552,0.617424458659801,-0.289073194746973
937.5932246510192,409.5883636363637,0.9104093909263612,Unknown,4.302455476619883,3.5175175603489586,3.4142883129340937,3.729058487897847,0.7849379162709247,0.573396988722036,-0.2115409275488886,0.2014993410442196,0.695726369777597,0.2437214986482204,0.6131061600541686,0.719843593344139,0.1427618562444728,0.9029448569380816,0.0443387713462468,0.9657248817257064,0.0151465789323381,0.8894756286949214,0.0508659469261094,ID1174,FT1174,410.111885921783,937.094284626571,Punicafolin;Tellimagrandin II,,937.08372201476,937.098752886153,409.917499516977,410.938379562958,8.0,1217;2670;4146;8517;9737;10956;12160;13447,,0.0,-0.0371021623073257,0.0115709635770328,0.012773478461553,-0.0019924420983769,0.0018487737828717,0.0025580657994047,4.42779206129048,3.0,0.370915032679739,3.8830446665027,0.0,0.151143790849673,4.20910778796143,3.0,0.251633986928105,3.15130697870695e-06,5.50150928877625,0.0001404082331623,3.85260742559539,0.544747394787774,0.0011742625973214,2.93023477207053,0.0202644173937763,1.69326587779968,0.218684273329051,0.0001216680000851,3.91482363059381,0.0027994338795992,2.55292978573796,0.326063121458724
940.8072430854112,373.7196,0.8707048892974854,Unknown,4.061905708330797,3.714655256588449,3.887879581704341,3.9856237817367934,0.3472504517423478,0.0762819265940035,-0.2709685251483442,0.0031625387801289,2.499964140316441,0.1607224536167682,0.7939234461945425,0.0049855812930928,2.30228419790103,0.5653457571508695,0.2476858628081998,0.78769311288477,0.1036429517240523,0.8809604279342232,0.0550435993243742,ID1175,FT1175,373.049424471802,940.807530063557,,,940.800338730345,940.815186461855,372.308026467206,373.925296591707,7.0,1218;2671;4149;8519;10957;12161;13449,156.9908;254.9658;352.9456;450.9188;548.8993;646.8723;744.8575|1813;535;1436;792;693;242;139,1.0,-0.0269057215730647,0.0260751714173148,0.0161392849710743,-0.0038106100290155,0.0193824727889382,0.0343047225319988,4.11794209382317,3.0,0.161764705882353,3.68600227242178,0.0,0.0441176470588235,4.05728841152168,3.0,0.152777777777778,2.45211768799329e-05,4.61045868993685,0.0005086030308027,3.29362105615994,0.431939821401391,0.0987116001504231,1.00563180796571,0.296434603685655,0.528071101257632,0.060653682301484,5.48515395521524e-05,4.26081117830584,0.0015827369815864,2.80059124997418,0.371286139099907
949.8493553869756,407.9974545454545,0.9362380504608154,Unknown,4.08186239405769,4.034166694009792,4.216060678658294,4.355486122084481,0.0476957000478979,-0.2736237280267914,-0.3213194280746894,0.9127383357079536,0.0396537083864953,0.1149997230586105,0.9393032055095368,0.4865287880302791,0.3128914573220418,0.9958036908894162,0.0018262683699224,0.9594490591941168,0.0179780786650326,0.8736672380768721,0.0586539497285545,ID1176,FT1176,409.745063307907,950.088969740477,,,950.081267825602,950.091013556894,408.3077958138,410.116883146812,10.0,1220;2675;4150;5257;6356;8522;9738;10958;12162;13450,141.0139;141.0174;212.0624;223.0176;305.0217;376.0677;387.0239;458.0685;469.0348;540.0756;551.0217;622.0873;633.0471;704.0884;715.0433;786.0777;868.0901;950.0841|201;36;145;99;284;71;409;127;96;104;144;138;48;75;60;131;48;99,1.0,-0.0038340936482047,0.0112301903500408,-0.0507804250596482,0.0090886516174238,-0.0406641688983432,0.0041679571450069,4.27678401473825,3.0,0.270424836601307,4.30426753132319,2.0,0.423202614379085,4.41974007673837,3.0,0.413398692810457,0.895116964038749,0.0481202121503679,0.918072861699123,0.0371228501950895,-0.0274835165849447,0.240115252300171,0.619580252356902,0.453217538716572,0.343693292055676,-0.142956062000124,0.612711072016143,0.212744271664018,0.763390158999509,0.117253442919481,0.115472545415179
954.8673371871648,33.348909090909096,0.9807019233703612,Unknown,3.980744836645551,3.654097456777708,3.4140133242419504,3.691308237613261,0.3266473798678433,0.2894365990322898,-0.0372107808355535,0.3187874197277871,0.4964988254522272,0.1699721677819276,0.7696221866705633,0.9045551897878692,0.0435649303087409,0.916331590195946,0.0379473410337079,0.9859176341340952,0.0061593655204685,0.881195617434593,0.0549276714494428,ID1177,FT1177,33.7543637731016,954.503370352356,,,954.500771312604,954.509402741968,32.9534469672671,35.6515939946515,9.0,1221;2676;4151;5259;6358;7306;8523;9740;13453,368.0665;445.2117;508.2866;530.1757;586.2266;748.3339;792.4055;954.5026;955.5038|701;636;298;133;215;834;118;2569;36,1.0,-0.0029514438821934,-0.0315574797824503,-0.0104604704506472,0.0274001641468624,-0.0054123930475429,0.0193928301553739,4.03765629187619,3.0,0.106209150326797,4.04648624393875,3.0,0.238562091503268,3.78558302850471,1.0,0.0326797385620915,0.807860276390465,0.0926637462054545,0.849524399036477,0.0708241433226151,-0.0088299520625669,0.0730169470344157,1.13657632961452,0.254944253519852,0.593554772646281,0.25207326337148,0.0697735798594823,1.15630899418676,0.213156459937214,0.6713015010531,-0.260903215434046
962.494672068764,42.496818181818185,0.9768589735031128,"CDP-DG(18:2(9Z,11Z)/a-15:0); CDP-DG(18:2(9Z,11Z)/i-15:0); CDP-DG(a-15:0/18:2(9Z,11Z)); CDP-DG(i-15:0/18:2(9Z,11Z))",3.751248278130452,3.952895140419896,4.001252410013612,4.329410777737779,-0.2016468622894445,-0.5781624996073274,-0.3765156373178828,0.6267835547605959,0.2028824068595118,0.2245088734476699,0.6487664893457304,0.1211174413130514,0.9167933125084696,0.932346301977682,0.0304227474062255,0.9594490591941168,0.0179780786650326,0.8875378462188501,0.0518131187758953,ID1180,FT1180,41.2933311148092,961.485789382627,"PIP(16:0/20:3(5Z,8Z,11Z));PIP(16:0/20:3(8Z,11Z,14Z));PIP(18:",,961.482350567359,961.48912779456,40.8203162350149,42.6280521487404,6.0,1225;2680;5262;7308;8526;10961,183.0122;184.0185;197.025;297.1472;297.1549;311.1661;312.1694;313.169;323.1627;324.1674;324.1795;325.1838;326.1903;339.202;485.2802;627.1391;961.483;961.6084|433;84;144;62;108;1157;244;96;36;48;48;18102;72;186;36;36;242;84,1.0,0.0078041098270544,-0.0115539175362784,0.046594762281012,0.028078138962506,0.0331949655944073,0.0208401216867634,4.31344398951621,2.0,0.288398692810457,4.35665757560936,2.0,0.455882352941176,4.18621120547044,1.0,0.230392156862745,0.837409663853508,0.0770620315818368,0.87448248751369,0.0582488833291853,-0.0432135860931497,0.519044954943254,0.284795025892808,0.661941211437344,0.179180579566472,0.127232784045767,0.423147375438922,0.373508348481328,0.609645663132372,0.214922511314607,-0.170446370138917
969.9527419567356,32.501363636363635,0.9812352657318116,Unknown,5.450583991193522,4.956281441419878,4.292983898690917,4.355908823164124,0.4943025497736437,1.094675168029398,0.6003726182557543,0.2651463833773796,0.5765142923242578,0.2376413785099286,0.6240779370329418,0.4750532290269241,0.3232577255803869,0.9029448569380816,0.0443387713462468,0.9594490591941168,0.0179780786650326,0.8894522633669387,0.0508773554076522,ID1184,FT1184,32.5298173345453,970.499285655385,Rose bengal,,970.497243552651,970.502704035128,31.6102194889928,33.2507293835713,11.0,1231;2689;4158;5267;6365;7313;8532;9747;10968;12169;13458,306.1104;346.1767;362.1751;368.065;445.2135;446.218;447.2206;522.2615;523.2635;524.2761;545.1527;546.1636;586.2323;602.2268;752.3322;764.3332;792.4005;808.3976;967.4979;970.5005;971.504|811;7103;578;109790;85305;5762;2899;1238;2669;24715;847;7839;30157;2757;2819;82588;4548;1083;2280;805397;3837,1.0,-0.0110548352174502,-0.0395515606761068,0.009583301499126,0.0501004576138841,0.0170214090173667,0.0133701798088472,5.42458278549903,3.0,0.848856209150327,5.31067353541344,3.0,0.862745098039216,5.0253002431567,3.0,0.73937908496732,0.197352930672722,0.704756419987792,0.316113312620161,0.500157214139122,0.113909250085588,0.0573802918912504,1.24123724684574,0.22504997598906,0.647721029061069,0.399282542342329,0.116247287703557,0.934617171333665,0.273912994266569,0.562387364590118,-0.28537329225674
975.0040061546166,408.1871,0.810450553894043,Unknown,3.454200591691116,3.2188301513094086,3.3277494287725267,3.22116748573343,0.2353704403817071,0.233033105957686,-0.0023373344240211,0.1199346209498393,0.9210554331052808,0.1433796140419228,0.8435125930090479,0.987006457923752,0.0056800057584537,0.9029448569380816,0.0443387713462468,0.9974484128512096,0.0011095563864819,0.8807334056974399,0.0551555308114101,ID1186,FT1186,409.512135589787,976.058782412972,,,976.058135531818,976.066007874905,408.76681827495,410.019368444322,6.0,1233;2694;4160;8534;9749;12172,,0.0,-0.0251357107342959,-6.0372214337803e-05,0.0173296016895705,-0.0096762334122105,-0.0559038832515776,-0.0233693065496561,4.00838021640243,3.0,0.0939542483660131,3.64393757064336,0.0,0.0277777777777778,3.77136246697329,1.0,0.0302287581699346,0.0008242013055384,3.08396670188654,0.0061204578429799,2.21321608908933,0.364442645759066,0.150789056054354,0.821630177482675,0.350294576372422,0.455566586832361,0.237017749429139,0.373900966300059,0.427243412464819,0.561573265987348,0.250593575220363,0.127424896329927
978.7127823357756,410.1284,0.8355833292007446,Unknown,4.102401376240979,3.7738951039710016,4.03891525116854,4.104740977304734,0.3285062722699776,-0.0023396010637544,-0.330845873333732,0.1748163321674084,0.757417995964526,0.9765969827459934,0.0102846218282518,0.172817873684946,0.7624113426365567,0.9029448569380816,0.0443387713462468,0.9594490591941168,0.0179780786650326,0.995139582946811,0.0021159988000645,ID1187,FT1187,410.397822103328,979.112711889476,"(5-{4-[5,13-bis(3,4-dihydroxyphenyl)-6,9,17,19,21-pentahydro",,979.105039639866,979.115593873703,409.572627098837,411.360250785692,8.0,1235;2695;4161;8535;9750;10969;12173;13461,,0.0,-0.0267179869563507,0.0271522560584851,-0.0020320504198881,-0.0037768207837068,-0.0124163173873081,-0.0119565580977066,4.20640263823333,3.0,0.215686274509804,3.81419024578295,0.0,0.115196078431373,4.21185769144113,3.0,0.254901960784314,0.0002631093557186,3.57986370887081,0.0026645184298627,2.57438127149738,0.392212392450376,0.929718654864181,0.0316484548071151,0.95625101873754,0.019428089164489,-0.0054550532078039,0.0011883977288187,2.92503818686032,0.0137312886092226,1.86228870459759,0.39766744565818
986.49354352309,32.25727272727273,0.9902774095535278,Unknown,4.762669035204408,4.339986234266844,4.637058046070545,4.430692191337223,0.4226828009375643,0.331976843867185,-0.0907059570703792,0.2418672173184471,0.6164229919213826,0.0730373108083309,1.1364552256517848,0.7711972044733055,0.1128345533842944,0.9029448569380816,0.0443387713462468,0.970433244293251,0.0130343341882563,0.8655999289281896,0.0626827878961198,ID1188,FT1188,33.1491928131294,986.493361102759,,,986.490625913155,986.497793862388,32.4977395545313,34.1639597103486,10.0,1237;2698;4163;5271;6368;7315;8536;9752;10970;13463,276.1604;362.1714;368.0626;445.2144;461.2108;538.2557;539.256;540.2697;545.1576;602.2263;780.3256;808.3967;929.4234;983.4412;986.4963;987.5025|1454;5114;627;34824;688;991;2036;14773;468;18040;5862;2824;914;525;151404;1058,1.0,-0.0075518321322787,-0.0353939314207863,0.0082938313098305,0.0433973105667661,0.0135024996977575,0.0195177934269134,4.75407375629811,3.0,0.589052287581699,4.68238958608782,3.0,0.641339869281046,4.40927417493771,2.0,0.401960784313726,0.415114164571054,0.381832447324701,0.525665621030503,0.279290425273704,0.0716841702102897,0.0604304025553154,1.21874451270223,0.231329684578636,0.635768634321845,0.3447995813604,0.0869174831746736,1.06089285781374,0.248001718495951,0.605545309775707,-0.27311541115011
990.117355607274,409.209,0.9682531356811525,Unknown,4.20500525280455,3.9248572412158658,4.437339345086374,4.478681081866064,0.2801480115886838,-0.2736758290615144,-0.5538238406501983,0.5672580199345143,0.246219355313131,0.521244172202441,0.2829587876430692,0.1770442988687355,0.7519180537108043,0.9241583043832848,0.0342536296116762,0.9594490591941168,0.0179780786650326,0.8994679735769128,0.0460142955162495,ID1191,FT1191,408.733555200653,990.071378264717,,,990.069366338793,990.075593449147,407.42750447378,409.572627098837,8.0,1241;2702;4167;8539;9756;10973;12176;13467,,0.0,-0.0383319118950048,0.0272992367176819,-0.000201956968338,-0.0066295740597141,-0.0224069463779732,-0.0100984172801496,4.65805563579817,3.0,0.526960784313726,4.10130343668451,0.0,0.284313725490196,4.56922762000665,3.0,0.504901960784314,1.37880674352241e-05,4.86049660119431,0.0003605879374907,3.44298880553604,0.556752199113662,0.361370252957236,0.442047600276025,0.537705199155324,0.269455764241587,0.0888280157915169,0.0049775318506356,2.30298595229281,0.0357392582878206,1.44685446483679,0.467924183322145
995.2249820428096,396.9789090909091,0.9283587336540222,3-O-alpha-L-Arabinopyranosylcinnamtannin B1,4.180909496150594,4.463470560514935,4.619598064088215,4.632230467115603,-0.2825610643643408,-0.4513209709650088,-0.1687599066006679,0.5665828000750484,0.2467366136240469,0.3653762703114376,0.4372596617110351,0.504295907926207,0.2973145558786975,0.9241583043832848,0.0342536296116762,0.9594490591941168,0.0179780786650326,0.8971514435284977,0.0471342397461038,ID1193,FT1193,397.247772944583,995.542465483611,,,995.540470487698,995.54552431871,395.114749744425,398.089818984634,11.0,1243;2704;4169;5274;6371;7318;8541;9757;10975;12178;13469,,0.0,0.0031754935167295,-0.0028210853618311,-0.0115237457944422,-0.0023910803286738,-0.0147319122392158,0.00244607599441,4.38114440247087,3.0,0.339869281045752,4.4479643760976,3.0,0.513888888888889,4.39750830773094,3.0,0.393790849673203,0.145376173017501,0.837506767995413,0.25199933161391,0.598600611110423,-0.0668199736267283,0.727052005852889,0.138434523051366,0.828564927424801,0.0816734540310229,-0.0163639052600661,0.410151712484715,0.387055470822483,0.598308810587079,0.223074601769057,-0.0504560683666622
1005.5868561980049,277.0914,0.8119754195213318,PGP(a-25:0/PGJ2); PGP(PGJ2/a-25:0),3.930700838905332,3.799546361970776,3.79992728643947,3.746236870345763,0.1311544769345562,0.184463968559569,0.0533094916250127,0.62180197670637,0.2063479016699509,0.4527772382521469,0.3441154138647516,0.7734572688489474,0.1115636747451331,0.932346301977682,0.0304227474062255,0.970433244293251,0.0130343341882563,0.8994679735769128,0.0460142955162495,ID1194,FT1196,277.07909123582,1006.69356392885,Galabiosylceramide (d18:1/24:1(15Z));Lactosylceramide (d18:1,,1006.68966723193,1006.69627060721,276.009265239757,277.656258941077,11.0,1246;2708;4173;5277;6374;7321;8544;9760;10978;12181;13473,808.6707;968.7089;970.7159;1006.697|552;898;9174;29416,1.0,-0.0111209920126683,0.0070719833685648,-0.0258674269600853,0.0116217889653543,0.0254488741576106,-0.0027410687432354,4.36360179813294,3.0,0.326797385620915,4.2474519590252,3.0,0.401960784313726,4.40182574486297,3.0,0.396241830065359,0.19282890986981,0.714827853961715,0.310956003449572,0.507301054094539,0.116149839107747,0.760733428616945,0.118767499290011,0.850107291183413,0.070526258958208,-0.0382239467300307,0.21612162344213,0.665301778828054,0.400339578661851,0.397571472236265,0.154373785837778
1007.4871266958812,274.5527272727273,0.8520073890686035,Unknown,3.767280825847921,3.6618493723343497,4.249556971470742,4.316654080605891,0.1054314535135714,-0.5493732547579695,-0.6548047082715409,0.8569348199134614,0.0670522100819848,0.3476570847772231,0.4588489158589724,0.1546775162268204,0.8105728103360216,0.9958036908894162,0.0018262683699224,0.9594490591941168,0.0179780786650326,0.8971514435284977,0.0471342397461038,ID1195,FT1197,277.176927875896,1007.69865334107,"TG(22:6(4Z,7Z,10Z,13Z,16Z,19Z)/18:3(9Z,12Z,15Z)/22:6(4Z,7Z,1",,1007.6960787541,1007.70168356314,276.009265239757,277.656258941077,11.0,1247;2709;4174;5278;6375;7322;8545;9761;10979;12182;13474,,0.0,-0.0097708240508376,0.0017277627597487,-0.0211179494764214,0.0125777248550297,0.0225275892505536,-0.004970627639464,4.14931357469483,3.0,0.179738562091503,4.04620325200844,3.0,0.237745098039216,4.15019402359375,3.0,0.209967320261438,0.205714947618244,0.686734150540244,0.326915564048543,0.485564402700473,0.103110322686392,0.994528191488357,0.0023829015950517,0.995352158506989,0.0020232374072878,-0.000880448898914,0.367509205084675,0.434731778573219,0.561573265987348,0.250593575220363,0.103990771585306
1011.2946033794605,32.86472727272727,0.9540879726409912,Unknown,5.961740795105411,4.709417500968805,5.846025257295231,5.593993000930101,1.2523232941366054,0.36774779417531,-0.8845754999612954,0.3225165784109289,0.4914479562927989,0.051358652952618,1.2893863755723174,0.4549618959823815,0.3420249748979445,0.916331590195946,0.0379473410337079,0.9594490591941168,0.0179780786650326,0.8540446966798255,0.0685193997870547,ID1198,FT1200,33.8014633316877,1011.57180059853,"NCGC00381054-01!(2E,4E)-12-[(10E,12E)-13-carboxy-3-[(2E,4E)-",,1011.57059557351,1011.57428373973,32.9534469672671,34.587357004655,11.0,1251;2713;4178;5281;6378;7325;8548;9764;10982;12184;13477,,0.0,-0.0141314908422852,-0.0364429452127975,0.0020276152614262,0.0396683096806764,0.0138285535011283,0.0144358407246986,5.72447644902624,3.0,0.915849673202614,5.57289932563684,3.0,0.924019607843137,5.33926703306569,3.0,0.842320261437909,0.0336755441185593,1.47268537835839,0.0938970661632496,1.02734797715899,0.151577123389401,0.0346633890726675,1.4601289781598,0.172318411521738,0.763668317472994,0.385209415960552,0.134191340518064,0.87227550865705,0.287699164677539,0.541061399063661,-0.23363229257115
1026.3800662298495,33.10818181818182,0.9797711372375488,Unknown,5.604488441793293,5.158558885382921,3.4083829742160816,5.287928870997743,0.4459295564103724,0.3165595707955502,-0.1293699856148222,0.2231189237972724,0.6514635935341955,0.0974179366810434,1.011361073055429,0.681135643541035,0.1667663926756141,0.9029448569380816,0.0443387713462468,0.9636174359089608,0.0160953503813109,0.8655999289281896,0.0626827878961198,ID1201,FT1203,33.8014633316877,1026.56156698414,,,1026.56021733155,1026.56453132811,32.9534469672671,34.587357004655,11.0,1256;2719;4184;5285;6382;7328;8552;9769;10985;12186;13481,220.147;221.1537;255.042;276.1599;346.177;359.1847;362.1711;368.0638;443.8436;445.215;446.2173;461.2095;545.1521;564.3404;580.3386;581.3444;586.2306;602.2285;808.3949;820.3948;969.4955;1023.386;1026.564;1027.567|759;606;1231;5761;2976;1185;15508;2928;1069;393239;2292;2722;703;615;178931;1127;452;59262;18063;16597;1273;1910;800002;7311,1.0,-0.0117417120612558,-0.0322629798638734,0.0082435828440041,0.0437524991813056,0.012130098418822,0.0136927915322069,5.63341439229543,3.0,0.892156862745098,5.50270295401212,3.0,0.911764705882353,5.2824563092545,3.0,0.82516339869281,0.0805002381520604,1.09420283481259,0.17170529520732,0.765216311456092,0.130711438283314,0.0416754905899457,1.38011927910038,0.191422025219218,0.718008093305028,0.35095808304093,0.141344589566599,0.849720810919365,0.297205650494091,0.526942937996671,-0.220246644757616
1042.2843331182785,33.107727272727274,0.9815945625305176,Unknown,4.144424468459049,3.2635913033626065,3.802013957876013,3.9174156362354977,0.8808331650964427,0.2270088322235515,-0.6538243328728912,0.2176687902423874,0.662203836448944,0.7353717362634096,0.1334930660917478,0.2343987998700319,0.630044616251033,0.9029448569380816,0.0443387713462468,0.9594490591941168,0.0179780786650326,0.9390571385666272,0.0273079815259871,ID1207,FT1210,33.8014633316877,1042.55595259477,,,1042.5547648255,1042.55949678655,32.9534469672671,34.587357004655,11.0,1263;2726;4192;5292;6388;7334;8560;9775;10991;12191;13488,255.0417;276.1617;362.1751;375.1781;378.1699;445.2136;446.2166;461.2096;580.3403;596.333;602.2354;618.2212;824.3934;836.39;1042.558;1043.567|276;1036;367;349;388;20723;348;1323;661;44002;374;2683;440;1944;64613;901,1.0,-0.0084994195471268,-0.025713514664454,0.0068351582844584,0.0377064991902547,-0.001336586749617,0.0137849988553179,4.65397078123812,3.0,0.523692810457516,4.56292243356678,3.0,0.57843137254902,4.372335380317,3.0,0.380718954248366,0.251080774892683,0.600186539687182,0.37946001532148,0.420833980085007,0.0910483476713466,0.0260573743517735,1.58406934771726,0.144391322096066,0.840458907036753,0.281635400921127,0.0933587101619612,1.02984515710635,0.257564101085127,0.589114668436022,-0.19058705324978
1061.202674001964,410.56418181818185,0.9663549661636353,Unknown,3.966790708871198,3.751037737445188,3.9337161279598023,3.844204582116808,0.21575297142601,0.1225861267543897,-0.0931668446716202,0.191702986489768,0.7173711213111731,0.5835910484798117,0.233891378234442,0.6941984581881828,0.1585163552297291,0.9029448569380816,0.0443387713462468,0.9649419929164952,0.0154987933022905,0.9102607730449104,0.0408341724365657,ID1210,FT1215,410.868405261707,1061.12279785068,,,1061.11457218254,1061.12634906586,409.975650861126,411.360250785692,6.0,2734;4198;8565;9780;12194;13495,,0.0,-0.0200428690297106,0.0112790652754597,-0.0293239567239763,-0.0250993060216963,-0.0232549136864721,-0.0261570945255183,3.94467960370051,2.0,0.0718954248366013,3.6957199747898,0.0,0.048202614379085,3.95404331317957,2.0,0.0931372549019608,0.130363135511947,0.884845202371055,0.231860663729674,0.634772925248214,0.248959628910704,0.961881753091711,0.0168783137586419,0.974762164791024,0.0111013362183051,-0.0093637094790661,0.116432177020343,0.9339269821325,0.273912994266569,0.562387364590118,0.25832333838977
1100.6013521219356,312.5647,0.8254042863845825,"CDP-DG(i-22:0/20:3(5Z,8Z,11Z)-O(14R,15S)); CDP-DG(20:3(5Z,8Z,11Z)-O(14R,15S)/i-22:0); CDP-DG(i-22:0/20:3(5Z,8Z,14Z)-O(11S,12R)); CDP-DG(20:3(5Z,8Z,14Z)-O(11S,12R)/i-22:0); CDP-DG(i-22:0/20:3(5Z,11Z,14Z)-O(8,9)); CDP-DG(20:3(5Z,11Z,14Z)-O(8,9)/i-22:0); CDP-DG(i-22:0/20:3(8Z,11Z,14Z)-O(5,6)); CDP-DG(20:3(8Z,11Z,14Z)-O(5,6)/i-22:0); CDP-DG(i-22:0/20:4(5Z,8Z,11Z,14Z)-OH(20)); CDP-DG(20:4(5Z,8Z,11Z,14Z)-OH(20)/i-22:0); CDP-DG(i-22:0/20:4(6E,8Z,11Z,14Z)-OH(5S)); CDP-DG(20:4(6E,8Z,11Z,14Z)-OH(5S)/i-22:0); CDP-DG(i-22:0/20:4(5Z,8Z,11Z,14Z)-OH(19S)); CDP-DG(20:4(5Z,8Z,11Z,14Z)-OH(19S)/i-22:0); CDP-DG(i-22:0/20:4(5Z,8Z,11Z,14Z)-OH(18R)); CDP-DG(20:4(5Z,8Z,11Z,14Z)-OH(18R)/i-22:0); CDP-DG(i-22:0/20:4(5Z,8Z,11Z,14Z)-OH(17)); CDP-DG(20:4(5Z,8Z,11Z,14Z)-OH(17)/i-22:0); CDP-DG(i-22:0/20:4(5Z,8Z,11Z,14Z)-OH(16R)); CDP-DG(20:4(5Z,8Z,11Z,14Z)-OH(16R)/i-22:0); CDP-DG(i-22:0/20:4(5Z,8Z,11Z,13E)-OH(15S)); CDP-DG(20:4(5Z,8Z,11Z,13E)-OH(15S)/i-22:0); CDP-DG(i-22:0/20:4(5Z,8Z,10E,14Z)-OH(12S)); CDP-DG(20:4(5Z,8Z,10E,14Z)-OH(12S)/i-22:0); CDP-DG(i-22:0/20:4(5E,8Z,12Z,14Z)-OH(11R)); CDP-DG(20:4(5E,8Z,12Z,14Z)-OH(11R)/i-22:0); CDP-DG(i-22:0/20:4(5Z,7E,11Z,14Z)-OH(9)); CDP-DG(20:4(5Z,7E,11Z,14Z)-OH(9)/i-22:0)",3.9363808000633576,3.6678727492096734,4.0400472886491965,3.475938213659319,0.2685080508536841,0.4604425864040387,0.1919345355503545,0.5245252821025115,0.2802335739852136,0.5037485741945984,0.2977861700722624,0.7908645647309793,0.1018978829069397,0.9241583043832848,0.0342536296116762,0.9706578929929058,0.0129338096026886,0.8994679735769128,0.0460142955162495,ID1211,FT1220,313.136263479857,1099.66616502057,Ganglioside GA2 (d18:1/16:0),,1099.66375920425,1099.66694668737,309.986672883989,316.204453779035,8.0,1278;2741;4204;5303;6398;8571;9786;13502,860.6161;1061.676;1063.689;1099.669|606;940;10783;11211,1.0,-0.0178608660860801,-0.041377978205151,-0.0891305432262617,0.0445315489384477,0.003046660062102,0.0262782626292482,4.17881331479593,3.0,0.20343137254902,4.12483107202475,2.0,0.294117647058824,3.9202827768952,1.0,0.0776143790849673,0.850252281939786,0.0704521938174368,0.884821362606888,0.0531444005621023,0.0539822427711831,0.42924521116458,0.367294541307171,0.591252240691919,0.228227200388099,0.258530537900736,0.603166697900191,0.219562644786558,0.755252721512363,0.121907701095169,-0.204548295129553
1151.602491376182,337.5513,0.8607114553451538,Unknown,3.5396951793750104,3.2888064117468843,3.4093957015297347,3.757464337286628,0.2508887676281262,-0.2177691579116176,-0.4686579255397438,0.6060500923405626,0.217491478262744,0.6522421363752181,0.1855911481793512,0.0057336743837154,2.241566974342264,0.9266773671789276,0.033071443895186,0.78769311288477,0.1036429517240523,0.9271385126474756,0.0328553782776072,ID1212,FT1225,334.561116712013,1151.70450304575,"Ganglioside GM3 (d18:1/16:0);CL(8:0/8:0/16:0/18:2(9Z,11Z));C",,1151.70191534093,1151.70832652919,331.172017703874,337.051215927432,9.0,1285;2753;4212;6406;8575;9791;11003;12204;13509,290.087;1151.707;1152.713|6283;62389;840,1.0,-0.0316647980256836,0.0224121903779101,-0.0413405202810907,-0.0149289301562175,0.0207085038865861,0.0053228497316354,4.17355121025912,3.0,0.197712418300654,3.78213741754475,1.0,0.0947712418300654,4.19679824360511,3.0,0.238562091503268,0.073232712904977,1.13529487713124,0.160184188152691,0.795380355523603,0.391413792714369,0.881104132982904,0.0549727616136727,0.92554242838552,0.0336036676821714,-0.0232470333459895,0.0502396041022777,1.29895379158124,0.169449762969243,0.77095903432865,0.414660826060358
1151.7047333328694,331.8614,0.8786699175834656,"Ganglioside GM3 (d18:1/16:0); CL(8:0/8:0/16:0/18:2(9Z,11Z)); CL(8:0/8:0/i-16:0/18:2(9Z,11Z)); CL(8:0/10:0/14:0/18:2(9Z,11Z)); CL(8:0/10:0/i-14:0/18:2(9Z,11Z)); CL(8:0/11:0/13:0/18:2(9Z,11Z)); CL(8:0/11:0/a-13:0/18:2(9Z,11Z)); CL(8:0/11:0/i-13:0/18:2(9Z,11Z)); CL(8:0/12:0/12:0/18:2(9Z,11Z)); CL(8:0/12:0/i-12:0/18:2(9Z,11Z)); CL(8:0/i-12:0/i-12:0/18:2(9Z,11Z)); CL(10:0/10:0/12:0/18:2(9Z,11Z)); CL(10:0/10:0/i-12:0/18:2(9Z,11Z)); CL(10:0/11:0/11:0/18:2(9Z,11Z))",3.732930460065493,3.627315457156849,3.667279012560284,3.901028108821443,0.1056150029086442,-0.1680976487559498,-0.273712651664594,0.3680688189802391,0.434070972334376,0.1132617948051023,0.945916560599512,0.0767230765602113,1.11507399047851,0.916331590195946,0.0379473410337079,0.9594490591941168,0.0179780786650326,0.8736672380768721,0.0586539497285545,ID1212,FT1225,334.561116712013,1151.70450304575,"Ganglioside GM3 (d18:1/16:0);CL(8:0/8:0/16:0/18:2(9Z,11Z));C",,1151.70191534093,1151.70832652919,331.172017703874,337.051215927432,9.0,1285;2753;4212;6406;8575;9791;11003;12204;13509,290.087;1151.707;1152.713|6283;62389;840,1.0,-0.0316647980256836,0.0224121903779101,-0.0413405202810907,-0.0149289301562175,0.0207085038865861,0.0053228497316354,4.17355121025912,3.0,0.197712418300654,3.78213741754475,1.0,0.0947712418300654,4.19679824360511,3.0,0.238562091503268,0.073232712904977,1.13529487713124,0.160184188152691,0.795380355523603,0.391413792714369,0.881104132982904,0.0549727616136727,0.92554242838552,0.0336036676821714,-0.0232470333459895,0.0502396041022777,1.29895379158124,0.169449762969243,0.77095903432865,0.414660826060358
1449.1588669533523,51.4206,0.7842004895210266,Unknown,3.5931239199051723,3.4645819687659176,3.911209612296996,3.684402138264248,0.1285419511392547,-0.0912782183590756,-0.2198201694983304,0.3240779947428616,0.489350457046155,0.4656673702863131,0.33192419238952,0.191189872338843,0.7185351167871579,0.916331590195946,0.0379473410337079,0.9594490591941168,0.0179780786650326,0.8994679735769128,0.0460142955162495,ID1218,FT1268,51.9633738605396,1448.0666415779,,,1448.06075326038,1448.06993798907,51.8224918782105,53.8710486392436,7.0,1332;4278;6447;8620;11051;12250;13572,,0.0,-0.0157674893288042,0.0510034109922027,-0.005400624816799,0.0222940243215448,-0.0114459080995509,0.039020491444207,4.00898636197054,2.0,0.0947712418300654,3.75058566035044,1.0,0.0784313725490196,4.21791868315709,3.0,0.259803921568627,0.277085162203831,0.557386729885515,0.410509175038435,0.386677131786846,0.2584007016201,0.314027500166423,0.503032318017336,0.515597856016891,0.287688897218498,-0.20893232118655,0.0109674628291266,1.95989382882934,0.0624342883980037,1.20457683383972,0.46733302280665
1456.7232586014516,250.1602727272727,0.888937771320343,Antarelix,4.182124949133935,3.940680058719194,3.8953600752861663,3.881369163285756,0.241444890414741,0.3007557858481786,0.0593108954334375,0.1751690358196168,0.7565426605032889,0.1240457033089637,0.9064182742093848,0.688019604163401,0.1623991869698822,0.9029448569380816,0.0443387713462468,0.9636174359089608,0.0160953503813109,0.8807334056974399,0.0551555308114101,ID1219,FT1272,248.242207944349,1458.08646958515,,,1458.07977754212,1458.09493163819,245.832474988381,250.927567319838,7.0,1337;2840;4284;6451;9836;11055;13578,253.2183;279.2372;281.2428;281.2502;672.5037;698.5101;699.5155;700.5234;702.5383;712.504;714.507;715.5222;716.5247;726.5421;727.5473;728.5669;740.5275;741.555;742.5408;1458.062;1458.096;1459.064;1459.117|36;48;36;60;102;234;72;470;36;36;565;48;69;203;36;48;93;36;468;345;1228;48;60,1.0,-0.0320786277807466,-0.0127888710088912,-0.0199853332925508,-0.0080260855227142,0.0459853139890951,-0.0173782787679612,4.32414754723207,3.0,0.299019607843137,3.9364548435811,1.0,0.178921568627451,4.0785609481338,2.0,0.169117647058824,0.0508007611559548,1.29412978056343,0.125232204243061,0.902283975226298,0.38769270365097,0.193829996175113,0.712579012810192,0.401266401691675,0.396567202515776,0.245586599098266,0.421378370539429,0.375327760603703,0.608599701014249,0.215668265332919,0.142106104552705
