ID,IGF1.1,IGF1.2,IGF1.3,QC1,QC2,Rapamycin.1,Rapamycin.2,Rapamycin.3,VControl1,VControl2,VControl3
FT2049,3.661838283538605,3.75747617728203,3.545958453665881,3.70164184173515,3.0945467008351866,3.956096469253147,3.956273675785421,2.8191502650840827,3.62867458212976,3.7435243188437046,3.0674286520647667
FT2050,3.078921562193073,3.511859487751719,3.219683084185427,3.127041528991221,3.590258523817849,3.146196001046603,3.082923075504996,,3.0467562153049856,3.3914615863319155,3.809645119799945
FT2051,3.072553742000588,3.069837874132681,3.089902475250378,3.113967388007491,2.9391467427270253,3.149935038889787,3.153422776312589,,3.2859800341718084,3.4037212114284685,3.1381476304930254
FT2053,3.0289526451751363,3.679817500945435,,,3.2033914313483454,3.7572604005365697,3.2598668562314104,,3.2290748481876435,3.7639841199025614,3.665077689685885
FT2054,3.1315258474277967,3.212223364375672,3.16933887083143,3.1291618089889224,3.36090477530434,3.047285512383719,2.9927393453285016,3.204496959120608,3.654532084672097,3.2162584051203367,3.183775392388233
FT2055,,3.0906265023711232,3.034150458079077,3.287107613133478,3.1579026116571964,3.3165657013302408,3.159662865862031,,3.229062031512601,3.737664661398452,3.034147815271559
FT2058,3.366313032923651,3.09055358248747,3.427499569783533,,3.121244545354711,3.099093201620011,3.056705137274733,,3.256662310775245,3.936080325906332,3.0752931994275965
FT2059,2.978950854931272,3.159101793125991,3.4232037700248643,3.176097474878779,3.160473709661924,3.689599487077405,3.18272209226216,3.0110978183806925,3.3671867158339905,3.1496399608687167,3.1516740134649006
FT2060,3.282208838562012,3.160266421582597,3.063222323723948,3.4453569666221893,3.444183085332338,3.1853980391980445,3.0378842048756,,3.042147010591895,3.635822901564361,3.15776244510974
FT2061,3.0840511120780136,2.9866111354602443,3.3295242913251197,3.143080146968681,3.0350674399983286,3.2093420313424854,3.2711432607564426,,,2.9318395315947137,3.2021802559001773
FT2062,,3.4693133674904955,3.1406106156998432,3.324677415041354,,3.5768723460042287,3.3451532783947244,,3.4133063276197406,3.265706916784539,
FT0051,3.103302299996607,4.460582152250905,,3.061051921238685,3.363883135329178,,,3.638890084173788,3.5181492160288097,,3.436641584252247
FT0070,3.5558618049154966,3.2607455749746705,3.401029429149099,3.288207948715703,3.359215658466088,2.969774340745747,4.587910503496581,,3.531167676791134,3.4909126257108984,3.42674507928396
FT0094,3.843253035759136,3.963303999142495,3.987511588492306,,3.9425142568774967,3.457618100136593,3.8007083125972967,,3.865794347994052,4.141285117334732,
FT0096,3.2417644575464184,3.385196852425233,3.341811234539676,3.1775465056624417,3.127976626522486,3.794166563715102,3.3929776998438914,,3.37992291728475,2.735487087277244,3.256171923647142
FT0116,3.964226960336066,3.71253529254668,3.782166360014632,3.408431493119042,3.96844832805244,3.716774834674883,3.145880880763436,,3.2064590843889924,3.76339803490357,
FT0119,3.3041779904988133,3.3624718273642364,3.3105975687991487,,3.6748601858430208,3.479387301756753,3.656621956275733,2.7509719824954297,3.271463259394224,3.4880229799616176,3.3312779435825783
FT0125,3.858964218756525,3.3249698276830344,4.10133917566246,3.5777156580918774,3.8521978258299776,2.941726527131854,4.057197620203709,,3.573659769886392,3.8169265786299458,3.625735776157692
FT0130,3.795708860985433,3.3440763851527238,4.32407545846542,3.653035049517401,3.5966986834432806,,3.833189002158913,,3.7234222407844495,3.814075602570522,
FT0134,3.954349005572884,3.732596639372298,3.683175935372964,3.976132661654342,3.982702080885817,,4.068663805071809,,3.907800913085469,4.0160556829550185,4.024470211582865
FT0143,3.8156132675359142,3.622965658768979,3.752538147553218,3.7939853590880994,3.876298956482508,3.814569305571356,3.452573101105077,,3.6193252737102033,3.885778228974349,3.634255821456512
FT0153,2.901717043019656,3.302872579494676,3.3224503170581228,3.247846299577396,3.364320750706127,2.997805353040457,3.064928190686605,,2.8742114440965043,3.3938292702906194,
FT0182,3.660586456902009,3.316264130211423,3.595518772334936,,2.9379234775933045,3.487028786162022,2.8533932140584604,,,3.1865868182460533,3.370851652161969
FT0187,3.1488528059724183,3.071743604794832,3.0570500593444025,3.76380244199963,3.7524340186823455,2.78136188215995,3.440906182592323,,4.1932563228670645,4.034469985916857,3.0059197351422147
FT0203,2.6814240815820702,3.3959432393888664,3.525815406072854,2.7640594626974484,3.185136975406168,3.132304721102753,2.8270686766897373,,2.804395270207928,3.115508209655462,2.762235330848315
FT0210,3.973088960487387,3.974008281678527,4.150281419124018,3.871321940199347,3.8183720790778297,3.5650128591696526,2.5459312129170573,4.382799228712587,2.667468666788877,3.900684163890032,3.8242010267001487
FT0218,3.6336687841267024,3.55255442592459,3.5766592240203376,3.439872259838551,3.184890456036506,2.9358523893393635,2.657948014470378,,2.516827724808201,3.47046745477123,3.405531132891096
FT0220,3.3294440440072623,3.464934054302246,3.115468307055309,3.32439484481113,3.722723870568652,3.74518405969382,,,3.7441483547671934,3.1644563335713465,
FT0224,2.957366289015079,3.1340476132507984,3.050170965263814,2.975231876175675,3.496965473479672,,3.1439393785312606,,2.801945612451358,3.1860885920426534,3.16489094749731
FT0226,,3.4512673390477397,3.802480591568656,3.5352683585025884,3.7159156056395695,2.9644526203891663,3.5592606443955974,3.5122572907361347,,3.77536151247733,3.235581031686564
FT0230,,3.3349511827121505,2.7630412506015314,2.514058955996289,2.4590425178024624,3.448881762596103,2.6716622436191857,,3.4030939891554666,3.5870867048612487,2.824304234691564
FT0232,4.041134300415474,3.9535102055700566,3.7068459353065175,3.654806432245638,3.665642785132318,3.843128590129978,3.786646748280663,3.928619189328407,3.627175622399727,3.612617808670772,3.603899073575143
FT0234,3.7094467706653327,3.944726580459591,4.016431302782632,3.652153926296926,3.667012402023788,3.529988545228832,3.5322712111873167,,3.871644572048124,3.8308832574836735,3.861513392599174
FT0236,4.038791799254936,3.9504352745662095,3.6986328617272655,3.8296543764667934,3.6281455353314183,3.334574120166528,3.555790469674998,,2.997436245532898,,3.601120651863222
FT0238,2.8448405781960315,3.321344548213529,2.6794289088996384,3.506839804338015,,4.209876166563463,,,3.7271814618018015,3.2697044368039605,3.4401540165031523
FT0241,2.6000222313056707,3.810108189016204,3.0070656466630745,4.0884388779299705,3.07642600787593,3.5464953784269078,4.128532494740975,,,3.069595865873932,3.658720339172793
FT0242,3.161441006962132,3.638610569309485,3.8922307833343,3.4538796470066795,4.12776346638649,3.844078332251213,,,,3.229082339525072,3.5389063250043638
FT0243,4.0618158331688,3.9650021447542088,4.138068528893006,3.779978535261218,3.815363745620379,3.987273399623212,3.56849065440155,,3.6492879585537055,3.25545691901838,3.6253956270238863
FT0245,3.4236960313465272,2.3899832117995063,2.526921236966804,,3.15057468210997,,,,3.2443252227771087,3.12361651325484,2.926371557805183
FT0250,3.741026756463135,2.389439016903706,2.410211352367048,3.4341063736814403,3.7295174076885353,3.8946522172778257,,,,3.83120253972996,3.991696689644858
FT0252,3.14139545595332,3.5876965126287814,3.6399428257736215,3.659662228467978,3.6093425506146177,3.956579825782391,3.3699154717814097,,2.523330840031198,3.554240996139833,3.62801700788378
FT0255,3.45268563980787,3.311938524475948,3.4904788361679384,3.186605489181662,3.366877020915904,,3.3771223224388094,,3.135758317384097,3.5817641965743574,2.8030197356083635
FT0259,3.406635237255759,,3.2450558832438614,3.4416844318942816,3.4161354994817725,3.387497961507603,2.99503739729478,,2.910096576905551,3.212759909424041,3.682502947682469
FT0260,3.23150171930403,3.450804592203621,3.335417431340966,2.95982808023854,2.9951272503395705,,,,3.340913219017992,2.930488887911538,3.368398614940569
FT0261,3.675579690926732,3.5863958770649846,3.5834029447618607,3.745931683264181,3.752843554995356,3.6336623231076657,3.896424547075209,4.238142755658272,3.3521647635582705,4.261630119075452,3.679966751661886
FT0262,3.329782207892116,3.4143170038565964,3.148404978471927,,2.787212951980359,,,,2.737584549341378,3.010518665213588,3.1089469086917614
FT0268,4.014828789809795,3.873047335589537,4.0658959230612055,3.907159280101282,3.769006442760865,3.1204685749122723,,,3.979173686204029,,3.78138872865701
FT0273,3.4627063018319757,3.041430967295302,2.582756450509052,3.289298370989524,3.2268267292087285,3.4694216136192284,3.027202120020457,,3.6497296789214415,3.3980918005757625,3.371039795762256
FT0282,3.750227885688928,5.023692840560516,3.7770437398138967,3.801178338311667,3.7744477994839816,2.871115156685589,3.800406522204911,3.8175813480926,3.944471506230033,3.933630836506657,3.850297356572338
FT0287,4.186847587864415,4.015158874953959,3.9090349038972714,3.770930621696377,3.2226527497943915,4.266342383967123,3.114507642536992,,4.064654948152078,3.709817539954728,3.389132402605469
FT0290,,3.296583031425784,2.9802974138943474,3.324608008368821,3.368710934091297,3.6450963628931934,3.2763066097074187,3.5398848444351043,4.230194509931059,3.4900504843771647,3.0488079476049066
FT0295,3.340574044518109,3.1413878820778867,3.091353617742403,2.8455303954479705,2.8635492860367933,,2.8286572333599094,,3.660088725014519,2.957169482306308,2.4756877879477592
FT0299,3.595269410466922,3.334918617921293,3.316466484948818,3.085447602559238,,2.933102838718969,3.089660932335201,,3.926713514698331,3.265018890399212,3.1704625663942934
FT0306,3.1288457487832595,3.605419056223252,3.547551931167812,3.548690898842568,3.5863607430879165,3.5660579965303283,3.620223410643941,3.652937259016377,3.084525142511212,3.5127832986191856,3.68500781036807
FT0308,,3.479163710705759,3.0883288593740725,3.3288079683299947,2.8544852461888355,3.175059012705026,3.464255885196432,,3.709914133835815,3.137715246093601,3.1159655208542296
FT0309,4.2198432385092906,3.365794846524925,3.2376795098873408,,3.602625419254655,3.627117989541447,3.1482191764863,,2.9744195058504017,2.855284113489158,2.8480176068539445
FT0310,3.366484642064474,3.4995569779758324,3.417695311869069,3.379781717988752,3.206324363333329,3.416452529105319,3.376693472403622,,3.2465580537729286,3.547144008892309,3.4076836730136097
FT0312,4.049618018538996,,3.640549088950882,2.821574805214287,3.462904117479666,2.7827653822675145,3.5053250848931365,,3.9214505168784215,3.825958758090164,3.3857655141495377
FT0323,3.490446815123939,3.459522828876,3.9464735524379737,3.514514578208631,3.6546192364050776,3.626891143388089,3.7343655315300497,3.5669131986316525,3.291112878786816,3.553381738158239,3.42338532873553
FT0328,,3.6886348025682514,3.721566669724784,,3.821708579820157,,3.187022320022554,3.9717021173774296,3.456998345282934,3.1834566399554944,3.924014161753857
FT0334,2.9322711093619045,3.3888961795271384,2.817622178523252,3.4329210433396176,3.597521862713859,3.5117552723520067,3.875200176864456,,3.361581018888149,3.2819386669437067,3.512797906642734
FT0339,3.787820807790231,2.583807416571409,2.977870381085242,,3.044065100507697,2.975557207604595,,,3.0186313773973925,3.3833195130287823,3.250309988439327
FT0341,3.176624497482308,3.3919083475339598,3.6015408204522847,3.3145488139997963,3.407960279306637,3.1017289205215888,3.61463994159642,,3.257125987576168,3.711450401272717,4.128004652401729
FT0356,3.4871135833128544,2.7301102064108957,3.2784355546277366,,2.8901240320807773,3.6037293122074647,,,3.406824364513373,3.1458750933930086,3.2539643487724863
FT0361,3.661299510507284,3.855105542392368,3.665593602799462,3.554471694575891,3.5600602273302,3.6833091576998354,4.084091786125804,,3.739492459416169,3.723307855041526,3.7095612042757056
FT0363,4.337075601740979,3.4906610285836357,3.088805129027275,3.0878102025133782,3.0851184102985343,3.791154361472705,4.257607439977973,2.9798761835913705,3.0597836968959498,3.5678229714853757,3.599952319995324
FT0373,3.4692505980814072,3.590877354409884,3.690128357126941,3.064856300582325,3.690334014987964,3.609787591608758,3.639396016938424,,3.928642740976129,3.891033090455438,3.1314550603804845
FT0379,3.728787658805802,3.705903695097697,3.904528808754017,3.551266378126024,3.988052546859129,3.8939840333552223,3.9385825618270425,,3.4284123552505705,3.704232848641066,3.571853092201431
FT0385,3.577599903914493,3.092262789325685,4.279705514465249,3.827447704656825,2.7227796366965773,3.999779508844572,3.972657786054113,3.88178938793883,3.963939705714962,3.973595108732261,3.8172355847359865
FT0387,3.001238860804781,3.473166705795437,2.913090997737049,3.508275172094093,2.7314861653454505,3.426354429875364,3.441985922712745,,3.2614505716887177,3.309638707039288,3.104597617523802
FT0390,3.555707729987802,3.3379248029532733,,3.452909930815826,3.21627935433928,3.402200694263529,,,3.205053348405408,2.9103455684091637,3.5326866600809543
FT0393,3.2079527175939293,3.514042110657029,2.63764313792542,3.445727715909499,3.9860207827689313,3.0678406999137104,3.861533340436957,,3.611807565168281,3.810974458900844,3.693842633048869
FT0397,3.292674617346932,3.156077659447229,3.307677280416157,2.461144978450836,2.9695002804272352,3.5036061997898758,3.3681131246171505,,3.766364176624757,3.4519310009518835,2.831477265316547
FT0399,3.376769768707369,3.2439543160831263,3.3875367123416527,3.482804725505566,3.391886763994493,3.287792340247354,3.452191273513677,,,3.3950163042384043,2.900598328008801
FT0400,3.1358828000350027,3.090417945147488,2.9598253172418807,3.17306499823328,4.288619586742879,3.1371323887602887,3.415702119116879,,2.853310400886512,3.002866250034713,3.9742483022509294
FT0402,,3.160312240846283,,2.862064587329556,3.247040971828497,,2.8955868402950347,3.032476166353604,2.769940369849412,3.2398609763960846,3.24293281724117
FT0408,3.49563346554413,4.09670221451371,3.652142049657984,3.237376945749836,3.8095494323502983,3.5558344975405225,3.865414094125162,3.952378599555759,3.64476289059912,3.5972833387295258,3.780366989476797
FT0409,3.765385509022676,2.808524555152478,2.8149338379017648,2.68203170934398,2.648132688416469,2.895325378181734,3.8435270230214345,,2.974298410537781,3.901969932322643,
FT0413,3.0126032405160155,3.392914075718774,4.059300353076695,3.13638467201145,4.34497413077721,3.783643479166766,,3.668155921398668,3.6277033982760423,3.4463328657023,3.4215792244543355
FT0417,3.1410929981073505,3.3412891864412058,3.0906302860786647,2.842505066254155,2.7498068411771746,3.0936418774856853,,,3.335171778996385,3.16692582363432,2.7709693108493707
FT0420,3.9549810620684185,3.4679483017401624,3.861044894734164,,3.9774350236485714,3.582598366549976,,,3.649204915135249,3.7816842855890656,3.9242189374687566
FT0425,2.9148140469212347,3.5989270883118145,3.5295909506860967,3.437692508865993,2.768078229557156,3.0778307670571143,3.0586847265655828,,3.331982641829807,3.430820011609161,3.5063949930860976
FT0431,3.403562367211755,2.7492915398781714,3.7418547040605983,3.79186754125108,3.500366188135576,3.554418197366411,3.9851579208507455,,3.8946718622675824,3.826542519916359,3.84104821943453
FT0432,3.59320071355929,3.3524498050899507,2.754463481398973,3.720771202132038,2.727949093709321,3.843595656026498,3.168137862229024,,3.662989781836529,3.7019661358694105,3.8032696933650505
FT0434,3.1708147226537,3.497216887488361,2.7305010906890423,2.946816182725537,3.224949321996879,2.917002612155659,3.458575415703641,,2.967611520750015,3.2816350364738978,3.840938086523858
FT0435,3.6291861200015463,3.422840410530896,2.971357055459068,3.6111995112977295,3.192623341264507,3.82283656891983,3.271798680797694,,3.197564285296385,3.052293243172478,3.1256703412873934
FT0437,3.3575100048023745,2.999963711658519,3.3299193788541834,3.4355334254976624,3.4931780962072527,3.617981024562484,3.24625245990617,,2.6488890938247613,2.905883210972046,2.864502864284437
FT0438,2.9838511085993096,3.3402780532653904,3.576229829706874,3.4781595424296734,3.320528410520672,3.79644888830824,3.800545739026072,,2.893641376531384,3.5279866312089245,3.740660634999342
FT0440,3.146458234444956,3.394978528854556,3.553010559011353,3.86753931496272,,,3.452103498596029,3.66482774354126,,,2.993505630480498
FT0441,2.6366727761618205,3.0218471588666125,2.9193464919420893,2.395169596526804,3.662578593678656,3.5400383923079333,,,,3.465356477210735,2.4450508123882924
FT0444,2.96916888582941,,3.368923508331059,3.2764343481514,3.016368559481767,3.043088117544509,3.119903494068304,,,2.626070514197277,3.389495434449687
FT0445,3.0091408552414105,3.177317895882607,3.4332167361536428,3.1531415763005386,3.2264900504848515,3.1621871297968456,3.8951970440152817,,3.217918757333102,4.070730936961397,2.953788653526133
FT0446,3.0269134243652664,3.502640755084508,3.681535801069268,3.695285313605407,3.974878228870976,3.712744566888216,3.696187829188126,3.7858775174028416,2.8738754485373987,3.339189803799525,3.5638975650584044
FT0448,3.3718721950746096,3.5794285986259085,3.563385568515147,3.221258600721311,2.74008521879618,3.712848013660509,,,3.1631468883956613,3.4413232304856662,3.571517696161961
FT0449,2.727103893430717,3.1464540126339324,3.703467675491125,3.64823837758704,3.721917806033216,3.734862608322593,,,3.235473406899997,3.265145633894477,3.754345621211378
FT0462,5.074263913921683,5.042442995675132,3.9423770715177726,2.717927029508098,3.4786340488386984,3.276066532180642,2.9224850669343803,,3.139068982822061,,3.956580855701493
FT0463,4.282854237328506,3.3812032649911274,,2.8705784636042706,4.3561092864405655,3.302101513090767,2.8454353595819524,3.7398612231455513,4.23021371461904,3.729888819929558,3.550666330556367
FT0469,3.0933973066273244,4.802625430800829,4.037940222239515,2.9784222305922907,,5.672738062435654,3.967927902606309,,3.577310782465175,4.107101236679107,3.747836626486556
FT0471,3.36202041993989,3.8146332920580166,3.1213457083871026,3.2760483023934834,3.20872124718389,,,,3.0142280646554043,3.1266078561314394,3.375187012216577
FT0477,2.902438426993699,2.666558498839931,3.4063205298854307,3.231096550270645,3.1671217630889785,3.329447644616638,3.3414051076628577,,3.1542585003537904,3.042015336008208,3.377255551683321
FT0481,3.576963655820307,3.6829409876601114,3.5312745721644645,3.5559057400515,3.765646885758023,3.599911927099652,3.6432651942491536,2.951268787384164,3.733149291205304,3.152991263761081,3.568930386288001
FT0485,3.469752501391897,3.3157700958133494,3.697513192571056,3.4822433091668747,3.493362996145976,3.785552182888618,4.129050234917377,3.6489657960604096,3.2999707609838795,4.064891358026872,3.799369350979464
FT0488,3.2722435702869803,3.5226133053284263,3.915609366890168,3.654044538042744,3.4692927097782817,3.50106112283914,3.4061851083398,3.6908652365771295,3.757848200588391,3.014581381394331,3.3777285184138863
FT0489,3.391208367463865,3.2870537235085604,3.090190392051489,3.566524766610079,3.5403440732963376,3.174918357077454,2.846439111440692,3.4396219741346203,3.0867973546912872,3.4049149739253903,2.922382575698457
FT0490,2.734990296685201,2.7777868336475464,3.0572971829210918,2.936310698296413,2.790076910657955,3.001147976135319,3.3523689835437738,,2.988300174990546,3.335834422785769,2.924233140422124
FT0491,2.889096809363213,2.564715429440301,3.238988776830565,3.0626095331982968,3.0263344254351345,3.2180682590765386,,,3.248272833917768,3.4619535651982245,3.5929785779525063
FT0492,3.20937167058695,3.1980300573566507,3.253300011555482,3.1864256890620557,2.4471940522531845,2.942977641177745,2.22496423063831,3.2243918179519624,2.9651277672791427,3.2179499532150198,3.4882364200111446
FT0493,3.6699700611081534,3.902672003243175,3.3140164070088027,2.9708303072316187,,3.0563226980590854,2.928469822120979,,2.727845535504865,3.097756311906476,3.663778563052204
FT0495,3.646531235164486,3.155933051041608,3.472710592092275,3.0522456791598165,,3.169818700893586,3.000292640025899,,3.5475509236376306,3.078569994067,2.908214732697173
FT0501,3.5113544163048207,3.2759035488649384,4.651211647641724,2.9380244094240004,3.637750009213901,2.709701158091188,3.4981533692398283,,3.604281315222839,2.559723336687455,2.7663925510828884
FT0503,3.277939806263721,3.498454102497965,3.182709965688973,3.40319044278211,2.6560893564394794,3.471138492495728,3.619943344134012,,,,3.051091227339352
FT0504,3.719111005407155,3.3563272608515486,3.3764477659632783,3.495396417824139,2.805697482500547,3.201773526798478,3.3162874946266268,,3.664926223376847,3.591271222647861,3.5840020001478825
FT0505,3.1727670165183803,3.261582637652189,3.1893362092841717,2.823960138025799,3.125749685876213,3.3007436341855074,3.16338500359734,,,3.244696257359476,
FT0508,3.187416844582941,2.970449066480423,3.1011265548431965,,3.093566127379405,2.9825721916361485,3.079570153355706,,,3.1643393545405383,
FT0510,3.494623462694191,3.383062287525489,3.501375978441122,3.2871456689884218,,3.377816182235968,3.8292997763661,,3.4258425800163743,3.5920004287958003,3.5141219331246853
FT0516,2.681752407131061,3.1801135323124696,3.58566413761514,3.285742873387564,,2.7068502105948755,3.183988331710504,,3.481335214571114,3.5945906808248367,3.320336242445649
FT0517,3.6557249593307737,3.621609773882909,3.5075871272662167,3.4407150128575115,3.597560813552538,3.815588779067601,3.698714142883338,3.624322364113977,3.3598537943051503,3.516242393680109,2.69843315334763
FT0519,3.704249327549822,3.646245883810852,3.837882816112539,3.5398451953758148,3.4015795917163456,3.782626443908596,3.2131925658615,,3.683834375131405,3.6924900308826136,3.665598678514718
FT0528,3.8291590733847016,3.819414425019662,3.648427940081067,3.750155048432854,3.351176369650916,3.1840371049849274,3.8115014371919873,3.4448107463732507,3.032456024726164,3.056460813428963,3.912310612885114
FT0533,3.798114629901944,3.087191995480873,3.606009107980256,3.747106302223577,3.772870036100121,3.3708665924316725,3.372225748322444,,3.3284899929289766,3.3337919719946285,3.262892432614656
FT0538,3.9922210315985542,3.8790721072189225,3.2362479103017794,3.783881070438288,3.796206394182464,3.562971480150693,3.559687719434089,,3.252078342320503,3.796080364824123,3.0535785518768006
FT0539,3.1834100874595057,3.025377463209232,3.241818163961936,4.15202706062525,3.0736089856882733,3.4403666895290264,3.197954759937128,3.289029995841431,3.216126016166477,3.542591084889588,2.961397334422772
FT0541,2.6292227742612555,2.6837245797952294,2.5036138760795525,3.129446894655856,3.933594923524269,,2.661693523848285,,2.8347026103234523,3.0707549266599754,2.5895176122467527
FT0545,3.694402553694025,4.009451568574854,2.9695835516022093,3.275577619145165,4.179853161769346,3.1131994633279256,3.303960793819891,3.6591263205609614,3.640956928589322,4.309897025013743,3.210156395945583
FT0547,3.4250433687650057,3.169481674254416,,3.1894005397136773,3.199665574291001,2.947389567363449,3.433510924048836,,3.381218696004612,3.324816812132699,3.0524513129713773
FT0550,2.940940526900321,3.123310340094353,3.5720614457361086,3.8539969004000536,3.893065727763772,2.798772077411599,3.908576500066528,,3.8848485626763862,3.842987387331583,3.763676937863784
FT0556,2.780589493160044,2.6131719704875245,3.4663185294603167,3.173136432274725,3.3525152078088407,3.7187913865557647,3.50227953076398,3.3927601859236245,3.2067738202453526,3.7328703549188,3.622959395357815
FT0557,3.0773244164450304,3.0137442975629227,3.348554499578358,3.2411946078416047,3.4541848355993,3.2155061253101227,3.655194182352593,2.716310789041816,3.399056294618092,3.601220873149872,3.122395420554717
FT0560,3.707391780747905,3.626720923875021,3.5836567346022994,3.5455229601959557,3.4772183992953845,3.6368289546622377,3.5033640230658434,3.3683947551625666,4.000777686566361,3.357876797723887,3.973339822054124
FT0563,3.632011210976864,3.569829484002434,3.018976893261702,2.818263890971417,3.982496388252352,2.6990674383613937,3.603109139776048,,2.90745359815191,3.7669347775124646,2.7718602955954896
FT0565,3.654184582176173,3.6884746750488513,3.601759972106281,3.5156329001230224,3.7327574711423,3.444686064740257,3.67302077404261,3.4081912060562884,3.6022010652503087,3.477467141137388,3.709293252080964
FT0566,4.263984046064363,3.595022892621365,4.359276845494296,4.029073117121952,3.965146593559061,3.008174156142866,2.8961871190546318,,2.667753299744256,4.022338366171519,3.4276477925819773
FT0567,3.492738436217257,3.9771931207982414,3.648855811047007,3.579448744818855,3.324040425507102,3.420802112050564,3.725276463585206,3.249200918648347,3.7358360122908087,3.164591335129328,5.298072017786719
FT0569,3.669267867083327,2.9888282862009223,2.703816100687665,3.527736568266129,3.732633772433,3.211652144658418,3.12353965898336,,3.27083709914495,3.291734489830318,3.2578466833289688
FT0570,2.806185937463332,2.999577168692833,2.3095226491727083,3.058723570200329,3.392354562358882,2.963286211329592,3.482338447529048,,3.480081835451255,3.45557434821215,2.924416400657025
FT0573,3.4022671587004463,3.0044885023412906,2.926710603464551,3.4718460033545573,3.55149015531792,3.582230735848301,3.6660074474608537,2.87444660048513,2.9712577716021777,3.418788942159801,3.3251646140328037
FT0574,3.766978622368595,3.2632333285270065,,4.906870573910808,3.52677098017477,3.508106835211092,2.867904230789016,,3.251913283108151,3.729913930615744,3.725492165727672
FT0577,2.8230620543725458,3.4174591757346096,3.5897475326985475,3.457875703565587,3.5023697074553493,3.634451230700221,3.1850566228732013,,3.3509610641128167,,3.739083755451742
FT0581,3.470649006203672,3.348870457048998,3.826772902729047,3.502756291623403,3.51888282440648,3.547722005378707,3.193623105034838,,2.878535673544419,3.398883907430149,2.708458210131514
FT0583,3.55627243170228,2.819753467258193,2.6119790381710124,3.3767986106421426,3.328992090822615,3.414281162485807,3.008348837573604,,3.411029969915017,3.348459460017741,3.479719223524212
FT0587,3.57531628958376,3.6011322810604014,3.5139551625299625,3.314341130697735,3.200505238931859,3.1311748858373223,3.3790814574523624,,3.5189890208058343,3.9640029397501495,3.413655390969884
FT0590,3.604589373524529,3.154332567120395,3.607442601745285,3.690194163954922,3.544025027012881,3.244546103739954,3.8315895299931766,,3.893875951751761,3.363279575957257,2.8491837151869635
FT0591,3.9627158648807272,3.366869724794863,3.101829666574748,3.39304235785105,2.5619607378852822,3.2569457985868557,3.543040239446027,3.43060730727796,3.336234436344808,2.935513461662399,3.297661555183237
FT0592,3.079568573656487,3.1154819539581142,3.257299464540794,3.1975270791286103,3.064892165812933,3.040752971905252,3.3108675600370447,3.8817080759820968,3.409578333052071,2.9270557588478203,2.89381701863499
FT0594,3.49382905434491,3.879932179626198,3.0041615754303383,3.87059498758655,3.740004228351534,3.836759284773224,3.814198406949048,,3.908851869309903,3.848377087388768,3.928219675450351
FT0596,3.164893480507016,,3.4958120373620933,3.510878103133143,3.236338275576565,3.6820112912517904,3.607090446053656,3.3842175695028063,,3.3324650098422453,2.717979780428114
FT0597,3.41469247099188,3.6259756270144248,3.545263746935771,3.461202855237055,3.304369370069973,3.4680969635355057,3.625679009118645,,3.896346992826391,3.326974314153457,3.286734977489642
FT0598,3.6193762746758353,3.5372360366723306,3.5959017989990767,3.468061099763352,3.98467605433155,3.88423237901463,,,,3.821531654406309,3.981503721076807
FT0603,2.552137917193504,3.2429004262595305,3.1355840615361568,3.083784302671436,3.2569084533958783,3.209368817615716,,,,3.273687743185397,
FT0604,3.850186669668138,3.4933743052604447,3.690597774401851,3.966531920945497,3.751780465565732,3.2353815025581896,3.866774836651538,3.4156333411245683,3.95523700286278,2.979069341560542,2.9192119661425275
FT0609,2.7948137148552865,2.206644241067508,2.842076001076469,3.096873904103707,,3.266846144384911,3.0289299251051207,,2.831375215250465,3.3482054854820644,3.363390367344817
FT0617,3.737163579121644,3.783683560216075,3.7538252913509234,3.6539990663096273,3.8115916636257463,3.9196835152090017,3.94928830360093,3.3905750338152343,3.689144531635901,3.969017152276413,3.819961556342397
FT0618,3.015643500735587,3.1816278191499423,2.9393167538323763,3.511733733058132,2.69051657355553,,3.41634133577482,3.5053576036718543,3.5360567609415305,3.486832746430112,2.8337635151614613
FT0620,2.70637351833318,3.6531937510373274,3.1923399964104275,3.650555052595616,3.5508324002474123,3.644726733290951,2.890710911895407,,3.976136003388887,3.215489808893333,3.1157378447512327
FT0623,3.790225105856702,3.771021141445489,,2.714732171039506,3.8181589827525033,3.9836800740893112,4.027529715414138,3.523059950769901,3.8743764477599,,3.917298446559129
FT0624,2.97048388007278,3.0504847001018667,3.3406350189233405,3.164219622255849,3.251424067204253,3.3054442812620675,3.383282800844024,3.9515418275532905,3.264222970068686,3.296040068345443,3.004880609475812
FT0627,2.9804044967537666,2.892862648759749,2.977271829860033,3.445342892977665,3.7964964910202856,3.456189431359053,,,3.97784140963852,3.9208919308809977,2.966744162673437
FT0629,3.1573588416523317,3.1203711017829394,2.848632233256115,2.9644175879853574,2.9702108715830136,2.8505045095059933,3.9835265999833656,3.4939551555072,3.1778531944383097,2.6509098297315146,2.843096060599866
FT0633,3.60851626430113,4.058580017988347,3.4219402816343467,3.024398910514055,3.729418386446547,3.708346155965283,4.270754273361807,,3.868231722281067,3.4884050720155986,2.682144459379085
FT0635,3.210198581834532,2.96624550407123,2.8137262308090234,2.9516225222610557,3.145152202427921,2.8932643500072825,2.8955486205479386,3.442769299981414,2.916869873106869,3.1812451694364063,2.979354709632132
FT0637,3.7082226067842416,3.60278948627076,3.357981954369482,3.747327055730267,3.7772219399866063,3.412112141411137,3.613667134231017,3.482164226354148,3.950537859063467,3.862018736198984,3.894434538344126
FT0641,3.3744662883524605,3.5775877801801568,3.3504511454496217,3.343464524256224,3.3824777680103453,2.854797626546481,3.181522443669204,,3.318025719781772,3.3630842567069186,3.397725634961964
FT0645,3.146773198472976,3.0218881065355334,3.139858311647296,3.2436580030011384,3.1936880673853514,3.4633758285491707,,,3.1972929840874,,3.1380548419891507
FT0654,3.466265795687995,3.854894310919926,3.511655091386196,3.411094173097346,3.5506347121882094,3.1647745571119152,3.3567652445864327,3.872264243537229,3.569981235412595,,3.465966133238205
FT0655,2.9769356333812675,3.121784706368836,3.4512162983099537,3.2399120175920197,3.3191221491650875,3.2121998136164738,3.709459214669334,2.959747422503089,3.425961828224686,3.3545867593257714,2.9979134545805928
FT0657,2.9290442726124875,2.816217868565615,2.824607965406271,3.5603425056859885,3.111061635369593,,,,3.52715916898581,3.01875273632007,2.9551883961348127
FT0659,3.2757454470744016,3.321220831145335,3.377274892279696,3.1483420792442978,3.2484756968402726,3.447548957759495,3.414774672268794,3.0505423904052007,2.821629737251364,3.132213830087753,3.483491972494052
FT0662,2.7002406179534733,2.8142277358743124,3.382495883200257,4.286013639579003,3.2227131742990336,,,,2.990666063212308,3.247108561784981,2.638735463686228
FT0663,3.596163842372143,3.1630755763211647,3.53131842033796,3.5404058756912917,3.490147271404516,3.4748597216378787,3.0272509982051283,3.340978449692586,3.353978562752201,3.47246264491577,2.9991560859716406
FT0665,3.604884486996751,3.530875765395137,2.9865396940770363,3.2292353262438898,3.6372620963351383,2.941494925030633,3.440920548363669,3.3112838645735256,3.8863117546217616,3.0606642794612537,3.1504299053419365
FT0666,2.998052143987361,3.3684012734064064,3.45759341014706,3.364210307069781,3.897492451883583,3.588008406417183,3.39736573220032,3.28280760859181,3.0774577803349,3.0966182265791407,3.582738391254487
FT0669,2.9531188196671203,2.848187180147721,2.8869498358236907,2.8611139974482813,3.238723907346059,2.940347594299263,2.869917043117704,,3.1268556262568605,3.5277307101268134,3.4154841824780195
FT0670,3.9549623683929593,3.4548685262810426,2.995811863005186,3.844169649501457,4.0102200507781625,4.184997404540715,4.105665629971254,3.844115307444063,3.9135304696833657,3.766139110677477,3.795292432987022
FT0672,3.074351893485073,3.5823784097386966,3.621535066544413,3.4630507039746146,,3.8611542239716594,3.346041731195726,,3.878147296392116,3.6511042081078062,3.139757557800119
FT0673,3.8634310584954656,3.8735567529706993,3.790911026044351,3.089755683677739,3.5239376754036886,3.741119894760326,3.665121711256553,3.5010777037960827,3.487076829265868,3.7589984269069534,3.7949182521641647
FT0677,3.560268405898684,3.024688384878508,3.433336267257163,,,,3.190961061855251,,3.466334711361675,3.427044354828786,2.7706920994559465
FT0681,,3.59809766395997,,3.2031757046979195,3.546225807198324,3.40577353860348,3.7932476563602577,3.698638567454263,3.984322322393587,3.5814900245072376,3.671624012687664
FT0684,3.14882006920363,3.0302181347931776,2.7714809578824595,3.1877136296199686,2.960971694477665,3.1693157703517323,3.196156381236335,,,2.8675393756685814,2.9552885076489863
FT0685,2.869669393530739,2.73969989796467,3.162853611362673,3.06467517187986,3.115139551182873,3.266035307533236,3.316534684103256,3.350034301627796,2.8190279300142045,3.140275614034362,3.002389876502044
FT0691,3.418452248197639,3.7055234378568658,,3.38504365628488,2.861284119459195,3.166286870637708,,3.226304940644411,2.7737505393537334,,3.303747700418788
FT0695,3.718723685028501,3.908548025400458,3.620463891543465,3.583272616736318,3.4263163995479062,3.6438910525590296,3.0953333961231038,3.4722511347891265,3.580782615814807,3.64017930506219,3.324689313040732
FT0702,3.8475496744393,,3.077280903298671,,3.490790627997895,,3.3700707608249663,3.539873556970208,3.4179133062101665,3.795280630346679,3.460478558531177
FT0704,3.295928145066509,,2.830342035929747,3.112534586524994,3.784766566898888,3.074816624320643,2.912862281992889,3.2877733459764493,2.798052688758328,,2.51105755804007
FT0705,3.899026580855103,3.869145930957517,3.624813404833876,3.8602273694601834,3.7539064721138105,3.364038116995024,3.609577435935375,,3.5347721394541822,3.609408580451007,
FT0708,3.720188636237989,3.4990428522228147,3.821196178933119,3.5304902017168835,3.270795379663077,3.6754492344156393,3.149916532220244,3.058244938143302,3.0732848279768588,4.116243784699254,3.473827390292582
FT0709,4.27112720361585,3.8588200062055873,3.8061538208182535,3.5607917615048037,3.46816728659212,3.204900717399286,,,,2.845394093195268,2.677826690403785
FT0711,3.442119970618541,3.207421165976111,3.335903870301084,2.9462914252092087,4.520791143382429,2.80798412278845,3.341936686510566,3.588559638141241,3.435363184606029,2.9456544355058205,3.357427162531721
FT0712,3.327166133915558,2.974419078107425,3.2002182270364665,2.971941086485988,2.785190148306257,,3.4549540960923943,,,,2.9043544113386663
FT0717,,2.99522796756804,3.2963740966549766,2.786418694985704,3.1398412327455065,2.8997587055002847,2.8435249402228475,,,2.8557952152762978,3.1858498038648886
FT0720,3.3589706076147765,3.528843438161978,3.3548446627302395,3.189269881609849,3.3273857471582398,3.159017356028273,3.3271778234182348,,2.7521553646311063,3.374881619066864,2.9658284520256206
FT0724,3.795811296260762,3.3031580912641325,3.573864662290805,2.778886037947985,3.4290320329905883,3.892311107650946,3.923331706542734,,3.970245894058884,4.088392806396483,3.2663704207483875
FT0730,3.196681676211921,2.7584086656277638,3.272895841879888,2.7629226812021703,3.310895981454032,3.37032076401336,2.9069821554666326,3.322761337014231,3.459799638789178,2.968648677888069,3.6033067549988607
FT0731,2.7961791125670907,3.506630848245105,3.438639159255813,3.9047131958761656,3.3414830056262246,3.442882856666388,3.4813479257290405,3.2679972383640314,3.538021218211309,2.964612549537497,2.6668919342421824
FT0739,3.619542201567164,3.8284318815800353,3.271974855016518,3.63805529830142,3.4380840397495067,3.549788105710098,,,2.944105449730797,2.9793783441428365,2.829642154867489
FT0750,3.746819689857335,3.262478504125086,3.3947629599449702,3.3551973790294567,3.629343466048857,3.4511337714233763,3.878284095362403,,3.8588189188440825,3.8927895214061055,3.41365162840035
FT0753,2.9352113942018296,3.1593370184220264,3.438490351720078,,3.1945615901466247,3.6097312125067615,3.002502265700488,,,3.782525370981932,3.1544951076217105
FT0759,3.520816410152012,3.7224761955865264,3.420352018438122,3.7878499738761566,3.80351754732762,3.57722617856106,3.887597179662818,3.710255245160456,3.653183977400032,3.608617379327711,3.273310092728984
FT0762,3.913344907411216,3.932486732852131,2.9249484161949413,3.875209920477007,3.6918707970715055,3.959730969507958,3.780355916800616,,3.7109915137823912,3.4687490565022494,3.706582827641368
FT0764,3.5818433245928536,3.3640023308242277,3.4920558396284638,3.178031740681603,2.8253469508431666,2.8574884569222765,3.4602405695859844,,3.274260036966539,3.350605204103359,3.294014446125993
FT0767,3.589694021803645,3.547431970436439,3.507576800809489,3.5856429070118865,3.3468761573344885,3.634521118507571,2.6831889702431746,,3.7352178917065673,2.803503265841828,3.529493192981421
FT0790,,3.0115268100922394,3.287710247990684,,2.9641056379628585,,3.1879718181441485,,3.085732757037497,3.1457692547570835,3.1045142291389096
FT0805,3.784397903482121,3.847955961983845,3.677778624203309,3.744795870053352,3.0421588236882435,3.671451975933464,2.974243741695348,,3.8529827392266176,4.051806585623847,3.7398273375990274
FT0809,3.359692277073114,3.593074524416878,3.8536982532576047,3.3621171760458606,3.5219584659144125,3.5295220926210407,3.4461019757221005,3.810865720272743,3.2707510649158555,2.9519618157727603,5.057900887130244
FT0822,3.182453947195494,3.537858164654533,3.4300540324936906,3.583337324781537,3.588833215354928,3.7213679336138634,3.822082698817224,,3.197907099036513,3.598474596109672,3.600931075676097
FT0827,3.4159468568982625,3.320141904911156,3.831372518909952,4.206505963207842,4.113801136277065,3.516123660811641,3.425692227109656,3.487991627609257,4.020723102883096,3.867024484807038,3.640577366806177
FT0843,3.652783527354078,3.534055425951288,3.46569912112154,3.4510001136448456,3.493845987695474,,3.569231471268348,,3.365710346806177,3.2841018536607907,3.223126659813751
FT0845,3.5747693311867725,,3.214860941144548,,3.5783352813758342,3.058184382774647,3.682412337112747,,3.1003778492076144,3.937253092804264,3.639620342446822
FT0847,3.5201616500976165,3.3356165513588163,3.37708817583019,3.2949749967354367,3.131562962824705,,3.0000430445564588,,,2.869961962947499,
FT0849,3.1428919490680016,3.5403625961160508,2.879830382990776,3.153671213817193,3.831744047580397,3.768876030362685,3.832050832709176,3.492131416816946,3.1505435738174845,3.109280612624905,3.6850358960362
FT0850,3.5335539532861957,3.6498779819260343,3.477117119296579,3.110555295108229,2.913971938750173,3.118714126671707,3.5257999295171487,,3.6555851636036354,3.202573760778304,3.3817014835553136
FT0853,3.534041880481364,3.715827887079512,3.542509238728811,3.4669945488713547,3.5151768777896963,,3.634961781929448,,3.581466962353466,3.5940187184161085,3.554377172877474
FT0858,3.4018581323756294,3.5181274712179382,4.6336684243275394,3.4519192587978527,3.404044132500477,3.295004712241734,3.5056352193039717,3.451273627342594,3.1277420166345267,3.4329980279067724,3.3716824485494783
FT0862,3.92737974107982,3.261641209402909,3.4958851067099688,,3.797579833807295,3.3459540410532203,3.852519934038914,,4.119154572754898,3.8324088832071928,3.482994334787064
FT0871,2.876495462900325,2.8300655546371405,2.9143121613492102,2.647778333036575,3.1578638982950213,3.074206776374232,3.1934615947269074,,2.723280431797763,3.170226001296217,2.9366248628739053
FT0874,4.082756033032781,4.256170157405117,4.089960918514437,3.608858061673677,3.595988400977713,3.7726415497692183,3.4217147602955738,,3.7993209179513454,3.6005588164523155,3.801546582168605
FT0889,3.5821984575420487,3.535756228939041,3.6966668559022735,3.245596689993964,3.784178567352596,3.7114294792385616,3.5187065805074957,3.339877901937556,3.5206953446610423,3.637146134119684,3.5539330304260828
FT0891,3.687913548169235,3.2873656716764548,3.6455261809870256,3.726215881964885,3.414451423643209,3.7739041781614526,3.867799979227948,,3.955544432375719,3.9657212475542334,3.8007800817998447
FT0894,3.4288521727961343,3.052730558354245,4.78935823888123,3.302034677589272,3.5016353523228148,3.5075230321455,3.0462008263539078,3.49518350703104,3.31097591228574,3.344579369763448,2.7055124767176384
FT0900,3.94158438059042,3.59958581214049,,3.574785815961767,3.5409895656651145,3.771484369468956,,3.685740213462159,2.743659681305076,3.2788761351546296,2.9300807950502463
FT0902,3.257112246939309,3.949220170226865,3.624973177617419,3.7297134119224538,3.31456874741416,3.362503289341648,3.709425759100344,3.6377501636094447,3.4605805878718106,3.060553423433964,3.160482528340858
FT0903,3.9706743779001856,3.733428516879447,3.49133058260646,3.817379996121711,,3.251614035955534,3.081943982161812,3.8079361957881614,3.417975239703096,5.346411072150387,3.512794601259752
FT0905,3.2508788719664867,2.670732057492549,3.221428140397661,,2.9423786048613167,,,,3.715036973601689,3.211398704252155,3.215284729391886
FT0908,3.629289266508504,2.594484611278564,4.333030677207283,3.9140705635421225,4.265922199437794,3.565687191667436,4.105224258384257,3.3040925230488614,3.958006554786848,3.1932962961160136,4.145256977914261
FT0915,3.023611250370005,3.033287450207468,3.5200659411900195,2.9364823088749006,3.294408890974157,3.5381039599978275,,,3.1930862327358875,3.1997483492884453,3.029171472536744
FT0917,3.804586885926542,3.779028158105257,3.653403307915961,3.2856500440303766,3.327944312933426,3.301128778060587,3.137875909468108,3.4104580372269298,3.496649358246972,5.441210714597101,3.44315857730978
FT0924,3.8610888500189247,3.5261611656295297,3.353869562447591,,3.2792965937755203,3.29507548247921,3.211528077725702,,2.9624917073600807,,
FT0926,3.49094214691711,3.505503120624001,3.215410422968508,3.2528750898752445,3.537767598094024,3.635325958568983,3.5648133673958373,,3.752445461227709,3.714948625992616,3.562043636634801
FT0937,3.620759909987981,3.6254099324383313,3.903843143716088,3.642441479281223,2.9353048639876667,3.4354950619282274,3.5943526505823646,,3.393495074563653,3.6523723460519184,3.8175279536735953
FT0943,3.942700894574173,3.989545289130561,3.9379942675754935,3.7966062791960415,3.653183977400032,3.6895847721841535,3.70119261143258,4.1174748994915085,4.018216176482264,3.223710177360002,3.574145564902302
FT0944,4.260094190408613,3.30040605218229,4.044716413616498,3.7570470583964335,3.769023005363718,,3.059632415187337,,3.660755478812794,3.002453353185816,3.075954969593165
FT0948,3.690237085185429,2.779410791295354,2.594942700192437,3.32304293440436,2.7622460352089404,2.87894276051787,2.748579624325207,,,2.728145015612787,2.9082159829835703
FT0951,3.801840759515706,3.3810635841112373,3.629273457522017,3.21741776210799,3.5075578646592462,3.344443752009002,,,3.2820244763863604,,3.315432224768612
FT0955,,3.850171064243388,3.1696741590167496,,3.969904516067225,2.775559276189305,3.123273005480377,3.771523599949396,,3.997630930611682,3.442102231063913
FT0971,3.548038275421137,3.469374367936636,4.048410686434304,3.8044744278411646,3.7577480128108367,3.850316289150749,3.786719924890346,,3.118690657363976,3.899443793777981,4.0116575606968645
FT0972,3.124320528126246,3.0311772779747588,2.724509269497379,3.032938359024403,2.926140962705561,3.2545159190557165,,,3.3242006015923904,2.7357278655773576,3.2136046607380164
FT0975,3.748720350145731,3.762625161608997,3.715460212670384,3.1478407237246366,3.1669795760069883,3.529657385546285,3.431172481420916,,3.154501415350316,3.1947110543470694,2.90357180757542
FT0980,3.1918750335723627,3.699985247292892,3.0343188080867893,3.1171766623927817,3.5697325788580785,3.009425948309187,2.5126347493951404,,3.0298411020782705,3.62052475869035,4.513418127368533
FT0984,3.608292849459033,4.559769256396352,3.965323374807765,3.595220347768924,4.225013418051093,4.446349081618459,4.7763787900679855,4.56962083671222,,3.4841672079651143,5.476531400175769
FT0987,3.0633758751988243,3.4266389431554645,3.593320283368798,3.4027071264554865,3.3525458361801523,3.1147631969126444,3.3736450503038067,,3.355829474492988,,3.2391136394587243
FT0994,3.5401638032643974,3.9117925937747935,3.499005279560938,3.7951282487028153,3.1922907809023973,3.4494969103022743,3.157591315873733,3.132232633242765,3.712636876650989,3.7194036321332096,3.516403409372808
FT0995,3.879886211029072,3.597007495745427,3.767511313277699,3.444597723125242,3.7941553444871423,3.745147276321868,3.665140334436679,3.638624070473734,3.978530701436116,3.8814382436013233,3.817694225294845
FT1007,3.527555351018368,3.6390201577283694,3.562670243542136,3.2560370989362943,3.001251078648589,3.133238015733389,3.469534667495419,3.1004399715854194,3.172617333388623,3.0271110889561053,3.268743447576224
FT1009,3.696714916946209,3.113909457065829,3.3691425751930137,3.094448878966348,3.983481587560853,2.6777026034022864,3.41152332424815,,3.9385367518747785,4.064009940681212,3.2168153175137766
FT1013,3.1289731509109258,3.5114489665315465,3.32621011336619,3.433646922060637,3.307760559845712,2.800727624973173,3.641816170931431,3.675808496039508,3.1034804892394687,2.881976970130566,4.693735172465396
FT1015,3.896193554629744,3.256358990077333,3.6413401922291886,3.811328143057501,3.615513250701128,3.620453479114353,3.63121136249509,3.4417649257801903,3.759919906086656,3.651438109782628,3.6005709251369944
FT1026,3.904958513625074,3.741527983255815,3.895208582237442,3.535544245629743,3.615622171010164,,3.577505488056874,,3.945087377086949,3.687131628182582,3.6974519839312983
FT1027,3.799952092795531,3.939938584142943,3.628755339219728,,3.532672824081276,3.796851424619437,3.785375046009381,,,3.7757550104782815,3.690192931661576
FT1028,3.460561780632068,3.6949552260733354,3.5831590769591584,3.463594739050833,,3.756080519739785,3.598363678368619,,3.4941779950194505,3.4327565496317187,3.219889354014892
FT1029,3.4723156995515785,5.023954732325324,3.248762971116949,3.499591610496475,4.47024243280698,4.082362342527389,3.286292561650698,3.374995777776481,3.234423797872704,3.3171058562530398,3.617364359852286
FT1044,3.4743687885853904,3.5671169143982997,3.584775382057918,3.843073081055664,3.6018854287380213,3.5180680207764707,3.4639868075713385,3.188723931676386,3.614738775637797,3.37797662442654,4.334369081728688
FT1046,3.758465629194845,3.6136987394097737,3.5939280596948917,3.2890327594242192,3.038711118848552,3.7488581380204287,3.243249767517421,,3.487314469671669,3.0886069594568752,4.184913705414606
FT1057,3.5586249225039497,3.376725482980258,3.4776562737655263,3.604484277902857,3.4858071814304354,3.5072328048827224,3.457412491444148,3.2030193410569687,3.335852330164501,3.3221012963668235,3.3951118975579475
FT1059,3.8264393464682,3.960931661044991,3.962353640918689,3.6858407134643225,,4.0838609231010565,3.8256657878848346,,,3.834257339109497,3.837821131084751
FT1067,3.030245083799288,4.065461779178692,4.205642949857448,3.55307139721601,3.845226312314029,,3.3696571655921,3.74892762520614,3.58284941101912,3.4944078571622805,3.802108294077122
FT1070,3.3630177464269533,3.973053553604797,3.581162724052472,3.8263964742664345,3.5278174817956143,3.324165134876951,3.80425574414738,3.462455040781725,3.5054459280921515,3.067597098729168,3.480911360508984
FT1088,3.5283446679024326,3.369083157958996,3.0049405050067004,3.537135546646681,3.5355228471454816,3.614273272931124,3.723163681588552,,3.789309087495084,3.771221261899707,3.4118921127150226
FT1097,3.2799304759958243,3.61096401201598,3.2662481993131407,3.584719218796179,3.6000142425295727,3.5997770890344265,3.407365610789649,3.7044732119800425,3.47983474651192,3.424886839184617,3.6208939023266655
FT1100,3.592881715278023,3.529507655330144,3.722879178576401,3.573218356613717,3.618874987412728,3.538081635754924,3.6409989021968383,,3.671021031846512,3.535571771626108,3.5951025062372333
FT1106,3.3208025915846924,2.9149373045616214,3.229205606492929,2.937017837653,2.7880818166985657,3.114898211799852,2.8506562739038186,2.755075159373591,3.3303608986214304,3.2978427302864977,2.8239463356325314
FT1108,2.854815771243145,2.4416696223290777,3.294954301000714,3.992414598376077,3.1502363482226747,2.6195862545655557,2.684897844947285,,4.523663522668424,3.2813680734169512,3.018260633050707
FT1118,3.0516299021993056,3.209402658448239,3.310934815177174,3.4237417456065824,3.586244149132102,3.4269918005810425,3.290746087012065,3.428668486100207,3.3485280351593087,3.46823276181422,3.407108648299729
FT1121,3.255707775796949,3.768129268770021,3.88512392069561,3.258458105685854,3.7167709985151856,3.5169193600348216,3.6215053807401976,3.753824839379562,3.647954613769807,2.966651521048603,3.7876317743167207
FT1123,3.189587379136226,3.2461031763840564,3.9735373113001113,3.950092234897462,2.973851232645343,4.269840888601006,3.312443491735773,3.9026595837868414,3.014531726552187,3.01490977480082,3.2153466842288885
FT1128,3.393543070836724,3.369922823524457,2.929588250095902,3.4636857999857087,3.213937431261088,3.285186586002231,3.360810072526688,,2.578062796351332,3.239823022670232,2.7529643627810185
FT1132,3.2960453598415245,3.0654739520391416,3.1450941941107886,2.828490548207352,3.0968107098237327,3.3911840967210365,3.3756530024017555,,,3.3886956733409144,3.1350404410410877
FT1133,3.976645920177421,4.108821480107351,3.322601584920191,3.9063665278817576,3.538585861846133,3.928373985846524,3.788698052831242,3.576611909892763,3.9575816024573207,3.8388240588076057,3.328237782576958
FT1134,3.6143090935550704,3.4085190460277266,3.28608652156014,3.071034708769019,2.998777992982598,3.447513089421708,3.552026435483277,,3.218982124555424,2.8226383856834243,3.69181621895621
FT1135,2.8711359834121915,3.719574094425728,3.882381409440044,3.496265079480258,2.76629522714037,3.439233721269354,2.6723532484617967,,3.454539245890009,3.986403660566284,3.0420709629218
FT1137,3.316743710158493,3.1577044188336862,3.737661452729795,3.480533345924713,3.621272982800093,3.1478891280127,3.5315052745783526,,3.813163838621121,3.928375832141412,3.839527324322936
FT1139,2.9398591688780678,3.7802890566265663,3.6184357879644193,3.661927836278555,3.715887469662189,3.758664677492919,3.540296934687489,3.0352338057394737,3.383684187470774,3.455892384551272,3.806289438843249
FT1141,3.5092228290491096,3.8487742546841934,3.666740600380394,3.554154452268431,3.611851319908517,3.572537700808001,3.656732626367875,4.104616452350147,3.623546887795705,3.8430460117352623,3.654734793924255
FT1144,3.322890749801529,3.3160376463638137,3.347930774236657,3.635901847172289,3.409338588072945,3.164531797491388,3.7942453063030497,3.2362667488878225,3.8160219670312703,3.410599844343753,3.143509278373071
FT1145,3.3877976363753763,4.155559893134885,3.8561249613396567,4.040436382034226,3.696365319824279,3.9102955642297874,3.276533178425786,,3.8266601515056897,3.121144427218997,3.533734869564242
FT1146,3.204670551188098,3.3193764761838698,,3.163194185051198,3.123385190688985,,3.404987442953447,,3.395776894064712,,3.085658646111141
FT1147,3.741937658956723,3.970472696783864,3.538734415383826,3.629004590868907,3.919089980855933,4.059902619835915,3.6571818993401504,3.081455368170107,3.8313602845636248,3.5617726220768597,3.4414012208771103
FT1153,3.2222406078682853,3.473857814506597,3.599104918886606,2.916160496129064,3.549162562482525,3.465565712749364,2.742434966042586,,2.8147254177658456,3.4047113314129573,2.902554581183899
FT1155,3.52097307951365,3.3007065939836586,3.255558221116797,3.380996066963424,,3.281747782362273,2.989724228775412,3.105292795163703,3.4906670434915115,3.5425865978746693,3.1678757042625043
FT1158,3.496127128878959,3.812857127522292,3.2447370901686186,3.771870968676085,3.3584191373427137,3.6125839038405343,3.66831316254169,3.6607188864351614,3.294472429816775,3.5756633178901005,3.316489289122188
FT1160,3.5494505610679448,3.187268404622128,3.753619291539305,3.5309104049551183,3.5565012469310866,3.4920506616022813,3.630087513288233,,3.6499245019827335,3.669610415291336,2.797092943906303
FT1162,2.59918661127638,3.4910755285617348,3.43605236595607,3.435908369398536,3.741299324994704,3.400692977588842,4.037342575663941,3.192494080838779,3.591640247903377,3.2142213998858264,3.6973605291200657
FT1164,3.120687021016324,3.4295541296216427,3.3243630711886825,3.111246451168297,3.720053011367836,3.196122355787239,3.410558569184212,,2.9652299037146004,3.176975546124898,3.2131679482293847
FT1165,3.712551592218517,3.1336815288839093,3.221032943584227,3.1012578635825085,3.915074018817722,3.769066142413991,3.2477020338472222,3.2814644630733696,3.663545807168264,3.3584820767741124,3.8133171342259407
FT1168,3.495990389828558,3.443580620081622,3.5498535377298874,3.176969820329244,3.62715585760584,3.747423077374838,3.339503740562263,3.375837163523849,3.558634689945964,3.789455680360692,3.6912297917853434
FT1169,3.3339037830830205,3.583882596734428,4.104228902378099,2.874187540693113,3.3287981887766374,3.060122727981953,,2.8644071505434163,2.673977301504085,,3.3966853119115066
FT1170,3.1712743901268654,3.7528123488847216,3.776866555060967,3.7894490599487622,,3.805935557176985,3.287707719567587,3.1233073573849994,3.072636871599107,3.2706486412933398,3.691832980560705
FT1171,2.642436434146101,3.7359135413621383,3.5706338808094595,3.100403690637587,3.2927457573585865,3.52604337835294,3.5094135653299743,3.815673692311887,3.47464025861559,3.3738376651211435,3.745471237982153
FT1172,,2.945246337581948,3.5470118230191177,,3.693069833671138,3.6127062837471295,,,3.4067965953853334,2.783041581731084,3.74307075186113
FT1173,3.500741470527083,3.885776442991553,3.3732560074303297,3.728880030488022,3.928295677667371,3.653183977400032,3.815042699229895,3.20839254616458,3.718936707182387,3.2966624624758114,3.603888399644929
FT1177,3.0702630657097743,3.268740276257869,2.799104109572419,,2.618390442807305,2.94583734261074,2.919349373560911,,3.1758456000577597,3.0871814410523157,2.710581289422303
FT1178,3.379972487933121,3.5591981765298715,3.534483569832611,3.16482169368449,3.154014493525482,3.300465837841817,2.984096276409466,,3.158116660625164,3.100997520390244,3.106667460242751
FT1179,3.682391747382295,3.368802858523895,3.620000991211784,3.595500377273153,3.634918413554267,3.6366752697741416,3.155250558499962,,3.751309035377561,3.7428636954520575,3.621162934285981
FT1180,3.4157771340142373,3.5196777832192563,3.2150723230961287,3.450635245521659,3.2851175488031856,3.47722197252616,3.1477518018240738,3.0792609895787435,3.627055781133508,3.3640667707145457,3.182508578478502
FT1181,3.721764873259582,3.688318172814689,3.811871193568225,3.546013146351124,3.507638249674382,,3.598289210037066,,3.592924316524256,3.4400727009247944,3.6092010491255255
FT1182,3.3376567682420224,,3.315334662431016,3.305989402103093,4.270760825653495,,3.15944607234114,3.3350402860202792,3.277844141765739,3.115746317847394,3.1091334820847165
FT1184,3.5673705767845534,3.380127034323585,3.337614218139434,3.416485147887085,3.277692592555508,3.5265158074700453,2.8151730222490405,2.965628260298532,3.79808908770357,3.5328991365494167,3.020532280867264
FT1186,3.412133183711337,3.44885150589219,3.4730139978536774,3.811983452390352,3.182538436960599,2.777158492001662,3.03733662677671,4.341876964320305,3.5386475964413986,3.896321460149755,3.51313387914726
FT1187,3.1351232762591623,3.6095381260700425,3.383447717642217,3.4795104253477187,3.351714402771852,2.996936322473372,3.380969716921826,3.235567687538537,3.069863371052476,3.3312449839838805,2.814859540727127
FT1188,3.3442102303109107,3.317868421449701,3.8367247958124406,3.0915539135768064,2.6642631814970152,3.1976516628180702,3.741013090065154,,2.996114003837456,3.153681894018322,3.212619832171969
FT1191,3.0452947884461747,3.1862992647834965,3.933216193975974,3.075834124895138,,3.2436591141229814,3.5225534044176703,3.5318631560678706,2.616151621448253,3.5461612644270017,2.98907275555704
FT1192,3.6879849526818247,3.46510234820048,3.757378770713201,3.997717351370975,3.878719015447545,3.7722119445970623,3.3746232581804616,3.4077439219053094,3.379217177473538,3.508037132222135,3.3734829465498004
FT1194,3.3893619765840097,3.912620311827253,3.198035032705913,3.51826577548462,3.566728487227156,3.322687748972818,,3.3909819518929,3.396739146535786,,3.5564057309611607
FT1196,3.379557843495716,3.2424756069404377,3.451873230655256,3.71498578461939,3.4915903283939462,3.415678724549589,3.5510555860968767,3.1783671570534104,3.247350911605343,3.556484314100004,3.435858381293281
FT1197,3.525145002680754,3.552147262564986,3.23574466597022,3.5050392746418475,3.0918007167324464,3.89117657031874,3.810950899681498,,3.4634653358645053,3.2746788285090798,3.494001288017487
FT1198,2.873539570792759,3.224405524613328,3.146521203449597,2.84265720204263,3.111516278929786,3.208044728638726,3.1600517182784427,,3.320392628041588,3.38306579983261,2.9370311299724983
FT1200,3.288672027276794,2.932262826089602,3.3493962429669506,3.588434881593326,3.341253388476652,3.810058484038535,3.216671500154085,3.178252928537288,3.146482983999181,3.37880289777281,3.249481110418344
FT1201,3.8676475594388937,3.519700514702563,3.3839512757488186,,3.558925764030965,3.769314789193613,3.7344623901792593,3.6997252339652262,3.882813901934263,3.752215519480357,3.475849898818045
FT1202,3.49402877894836,3.383656235287712,2.711337522654768,3.1936370488443018,3.0263824198508997,,3.2183212187426444,,3.1102356363018817,,3.2504338013120844
FT1204,3.2105128831671097,3.130197495543773,3.2413778534716675,3.3040154498664265,3.1742485144916084,3.226846773187426,3.4735287317632686,2.8065262490569256,3.1762267780169835,3.424750377941669,3.1693732272525543
FT1205,3.423426841294932,3.1233363197156976,3.2077298401114955,3.28172592643091,2.870337737051833,3.0080325965142385,3.235877425346642,,3.180343915618998,3.401079655669605,3.112379943594257
FT1206,3.3241423238203667,2.528285122233258,3.0130143009881163,2.7455705332141287,2.917381555322561,2.974000623486658,2.617035329655845,2.4784041205970118,2.964155413512686,3.010558569077268,2.74228196983589
FT1207,3.507311276135145,3.4081560829351707,3.5717378558121418,3.517163901398104,3.4705610329267813,3.245134651406628,3.277651116600509,2.9600743004253163,3.377372515257948,3.029736080726527,3.3589005527601694
FT1209,3.350447971779856,3.4605932290538317,2.873687588616402,3.377140234162765,3.2296949532107293,3.1988881736360946,3.2000071136548955,,3.220346956844758,3.0858243577348285,3.084344010216176
FT1210,3.866640686032515,3.782426646147061,3.63598152367236,3.475602079518798,3.477834413419636,3.10225323669614,,3.434787285117935,3.6744235511463614,,3.174557474288893
FT1211,3.1291458504187784,3.4373060422743915,3.0668083963303983,3.1434693381806333,3.112118069185114,3.147101241037568,3.19942641030604,2.921370060450298,2.5248371670016483,3.281413556389141,3.219899557664725
FT1212,3.4515925796135565,3.067962734002616,3.6991089020612726,3.737920011505684,3.517425298742068,3.653994119308798,3.5429120155493043,3.391542279820304,3.7294062089330975,3.715387673359533,3.59509100616613
FT1214,2.746201021392656,3.015333413107869,2.806808215974566,2.7585061062690026,3.8984724720701407,3.5094023605076745,3.540869664550934,3.1136315887776838,3.648073519092462,3.5916621867275795,3.3694802560105392
FT1216,,,3.402779282740489,3.480684203182625,3.562898765983858,,3.2107686545760785,,3.324241353418356,3.5528744131748757,3.3363868836287898
FT1219,3.722664211341729,3.5876330571731496,3.410014013981123,3.8752289272172233,3.373899522590749,3.4845073947592096,3.743593688843886,3.6003643869829745,4.01628485136868,3.5147288662440777,3.651681981237348
FT1221,2.994985739811073,3.07457523956861,3.478443813276608,2.9878981218681737,3.1036646624821147,3.191717575934547,2.9009467949399146,3.217433949821002,3.0682412757117143,3.047872376190629,2.8237726942231123
FT1222,3.402210354107955,3.4714308064652943,3.160421393572433,3.6692621875680698,3.704254071506269,3.09172655508313,3.0523775645483084,3.475774453314825,3.1310117444936822,3.766081925855246,3.4943790264187014
FT1224,4.082043556009427,3.9272027876495703,3.932781975279057,3.8740956733424574,2.9537935144757093,4.140513909202577,3.502293472799047,3.319278797332899,3.845697272372692,3.4063789004229954,3.821664350402704
FT1225,3.352319718276166,3.481680337617255,3.4756058261627025,3.7621139745347865,3.396218766598009,3.680298362596124,3.7170090405611194,2.990795182418424,3.626892140812511,3.1250444914178432,3.8334366351979856
FT1226,3.27077218807174,3.3485489164111097,2.966900247311524,3.229611830646259,3.346998477940597,3.2105404248466405,3.143873079091104,,3.165907024910866,3.353568943008243,3.3644082891789333
FT1228,3.925744633131187,3.788538149217775,3.839070164580416,3.9382724995113567,3.5021434959006945,3.6829998690948416,3.2271574383260413,3.291569896345042,3.938653068341973,3.4160910988990234,3.274055743248354
FT1229,3.210577504314378,3.335433275527377,3.5195306520919005,3.253410113725974,3.325727970736492,3.716361623307113,3.057769329155533,,3.4589600718520552,3.2446899435417085,3.053957752559354
FT1230,3.38848973575191,,2.4896581566060765,3.495054296145069,3.2748351131334443,3.372707717283731,3.4854084390120423,,3.544371816093758,3.053010442024204,3.537928746571278
FT1232,3.299426799041994,2.98601318453243,2.9720822126152835,3.0055371330150984,3.329041810381084,3.3134941670650924,2.631501905742478,,2.5265651419198454,2.8745435365969136,3.6314172105353753
FT1234,3.681261276550804,3.7782640888756016,3.649941651692423,3.79162122577095,3.482630520735306,3.824428610192088,3.28849281323212,3.2487712127829185,3.717775386455004,3.3793655998478687,3.3903525913132984
FT1237,3.211233053062076,2.905067776919594,3.291534918450758,3.4577002284484464,3.419882509200218,3.239460524148982,3.3326087906712347,3.1468987207055497,,3.588640636914374,3.5581774204576253
FT1239,3.185411695717208,3.6298362553829575,3.733541197847764,3.456782575699478,2.691852941977495,3.3135532166539914,2.9918198262585536,3.342942074108715,3.721236996962679,3.708486696558575,3.019400933891172
FT1243,3.416405328600844,3.311807544399841,3.751015639144825,3.202819653355911,3.626398572245071,3.756477461492657,3.840717602874014,3.6712991835557496,,3.660134217616136,3.045126502487717
FT1245,3.073537235037713,3.403566027125815,3.451379614804394,3.008958326951784,2.9332748685725303,3.05871673991085,,,3.034247736031941,2.829872456893324,2.967947834034925
FT1248,,3.236156398408869,3.4191064059063074,2.319112330670444,3.3928566439104317,2.72581978645918,3.091578207068621,,2.9533939713529507,3.132165017987412,2.939912433954261
FT1251,3.1460879501313226,3.10149754364985,3.049652154295752,3.402651468152688,2.5642537712311078,2.877699602130072,3.27821097475088,,3.0242946911648687,3.038295937584224,2.85484518482182
FT1253,3.448364113293324,3.228392676736732,3.0511696249298565,2.9932483019410503,3.143819885071062,3.2357883567202537,3.475256461768565,,3.533619412409938,3.4334053574075445,3.189754819291422
FT1254,3.4110914788749844,3.23955864307336,3.471599236768465,3.2665231512248987,3.422953149107931,3.550547036797032,3.4010662474757165,3.1511095901421906,3.130690528622008,2.933023718840182,2.933788251925172
FT1255,3.4541794929191734,3.436425834610352,3.471790256545222,3.347928552274773,3.3074328446045462,3.283765839448017,3.332737866603409,3.0397805568781995,,3.383573434763884,3.240441619019904
FT1257,3.507070100847619,3.370991891072913,3.360770888384282,3.594201005318724,3.4990734950430857,3.471299646415439,2.993228306747412,2.9059784806835496,3.4286343583836514,2.921890854476059,3.242705123745127
FT1261,3.321173816036456,3.653873595868964,3.277593686978802,3.500448779747047,3.401983483404572,3.415570357921283,3.26103428054034,,3.214947480144359,3.5254361925810738,3.6125088734767328
FT1263,3.342829372561182,3.779567446673372,3.585177437529637,3.5550788141016,3.717830094947711,3.370870435842732,2.9616767781696534,3.496639501204415,3.483601066686392,,3.671482454032598
FT1264,2.954299090487688,2.891807960571912,3.2284471830825607,2.6926653004579086,3.2178932659743493,2.791503766809167,3.0196090795713264,3.301577809947661,3.1102882848925346,2.8564026844037897,3.280217506052052
FT1265,3.126600082877964,2.8907925036772464,3.015850444572268,3.3067893017199905,2.823240406444886,3.444652252927677,,,3.2347346852881684,3.190304452558056,2.997499486120681
FT1266,3.2501552935181377,3.2338276206104317,3.1250844793886903,2.8464485703451112,2.9951304110802077,3.166324818456009,3.2178866709911507,,3.453787827845747,3.3064094819726795,3.299281787072988
FT1267,3.1690112295864896,3.370296335035395,3.5710373738843666,3.0964337856537347,3.166297175176851,3.5611332180926705,3.5645144920409964,3.060246798185291,3.278091234286628,3.346290347690485,3.457338730926958
FT1269,3.126667703707383,3.172134303231666,,3.771498413023738,3.273749730988029,3.189589224008075,3.079966117089596,3.376250564565205,3.640707516504584,3.3797296033632707,3.154131135957968
FT1270,2.8711404864265906,3.2844109843951883,3.0812528344037875,3.0401326728523568,3.0370513325774477,3.243430192925034,3.27607506557852,,2.8207975956208786,2.90265261972493,2.563442322865665
FT1271,3.1355890483094417,3.027681877552256,3.5591005884749034,2.8345500214509567,3.2815042021587235,3.203284958705887,3.608364188826512,3.542531428787514,2.782295201021569,3.6806401152634103,3.410179150129503
FT1273,3.039676048996235,3.1890831984170425,3.044318490508904,3.108223979779072,3.296996614946525,3.3982141702220727,3.181680768741828,3.302658083533649,3.511928949529487,3.2400962509434046,3.4065534639654595
FT1274,3.8203305527933513,3.9618130078224807,3.812036478187345,3.824758681479356,3.857008081970965,3.724583035358408,3.365740709332014,3.633237653536663,3.7032246198519583,3.900523686218941,3.603714098021876
FT1276,3.09133427044107,3.324619096786094,,3.7765613073638384,3.4646150315030884,3.60748908076842,3.5340820086532974,3.4486639887246606,,3.3628509333449355,3.597752057506025
FT1279,,3.078653305496017,3.2390059184292173,3.2088968807371483,2.712829063943826,3.146517233568862,3.2106181327795973,,3.4468057580433187,3.3473710383167496,3.333037400520085
FT1280,3.581072786090193,3.400300049683738,3.2120359332027912,3.577071114803248,3.4050283091984874,3.7196862538913695,3.5835828357262343,3.541804597696422,3.52980060376401,2.72539455759731,3.847863184099879
FT1283,3.227474130188869,3.088280171470104,3.1526386486536984,2.959532982621268,3.093227639665609,3.188771710341106,,,2.961044054666404,3.319669497600158,3.3454512378604044
FT1284,3.061464231660832,3.1994625753360646,2.966230882434142,3.328323975027061,2.6617089610139835,3.2834735827118973,3.2870118226685605,,3.2295967480182632,3.3803800690086048,3.169025072104936
FT1285,2.870604564843975,2.7315459333708234,,3.449132714776772,3.823457555871245,3.7621133089391736,3.440851728702184,2.84494296269726,3.4601801803294427,3.544428941777942,3.4438886769512465
FT1286,3.1128529469490114,2.615407289735214,3.035522131068789,2.870515770751313,2.754979212180362,3.111998670446019,3.668497604346919,,2.4522848533500645,2.9588443488797287,2.810699663294515
FT1287,3.167927206327468,2.946381876568062,3.312386388654509,3.509327529267003,3.3885757632011995,,3.594479162635829,3.2522565924919307,2.974937318177992,3.494963128830456,3.1723820102737808
FT1289,3.559552608333184,3.461325315014698,3.524268154317823,3.626813930231551,3.618596419482316,3.5438517641241685,3.781823933951432,3.7705691253814666,3.362567369955086,,3.286141934779289
FT1290,3.276013959050442,3.298088608035618,3.199703784189504,3.383637499064709,3.331974548705571,3.83502282122211,3.3443430856930485,,3.102821148774318,3.3548953028862365,3.5147126026248228
FT1291,3.4629980857329685,3.638197944613648,3.6085461538743657,4.020542078997882,3.369157740826213,3.4182202139447924,4.106556586386376,3.381941545851756,3.32114333671513,3.6086286078179137,3.1668895996987905
FT1292,3.4188240702234847,3.513505139342497,3.651169641736027,3.0474476223037734,2.925755574573103,2.78948053720835,3.3759786268619507,,2.96596252170308,3.736956532028703,3.213651019470199
FT1293,2.923899683327671,3.0187274621611246,3.323218626843426,2.977687939972973,3.0688506877553245,3.126063694186032,3.2643982642771427,,3.107425339630678,3.0702817991696336,3.024691116253309
FT1294,3.4912052459715475,,2.73121362778679,2.8667126938476053,2.939506692508638,3.026078832543156,3.214967466410484,,3.2512183488986373,2.507055010532361,2.7694619711585475
FT1295,3.2305563572664595,3.038664122452841,3.570798280464068,3.146134905022345,3.3343880869097227,3.38047683211197,3.7774771892922088,2.9732753641959104,3.6285116569051703,3.4701400066178825,2.9057577994288137
FT1296,3.088523223957754,3.0697976032446324,3.226055121939547,3.3542424275040683,3.005575149014975,2.940222691305083,3.340893146938324,3.2582804038416606,2.9344234667325733,3.212352022110519,3.320052233321789
FT1297,2.758399161667745,3.070948160990303,2.9755127086002475,3.054828889563646,3.0001586724991,3.1252617719343982,3.2447043876112094,,2.785650195197657,,3.0032765184073584
FT1299,3.853291424384636,3.53753878432797,3.4416245622633723,3.775263060789916,3.6688566993356457,3.648500370070314,,3.651280518482016,3.24598741788844,3.628347455118391,3.38219169442663
FT1300,3.4300939476154166,3.2709051890434173,3.550702357240084,2.651531167676464,3.0990745052444435,3.052633102765069,2.993971159297752,,2.715953739380171,,2.9014375664326115
FT1301,3.622481470192189,3.553001508582549,3.563449925817217,3.519005028565404,3.547697065680031,3.125365640353148,3.4988897286760547,,3.7662483846122887,3.649755676579613,3.5222318483970474
FT1303,3.43703721479064,3.148796332763403,,3.508256476214039,3.3393109631163127,3.499721136731388,2.5221785181196568,2.9529222773707144,3.290118121509768,3.5717439887654407,3.330900776307335
FT1304,2.6934478326083857,2.9976896330142444,3.849335097608411,2.5209340406698235,2.873350955014074,2.807644021311986,,,,,3.3869765025476104
FT1305,3.380483976199784,4.058840007539406,3.526643612855631,3.448126348853716,3.38122411144368,3.367050175468645,3.304639313290803,3.051689540650645,3.2282743955472344,3.717811501435093,3.4524253920270054
FT1308,3.2854114878510856,3.0465470279556746,3.0783546564834605,2.971146047527413,3.4217984576400085,3.099040442059844,3.253749961405127,3.162823702919668,3.339480376740245,3.4950700776076435,3.3491284279554074
FT1312,3.2531862877859186,3.471182746318111,,2.872470873175192,3.4828119448596757,3.4906989728520377,3.004386892616952,,,3.9458271181364686,3.2432539942376937
FT1315,3.5842121630364145,3.427615477427768,2.738376530166922,3.3103376986309483,3.759647943393953,3.367790968572689,3.284635492566821,,3.566960570197573,3.43697489348574,3.355953175483465
FT1316,3.0080877482351016,3.31488739383068,2.9610787004896144,2.824686395373437,2.946973253621788,3.0980594550423928,2.969615551459611,,,,3.0635223126546376
FT1317,3.257111838514726,3.317156653142552,,3.2821045244784632,3.779698338561989,,,3.255267655531035,3.086080108766096,3.337208296200605,3.13658196771063
FT1318,3.306030213270815,3.214167449482014,3.2779802041545976,3.3776573340610123,3.598685274831992,3.411742984214896,3.3924367677683387,2.993260265096442,3.703356348449558,3.613569394195657,2.922271254345526
FT1319,3.550425914483516,3.3596452998894373,3.3139708894445854,3.580442950590313,3.6617624635341417,,3.2311027452594905,3.5452330201684847,3.515798884803972,3.2803772265021185,3.171733451754
FT1321,3.28102984510699,3.068370109512597,2.7484750598821885,3.135410609800214,3.455555108188641,3.155426810586748,3.270583987868184,3.4229933786280187,3.06988450408505,3.4519213802065893,3.832734643389637
FT1322,3.03466157109414,3.617256337617926,3.013373798906403,3.250524336352798,3.295406577477165,2.832224586101974,4.282642876957007,,3.49338021177112,3.246699724239613,2.886868211267635
FT1323,3.757409496225166,3.45100266817844,3.4080017513516374,3.379784624724869,3.2763624118894064,3.463854692789776,3.2234355484055897,2.8297814520068187,3.912332043205995,3.2591854217933736,3.490217239919972
FT1324,2.814859338659337,3.0738635574212463,3.151349635278213,3.1225137966394416,2.8986297894553448,2.686130109891839,2.9963210094398933,2.9152776745901967,2.8128722424225394,2.667705635351989,3.031847841725865
FT1325,3.169771089318802,2.8882108898981382,3.62477853831241,3.275387599171022,3.001170198039333,3.4952326558209426,3.109189691214363,3.330160262195904,2.975748256774307,3.805073394396059,2.7739525535450094
FT1326,2.969489744566092,3.168420906829291,3.0049653532849327,2.988014061481992,3.0668972378407857,3.1974160201173305,3.034864011132053,3.524864856459992,,3.3105692814238883,3.3736121552860725
FT1328,3.505917488451469,3.002595089317312,3.363149125765568,2.976213669999608,3.408162583086725,3.3081278707060813,3.355656115526177,,3.048701129284128,3.468421105955435,3.455972853176765
FT1330,3.037414695970297,3.165263348759508,2.987386505720462,3.22433293289479,,2.9202915687501845,3.2537480875497784,3.408711609738209,3.2372186406246586,,3.1715683637604912
FT1333,3.305987491591388,2.738924713436594,2.9004192775150024,3.438960169482223,3.414266879319753,,3.405799382414004,3.3888235392374644,3.6055843931013976,3.626586501235883,3.477858990645283
FT1334,3.672101776592476,3.519973436919314,3.508731985450779,3.421061061858919,3.358960950671824,3.324520471165905,3.361431944535346,3.2120731870916344,3.994533355875409,3.610067001938723,3.3074507752562043
FT1336,2.7611287515587217,2.849749772292037,2.9770578861589323,3.194981117989746,3.137620883008404,3.1519908312932787,2.9430311802937204,2.8283317779547565,3.120293069362034,2.9418135377648427,3.310447304112511
FT1337,3.203566104003756,3.409713239596211,2.4412903251890734,3.076315128667355,3.401535784605361,3.28609373491376,,3.414736092507236,2.9223695431083523,3.4965440181437915,3.2037448698915307
FT1339,2.976289940650195,2.8600511303345235,2.8383776653206083,,2.7269591577992145,2.9012932898528456,,,2.54539275737494,,2.87968398597559
FT1341,3.439856419220669,3.4838783869252725,3.334957328373209,3.482397492968544,3.1383741429682823,3.3837359544875505,2.954082466389382,3.261193909113969,3.608508771110506,3.242819860596921,3.3128798169640032
FT1343,3.503466479102752,3.083097895137741,,,3.466699510670933,3.505832068184994,,3.5236459752034928,3.1297898498278864,3.514189451167115,3.3576799663097576
FT1344,3.817707686252967,3.239676997021248,3.751189047275876,3.1461506045478966,3.616398919011017,3.482775181279724,3.467913370771337,,3.7906202373275866,3.468025165869812,3.5401574820089188
FT1345,3.1833038280422654,2.669927398972878,3.1375901733510414,3.5637461353458337,2.837349753279988,3.149893565567452,3.1655663084190606,,3.2186383015913638,3.653183977400032,2.9370659632978784
FT1346,3.624676093959835,3.0794758322398774,,3.0928864295743232,3.698208901300825,3.260764425867721,2.7285247340948326,3.357940042908512,3.350694664748337,3.28241391114101,3.4992467566904697
FT1347,3.1616397049028824,3.624018741147911,3.5109841441992606,3.600462443578613,3.721837002580535,3.083175654868039,3.2617371793645904,3.026857369796397,3.907107346700292,3.489681092093346,3.103386082065299
FT1350,2.9576224896849213,3.3402679687003984,2.891343391968343,2.868693113470718,2.878922934215532,2.849878955686985,2.976536374897806,,2.968774354198568,3.1743859800773246,2.9049106130238287
FT1351,3.4134796253950515,2.58350506309308,2.6775370067390782,3.28902534685686,2.8613351983725948,3.33803752724995,3.351394125575472,,3.234598432367401,2.80336912241319,3.0955183576644867
FT1352,2.795234873999448,3.0832741612589976,2.788524625156125,3.0096178925580155,2.9328042249081623,2.924792193729585,3.11217907315988,,3.074069740098276,3.040262633596735,3.0586320319399367
FT1354,2.757233706138066,,2.918679814183764,3.1927047132250728,2.6693056321057744,3.113082248776708,3.2696290846642038,,3.3347158406286974,3.2016535187309128,2.868555234828089
FT1356,3.171008548064117,3.1041395345218104,3.046699662205866,3.386420613218047,3.021122832663764,3.3533732399777767,3.3678725483447423,3.312306999364616,3.5366437098749666,2.958797061270704,2.679638207442784
FT1357,3.624069599682864,3.286666065999249,3.12463350690835,3.0267982569944896,3.3814849663093574,3.5034933492166678,3.358243486031632,3.104558390313783,3.023278146112866,3.656293668229195,2.983146669572687
FT1359,3.0020127322871475,3.5938521465130435,2.861436850934579,3.017747521433656,3.131209482870608,2.998471862151713,3.0326479819738736,,2.998669658785085,,2.912907758476144
FT1360,3.1411738329649257,,3.478679977242168,3.2779188549783203,,2.708001419757156,3.390732818893112,,3.117130345377216,3.3596952241451974,3.68102076805913
FT1362,2.79217458888046,3.1722773731875464,2.938736732842961,3.091928815137124,3.083654881273397,3.1721986256272805,3.230553916752706,3.017315309240569,3.294798384321176,3.333863792759965,3.0775605731272297
FT1363,4.267258399459227,,3.477910494932924,3.2051679460321507,3.3552756058420234,3.307499129239613,3.3455097826870097,,,3.36083764149865,2.9592375278425966
FT1364,3.1043003268174183,2.749109189233345,3.520142304749147,3.3157927029442416,3.300857022499069,3.283808453937097,3.094602261576501,,3.491877889268473,3.579150858140605,3.7301859853912105
FT1365,3.903608854486268,3.096533733494986,3.604011269098558,3.696167952981638,3.653744526767398,3.80142920771337,2.907763106362692,2.840665202439931,3.543110719248076,2.8665112954354086,3.4178086368262397
FT1366,4.05501362758723,4.080759214332617,4.003467532824204,3.682446249762398,3.887603508868274,3.990341033948864,3.9933007863170458,3.487790508648919,3.698684425299321,4.043998875756753,3.898971907201805
FT1367,3.332170232902456,4.285467152617413,2.975896649203768,3.5033527924237804,3.075512626152845,3.9608967436861815,3.33809256119216,3.2786426319651767,3.276995455609706,3.404446798100372,3.2508726777891943
FT1369,2.933677861862869,3.330128826345374,3.2789974372788646,3.08193343464339,3.201180897513873,3.129015453635926,3.2120101860764185,,2.954368321930413,,3.386985032760116
FT1370,3.4553564663918515,3.264119767486333,3.360103203559844,2.997037715478641,3.2251214563297994,3.341112681649612,2.7316131247532325,3.419537583091397,2.9824430929409984,3.554380000506368,3.3197464914979
FT1373,3.146285186207784,2.8714263906938218,3.3638115806794016,,2.794848188968943,,4.99640339025476,,2.848893799069968,3.6059108129918345,3.451404943197453
FT1375,2.971858477395034,2.984396446881486,2.832691543057372,3.3932476868919963,3.620082786530365,3.1444709872031806,3.0898387554441973,2.941922725393081,3.275776801515038,3.241528371817271,3.1812711238174995
FT1376,3.936897473004709,3.8263134050191168,3.4573201843485086,3.5274543698317817,3.715657263339048,3.630367336654968,3.8578381159186574,2.964878450437163,3.6462085491805465,3.595345880100957,3.750353698913901
FT1377,3.3754557488854764,3.105954126085864,3.233979032036744,3.140691506892728,2.980030292735101,,2.9750578311286877,3.4156933728306424,3.373789264716291,3.2600064244825355,3.0806085581771745
FT1378,2.5385706467765465,,2.869122065256162,2.794275926551036,2.580953752274835,3.0798403773851923,3.249127525942911,3.377510198578312,2.960657407572921,3.1243827332482783,2.9434979793941425
FT1381,2.8073545675004645,3.186971847631266,3.0345948093102164,2.814025445899272,2.9335802344567385,3.0675594054139497,2.9890893140061445,,2.9423550534647114,3.120408567007499,3.0978251547682207
FT1383,2.8213282320841544,3.101487424248996,2.66343782568725,3.037846461826713,3.1416430688255064,2.673024977460144,3.244967628343442,,3.2217329069797462,3.2795888286391275,3.200854501977826
FT1384,2.6790848212277067,2.663345348021686,3.03258169553014,2.873113789956661,2.9167936225642146,2.9773310877331647,3.1318216375872883,,2.8905129480005214,2.619523447911558,2.9911162200997383
FT1385,2.715837035487898,2.9019286251428418,,2.873110092179685,2.7428663427602937,2.910722732330149,2.8734270555617685,,3.066985409619232,,2.927299971760404
FT1386,3.50420382426181,2.856751520858684,2.864315185097615,3.614408394988745,3.2627395612254477,3.209233067606617,3.2357721059204803,3.4717321717544216,4.636473237145443,3.905474159021372,2.6785942203855706
FT1387,3.642110660815228,3.496026600072806,3.606393701764079,3.7344650122167535,3.529620665002685,3.5000562512766016,3.2909004388141607,2.863037041060434,3.3798722025358017,3.317150121438962,3.471892930386149
FT1388,3.168900853909043,3.058938945313561,2.705541645161944,,2.9069378852110304,2.856558669889652,3.057189220467514,,3.19892614087976,2.868343971067571,2.6436170160138084
FT1390,3.18478742677554,3.283499275897332,3.058762875233821,3.21376515405924,3.4551021067452714,3.040157419627405,3.533317960385534,3.3345543300123146,3.1387946569923293,3.140756650142409,3.192636154230411
FT1391,3.383881232921876,3.356245125302201,3.212692317152377,3.101888923465041,2.8814159116390887,3.099066252977705,3.2935555025144443,3.3697159294816803,2.848404320454392,3.247898970758719,2.772325250222179
FT1392,2.8060498352033423,3.209538812348335,2.994465941765674,2.8002861201474305,2.9723868242762266,2.943073639875432,2.8729800353840003,,,2.751644796603224,2.7825555548997607
FT1393,3.172370289458745,3.162314120311689,3.0346003413760423,,,,2.5747945957210834,,2.982793311303124,3.196248532853754,3.639201035648087
FT1394,2.950151783052527,3.6519481439801567,3.029763404908403,3.713576990596238,3.0909647665315547,,3.271321727148808,3.617396883737066,3.1143968797680004,3.0655216924580047,2.9776105517713605
FT1395,2.6560393023010667,2.995255448154841,2.426061493827856,2.822289602390987,2.9437656860251225,2.7417058481978698,2.6870827054767106,,2.88580249922044,2.723613056507869,2.783701851349454
FT1396,3.580107712356278,3.004669306089296,3.631835501806723,3.330054034339293,3.503057319588515,3.2157161111810137,3.323469677788245,3.1888295938942024,3.0540963311358333,3.481733093000723,3.109895656537934
FT1398,3.581538782073742,3.070244645869122,3.3938665484647683,3.7305041981634286,3.7301023337355415,3.864752405849203,3.5795192640068554,2.892336081004744,3.522084926355641,3.7665825230944456,3.798822302566922
FT1400,2.8485373032861623,3.4430407119793918,2.8970244669836145,2.999140037822672,2.946910773132021,3.164713305416932,3.358924038782444,,3.235537137882151,3.2871995486697005,3.103179900583296
FT1401,3.439112022676067,3.190373774822174,3.1240788834988686,2.7268594017077907,3.347342852656412,,3.2952829548591573,2.9553594245685497,3.465536279216531,3.699098733642343,3.2621161797105103
FT1402,2.913385326728008,3.7508783143675632,3.2251876589968367,3.4166540160033883,3.4956299911366395,3.865734782834832,3.463583309282784,2.6452677095034085,3.078823434326622,3.0089638635187232,3.495416542502848
FT1403,3.7288066646003646,3.66294252284995,3.656598605297914,3.545742489434498,3.4520482425019394,3.2636790209550472,2.899400977964284,3.6569847644721007,3.8490884779092687,3.497048465321874,3.540335648329117
FT1404,2.953162845478684,3.4911768037769924,3.0764472326764363,,2.790023017062877,3.612275087823824,,,2.789989916225537,,2.720379750774
FT1405,3.082667082056657,3.1128899714294085,3.044334169659242,2.704928156356901,2.981861106336025,3.095386189540981,2.8463374001519632,,3.218123404754225,3.1872320814650354,3.4045114284924693
FT1406,3.116339476590664,3.0459410398806237,2.970423715144902,2.9354437894219307,3.0806658346474496,2.9966500864953445,2.9788003397375578,3.0336635796512,3.0638364844171044,3.4003223851536117,3.1726051026658
FT1407,2.8499758438437643,3.2351524009634813,2.939360024401192,2.9370281876180813,2.852210212734208,3.4853790372322275,3.043720950940155,2.7151281143993544,2.7453587609786205,3.3294197502714256,3.332450237272003
FT1410,3.3571790973485967,3.611466476721529,3.4021215448780744,3.516365608395107,3.370510324886646,3.6716068751189104,3.542403740857519,,3.1051012903482107,3.465396150131391,3.5639979133350383
FT1411,2.992173896961442,3.456353682216437,3.4040803704055955,3.1819063220415376,3.041046309563696,3.550442246269806,3.542512382583854,3.017206968661307,,3.130684872339945,3.4600289245472022
FT1417,2.9993945941723203,2.728603215564558,2.8110980154093714,3.2614036825408994,3.024274745047553,3.118705121949134,3.093397885360017,3.3947601894505484,2.6790256052028574,3.35415233601748,3.0364423986132394
FT1418,2.866373364657561,3.1903657814832966,2.537668840068625,2.4877772173081647,2.8266120783078823,3.139693528276109,2.963480286429619,,,,3.3184404944602592
FT1419,3.5359542849803107,3.5952058984595103,3.5285629352656938,3.627539699923784,3.6226165063340106,3.653287951330547,3.5635108384672,2.9523998666492743,3.123493084935634,3.3335179498282246,3.5486995279021785
FT1420,2.592106006684128,4.110646279139057,3.638906482828131,3.251986097492485,3.5557444214527365,4.168260003473851,3.180622284624669,4.047755122203855,3.073831407451481,3.6754712518162544,3.747342479923807
FT1421,3.088569747160858,2.892782823362883,2.9891642619213625,3.777770736102234,2.814935504741607,3.295142670045091,3.0222276414089806,3.133962041569751,,3.479093226331278,3.032087185806457
FT1422,3.082096710492446,2.884342920234233,3.653183977400032,3.506156458710808,3.167227823482768,3.4418333919554867,3.488717507684454,3.4636614141446485,2.935244337588649,2.793533201895544,3.656163417830793
FT1423,3.5037366376871666,3.3388308982019974,2.8869790103567365,3.262344248107948,3.18646432966183,2.888877548885417,3.325298550921733,,3.5329384426872643,3.382216018526307,3.291127356204678
FT1424,2.954187773785597,3.840419709176047,3.2302051589429017,3.537929435421725,3.235674083546508,3.182142417316755,3.39420623330246,2.881109210059025,,3.552068309931317,3.2772445337019462
FT1425,3.480267946525598,3.288635111989274,3.18523074554095,3.021400575218216,3.400802185839477,2.683740826244778,3.3903085795808603,3.020642805199587,3.026269589343992,3.584798696406963,3.4388685554611182
FT1426,2.963355946858077,2.970885925791137,2.573901493322379,2.915255338868544,3.0836236877971044,,3.1336729160703665,,3.1249567529077216,3.1337216637113454,2.8986478928827624
FT1428,3.0687312669635154,3.657845254574992,3.8456209228651104,3.290876592455221,3.4124470168951957,3.090447423011868,3.516069687952581,,3.1273685595109204,3.025337639047798,3.2219049051967183
FT1431,3.5847237768002835,3.514340289742019,3.540961149746537,3.4743487923544563,3.406740308259096,3.4150559348185543,3.273134444932821,2.854906662587122,3.3440450878961787,3.497104609629428,3.307827798738491
FT1434,3.511211104586261,3.509654128038892,3.4875550234247026,3.0372292203846576,3.534598524721731,3.521760547308429,3.376696726848232,3.4268158688048524,2.982765196221857,3.9906157041687367,2.970150709360448
FT1435,2.6378189231153994,2.471399360929813,2.721424052022707,2.8830240175146145,2.811672796621113,3.0197615651593384,3.226577699832426,,,,2.9742823543059824
FT1436,3.072913668789007,3.5943879368354645,3.035419993485044,3.3368386367440457,3.1622985572640845,3.7414299137528992,3.545058011644613,3.332723402681947,3.666491109240682,3.7020820483591215,2.9869013028623645
FT1437,3.195614454559592,3.324525821034244,,2.940353281049228,3.532358789186754,4.42979958552788,,3.218921697822348,3.0597131977611545,3.044640107774572,3.262018352161509
FT1438,2.9594663876906973,2.907678517041293,3.092093200532827,3.201846456578654,2.99065147745317,3.1064883756395494,3.714186173105766,3.0960118328028785,3.1641354340452104,2.813606729463592,2.9606325897682417
FT1439,3.357202711067657,3.2338620485887075,3.251565599562924,3.375197415206878,3.199925119603559,3.2239868914290923,3.1893342785040035,,2.956256960871736,3.1069884219131647,2.8293346675485025
FT1441,3.6569255351433383,3.65357951329477,,3.681798170565134,3.848639351997318,3.7210197701845646,3.817760201233088,,3.611103355347032,3.650636539961762,3.7402454077062655
FT1442,2.9406289239269947,3.0476731726825563,3.2598697651329034,3.1113820781447914,3.1383152000870336,3.1204229800523478,3.3476671434626533,,3.011610977955059,3.385204733498433,3.209859321414892
FT1443,2.711672346110128,3.5348764603284266,3.2626206145757006,3.520930995410633,2.818352546962375,3.4982604086822087,3.137242831195311,3.281740143366973,3.1830063623704503,3.3593825311321472,2.544818573930506
FT1444,3.7153069319067953,4.0084340093661455,3.7197444484816655,3.20748834914324,3.1423519718019177,,,,3.2502486419654817,3.2307137504152603,3.243009117958911
FT1445,3.0503868967480137,3.7038201424809327,3.520165448565022,3.4929799674382624,3.1819834084480623,2.7438176495639515,2.9056080410804697,3.1928872634042507,3.054323588912937,3.1009006733718616,3.574366861658312
FT1446,3.381898124242636,3.2248990495909204,2.768902993237058,3.4032414563805,3.288564668545844,,3.68638258485252,,3.509285803321505,3.9137532749971498,3.317659009553827
FT1447,2.808720575491969,2.907270279249928,2.910365532311219,3.5569256118464714,3.441057978800634,3.484818002883008,3.3642227506408617,3.01112219434413,2.7993683585760323,3.258074942298852,3.1340520793872444
FT1448,3.560776227377452,3.19991708951262,3.253644607964717,3.4271576613869303,3.4630316997359154,3.5156345451899327,3.4879940559377403,2.857979323254944,3.159879389772191,3.349044097670981,3.257722933007751
FT1450,2.414024542614343,3.563389761750739,,3.333275211607248,2.719836084632784,3.599846090188776,3.158321469079344,,,3.430652760635541,3.357434152056113
FT1451,2.6426751633119787,2.545979941815671,2.6475633765723385,2.8079334519082697,2.7373226535404616,2.8204460752662364,2.744043675087087,,2.882528758936223,2.64344955969081,2.610185240896055
FT1453,3.2041273996111443,3.2337207542658555,3.232278546136145,3.268948497680617,3.293821819594395,3.2105005564901923,3.2001602438827463,2.909234482034729,3.033990552610071,3.4232730673187715,3.285592177608748
FT1454,3.534574308559779,3.482149125009011,3.472139378709151,3.4556211629712035,3.473176694582498,3.164213589380694,3.0653108172916856,,3.467855038567672,3.143171641147582,3.204447773634201
FT1455,3.5979975788231062,2.7846618963002,,3.33519714632163,3.672609647803536,2.765129179132663,2.686852019235229,3.125607259121156,3.262661048603432,3.1721940791851098,3.1797923348384973
FT1457,2.9048085119749816,3.875336836722931,3.967930865710229,3.839101212965206,3.4027116288612675,3.5307420742523123,3.7952900330471873,,3.259411612973415,3.922650884838156,3.876548798719393
FT1458,3.047798245029424,2.806019752717608,3.167238198867018,3.2830307475221177,3.2871529885451927,3.358730775031114,3.0974642809721806,2.9800265506916075,3.0834228321280146,3.3193185993349603,3.128944169832121
FT1459,3.666264739988073,3.3484368979081656,3.850064411261652,3.796092830989735,3.7267509412637994,3.692811883959042,3.72113966758316,3.3457522074648143,3.655495334609255,3.9669241825911694,3.069575270373103
FT1460,3.473874905818959,3.25125007844573,3.4575524812981064,3.72216026281603,3.514815828671858,3.317061764571231,3.499238997550125,3.040570577136424,3.386904800548611,3.5517972813508907,3.607837612565937
FT1461,3.7629411967002735,2.851778388972233,3.164745743082515,,3.0966184267007013,3.752136570980032,3.39863344377232,,3.458483700506193,3.441339378528768,3.611720823144427
FT1462,2.70557512439447,2.7692267120113763,2.8879799569222238,3.3187541521162216,2.901904564783404,3.38585152972432,3.353059757194849,3.1638841033021774,2.750785390594304,2.738680682802938,3.731252832859373
FT1463,3.379321788679825,3.334988949968952,2.7436901420861317,3.1378032930906103,3.267602955998965,2.767457197875837,3.073174981097345,2.8217884697938818,3.115752863777541,2.767152537426012,3.374703813406873
FT1467,2.718252805710793,4.0271433020943,3.8734832393213376,3.5320943952153705,3.2865595471783657,3.208131697492529,3.358137557435429,,3.719287982924823,3.669853174740781,3.88306766455289
FT1469,3.35595765198875,3.185641003971459,3.444610600893274,2.905985318594952,3.416559742014572,3.405309248605184,3.3992407424745976,2.8417554292590075,3.5982287208250754,3.329251984880331,3.1200456447992893
FT1472,3.080097089253784,3.682219766177372,3.0893831415795416,2.762130245017472,,2.396491412064332,2.9959749475997604,,3.2072132554132238,2.9104038899022693,3.0388558980234324
FT1473,3.035302758746338,3.2055369580942474,,,3.1217844549466807,3.0274290742279577,3.698746518726288,,3.105387692143256,3.210297972998502,3.051151508041012
FT1475,2.632499933461881,3.3903592187968257,2.4616895217908734,3.051936173381035,,3.354729790063139,3.342012065984278,3.0880709476828394,2.635118233201624,3.227061087826537,2.4253296758377214
FT1476,3.0077342586697,3.1625473725503785,2.996616937015106,2.881641423085353,3.1116844373134755,3.170143731108924,2.966154447484918,,3.2053276871590715,3.131858066886912,2.948576458815303
FT1477,3.4223944149461,3.233395612961234,2.9057611170745,2.8671055987633065,3.104263902685988,2.7086272459543235,3.29416921240168,,2.9066871554611167,3.1550726310154964,3.101741817436233
FT1478,3.459345559697266,3.486569351145127,3.2552050242147947,3.4204437036734863,3.409465627540329,3.4258149660111545,3.2866874503122334,2.87390063018206,3.050260722631122,3.2961497255087453,3.5431010677657557
FT1480,3.235328373416149,2.877552354615564,,3.235523487357316,,2.995154842139689,,3.081458340188638,,3.3909764683632995,3.1996711492334
FT1481,3.1985588398695213,2.8587224907706545,2.6883032385690684,2.7313225689521725,2.5030738891220143,2.790958980683753,2.7525071709888,,2.6805485122591866,2.7968643467154206,2.7285745187422306
FT1483,3.3226142444177738,3.6536416621925154,3.576072889868899,3.558905415306364,2.772384994590998,2.851488290688305,3.739807234946815,,2.9315870920179794,3.63598868300251,3.730027989976497
FT1484,3.282193727022843,3.36093701338149,2.5392419668691564,3.3987661922761987,3.2018227452449577,3.2691406009576247,3.2743414899771914,3.077088602165672,2.93971946517976,3.224454268691089,2.8473373721123143
FT1486,2.801610378637985,3.252209528099556,3.0703325405956834,2.902112296492662,2.894670429191159,3.41897066929194,3.2664285624745464,,3.144383910154044,3.444534130418897,3.1202314180842703
FT1487,3.3132303358225603,3.5907866013191048,3.617724748845456,3.2211476240897388,2.97967783157289,3.4116803110473217,3.259767134654321,,2.9926495849477925,3.1623124624138126,3.3297926231709094
FT1488,2.79788762509966,3.357391849132516,,2.8874596609509986,3.4757113409718707,3.470342485742304,3.039671098043188,,,3.3135570672145978,3.456791834603823
FT1489,,2.846435931212433,2.74890227254058,2.677295740547884,2.5101655432239838,2.8460795624743462,2.6375889061941904,,2.842549846247307,2.6433778514789106,2.732125107537767
FT1490,2.842582069187936,2.738290440717693,2.633816535692591,2.7246629529046604,3.225755202265998,2.677726334083133,2.9447126821804965,,3.032951273000592,3.055765011051568,3.0494690985599058
FT1491,3.4237187779063447,3.3688825413700094,3.4769575833946824,3.402519887659949,3.501013559795443,3.7953556650363063,3.6187777733938327,3.5106650372058623,3.640102636780585,3.4594510207561777,3.2717894013731974
FT1492,2.90673165015058,3.145603511709658,2.928639655718168,3.247876322832005,3.3436459863511883,3.1637615141128776,3.214483034346278,2.9994835920744305,3.1991887213752954,2.867455815782289,2.836083758034053
FT1493,3.0502702125211165,3.760828701182045,3.097673326984711,2.75978733515641,3.3260755615512227,3.34339610374066,3.730087483031681,,2.825918545737465,2.734677918219992,3.635523705422359
FT1494,3.6873180266034455,3.4287550173771315,3.0852252718212325,,3.667378760334842,3.7853860092885743,,,3.16395238501833,4.316016241811047,
FT1496,2.811303669439275,,,3.104376800536784,3.1663099265612527,3.092843041325262,3.1080847616627807,,3.1901251850411145,2.844436928595185,2.932759719071504
FT1499,3.079563328279862,3.879523614624465,3.118632051717647,3.306040412799449,3.3407490104919257,2.95781583136417,3.3721155343251423,,3.191199062882571,3.3154202484147555,3.415947965293289
FT1501,3.157948756473836,3.124281695047248,3.4483780106328124,3.5363497150778915,3.5873272640374587,,3.28488126206049,3.235337386030406,,3.1441928522660296,3.3835889513324413
FT1502,3.3732979067210804,2.6138468854355965,,2.992322238645559,3.262766726660712,2.5668110387387277,3.23623724497984,3.0648980234177925,2.861173468327696,3.143312802622019,3.227334044668833
FT1503,3.8417015165761312,3.741529913625733,3.320851034987239,3.407981008916395,4.175936945131909,3.013883788819388,3.4068369584626184,4.056367196330331,3.500006695897361,3.660646751335174,3.399564049968554
FT1505,2.898270090503853,2.942471692786171,3.1871029528170034,2.8527111355037595,,,3.111246854522759,,2.993869986519848,3.009052372346086,2.6663343982506205
FT1506,3.5490647656937933,3.419118805790054,3.1830281829210816,3.312584395235296,3.369636915437258,3.467456667535897,3.4841034628177816,3.407506511947605,3.0574044540538607,3.5431768250907805,3.1872480658173754
FT1508,2.900971646135974,3.252354012046843,2.7540101656671085,,3.171324864460796,,3.335675507854523,3.4186165694120265,3.4167764636377163,2.867806375273324,2.771942826386118
FT1509,3.2489962585835253,3.173327603328453,2.8862894695281662,3.194324511315245,3.1941312449553543,3.4191928148976465,3.462874880930627,3.073500550989269,3.245316344446181,3.218991405087763,3.1051776384655483
FT1510,3.3033260508128475,3.036106276978106,3.635460733537317,3.408856166292193,3.3157563238122667,,3.249771328384744,3.428802570534476,3.438257151515796,,3.113924795953228
FT1511,3.3614012208949413,3.28933370682872,3.766016296940763,3.762276040273812,3.739888683013085,3.756940827880485,3.8826698941554554,2.8188182472111776,3.657944477798043,3.645911981332514,3.803494807979644
FT1513,2.840623806542366,3.228897637444048,3.006460386667779,2.4418933298905268,2.2215725038479817,3.151274203617328,3.397024796794343,3.052600849250953,3.093486483359464,3.253019031159684,2.9902503913383858
FT1514,2.414024542614343,3.0335464838684483,3.0979358193604853,3.000178177911116,2.9273314743162944,3.6474183537102367,3.235840192453067,3.5450378910635023,2.889193202436779,3.30063584135828,3.338053909598654
FT1515,2.6546836459687877,3.333221024361656,3.110616529443592,3.1631491920520665,3.0353216974907378,3.3739367846852257,2.761219262472456,3.0459384969578043,2.9310249734555955,2.8735643652134386,2.7779359975491094
FT1517,3.5665293311409867,3.5279077253762363,,,3.5564170627930407,3.895827936452477,3.567464110455381,,3.3872895963699925,3.502587876936218,3.773191132767853
FT1518,3.2005235006690804,3.2543248276586603,3.22536154095588,3.0492624263388217,2.7260995017586764,2.67539213027726,3.0053022450425844,,3.1960756840111477,3.213430566111026,2.829014072649802
FT1519,2.700556890553305,3.417278709032048,3.330624717828398,2.9465453039171,3.386965244962296,3.377283919511201,3.188079562592945,2.723535994522938,2.996693665675933,2.955898849309959,3.262426978118847
FT1520,,3.0927317473968907,2.8367758743316376,,,3.272327070656354,3.2047868182313586,3.0332019611576806,2.5960007690093487,3.1631864906570875,3.3506871942641863
FT1522,3.841806525652695,3.869350486315623,3.96420680717351,3.740040267164905,3.952353331746512,3.990582906370802,3.88649186688478,3.1472674899904742,3.0710007863555617,3.591163064499105,3.97092899532781
FT1524,2.6312022246161577,2.959332401872885,3.120289295037614,2.9938089100987137,2.8287651945365018,3.1617366943437,3.180446277519168,,2.885083582935424,2.992856480330249,3.055481132041608
FT1525,2.6917633189882477,3.4097576701726666,3.3495547778121195,2.954933988789449,3.1023115200074343,3.485311265909152,2.724813535536098,,,3.3228634101189485,3.727957785229561
FT1526,2.53204740749456,3.1980876280613506,2.7198833993257816,3.269574684079012,,3.251345636944777,3.1933339346462626,3.032241252415884,2.6084229092502134,2.9438263213902567,2.8583175979191062
FT1528,3.9019154289660287,3.311918697021311,3.2133608833649334,3.457726838265084,3.2884027950243104,3.5775160329056166,3.4724669119398186,,3.5775387699926307,3.9671195539052153,3.4611884094726424
FT1529,3.1222839157953,2.8272577183857037,3.36436418376881,3.3027174519723648,3.4169004815003654,2.978901142620339,3.098793647255956,4.026403308767032,3.4360842699841245,3.3966197971187846,3.313355512920958
FT1530,3.2825370506757543,3.11103209344839,3.1142579882630184,3.128707123852871,3.0959412979728023,3.2720335435529924,3.2818085246652786,2.924109085769357,2.982765196221857,3.3357851392997424,2.8522465582642256
FT1531,,3.213880976875168,3.3786932221486845,3.539587813579887,2.819498926350327,3.2042776283831964,3.536849634192393,,,3.427010009180001,3.534210121758388
FT1532,2.6496657709419726,2.717817632329381,2.724965291905705,2.753511509095689,3.3156868791131857,3.2436723693817595,3.228304125478504,3.0428525357740064,3.206290544905663,3.0856248659899967,2.9147646803277514
FT1534,2.6847418428513925,3.091871580196337,2.6073203555254554,,2.7706126875114627,,3.1336364409652697,,3.075242794431492,2.796220797554688,2.801580430041974
FT1536,3.36380919132595,2.798277930110153,2.2831431224311998,3.408702019738811,3.432506145245931,3.358396721845935,3.4450117416396755,2.961734255252656,3.105184808662837,2.868485418717261,3.153276036743266
FT1537,3.83135154344877,3.7460691763781706,3.506731642937356,3.1473444021019303,3.874002129006395,3.723280836587728,3.368902520260209,,3.704905269648605,3.808290131863936,3.691039087618521
FT1538,3.5899027121046845,3.88279221225797,3.869018402046996,3.661998077215569,3.641176272597416,2.830803484869807,2.9152165206496465,,3.678428015408012,3.8030822778833775,3.7967077784765335
FT1540,3.299323686888153,2.9888209892297577,,2.8402381418331624,,3.257850203681892,3.3405014908537187,,,3.48983403308027,2.846733565595436
FT1541,3.233669084495591,3.5335752180684024,3.143554442260813,3.944013566095528,3.1640929571949727,3.632122112676493,3.2093672275313523,3.3659397210213013,3.615151589249875,3.5873528418839964,3.810881433000597
FT1545,3.212722027661574,3.600768661739731,3.614054065507701,3.8195163567689208,2.6973072226115904,2.8758990476045416,3.30293014696454,,3.4201371091120567,3.727724266461923,3.45683685983661
FT1546,3.243650556298018,3.2400876435966173,3.329310826092017,2.8128154399475016,3.2073525085604846,3.112067698691733,3.0529608035380176,,3.2713664166238865,2.9391954867940155,3.1932834735068
FT1548,2.8676509572652584,3.296209790816904,3.004287415885825,3.331457558834369,3.639181582874597,3.2890401340956608,3.7056373791186656,,3.671794812968353,3.432701312338424,2.8738064866589754
FT1549,3.6988585050481,3.6791688159033815,,3.549352242046389,,3.530261915942323,3.060377311190004,2.900619539718408,,2.946694358585308,2.483354745119112
FT1551,3.213221256877897,3.347630521741736,3.2540382431969395,3.272005506602885,2.9941183525742816,3.251655792567278,3.31702441344948,3.0212409251737995,3.2108800005038733,3.274088087487804,3.199897410963005
FT1552,3.142791204724281,3.1769289196556323,3.0760487911657544,,3.24382653027728,3.249332548246368,3.0472813827987832,,,2.6583537314156342,2.931666101777898
FT1553,3.5374486184667795,3.163968099954739,2.541755808063631,3.308315164932468,3.54935165865916,3.3179129341593194,3.328630845969237,2.9316786255960143,3.1788587913786186,3.154286688901488,3.516124069526209
FT1555,3.236907273827632,3.009758402629531,,3.203381831765491,3.149154366001804,3.3581841885631247,2.9328939762497632,3.086607537214049,,3.3145807184914235,3.275139035494768
FT1556,3.3650473079161034,3.332738374383428,2.887095597846307,3.272193603052541,3.1563264474157005,3.1740975773532325,3.2945511665908387,,3.221776038825011,2.8897773636711803,3.4082486648392885
FT1557,3.3873049439176763,3.4025771313298225,,3.2582665963670063,3.156169992043163,3.3968711366419844,3.352800276942302,2.7259524682414185,3.1322668640600018,2.8970390088474227,3.0269577824987453
FT1558,3.8457226242214473,3.143851541492274,3.1576252687570165,3.2999556797640714,3.96308596728178,3.6140621863936735,3.1569796469494267,3.267613228778992,3.8195181869656976,3.14069622107501,3.0934090285809006
FT1559,2.66950445461512,2.730470029712864,2.757292009152821,3.198686929082791,,2.476822489915052,2.6892720671190555,,2.7518906050267105,,2.5860059246288998
FT1560,3.2289581933927685,,3.3397155699684533,3.144210099735008,3.488964965361812,4.071474245930478,4.229242138145849,3.1930359914960134,4.1145336525759255,3.713959631700033,2.755086487239973
FT1561,3.4041374765838137,3.0917296780498997,3.796489782887784,3.907776165617526,3.4371964727826056,3.249339709966612,3.9707299777129528,,3.342264246902096,3.1495553853665323,3.06552942798482
FT1562,3.302834660596796,3.060032805292357,3.163373935351884,3.235165707685133,3.043514557699946,3.0873506392610426,3.3446515677372246,2.9123854894256858,3.316609671912314,3.474180047809905,2.891725741300744
FT1565,2.890509096337621,3.583866491450982,3.5237073048293635,3.4428580271586697,3.3054870204276745,3.373650230973144,3.442671466809947,,3.4293823099708387,3.574713768650608,3.638528193328319
FT1568,2.789742345089914,2.5712614941141387,2.7069359655519225,2.95825011387712,3.359327265369184,3.4512561328354137,3.8250468887037754,,3.883360057627416,3.705486408917779,3.297902899748523
FT1570,3.5988370309341526,3.5961770913772604,3.2813312785935893,2.9774257713126167,3.247226121682298,2.843984512660621,2.7981257482334554,3.3640502194178192,3.238354469496778,3.256452242492586,2.940008707983559
FT1572,2.798040766642864,2.628010595602493,2.530830449504361,,,3.41002137187448,3.0869405589580245,,2.936458098354412,3.043510717018408,2.7717665835220004
FT1575,2.9058633119908697,2.4293203560694696,2.4729854434543865,2.759607870656162,2.9019659678376164,,2.849495579207906,,2.9486236976611946,2.8189174111809536,2.878732263098208
FT1576,3.558589427601245,2.821998278489936,3.085530488421356,2.8090109636491105,,3.526212503848149,3.449129367970704,2.5486618063485063,3.199814443112853,3.8209776666976873,3.300962673048057
FT1577,2.8647382174099283,3.5081154912898187,3.5682026400280225,2.7951055898125308,3.726109690313201,3.566891248721752,3.720897039939688,,3.500156341349802,3.1669683222721763,3.6437209139632074
FT1581,3.2951223714522264,3.0067194439527203,3.1061746787494,2.859939341061026,3.159412201292797,3.3521529541047506,3.0035790342926325,2.8756774728113865,3.295181934057165,3.0668023106889,3.243406022963252
FT1583,3.873569283848759,3.801770309559097,3.716172430916445,3.8236572095340753,3.156614274003977,3.304488679249977,3.7995774768343455,3.235725749670121,3.026536373094007,3.837060443630503,3.892392056100444
FT1584,2.695319405552262,3.075881743694689,3.058458743380731,2.940923802280837,2.839444458763729,3.452133040106101,2.971782732712324,,3.0391833213082826,3.3001937791568525,3.167133564995064
FT1587,3.203262668564109,4.012863455537103,4.275281317054387,3.944118888757445,3.9825994202537593,3.1363799806416544,3.3023888468772244,3.1471491646263896,3.8568802607748816,3.548028873910037,4.0214103770389205
FT1589,3.1450746276491106,2.374181744253904,3.2681507627932445,3.199226625875192,3.889254148658917,3.4096172094045145,,,3.2007792133341737,3.168917274088135,
FT1590,3.369857129618575,2.390589963360731,,3.198701653593228,3.285633604973037,3.0172818061480884,3.2803705158235985,,,2.84221369407817,2.8135877798798807
FT1592,3.1423222447727204,3.2131193655291237,3.0487627478698305,3.283201506557188,3.394547279805166,3.242613533475668,3.2270678149361185,,3.3015963347641137,2.967437871091227,3.122891019508923
FT1593,2.988337769107939,3.324767337969715,3.0269877149180613,2.8763859771996043,3.7345432380434738,3.312813447607387,3.7387072090503217,,3.0211408317377906,3.4096490815373883,3.0914918423383093
FT1594,3.858749422182132,3.283178172753302,3.099616489278856,3.1903705959207365,,3.295075147631424,3.2343522052740683,,3.638444977081794,3.4420598976662906,3.748071508384648
FT1596,3.07720671620985,2.979075084450328,2.9397661485313384,2.742873370924441,2.539240193863206,2.812343173788141,3.0081492034830526,,3.1224773567755717,2.770186587044724,2.7481909965611915
FT1597,3.1793731844068063,3.284831455734498,3.17457908684683,3.246017821096169,2.9323702936421587,2.941215679684832,3.494134354324963,,2.899739020237072,3.078179119551423,3.047456100304878
FT1598,3.88858237163117,3.6669251450298272,3.683532513267264,3.5966570987159887,3.478702461242416,3.6496974621099447,3.0934885247460278,,3.529913886170163,3.752795324611153,3.2417441409352223
FT1599,3.3460756750534824,3.348135783224632,3.640725185522927,2.8648522376972143,3.171365942234558,4.606404397102825,3.290735061867293,3.3344215158307184,3.244951229419447,3.647442692995688,3.138281489504329
FT1600,3.2828060427589736,3.208087838428776,,3.1096941209437943,3.069795961271432,3.112296821023401,3.3362151662852297,,3.0691629980388333,2.963424475760664,3.23952683998573
FT1601,,3.2079559047825343,3.2383791760470326,3.206929001343881,3.234441634464586,,3.0541642140792957,,3.216120700087509,3.267098297246092,3.688149262844664
FT1602,3.683548006353727,2.827488264251764,3.951872688431326,3.281066485815581,3.860430733320643,3.211764695015101,3.149680207079848,3.3012992264620933,3.8510260297165697,3.886093831541894,3.850574790757238
FT1606,3.835655527863292,3.799257628689123,3.060491724259555,3.749304602670372,3.3706873165301485,3.871242592947132,3.870149659787325,3.482765492325861,3.774574384031681,2.764507964307961,3.8601128807243614
FT1607,3.3589875344642786,3.1669740034579625,3.3978199221819,3.3202593430987006,3.2819579228159763,3.5683634513294584,3.8398471979910234,3.218579284487908,3.243760944486608,3.652151514702074,3.3348377251002286
FT1608,3.121541584243785,3.0836838754930564,2.792642088433804,2.698218991829985,2.892421431876613,,2.7955972045813304,,,,2.7527772787674056
FT1610,3.257912891581877,3.278500491610961,3.2880953433276447,3.275596150455838,3.923974287663838,3.087137784735853,3.3117812058719456,2.9737274284065878,3.054284509440609,3.297134494492066,3.4861455445107348
FT1611,3.1363509588306617,2.65074025062061,,2.914802687791232,3.310900258831743,3.279955293146464,3.337793254668022,3.048705767568168,2.970956843090356,3.1631864906570875,2.924974439365897
FT1613,3.453840907005026,3.1979984206368024,3.3898097937947487,3.4015699344309183,2.823095097068073,3.5549962410919465,3.38804115110944,,3.573766025489048,3.0844642887111826,
FT1614,3.17972566196392,3.2250732554378683,3.0553899567168075,3.277885184043975,2.657112750731606,3.06555971307311,3.131797581804448,3.4056526399122538,3.16104623256498,3.5387413691294287,3.267358255950118
FT1615,3.0250517187252908,2.631968709167541,2.6732224381523086,2.6417801402615027,2.9893082409677856,,2.7072602440205373,,2.8768053690036792,2.9359743857405745,3.104189925408867
FT1616,3.0463790268634474,3.258286240902255,3.29875371309155,2.7633136656526727,2.852572805034687,3.1037216570516057,3.23159323096649,3.3707651653021298,2.945288555299912,3.384860431348966,3.1967944786770235
FT1617,3.257055717324704,3.250657691858175,3.0441628516437054,2.807601197869974,3.173413565017796,2.949622126637949,2.911581681416381,,2.840329118331787,3.067183469994029,3.2764594597634806
FT1618,,3.1772833504368023,,4.010266908102247,3.934478267197835,3.7001959956588526,3.302715353567719,,3.000170623992859,4.438780412785855,
FT1621,,3.103136912308837,,3.286698475098076,3.160457473723685,3.013437624537039,3.2866725825900542,,,3.274716768591983,3.191694430597402
FT1625,3.5722728253786142,2.525773934677048,3.2719739042274893,,,3.377456011606192,3.123478487646054,,3.027537651711018,2.807534577327815,2.8029123784946024
FT1626,3.032303300639865,3.11674910965343,3.0250900524883195,3.642304824531829,3.3129406964902164,3.264915491534557,3.321677264658655,3.0340147514087072,3.257135256064576,3.3684724683121567,3.119733087318413
FT1627,2.992136109388332,2.920107032771163,3.043922266772565,,3.079954770826736,,3.048814392991097,,3.4321248019058883,2.6543827943496225,3.183965151883308
FT1631,,2.923309527056837,2.9635790951315006,,2.720967375029044,3.012400191951584,2.9596205560930464,,,2.9012484245846566,2.875904464638812
FT1633,3.0044121091254423,2.803322007427494,3.18071082979026,3.337084217516174,3.426311012363815,,3.346626220436474,,2.7158187716574864,3.283644840886023,2.8672761023156017
FT1634,3.0761536172690875,3.3356886234978447,3.413888698954194,,2.7859725184694963,2.7503021090281297,3.111373828645264,,,2.8535902407092184,3.0559395325295324
FT1635,2.81352569034051,3.31922295227947,3.144251828823385,2.9222738652015545,3.330330333839192,3.464184241589078,3.6423998804011206,3.273847123102932,3.081081365422849,3.43905453968123,3.247229774472548
FT1636,2.8839640238548934,3.2249944907192134,2.8197847973862777,2.781387360928948,3.1119434365791783,2.784245473650805,2.971029681242826,3.1500840110767907,2.6526972128279858,3.046103276414612,2.974121052022213
FT1638,3.693411491302558,3.711895126010965,3.274601877423647,3.381043155991673,3.0616683222563204,3.5195705741403644,3.923160666607686,3.266818761219327,3.143089973839877,3.898674680811764,3.825632879110368
FT1639,3.129137734385111,3.109917523241503,3.286287991849653,,3.15587528559914,2.977473390655485,2.734025841046343,,,2.95730652548866,2.959747649709825
FT1640,3.101019417243499,3.5015881165718485,3.2625157833649983,,,3.248444106542298,3.1011536537794404,,3.9018241213954097,3.174543532438919,3.5090530386050585
FT1642,3.237507452427394,3.518236495915439,3.295139270442649,2.844590493502469,3.330120562642667,3.420379635243592,3.3769153409590453,,3.259759378835602,3.4458471736325107,3.436671478567719
FT1645,2.6817229094763744,3.45846836638511,3.531076649444982,3.1524477970486364,2.6649809093679444,3.130600673124849,3.319283143430746,,3.277594139915521,3.158398348446165,2.883436223868358
FT1646,2.8636436671253853,3.203647269668616,3.067684587881496,,3.845980937821943,,3.115060653047512,,2.966711539018596,3.091549502029056,2.747410027592184
FT1648,2.7288493694614187,2.5964885354884486,,2.790811568092774,2.8841795548336906,3.3598638589239926,3.333728518750338,,3.829809058046959,2.6055995408017254,3.141591415636419
FT1649,2.923736384204614,3.681659012027599,3.04843880291033,3.647260894215439,3.3457098051222545,3.512404510885657,3.545702602048641,3.310103725855896,3.207301572130823,3.392022625723113,3.262692381477775
FT1650,2.9410559956192803,3.5326374721260536,3.46272408410423,3.1220916774210283,2.76715866030293,2.986320705096297,2.757806197635765,,3.464146427982125,2.601610865999074,3.1078831308211488
FT1651,3.041787843460042,2.462689148709481,3.3288024977883066,3.4685511120430266,3.5615992318542817,3.1550203125563177,3.1366000524339084,,,3.547348454610591,3.2115687520675182
FT1652,3.273436660764599,2.952847248652981,3.002925010812627,3.3262180040032128,3.3015720903464643,3.398485102992644,3.1825983068002155,3.08840223395541,3.173109140173703,3.761624735397081,3.354955161920285
FT1653,3.597783497982665,2.8290460580028194,2.641829566186389,3.295716277677485,3.139825641419411,3.2190503491341915,3.5833392241088102,,3.382814006027088,3.263269557768384,3.647167917354556
FT1654,3.3282201603505817,2.545634132413021,,3.2429822214859856,3.969822640313019,3.3298556636964136,3.001038606202909,,,3.4724300487930857,3.5355531239003546
FT1656,3.417220305306294,3.39738102184955,3.516282521285396,2.867157503071238,2.8404626318393986,3.3570060131252952,2.7956659248370705,,3.250248293204974,3.0385373671657905,2.973523066680256
FT1657,3.400648850408258,3.656802636022805,3.440316702247652,3.0132440345193228,3.4378686376487524,3.285130973597598,3.1641499940709825,,3.577032240650449,3.248760646427246,3.393882328447153
FT1658,2.621972221465556,3.632875877878313,3.5785945861196446,3.2341851841080547,,3.1039601634853238,3.323839047424042,,3.2074603080411594,3.3987208679628207,3.0282652114582618
FT1659,3.353251920442913,3.400925707636757,3.625570539004247,3.538637324049178,3.343730601115096,3.2548566976436706,2.9922338551319845,3.38596182160198,3.3858167745366177,3.4999323125415245,3.427022523473103
FT1660,3.280082821897279,3.2264358485479123,3.406576147403969,3.355539536020517,2.910727481658958,3.319033742770907,3.250934812329468,3.271740891508407,3.020091338511887,3.352954421741435,3.294379347143386
FT1661,,3.0315115085081787,2.7774496498882573,2.923355609224366,,2.807577966699333,3.0919345198519776,,2.5277327454606846,2.6184528970942638,2.8403272244568583
FT1662,3.542376269736768,3.824698748681193,3.6379208849877913,2.9289558034448206,3.4099655909242785,3.3544181531890023,3.3592456564357662,,,3.528586004199912,3.5806105418741905
FT1663,2.99620886333782,3.6277434432247513,3.7636880512254,3.0955075920529507,3.710798298170299,3.1073420695869776,2.7766730575284098,3.2854886580034544,3.0614697545977005,3.4115074902332863,3.2356474044258685
FT1664,3.205310896976664,4.4040019103723855,3.2314253877561367,3.10617859542691,3.105595013830475,3.1415936031759477,3.55789068955608,2.8286399568577028,3.1965113973711423,3.8140891033390942,3.209112262859365
FT1667,3.216426662773769,3.0801503792530625,3.2329438220895974,3.166226409467218,3.016110034217028,3.613092295810248,,3.03831713065329,3.159511404215149,,2.722726897507114
FT1668,3.920680070080464,3.835320787834137,3.778810750469597,3.957297972133291,3.853148189184327,3.869276415993527,3.8699500621085248,3.133396754915029,3.7136165638775394,3.2249567925308247,3.8529521873970656
FT1669,3.0418881472895127,3.256337035883268,2.703905280380574,3.223189397368062,2.7913587959284905,3.225393797906813,3.016526839881672,,2.8515140410502933,3.136142160102792,2.7569596500487905
FT1671,3.289811745458502,3.47293205839518,4.013880694507606,3.222269709584381,2.4848426180488543,3.1724602683072223,3.411272756787347,3.391233924621721,,,
FT1672,2.866643630068922,2.8044283132056957,2.611544059088525,2.793495176572938,,,3.0124500436833324,,3.039017464329905,2.827678951704082,2.6066604362629926
FT1675,3.721027922021036,3.712760205022545,3.745757638046952,3.267468604809445,3.922117195567456,3.6153931299164586,3.296661367580184,,3.6675997945458536,3.791033864581784,3.656588339132293
FT1678,3.535667491780002,3.518393184208432,3.15507755212147,3.879095357320967,3.5934677745786354,3.3570095456611453,3.289989690868361,3.4106931175507507,3.352153580546803,3.332912934381563,3.311725234909271
FT1679,3.190549732591141,3.781469069245349,2.9905041095456197,3.2690324434233653,,3.1698643083745384,3.3606312236863465,,3.5241572685652,3.430156983053347,3.1536736993798686
FT1680,2.918580012868045,2.819277577752203,3.2752106125708127,3.3983909172489644,3.302344516348521,2.8400348808379485,2.7955755419945167,3.1710909266702108,2.880623068050157,3.422753983383644,2.8970353523947545
FT1681,3.2215216312254333,3.2135541866485706,3.3042059279301825,3.284610238925624,3.314925129361873,3.3546042181542832,3.115542192016078,3.171138533504755,3.1792010413680707,,3.308307157466142
FT1682,2.7017556228271373,2.884211818749081,3.26220364565372,3.174493603691279,2.8012623854227634,3.1927369384467696,3.647250832086757,,3.2659830790365723,3.558256656278624,2.677856731851735
FT1684,3.570994256513588,3.352143742676734,3.5285191129032825,3.8560362260539303,3.573734496546645,3.056331014606964,3.6456577585549232,,3.538042726556625,3.246085518108917,3.598772771058499
FT1685,2.706078789602314,3.144179919282501,3.0071777126545665,2.949191833432077,3.0139917369579003,2.921273563460235,3.341386315536234,3.8058792324579542,2.8838087314842014,2.9396388561821216,2.797335397176255
FT1686,3.7832709658130335,3.9755298475173024,3.1134774641894207,3.5343549437363078,3.312359996867659,3.4512948481142054,3.2528521898182747,3.782667821149994,3.7077982010287656,3.0134186191494425,3.244975971760211
FT1687,3.2863954907129447,3.333367249729262,3.5932438216220715,3.836683322735426,3.350860103415385,3.59160420228995,3.769147872040083,3.405386169315418,3.499647836203964,3.769693150381307,3.813057916360318
FT1688,3.004401731324383,2.977040581376816,3.886223538813304,3.2983129397874995,2.933881261082804,2.777905135304756,3.533761576769256,,3.423140368675436,3.1879119675979357,3.712567878622532
FT1692,3.8264980327714455,3.269913800265962,3.192149999288729,3.201093042523962,3.126458439069859,3.9386461386872686,3.3367025216695554,,3.16105324075473,,3.9001896521946735
FT1696,3.072807212148591,3.716663293831523,3.205136320789615,3.3689233086786183,3.338480729898761,3.311357534027813,3.738474160996162,,3.305099501407636,3.801113006779233,3.385526538782532
FT1697,3.08233677394163,2.514932135276568,4.080687049649409,2.8723394781882523,,3.5762700572780544,3.412143222742693,,3.069472657013875,,3.35497369009322
FT1700,3.2541125441396064,3.3229729834451684,3.0779157573157097,3.119340686884834,2.9880819899155817,2.965204107550887,3.0344936814174783,3.679022970503907,2.9837649211431385,3.95892517302515,2.646785373527141
FT1701,,3.1820125252658085,,3.1030613278654657,3.206262327606787,3.940325445981423,3.3198058219665074,,3.140561257314736,3.348518180157157,2.7679765799427103
FT1702,3.269721896115661,3.816284403623642,3.8889948648918895,3.2174779402198004,3.3787334184081934,3.113408445020536,3.309969428306488,,3.076093689473316,,2.873177480630057
FT1703,3.2488480914981817,3.1763850749830884,3.1468848834277825,3.273243582885867,3.192142344160496,3.359230362502652,3.202897004935354,3.4373813590839646,3.2389141285867518,3.2855802329994743,3.167334146472919
FT1704,3.152866333745961,2.4621987078830547,3.3007382194083354,3.274954171153488,3.2905703400930446,3.2526805616742536,3.337814296587223,,3.272302232628643,3.392178008437383,3.292622646021451
FT1706,3.882824486096981,3.431756414737747,3.417841330952294,3.246182327205913,3.461947204816728,3.859432328721095,3.437578135404194,3.408159319398397,3.36676016416774,3.199373567953933,3.40183037907221
FT1707,3.0301551867971384,3.0812410498700906,3.3252208904802227,2.454982325141943,3.1662598423696418,3.1818887537893894,,,,3.7315839935880177,3.1115387177852654
FT1708,3.606423181323836,3.533901047459163,3.201874510263359,3.146960848116608,3.600184828964615,3.5299416885351493,3.404908650107793,,3.1690538247977007,3.715698323792097,3.9450164042424047
FT1710,3.635430460567113,3.7037494826353,3.689276527695669,3.532324876776808,3.5560465165143227,3.312259455632796,3.4087247350539416,,3.343103380160077,3.607796245515612,3.3250632491004293
FT1712,2.7274454560387205,3.0692824827704466,3.346834557140459,3.352445898479424,3.296554423554816,3.183479924673774,3.5026224322716657,,3.1020290715554117,2.758050650626987,3.381234470786721
FT1717,3.6624374698862434,3.5976827095789115,3.519045389251761,3.923203101958213,3.899078661970045,3.3713622523096896,3.661325815806881,,3.4892284459564284,3.814698809649622,3.749094969545303
FT1718,3.547229204211343,3.6911818810052166,3.986656777629662,3.552133276144481,3.740246216491887,3.845783116443468,3.611145141168756,3.5887725382037545,3.6992161354158215,3.5651049955530856,3.8771344189723966
FT1722,2.7623731442634942,3.1845330276660104,2.737374668479313,,,2.867722434682938,2.6915481621319817,,2.987819267890529,2.9593701273032007,3.090500597182134
FT1724,3.890207328289257,3.914666546143535,3.859337404979891,3.55841442941432,3.934220289589084,3.47118109324041,3.914470575879222,,3.50778387561797,3.476343355630474,3.8892485409133615
FT1727,3.295367776039614,3.6869947353140224,,,,3.177369600331581,3.400705790233552,,3.1119365905795324,3.361972429426088,2.9962197544857188
FT1728,3.308619276196642,2.640796240754483,3.2179643384014853,2.8187551439566647,3.196229819753724,2.948346606141824,3.667188339297576,,2.641497317823189,2.899402166940755,2.828572761210407
FT1729,3.717373092932944,3.591973801197991,,3.839142396833504,3.845447266921112,3.740577388648001,3.5252624452125603,3.8204294202746,3.939978122525065,3.7459858662281738,3.769419078802336
FT1730,2.884021916501557,2.9516708744559645,3.189133902080912,2.8658523723657816,2.6872912554851887,2.748050076626388,3.051334584201929,,2.816740873655697,3.390633755729706,3.042130087071964
FT1732,3.375446874769197,2.920610857681295,3.3906099022294693,2.7168016087147238,2.753225636927468,3.971681263551064,,,3.1236219476671594,2.972060464628383,2.635329208752309
FT1734,3.068246398710305,3.105810562865557,3.011743869964633,3.241367931590435,3.774325334681265,3.494207029133045,3.2053413369676447,,3.4822877002716006,3.372678173194545,3.6016618557279965
FT1736,3.4226247413459494,3.083517134856277,4.013400937588924,3.650510700486874,3.8561683481049256,3.722373323887652,3.751572752192221,3.74063504881617,3.64276816357087,3.785179459739846,3.809770979893645
FT1737,3.191661938806831,3.365048970569187,3.319175283706255,3.18114125283056,3.286570102894009,3.27258290302509,3.252107684946341,3.2039671784837798,3.212286582817914,3.5921847533250606,3.259187580903831
FT1738,,3.434808942095923,3.252022480657453,3.1378615277900628,,3.126903965754692,,,3.31549742190218,3.311545593510979,3.174224571689138
FT1739,3.109038142708916,3.2411194759946738,3.306648944803643,3.3409277954686547,3.226263545026628,2.928638810932328,3.3249411775228315,,3.238795131963127,3.5894385982431016,3.403058887076112
FT1743,3.8080685197923168,3.7871025434152177,4.068699369332836,3.8213049469517686,3.899618978844951,3.656962869571637,3.607099427759289,3.7407006702396814,3.567789198648283,3.6021210349418964,3.575318544381768
FT1744,3.4152649942356628,3.4994341538872837,3.2494351649942512,3.209792815604372,2.8756910311653314,3.652053533449661,3.558922028945088,3.349439038705641,3.5156173635780767,3.2987762292292437,3.1352152271276763
FT1746,3.626416806929757,3.747089014739133,3.541031718069623,3.770405712602075,3.8482630725100697,,4.038846230088267,2.9005272474267447,3.77147502984533,3.774080279735816,3.70542515143288
FT1747,2.8755722815671256,3.261661846180231,3.6885213756412822,3.34200816621854,2.9238199488176435,3.0867462960108822,2.790372345460762,,3.4057097295982035,3.628847182253308,2.721482034556524
FT1749,3.151222329038952,3.282824575672844,3.310092055668022,4.274300836700184,3.2730396805429165,3.2346145673125317,3.3394510513151547,,2.964599618162251,3.369852738195147,3.1811127755195794
FT1752,3.187094871180545,3.96379379085187,3.0717306033804954,3.0839849864546265,3.4037102587967167,3.232353286625336,3.2797275557161094,,3.218408923595102,3.357229205115232,2.942361817088141
FT1754,3.433813698819973,3.123349817995192,3.1168669469915757,3.4273418304435173,3.353274265520674,3.179276253617482,3.204534264845151,3.353731648081097,3.235345687185603,3.159598667366622,3.2783086161725894
FT1755,3.4174464270335583,3.756891195828193,3.523921668845198,3.602568788267679,3.5712198214979622,,3.631794063497384,3.653430695783688,3.771396538980163,3.60541200386465,3.804686181860279
FT1757,3.317819138830167,3.961060720598475,3.6581665870538953,3.748653930534141,3.4859785048764897,3.550047962786331,3.7452137194766975,3.870237578349189,3.6302012748625008,3.6990394946063168,3.5540815394112566
FT1758,3.705280144214644,3.753464764693688,3.795707029208824,3.7949111146930266,3.7063336865581946,3.416292981408455,3.805909824782941,2.706539320951816,3.668204939815937,3.861694965640329,3.757296898610935
FT1759,3.157553046367081,2.983268869825785,2.906225913531169,3.2057201512093765,3.137299642348974,3.2727687668416943,3.4496813346139152,3.3442978341990104,3.2970086498073727,3.028894766610212,3.057987310955705
FT1760,3.1636743421247884,3.300705982716017,,,3.209430600571356,3.2190261148164434,3.237646424542662,,3.177330133420933,3.236368754927575,3.2326405270366507
FT1761,3.1968813439710324,3.114982371380446,3.45102677817954,3.334333554002291,3.1408832981292614,3.394938505615444,,3.322754137690264,2.8660130647692554,3.344721482298429,3.5195476346049097
FT1762,3.1244227293659392,3.1805530172353604,3.905890296482831,3.560362098246605,2.5600940376197747,3.28802893053454,3.3812760372970883,3.433509275018739,3.022323310898994,2.7314565576507963,3.2001130209423545
FT1764,3.28181551032528,3.212888697358611,3.248697640036278,3.936263932743031,3.343671769158385,3.8725992961454136,3.946692082469827,3.4661666609727155,3.301523960020216,3.959046150825837,3.898157834889132
FT1769,3.707321836131839,3.523528176513855,,3.9031275809248096,3.72068847551244,3.1212454543655177,3.62117078273648,3.446933117217867,3.566550682395543,3.252120671386908,3.563304846663629
FT1770,3.0604284869271945,2.7933420426038857,2.9903066382225045,2.7785528415565635,3.0199764734461683,3.546178389531166,,,3.767443621515396,,2.7516751646050275
FT1771,3.1629513187023464,3.2758023437474666,3.1025932513846093,3.187057922455717,3.3327951749802622,3.1470279102706926,3.1842824483757908,,3.1384480606647727,3.315779848550891,3.138567474868595
FT1772,3.8757980951880335,3.400326258261652,2.9094104586512444,3.808710430818344,3.5500590754368586,3.5708892311875795,3.4737145726152083,,3.22670463258686,3.852687512604069,
FT1774,3.2629994628293475,3.56848215185828,3.3775581128322,3.399415722284404,3.2536380788489945,3.3345761074553533,3.187340259028528,3.18229404516262,3.328613497486763,3.176416047090936,3.783075953166692
FT1776,2.958452664353819,3.18197631392561,3.258082528303851,3.058545861768869,3.0180114509684466,3.076832541744209,3.031494533333006,,3.0501539316221566,,3.3254541723813444
FT1778,3.465194252101729,3.756547972218764,3.345191494416873,3.611365542887542,3.5800314175421177,3.5296928604417754,3.462939238533436,3.69702810158768,3.618071864023722,3.2968705482512224,3.072299594586425
FT1781,3.713569157077444,3.7286428326261074,3.686777131393032,,3.771378170060463,3.5381017595162945,3.751111093140169,3.555852494573045,3.515103841379935,3.557650378035597,3.6285713500771055
FT1782,3.1916470280708094,3.055179243282889,3.2009717349388667,3.098500175895507,3.2830103845456837,3.052450829644029,3.5302849165821706,3.683097717136559,3.0727250107854687,3.122473333912392,3.3027232392539414
FT1783,,3.5207520604954365,3.263927242828802,3.550371177321708,3.1740807667916338,3.2679247324459406,3.2217928388121138,,3.107318678578674,3.398318123558345,3.816086311777621
FT1785,3.611254579410354,3.656624248980428,3.695507227614051,3.6674850951859614,3.473803713320762,3.2333002557690285,3.212726569621016,3.860102627300868,3.54371877144861,3.262487265231964,3.6188205750097646
FT1786,3.537760549801243,3.8021560397223455,3.7155528087349095,3.5299883381282204,3.652143102639669,3.584623387027565,3.655099858868784,2.8619565301516685,3.553725924325464,3.364804208704997,3.483829615507099
FT1787,3.0796067646451246,3.7956930308250665,3.6054991446386,3.548672894387967,3.485309333848998,,,2.7438284365042045,,3.414269049157067,
FT1788,3.6691020109050414,3.759949136512936,3.1713202611935327,3.8642964816434975,3.758464499946477,3.730164951272259,3.93386364166272,,3.7632151495271455,3.6591430468528983,3.2895238351821057
FT1789,3.324532107682577,3.441528122699217,3.358738315528196,2.7865231353929265,2.6636606501947155,3.9638054595316095,3.018831008062167,3.274325740869326,3.4942145518016523,2.9877372196594405,3.1624948156508648
FT1792,,3.368177092132154,3.3862535366207878,3.2746591586476343,3.4888331512270727,3.096531358989895,,3.4272866401622992,3.400368611424917,3.3391837933709145,3.3099108552027725
FT1793,3.137070111442897,,3.858679141673537,3.1193659789151256,2.9900590262114117,3.7633749815216464,3.2629213305969107,,2.90901457614733,3.532109311773969,3.92415307088387
FT1794,3.180195469178446,3.4065923649941383,3.1131730989846065,3.201586420411946,3.255351942186524,3.4747659733567,3.5935047011634285,3.4322122774757786,3.506237487504974,3.1814751982772287,3.2307951591126214
FT1795,3.2314834653419577,3.4258959760462884,3.34779824792334,3.1915105079269286,3.4930297445967704,3.15870203228291,3.4411878796536417,3.580852029369677,3.2651152832635058,3.689484701428413,3.404749605158348
FT1796,3.039484460426332,3.1048528540474343,3.196455008750514,2.866700488401812,3.578392577042433,3.3461454044169163,3.173627715662858,2.9970452574065307,3.294972696896065,3.1203493491168874,3.5633290899920302
FT1797,3.4607036996614715,3.1350594064748267,3.125185002247077,3.27834761299583,3.3130615061286277,3.758810008891442,3.4546912290376475,,3.107359301861296,3.5875469221361675,
FT1798,3.466396614255772,3.231859216984297,2.5890676482965604,3.5784513238651945,3.098102907968001,3.49891965145318,3.324907451426926,,3.5311820224987933,3.346237322508203,3.3153170329006545
FT1799,,3.4016495904171777,3.0105139357209327,2.875117976131854,3.6248293155275633,3.5842816115064893,3.269580059412148,3.7981359358862568,3.440343619734304,3.2396526511674035,2.722754031878793
FT1800,3.726875555673552,3.737557973886267,3.336545096917172,3.412822264920236,3.820644586503405,3.437738187654501,3.3522221702135093,,3.7391610250959215,3.198120823465961,3.381543702641733
FT1801,2.935342647781072,3.819438520276447,3.632798277283785,3.467895899220824,3.734232735801425,3.53676077466754,3.886817572807401,3.022762557948852,3.540469747234542,3.5680816188250346,3.67769272468768
FT1802,3.489869641642636,3.677365301619123,3.722222994091798,3.4793106938341207,3.700980754974789,3.5877061283559044,2.970488325692452,3.515381216555855,3.6519897020372816,3.184420850119036,3.249571781301826
FT1803,2.789408035270585,2.197184268758115,3.7412005025491135,3.8008986200122217,3.200860700056133,3.410307083812057,3.8637580986151088,,3.4388168132444528,3.858668326863951,
FT1804,3.1092829051411366,3.030161847307156,3.2308629168461374,3.1469829384042622,2.9093085061272017,3.103807661023705,3.1385567224756223,3.175705660766913,3.5624481230807503,3.0000170518068536,3.181660111095105
FT1805,2.927505315892007,3.124079479826313,2.557471134289596,2.989217458141993,,3.00485258313908,2.882533455851976,,3.0443143010507847,3.5323274327843346,2.91112195945632
FT1806,3.248068549845513,3.728911295584255,3.107166527188975,3.135596730585905,3.3025164098912003,3.2345008248738423,3.2327437149046867,,3.2839380668803755,3.2622532726046067,3.287403029424727
FT1807,3.066496478405624,3.2606565275115678,3.183144150278735,3.311685687981114,3.4077380803545347,3.3386991464570066,3.442155712243306,3.092714647134253,3.3842252570786373,3.2427182148018945,3.7559273821784336
FT1808,3.1626782668008184,3.3930800707956896,3.3048230173343094,3.373860291497937,3.1403374088827487,3.212649509434172,3.43441190505748,3.6304197663366073,3.7659045369652335,3.2412315766611166,3.3396744111529166
FT1809,3.138763601896938,3.539790327390304,3.309925315761701,2.941379496183336,3.327322354215871,3.372173498785917,4.292572961681692,3.0235691119124617,2.7060252882576905,3.71219850646396,3.169198919702899
FT1810,2.997094667984675,3.337184247898416,3.3658316893757445,,3.4796858958605634,3.153975118464337,3.364393627933276,3.077895777101121,3.293750951022046,3.1004451099721515,2.995087017890724
FT1817,3.49163241054843,3.2142874676515274,3.1403786925839245,2.867069196529678,3.3183509396631483,3.219709973674864,3.465974341579636,3.568445473065512,3.164524784887373,3.471327191575812,2.549852838212212
FT1818,3.4369133716287865,3.4413973063947805,3.5187159182185024,3.394200685479684,3.1580046477449235,3.310768820232921,3.451351576523088,3.3132132666320198,3.147825952786912,3.427724116121891,3.32906401162361
FT1819,3.166662514742832,3.5070818644674957,2.914001708086721,,2.690127382556318,,,3.406390131072628,2.851382718623014,2.41481141969984,2.26701061982117
FT1821,3.059416666172767,2.642369941438792,3.3121491379451258,3.1168029512301425,3.2048785250363507,,3.14965837168492,,,2.822626612772449,3.0418729887451765
FT1823,3.123056717636184,3.1302321823685344,3.21524112080988,4.206786609127339,3.329503032199169,3.3736284814859587,,3.345765224504477,3.5793864295002105,3.562194698343242,3.303125402482286
FT1824,3.49580605538753,3.155021187029618,3.528802424925948,3.488285988225613,3.0229602825926265,3.372498852996792,3.56997200799566,3.122593271412171,3.51846090520449,3.1896873113933224,3.646696522629655
FT1825,3.149582017683933,3.302099618561817,3.400314445773335,3.319871483682666,3.154367532137057,3.251717864954388,,,3.121918179865984,,3.3080474912843143
FT1826,3.3930502468424013,3.367989145121628,2.376717214860587,3.0761373228312725,,3.492111504192881,2.946151219533312,3.1830758651320505,2.815903396789491,3.3588925078112712,3.4280223026156507
FT1827,3.513990964187061,3.795801097383092,3.13492204080114,3.313113171301501,3.483105655574315,3.346777851714722,2.8403271601296214,3.6577488637123614,3.6977235672508497,3.4372441641296434,3.5348100964839326
FT1830,,2.98380811727979,3.178241010078022,3.3095167142143014,3.1901714250673,3.201424463236824,,,3.2188455414566617,3.565981165043198,3.1653154732349345
FT1831,3.060504367385928,2.860152134796279,3.307970604433275,3.4554196774854047,,,,3.171134295364955,3.358752702927547,,2.989006797238169
FT1832,3.072828272491219,3.0509410410141657,3.818765546455712,3.427888025113628,3.40232487495778,3.263745276932911,3.2461177897234244,3.1881041138600343,2.538174254042589,3.3325668488434768,2.7203375772579017
FT1833,3.3893677998384644,2.778223929280635,2.7901508030938165,3.0842447962664745,3.253925741081207,3.2657218219013044,3.423149348373425,3.250954247799716,3.150128423220257,3.300412706786448,3.2350961924332604
FT1834,3.426305988538099,2.942534646820585,3.0688766472576665,2.9399028806768994,,2.640320666622766,3.3082695536986564,3.4258046539755003,2.9127425003917367,,3.10457537977601
FT1835,3.091816638388691,3.20174926810877,3.347852582720456,3.342145565797182,3.438190485248814,2.508142218408344,2.7441244446517343,3.100131663689915,3.373295503247171,3.1443795106643373,3.045796548069183
FT1836,4.146977828983823,3.368079371333072,3.104400464230181,2.9477072714237798,3.836094650305779,3.843858733760744,3.378033197261332,,3.8622510290445793,3.869500911315423,3.833612421624896
FT1837,2.922042881056169,3.10798282808582,3.396505774878889,3.443232808364264,3.5340277544114587,3.3300614603984027,,3.173889622914393,2.7397629734027538,3.2087008126033667,3.129585859739387
FT1838,3.7755098866341807,3.1959991743016154,3.575751132485076,3.1418544449301566,3.525872024968552,,3.880325840614036,,3.1611632545107424,,
FT1840,3.5945977135756904,3.154144516410585,3.064582684413345,3.6475497452265273,3.664929762490518,3.752259874928194,3.721020081787493,3.127206004664828,3.6988790685491977,3.830823950391689,3.694590752775105
FT1841,3.311125918168388,3.802115139763199,,3.433450864640031,3.1943578253721325,3.137316043989168,,,3.658837435584069,3.135898395922766,3.707809736862254
FT1842,3.2546125891964173,3.6583709920798304,2.743180627234727,2.9413802324697857,3.0260703367706747,3.167544100878442,3.6745265262973215,3.143322402007764,2.8187285225853067,2.935737143987374,3.1189117357546485
FT1843,2.630549450032144,2.704705074234362,,2.6920383392838785,3.1411733357872,3.3384984638097825,3.094561161388641,3.070370738573464,2.9282001206267023,3.0674268566523346,2.97929840469448
FT1845,3.3004333136617663,3.254227699268918,3.311601397642708,3.476550467008085,3.152586815063238,3.3080869000381616,3.282240347857435,,3.2074922161937094,3.613884017875735,3.3472441981365333
FT1848,2.970347917109632,3.433567398943301,3.1917780317537017,3.506243932703069,3.3469223713905114,3.2603075023942845,3.3962861751773787,3.733668857816383,3.299081997348506,3.3383006549639496,3.2251832692464446
FT1850,2.981026007082086,3.138789330974933,,3.2050296428570118,3.24058255150276,3.37327307005339,3.114495607036788,3.2011677133228185,3.262156453082994,3.2866692367205217,3.157361914106008
FT1851,3.1262768724463785,2.808531165989012,3.85129055156998,3.5068648690675106,3.346227798688835,3.208177885157319,3.474386557501941,3.3794637714700326,2.948561528764248,4.099081814009372,3.441556965585855
FT1852,3.2761540294359275,3.92683290594656,3.384797901696526,3.6857814756370777,3.7289758753464457,3.474375192942326,3.1945843200101507,3.062080016056167,3.300885982979316,3.7345076252789338,3.7429011438349193
FT1853,3.768181351654487,3.1549810963657743,3.742275742116366,4.106986172436967,3.056724477261756,3.7168348108913376,3.7454660700959352,,3.310618841069613,3.321597119272878,
FT1856,3.110860784209722,2.8056411331436903,2.5340525369485785,3.486406489821364,3.202463482375349,3.3369958788220395,2.981892668226686,3.2050245207616133,3.4503864847417933,,2.8400096913907187
FT1858,,3.0873538347979363,3.1211580444301736,,3.512819781292557,3.062646772311583,2.9452132871827583,,3.189521035479719,3.2607678435761693,3.1310690039643303
FT1860,3.1383148976446846,3.1830546163837856,3.4563902429495674,3.274801094898993,3.3812379699164783,3.3152576965472687,3.3467701689840155,3.824327305868435,3.409551618267104,3.313640663062698,3.2899821503133797
FT1861,3.201109927844852,,3.1370328817134703,3.310373142845292,3.23147347403598,,3.152272857899136,,3.087744499525606,3.199899999037882,3.3544726636269457
FT1862,3.3885931035671324,3.063338791455154,,3.7271093797647454,3.0289756296017,3.212708914248845,3.613975359673593,,2.6147075234513166,3.572227907147896,
FT1863,3.2712894784387565,3.0109113369190568,2.777828070400148,3.625549439838657,3.6663069278746456,3.389177046535804,3.0687420943066166,3.4469228684805637,3.236105907116729,3.535478800220365,3.275184592168673
FT1864,2.783545059000612,3.1590160655430264,3.148493929152773,3.410181282525925,3.333226408062361,2.607537564067128,3.4636233116325363,3.282295508353778,3.571876740466605,3.2248447098034903,2.968100750827565
FT1865,3.173369303509645,3.633021063697076,3.667333604985749,3.246263431819895,3.2495218214014154,3.6311252311892135,3.730902562302661,3.1736806952864645,3.6639220480770818,3.732958250158709,3.691681316867476
FT1866,,3.259789995219386,2.888388647287524,,2.935457224384732,3.265901811328136,,,2.385513645327281,3.220164445181949,3.248761806607802
FT1867,,2.584110327013968,,2.6964673594434823,2.705038058576896,3.1708087021759064,2.9017684506928827,3.098936877094704,2.795586128697642,2.758365104086548,2.7555148565340994
FT1868,3.438403872026349,3.2270775004354206,3.76549686338118,,3.4924216833634696,3.211130631294117,3.2262650064944984,,3.217883848713461,3.187123442737841,3.4617256061769166
FT1869,,3.47579145894776,3.0580589218233487,3.119751815334864,3.410690077491772,3.614938623897624,2.7337179170822963,,3.1021992839035635,3.518494717776853,3.6193829714695136
FT1870,3.235921359095584,3.4901207311754763,3.407727020796927,3.576105803608127,3.46379250393101,3.839196935732935,3.2337611803458475,,3.389775594996017,3.662309024821849,3.3829053631068136
FT1871,3.628886805624696,3.746460672861422,3.618781751894793,3.0932403741946835,2.985615147741493,3.75810219708322,3.011259898621854,3.089404090244584,3.4435790089602496,3.742023978511869,3.583426940052369
FT1873,2.9987466192313086,3.319829619807813,3.781546660694186,3.424132051888747,3.2227641402151543,3.4417550485635973,4.150892973578868,,3.326012470690604,3.1463853377772564,3.1681946432867094
FT1874,3.2384144543212794,3.0611684110951547,3.1485726560888354,3.204972128934659,3.4604716792699044,3.1570882705884165,3.460336663310757,,3.4360921650949185,2.951978918629744,3.1940830733238634
FT1876,3.32883936594464,2.9288585368376414,3.405065006949901,3.410021640994004,3.3902630933188784,3.275396004197016,3.5403911344014527,,3.341354037966241,3.319145555639196,3.3776909236749377
FT1877,,3.060556047670365,3.030674312655083,3.0646556782618326,,3.2764068993144058,3.1570563163760554,,3.29073683714165,3.202817336102136,3.100573446231161
FT1880,3.262578766371101,3.22587874030574,3.090116082221698,3.189682140807852,3.035696399416784,3.1338521968205324,3.1905111008785974,2.874296493806253,3.174652663658936,3.312122478597108,3.274618970028816
FT1881,3.0437175275143864,3.816216169919835,3.1520604807659085,3.106375615920121,3.2351868580450023,3.2134634676001617,3.316402460320373,,3.120581766452762,3.217641968961123,
FT1884,3.1877892402472088,3.174729981786069,3.236475258071223,3.321696515148052,3.2640356332924703,3.310253414077039,3.110344490121689,,3.3505464546427834,,3.3791324988639246
FT1885,3.297002060780968,3.270031756281764,3.0757078211647637,3.1932566661849435,3.0364626047692163,3.165985234613958,3.110184108078386,,3.218978240300254,3.0811499870969885,
FT1887,3.10965323164613,3.0757621134698354,3.2939691443981145,3.4074909146295784,3.3782597336317832,3.2773969630138104,3.4610078970016485,3.284480191209559,3.2492638635344124,3.715624702602136,3.207789372442946
FT1888,3.814834612337025,3.594747484895892,3.823071073714549,3.7672081201333296,3.57605277555156,3.775594900930464,3.7361595349044734,,3.1860620873552423,3.316181729825358,3.758309628046378
FT1889,3.588510611832419,3.5943345563061952,3.178393149781399,3.409805063614912,,3.675599554534955,,,3.546739022949724,3.4494949484873163,3.214901539534817
FT1891,3.42992611719745,2.895110266013614,3.2253115928909937,3.269141124582352,3.640273558557128,3.2461472351501106,3.635558436123878,3.143726487778068,3.570198320174091,3.481851964016672,
FT1893,3.1819365631881267,3.229687017237883,3.307556870837672,3.3718945140142864,3.634367687284628,3.288539373147067,3.5250021781497747,3.1598017178698843,3.1626354003634503,3.158194633404976,3.1331233964926435
FT1894,3.4686838156765782,3.443083402106654,3.1983588504415463,3.602880374619191,,3.182403998550837,3.100998554377094,,3.2291818609821257,3.592915008632978,3.5902610814411284
FT1895,3.114146341317657,3.3467348831650705,3.453293799541284,3.0571187502667,,3.2386418559724217,,,3.1486556176981093,3.3177575917766795,3.2517026689957
FT1896,3.2228542861094125,3.637594292277373,3.3680866439747263,3.11445407282187,3.391009573086886,3.361828411849127,3.1645774795281083,3.9543674846488273,3.181474541033151,3.630320521514992,3.201079134772645
FT1898,,3.546216241174655,3.101697704555327,3.360660413152552,3.163284160942752,3.3093926462370185,3.334959555042879,3.399436124817494,3.4161109150793565,3.1603182407937416,4.155391220637199
FT1900,3.8385864323390506,3.3043303075896877,3.3992823136399792,2.992481324352346,3.1150924356343133,3.263745216950178,3.1239361848852765,,3.1880684066100997,3.091479576423853,3.1075114491936926
FT1901,3.194873641655202,3.275049755361651,2.921760925597566,3.5510729864509263,3.2208675776281765,3.706922847881536,3.240499767816018,,3.7090782833795735,3.239884349984356,3.130652094021867
FT1904,3.10424721232942,3.72812146633314,3.134890273539918,3.1564208360134165,3.395861945557362,3.338564257546384,3.757240017040172,,3.3678757960118006,3.2150444843711155,3.3923233150336785
FT1909,3.3136141591021646,3.3314550656769693,3.2454227474932043,3.43289516448409,3.2329220218215027,3.1987310633180406,3.583696924077017,3.102168864631837,3.285571139534753,3.5072284019161373,3.139505988911022
FT1910,3.202560701314093,3.0944761213826,3.0938454984817985,3.370035200708981,3.220970407271571,3.3246880215980843,3.2656012147240907,,3.194619984761557,3.2051477971724154,2.60706392534186
FT1911,,3.214292262361072,3.3786769790853928,3.643589740740476,3.1014357818817886,3.090200884878445,3.412204837599965,,3.0359623490931447,,3.384289619568281
FT1912,,3.299478263571399,3.26430711317838,3.4447305556645627,3.3808066775903614,3.114129735993803,,,3.4083253648084613,,3.058169303849569
FT1913,3.5387237893187886,3.5098490657713155,3.551034920314377,3.1605912635030693,3.4976285639678477,3.5897223365402238,3.177826627656511,,3.470420629052452,3.506403993195642,3.611736930206212
FT1914,3.158650672734075,3.312381597813942,3.3993244164104954,3.1504837323200534,3.016474795238985,3.417694783209097,3.337580029965334,,,3.259440874080519,
FT1915,3.1555653197303344,3.416689124865589,3.215207332297721,3.4783317914171006,3.3725307386269536,2.939120568268781,3.5333824915221514,,3.1761144228433853,3.2456206613528287,3.2882850952299343
FT1916,3.206918340530125,2.95885641964047,3.2110300748721787,3.418100629819612,3.1506686967667625,3.139671379382818,3.325829056263849,2.95403966653425,3.079880771233322,3.328005659421234,3.183120071356078
FT1917,3.1293814417508026,3.3195431157729938,3.546527052161835,3.416743723592501,3.339100427942221,3.3231303129480514,3.385440264222979,3.415494957850366,3.3483093699915667,3.1546967542442164,3.2497471385800525
FT1918,3.46356732203867,3.280530013422385,3.336491528572874,3.289883261828366,3.215297852986156,3.316549288915558,3.320924262280227,,3.5749170609843035,3.6852389597223794,3.197570307728665
FT1922,3.161338398990835,3.5902909528530738,4.08128085161986,,4.103296081117293,,3.156842465384964,,3.172631777256394,4.098054807908692,3.3065633137987267
FT1923,3.023568642589976,3.0227221501792334,3.1720037828459557,3.044988089847448,3.158049538926035,3.278580056318193,3.2413678630613982,3.1793253048336942,3.375715160207632,3.2908841863977583,3.369627867210376
FT1924,3.058387767454605,3.280234626780008,,3.619951174621849,3.09432180425508,3.3724138126329746,3.244149016548481,,3.1743009555693296,,3.3604519410285074
FT1926,3.147773639189035,,3.1003552212658247,3.9922325663166593,,3.330468749156045,3.161886326377437,,3.965810542873654,3.273439979189542,3.4098139584020037
FT1930,3.322695772347766,3.214701721672913,3.208970209815556,3.232155751205958,3.4870092719493364,3.2627485707430166,3.242078436032219,3.1478240569559874,3.1794640640265843,3.1139280472434674,3.251939474134217
FT1931,3.1630886762655708,3.1912420612814585,3.118185413498261,3.653151498476018,3.202050648673801,3.709024201616625,2.9550886486428576,2.8748366529299494,3.025498257367554,3.2023973693247685,3.090544594365837
FT1932,3.4997521055137395,3.186808879108577,3.3505204346478545,3.377173706912205,2.993306533433272,3.555232583925655,3.096706681281674,,3.397414877499536,3.0890751047742606,3.095163023838174
FT1933,3.652302277392069,,3.2193290327081256,,3.1305569278992857,3.0900178357088306,3.3040674436838766,,3.512926131287589,3.4706528310897373,3.220893374776712
FT1936,3.238808148702114,3.137721610615995,3.305575745283448,3.1205054825097207,3.6780541687422894,,3.3901000400206547,,3.214168805773738,3.85792169270306,3.62420512297821
FT1937,3.3832505016250805,3.448662756888622,2.999074135906588,3.5107509080878017,3.1098261691464235,3.5245438766073685,3.2379440498384966,3.253640896336354,3.083833340515045,3.3767749421127062,3.433280840763527
FT1938,3.03322988169326,3.3893838256819544,3.469232589659164,3.1111560649861176,3.179463887660808,,3.455225991047861,,3.166703387955736,3.603918694893223,3.468524966093108
FT1939,3.213446525322179,3.214732803407207,3.23226886835174,3.4948887606209253,3.4879231852784423,3.1500147002142627,3.2811997437338047,,3.24878786237641,3.606084108600207,3.144855214293532
FT1940,3.4889720449180017,3.2337784694328677,3.2440959731034984,3.51826480019997,3.3758412171129986,3.535452184195335,3.402666828802832,,3.3540081252715197,3.4549560356407065,3.15609226889768
FT1941,3.1237965401338568,3.2528280307860142,3.162838427896585,3.088695207241676,3.332077230016286,,3.2021340925505686,3.10563265429352,3.513666225526786,3.3398996060373545,3.397740473946104
FT1942,3.1366526399098,3.960384832712209,3.2518485235777117,3.215075526976678,3.091477897919326,,3.145921552933684,,4.034828931311884,3.100428680824972,3.148204958744416
FT1943,3.022165380354454,3.2396763940255555,3.255921801890773,3.2498118445549737,3.1116728367177755,3.17275832958418,3.2166506413542337,,3.1079097207110498,3.345533223182503,3.315745242735741
FT1944,3.1744994574512004,3.097956873240697,3.162754780642684,3.1297582369955523,3.283957561735919,3.408367636932239,3.195280882222746,3.019737712575078,3.3411255057914038,3.205190672514473,3.162766942087968
FT1947,3.578970243133848,3.5766238444971443,3.4007610391031067,3.3794581884966868,3.635832845938657,3.652925329091776,3.5782162336324626,,3.039821256802202,3.5775368145987727,3.904392390826679
FT1948,3.195191691372265,3.317986929178446,3.249937200484009,3.391797248726411,3.098102243025876,3.395143059768174,3.209342813610889,3.0513067596669385,3.661748113416005,3.18358166425694,3.2741410104385853
FT1951,3.071515544889082,3.149689171376392,,3.2754317285157755,3.626979805337957,3.042375345322544,3.5870433532105555,,2.982412341034003,4.1455793147836655,3.047605743932346
FT1952,3.553696547337082,3.1929917123956866,,3.1385874397174414,3.280104714444442,,3.134457122272932,,3.3920552141798304,3.171125193382104,2.9529124087660867
FT1953,,3.07282922506644,3.139048468497984,3.0865838906357443,,3.160398444840282,3.3857790235549285,3.189212107049813,,3.312728110118152,3.173290269626952
FT1954,,2.489540882217724,3.3676847079593384,3.276553869599707,3.250931434197544,3.1889541266691817,3.228895959692533,3.048313218316386,3.059698103362756,3.4579249396421137,3.4989742394914947
FT1955,3.279634775558271,3.039571834996736,3.106469445790967,3.132641812483138,3.3732944952148727,2.827385650681954,3.248557761882863,,3.295554348058594,3.4880466953096763,3.216119465881402
FT1956,3.4184299753249268,3.4453675645445205,2.9172239064774854,3.332792586296794,3.4173781360552336,3.516233880780594,3.487119109208505,3.1691568470466835,3.4413897424564217,3.50957572067387,3.2612153238798096
FT1957,3.134564585021654,3.205532011382927,3.410412730555681,3.357467983521768,2.7676591588474304,3.3150519576216,3.1985974424286256,3.1217623237803704,3.0682464824165674,3.2179162285241287,3.1659599611488853
FT1958,3.273208086234836,3.0590719062559786,,3.194045116583149,3.049898004621776,3.1220711949352524,3.1760442553471853,,3.382194901797916,3.158314049399191,3.0411873595062486
FT1959,,3.417600439475602,3.2942818064781925,3.2671343524578838,3.097823168385062,3.225200960809419,3.314092064855761,3.274667462740064,,3.084182859663092,3.23460159080936
FT1960,3.4500143876340323,3.1491494053433207,3.401707530270923,2.8800575571263654,3.670195573446847,3.152984495192569,3.644208256544274,,3.1413804206375864,3.2383831580661058,3.3198497216007445
FT1961,3.2256857496957383,3.376117276077572,3.487681754834353,3.4779627912997717,3.2896230257206054,3.0990321594538,3.259358299985592,,3.462606739796489,3.6625938505724,3.52060752368593
FT1962,,2.8998529705428693,3.602138284788762,3.7856541789206406,3.5965523358282745,,3.4140512063777213,,,3.3457336770542447,3.0800506948420896
FT1963,,3.732217462656583,3.142502988220392,3.5265716867609904,3.369290682770477,3.198925396726016,3.162435283255663,3.191387432219859,3.422248585148112,3.830590245288138,3.1511133193846157
FT1965,3.3335636085534555,2.964909369028858,3.657290149547972,3.1429276440367317,,3.0801213383509563,3.0530651266659468,,2.9872544132060237,3.7464013635463687,3.135687801562461
FT1966,3.085554887677985,3.103843806821909,3.363806396190827,3.182091139804177,,3.200649513816185,3.2413876005677293,,3.1195250984064486,3.279891595993992,3.215182376669594
FT1969,3.2858883257678424,3.42709039362709,3.3904387758282533,3.33946578659408,3.0470691756386032,3.274650010372926,3.333691980730623,,3.083895473917172,3.3105136394056527,3.034719455901421
FT1970,3.219641828630885,3.031995714719332,3.2342149942381964,3.183271699856146,3.899792960300164,3.243235738223492,3.229707989086461,,3.364905829496532,3.128244276493248,3.1370240661334
FT1973,2.9877295787290654,3.217980872482979,3.1659430575890912,3.22970705087763,3.237605813032756,3.474222085116008,,2.932991136470873,3.083439032739051,3.2071820866536966,3.2049074886997944
FT1974,3.145331922252508,3.2156205670496303,3.146452860527809,3.370552328414324,3.423074852516913,3.208663189169508,3.200818078542389,,3.141031764758204,,3.0621807648708685
FT1976,3.2799421530898747,3.3375207286511044,3.632577666984216,3.1453074648829964,3.1416006978490136,3.620658661084025,3.132882382929599,2.988385224883076,3.18229524223808,3.438541240297176,3.225237830076334
FT1977,2.8823318862201965,3.089562443765332,3.371669208466268,3.251691934415628,3.27230576135839,3.3620803523357177,3.0889017478984253,3.227110609749939,3.301611067420892,3.871460470133156,3.2649115399445847
FT1978,3.4133008019902333,3.4327863063418143,3.150822896581425,3.262997197505336,3.397397016790924,3.269159291457408,3.468393048716477,,3.407810652286095,3.4550375168022907,3.549773848510433
FT1980,3.20844463399406,3.198178531098132,3.4014382591152588,3.248260806562059,3.3362967999710333,3.271613777906715,3.065860360197539,3.124484950755576,3.173779607895561,3.4615609213241,3.264782785494574
FT1982,3.2201582822771417,2.8621288026967577,3.074812385591869,3.466191538882418,3.1127966140549725,3.2056689474808744,3.485533096462019,3.2275347059742034,3.154251974883899,2.8982204426812657,3.358458294489858
FT1983,2.7317480932509337,3.2262315582914622,2.8264134857569747,3.2896194388151683,3.169155431696692,3.2660374555497524,,,,3.19529221639276,2.801404550722335
FT1985,3.880284360312256,3.310590325225008,3.8541368274719168,3.15653899114652,3.8873636524216577,3.937440560079677,,,,3.2912087445436056,2.9410051376478115
FT1986,3.174505484174837,2.980098547656016,3.3422721389796664,3.3176018427389065,3.1305411925081272,3.1683119322205227,,,,3.733675972664806,3.4918829132848326
FT1987,3.019186414945548,3.870755571216427,3.193421485621154,3.302080138375169,3.8635262202271896,3.1589260051938317,3.9635150850870553,3.648713994389892,3.1005411015303115,2.970265782969396,3.4589529463554274
FT1988,2.8398146781326563,2.998585382787951,3.8442609743606337,3.528358386370167,3.162890868031259,3.153368154268062,,,,3.559161871043305,2.8459156481019496
FT1989,3.01178336605984,2.960344232585664,3.217458619016436,3.734837269714914,,3.4852190626447133,3.2584112949439645,,3.1178811438195257,3.3378276292522693,3.55456499791979
FT1990,3.826854941243227,2.731148960152269,3.473506450797782,3.604380894543709,3.278388030507024,3.536617436976803,3.4590807159284696,3.121876103820461,3.052409097335625,3.336930635401085,3.2023198473364904
FT1991,3.410746236678836,3.5047015053674206,3.6258375418265953,3.397929934145064,3.716484226864841,3.385105194498692,3.343550233225791,2.8191502650840827,3.4734157445693,3.5522302308488984,3.5385445105101687
FT1996,3.0794829185622565,2.8780466041572543,3.3271233146830155,3.3500473996043603,3.1844513690823457,3.3599894573645783,3.2994381584039925,3.999086242794664,3.103361160578076,3.3249999731452853,3.2588720721166022
FT1997,3.143364894105622,3.110737135559323,3.2530765749427046,2.906420815595282,3.174287817173883,3.0702232983990085,3.100908656232279,,2.891711839274553,3.300387159602104,3.096498044701548
FT1998,3.581428497814547,3.046040487755985,3.1667381089630022,3.266977943646136,3.106019177115585,3.114403544070182,3.3318698782206524,,3.29830269244514,3.0970387915947404,2.998957420716072
FT1999,3.0615543265090093,3.165946775922812,3.314509889005412,3.0823109196165994,3.388473640824912,3.269413710294282,3.453742065041098,,3.296432251253269,3.2436351252960214,3.309889715214772
FT2000,3.04645059115324,3.062362927538456,3.4196110781588405,3.173264624214307,3.19332254570239,3.3975485721912477,3.140001045923825,,3.3393824166869988,3.248124155117657,3.2336617892684267
FT2001,3.3083699244231197,3.1455304627408998,3.241420404012301,3.4993103446827654,3.158479535038155,3.3804424926368686,3.324744310634824,,3.233820486070817,3.3471210534049534,3.0559227071684165
FT2002,3.2294849333092324,3.392141976017105,3.370000769184525,3.5002592646299626,3.102193997839912,3.277396381747938,3.108925470136509,,3.169925932689313,3.5439618680903693,3.301739072435573
FT2003,3.2117475374277777,,,3.308060197792411,3.008360586943736,3.2187998958768658,3.43262397518116,,3.2637570393137825,3.28636347929224,3.257247576827057
FT2004,3.217930151298807,3.2273326035237333,3.298170336175655,2.9234192100573244,3.0946968464544966,3.4325843003214955,3.327187076144644,2.9719108640065293,3.2253279689146903,3.2711953044713664,2.8884471510003635
FT2005,3.0464563847793613,3.112003492862881,2.996724139250476,3.091763886168781,3.669181874557062,3.196570973210596,3.2191781787317404,,,3.237397867587602,
FT2006,3.431342245121852,3.4856416063919218,3.1273212427208144,3.433725881092313,3.2215267308298223,3.4479641155349907,3.576176015670434,2.9270850338705925,3.2089647849403526,3.260266741397416,3.069192836510359
FT2007,3.9612119790754137,3.0884025609722183,3.86685700566662,3.799080439994608,3.978624939242817,3.873995540496834,3.878934818956615,2.973207153815058,3.886839037460433,3.859406252524449,3.847625125397988
FT2008,3.0581806272894947,3.275567062839185,3.336394769641324,3.083404822794136,3.2415128720574957,3.40826947143888,3.391475525621006,3.227535911692556,3.392686788356044,3.4575967875944777,3.3764509816364447
FT2009,3.0890314976228974,3.1945541919026708,3.794646078776808,3.7482998043554345,2.8784102180249818,3.8531647609421342,3.723641498107973,,2.837897011580218,3.639275679363164,3.828909638175882
FT2011,2.7225802757995705,3.045253308277426,3.1704154416816235,,3.416127866431541,3.49234277715745,3.226136989266984,,,3.1753513834793776,3.1047618523225444
FT2012,3.346571800325412,3.105439964815845,3.168095756554078,3.090018426952033,3.1066989173058306,3.1595142381980668,2.9270497853559774,,3.2028559134127925,3.224456804439678,3.089484397301016
FT2013,3.097861717089616,3.756476861192248,3.266918315576768,3.124903850110789,3.78922300934051,3.280970430931629,3.171757798656763,3.3405760824657227,3.174722541014811,3.1720809904183147,2.969532572212255
FT2016,,3.0939938644906584,,2.902871318844909,3.117260164363122,3.2376772409308154,3.1857658741872985,,3.042681168257746,2.6610679527160843,3.188215456584647
FT2017,3.1571850798531305,3.176515738865242,3.362867023469027,3.3490083256770826,3.2368939275742843,3.114629788873311,3.663880090532578,,3.1005553334009024,3.2357665711435084,3.049546597600228
FT2018,3.1360866314797917,3.1524874824540574,3.499304237922899,3.3403267852888656,3.0814925945918965,2.996424858134741,3.1248424851984047,2.984055336188544,3.1442924665501844,3.37733588254875,3.115058652815591
FT2019,3.556047919566744,3.5310850675232497,3.2214344648971283,3.4182074357744496,3.6777287885458665,3.55692055945852,,,3.579846109396416,3.59124377501402,3.554776902952651
FT2020,,3.2792007024974,,3.3846994412749,3.2675212037008343,3.4754066073519074,3.1763836523852684,,3.2820916299949685,3.310507851744172,3.304890373010908
FT2022,3.232902931330798,,3.2644281127304056,3.2734148338217195,3.4206016099293866,,3.157356831586765,,3.281793587955178,3.2179516319199246,3.526672490330206
FT2023,3.485672411207584,3.041408360715864,,3.331712344784492,3.236380171372648,3.1665982749942327,3.385498423019679,,3.2516491905488545,3.483676295827121,3.38810977851218
FT2024,3.144149779920902,3.2041765574136845,3.1320749458591624,3.36694366508382,3.131278715691626,3.127628809471222,3.436490786727196,3.073742528887324,3.1811058249257065,3.335692955921243,3.349067557209991
FT2025,3.266083676306873,3.1094230251069237,3.2209792592942588,3.062730096395538,3.372335224308096,3.18757046206918,2.7682778145382616,3.5170700048058388,3.276254956390021,3.2033937761099294,3.1442294385634564
FT2026,3.171969224607541,3.050077684530321,3.406464291947659,3.041484144216384,3.127761719694369,,3.362746124233674,,3.0241283850013088,3.111274048292484,2.850638632140696
FT2027,3.7220601925707353,3.058224616957838,3.16035268001712,3.202164837644841,3.1566095523095274,3.8660599402257705,3.233473785444726,,2.977865701743702,3.190854890194222,3.1053667762820254
FT2028,3.0705726439395784,3.0528562781862987,3.7622765708886696,3.597377516180932,3.2620600434556595,3.4151093602704505,3.2988731921868144,,3.1791150746505816,3.2119824815277056,3.189757137437543
FT2029,3.7264724092546495,3.0969252697379632,3.143543277120922,3.269832273507645,3.1581137904055767,3.075406691546584,3.2536599119267757,,3.0734116640790305,3.230469856806645,3.120018042400688
FT2030,3.2566713060244665,2.987111241721092,3.362512512723107,3.4566695636734077,3.127832008801409,3.791718013103922,3.928981878622148,,3.7490465676874014,,3.3342148489107744
FT2031,3.218589163750212,3.671289652451776,3.20386541488792,3.759958554391883,3.767137805547639,3.088853274759579,3.726416470983751,3.2486924804373145,3.6075996656842064,3.815856985272928,3.776224094663356
FT2032,3.287423587883943,3.4997970007117667,3.1193865225127326,3.173762533514916,3.819949661632336,,3.3106153397159623,,3.360524445453938,3.167468092823676,3.0915022021045733
FT2033,3.1273220409867477,3.152174763903006,3.1029507985978277,3.2336485619357247,3.0769097335179114,3.330319032336312,3.133590539120552,3.156834350788481,2.922539159070066,3.090872132717475,3.141722657370343
FT2034,3.5684695640914708,3.146217373759361,3.606476315311309,3.6230829678039354,3.3346634988698267,3.565666989490082,3.455921434942213,,3.411106947359785,3.535023315527368,3.106514744393879
FT2038,3.074709670683702,,3.1706312385374478,3.2420327483256,3.132141927962077,3.261114550406788,3.271052809784321,,3.247058989592704,3.3242564975304845,3.244225802798001
FT2039,3.307287597094105,3.2460556922161845,3.012816491112562,3.005841193276887,3.17420809214023,3.092997575978262,3.358404302270011,,3.0465454371572487,2.9519857664661484,2.960593601849876
FT2040,2.704343930402289,3.217536979484043,3.253010347483509,3.037738447675246,3.136106167678753,3.2633194007547,3.856228889855631,3.075556221199603,3.165374224425492,3.060621033703003,3.288618154220175
FT2041,3.1941328220245966,2.9643158564617336,3.2452570091051878,3.3557018870319157,2.943755991571025,,3.193257532322134,,3.442775562889369,3.288297385482142,3.0233505023588005
FT2042,3.2814476223285767,3.1011090035610933,2.9661233198808747,3.029042742088467,3.1272934305138627,3.214203568834453,3.0437713786914533,2.9881721427947494,3.253443397003581,3.035917573281362,3.2267627842917244
FT2043,3.0734658838193827,3.009820425898933,3.1546335769776674,3.326393968017688,3.2563410081535134,3.176331303712635,3.294823492422641,,3.249889143213613,3.160473569775033,3.176115873681312
FT2044,3.1540657527324467,3.06492846522455,2.9777927564471054,3.442359002613589,3.2238560054953083,3.1498442133901445,2.9091593972485623,,3.2235073857750294,3.296820184958049,3.3585713794911847
FT2045,,,2.7846138273689203,3.2295001872464426,3.006991297457107,3.3412664513221206,3.340143140562654,,3.1679243850545658,3.1429169825440444,3.282710795171049
FT2046,3.2004993372327317,2.3958061948569456,3.184720191253671,3.370870051408437,3.1230692113491574,3.3212336432270084,3.10341628253957,3.05116302649945,3.179819895157272,3.2167346977444677,3.048043533681306
FT2047,3.29136171063227,3.2421850853797256,3.476428186083233,3.1738579587524662,3.226229511057745,3.411797927788608,3.2343523713286224,3.1785950252484847,3.015298122894201,3.205121286106636,3.379878909808799
FT2048,3.1190661982851253,3.191045927092695,3.568340547942809,3.613106059112277,3.3555528379579758,3.6612353320866178,3.400024300714646,,3.155458822596628,3.674445406283059,3.197063568297235
