ID,General|All|ID,General|All|rtmed,General|All|mzmed,General|All|annot_ms1,General|All|annot_ms2,General|Extended|mzmin,General|Extended|mzmax,General|Extended|rtmin,General|Extended|rtmax,General|Extended|npeaks,General|Extended|peakidx,General|Extended|ms2spectrum,General|Extended|purity,PCA|All|PC1 (41.6%),PCA|All|PC2 (18.2%),PCA|All|PC3 (9.3%),PCA|All|PC4 (7%),PCA|All|PC5 (6.1%),PCA|All|PC6 (4.5%),Stats|Mean|IGF,Stats|N value|IGF,Stats|Quantile|IGF,Stats|Mean|Rapamycin,Stats|N value|Rapamycin,Stats|Quantile|Rapamycin,Stats|Mean|Control,Stats|N value|Control,Stats|Quantile|Control,ttest|IGF_vs_Rapamycin|pvalue,ttest|IGF_vs_Rapamycin|log.pvalue,ttest|IGF_vs_Rapamycin|fdr,ttest|IGF_vs_Rapamycin|log.fdr,ttest|IGF_vs_Rapamycin|mean.diff,ttest|IGF_vs_Control|pvalue,ttest|IGF_vs_Control|log.pvalue,ttest|IGF_vs_Control|fdr,ttest|IGF_vs_Control|log.fdr,ttest|IGF_vs_Control|mean.diff,ttest|Control_vs_Rapamycin|pvalue,ttest|Control_vs_Rapamycin|log.pvalue,ttest|Control_vs_Rapamycin|fdr,ttest|Control_vs_Rapamycin|log.fdr,ttest|Control_vs_Rapamycin|mean.diff
ID1,FT0001,253.544989648779,57.0347092949172,Acetone;Propanal;Methyloxirane,,57.0344507707481,57.034882169481,252.190308985338,255.095881223948,9,1;4346;5386;6492;7417;8667;9874;11091;12291,,0.0,0.0232721609158368,0.0142677666156148,0.005672186285205,0.0328753411339592,-0.0226084095815909,-0.0100613928939748,4.13166088113657,1,0.169117647058824,4.44770615042875,3,0.513071895424837,4.37539915985322,3,0.383169934640523,0.0578383935334186,1.2377837781143,0.135632724016964,0.867635515886269,-0.316045269292175,0.115728491032846,0.936559709543352,0.31408813851289,0.502948464351792,-0.243738278716645,0.136517890806996,0.864810430164561,0.290193767890281,0.537311918569283,-0.0723069905755302
ID2,FT0002,38.6996517360409,57.9758890267634,,,57.9755699633076,57.9763928390306,38.0363557226458,39.6135739516036,11,2;1383;2909;4347;5387;6493;7418;8668;9875;11092;12292,,0.0,-0.0172390684057136,0.0379046234095726,0.0135121618891938,0.0554340894909752,0.0415084845590458,-0.0879753533516251,5.82610681677205,3,0.931372549019608,5.56808004757342,3,0.923202614379085,6.00742701403943,3,0.96078431372549,0.378343033631345,0.422114258216354,0.488879344208924,0.310798311857852,0.258026769198623,0.642921649483595,0.191841949735545,0.762168157582122,0.117949199456858,-0.181320197267386,0.164869299223755,0.782860208024617,0.329456288003634,0.482202199091647,0.439346966466009
ID3,FT0003,60.6468206182123,61.9893964824664,,,61.9891821119719,61.9903331699321,59.7462547546014,62.382027593747,11,3;1384;2910;4348;5388;6494;7419;8669;9876;11093;12293,,0.0,0.0062055804224649,-0.0015832212492755,-0.001699989238752,-0.0035954178033311,-0.0164667900399851,-0.0254765866544574,7.35438691375602,3,0.999183006535948,7.45071945072347,3,1.0,7.40568787201425,3,1.0,0.348019056132207,0.458396975172729,0.481914863115528,0.317029679074357,-0.0963325369674468,0.637858910921818,0.195275372978342,0.758399177552713,0.12010214664113,-0.051300958258226,0.5665325693151,0.246775117985511,0.723846714672289,0.140353392394264,-0.0450315787092208
ID4,FT0004,59.9464042253322,62.985664215213,,,62.985267089533,62.9859746700833,59.029960290845,60.956583907839,11,5;1385;2911;4349;5389;6495;7420;8670;9877;11094;12294,,0.0,0.0048062510668219,0.0042387007679175,-0.0057056655532931,0.0052282549010697,-0.0146925205092924,-0.018866365576827,4.83616728586545,3,0.637254901960784,4.91200159317583,3,0.738562091503268,4.92219685271509,3,0.70343137254902,0.343306495915696,0.464317978940544,0.479115678174689,0.319559617425412,-0.075834307310382,0.233772202054379,0.631207132233784,0.448040041790052,0.348683170931847,-0.08602956684964,0.823073253716611,0.0845615107547434,0.904557482142084,0.0435638297064387,0.010195259539258
ID5,FT0005,460.662143095418,62.9641907742128,Carbon monoxide,,62.9640501336979,62.9644474071037,459.126954732385,461.372831909719,11,4;1386;2912;4350;5390;6496;7421;8671;9878;11095;12295,,0.0,0.0006080729017871,-3.66063715217239e-06,-0.0041735231899789,0.0055455513149134,-0.0146127541415375,-3.61778186466338e-05,4.94972977476745,3,0.691176470588235,4.96581323766268,3,0.759803921568627,4.9550791408886,3,0.716503267973856,0.706332546319805,0.150990781910458,0.771769348976135,0.112512473542365,-0.0160834628952298,0.903247952901941,0.044193014032731,0.943878483655316,0.0250839138321283,-0.0053493661211465,0.768400064997415,0.114412607074246,0.865562621478749,0.0627015064380901,-0.0107340967740832
ID6,FT0006,331.918009396086,62.9642663912313,Carbon monoxide,,62.9639020407041,62.9645263244885,330.106836897494,333.508749868472,11,6;1387;2913;4351;5391;6497;7422;8672;9879;11096;12296,,0.0,-0.0045290934885258,0.0094113398046698,-8.52711257741116e-05,0.0068340595136438,-0.0045300864361946,-0.0047262603475861,4.56857956289081,3,0.475490196078431,4.50325197193239,3,0.54983660130719,4.59791435692714,3,0.52859477124183,0.180627790052145,0.74321543155395,0.295238086185776,0.529827618551604,0.0653275909584146,0.300385496437638,0.522321040273604,0.501888906911018,0.299392403283022,-0.0293347940363358,0.0435506021395085,1.36100583597071,0.153019911508817,0.815252053523829,0.0946623849947503
ID7,FT0007,60.0757544835547,63.9926897099574,,,63.9918996870938,63.9929440715684,59.029960290845,60.956583907839,11,7;1388;2914;4352;5392;6498;7423;8673;9880;11097;12297,,0.0,0.0035395278237012,0.0051305681584445,-0.0107603347416739,0.0027028404150443,-0.0159937721030579,-0.0077054283458212,5.09420681516335,3,0.738562091503268,5.15510139365134,3,0.821078431372549,5.18108518557326,3,0.791666666666667,0.469555334178298,0.328313221476106,0.577581868115023,0.238386448923862,-0.0608945784879902,0.230714589933439,0.636924940688134,0.444502750621363,0.352125547233737,-0.0868783704099032,0.672639746113953,0.172217473911114,0.808723859801368,0.0921997436988139,0.025983791921913
ID8,FT0008,45.7086229240218,68.9963794196305,,,68.9961755274796,68.9968155955872,45.1161182391165,46.6678045421065,11,8;1389;2915;4353;5393;6499;7424;8674;9881;11098;12298,,0.0,0.0041690917435965,-0.0102239297420263,0.0070204546667658,0.0337409921894748,-0.0023105046831358,-0.0133876894126222,6.64664807064385,3,0.986111111111111,6.71765475021708,3,0.988562091503268,6.58650015203204,3,0.986928104575163,0.284783396178294,0.545485335113666,0.416275122238746,0.380619542986091,-0.0710066795732276,0.520018385475198,0.283981301424292,0.661941211437344,0.179180579566472,0.0601479186118166,0.106169452646227,0.974000421630633,0.273912994266569,0.562387364590118,-0.131154598185044
ID9,FT0009,45.7086229240218,69.9989835211743,,,69.9987935527079,69.9993460285446,45.1161182391165,46.6678045421065,11,9;1390;2916;4354;5394;6500;7425;8675;9882;11099;12299,,0.0,0.0078801294503083,-0.0035914167328454,0.0030729500986097,0.0243469489189216,-0.0051538666601542,-0.0121766050344588,4.5664384542484,3,0.473856209150327,4.68200766243046,3,0.640522875816993,4.59209414094193,3,0.524509803921569,0.0698156301836152,1.15604733751172,0.154953597826023,0.809798335540551,-0.115569208182062,0.658328331859293,0.181557454181226,0.772848031959209,0.111905894658546,-0.0256556866935354,0.0941856702581097,1.02601516728383,0.25862276986168,0.587333241288769,-0.0899135214885263
ID10,FT0010,451.288409738602,71.0136200633217,Pyruvaldehyde;Malondialdehyde;Acrylic acid,,71.013262479314,71.014000078538,450.079112276787,452.109624249911,8,10;1391;2918;7426;8676;9883;11100;12300,,0.0,-0.0235049431529835,0.0283983250527423,0.008368719051804,0.0010112559400578,-0.0044259117406058,-0.0071682583399904,4.5003585188115,3,0.424019607843137,4.13848322369371,0,0.304738562091503,4.51619521610639,3,0.474673202614379,0.0001040920404732,3.98258247808492,0.0013760738976854,2.86135824306617,0.361875295117796,0.564088496210608,0.248652757007804,0.698175105965589,0.156035640389383,-0.0158366972948905,2.01608708830394e-06,5.69549071173399,0.000130709646225,3.88369236079192,0.377711992412687
ID11,FT0011,375.767361792799,71.0137645137166,Pyruvaldehyde;Malondialdehyde;Acrylic acid,,71.0135699249109,71.014242404164,374.593527248975,377.121744824798,8,11;1392;2917;4355;5395;6501;7427;8677,,0.0,-0.0112787268354347,-0.0500390706940977,0.0229988108268759,0.0035442684453943,-0.0119659554523588,0.0074098227695113,4.54225410054379,3,0.457516339869281,4.40234404383996,3,0.480392156862745,4.0286611264335,0,0.130718954248366,0.0648880482894125,1.18783528840691,0.146454638071601,0.834296870093634,0.139910056703829,0.0002479601281762,3.60561814782361,0.009662446285063,2.01491290737277,0.513592974110286,0.0005137814334816,3.28922159388468,0.0078346141707898,2.10598238625638,-0.373682917406457
ID12,FT0012,68.3801477958807,71.0136096769247,Pyruvaldehyde;Malondialdehyde;Acrylic acid,,71.0131625633626,71.0139334913865,65.7305905572686,69.7946677695421,8,12;5396;6502;7428;8678;9884;11101;12301,,0.0,0.0116016795490492,0.0271805456596515,0.012758831894855,0.0180594016049573,-0.0148782814231262,0.0028781854629566,4.10652040348664,1,0.154411764705882,4.23470706994327,2,0.389705882352941,4.32825855760666,3,0.348856209150327,0.547361161676859,0.261726021445124,0.637439958855045,0.1955607156249,-0.128186666456633,0.196952887617788,0.705637647414993,0.403937331480964,0.393686007916981,-0.221738154120022,0.532066805529426,0.27403383490179,0.702400409562037,0.153415243869493,0.0935514876633885
ID15,FT0015,94.9671404971527,78.9189288848276,,,78.9185654430422,78.9193110437185,92.4388974431251,97.3558970840847,11,14;1394;2920;4357;5398;6505;7430;8680;9887;11104;12304,,0.0,-0.000327450730921,-0.0059855713663577,-0.001955682369071,0.0196240047083407,-0.0048274325245334,-0.0046209135218915,6.08062634752152,3,0.964869281045752,6.09072112112076,3,0.968954248366013,6.03544078705085,3,0.964869281045752,0.841005688096976,0.0752010668646618,0.877476012819308,0.056764746819516,-0.0100947735992465,0.468339495632917,0.329439216097571,0.623764179409663,0.204979568872553,0.0451855604706672,0.276146650122771,0.558860220743834,0.478135223580525,0.320449261233783,-0.0552803340699137
ID16,FT0016,378.139295325345,79.9574678291417,,,79.9572583193239,79.9582678072483,377.056754300323,379.793855870625,11,16;1396;2922;4359;5400;6507;7432;8682;9889;11106;12306,,0.0,0.0056731262362352,0.0058600216843952,-0.01670556941721,0.0138150751672299,-0.0148016118538841,-0.0024186208637434,5.36032267463005,3,0.822712418300654,5.46629807573219,3,0.901960784313726,5.47605485771577,3,0.880718954248366,0.251985239925932,0.598624897339314,0.379872485753003,0.420362161350199,-0.105975401102141,0.0169510820668637,1.77080257352765,0.108919718812614,0.962893488506219,-0.115732183085719,0.90425237198472,0.0437103433476266,0.948424106100599,0.0229974160883855,0.0097567819835777
ID17,FT0017,94.8655720156343,80.916599582143,,,80.9164160162727,80.9650909863561,76.4296021596946,97.3558970840847,12,17;1397;2923;4360;5401;6508;7433;8683;9890;9893;11107;12307,,0.0,-0.0001997440759551,-0.0049609720404729,-0.0036640640357294,0.0185279580205196,-0.0056207665940883,-0.0050269183880957,6.0748450803919,3,0.962418300653595,6.0884367962873,3,0.968137254901961,6.04131270706158,3,0.965686274509804,0.760674327411928,0.118801240839078,0.814627613503791,0.0890408726822989,-0.0135917158954033,0.559342218009768,0.252322399772921,0.694435148361563,0.15836830575616,0.0335323733303143,0.320095773983645,0.494720059525655,0.537484558617142,0.269634008070398,-0.0471240892257176
ID18,FT0018,143.946402493403,80.9650811099208,Sulfite,,80.9649279949224,80.9652969150151,141.024160868434,146.414144404159,11,18;1398;2924;4361;5402;6509;7434;8684;9891;11108;12308,,0.0,0.007312364781786,0.0033414791723802,-0.0072836997818968,0.0050115711743796,-0.0087300396412594,-0.011503056159332,5.06292886139219,3,0.727941176470588,5.17594226302967,3,0.82843137254902,5.15652849400173,3,0.784313725490196,0.0648801727211623,1.18788800263556,0.146454638071601,0.834296870093634,-0.113013401637478,0.0979410109059972,1.00903541768935,0.295044242330286,0.530112856024418,-0.0935996326095374,0.331686606086644,0.479272065472097,0.5482695032622,0.261005910478531,-0.019413769027941
ID19,FT0019,460.662143095418,80.96320875743,,,80.9629976270118,80.9633217414879,460.010397335426,461.331975310134,11,19;1399;2925;4362;5403;6510;7435;8685;9892;11109;12309,,0.0,-0.0009342943345571,-0.0007601917225231,-0.0039395477233707,0.0026510489633253,-0.0127584774166589,0.0077699533963888,4.63716723690957,3,0.508986928104575,4.6280759460204,3,0.615196078431373,4.62208429685248,3,0.545751633986928,0.826137250374992,0.0829477951386848,0.864211401914014,0.0633800081524517,0.009091290889172,0.739614986606224,0.130994297439251,0.832562647349486,0.0795830774918736,0.0150829400570958,0.895505813746722,0.0479315903063793,0.944042714220799,0.0250083551397319,-0.0059916491679237
ID20,FT0020,66.0403893462373,83.050032985243,Methyl propenyl ketone;3-Methyl-2-butenal;Cyclopentanone,,83.0494329392754,83.0502673704098,65.6805517404485,68.0307852836947,9,1401;2926;5404;6512;7436;8686;9894;11110;12310,,0.0,0.0171996485569093,0.0569651818347584,-0.0300417942066607,-0.0371812826411459,0.0513157343177242,-0.0893143143113382,3.92788478926537,2,0.0686274509803922,4.17456696415491,2,0.32516339869281,4.60491959329325,3,0.531045751633987,0.508044708039228,0.294098068030289,0.610567216554636,0.214266518169763,-0.246682174889542,0.0195192144625451,1.70953766420245,0.119995534544498,0.920834915275439,-0.677034804027878,0.214924223191321,0.667714634273702,0.399389440229731,0.398603421965528,0.430352629138336
ID21,FT0021,435.01952655181,84.0452874068321,2-Pyrrolidinone;Acetone cyanohydrin,,84.0448511286361,84.0456092455526,434.562363412015,435.47671531757,10,20;1402;2927;4363;5405;7437;8687;9895;11111;12311,,0.0,-0.0193961914618509,0.0142722738867305,-0.0079140704718944,0.0160516758153937,-0.0342286272671002,-0.0041280947104716,4.20737066891801,3,0.216503267973856,3.95744355865448,2,0.189542483660131,4.16645381044242,3,0.218137254901961,0.103170189845797,0.986445770302502,0.206856230640823,0.684331393346301,0.249927110263538,0.519731336376615,0.284221097290734,0.661941211437344,0.179180579566472,0.0409168584755983,0.160137714090076,0.795506375186608,0.322208124729515,0.491863512704175,0.20901025178794
ID23,FT0023,37.2964341441142,84.990151368478,,,84.990151368478,84.990151368478,37.2964341441142,37.2964341441142,1,4365,,0.0,0.0068557132107933,-0.0081162202832638,-0.0028665158765005,0.0051750375459075,-0.004367103653681,0.0087205753494801,4.03606573685686,0,0.104575163398693,4.13640906874485,1,0.301470588235294,4.03606573685686,0,0.133986928104575,0.373900966300058,0.427243412464821,0.484179615133447,0.314993499118616,-0.100343331887994,,,,,,0.373900966300058,0.427243412464821,0.561573265987348,0.250593575220363,-0.100343331887994
ID26,FT0026,376.268705772789,89.0241035623853,STD_Lactic acid;L-Lactic acid;Hydroxypropionic acid,,89.0236546535885,89.0246162779902,375.306219475983,378.457846866398,8,24;1406;2931;4368;5409;6515;7441;8691,,0.0,-0.0131302942573407,-0.0661486269318936,0.0246047059698726,0.0131480604342742,-0.0211651182781119,0.0024690249468184,4.87651747444037,3,0.658496732026144,4.73180814020497,3,0.663398692810457,4.22595534096844,0,0.276960784313726,0.0294608649844853,1.53075450622136,0.0848720398940522,1.0712353594578,0.144709334235396,4.74183682081353e-05,4.32405339532612,0.0026257002489691,2.58075485465518,0.650562133471927,4.43710696875493e-05,4.35290010128569,0.0013994875223073,2.85403096930732,-0.505852799236531
ID27,FT0027,331.664914199225,94.9900880209845,Acetic acid;Glycolaldehyde,,94.9894605014989,94.9902773425327,330.106836897494,333.508749868472,8,26;1408;2933;5410;7443;8692;9899;12315,,0.0,-0.0219001596802218,0.0037788878648778,-0.0059139065974354,0.0424268213892535,0.0206221353507357,-0.0138718628011165,4.5923162667938,3,0.485294117647059,4.3264412255309,1,0.436274509803922,4.47362249338851,2,0.443627450980392,0.062375284788375,1.20498745849501,0.143475081453949,0.843223520022437,0.265875041262903,0.402495527336021,0.395238941293822,0.565365810490598,0.247670458252276,0.118693773405288,0.409186911273245,0.388078266584309,0.598282958605882,0.223093367354899,0.147181267857615
ID28,FT0028,460.484383899602,96.9699095623556,Hydrogen carbonate;Hydrogen phosphate,,96.9680436910918,96.9701891130234,459.126954732385,461.331975310134,11,28;1410;2934;4370;5411;6517;7444;8693;9901;11115;12317,,0.0,0.0001081322010468,0.0037998275000197,-0.0083935424540561,-0.0070153323024409,-0.0251426138318767,0.0043541489041816,6.47386754691574,3,0.980392156862745,6.48207019378676,3,0.984477124183007,6.50702476682475,3,0.983660130718954,0.855672800821889,0.0676922726626931,0.888924334532584,0.0511352047142658,-0.0082026468710205,0.671467596768938,0.172974940380213,0.782946773066484,0.106267761504315,-0.033157219909012,0.758422368620925,0.120088866564801,0.860134989485539,0.0654333852818638,0.0249545730379914
ID30,FT0030,253.978973921482,101.0240352401,2-Ketobutyric acid;Acetoacetic acid;2-Methyl-3-oxopropanoic ,,101.023705246248,101.024553582326,252.190308985338,255.162484023902,11,32;1413;2938;4374;5414;6521;7448;8697;9903;11119;12319,,0.0,0.0092783922205517,0.0041291146985097,0.0004760180310685,0.0190521462571668,-0.0080533452582318,-0.0095674576239455,4.35465772169222,3,0.321078431372549,4.49128969159397,3,0.542483660130719,4.4465289881011,3,0.428104575163399,0.0570242422334705,1.24394047713433,0.134510124327186,0.87124502589242,-0.13663196990175,0.151809401831787,0.818701330962124,0.351988018066792,0.453472119976535,-0.0918712664088819,0.197612327343521,0.704185966983823,0.373765941669188,0.427400274971695,-0.0447607034928676
ID31,FT0031,46.2654766133263,100.933212092137,,,100.93297071948,100.93394886553,45.1161182391165,48.0606551597577,11,31;1412;2937;4373;5413;6520;7446;8696;9902;11118;12318,,0.0,0.0108868635476451,-0.011680203161288,-0.0003779531833169,0.0449294628750882,0.0242466221432843,-0.0260705731140362,4.34830803827901,3,0.315359477124183,4.53035392612508,3,0.562908496732026,4.36356728566222,3,0.374183006535948,0.0338415615798673,1.47054960515216,0.0938970661632496,1.02734797715899,-0.182045887846074,0.926421727992829,0.033191267696163,0.95522128546385,0.0198960086011187,-0.0152592473832129,0.313315259744961,0.504018452671303,0.531451901340653,0.274536034861444,-0.166786640462861
ID32,FT0032,434.811043975805,101.069588509653,,,101.069363279417,101.072439396566,433.867917751584,436.577780706955,6,4375;5415;6522;7447;8698;12320,,0.0,0.0205211301470626,-0.0120237795902453,-0.058011352435241,0.0703511920116372,-0.0275205378792487,-0.0457158112209202,3.8479143837032,0,0.0490196078431373,4.26342237105252,3,0.408496732026144,4.03831537337594,1,0.138888888888889,0.0019235703287111,2.71589193058784,0.0115127119673606,1.93882236066848,-0.415507987349326,0.373900966300059,0.42724341246482,0.537705199155324,0.269455764241587,-0.190400989672737,0.320867455294046,0.493674329968917,0.538006207368034,0.269212713534109,-0.225106997676589
ID33,FT0033,89.5399667017487,101.060356826515,STD_Valeric acid;STD_Isovaleric acid;STD_2-Methylbutanoic ac,,101.059903691341,101.060498497547,87.4363955030271,90.1525645904409,6,4376;5416;6523;7449;8699;12321,,0.0,0.0194997690369239,-0.0145079704216575,-0.0340231329982602,0.0398446724002345,-0.0145804066997613,-0.0205200580578963,4.03538539135678,0,0.102941176470588,4.38777951925608,3,0.473039215686274,4.14298932029107,1,0.206699346405229,0.0002567631251343,3.59046734703852,0.0026400516199707,2.57838758144484,-0.352394127899301,0.37390096630006,0.427243412464819,0.537705199155324,0.269455764241587,-0.107603928934295,0.0929134087774454,1.03192160637412,0.257553320767883,0.589132846164416,-0.244790198965006
ID35,FT0035,450.207830086583,103.057380677928,1-Pentanethiol;Isopentyl mercaptan;2-Methyl-1-butanethiol,,103.05544449769,103.058554617659,449.399428043698,450.789426464173,9,34;1415;2940;4378;5418;7451;9905;11121;12323,,0.0,-0.0247567018856643,0.0208426028170477,0.0004903353808849,0.0106760347452023,0.0047548561732825,0.0673783142332796,4.42231189331902,3,0.367647058823529,4.05737522251299,2,0.247549019607843,4.33789054254204,3,0.358660130718954,0.0404017135855243,1.39360021446971,0.106352869679181,0.97325078719972,0.364936670806023,0.0814530789092072,1.08909249480536,0.273320331450895,0.563328061287534,0.0844213507769753,0.0786295784856668,1.10441405247617,0.233487832297133,0.631735746806228,0.280515320029048
ID38,FT0038,57.7702419640773,110.975830673253,,,110.974994466682,110.9785327768,57.3063635526019,58.8884730717674,6,4382;5422;6527;7455;8704;9909,,0.0,0.0268805956242926,0.0152401580156569,0.0304582588140397,0.0440221282173509,0.0563165108113772,-0.0925524787283548,4.19766587206932,0,0.21078431372549,4.55506217646036,3,0.576797385620915,4.52300062610297,1,0.477941176470588,0.0024402519331599,2.61256533450838,0.0134661608972086,1.87075620077314,-0.357396304391037,0.373900966300059,0.42724341246482,0.537705199155324,0.269455764241587,-0.325334754033648,0.927176896157124,0.0328373988698328,0.96220047579323,0.0167344326815078,-0.0320615503573896
ID40,FT0040,246.440422306488,112.051131494942,STD_Creatinine,,112.050847768015,112.051356225749,243.472205668004,249.892541256188,11,37;1418;2943;4383;5423;6529;7456;8705;9910;11125;12327,,0.0,-0.0046452725797501,0.0214176325652106,-0.0038840724503818,0.0188013293456185,-0.024154536718821,-0.0004240868134169,4.66687574926921,3,0.533496732026144,4.59861968847961,3,0.597222222222222,4.78195751381584,3,0.631535947712418,0.609146839805466,0.215278004525952,0.690672618554172,0.160727761087448,0.068256060789599,0.28938549908758,0.538523234875689,0.495854869358576,0.304645417581975,-0.11508176454663,0.0918600775189657,1.03687319242512,0.257553320767883,0.589132846164416,0.183337825336229
ID42,FT0042,45.7086229240218,113.988302275244,,,113.987889197267,113.989568614053,45.1161182391165,46.6678045421065,11,39;1420;2945;4385;5425;6531;7458;8707;9912;11127;12329,,0.0,0.0070363640072142,-0.0076452283465118,0.0061901748522607,0.0288907103151327,-0.0057851614874711,-0.0061560611243885,4.53682142476268,3,0.452614379084967,4.64163363411993,3,0.620915032679739,4.51531163426381,3,0.47140522875817,0.214419666942358,0.668735382912006,0.336745247169264,0.472698525204765,-0.104812209357259,0.800671747666243,0.0965454956456015,0.878484533315914,0.0562658803322403,0.0215097904988628,0.0841182042581414,1.07511000713532,0.242985010814978,0.614420516200552,-0.126321999856121
ID43,FT0043,381.638232144434,114.055658105322,STD_L-Proline;Proline;L-PROLINE,+,114.054920137593,114.056261774274,380.526604243567,382.452520780666,11,40;1421;2946;4386;5426;6532;7459;8708;9913;11128;12330,114.0559|381,1.0,-0.030029270049224,0.0313358278101343,0.0053423732896747,0.0127353746214927,-0.0177696696749842,-0.0026471348805729,4.76858369279566,3,0.597222222222222,4.33119674616627,3,0.439542483660131,4.75093746646615,3,0.611928104575163,0.0109242704567108,1.96160755638995,0.039944976776362,1.39853782700008,0.437386946629394,0.806377560515647,0.0934615660669832,0.879847886232209,0.0555924049865029,0.017646226329509,0.0057989470600325,2.23665085601134,0.039808065994459,1.40002892134424,0.419740720299885
ID44,FT0044,451.406267962502,115.003509706432,STD_fumaric acid;Fumaric acid;STD_Maleic acid,+,115.002765506596,115.004061809443,450.410374159235,452.109624249911,9,42;1423;2948;4388;7461;8710;9915;11130;12332,71.0141|156,1.0,-0.0470027253259851,0.0516742369160644,0.017415762816925,0.0063706365872198,-0.0187003840137116,-0.0203490976940511,4.82063857175635,3,0.625816993464052,4.1002832950151,1,0.283496732026144,4.82357186748494,3,0.651960784313726,0.0024699063362068,2.60731951574431,0.0135675676824511,1.86749800324458,0.720355276741254,0.956711394580082,0.0192190534923968,0.974028590391171,0.0114282952087685,-0.0029332957285834,0.0024898842331173,2.60382084490712,0.0224267411093027,1.64923383034364,0.723288572469837
ID46,FT0046,73.4874165977961,115.075852916379,STD_Caproic acid;STD_4-Methylvaleric acid;Methyl (S)-2-Methy,,115.075416032939,115.076023282179,72.646962668217,74.0605845121111,6,4389;5428;6534;8711;9916;12333,97.93111|60,1.0,0.0279357089841858,0.0039796196896939,-0.0245745471442298,0.016367875366542,0.0546144228605553,-0.0477431159234006,4.08668631915642,0,0.137254901960784,4.51697161841877,3,0.555555555555556,4.43446830973964,2,0.42156862745098,0.0034207715133339,2.46587593306784,0.0166144748677084,1.77951338087703,-0.430285299262349,0.116229076562312,0.934685212643525,0.31408813851289,0.502948464351792,-0.347781990583221,0.682270815838844,0.166043205286445,0.812459226616256,0.0901984249335701,-0.0825033086791276
ID48,FT0048,416.667080341713,116.046381575697,STD_Guanidinoacetic acid,,116.04581110222,116.046779664434,414.949246183907,417.39492515102,11,44;1425;2950;4390;5430;6536;7463;8713;9918;11131;12336,55.03004;74.02426|3256;8863,1.0,-0.0194835006804383,0.0271139107702837,-0.0056714725593023,0.0053082193038028,-0.0095356277587608,-0.0061008809297363,4.80388593038089,3,0.615196078431373,4.5248467503078,3,0.560457516339869,4.8682814353851,3,0.680555555555556,0.0094378745762091,2.02512579847243,0.0355917339033845,1.44865085418977,0.279039180073087,0.0563981764592572,1.24873493797562,0.222643781577721,0.652389430172083,-0.0643955050042084,0.0037235851327583,2.42903871238205,0.0289694923328596,1.53805911539236,0.343434685077296
ID49,FT0049,423.244377251,118.050546793444,STD_L-Threonine;L-Allothreonine;Threonine,+,118.050312782885,118.051216363203,422.019538900031,424.457172573572,11,45;1426;2951;4392;5431;6537;7464;8714;9919;11133;12337,74.0249|9587,0.971428571428571,-0.0272016772415268,0.0146871582218576,0.0094096743275403,0.0100912672302097,-0.0089552677532795,-0.0001552266347404,5.73953340249511,3,0.919117647058823,5.34628215839015,3,0.872549019607843,5.61635853288096,3,0.912581699346405,0.0026324728457785,2.57963609991052,0.0140271563466876,1.85303036233689,0.393251244104957,0.0310858093294318,1.5074378211467,0.157780074243503,0.801947843918095,0.123174869614153,0.0056193617233378,2.25031301108122,0.0395047899465983,1.40335024307591,0.270076374490804
ID50,FT0050,376.568928305978,119.034151793703,"(S)-3,4-Dihydroxybutyric acid;2,4-Dihydroxybutanoic acid;4-D",,119.033516095051,119.034527918699,375.330876068225,377.121744824798,5,46;1427;2952;5432;6538,59.0134;76.9698|60;48,1.0,-0.0170541561419387,-0.0367018955296129,0.0197746068097789,-0.0285073547193394,0.0164979702593081,0.0339381914373421,4.43309656740192,3,0.375816993464052,4.19006128008809,2,0.331699346405229,3.97889492596006,0,0.108660130718954,0.108326642301314,0.965264718061032,0.21469019882781,0.668187781796445,0.243035287313828,0.0009270960799244,3.03287525526357,0.0176301522782036,1.75374393652099,0.45420164144186,0.117095230005404,0.931460795999585,0.273912994266569,0.562387364590118,-0.211166354128032
ID52,FT0052,166.831299841617,119.975871767551,,,119.975436604104,119.976236727525,161.674050018177,169.696387119225,9,48;2954;4393;5433;6539;8716;9921;11135;12339,,0.0,0.055406794742757,0.0248890517378552,-0.0509088549164942,-0.0307770855161298,0.0069958999514547,-0.0151560155102966,4.71060904097472,2,0.563725490196078,5.50650423903186,3,0.913398692810457,5.44776208359364,3,0.873366013071895,0.0339792975081848,1.46878560402709,0.0939703331088421,1.02700923364188,-0.795895198057147,0.0439258710174571,1.35727961800968,0.196029146147424,0.707679351756102,-0.737153042618928,0.590331264700217,0.22890421537745,0.743167838085386,0.128913093476577,-0.0587421554382193
ID53,FT0053,84.2518630582834,119.976046702774,,,119.976046702774,119.976046702774,84.2518630582834,84.2518630582834,1,4394,,0.0,0.0253514400778464,-0.0300126136906993,-0.010599962869055,0.0191365435238938,-0.0161489203509473,0.0322474316849534,4.22595534096844,0,0.234885620915033,4.59701053061159,1,0.59640522875817,4.22595534096844,0,0.276960784313726,0.373900966300059,0.42724341246482,0.484179615133447,0.314993499118616,-0.371055189643145,,,,,,0.373900966300059,0.42724341246482,0.561573265987348,0.250593575220363,-0.371055189643145
ID55,FT0055,377.781027826087,125.00976108719,,,125.008731444693,125.009981804849,377.002015984246,379.793855870625,11,50;1430;2957;4396;5435;6541;7468;8719;9923;11138;12341,,0.0,0.0052564347467323,0.0055139084940074,-0.0174708737059602,0.0075369693959168,-0.0201526663705325,-0.0073282184979759,4.44314227940759,3,0.386437908496732,4.54482373753961,3,0.56781045751634,4.5558459136443,3,0.497549019607843,0.218158969091348,0.661226927317054,0.341281196120795,0.46688763977864,-0.101681458132028,0.0388581306358746,1.41051809601756,0.183357620369075,0.736701035987168,-0.112703634236718,0.885753916422097,0.052686918727503,0.941416047781955,0.026218402796206,0.0110221761046905
ID57,FT0057,78.4701556642572,125.096654256604,"(E)-2-octenal;2-Octenal;(3xi,5Z)-1,5-Octadien-3-ol",,125.096249492041,125.096975758431,76.6667764432111,83.6367730081066,11,53;1432;2959;4398;5437;6544;7471;8722;9925;11140;12344,81.95201;81.95706|36;36,1.0,0.0083677299556506,0.0048769602517444,-0.0079819057412219,0.0040307792209525,0.0068449765028769,-0.0130038870004364,4.64498644223471,3,0.515522875816993,4.7742809432928,3,0.678921568627451,4.76721532788088,3,0.620915032679739,0.0258518230066652,1.58750882611668,0.0768667218216232,1.11426164013716,-0.129294501058091,0.0057078789571331,2.24352524522917,0.0540372153874405,1.26730703886962,-0.122228885646173,0.86603475131736,0.062464680727965,0.927213353015925,0.0328203226232185,-0.0070656154119177
ID58,FT0058,377.781027826087,126.002934626163,2-Acetylthiazole,,126.002017531844,126.003889881126,377.002015984246,379.793855870625,11,54;1433;2960;4399;5438;6545;7472;8723;9926;11141;12345,81.9531;126.0024|39119;2547,1.0,0.0064451956248909,0.0056926428401569,-0.013114440201015,0.006928984986667,-0.013609208615302,-0.0003526031311152,4.67471306998367,3,0.536764705882353,4.78381337209225,3,0.686274509803922,4.7854807306948,3,0.633169934640523,0.109415629854797,0.960920635270929,0.215781971664461,0.665984842941851,-0.109100302108581,0.0118379985808598,1.92672171642742,0.085959240738605,1.06570742920305,-0.110767660711133,0.977083352591084,0.0100683861008096,0.989270960617147,0.0046847391575367,0.0016673586025524
ID59,FT0059,435.050384297981,127.050812187338,Dihydrothymine;Squamolone;L-Cyclo(alanylglycyl),,127.050441262253,127.051338826299,434.562363412015,436.577780706955,11,55;1434;2961;4401;5440;6547;7473;8724;9927;11142;12347,67.02987;82.03039;109.0393;127.0504|286;478;485;1326,0.75,-0.0132191946217571,0.0081361531952368,0.0025903405089742,0.0094333105371532,-0.0181515530434492,-0.0054073714228061,5.71920180487132,3,0.912581699346405,5.53360065185702,3,0.918300653594771,5.6662655532813,3,0.923202614379085,0.0161386504090919,1.79213278587111,0.0533373528630154,1.27296854218032,0.185601153014303,0.230082761916832,0.638115917988622,0.444502750621363,0.352125547233737,0.0529362515900207,0.0244157909372749,1.61232920240053,0.104370798621977,0.981420993395919,0.132664901424282
ID62,FT0062,71.8541205469664,129.018746061178,Citraconic acid;Itaconic acid;Glutaconic acid,+,129.018352319985,129.019259954348,71.2858044996628,73.6001151846192,8,4404;5443;6550;7476;8727;9930;11145;12350,85.02893|3005,1.0,0.0610637504119111,0.0370839825326105,-0.0518178971723881,0.0275902487228547,-0.001184743423848,-0.0587828018585729,4.22595534096844,0,0.234885620915033,5.13529484134119,3,0.816176470588235,5.08937402925222,3,0.764705882352941,2.07173838149399e-07,6.68366508804222,3.2282754094367e-05,4.49102942199939,-0.909339500372753,5.5090175323454e-06,5.2589258454904,0.0009506990255818,3.02195695121955,-0.863418688283783,0.194570711032065,0.710922534029065,0.368610421711721,0.43343239014812,-0.04592081208897
ID64,FT0064,117.75365693597,129.055672012801,2-Methyl-3-ketovaleric acid;3-Methyl-2-oxovaleric acid;Ketol,,129.055386513028,129.055698864435,116.442148577658,120.898961926997,3,60;1438;2967,,0.0,-0.100106662714907,-0.0703849913947335,0.0879228547787537,-0.0484600317453358,0.0226391752952549,0.11229528785108,5.71896002800066,3,0.911764705882353,4.22595534096844,0,0.368872549019608,4.22595534096844,0,0.276960784313726,1.41185906567166e-06,5.85020865318216,9.19814266415921e-05,4.0362998587567,1.49300468703222,1.41185906567166e-06,5.85020865318216,0.0003411051502662,3.46711172323307,1.49300468703222,,,,,
ID68,FT0068,142.638443035245,130.058569930619,,,130.058347759316,130.059001604539,141.014640679816,144.184339465821,8,4408;5447;6553;7480;8732;9934;11150;12355,,0.0,0.0374689158694951,0.0256831617491286,-0.0296229577247864,0.011883941174307,-0.0155759534959195,-0.048847474341869,4.22595534096844,0,0.234885620915033,4.77784090675487,3,0.68218954248366,4.77600372587768,3,0.625,1.08491292935867e-05,4.96460511510249,0.0003196380944101,3.49534146713584,-0.551885565786428,1.46710955523569e-05,4.8335374543518,0.0013632833405574,2.86541387237353,-0.550048384909241,0.953771467522942,0.0205556738110297,0.975505085538364,0.0107704621838741,-0.001837180877187
ID69,FT0069,311.690698022306,130.888794723094,,,130.888087277072,130.889241825798,309.86925086053,313.504502564741,11,64;1443;2971;4409;5448;6555;7481;8733;9935;11151;12356,130.8886|337,1.0,0.0161458559680842,0.0191308293736501,-0.0318847738826414,0.003223572958536,-0.0362700223222177,-0.0037771567671771,4.66682552791511,3,0.532679738562091,4.92323000090388,3,0.744281045751634,4.97240429060885,3,0.72140522875817,0.111183560536585,0.953959422250765,0.218551998897894,0.660445217056482,-0.25640447298877,0.0997729143201553,1.00098734205775,0.298330892323633,0.525301772883238,-0.305578762693739,0.707616358492485,0.150202135738432,0.82414001034005,0.0839990012242892,0.0491742897049692
ID71,FT0071,354.151820845171,131.09044647162,2-Heptanethiol;Heptane-1-thiol,,131.089807218741,131.090690204773,352.789777213093,356.840693429252,8,66;1444;2972;5449;7483;8735;9937;11153,,0.0,-0.0293748436570179,-0.0039142708842925,0.0224901351662148,0.0009208160915165,-0.0201301720602403,-0.0101915494002737,4.61829341762255,3,0.501633986928105,4.20884982886585,1,0.343954248366013,4.31259059691116,2,0.339052287581699,0.0199109841621786,1.70090727308961,0.0631641391149467,1.19952941862761,0.409443588756699,0.0469844701458271,1.32804566641512,0.202704428343425,0.693136763472231,0.305702820711398,0.529292972912994,0.276303871822768,0.699529897383311,0.155193719354966,0.103740768045301
ID72,FT0072,458.350457551588,132.029605431755,STD_Aspartic acid;1-deoxy-1-(N6-lysino)-D-fructose;Aspartic ,+,132.029435296311,132.030118083307,457.785299228052,458.925787222423,11,67;1445;2973;4410;5450;6556;7484;8736;9938;11154;12358,71.01365;88.04002|1570;3595,1.0,-0.0185267441523989,0.0162962422729654,0.0042839575443147,0.0033987786084039,-0.0171995213435717,0.0008427707158547,5.08221155207616,3,0.733660130718954,4.81006551790237,3,0.698529411764706,5.04563944155178,3,0.747549019607843,0.017085831199739,1.76736388858432,0.0563130272144822,1.24939112570095,0.272146034173785,0.518030796829685,0.285644420765159,0.661502328298372,0.179468622881838,0.0365721105243741,0.0236591669004862,1.62600055205347,0.103797923958148,0.983811332639169,0.235573923649411
ID73,FT0073,274.886802594518,132.867208953677,,,132.866767611747,132.868950236808,274.005078965756,275.684644643595,6,68;1446;2974;4411;5452;8737,,0.0,-0.0179228839525991,-0.0366666434510578,0.0046840201767693,0.0059292979656712,-0.0226106951366478,0.000917447691209,4.44968160987876,3,0.392156862745098,4.24177997226469,2,0.395424836601307,4.03616530914619,0,0.134803921568627,0.130481853154605,0.884449883902915,0.231860663729674,0.634772925248214,0.207901637614073,0.000384329633566,3.4152961281611,0.0110877928615154,1.95515489600257,0.413516300732572,0.116344950297002,0.934252461588588,0.273912994266569,0.562387364590118,-0.205614663118499
ID74,FT0074,311.960363800625,132.882780059457,,,132.868849909341,132.883333499011,309.86925086053,337.051215927432,5,1447;2975;5451;11155;12359,132.8856|115,1.0,-0.0150543233404282,0.0038109662496497,-0.0572952679615094,-0.0567135252363682,0.0040454466809343,0.0377379674648188,4.5133770760299,2,0.436274509803922,4.36968718635945,1,0.464052287581699,4.53697197935748,2,0.486111111111111,0.519328273903544,0.284558032371196,0.619179299807694,0.208183571268261,0.143689889670446,0.916840613444424,0.0377061569341269,0.949969725106446,0.0222902351624373,-0.0235949033275862,0.474028355512267,0.324195678844518,0.652666231858607,0.18530885658064,0.167284792998032
ID75,FT0075,451.406267962502,133.013737887859,STD_L-malic acid;STD_Malic acid ;Malic acid,+,133.01319239667,133.014460589389,450.410374159235,452.34224971646,11,69;1448;2976;4412;5453;6557;7485;8738;9939;11156;12360,59.01414;71.01417;72.99299;87.00807;89.02458;115.003;133.0145|2163;47722;17181;348;2797;27530;3703,1.0,-0.0385364378769305,0.045235205992093,0.0103682175754479,0.0039730994406837,-0.0156059666608333,-0.0160934252695082,5.51374242458042,3,0.874183006535948,4.93272328825296,3,0.747549019607843,5.53829034522699,3,0.89624183006536,0.0004144371940743,3.38254127532752,0.0036930958849736,2.43260941648269,0.581019136327455,0.654796714290546,0.18389350850424,0.769449835469824,0.113819688878384,-0.0245479206465742,0.0002619706969241,3.58174728454238,0.0048135511325001,2.31753441048126,0.60556705697403
ID76,FT0076,317.102382111457,134.893953506286,,,134.889689926571,134.894093315941,315.563011790586,323.051248131122,8,1449;4413;5454;6558;7487;8740;9940;12361,83.93066;99.92622;134.8931|36;350;103,1.0,0.0165857485921718,-0.0176031064315787,-0.0471748680512763,0.0479387353660382,0.0612460320201836,-0.02701328676249,4.4677146171416,1,0.406045751633987,4.81400839344763,3,0.702614379084967,4.60938902560666,2,0.535130718954248,0.229755576429165,0.638733938992885,0.35616277999411,0.448351467488609,-0.346293776306032,0.671308020626578,0.173078163938191,0.782946773066484,0.106267761504315,-0.141674408465062,0.358562826998092,0.445434736710309,0.561573265987348,0.250593575220363,-0.20461936784097
ID77,FT0077,278.71204508922,134.894009155452,,,134.864782727749,134.894123099023,273.97623827051,279.932346434875,3,2977;7488;9941,99.92541;134.8939|1662;377,1.0,-0.0067107917982854,0.0090567083518627,0.0119513737813252,0.0209454981319641,0.0149471271023155,-0.0307364655435682,4.32866819983682,1,0.302287581699346,4.22595534096844,0,0.368872549019608,4.33765527907587,1,0.357843137254902,0.373900966300058,0.427243412464821,0.484179615133447,0.314993499118616,0.102712858868382,0.955614022474308,0.0197174861317313,0.974028590391171,0.0114282952087685,-0.008987079239044,0.373900966300058,0.427243412464821,0.561573265987348,0.250593575220363,0.111699938107426
ID78,FT0078,438.865315354428,135.029253361556,Threonic acid;Erythronic acid;Threonic acid,+,135.028933470399,135.029786960813,436.280107104181,440.766373691609,6,72;1452;2980;9944;11159;12364,59.01491;75.00782;75.01141|84;60;60,1.0,-0.0239184745508995,0.0451506054257704,0.0153847631628239,-0.0331830931879076,0.0379383587292248,0.0336323747321124,4.64600946242173,3,0.516339869281046,4.22595534096844,0,0.368872549019608,4.77005406682661,3,0.622549019607843,8.76146465654189e-05,4.05742328663064,0.0011919729947493,2.9237335838275,0.420054121453292,0.0977941121214882,1.00968729194167,0.295044242330286,0.530112856024418,-0.124044604404872,0.0004502176405336,3.34657749237346,0.0075057712357531,2.12460467634235,0.544098725858165
ID80,FT0080,76.7293414575297,135.044496554267,Phenylacetic acid;2-Methylbenzoic acid;4-Hydroxyphenylacetal,,135.044273199961,135.044896309061,75.3537335485315,79.8796740758542,11,71;1451;2979;4415;5456;6560;7490;8742;9943;11158;12363,91.05368|240,0.833333333333333,0.015221145232055,0.0093283718570302,-0.0017137001745706,0.0073692906021831,-0.0102735757563527,-0.0067039624888839,4.69526842758346,3,0.551470588235294,4.89892762159257,3,0.735294117647059,4.87772903778872,3,0.687091503267974,0.010063390025538,1.99725569508752,0.0374806755440318,1.42619259007878,-0.203659194009115,0.0048548327915401,2.31382572331766,0.0486861322709866,1.3125947253532,-0.182460610205259,0.62731077011999,0.20251725612036,0.770601756557925,0.113170005363837,-0.021198583803856
ID81,FT0081,316.897717355037,136.890973877436,,,136.888649186459,136.891421130646,315.563011790586,321.651142180816,8,1454;4417;5457;6561;7491;8743;9945;12365,99.92544;136.8912|527;168,1.0,0.0096454808504736,-0.0096262034282668,-0.0324736773174308,0.0344133041152047,0.0405193565634877,-0.0111175765312118,4.14356253428766,1,0.177287581699346,4.35352687517476,3,0.452614379084967,4.2384803230655,2,0.28921568627451,0.266337876160957,0.574567067740553,0.39801796897097,0.400097320768577,-0.209964340887096,0.668773212349037,0.174721130847131,0.781313385413575,0.107174735319942,-0.0949177887778383,0.437317443037436,0.3592031998474,0.624686463672476,0.204337904676744,-0.115046552109257
ID82,FT0082,77.0942866601697,136.990451596679,,,136.990066185176,136.990952440089,75.3474662235768,78.8865907906416,11,73;1455;2981;4418;5458;6562;7492;8744;9946;11161;12366,64.97052;79.95739;93.03398;136.991|252;14068;341;465,1.0,0.0101360787760773,0.0030975453601348,0.0004048239506655,0.0183258903210537,0.0011971897568715,-0.01135981538991,4.74214287083429,3,0.584967320261438,4.88754990321395,3,0.733660130718954,4.84050512220145,3,0.663398692810457,0.0213319680492305,1.67096907546981,0.0663110014553601,1.17841441314888,-0.145407032379665,0.149183189712738,0.826280111356018,0.348575035150847,0.457703720164847,-0.0983622513671625,0.301338237788283,0.520945755791685,0.514790171037443,0.288369753735313,-0.0470447810125023
ID83,FT0083,443.795556508189,140.011086565372,"STD_L-Serine;O-Phosphoethanolamine;1,2-Diacylglycerol-LD-PI-",,140.010594744504,140.011630136318,442.781323445066,444.226082966365,11,75;1456;2982;4419;5459;6563;7494;8745;9948;11162;12368,,0.0,0.0121457615387623,0.020706687671861,-0.0121706053489063,0.0129572849879106,-0.0168061868762849,-0.0109330132350803,4.63740939340517,3,0.509803921568627,4.81507269993822,3,0.704248366013072,4.89859212966538,3,0.696895424836601,0.0614847048874457,1.21123290713723,0.141896040249366,0.848029723794427,-0.177663306533042,0.0109414122160176,1.96092661968071,0.0815878145490696,1.08837469993823,-0.2611827362602,0.185036706029664,0.732742111354351,0.358700724147205,0.445267746566805,0.0835194297271578
ID85,FT0085,396.324845771143,142.019471415604,,,142.019094432451,142.020044805652,395.414903516149,397.262195674582,11,77;1458;2984;4421;5461;6565;7496;8747;9950;11164;12370,,0.0,0.0037967653757197,0.0034662624873946,-0.0013071524005739,0.0036558881822873,-0.0155973164963685,-0.004000012767184,5.64759412252287,3,0.898692810457516,5.70040680599742,3,0.941176470588235,5.69708408921128,3,0.933823529411765,0.209896425367682,0.67799495758868,0.332243946996476,0.478542922529627,-0.0528126834745439,0.307035776759422,0.512811016236446,0.509476948249151,0.29287546126437,-0.0494899666884123,0.910738076082769,0.0406065060869862,0.953211959451652,0.0208105174257955,-0.0033227167861316
ID86,FT0086,356.777290172386,142.974862727989,"Bis(methylthio)methane;1,2-Propanedithiol;1,3-Propanedithiol",,142.974409731413,142.975294595234,355.488721877261,361.703197861647,11,78;1459;2985;4422;5462;6568;7497;8748;9951;11165;12371,59.01416|9576,1.0,-0.020756244287195,0.0138161465091589,-0.0090016416536764,0.0027444110373937,-0.0116504740347851,0.0003335382765507,5.18077312402602,3,0.77124183006536,4.89936129884106,3,0.736111111111111,5.14316910380335,3,0.781862745098039,0.0216085174143589,1.6653750295467,0.066997542395551,1.17394112780106,0.281411825184962,0.363865694488988,0.439058888069821,0.537705199155324,0.269455764241587,0.0376040202226724,0.0316178151508425,1.50006814391413,0.122896742980422,0.910459626669069,0.24380780496229
ID87,FT0087,398.052641127067,143.020783783312,Niacinamide;2-Acetylpyrazine,,143.020217314667,143.020918361431,396.781778837155,400.482522656397,11,79;1460;2986;4423;5463;6566;7498;8749;9952;11166;12372,,0.0,0.0054997892462183,0.0032409199394176,-0.00235137861718,0.0028295257926451,-0.0133492897134985,-0.0065323647985207,4.86102242501542,3,0.651143790849673,4.93680752558491,3,0.749183006535948,4.9279290957292,3,0.705065359477124,0.0763821069758677,1.11700836592379,0.164499403448461,0.783835672665443,-0.0757851005694947,0.134117455795273,0.872514693720358,0.328485126643587,0.483484289918057,-0.0669066707137826,0.79398088869506,0.10018995101644,0.883492657795567,0.0537970553163792,-0.008878429855712
ID89,FT0089,127.70864548495,144.073948208228,,,144.073506338618,144.074382994807,127.225890697458,130.368958902494,9,81;2988;4425;6569;7500;8751;9954;11168;12374,,0.0,0.0095653954741623,0.0243846474032848,0.021189654427667,0.0004966935343286,-0.0275560517290932,-0.0234257328740332,3.95166801127053,2,0.076797385620915,4.01173922654346,2,0.22140522875817,4.16246702873297,3,0.214869281045752,0.761131702060067,0.118540188789101,0.814627613503791,0.0890408726822989,-0.0600712152729339,0.168242717288666,0.774063725973523,0.369204532328591,0.432732976245217,-0.210799017462441,0.376397066533402,0.424353769924167,0.563147918774974,0.249377516569277,0.150727802189508
ID90,FT0090,310.279742277077,144.869146362418,,,144.86876291869,144.869273872472,308.383092699521,312.29440774629,9,82;1462;2989;4426;5465;7501;8752;11169;12375,,0.0,-0.0032512402472053,-0.0091793594059723,-0.0887581286027362,0.0165517911065621,-0.118943271255678,0.0461098002102006,4.82069563391687,3,0.626633986928105,4.92204989820437,2,0.743464052287582,4.84208275783494,2,0.66421568627451,0.794649211354039,0.0998245432855406,0.840776606208363,0.0753193806334307,-0.101354264287502,0.950241312728419,0.0221660921025028,0.9695029609594,0.0134508602042908,-0.0213871239180685,0.873216269424943,0.0588781812821227,0.932758810220546,0.030230640210374,-0.0799671403694333
ID93,FT0093,309.983066424971,146.865939096573,,,146.865737876644,146.866380986429,282.661802032362,311.766900923981,12,85;1465;2992;4430;5469;6572;7504;8756;9957;9958;11172;12378,,0.0,0.033247397984104,-0.0071364129316868,0.0047249693330387,-0.0175251650550783,-0.0310541245199972,-0.0047674892748748,4.82620198115277,3,0.630718954248366,5.27206189668474,3,0.849673202614379,5.00365977357899,3,0.731209150326797,0.0157635358132573,1.80234636223,0.0526764821759682,1.27838323565744,-0.44585991553197,0.274266001284933,0.56182802531377,0.479162355471468,0.319517308843298,-0.177457792426213,0.0985335851706699,1.0064157150027,0.26685525949532,0.573724233192845,-0.268402123105757
ID94,FT0094,450.410374159235,148.048720416798,,,148.047395710015,148.049353922125,449.399428043698,451.016845493366,11,88;1468;2995;4431;5471;6574;7507;8759;9960;11174;12380,102.0531;104.0586;130.0392;148.0494|60;101;36;36,1.0,-0.0202677350290436,0.0165000119139167,0.011267195776528,0.0068171211556585,-0.0104060754142537,-0.0034401979139292,4.44267553605877,3,0.38562091503268,4.13787352770192,3,0.303921568627451,4.38480356988622,3,0.387254901960784,0.0027850215983378,2.55517143244624,0.0144989715276341,1.83866280298672,0.304802008356848,0.267786670456727,0.572211044542698,0.475715143987834,0.322653022963821,0.0578719661725513,0.0081519924214594,2.08873623274548,0.0511471782572215,1.29117832091803,0.246930042184297
ID95,FT0095,369.631238569586,148.043064434596,STD_Methionine;Penicillamine;Racemethionine,,148.042455836142,148.043540176278,368.779483524009,370.984397435601,9,87;1467;2994;5470;7506;8758;9959;11173;12379,,0.0,-0.0476585764467717,0.0061843573938029,0.0098490656782202,0.0078059093872908,-0.0146945377458994,0.0019485958382348,4.54640608221231,3,0.459150326797386,3.88640462898884,1,0.151960784313725,4.19872535457129,3,0.242647058823529,0.0028091335688898,2.55142761044147,0.0145038097998904,1.83851790412764,0.660001453223471,1.89904287977299e-05,4.72146522892357,0.0016386027134041,2.78552633031669,0.347680727641019,0.0364892244569226,1.43783536704528,0.134330993505453,0.871823773217662,0.312320725582452
ID96,FT0096,100.520672984305,149.060170688931,Hydrocinnamic acid;4-Ethylbenzoic acid;3-Methylphenylacetic ,,149.059313429581,149.060834481453,99.0402548935971,101.664564193172,11,89;1469;2996;4432;5472;6575;7508;8761;9961;11176;12382,92.03125|36,1.0,0.0104446460264828,0.0211976366896962,-0.0149119161254717,0.0123539766479215,0.0101127537869468,-0.0246168886121415,4.1781155982186,3,0.201797385620915,4.33276034676959,3,0.441176470588235,4.46506915754621,3,0.440359477124183,0.0732350838427409,1.13528081690488,0.160184188152691,0.795380355523603,-0.154644748550993,0.0139129241955008,1.85658158111497,0.0949537425320057,1.02248791319166,-0.286953559327609,0.129430403729092,0.887963694140305,0.283142285870597,0.547995266103388,0.132308810776616
ID97,FT0097,105.801455508407,151.006127075288,,,151.005900240398,151.00697186456,102.995910925852,107.253324711753,11,90;1470;2997;4434;5473;6576;7509;8762;9962;11177;12383,79.9573;80.96538|7520;30184,1.0,0.0082645913040084,0.0033854501943962,0.0008630899526009,0.0108666465024305,-0.0063108197345392,-0.0011146811462703,5.19583082889597,3,0.774509803921569,5.30848116872978,3,0.861111111111111,5.2724111194346,3,0.820261437908497,0.0334245464919966,1.47593447658234,0.0938970661632496,1.02734797715899,-0.112650339833818,0.0894931923058199,1.04820999995186,0.279790445579027,0.553167120091346,-0.0765802905386321,0.0143697390290326,1.84255111908082,0.0762249338494594,1.11790294385766,-0.0360700492951862
ID98,FT0098,144.815707210337,151.006186412991,Mercaptopurine,,151.005828719168,151.006889602569,142.308068342182,146.845227741127,11,91;1471;2998;4433;5474;6577;7510;8763;9963;11178;12384,,0.0,0.0055438459211616,0.0033427200074567,0.0021173358654518,0.0066485875362022,-0.0079968742818499,-0.0181356341837649,5.09578826192491,3,0.740196078431373,5.17344962479189,3,0.827614379084967,5.16083798405541,3,0.785947712418301,0.0482929329741058,1.31611641779723,0.120313720695194,0.919684842465452,-0.0776613628669871,0.0441678987282965,1.35489326165202,0.196029146147424,0.707679351756102,-0.0650497221305013,0.652841544488565,0.185192216435501,0.792784685138559,0.100844748058676,-0.0126116407364858
ID99,FT0099,311.329190437875,152.001607948154,3-Sulfinoalanine;3-Sulfinato-L-alaninate;3-SULFINO-L-ALANINE,,152.001011482728,152.002209688843,309.647384646082,313.103282806873,9,92;1472;4435;5475;6578;8764;9964;11179;12385,79.95726|1125,1.0,0.0183962258769792,0.0081133609881627,-0.0162962025395049,-0.0091279979116253,0.0029164076872289,0.0208371320335194,4.09228413198639,2,0.141339869281046,4.35816136182773,3,0.456699346405229,4.31921252105299,3,0.343954248366013,0.11260080689919,0.948458497312291,0.218646672641802,0.660257127348624,-0.265877229841343,0.148159430496199,0.829270700025218,0.347527363183317,0.459010994781296,-0.226928389066601,0.477585143577873,0.320949191431666,0.653518226416196,0.184742295579083,-0.0389488407747418
ID101,FT0101,495.34544982097,152.984949519083,"Methyl propyl trisulfide;2,4,6-Trithiaheptane;Ethyl (methylt",,152.984949519083,152.984949519083,495.34544982097,495.34544982097,1,9966,80.96401|36,1.0,0.0012998090152012,0.0121366000752859,0.0092969230872989,0.0046915327441934,0.0252877535484119,-0.0140317361455001,3.79049044170298,0,0.0359477124183007,3.79049044170298,0,0.0972222222222222,3.89083377359097,1,0.065359477124183,,,,,,0.373900966300059,0.427243412464819,0.537705199155324,0.269455764241587,-0.100343331887994,0.373900966300059,0.427243412464819,0.561573265987348,0.250593575220363,0.100343331887994
ID102,FT0102,86.1734384490374,153.091564641646,"Methyl 2-octynoate;2,4-Hexadienyl propionate;2-Nonenoic acid",,153.090855759162,153.091906981973,84.5423728290706,90.6346813820064,11,94;1474;3000;4437;5477;6580;7512;8766;9967;11181;12387,79.95751|651,1.0,0.0129124596089399,0.0127569450800875,0.0122490879168477,0.0256136979345455,-0.0150049442194558,-0.0071595058318811,4.61677202624753,3,0.498366013071895,4.77258969664534,3,0.677287581699346,4.76595051911908,3,0.619281045751634,0.263393425271806,0.579395069935403,0.395347030504968,0.403021518887852,-0.155817670397802,0.297576148720404,0.526401881238489,0.501355631316942,0.299854102621176,-0.149178492871549,0.863238326936321,0.0638692856473976,0.925918315748793,0.0334273249641886,-0.006639177526253
ID103,FT0103,475.220347734357,154.974577328859,"Phosphoglycolic acid;Hydroxypropanedioic acid;1,3-Dithiane",,154.97412606145,154.975499136328,473.433493973991,478.317305492764,11,95;1475;3001;4438;5478;6581;7513;8767;9968;11182;12388,,0.0,0.0064699471875416,0.0205093976511765,-0.0119804012006279,0.0042242977041872,-0.003651485863533,-0.0121986777276342,4.41582415780256,3,0.361928104575163,4.51025438717539,3,0.553104575163399,4.64136906845764,3,0.553921568627451,0.0681300746402085,1.16666113526708,0.152060259354677,0.817984273113971,-0.0944302293728301,0.0009645912638138,3.0156566757488,0.0179265576413406,1.74650309810654,-0.225544910655088,0.0104157024987961,1.9823114332475,0.0606796985293054,1.21695658555479,0.131114681282257
ID105,FT0105,75.0586795144158,155.106955406978,"4-Hydroxynonenal;2,4-Nonanedione;2-Nonenoic acid",,155.106416775118,155.107448547965,72.6194149772799,78.6274537020535,11,97;1477;3003;4440;5480;6583;7515;8769;9970;11183;12390,59.01516|36,1.0,0.0128838207295368,0.004602169165402,0.0077928169849969,0.0160511066431631,-0.0089607796353532,-0.0042213063916924,4.33059245936027,3,0.303921568627451,4.494403504884,3,0.545751633986928,4.43505116316646,3,0.422385620915033,0.0568391375699471,1.24535252031977,0.134510124327186,0.87124502589242,-0.163811045523735,0.11975701561397,0.921699035298055,0.31408813851289,0.502948464351792,-0.104458703806187,0.183647417933031,0.736015173418986,0.357194227879745,0.447095567757259,-0.0593523417175481
ID106,FT0106,423.81478749462,156.027213001164,"(+)-threo-2-Amino-3,4-dihydroxybutanoic acid;STD_Adenine ",,156.026820507345,156.028165671801,422.908625445945,424.828718206432,11,98;1478;3004;4441;5482;6585;7516;8771;9972;11186;12391,59.014;74.02408|1671;7379,1.0,-0.0160316167107745,0.0196070929779223,-0.0098960016271959,-0.0024365836731314,-0.0252113915118352,-0.0042202134314195,4.68915216985624,3,0.545751633986928,4.46517855293657,3,0.525326797385621,4.72667795586363,3,0.59640522875817,0.0389302949447964,1.4097123059553,0.103613152253518,0.984585113426832,0.223973616919674,0.651980163160692,0.185765617705054,0.767633564423115,0.114846044195738,-0.0375257860073868,0.0321804147296851,1.49240836316884,0.123534684176127,0.908211090732223,0.261499402927061
ID107,FT0107,372.308026467206,156.99043976029,"Diethyl disulfide;2,3-Butanedithiol;1,2-Bis(methylthio)ethan",,156.990083419147,156.991223045469,354.180962870137,375.24858177186,13,99;1479;3005;3006;4442;5483;6586;7517;8772;9973;11187;12392;12393,58.83862;59.0142|1536;522744,1.0,-0.0143915276899014,0.0186984780377295,0.0219875461618442,0.0088885340250909,-0.0205665596632555,-0.0042045965122752,6.08286023978526,3,0.965686274509804,5.85095829571968,3,0.955065359477124,6.05472622248689,3,0.966503267973856,0.0990729895911039,1.00404473169474,0.2006478223537,0.697565549336091,0.23190194406558,0.854821780876796,0.068124420534535,0.915224488433189,0.038472368086539,0.0281340172983624,0.130046499765758,0.885901332455989,0.283142285870597,0.547995266103388,0.203767926767218
ID109,FT0109,103.028917715074,157.08634238737,cis-4-Hydroxycyclohexylacetic acid;trans-4-Hydroxycyclohexyl,,157.085863330972,157.087450968798,100.35845874717,104.42183660562,11,101;1481;3008;4443;5485;6587;7519;8774;9975;11189;12394,57.03408;139.0754|168;84,1.0,0.0087237659244692,0.0061163383032593,-0.0024302073550949,0.0114008828185064,-0.0100913927746599,-0.0103672331479985,4.97203514927586,3,0.699346405228758,5.09469112587036,3,0.803104575163399,5.08455074047186,3,0.761437908496732,0.0338747520489196,1.47012387498632,0.0938970661632496,1.02734797715899,-0.1226559765945,0.0404799780873995,1.39275973126025,0.188802368840072,0.723992561056394,-0.112515591195998,0.339549960102557,0.469096316227247,0.556537645280456,0.254505453818733,-0.0101403853985023
ID111,FT0111,372.308026467206,158.988359761992,Propane sulfate,,158.987846706625,158.988802244382,355.515218151429,375.24858177186,13,104;1484;3012;3013;4446;5488;6592;7522;8778;9979;11193;12399;12400,59.01419;61.01774|25213;944,1.0,-0.0189626895225513,0.0240505476825574,0.0216076311317527,0.0053901463322861,-0.0179849484031917,-0.0137826916214211,4.94587530493658,3,0.689542483660131,4.65409693737139,3,0.625,4.92158204647045,3,0.702614379084967,0.0914603428306125,1.0387671750397,0.189374857874745,0.722677680090186,0.291778367565197,0.871068187987262,0.0599478467059102,0.920603999202635,0.0359271428160789,0.0242932584661339,0.11581469300163,0.93623633970409,0.273912994266569,0.562387364590118,0.267485109099063
ID112,FT0112,460.662143095418,158.925084436156,,,158.924771118615,158.925539522644,459.126954732385,461.372831909719,11,103;1483;3011;4445;5487;6591;7521;8777;9978;11192;12398,,0.0,-0.0001912301636877,-0.0018094992885726,-0.0019094658102792,0.0037339776481317,-0.0158490482099509,0.0033330355992829,4.96732440282654,3,0.696895424836601,4.96775884175257,3,0.761437908496732,4.94683628469833,3,0.711601307189543,0.993654064819053,0.0027647865175433,0.994480732094276,0.0024036268444192,-0.0004344389260317,0.71977715677773,0.142801940459994,0.822602464888835,0.0848099934823073,0.0204881181282071,0.616522751424434,0.210050892084033,0.763781370395238,0.11703093883154,-0.0209225570542388
ID113,FT0113,315.836746210463,159.844309880428,,,159.843675251842,159.844582225408,312.692906451247,317.732865401294,10,105;1485;3016;4450;5491;6594;7524;8779;9981;12401,61.98798;99.92541;116.9248;116.9298|48;169;36;36,1.0,0.0095932863027976,-0.0210918551739207,0.0084601635465466,0.0768275365855598,0.0427727114055176,-0.0262684352478155,4.23783338836965,3,0.247549019607843,4.40479622887464,3,0.485294117647059,4.1654100284769,2,0.216503267973856,0.323128250281012,0.490625071060601,0.456137154124605,0.340904551363281,-0.166962840504999,0.767321276509499,0.115022759387486,0.855885597436264,0.0675842817276934,0.0724233598927482,0.393525970650193,0.405026601201009,0.580587620415645,0.236132228653316,-0.239386200397747
ID114,FT0114,281.336081476249,159.844230804172,,,159.843708603471,159.844614330426,278.379200596997,284.31198061518,10,106;1486;3015;4449;5492;6595;7525;9982;11194;12402,99.92552|360,0.75,0.0187466035710291,0.0055566703394134,0.0145620296931477,0.0517451858197519,0.0177273042866537,0.0269762806774798,4.34499170637591,3,0.312908496732026,4.5740090720838,3,0.584967320261438,4.47232508414394,3,0.441993464052288,0.216022718890525,0.665500572136398,0.338820509550589,0.470030308745534,-0.229017365707893,0.283482991588334,0.547472992788431,0.489910520513172,0.309883234249,-0.127333377768037,0.609694551690796,0.214887685872282,0.760977050078245,0.11862844069943,-0.101683987939857
ID116,FT0116,376.587898207197,161.044776911751,2-Methyl-4-amino-6-methoxy-s-triazine;2-Hydroxyadipic acid;3,,161.044396188372,161.045300522737,374.593527248975,377.889326699715,8,108;1488;3018;4452;5494;6597;7527;8781,55.02058;71.01295;85.03026|48;122;108,1.0,-0.0181558403604019,-0.0526288394077644,0.0155887177244049,0.0063127928428873,-0.0152249088163823,0.004044012366729,4.46128131191762,3,0.401960784313726,4.24641233438208,3,0.400326797385621,3.89700733617885,0,0.0669934640522876,0.0233282742267215,1.63211738814727,0.0712241394396935,1.14737278938719,0.214868977535541,0.0002976254186818,3.52632998064681,0.0105250084739096,1.97777754583237,0.564273975738776,0.0006550913956927,3.18369810477766,0.0090242345554941,2.04458962514786,-0.349404998203235
ID118,FT0118,280.209111027162,161.840930676129,,,161.840811355076,161.841517438658,279.725604910615,281.780225236436,5,4453;6599;7529;9985;11197,,0.0,0.0353310771972825,0.0189228182841351,0.0391797859719495,0.0565347723614812,0.0001366318804544,-0.0230464542367223,4.02214430983187,0,0.0996732026143791,4.44279104283484,2,0.509803921568627,4.3430163903984,2,0.362745098039216,0.132034204630187,0.879313546386307,0.233928053269684,0.630917693326964,-0.420646733002968,0.168681584642863,0.772932327751917,0.369204532328591,0.432732976245217,-0.320872080566533,0.751084577025986,0.124311155848681,0.854210396560715,0.0684351470961857,-0.0997746524364356
ID120,FT0120,432.828748370058,164.038256834649,Methionine sulfoxide;Ethiin;Methioninesulfoxide,,164.038256834649,164.038256834649,432.828748370058,432.828748370058,1,3021,,0.0,-0.0073363976942412,-0.0073737779390257,0.0008172795440108,-0.0112800486379641,0.0005272103529798,-0.0087639974195636,3.79513411800112,1,0.0367647058823529,3.69479078611313,0,0.0473856209150327,3.69479078611313,0,0.0138888888888889,0.373900966300059,0.427243412464819,0.484179615133447,0.314993499118616,0.100343331887994,0.373900966300059,0.427243412464819,0.537705199155324,0.269455764241587,0.100343331887994,,,,,
ID121,FT0121,137.082682515908,165.018805878552,Phthalic acid;Benzoquinoneacetic acid;Terephthalic acid,,165.018456783608,165.019242054045,135.975422850933,142.308068342182,11,111;1493;3024;4458;5498;6601;7532;8784;9990;11200;12407,77.03958;121.0287|8256;847,1.0,-0.0026865445603157,0.019083295547518,0.0103058827891595,-0.0004626275434216,-0.0186155214623717,-0.0230685433197541,4.79033069734154,3,0.609477124183007,4.73155261737467,3,0.662581699346405,4.88335422522508,3,0.691176470588235,0.585925619511719,0.232157512114834,0.67066462442683,0.173494600803231,0.0587780799668698,0.281889104539086,0.549921709974436,0.488553856934312,0.311087553787332,-0.0930235278835392,0.200558941237635,0.697757971709725,0.378113545111987,0.422377764684473,0.151801607850409
ID122,FT0122,437.204529587011,165.039955403855,"Arabinonic acid;Ribonic acid;2,3,4,5-Tetrahydroxypentanoic a",,165.039541004996,165.040427126115,428.526669080268,444.439133561548,11,112;1494;3023;4459;5499;6602;7533;8785;9989;11201;12406,59.01429;75.00913|958;3362,1.0,-0.0394811883845098,0.0548980533771556,0.0170638940209068,0.0046565196504831,0.0004480968782809,-0.0199240187763999,5.13155038771767,3,0.754084967320261,4.51813488812448,3,0.556372549019608,5.21409760897116,3,0.804738562091503,0.0001099088029946,3.95896752196314,0.0014371770652457,2.84248972196885,0.613415499593185,0.272605808237414,0.564464895168308,0.479162355471468,0.319517308843298,-0.0825472212534946,0.0002626035270242,3.58069944520429,0.0048135511325001,2.31753441048126,0.69596272084668
ID123,FT0123,348.834482128079,165.074723695097,3-(4-Methyl-3-pentenyl)thiophene;1-Deoxy-D-glucitol,,165.074555461824,165.075130860766,348.511498724451,350.125599750787,3,113;1495;3025,,0.0,-0.0214554595370633,-0.0143542113794699,0.021342604916328,-0.0076124221074364,0.003043251459858,0.0274762203620458,4.31422776179805,3,0.290032679738562,3.98983752900375,0,0.207516339869281,3.98983752900375,0,0.111111111111111,3.3872256150836e-05,4.47015587506409,0.0006124278517929,3.2129450668227,0.3243902327943,3.3872256150836e-05,4.47015587506409,0.0022732047461227,2.64336144588229,0.3243902327943,,,,,
ID124,FT0124,232.936106890551,167.070586916037,"(3-Aminopropoxy)guanidine;2,6-Dimethoxy-4-methylphenol;4-Ipo",,167.069910395828,167.071219577246,228.440670275394,235.512399474785,11,115;1498;3028;4461;5502;6603;7534;8787;9991;11202;12408,92.02722|132,1.0,0.0054649208780807,0.0021634752176188,-0.0040312975616064,0.0090390441905623,-0.0147604798966777,-0.0161379357284768,4.34839580912965,3,0.316176470588235,4.43688872438031,3,0.505718954248366,4.4122853003726,3,0.406045751633987,0.0596986864247059,1.22403522472956,0.13918123986225,0.856419299016925,-0.088492915250665,0.12779177469416,0.893497098602485,0.322163431135549,0.491923758011686,-0.0638894912429517,0.238265254063167,0.622939285680644,0.429098073289684,0.367443435505867,-0.0246034240077133
ID125,FT0125,450.706732568041,168.027299074891,STD_L-Glutamic Acid;N-Methyl-D-aspartic acid;N-Acetylserine,,168.026562556462,168.027967801082,449.701864428412,451.559973983837,11,116;1499;3029;4462;5503;6605;7536;8789;9992;11203;12409,100.04;168.0273|1954;910,1.0,-0.0077270969229984,0.0099457565786882,-0.0032201747595291,0.0075714104414828,-0.0160136253150416,-0.0039915152951733,4.66107192781519,3,0.52859477124183,4.55461132897342,3,0.57516339869281,4.6755221498845,3,0.571895424836601,0.0453183259708816,1.34372614106452,0.116669641741638,0.933042135722219,0.10646059884177,0.709503790842547,0.149045279787054,0.814715379598666,0.0889940853196616,-0.0144502220693052,0.0283623361900921,1.54725799941708,0.115307095072955,0.93814396888717,0.120910820911075
ID126,FT0126,514.729037457287,168.042377736023,Phosphodimethylethanolamine;L-2-Amino-5-hydroxypentanoic aci,,168.042049688011,168.042895994788,512.120768757171,515.315574924196,10,117;1500;3030;4463;5504;7535;8790;9993;11204;12410,78.95928|2514,1.0,-0.0180040378842156,0.0094879357070929,-0.0043140191183803,0.0211981495698479,-0.0201653376224268,-0.0096942508592915,4.5408540211322,3,0.455882352941176,4.30964962105192,2,0.427287581699346,4.48215829766613,3,0.452614379084967,0.10154386457548,0.99334631215588,0.204618541179736,0.689055015945404,0.231204400080276,0.255692216106295,0.592282492754027,0.464217814517043,0.333278197361364,0.0586957234660677,0.163253627924791,0.787137158780543,0.327912192406593,0.484242435125504,0.172508676614208
ID127,FT0127,464.300505739897,168.990121831322,STD_Malic acid ;STD_L-malic acid;D-Glyceraldehyde 3-phosphat,,168.98957032167,168.992043897829,462.246307235342,465.357546922237,8,118;1501;3031;7538;8792;9994;11205;12411,,0.0,-0.0258334678070151,0.0372889696212222,0.0075751409956653,-0.0034936597922581,0.0078908220635809,-0.0060354151950902,4.33362992849823,3,0.305555555555556,3.93148577559024,0,0.178104575163399,4.40588583361464,3,0.399509803921569,5.57820887400555e-05,4.25350522776634,0.0008284673179541,3.08172461930514,0.402144152907994,0.0718297064036733,1.14369590869583,0.252974592815269,0.596923094453485,-0.0722559051164069,1.73236330750419e-05,4.76136102346287,0.0006971268896059,3.15668816531646,0.474400058024401
ID129,FT0129,79.1706783157856,169.086377278136,"FA 9:2+1O;1,4-Ipomeadiol;cis-3-Hexenyl pyruvate",+,169.085853954351,169.086881771461,76.6667764432111,83.6367730081066,11,122;1503;3033;4465;5507;6608;7540;8795;9997;11207;12413,125.097|168,0.666666666666667,0.0162949997342553,0.0142106930362332,0.0002257646719556,0.003242692633399,-0.0045524975058335,-0.0140890413296607,4.55239682214699,3,0.467320261437909,4.76647255306197,3,0.674019607843137,4.77682212630567,3,0.625816993464052,0.0159025968665983,1.7985319503497,0.0529939723837057,1.27577352491551,-0.214075730914977,0.0030202536526475,2.5199565817716,0.0345216435129389,1.46190853649074,-0.224425304158672,0.851786712433193,0.0696691390473751,0.917853271846294,0.0372267396273253,0.0103495732436949
ID131,FT0131,114.502783478038,170.08927976816,,,170.088719292332,170.090029710676,112.94951385784,115.858194620025,6,3035;4467;5509;6610;7542;8797,,0.0,0.0122120806758662,-0.0303836296435331,-0.0087168187903574,0.0188627944072705,-0.0253489913688888,-0.0424900382274493,3.95949285100551,1,0.0808823529411765,4.19077296347318,3,0.332516339869281,3.85545688374376,0,0.0555555555555556,0.0956001355247245,1.01954149205865,0.19559007319089,0.70865319079494,-0.231280112467665,0.373900966300059,0.42724341246482,0.537705199155324,0.269455764241587,0.104035967261755,0.0001223402980801,3.9124304656854,0.0027994338795992,2.55292978573796,-0.33531607972942
ID132,FT0132,453.332763479519,171.005747355188,Beta-Glycerophosphoric acid;rac-Glycerol 3-phosphoate;Glycer,+,171.005366576362,171.007839138025,452.473133540358,454.271138008852,9,125;1507;3037;4468;7545;8800;9999;11210;12416,62.96388;78.95898;96.96728;96.97199;171.0058;171.0097|163;8541;135;48;60;48,1.0,-0.044956085710688,0.0520418350062339,0.0108338503501603,0.0063772005691635,-0.0043610578185195,-0.0193326088546438,4.88740772384925,3,0.665849673202614,4.2034633506425,1,0.341503267973856,4.9303440727798,3,0.705882352941177,0.0025500867405903,2.59344504689191,0.0138187132834691,1.85953239400271,0.683944373206752,0.126802260723066,0.8968730034669,0.321532954196091,0.492774509234076,-0.042936348930545,0.0020059870710512,2.69767187041291,0.0197340290518642,1.70478423677751,0.726880722137297
ID135,FT0135,88.0819394712924,172.105159769633,,,172.104372685269,172.105669756273,86.0952304538154,90.6346813820064,11,128;1508;3039;4470;5511;6612;7546;8802;10002;11212;12418,,0.0,0.0136250819173303,0.0062194963712484,-0.0029336963712073,0.0193341214179007,-0.0068994665620345,-0.0119854725135368,4.46625526004316,3,0.404411764705882,4.66239387435952,3,0.629901960784314,4.61766611411187,3,0.540032679738562,0.0294525599908233,1.53087695073871,0.0848720398940522,1.0712353594578,-0.196138614316354,0.0746212470194456,1.12713749760102,0.258287869339514,0.587895990275088,-0.151410854068702,0.181509668019209,0.741100237539334,0.353625680431415,0.451456203883276,-0.0447277602476515
ID136,FT0136,70.2167121863135,173.117371222679,"(±)-3-Hydroxynonanoic acid;2,4,6-Triethyl-1,3,5-trioxane;FA ",,173.112565719747,173.117626858588,67.1298268234561,76.1164384326389,9,130;1510;4472;5513;6615;7550;8805;10005;11213,59.01408|3639,1.0,0.0235072108953723,0.0053031603681096,0.0605213718890664,0.0258530906237351,-0.0429302610692542,-0.0370806646307805,4.70849887468289,2,0.560457516339869,4.98164668219158,3,0.767156862745098,4.78105589568536,2,0.630718954248366,0.337910654392314,0.471198114615035,0.474336659549538,0.323913309198389,-0.273147807508693,0.854938321371412,0.0680652158616201,0.915224488433189,0.038472368086539,-0.0725570210024706,0.516318485185659,0.287082326104399,0.690990449784019,0.160527954991596,-0.200590786506223
ID138,FT0138,112.350232655662,173.117023086842,"(±)-3-Hydroxynonanoic acid;2,4,6-Triethyl-1,3,5-trioxane;FA ",,173.117023086842,173.117023086842,112.350232655662,112.350232655662,1,10006,,0.0,0.0033576417680009,0.0313510330038707,0.0240156337636833,0.012119077582647,0.0653228409251457,-0.0362465122250324,4.22595534096844,0,0.234885620915033,4.22595534096844,0,0.368872549019608,4.48516031519717,1,0.455065359477124,,,,,,0.373900966300059,0.42724341246482,0.537705199155324,0.269455764241587,-0.259204974228727,0.373900966300059,0.42724341246482,0.561573265987348,0.250593575220363,0.259204974228727
ID139,FT0139,138.687894685749,174.120478192712,,,174.119815341949,174.120783964186,137.02253871079,139.863316008565,6,131;4474;6616;7551;8806;10007,,0.0,0.0122930112103523,0.0001340731952107,0.0652614444994201,0.0521999604878094,-0.0037032794367103,-0.0349280514965238,3.87920378018957,1,0.0588235294117647,3.96543800631941,2,0.19281045751634,3.84050897834704,1,0.0465686274509804,0.729117775498027,0.137202313770412,0.792347501286474,0.10108430730929,-0.0862342261298403,0.874627923109054,0.0581766616143055,0.921946362230137,0.0352943449605637,0.0386948018425244,0.572345014350074,0.242342095931468,0.726007208420148,0.139059067231653,-0.124929027972365
ID140,FT0140,70.0933572497919,174.025403740701,,,174.023711064645,174.027096416756,68.0307852836947,72.1559292158891,2,4473;5514,,0.0,0.0120348848623011,-0.0167099235139214,-0.0224401602223821,0.0087416198852904,-0.0072686951231753,0.0196385953529719,4.08272125989222,0,0.133986928104575,4.30726139254736,2,0.425653594771242,4.08272125989222,0,0.172385620915033,0.12058599243951,0.918703137963227,0.220799008987414,0.656002880183163,-0.224540132655145,,,,,,0.12058599243951,0.918703137963227,0.274315503268827,0.561749647029673,-0.224540132655145
ID142,FT0142,460.662143095418,176.936009636678,Pyrophosphate,,176.93560432831,176.936310001019,459.126954732385,461.372831909719,11,134;1512;3041;4476;5516;6618;7554;8808;10009;11215;12420,,0.0,-0.0018327990285366,-0.0036850371048424,-0.0051596273620304,0.0027482003680955,-0.0173507410814689,0.003202475462767,5.92039839746239,3,0.941993464052288,5.90564385200618,3,0.957516339869281,5.88082950413839,3,0.952614379084967,0.741290498857065,0.130011566208208,0.799795937331883,0.0970208062525425,0.0147545454562117,0.472314584901949,0.325768643361186,0.624924445302907,0.204172486610372,0.039568893323997,0.637433600812465,0.195565047447122,0.780571891026387,0.107587092040078,-0.0248143478677854
ID143,FT0143,498.531733676961,178.001448833639,,,178.000912980835,178.002682966075,496.441003045615,499.272813590885,9,135;1514;3042;4477;7555;8809;10010;11217;12421,78.95875|374,1.0,-0.0342272185702072,0.0554891569597932,0.0020018440595229,-0.0015740777975696,-0.0057278082921166,-0.0190866603724103,4.32369218171718,3,0.298202614379085,3.79287282758953,1,0.100490196078431,4.49178169206891,3,0.459150326797386,0.0066342150128591,2.17821045723845,0.0269627049340186,1.56923654095754,0.530819354127658,0.0026012066505995,2.58482514428625,0.0317399761002445,1.49839340459868,-0.168089510351724,0.0023065787220757,2.63703171860626,0.0215342189492989,1.66687087556895,0.698908864479382
ID144,FT0144,464.262025530125,178.886276654429,,,178.883788413603,178.887612769259,463.558897841903,465.280238084494,6,1515;5517;7556;10011;11218;12422,78.95876;80.96304;96.96988|27967;1109;1861,1.0,-0.0068194632321256,0.0170232030876093,-0.0482750512249583,-0.0102183989327966,0.030766353406867,0.0329456370811089,4.2657817604264,1,0.265522875816993,4.24123610054321,1,0.39297385620915,4.42825357001858,3,0.419117647058824,0.926305418173734,0.0332457956527429,0.941965695742183,0.0259649129408286,0.0245456598831959,0.443570809938376,0.35303704119691,0.601384442654947,0.220847810948672,-0.162471809592178,0.326051543010391,0.486713740191033,0.542799073741977,0.265360902112322,0.187017469475374
ID145,FT0145,497.752709811651,178.883329236751,,,178.883329236751,178.883329236751,497.752709811651,497.752709811651,1,1516,,0.0,-0.0113128065732347,-0.0107303724971864,-0.0029217224473527,-0.0171827156663925,0.020887038088455,0.0112957047051383,4.37058004484596,1,0.330065359477124,4.22595534096844,0,0.368872549019608,4.22595534096844,0,0.276960784313726,0.373900966300058,0.427243412464821,0.484179615133447,0.314993499118616,0.144624703877516,0.373900966300058,0.427243412464821,0.537705199155324,0.269455764241587,0.144624703877516,,,,,
ID147,FT0147,377.906168064205,179.055439805874,STD_a-D-Glucose;STD_D-Glucose;STD_Mannose,+,179.055123202236,179.056102095538,376.542258114741,379.201846508407,10,137;1518;3044;4479;5519;6620;7558;8811;11220;12424,55.01955;59.01412;71.0134;89.02381|564;36242;8813;1067,1.0,-0.0236867939907543,-0.0684763356743043,0.0037838543342232,-0.0056824926193252,-0.0658872924713437,0.026237629731519,5.3228854272599,3,0.812908496732026,5.05262138189941,3,0.787581699346405,4.58486283111031,2,0.51797385620915,0.0134045382236845,1.87274814254347,0.0464716411616498,1.3328119899945,0.270264045360498,0.016623941330164,1.77926600251253,0.108227905707174,0.965660745402527,0.738022596149595,0.0665664024822808,1.17674491344508,0.207708533948721,0.682545659600194,-0.467758550789098
ID148,FT0148,63.3515347374931,180.032750798691,Acamprosate;L-Methionine sulfone;L-methionine sulfone,+,180.031878312126,180.033414449572,53.2764104657933,66.7554660113445,11,138;1519;3045;4480;5520;6621;7559;8812;10014;11222;12425,79.95749|1644,1.0,0.015354252853345,0.0255982507793595,-0.0367259775680348,0.0480699682125933,0.0167497923568121,0.0005575095211592,4.22999608966476,3,0.242647058823529,4.48773356615795,3,0.540032679738562,4.59639624269359,3,0.526960784313726,0.122042655443575,0.913488351407005,0.222450476513062,0.652766659609029,-0.257737476493188,0.131416575081006,0.881349855383231,0.325456019805162,0.487507691109391,-0.366400153028828,0.593641950248284,0.226475416830097,0.74572675558638,0.127420274778368,0.108662676535641
ID149,FT0149,444.066449194057,180.058842364791,"2,4-Dimethyl-1H-indole;PAR_146.0966_8.3",,180.058372826481,180.059139743187,442.781323445066,444.809362972765,11,139;1520;3046;4481;5521;6622;7560;8813;10015;11221;12426,,0.0,0.0018149272249268,0.0029328038703576,-0.0007401241967017,0.0036570990576023,-0.0131433364595587,0.0041491601258573,4.76848284519709,3,0.59640522875817,4.79550939508649,3,0.689542483660131,4.79510694212377,3,0.638888888888889,0.60592054132723,0.217584324225949,0.687798446437055,0.162538809474425,-0.0270265498893956,0.553907569749476,0.256562699706245,0.689814787894193,0.161267499687377,-0.0266240969266791,0.993145410991803,0.002987159794655,0.996561216360648,0.0014960184777333,-0.0004024529627164
ID150,FT0150,380.151666637376,180.063701169584,STD_N-Isovalerylglycine;2-Methylbutyrylglycine;Valerylglycin,,180.062101995557,180.064841517677,379.001037035921,380.789822677085,4,140;1521;3047;7561,,0.0,-0.0413672047517599,-0.0259793035623067,0.0373976467272614,0.0028989187895865,-0.0020337544776541,0.0426794855235892,4.42511464503246,3,0.369281045751634,3.81425146722134,0,0.116830065359477,3.81425146722134,0,0.0392156862745098,2.14681656487894e-07,6.66820506234729,3.2282754094367e-05,4.49102942199939,0.610863177811122,2.14681656487894e-07,6.66820506234729,0.0002593354410373,3.58613812806218,0.610863177811122,,,,,
ID151,FT0151,444.066449194057,181.060259624551,D-Alanyl-D-alanine;Alanyl-Alanine;4-Acetamido-2-aminobutanoi,,181.058970649579,181.061355101546,442.781323445066,444.809362972765,11,142;1523;3049;4482;5522;6623;7562;8815;10017;11223;12428,,0.0,0.0007909785470945,0.0019580145952315,0.0009140020300694,0.0055496186246048,-0.0115403273021708,0.0108000839713191,4.10140802453573,3,0.151960784313725,4.11089775934003,3,0.287581699346405,4.10650169161773,3,0.191176470588235,0.888291360054278,0.0514445620259019,0.913345731748116,0.0393647964322188,-0.0094897348042932,0.920201666441779,0.0361169845837048,0.95171542214184,0.0214928930749725,-0.0050936670819989,0.934405622828933,0.0294645568367369,0.965764121353694,0.0151289329049653,-0.0043960677222942
ID152,FT0152,366.39999505132,181.071418541525,STD_D-Mannitol ;STD_D-Sorbitol;STD_Dulcitol ,+,181.070324909991,181.071586423098,365.650083928279,367.364620125637,8,141;1522;3048;7563;8814;10016;11224;12427,59.01422;71.01427|3416;2255,1.0,-0.0681516819625066,0.0039365173002265,0.0432644525019435,-0.019526796351345,-0.0326168813281317,0.0216137667677446,5.05685029748427,3,0.726307189542484,4.03789353750576,0,0.235294117647059,4.45881021199405,3,0.436274509803922,6.42225935574118e-06,5.1923121599198,0.0002341205456047,3.63056047245785,1.01895675997851,0.0034721088670779,2.4594066660906,0.0374491742091975,1.42655775447567,0.598040085490211,0.0098194217571172,2.00791408605085,0.0581688588353085,1.23530945616708,0.420916674488299
ID153,FT0153,441.843324020492,182.021704265704,STD_L-Glutamic Acid;N-Methyl-D-aspartic acid;N-Acetylserine,,182.020872913126,182.022582619831,441.452741133622,442.910247738295,9,143;4483;5523;6624;7564;8816;10018;11225;12429,78.95912|2865,1.0,0.0412295797494342,0.0212145006182675,-0.0208909213168508,0.0320972948054631,-0.0167321699169333,-0.009600016580847,3.78947559542121,1,0.0351307189542484,4.38668421625957,3,0.472222222222222,4.27949912866845,3,0.31781045751634,0.0048211448666357,2.31684981856153,0.0216345135664165,1.66485286509646,-0.597208620838357,0.0082980454081865,2.08102419297404,0.0717048784839969,1.14445129584399,-0.490023533247237,0.0363431288791604,1.43957768582109,0.134216555069557,0.872193912394126,-0.10718508759112
ID156,FT0156,416.751410853454,184.03370387223,,,184.032411568458,184.035367028591,416.159147377948,417.39492515102,6,146;1526;3052;8819;11228;12432,,0.0,-0.0219988659457389,0.0185951891873892,-0.0126595775852546,-0.0351935741702466,-0.0346498793586918,0.0024352581740108,3.850648423517,3,0.0506535947712418,3.53114184712014,0,0.005718954248366,3.84378729755035,2,0.048202614379085,2.30154769102233e-05,4.63798002153766,0.0004857476968947,3.31358924987031,0.319506576396858,0.967723294795769,0.0142488045947598,0.978502471377518,0.009438073118639,0.006861125966648,0.120223484734179,0.920010687955395,0.274315503268827,0.561749647029673,0.31264545043021
ID157,FT0157,77.5412699442656,185.117189874977,"3-Oxodecanoic acid;Ethyl (3R,5Z)-3-hydroxy-5-octenoate;3-Hyd",,185.011607328544,185.117803240355,76.6947155299211,87.6474121399151,10,147;3054;4486;5526;6627;7567;8821;10021;11229;12433,57.03602;83.05196;87.00827;96.95968;97.06564;125.0956;185.118|168;132;84;84;108;108;288,1.0,0.059262032730017,0.0418808772280029,-0.038644700149705,0.038775124345234,-0.0305185401372173,-0.064303898596131,4.1125137005952,2,0.157679738562091,4.97564015459897,3,0.763071895424837,4.95286783822618,3,0.715686274509804,0.0014341103261831,2.84341743708559,0.0090801827494649,2.04190541069857,-0.863126454003776,0.0016192191424099,2.79069437058026,0.0244004404440454,1.61260233428864,-0.84035413763098,0.147414426301208,0.83146001338041,0.302874358263221,0.518737493046059,-0.0227723163727962
ID158,FT0158,48.0606551597577,185.154725421326,"Undecanoic acid;4,6-Dimethylnonanoic acid;Hexyl 3-methylbuta",,185.154725421326,185.154725421326,48.0606551597577,48.0606551597577,1,11231,,0.0,0.0014148520284326,0.013566939154099,-0.0008864516435819,-0.0246817723910375,-0.022681638922229,0.0058422516393727,4.14411812002498,0,0.178104575163399,4.14411812002498,0,0.310457516339869,4.24446145191297,1,0.292483660130719,,,,,,0.373900966300058,0.427243412464821,0.537705199155324,0.269455764241587,-0.100343331887994,0.373900966300058,0.427243412464821,0.561573265987348,0.250593575220363,0.100343331887994
ID159,FT0159,419.176115153153,186.037072753012,7-Methylguanine;3-Methylguanine;1-Methylguanine,,186.036646846407,186.038045911654,418.836511225565,419.720126876431,6,3056;4487;5527;8823;11233;12435,74.02414;118.0521;186.1045|1942;429;108,1.0,0.0005827226381693,0.0025513462575392,-0.0591825598633405,-0.0287317737629275,-0.0407237735688371,-0.0213728806728087,3.88559709418668,1,0.0604575163398693,3.97837675269998,2,0.20016339869281,4.04457581950525,2,0.143790849673203,0.651305198060782,0.186215455711829,0.726827600433322,0.138568589222704,-0.0927796585132974,0.491320210713525,0.308635370567346,0.640253305870483,0.19364817042673,-0.15897872531857,0.752093420726713,0.123728210490558,0.854210396560715,0.0684351470961857,0.066199066805273
ID161,FT0161,328.452991037394,187.041441281587,Isoplumbagin;1-Hydroxy-2-naphthoic acid;Plumbagin,,187.040185237229,187.042267998434,324.461813676426,331.421517717877,10,150;1529;3057;5528;6629;7568;8824;10022;11234;12436,71.01337;115.0201;187.0414|1214;33083;7821,1.0,-0.0981700405128803,0.0605035046533515,0.0244642207602391,0.0005941561205291,-0.0223066154902539,-0.0274315928748634,5.7205912454464,3,0.913398692810457,4.31166765731463,2,0.428921568627451,5.36439430342568,3,0.849673202614379,0.0033380165307085,2.47651151691449,0.0165234602889532,1.78189899896279,1.40892358813177,0.0049169769346526,2.30830182896357,0.0486861322709866,1.3125947253532,0.356196942020719,0.0102303764113303,1.99010838678087,0.0599942174473491,1.22189060714521,1.05272664611105
ID162,FT0162,329.807285488282,188.044670290358,"(S)-Spinacine;2,4-Diamino-6-nitrotoluene",,188.04394817662,188.046540330572,325.969034774941,332.088166672083,7,151;1530;3059;7570;8825;11235;12437,,0.0,-0.0494051708548776,-0.0021762149931876,0.0225972869539487,-0.0104931317084967,-0.0475990835792524,0.021950577897431,4.57295086658783,3,0.477941176470588,3.85072763274048,0,0.130718954248366,4.10326387007433,2,0.188725490196078,2.78283184569165e-05,4.55551303538158,0.0005399591468333,3.26763909753999,0.722223233847352,0.0272948440272348,1.56391938306913,0.146728302224343,0.833486107599552,0.469686996513498,0.132606436117357,0.87743539672748,0.285864659346105,0.543839531944094,0.252536237333854
ID163,FT0163,485.577180513579,192.017232143156,Phosphocreatinine;S-(Allylthio)-L-cysteine;Phenacylamine Hyd,,192.016271259691,192.017463163103,484.018565289139,486.340083093067,11,154;1533;3061;4489;5531;6630;7571;8826;10023;11236;12438,78.95912;102.9696|6404;120,1.0,-0.0150103642948581,0.0223698284064644,0.0008496217417699,0.0134430010277267,-0.0126085106863812,-0.0066615195421344,4.68580796693903,3,0.543300653594771,4.4659662657593,3,0.526143790849673,4.73474984773943,3,0.60375816993464,0.0615477755720947,1.21078763849581,0.141896040249366,0.848029723794427,0.219841701179727,0.378420115703724,0.422025785835443,0.542267496761683,0.265786426175072,-0.0489418808004052,0.0263446328955265,1.57930784881099,0.109737231671883,0.959645999897092,0.268783581980133
ID164,FT0164,276.018352151877,192.957575690635,,,192.957261645987,192.957913115073,274.005078965756,278.379200596997,7,155;3062;4490;6631;7572;8827;10024,,0.0,0.0104275137462909,-0.0093087367497715,0.0475283187354202,0.0440994153595694,0.002667221761734,-0.0509608848412041,4.15458722098272,2,0.187091503267974,4.2473720921744,2,0.401143790849673,4.09637819285162,1,0.180555555555556,0.656074068905067,0.183047127238881,0.7301175808444,0.136607193852347,-0.0927848711916797,0.779765737447624,0.108035851431105,0.863268382543959,0.0638541649595053,0.0582090281311043,0.53973079601607,0.26782280120795,0.706920133502529,0.150629649199455,-0.150993899322784
ID165,FT0165,460.662143095418,194.946174355444,"cis-2-Chloro-4-carboxymethylenebut-2-en-1,4-olide",,194.946002960487,194.946385152571,459.620787356589,461.372831909719,11,156;1534;3064;4491;5532;6633;7573;8828;10025;11237;12439,,0.0,-0.002907501472692,-0.0023105994530049,-0.0064292836217223,0.006588727585372,-0.0162804739656992,0.0052250280307139,5.72155587211665,3,0.91421568627451,5.69355072744792,3,0.940359477124183,5.68571323020617,3,0.93218954248366,0.591137106648841,0.228311778416239,0.675344671698533,0.170474522261881,0.0280051446687297,0.48050038588871,0.318306259214437,0.631604424541416,0.199554836315435,0.0358426419104836,0.892659844173361,0.0493140012921992,0.944042714220799,0.0250083551397319,-0.0078374972417538
ID166,FT0166,498.585806419713,196.012287125278,Phosphoguanidinoacetate,,196.01201559739,196.012999445536,496.441003045615,499.272813590885,11,158;1536;3067;4493;5534;6634;7574;8829;10027;11239;12441,62.96503;78.72152;78.95943|1671;384;112335,1.0,-0.0268639976712924,0.0491264361108636,-0.0093302474198699,0.0010264336737908,-0.0003584398570281,-0.0093948177979761,5.17351292311487,3,0.76797385620915,4.77924090643438,3,0.683006535947712,5.35880285255026,3,0.847222222222222,0.0045382974377783,2.34310704407191,0.0206801962789672,1.68444534360189,0.394272016680489,0.0008204295720374,3.08595869406037,0.0167548072393939,1.77586056426853,-0.185289929435392,0.001000608856314,2.99973565752767,0.0121636514095675,1.91493603452187,0.579561946115881
ID167,FT0167,415.443387767949,198.048942196489,O-Ureidohomoserine,,198.048328203038,198.049758953872,414.949246183907,417.39492515102,11,160;1540;3069;4494;5536;6636;7575;8830;10028;11241;12443,55.03022;59.01415;73.80356;74.02459;88.04024;116.0458|10832;1844;528;195646;837;8949,1.0,-0.0149414007118476,0.0248625953146415,-0.0127142112043713,-0.0016425782425012,-0.0238710802451644,-0.0046625449678552,5.14711122731292,3,0.758986928104575,4.93965917221379,3,0.750816993464052,5.23737240280491,3,0.811274509803922,0.0531433709197596,1.27455090146095,0.129415941733747,0.888012223044749,0.20745205509913,0.26653861450918,0.57423986411048,0.475596227957296,0.322761598510512,-0.0902611754919906,0.0236383391698337,1.62638304025757,0.103797923958148,0.983811332639169,0.29771323059112
ID168,FT0168,385.771783874063,198.074653024193,"N-Methyl-1-deoxynojirimycin;2-Acetyl-1,5,6,7-tetrahydro-6-hy",,198.074025435773,198.07490774021,384.88973716691,387.46604680664,7,161;1541;3070;4495;5537;10029;11242,116.0696|85,1.0,-0.0258467629774491,-0.0025835462532305,0.0282104139154194,-0.0470790802243119,0.0005837376856867,0.0661236570744177,4.49169037179255,3,0.419934640522876,4.08558929386231,2,0.270424836601307,4.18914317718119,2,0.232843137254902,0.0439435686161506,1.35710467733425,0.113726283561136,0.944139152846017,0.406101077930241,0.173612763000886,0.760418351180775,0.373839960258592,0.427314278151823,0.302547194611358,0.673610408971705,0.171591210516651,0.808723859801368,0.0921997436988139,0.103553883318884
ID169,FT0169,460.484383899602,198.917333827197,Pyrophosphate,,198.916839218988,198.917787319186,459.126954732385,461.372831909719,11,162;1542;3071;4496;5538;6637;7576;8831;10030;11243;12444,,0.0,-0.0048075738661456,-0.0007161925539818,-0.0073777255068519,0.0002274113221227,-0.0155466107521447,0.0037930935919791,4.76418743928082,3,0.594771241830065,4.70739304910604,3,0.654411764705882,4.7307375119332,3,0.602941176470588,0.289296393324299,0.538656980693942,0.420826555222651,0.375896862906644,0.0567943901747787,0.578901751155544,0.237395136707096,0.710684263613717,0.148323300853325,0.0334499273476174,0.695056512165071,0.15797988328948,0.822648022004704,0.0847859421853212,0.0233444628271613
ID170,FT0170,110.962207508175,199.096956675205,cis-4-Decenedioic acid;cis-5-Decenedioic acid;5-Pentyltetrah,,199.096638612735,199.097340825091,108.25754006569,112.673164787093,11,164;1545;3073;4497;5539;6638;7577;8832;10031;11244;12445,57.03483;73.02829;97.06519;155.1067|1206;289;324;3592,1.0,0.0077151515854692,-0.0005342658288883,0.0002681564618663,0.0189657905542217,-0.0026774783928666,-0.008341080047708,4.92280349754964,3,0.68218954248366,5.03728362446734,3,0.780228758169935,4.97203255430389,3,0.720588235294118,0.0434196891088378,1.36231329048085,0.113060359302883,0.946689638697134,-0.114480126917702,0.351065722624884,0.454611572134154,0.537705199155324,0.269455764241587,-0.0492290567542506,0.103270332032326,0.986024426643504,0.273912994266569,0.562387364590118,-0.0652510701634519
ID171,FT0171,412.225079020464,199.068698784334,,,199.06638136335,199.069678791466,411.286014459847,413.379040240199,8,163;1543;3072;7578;8833;10033;11245;12446,74.02402;75.02992;88.0399|313;118;4270,1.0,-0.0464208556449411,0.0247219431894112,0.0334235260396226,0.0113295150410413,0.0005208540519149,0.0057285681698657,4.93522460818734,3,0.687091503267974,4.22595534096844,0,0.368872549019608,4.69141392420912,3,0.582516339869281,0.0004803951987445,3.31840134175448,0.0042183607597789,2.37485628157104,0.709269267218901,0.0329149307359085,1.48260705447269,0.16498438310779,0.782557162762444,0.243810683978228,0.0001680735590014,3.77450060353235,0.0036322563584207,2.43982350730995,0.465458583240673
ID173,FT0173,418.929743749589,200.053680407512,Glucosamine;Fructosamine;beta-D-Glucosamine,,200.053213551566,200.054502755053,417.758777886693,420.513094676438,11,166;1546;3075;4499;5541;6641;7581;8835;10034;11247;12448,59.01424;74.02432;118.0508|1752;84832;36755,1.0,-0.0226289001563365,0.0093150127975235,-0.0192325293367864,0.0026626942910143,-0.0407549435751096,-0.0040275368832768,5.12245118719663,3,0.748366013071895,4.83847062047298,3,0.711601307189543,5.04573096846346,3,0.748366013071895,0.0627506879572121,1.20238150850217,0.144063125214745,0.841447168146054,0.283980566723652,0.523537048374789,0.281052579820066,0.664196679608392,0.177703299817666,0.0767202187331648,0.186514953419575,0.729286343869922,0.360369123577226,0.443252426445684,0.207260347990487
ID174,FT0174,185.880303226149,200.128254000897,Capryloylglycine;Valproylglycine;N-(5-Methyl-3-oxohexyl)alan,,200.127969556486,200.128785821411,181.512809067557,189.430259851597,11,167;1547;3076;4500;5542;6640;7580;8836;10035;11248;12449,139.1116;183.1021;200.1288|2403;999;1192,1.0,0.0104857115688272,0.0035368467496392,0.0380148107181809,0.0157180534663251,-0.0134688343161893,-0.0120741571509653,4.75662928365568,3,0.590686274509804,4.86100674460302,3,0.719771241830065,4.76539873828803,3,0.618464052287582,0.483977635597615,0.315174706456732,0.591686394039928,0.227908417306255,-0.104377460947333,0.962658329963321,0.0165278268330763,0.974762164791024,0.0111013362183051,-0.0087694546323478,0.555329518494948,0.255449241026356,0.717684992340647,0.144066135294492,-0.0956080063149853
ID175,FT0175,50.631271127959,200.172932419331,,,200.172247101944,200.17327879679,49.3575750171321,52.1502271705646,8,168;4501;5543;6642;7582;10036;11249;12450,,0.0,0.0177740163171906,0.024180959618883,0.0130875630997706,0.017109118201276,-0.0028609057158118,0.0426948447034374,3.89402656591823,1,0.0612745098039216,4.0883724190037,3,0.276143790849673,4.13015385346466,3,0.201797385620915,0.198401031473668,0.702456074308061,0.316148361055903,0.500109065270096,-0.194345853085466,0.138403657854532,0.858852431808115,0.33438323737655,0.475755501859021,-0.236127287546426,0.2214843672511,0.654656921613263,0.408328999339706,0.388989775585248,0.0417814344609608
ID176,FT0176,122.178844440742,204.032587131027,"Zeanic acid;4,6-Dihydroxy-2-quinolinecarboxylic acid;STD_Xan",,204.032372249407,204.033103563894,119.658052815912,124.593707844549,8,170;4503;5545;6643;7584;8837;10038;11253,,0.0,0.0273123948238747,-0.0053690884527149,0.0212973385204299,0.0287729436235754,-0.0556942444937324,-0.0149823435244876,4.13152144199536,1,0.168300653594771,4.50433951970416,3,0.550653594771242,4.22310769566553,2,0.261437908496732,0.0672457717733402,1.17233501769338,0.150926610901732,0.821234180046301,-0.372818077708798,0.653971549162007,0.184441145117193,0.769228462889683,0.113944654429358,-0.0915862536701662,0.0925213000144725,1.03375827359764,0.257553320767883,0.589132846164416,-0.281231824038632
ID177,FT0177,82.059631181766,204.032797756303,"Zeanic acid;4,6-Dihydroxy-2-quinolinecarboxylic acid;STD_Xan",,204.032085487808,204.033152955849,77.0942866601697,87.383414499858,8,4502;5544;6644;7585;8838;10039;11252;12453,78.0345;79.95721;80.96541;106.9805;204.0333|826;3681;782;1180;1841,1.0,0.0443337688199998,0.0043885883098219,-0.0231024081350629,0.0369512054780448,0.0075517643120879,-0.0383132531404653,4.05133615753916,0,0.116830065359477,4.71238444217527,3,0.656045751633987,4.48400944393236,3,0.45343137254902,4.99037439006176e-05,4.30186687132278,0.0007696692809287,3.11369584667342,-0.661048284636108,0.0037826268624784,2.42220649760737,0.0400825723673156,1.39704441465873,-0.432673286393196,0.0461685946679961,1.33565334479526,0.159877596372556,0.796212389621229,-0.228374998242912
ID178,FT0178,378.730658095847,206.009567419042,"2-Amino-3-carboxymuconic acid semialdehyde;Cis,cis-2-amino-3",,206.009235389575,206.010244143962,377.519338305551,381.817195448515,10,171;1548;3078;4504;5547;7586;8839;10040;11254;12454,79.95737;124.0066|1804;1604,1.0,-0.0099119765008668,0.0098144988653967,-0.0253887322958274,-5.77560464040753e-05,-0.0269983932524969,0.008453653337832,4.18107627134754,3,0.206699346405229,4.07711107425088,2,0.263071895424837,4.22328296704846,3,0.262254901960784,0.497553672009321,0.303160064264549,0.602170087954943,0.220280821322017,0.103965197096668,0.567920508980251,0.245712447611443,0.701480546879492,0.153984368113931,-0.0422066957009193,0.389506863678794,0.409484885022066,0.576845824762884,0.238940246466251,0.146171892797588
ID179,FT0179,390.131376501499,209.004429937796,"cis-2-Methylaconitate;(Z)-But-1-ene-1,2,4-tricarboxylate",,209.003066787351,209.007247123485,388.441960523034,409.451644080737,11,172;1549;3079;4505;5548;6645;7588;8841;10043;11256;12456,,0.0,0.0070166849573832,0.0042791930190507,-0.0024801368691097,0.0034484481264681,-0.0081194138911904,-0.003240579041625,4.86643421089852,3,0.654411764705882,4.96294266964828,3,0.758169934640523,4.95195993454811,3,0.713235294117647,0.0160243805888454,1.79521874883227,0.0532522923988426,1.27366169202559,-0.0965084587497582,0.0258291099139119,1.58789055960821,0.144391322096066,0.840458907036753,-0.0855257236495834,0.576137416979068,0.239473918802543,0.729429061729599,0.137016937625791,-0.0109827351001748
ID180,FT0180,39.2795243073989,209.084784337445,N-Methyltryptamine;2-Butyl-1H-benzimidazole;3-(Dimethylamino,,209.081526532479,209.149005422204,38.5235990885438,50.6577245882418,6,1550;3080;6646;8840;11257;12457,,0.0,-0.0023844789843589,0.0133587672113739,-0.0036498730929061,-0.0997632275207775,-0.0412439950914012,-0.0541164162360206,4.02716126170507,2,0.100490196078431,3.95370560108044,1,0.187908496732026,4.15471977973203,2,0.214052287581699,0.751445146240397,0.124102716413848,0.80785389716461,0.0926671756023533,0.0734556606246297,0.664700355011344,0.177374089272457,0.778060105478395,0.108986852278537,-0.127558518026963,0.535953951610902,0.270872522658694,0.703552600146145,0.152703427583538,0.201014178651593
ID183,FT0183,384.88973716691,210.037143797633,N-ACETYL-DL-GLUTAMIC ACID;N-Acetylglutamic acid;N-Acetylglut,+,210.03402735823,210.038996622173,384.313015436926,385.620293195077,9,174;1553;3083;4508;5551;6649;7591;8844;12460,59.0143;128.0346|264;36715,1.0,-0.0524070181387268,-0.0705992593998568,-0.0220581338030098,0.0487526061071845,-0.0012675202584741,0.0661721236660737,5.02937265610881,3,0.719771241830065,4.39795765721265,3,0.477941176470588,4.12655871324715,1,0.200980392156863,0.0116543548787857,1.93351176164043,0.0423298465176296,1.37335330621693,0.631414998896159,0.0373366902915777,1.42786418268612,0.180294524626122,0.744017462189238,0.902813942861658,0.444084728665419,0.352534161233833,0.630785730945007,0.20011813944259,-0.271398943965499
ID184,FT0184,485.462448878053,211.027249478186,Pemoline;2-(hydroxymethyl)-4(3H)-quinazolinone;1-(Methylsulf,,211.025326381747,211.030213675302,483.292661767475,486.340083093067,8,176;1554;3084;4509;5552;8846;11261;12461,,0.0,-0.0203145887413766,-0.0021864319432018,-0.0243377660687793,-0.0263270956549788,-0.0409031496545602,0.0288922372316309,4.23720491025652,3,0.245915032679739,3.98055469619745,2,0.201797385620915,4.09933190216196,2,0.185457516339869,0.074997097554383,1.12495554381506,0.162561276320582,0.788982899597886,0.256650214059076,0.45125754289468,0.345575525673192,0.607713614065522,0.216301034432171,0.137873008094558,0.569880190815143,0.244216438953866,0.724455536689839,0.139988264109738,0.118777205964518
ID185,FT0185,108.569072946501,211.096495282225,"3,4-Methyleneazelaic acid;2-Amino-3,4-dimethylimidazo[4,5-f]",,211.096175576956,211.097161442583,105.623758718702,109.932170769574,11,177;1556;3085;4510;5553;6650;7592;8847;10047;11262;12462,167.1078|1961,1.0,0.0081877157974722,0.002180966090962,0.0001670258011939,0.0180043944359971,0.0046898410133939,-0.0154718187737124,4.61259418586898,3,0.492647058823529,4.73189508186255,3,0.665032679738562,4.69381117834355,3,0.584967320261438,0.107373660247857,0.96910224202536,0.213504980625078,0.670591989337984,-0.119300895993574,0.324931562294302,0.488208101321998,0.524055176570784,0.280622984736351,-0.0812169924745723,0.51843190233254,0.285308281480285,0.692231155631664,0.159748858069318,-0.0380839035190021
ID186,FT0186,45.1609565492305,211.130407647925,,,211.12967993693,211.13113535892,44.0725538754964,46.2493592229647,2,5554;11263,,0.0,0.0062788127325825,0.0131395469054387,-0.0171264811685911,-0.0336540992566493,-0.0359192468024727,0.0174691921971811,4.0416709385093,0,0.111111111111111,4.14201427039729,1,0.308823529411765,4.19020612147055,1,0.233660130718954,0.373900966300058,0.427243412464821,0.484179615133447,0.314993499118616,-0.100343331887994,0.37390096630006,0.427243412464819,0.537705199155324,0.269455764241587,-0.148535182961257,0.801343134842982,0.0961814793479597,0.890635655582629,0.0502999223725276,0.0481918510732626
ID188,FT0188,277.176927875896,213.016393723165,1-Deoxy-D-xylulose 5-phosphate;Deoxyribose 1-phosphate;Deoxy,,213.016000995783,213.016864257939,275.684644643595,278.892096622368,11,179;1558;3087;4512;5556;6652;7595;8850;10050;11267;12465,,0.0,-0.0001192657766701,-0.0241729485514025,0.0017402950736195,0.0086441524121126,-0.0100933613099643,-0.0051905386777294,4.58801439705316,3,0.482843137254902,4.61664972932605,3,0.608660130718954,4.40193157480116,3,0.397058823529412,0.57802885407694,0.23805048190192,0.665359796721199,0.176943444209043,-0.0286353322728861,0.0041524030478997,2.38170049885337,0.0428726742039567,1.36781942631442,0.186082822251999,0.0044614112007983,2.35052774671857,0.0333699329849371,1.47664466551486,-0.214718154524885
ID189,FT0189,218.041454366396,213.007679268187,3-hydroxy-2-methyl-2-[(sulfooxy)methyl]propanoic acid;Cystei,,213.007419251021,213.007939285353,216.61927920724,219.463629525552,2,4514;10051,,0.0,0.0103060470087679,0.0014744546161953,0.0055312281986246,0.0114898946842334,0.0195507611103816,-0.0025756593489094,3.64819798715161,0,0.0163398692810458,3.78001737636234,1,0.0915032679738562,3.7485413190396,1,0.0253267973856209,0.373900966300059,0.42724341246482,0.484179615133447,0.314993499118616,-0.131819389210731,0.373900966300059,0.427243412464819,0.537705199155324,0.269455764241587,-0.100343331887994,0.858563573573907,0.0662275413532459,0.922600083205111,0.0349865105607038,-0.0314760573227377
ID190,FT0190,52.0923026414135,213.152600147362,FA 12:1+1O;3-Oxododecanoic acid;4-Acetoxy-2-hexyltetrahydrof,+,213.151653255434,213.154529615178,51.2610938826761,53.732379451981,9,180;1559;3090;4515;5558;6653;7596;8851;12466,213.1514|145,1.0,-0.0010163619270272,-0.0467584591603481,-0.011564251510788,0.0481167968123775,-0.0113954600310543,0.0060040181548861,4.77509392493532,3,0.598856209150327,4.8276805629376,3,0.707516339869281,4.42786545888781,1,0.418300653594771,0.33893989842423,0.469877305032278,0.474927349694125,0.323372819933187,-0.0525866380022837,0.165353738416117,0.781585981850145,0.369071663025791,0.43288929824505,0.347228466047503,0.122537935646622,0.911729440348381,0.276065194786888,0.558988344048244,-0.399815104049787
ID191,FT0191,80.8376807565409,213.043497100805,4-Oxo-4-(3-pyridyl)-butanamide;BOX B;BOX A,,213.043173074569,213.043821127041,79.2938655383515,82.3814959747303,2,3088;11266,79.95663;95.95173;96.95907;136.0524;169.1217;213.0433|180;321;471;72;72;1093,1.0,-0.0038148451653779,0.0263941977410741,-0.0013890897189497,-0.0727127329284735,-0.0559271617652314,0.0057773084000144,4.17911697577189,1,0.204248366013072,4.0787736438839,0,0.265522875816993,4.32852719200313,1,0.349673202614379,0.373900966300058,0.427243412464821,0.484179615133447,0.314993499118616,0.100343331887994,0.608401680546054,0.21580959499565,0.73864244231119,0.131565741456262,-0.149410216231238,0.373900966300059,0.427243412464819,0.561573265987348,0.250593575220363,0.249753548119232
ID192,FT0192,413.399149782255,213.064707178148,Oxoamide;N'-Hydroxymethylnorcotinine;Hydroxycotinine,,213.064368987035,213.065449690764,412.305096256494,414.114031805477,4,181;3091;10052;11268,74.02435;116.047|226;36,1.0,-0.011274398143423,0.0199013455191201,0.031434334437767,-0.0201078445109456,-0.0115903631848537,0.0110513976345879,4.35573526143981,2,0.321895424836601,4.12444289839551,0,0.293300653594771,4.33820495826127,2,0.359477124183007,0.116146058375022,0.934995524176483,0.218646672641802,0.660257127348624,0.2312923630443,0.916940976385858,0.0376586190245551,0.949969725106446,0.0222902351624373,0.0175303031785354,0.117602607654725,0.929583048349147,0.273912994266569,0.562387364590118,0.213762059865765
ID193,FT0193,483.127773549619,212.979736020763,Holomycin;Perfluorobutanoic acid;2-Oxo-3-hydroxy-4-phosphobu,,212.978971118704,212.980121060847,482.535721828184,483.685829532263,8,3089;4513;5557;7594;8849;10049;11265;12464,,0.0,0.0074416960753059,0.0713400972202818,-0.0613247553516538,0.0084197016078938,-0.0070505303999941,-0.058026183099289,3.86145907158227,1,0.0547385620915033,4.01568505598205,2,0.223039215686275,4.60291899072899,3,0.530228758169935,0.408645008053689,0.388653801989225,0.518785875596116,0.285011856478031,-0.154225984399785,0.0018136837767426,2.74143843171219,0.0251886282267381,1.59879548354516,-0.741459919146726,0.0118783257455998,1.92524476900876,0.066009553071976,1.18039320769731,0.587233934746942
ID195,FT0195,150.234815145442,214.144125615268,N-Nonanoylglycine,,214.143282108463,214.144986034442,146.874547450436,153.533899629946,11,183;1561;3093;4517;5560;6655;7598;8853;10054;11270;12469,134.0073;153.1289;196.1338;197.1176;214.1442|143;3403;468;4381;2746,1.0,0.0096632527417682,0.00632622834093,0.0407356950034393,0.0348042308328632,-0.0076681286100646,-0.0155091291333491,4.98987069002784,3,0.704248366013072,5.08455514421126,3,0.802287581699346,5.00513414820483,3,0.73202614379085,0.589985767527004,0.229158464898601,0.674670036440101,0.170908577376477,-0.094684454183418,0.943178849836069,0.0254059465712308,0.965559364916925,0.0152210195922431,-0.0152634581769888,0.64808679268889,0.188366828910652,0.790300195473286,0.102207910642126,-0.0794209960064292
ID196,FT0196,338.395785431923,215.032524970286,STD_D-Glucose;STD_a-D-galactose;STD_a-D-Glucose,+,215.031246703572,215.033003115473,332.088166672083,340.511653769854,8,185;1562;3094;7599;8854;10055;11272;12471,59.01454;71.01462;89.02408|600;181;84,0.833333333333333,-0.0769798383755365,-0.0113598140557959,0.0522504252329471,0.0223409391166247,-0.0368949781548346,-0.011808405532762,5.0859622328221,3,0.736111111111111,3.97345958096019,0,0.198529411764706,4.30307166615946,3,0.330065359477124,2.21333102065011e-05,4.65495362914054,0.0004754709317575,3.32287602880689,1.11250265186191,0.0001161950887198,3.93481222811543,0.0058484861322348,2.23295653554192,0.782890566662635,5.92204019564303e-05,4.22752864917794,0.0016075071040254,2.79384709913019,0.329612085199271
ID197,FT0197,276.523195151136,215.013061711447,4-Hydroxyphenylpyruvic acid;Aspirin;Caffeic acid,,215.01284105829,215.013282364604,275.390131361195,277.656258941077,2,3096;5562,,0.0,-0.0024499794240075,-0.0154817209269794,-0.0176499618958295,-0.0079150678498916,-0.002210368264474,0.0015368800198444,3.96467995357671,1,0.0816993464052288,3.9815131814184,1,0.20343137254902,3.86433662168872,0,0.0580065359477124,0.918365658049242,0.0369843649271233,0.935473231696222,0.0289686352007933,-0.0168332278416878,0.373900966300059,0.427243412464819,0.537705199155324,0.269455764241587,0.100343331887994,0.373900966300058,0.42724341246482,0.561573265987348,0.250593575220363,-0.117176559729681
ID199,FT0199,444.74779658064,215.050784247101,Bisnorbiotin;6-Aminopenicillanic acid;3-Methoxybenzenepropan,,215.04850464842,215.051767136637,442.781323445066,445.581677553969,9,3095;4518;5564;6656;7601;8855;10057;11275;12473,,0.0,0.0591151119464784,0.04803156667172,-0.071282616515836,0.0219932617392403,-0.0192333363227138,-0.0811444821386887,4.17718355186161,1,0.199346405228758,5.08329454921019,3,0.800653594771242,5.15779668562084,3,0.785130718954248,0.0013272726959294,2.87703983962957,0.0085909130689405,2.06596067554839,-0.906110997348586,0.0006249823873616,3.20413222134298,0.0157643259082666,1.80232459520337,-0.980613133759235,0.236504641789141,0.626160331105335,0.42724600149834,0.369321993055049,0.0745021364106488
ID201,FT0201,444.066449194057,216.052471591253,Lycoperdic acid,,216.051522600792,216.053542003645,442.781323445066,444.809362972765,11,187;1564;3099;4521;5567;6658;7603;8858;10059;11277;12475,,0.0,0.013331982365062,0.0181722079005608,-0.0169703811643735,0.0086168350927295,-0.0141604768878423,-0.0084967348045008,4.2476352640442,3,0.254084967320261,4.44900412915329,3,0.517156862745098,4.51340363011011,3,0.470588235294118,0.037878959128454,1.42160196343274,0.1017088829946,0.992641115247697,-0.201368865109092,0.0024892919872077,2.6039241588371,0.0313235908390308,1.50412845759155,-0.265768366065916,0.381951926358372,0.417991295284943,0.569997312097468,0.244127192299421,0.0643995009568235
ID202,FT0202,422.709652565928,216.067972078283,Pyridostigmine;Captopril;Captopril,,216.067084092061,216.068113028164,422.019538900031,423.493602483994,3,188;1565;3098,,0.0,-0.0250428987843539,-0.0171824749681669,0.0242532281207722,-0.0102294240747815,0.0018732891728746,0.0273147503234877,4.25558793198452,3,0.258986928104575,3.87777075413861,0,0.147875816993464,3.87777075413861,0,0.0620915032679739,0.0007157313969545,3.14524993119319,0.0055193901957454,2.2581089022078,0.377817177845913,0.0007157313969545,3.14524993119319,0.016302287425093,1.78775145409925,0.377817177845913,,,,,
ID203,FT0203,358.186289125464,216.087125274746,1-Isothiocyanato-8-(methylthio)octane;Pesticide4_Pymetrozine,,216.086299915829,216.087614005206,356.015075064265,360.803088839812,4,189;1566;3100;10060,72.00772;100.0398;130.0879;144.0209;144.0294;144.0349|293;72;60;48;66;48,1.0,-0.0211621502538435,0.0024809507358604,0.0369831078063032,-0.0011988218869149,0.0395637053328076,0.0076096370466943,4.26166407947343,3,0.26062091503268,3.91202577715001,0,0.166666666666667,4.06035026279028,1,0.156045751633987,0.0001470875359062,3.8324241275206,0.0017694630569516,2.75215850018075,0.349638302323426,0.251700329924131,0.5991162151861,0.459990920648034,0.337250740386628,0.201313816683151,0.373900966300058,0.427243412464821,0.561573265987348,0.250593575220363,0.148324485640275
ID204,FT0204,460.484383899602,216.927508579538,,,216.927262259202,216.927800951122,459.126954732385,461.170558306475,11,190;1567;3101;4522;5568;6659;7604;8859;10061;11278;12476,,0.0,-0.0105257530928066,-0.0082710409606102,-0.0191989012197824,0.0018866207669598,-0.0160834575144554,0.0159790675028354,4.89125403257659,3,0.667483660130719,4.78179054053334,3,0.684640522875817,4.77795411613704,3,0.629084967320261,0.229448595979451,0.63931459545567,0.35616277999411,0.448351467488609,0.109463492043249,0.218457091897184,0.660633851976068,0.430798858918184,0.365725455713407,0.113299916439548,0.972625197846026,0.0120544833348476,0.986145617624946,0.0060589509192693,-0.0038364243962991
ID207,FT0207,347.324053022557,219.104863561543,9-methanesulfinylnonanoic acid;1-(5-Acetyl-2-hydroxyphenyl)-,,219.100951447512,219.112038526952,346.208875517068,349.308741050203,9,193;1569;3103;4524;5571;6662;7607;8862;11281,,0.0,-0.0173846849478194,-0.0068976580007684,0.0141690833458009,-0.0505488580226183,-0.13901336397243,0.0016352054077505,4.64955317514631,3,0.52124183006536,4.40500027234273,3,0.486111111111111,4.36980857695575,1,0.375816993464052,0.0764466620982419,1.116641472501,0.164499403448461,0.783835672665443,0.244552902803583,0.515463082391257,0.287802433557761,0.659618012212541,0.180707493570717,0.279744598190561,0.934445379223261,0.0294460791917444,0.965764121353694,0.0151289329049653,-0.0351916953869784
ID208,FT0208,75.4015983570641,221.153576326253,3-(8-hydroxyoctyl)phenol;STD_Lauric acid;Rishitin,+,221.150037771867,221.154474578967,73.9910665269411,76.4296021596946,10,194;1570;3104;4525;5572;6664;7608;8863;10065;12480,59.01217;59.01542;221.1544|84;84;192,1.0,-0.0034592380708504,-0.0082653279338486,-0.0008633408495455,0.0380173288055176,0.0281953304896625,-0.0134016967839063,4.16745585184335,3,0.191993464052288,4.14499540070489,3,0.312091503267974,4.09737498563896,2,0.181372549019608,0.522161371454467,0.282195259638101,0.621583264327741,0.206500687109262,0.0224604511384614,0.644731112779014,0.190621371541321,0.762816047244906,0.117580179343118,0.0700808662043944,0.751707308593007,0.1239512272367,0.854210396560715,0.0684351470961857,-0.047620415065933
ID209,FT0209,48.0606551597577,221.14777912423,,,221.14777912423,221.14777912423,48.0606551597577,48.0606551597577,1,11283,,0.0,0.0014148520284326,0.013566939154099,-0.0008864516435819,-0.0246817723910375,-0.022681638922229,0.0058422516393727,3.99176501266616,0,0.0882352941176471,3.99176501266616,0,0.209150326797386,4.09210834455416,1,0.177287581699346,,,,,,0.373900966300058,0.427243412464821,0.537705199155324,0.269455764241587,-0.100343331887994,0.373900966300058,0.427243412464821,0.561573265987348,0.250593575220363,0.100343331887994
ID211,FT0211,396.754122069099,223.020186216326,Diphenylsulfoxide;Cysteinyl-Cysteine;Ethyl aconitate,,223.019771980768,223.020923928953,396.059290496546,397.77003620692,11,196;1572;3107;4527;5574;6666;7610;8865;10067;11285;12482,58.83865;59.01426;141.0166|4598;1711622;113743,1.0,0.0037841400021583,0.0018260133904407,-0.0011354665738778,0.00258268182217,-0.0144434802238378,-0.0066374374274175,6.59176283660189,3,0.984477124183007,6.64627834631345,3,0.986111111111111,6.63162390670995,3,0.98937908496732,0.147578891996522,0.830975754606346,0.255082481425023,0.593319366877063,-0.0545155097115551,0.351405724988623,0.454191167397597,0.537705199155324,0.269455764241587,-0.0398610701080546,0.588977366885227,0.229901393881343,0.742264132996825,0.129441524517907,-0.0146544396035004
ID213,FT0213,396.81240566878,225.023836045833,,,225.023139641664,225.024729423943,395.904475328411,399.11783266524,11,198;1575;3109;4530;5576;6668;7612;8867;10069;11288;12484,,0.0,0.0037874608182652,0.0026781630572442,-0.0022638689665509,0.0045923524605526,-0.0097343132988331,-0.0044222084570791,4.66864550822641,3,0.534313725490196,4.72540520584907,3,0.660130718954248,4.71760797433533,3,0.593137254901961,0.0973033505633759,1.01187220488959,0.198399882589392,0.702458589191892,-0.0567596976226641,0.13433083821352,0.871824275279523,0.328485126643587,0.483484289918057,-0.0489624661089252,0.676238772648816,0.169899932261925,0.809788023844079,0.0916286504089138,-0.0077972315137389
ID215,FT0215,75.4557304905514,225.112343892511,"Allixin;3,4-Methylenesebacic acid;FA 12:3+2O",,225.11154004326,225.11309777456,73.9910665269411,76.4296021596946,7,201;3112;4533;6671;7615;8870;10072,57.03389;87.00814;97.06651;137.0964;225.112|396;1105;485;644;441,1.0,0.0129174926262717,-0.0132916174002707,0.0690376954585297,0.0543558718029994,-0.0045903111387046,-0.0604210735073173,4.51526060975619,2,0.437091503267974,4.61483170279503,2,0.607843137254902,4.39703103177241,1,0.39297385620915,0.705708220160493,0.151374823830496,0.771769348976135,0.112512473542365,-0.0995710930388336,0.628615692200932,0.201614781843398,0.753816156077392,0.122734558820521,0.118229577983785,0.449509610685342,0.34726101845135,0.634314045549932,0.197695671958526,-0.217800671022618
ID217,FT0217,474.396167225496,226.10100379792,"Phendimetrazine;N,N-Diethylbenzeneacetamide;N-Acetyl-2,6-die",,226.099922888234,226.102452554677,473.174746717138,475.389388640752,6,5579;7616;8871;10074;11292;12487,,0.0,0.0041305282295832,0.0340594935984248,-0.0306346538930264,0.0198117643129414,-0.0069905892759353,-0.0345228515205804,3.67190620924638,0,0.0220588235294118,3.77224954113438,1,0.0866013071895425,4.02331888375703,3,0.126633986928105,0.373900966300059,0.427243412464819,0.484179615133447,0.314993499118616,-0.100343331887994,1.4646028204919e-05,4.83428013384597,0.0013632833405574,2.86541387237353,-0.351412674510647,0.0683320774620266,1.16537537546377,0.21096173121213,0.675796319255625,0.251069342622653
ID220,FT0220,49.3518863154888,227.200688302667,"Ethyl dodecanoate;Myristic acid;2,6,10-Trimethylundecanoic a",+,227.199668166406,227.201470582615,48.0606551597577,50.4669081296197,11,204;1580;3115;4536;5582;6672;7618;8873;10075;11294;12490,68.99625;112.9844;227.2001|819;127;8990,1.0,0.0151176480984746,0.0191543087491896,-0.0042111880783358,-9.68296018384432e-06,-0.0141523702690438,0.0057231492435795,5.12893464315483,3,0.751633986928105,5.32388691901912,3,0.866830065359477,5.37897956157722,3,0.854575163398693,0.0353849016256476,1.4511820074488,0.0971872983005801,1.01239049061305,-0.194952275864295,0.0260159625860734,1.58476010065066,0.144391322096066,0.840458907036753,-0.250044918422389,0.329834968724807,0.481703302848095,0.547535431723827,0.261587771822549,0.055092642558094
ID222,FT0222,51.445467678346,228.068740728181,CHES;gamma-Fagarine;Pteleine,,228.067424415721,228.06941194855,50.5214908502024,54.5594800697436,8,206;4537;5585;6674;7620;8876;10078;12492,79.95726;106.981;228.0687|4006;168;2108,1.0,0.0301334680985656,-0.0081742855090297,0.0017177249852374,0.0795945370228825,0.0102545217598596,0.0036343813559504,4.43006124805359,1,0.372549019607843,4.87241495922688,3,0.726307189542484,4.5699235613473,2,0.505718954248366,0.0969468901369367,1.01346611766346,0.198008673743183,0.703315785110716,-0.442353711173295,0.629762579811966,0.200823148500983,0.753967489011749,0.122647380452781,-0.139862313293706,0.159125677093142,0.798259735374802,0.321836508089596,0.492364692485163,-0.302491397879589
ID223,FT0223,77.9904387254057,228.157512571828,N-Decanoylglycine;Icaridin,,228.155711621389,228.159313522266,77.0942866601697,78.8865907906416,2,4540;7622,167.1443;210.1493;211.1329;228.1603|759;120;1759;788,1.0,0.0101009247412389,-0.0076784625352298,-0.0033136720528809,0.0586718618246884,-0.0324651052253322,0.0030627510469284,4.22595534096844,0,0.234885620915033,4.39124046958434,1,0.475490196078431,4.22595534096844,0,0.276960784313726,0.373900966300058,0.427243412464821,0.484179615133447,0.314993499118616,-0.165285128615898,,,,,,0.373900966300058,0.427243412464821,0.561573265987348,0.250593575220363,-0.165285128615898
ID224,FT0224,125.014761339265,228.159090828622,N-Decanoylglycine;Icaridin,,228.159090828622,228.159090828622,125.014761339265,125.014761339265,1,8877,167.1429;210.1516;211.132;228.1601|509;55;871;437,1.0,-0.0051934826327009,-0.0085635595207969,-0.0107892244618693,0.0171017762671808,-0.0454511888970694,-0.133705379799669,4.22595534096844,0,0.234885620915033,4.22595534096844,0,0.368872549019608,4.22595534096844,0,0.276960784313726,,,,,,,,,,,,,,,
ID225,FT0225,126.357257505047,228.159905098992,N-Decanoylglycine;Icaridin,,228.159654999635,228.160148529578,124.292040062654,128.046186823901,10,207;1583;3119;4539;5586;6676;7621;10079;11296;12493,167.1433;210.1493;211.1335;228.1602|5010;882;8534;4412,1.0,0.0188899419726346,0.0203358326779131,0.0527116093145203,0.0197556604708263,0.0303670050771047,0.121613926868542,5.10049309729143,3,0.741830065359477,5.23541103032707,3,0.841503267973856,5.17708663152702,3,0.790849673202614,0.529670366050653,0.275994324252797,0.625926768525477,0.203476474913692,-0.134917933035639,0.740412628326814,0.130526182617836,0.832562647349486,0.0795830774918736,-0.0765935342355899,0.678966621390269,0.168151575502025,0.811007213062891,0.0909752831754279,-0.0583243988000488
ID226,FT0226,77.3231811822529,228.159857754993,N-Decanoylglycine;Icaridin,,228.159460473442,228.160217750449,75.3610450786991,79.3832094690326,4,208;6677;8878;10080,79.9572;167.1443;210.1519;211.1339;228.1605|204;2597;612;5875;3025,1.0,0.0095346384514693,0.0147670172884808,0.107190417209101,0.0330819916312151,0.0361126417926888,-0.0501242050976057,4.50358004757743,1,0.428921568627451,4.47259854915997,1,0.531045751633987,4.48787846673405,1,0.457516339869281,0.937520238983614,0.0280193480439475,0.949357615738458,0.0225701613492775,0.0309814984174661,0.969157271729719,0.0136057413164771,0.978502471377518,0.009438073118639,0.0157015808433894,0.968158715655141,0.0140534405398234,0.983292297285786,0.0073173629118896,0.0152799175740768
ID229,FT0229,126.958253354073,229.164141666599,Trimethylsilyl nonanoic acid,,229.163641094049,229.164642239149,126.272453886823,127.644052821324,2,211;10083,,0.0,-0.0057388577684501,0.0131758339456825,0.0362864338305183,0.0241226009456176,0.0108929635727464,0.0205998909799411,4.10826648773997,1,0.155228758169935,3.96649439391265,0,0.193627450980392,4.06683772580064,1,0.160947712418301,0.373900966300059,0.42724341246482,0.484179615133447,0.314993499118616,0.141772093827316,0.823197865314383,0.0844957644402131,0.891859211928049,0.0497036975392796,0.0414287619393221,0.373900966300058,0.427243412464821,0.561573265987348,0.250593575220363,0.100343331887994
ID230,FT0230,49.5964143463049,229.180257064928,"3-[[5-Methyl-2-(1-methylethyl)cyclohexyl]oxy]-1,2-propanedio",,229.176307915888,229.180756963777,49.1785080267014,49.9173935381323,5,1586;7625;8881;10084;11299,,0.0,-0.0099667765549019,0.0420245925484111,-0.0016690672466066,0.0161783151714283,-0.0924687936998088,-0.168651490960696,3.62074086709726,1,0.011437908496732,3.52039753520927,0,0.0040849673202614,3.92181225024086,2,0.0784313725490196,0.373900966300059,0.427243412464819,0.484179615133447,0.314993499118616,0.100343331887994,0.284982268781157,0.54518216037765,0.491797972410911,0.308213266106794,-0.301071383143601,0.145597422075567,0.836846314502841,0.300198218307751,0.522591889645742,0.401414715031595
ID231,FT0231,419.370571676836,230.079357429216,Meglumine;NCGC00380138-01!;Pesticide3_Propoxur_C11H15NO3_Bay,,230.07812454716,230.081370522355,418.083227247242,420.053844860576,7,212;1587;3122;8882;10085;11300;12496,,0.0,-0.0292595394991888,0.0149506911989156,0.0137502667924224,-0.0253707189312341,0.0027180019105675,-0.0012884789618194,4.14959782094237,3,0.180555555555556,3.7015092062296,0,0.0498366013071895,4.02551191640332,3,0.128267973856209,1.56555329720361e-05,4.80533214281077,0.0004007150247948,3.39716437340664,0.448088614712769,0.008447731510369,2.07325989753495,0.0717048784839969,1.14445129584399,0.124085904539049,5.92311957781438e-05,4.22744949959598,0.0016075071040254,2.79384709913019,0.32400271017372
ID232,FT0232,355.515218151429,230.06137834317,Metyrosine;Tyrosine methylester;N-Acetyldopamine,,230.061375376001,230.063560192045,355.488721877261,356.777290172386,3,213;1588;3123,,0.0,-0.0207586347929258,-0.0140070696497742,0.0201241237348098,-0.0078581040654134,0.0036418752363543,0.0264348926622758,4.1134373356914,3,0.159313725490196,3.80055878858862,0,0.103758169934641,3.80055878858862,0,0.0359477124183007,1.14251355441703e-05,4.9421386388961,0.0003196380944101,3.49534146713584,0.31287854710278,1.14251355441703e-05,4.9421386388961,0.001254687612487,2.90146438976921,0.31287854710278,,,,,
ID233,FT0233,470.607020302957,231.027498292307,Galactonic acid;Gluconic acid;Gulonic acid,,231.026698527679,231.029717570282,470.117326199549,471.30159647739,8,214;1589;3124;7626;8883;10086;11301;12497,78.95935;96.96876|278;48,1.0,-0.0239294234132833,0.0409010975553268,0.0117207016087605,-0.0038791169506985,-0.0008939179589519,-0.0033433369463753,4.23728271393826,3,0.246732026143791,3.85045812311482,0,0.129901960784314,4.33440015132715,3,0.355392156862745,0.0010288191907727,2.98766094336136,0.0071957528284862,2.14292376292906,0.386824590823445,0.138684787344536,0.857971175081482,0.334393658906585,0.475741966663614,-0.0971174373888841,5.5606012206551e-05,4.25487824929982,0.0015827369815864,2.80059124997418,0.483942028212329
ID234,FT0234,486.574052642659,232.009204028442,Phosphocreatine,,232.008393114937,232.010153387519,484.596589791784,487.154824339834,8,216;1590;3125;5588;8884;10087;11302;12498,78.95929|3564,1.0,-0.0251216101880856,0.0299507964938208,-0.0055871348796158,-0.027374246741223,0.0058427146508044,-0.0076705866798466,4.15402051202783,3,0.184640522875817,3.7906851357837,1,0.0980392156862745,4.21266526286585,3,0.257352941176471,0.0293314335571829,1.53266671060419,0.0848720398940522,1.0712353594578,0.363335376244134,0.299677915907591,0.523345260233721,0.501400169551759,0.299815523518247,-0.0586447508380203,0.0148693612937219,1.82770768598844,0.0781646154494302,1.10698980439371,0.421980127082154
ID235,FT0235,425.93336905582,232.013808237874,Phosphocreatine,,232.013808237874,232.013808237874,425.93336905582,425.93336905582,1,217,74.02799|48,1.0,-0.0049818215845863,0.0007355480641589,0.0191026129394699,0.0137529049112349,-0.0101883321956543,0.0245115435672562,3.80598636159632,1,0.0392156862745098,3.70564302970833,0,0.0514705882352941,3.70564302970833,0,0.0155228758169935,0.373900966300059,0.427243412464819,0.484179615133447,0.314993499118616,0.100343331887994,0.373900966300059,0.427243412464819,0.537705199155324,0.269455764241587,0.100343331887994,,,,,
ID236,FT0236,44.3855360801404,235.132728718183,Heptyl 4-hydroxybenzoate;Eremopetasidione;3-Oxododecanoic ac,,235.132162541845,235.134736808614,42.7965903237448,45.2697034974338,11,218;1591;3126;4542;5589;6679;7627;8885;10088;11303;12499,73.02919;235.1331|34601;19072,1.0,0.0098515836579684,0.027289383357051,-0.0356290205545283,-0.0305765536937241,-0.0506811420555574,0.0269987541922127,5.14843114142607,3,0.759803921568627,5.31063152096527,3,0.861928104575163,5.45127813670978,3,0.874183006535948,0.368789439644663,0.433221523544964,0.484179615133447,0.314993499118616,-0.162200379539205,0.295058556969374,0.530091785903161,0.500604967442422,0.300504845254904,-0.302846995283713,0.570504243138747,0.243741121158316,0.724459686336145,0.139985776499057,0.140646615744508
ID237,FT0237,45.7086229240218,236.101550364274,,,236.098353474396,236.106313184856,44.8909394081093,46.6678045421065,9,219;3127;4543;5590;6680;7628;8886;10089;12500,73.03049;79.71827;79.9573;126.1279;128.1456;172.1355;236.0958|354;269;62313;2991;607;2734;10152,1.0,0.012153800614865,0.0011544548499062,-0.0338828184323756,0.1282139927107,0.050803920167598,-0.0567935418047485,4.85741251088154,2,0.650326797385621,5.12652468030655,3,0.812908496732026,5.04597251858197,2,0.749183006535948,0.490226128541657,0.309603545023859,0.597509658192111,0.223655070353651,-0.26911216942501,0.736786662022532,0.132658244730922,0.832562647349486,0.0795830774918736,-0.188560007700425,0.864878542619789,0.0630448774758036,0.926825766058121,0.0330019011862083,-0.0805521617245848
ID238,FT0238,75.8812873672543,236.104746234223,Capryloylglycine;Valproylglycine;N-(5-Methyl-3-oxohexyl)alan,,236.104617906333,236.104874562113,75.5655343181869,76.1970404163217,2,1592;4544,177.0928|48,1.0,0.0007357965144654,-0.0176081947018908,-0.0056166429175924,-0.0054414254846309,0.0090232616122617,0.0187572158830404,4.0519113206498,1,0.118464052287582,4.07721951598191,1,0.263888888888889,3.9515679887618,0,0.0923202614379085,0.882564301456159,0.0542536431636389,0.910570201245076,0.0406865662467894,-0.0253081953321086,0.373900966300058,0.427243412464821,0.537705199155324,0.269455764241587,0.100343331887994,0.37390096630006,0.427243412464819,0.561573265987348,0.250593575220363,-0.125651527220103
ID239,FT0239,463.307926145294,236.902614421453,,,236.901649770443,236.904506543156,461.55630388387,464.53594538805,11,220;1593;3128;4545;5591;6681;7629;8887;10090;11304;12501,78.95908;218.8927|813;240,1.0,0.0070621246323144,0.0022383973169025,0.0011420592471308,0.0119109954710323,-0.0220881462017032,-0.0055081535587736,4.4216153533404,3,0.366830065359477,4.52063775984999,3,0.558006535947712,4.47682553355969,3,0.445261437908497,0.109389622535415,0.961023876260134,0.215781971664461,0.665984842941851,-0.099022406509591,0.352155992831085,0.453264916582099,0.537705199155324,0.269455764241587,-0.0552101802192828,0.258807591665736,0.587022988551324,0.456236343616184,0.340810121945654,-0.0438122262903082
ID240,FT0240,372.250285145735,238.993220943203,"4,8-dihydroxy-2H-furo[2,3-h]chromen-2-one;Daucic acid",,238.992349612143,238.998009872125,371.405813675135,373.637557156476,9,223;4546;5593;6682;7631;8888;10091;11305;12502,59.01435;71.01316|3471;171,1.0,0.0159311627135154,0.0470231433621004,0.0052878684624518,0.0137413612787665,-0.0369946993294902,0.0141664531198258,4.14157784712391,1,0.17483660130719,4.31513119098345,3,0.429738562091503,4.55184560407936,3,0.494281045751634,0.395834292704758,0.402486583835278,0.507123167331016,0.294886548761544,-0.173553343859542,0.108137528681765,0.966023559784774,0.312732676771759,0.504826737880111,-0.410267756955448,0.061320776695109,1.21239235296535,0.196597105503275,0.706422880569037,0.236714413095906
ID242,FT0242,444.058465661151,240.079679436933,"1-(2,3-Dihydro-1H-pyrrolizin-5-yl)-1,4-pentanedione;Dehydros",,240.078464702949,240.080998427741,442.781323445066,444.809362972765,10,224;1597;3130;4548;5594;7633;8890;10093;11307;12504,,0.0,-0.0092810066704939,0.0095273767312507,-0.0152632396907554,0.0165437556969463,-0.0228749959833756,0.0121937935282368,4.08721249145911,3,0.138071895424837,3.98384077848014,2,0.205065359477124,4.10154085801675,3,0.186274509803922,0.484464753224712,0.314737814148488,0.591686394039928,0.227908417306255,0.10337171297897,0.734981472741334,0.133723608381951,0.831327358681209,0.0802279267893757,-0.0143283665576472,0.422889425376639,0.373773174531493,0.609645663132372,0.214922511314607,0.117700079536617
ID244,FT0244,453.154792552441,241.012326720269,2-Methylcitric acid;Homocitric acid;Methylisocitric acid,,241.009985763725,241.015310173683,452.379069152494,453.429671880379,7,227;1600;3132;7635;8892;10095;12507,78.95911;96.96985;241.0114|5502;781;1757,1.0,-0.0324723211650459,0.0157082660754446,0.0108768864993676,0.0338708681181154,0.0492728947319178,-0.0152376254368956,4.2993006720566,3,0.277777777777778,3.83285736697051,0,0.122549019607843,4.18042001614997,2,0.227941176470588,0.0002115033856877,3.67468267616726,0.0023502543386458,2.62888513692254,0.466443305086097,0.541670313559027,0.266264965429576,0.675968738408373,0.170073388452856,0.118880655906635,0.117492567594642,0.929989605347365,0.273912994266569,0.562387364590118,0.347562649179462
ID247,FT0247,109.914799103285,242.175851047395,N-Undecanoylglycine,,242.175289708143,242.176257608316,108.25754006569,112.673164787093,11,229;1602;3135;4551;5598;6686;7638;8895;10098;11311;12509,80.96535;181.1595;198.1869;224.1657;225.149;242.1755|926;26914;1298;6285;42652;26985,1.0,0.0093290011621315,0.0081579882086456,0.0552643081129548,0.0360591584603745,-0.0135213613222029,-0.0136459053503521,5.67969684422805,3,0.906045751633987,5.73208956183497,3,0.94281045751634,5.67290635824872,3,0.927287581699346,0.81227554496288,0.0902966217964961,0.852676684633809,0.0692156120880225,-0.0523927176069252,0.977240960528575,0.0099983380977782,0.982805607691094,0.0075323741879372,0.0067904859793257,0.70570774570577,0.151375115811135,0.822738201037596,0.0847383372450838,-0.059183203586251
ID248,FT0248,69.8452977360609,242.175611303376,N-Undecanoylglycine,,242.174914544681,242.176258206897,64.5682204442169,72.3078648817208,8,230;1603;3136;6687;7639;8896;10099;11312,181.1589;198.1848;224.165;225.1486;242.1758|12140;372;2498;18091;10661,1.0,-0.0201560439171721,0.0429374733232573,0.166162814264833,-0.0172865870630351,-0.0391607361312287,-0.0838139668564006,5.17814167923879,3,0.770424836601307,4.6216852762843,1,0.612745098039216,4.99758848720679,2,0.727941176470588,0.2791450115827,0.554170128735867,0.411017723633174,0.386139450362067,0.55645640295449,0.700315781997315,0.154706086479201,0.806464694616546,0.0934146403876458,0.180553192031995,0.533956694604937,0.272493964051508,0.703304133864517,0.152856829893188,0.375903210922495
ID249,FT0249,110.984685822439,243.178417930294,"4-Acetyl-6-tert-butyl-1,1-dimethylindane;Panaxynol",,243.172018801956,243.179567998626,109.568163057173,112.876847594539,9,231;3138;4553;5599;6688;7640;8897;10100;11313,,0.0,0.0102196740550039,0.0127370426654155,0.0984726257649928,0.0509007402312544,-0.0167358148416314,-0.0117097417640221,4.54787945574436,2,0.46078431372549,4.55102112365822,3,0.571895424836601,4.47288798194899,2,0.44281045751634,0.992794045219355,0.0031408364006752,0.994447324228879,0.0024182164637364,-0.0031416679138596,0.855399187150586,0.0678311667705601,0.915224488433189,0.038472368086539,0.0749914737953707,0.785929262622259,0.104616540773935,0.877683683713087,0.0566619751756374,-0.0781331417092304
ID250,FT0250,69.7946677695421,243.178543010964,"4-Acetyl-6-tert-butyl-1,1-dimethylindane;Panaxynol",,243.178543010964,243.178543010964,69.7946677695421,69.7946677695421,1,11314,,0.0,0.0014148520284326,0.013566939154099,-0.0008864516435819,-0.0246817723910375,-0.022681638922229,0.0058422516393727,3.99841028139775,0,0.0898692810457516,3.99841028139775,0,0.211601307189542,4.09875361328574,1,0.183823529411765,,,,,,0.373900966300058,0.427243412464821,0.537705199155324,0.269455764241587,-0.100343331887994,0.373900966300058,0.427243412464821,0.561573265987348,0.250593575220363,0.100343331887994
ID253,FT0253,369.627321041602,246.019524095603,Imidacloprid urea;Topaquinone;Betalamic acid,,246.018962646294,246.020612075269,368.779483524009,371.293685351033,6,235;1605;3141;7643;8900;10105,148.0427|302,1.0,-0.036728210270345,-0.0118451119304355,0.041368395560881,0.0185784463311683,0.0104734533382165,-0.0087645665894846,4.287615255539,3,0.272875816993464,3.74665369302534,0,0.0743464052287582,3.84831942720512,1,0.053921568627451,0.0005401432100477,3.26749107890345,0.0045760019837144,2.33951379594667,0.540961562513655,0.0187276630072957,1.72751641410152,0.117217704211467,0.931006788824177,0.439295828333883,0.373900966300058,0.427243412464821,0.561573265987348,0.250593575220363,0.101665734179772
ID254,FT0254,410.068125795567,246.045613248097,1-Hydroxylorcaserin;5-Hydroxylorcaserin;7-Hydroxylorcaserin,,246.042933571342,246.046728184919,409.572627098837,412.031252283315,8,236;1606;3142;7644;8901;10106;11318;12512,,0.0,-0.0220130880857072,0.0437618675401784,0.009021398915813,-0.0037342915867918,0.014087267479646,-0.0132694246182616,4.03928680446867,3,0.107843137254902,3.68436551842858,0,0.0416666666666667,4.19270460897182,3,0.235294117647059,0.0001932566224704,3.71386561485815,0.0021727824002981,2.66298376520351,0.354921286040088,0.0581557796559625,1.23540711760003,0.227353339237549,0.643298662739755,-0.153417804503157,0.0005999544701179,3.22188170649438,0.0084355044172003,2.07388894282508,0.508339090543244
ID255,FT0255,463.786499155246,247.092255065416,Glu-Thr;Glutamylthreonine;Threoninyl-Glutamate,+,247.091734570215,247.094118636087,462.664277062312,464.53594538805,7,5601;6691;7645;8902;10107;11319;12513,74.02423;128.0347;141.0673|684;511;499,1.0,0.0159236954121886,0.0365550599268311,-0.0250306023891981,0.0022677030170387,0.0010593054165112,-0.0338502079529295,3.62467392778495,0,0.0130718954248366,3.86834739577057,2,0.143790849673203,4.07002528023673,3,0.162581699346405,0.12834539750186,0.891619700622332,0.229079396431362,0.640013969817807,-0.243673467985621,9.08037663164389e-06,5.04189613764055,0.001254687612487,2.90146438976921,-0.445351352451782,0.191220979680295,0.718464461120887,0.365827677519516,0.436723440086284,0.201677884466161
ID257,FT0257,142.340575894428,249.065744259718,"5-Methoxycanthin-6-one;2-Methoxycanthin-6-one;13-methoxy-1,6",,249.065690205663,249.066507223477,142.139632961059,144.184339465821,3,4559;5604;6693,61.99028;184.9991|39;51,1.0,0.0240783517551877,-0.0243985689015935,-0.0050609204387312,-0.0048993218152424,0.0051040419981056,0.0181864260790584,4.16927608103515,0,0.193627450980392,4.52756971392532,3,0.561274509803922,4.16927608103515,0,0.220588235294118,0.0002478184730921,3.60586632321033,0.0025786859298664,2.58860154938278,-0.35829363289017,,,,,,0.0002478184730921,3.60586632321033,0.0048135511325001,2.31753441048126,-0.35829363289017
ID258,FT0258,43.795513436914,249.151307757157,Gemfibrozil;1-Hydroxyacorenone;Blennin A,,249.148018327904,249.15459718641,43.5184729983316,44.0725538754964,2,11321;12515,,0.0,0.0004782078770438,0.022892057129745,-0.0212222147799706,-0.0186282521955379,-0.0092485275661023,0.0178858607371244,4.03634200656369,0,0.105392156862745,4.03634200656369,0,0.233660130718954,4.23914820765315,2,0.290032679738562,,,,,,0.116159965476758,0.934943525718153,0.31408813851289,0.502948464351792,-0.202806201089463,0.116159965476758,0.934943525718153,0.273912994266569,0.562387364590118,0.202806201089463
ID260,FT0260,92.4388974431251,253.143643649404,"3-hydroxy-1a,5-bis(hydroxymethyl)-5,6b-dimethyl-1,3,3a,4,6,6",,253.142629697055,253.14486146598,91.4558240255026,94.7640035341158,11,242;1609;3145;4561;5606;6697;7648;8905;10112;11323;12518,97.06547;209.1541|546;5441,1.0,0.0110882192528356,0.0044341425255157,-0.0088604527077946,0.0161015492580677,0.0040214022572939,-0.0105785839050112,4.59843650081778,3,0.487745098039216,4.76669337305608,3,0.67483660130719,4.73661368003459,3,0.605392156862745,0.0029789721141643,2.52593356214959,0.0152498019291049,1.81673579708148,-0.168256872238308,0.043190817619666,1.36460857450429,0.196029146147424,0.707679351756102,-0.138177179216814,0.490334910647854,0.309507184946808,0.665900602999099,0.1765905918366,-0.0300796930214933
ID262,FT0262,354.499005490972,254.967192223121,,,254.966657187293,254.96770843993,354.097657043566,354.821006136144,4,1612;3149;4562;12520,58.83853;59.01433;156.9895;255.231|216;49995;476;168,1.0,-0.0342292726326157,-0.0300817820135548,-0.0570509619493629,-0.0416960503318973,0.0652217318914722,0.0362444117931299,4.78280452928272,2,0.602124183006536,4.37377565172007,1,0.467320261437909,4.47841709554353,1,0.448529411764706,0.267258186313052,0.573068983158905,0.398403467329122,0.399676890541131,0.409028877562649,0.46563504709403,0.331954338953707,0.620846729458707,0.207015602345407,0.304387433739199,0.738655989482061,0.131557776293059,0.848479480435105,0.0713586561648815,0.104641443823451
ID264,FT0264,374.037815097346,255.970786489519,,,255.968871312004,255.972542048308,372.783747120085,375.24858177186,6,246;1614;3151;7652;8909;12522,,0.0,-0.0314149254972673,-0.0083917039437543,0.0041049366580363,0.0277909613374462,-0.0082174052087117,0.0046486457765052,4.1354222538404,3,0.170751633986928,3.7073687782491,0,0.0522875816993464,3.81714556167611,1,0.0400326797385621,4.4614431936501e-05,4.35052463239699,0.0007156154882614,3.14532026844885,0.428053475591298,0.0468442633123706,1.32934358651214,0.202704428343425,0.693136763472231,0.318276692164288,0.373900966300059,0.42724341246482,0.561573265987348,0.250593575220363,0.10977678342701
ID266,FT0266,48.4930298054869,256.235090792564,,,256.234037629393,256.236495310984,47.9108938451917,49.4340329129214,11,248;1615;3152;4567;5610;6700;7653;8910;10117;11327;12523,,0.0,0.0154021674342144,3.23007633883698e-05,-0.010054973117261,0.0050189436856001,-0.0176217805718687,-0.0087580732928973,5.18141467215749,3,0.772058823529412,5.41944056291136,3,0.892156862745098,5.31065545213908,3,0.834967320261438,0.0034826294753398,2.45809272863541,0.0168257158989311,1.7740264483913,-0.238025890753866,0.0305150430499602,1.51548601301373,0.156195644086237,0.806331081698724,-0.129240779981585,0.0886000010306352,1.05256627306104,0.251572265700125,0.599337238891739,-0.10878511077228
ID267,FT0267,99.9935632923121,256.192488544851,N-Lauroylglycine,,256.192488544851,256.192488544851,99.9935632923121,99.9935632923121,1,249,195.1738;195.1782;238.1805;239.1625;256.1965;256.2353|115;36;67;195;86;48,1.0,-0.0060976870336013,0.0009003015899424,0.023381358254439,0.0168333828355179,-0.0124703906128791,0.0300018213912054,4.34877431860001,1,0.316993464052288,4.22595534096844,0,0.368872549019608,4.22595534096844,0,0.276960784313726,0.37390096630006,0.427243412464819,0.484179615133447,0.314993499118616,0.122818977631567,0.37390096630006,0.427243412464819,0.537705199155324,0.269455764241587,0.122818977631567,,,,,
ID268,FT0268,372.308026467206,256.965348238279,,,256.964734196462,256.966208975249,354.180962870137,375.24858177186,13,250;1616;3153;3154;4568;5611;6701;7654;8911;10118;11328;12524;12525,59.0142;61.01696|3135;72,1.0,-0.018981043808155,0.0302437129291519,0.0252071979228032,0.0152902642278014,-0.0163488302649329,-0.0136387816970764,4.55686521435438,3,0.469771241830065,4.2485818730125,3,0.402777777777778,4.57045755652308,3,0.506535947712418,0.0504043798351824,1.29753172435593,0.124510203165759,0.904795058230716,0.308283341341872,0.917938213698708,0.0371865501198534,0.950187970992322,0.0221904718801105,-0.0135923421687059,0.027655210991068,1.55822302380096,0.113240811321321,0.945997027764102,0.321875683510578
ID269,FT0269,198.008638586614,257.175152037051,Tetradecanedioic acid;Diethyl decanedioate;Diisobutyl adipat,,257.172803178455,257.177205674213,191.306199371992,202.074165966496,10,1619;3156;4569;5612;6702;7657;8914;10120;11331;12527,195.1745;239.1652|771;803,1.0,0.0259737662357481,0.0200157704754232,-0.0352137685291996,-0.0029369993399546,0.0237598694683,-0.0716196875344506,3.56150569982546,2,0.0049019607843137,3.97142613489501,3,0.197712418300654,4.04482174689114,3,0.145424836601307,0.0217122315543797,1.6632955380404,0.0671460528532615,1.17297951202627,-0.409920435069548,0.0195688081997236,1.70843562339896,0.119995534544498,0.920834915275439,-0.483316047065684,0.337806203537222,0.471332379225503,0.55523921060273,0.255519871899208,0.0733956119961356
ID270,FT0270,418.070002607157,257.086191475673,AICA-riboside;Dexmedetomidine HCl (Precedex);Medetomidine HC,,257.08589834198,257.087299109964,417.499336277627,418.72590120743,8,251;1617;3155;7655;8912;10119;11329;12526,55.03019;74.02436;98.03542;116.0462;118.0505;121.0028;138.0282;257.0865|1038;79704;857;7546;16711;444;995;681,1.0,-0.0664207363246421,0.046977302325662,0.0299196470007746,0.00591186720991,-0.0053838888618432,-0.0149410851961848,5.2254974575764,3,0.788398692810457,4.22595534096844,0,0.368872549019608,5.01614674510184,3,0.736928104575163,2.14565311740959e-05,4.66844048804191,0.0004693128545897,3.32853755019631,0.999542116607957,0.0094676618187442,2.02375726329854,0.0757412945499537,1.1206672763066,0.209350712474563,1.60470446458417e-07,6.79460493909619,2.89648589678499e-05,4.53812858177337,0.790191404133394
ID272,FT0272,463.728206916929,258.037367962512,Glucosamine 6-phosphate;Glucosamine-6-phosphate;D-GLUCOSAMIN,+,258.036172093497,258.040008388975,463.186606966233,464.029797376363,7,1621;3157;7658;8915;10121;11332;12528,78.95844;96.97037;171.0063|3216;132;1271,1.0,-0.0185187515629731,0.0235986028057497,-0.014231339628774,-0.0159131058543328,0.0143092791926555,-0.0443067195533409,3.90925658077472,2,0.0637254901960784,3.66019183462834,0,0.0318627450980392,4.01831660258968,3,0.123366013071895,0.116547549311535,0.933496854118239,0.218646672641802,0.660257127348624,0.249064746146377,0.436920280124177,0.359597796577652,0.599204437812111,0.222424978836336,-0.109060021814969,6.29030820843767e-05,4.20132807475434,0.0016683612907379,2.77770989519516,0.358124767961346
ID273,FT0273,486.320546669566,259.02156145586,STD_Glucose-6-Phosphate;STD_Glucose-1-Phospate;STD_Frct6P,+,259.021216701478,259.021782265621,485.193274626993,487.154824339834,11,253;1622;3159;4570;5613;6703;7659;8916;10123;11333;12529,78.95905;96.9687;138.9797;241.0132;259.0211|23359;8322;662;216;664,1.0,-0.0452912581239996,0.0323149976505413,0.0052448020613628,0.000308630552136,-0.0046075688230042,-0.006170480656849,5.27215128142922,3,0.801470588235294,4.61411664288368,3,0.60702614379085,5.16674368925316,3,0.788398692810457,0.0005113145288654,3.29131186673673,0.0043936527016078,2.35717427507513,0.658034638545542,0.0001449421492803,3.83880530301725,0.0068947657706256,2.16148048311434,0.105407592176065,0.0009860807456561,3.00608752120778,0.012113223475586,1.91674027045126,0.552627046369477
ID274,FT0274,421.931539891218,259.091335805878,2-(2-phenylcyclobutyl)phenol;3-(2-phenylcyclobutyl)phenol;4-,,259.090735845471,259.091735771653,420.717205228215,424.457172573572,11,254;1623;3160;4571;5614;6704;7660;8917;10124;11334;12530,56.01475;72.0455;73.80449;74.02476;96.04296;117.6942;118.0505;130.0879;140.0317;215.0651;259.0904|984;866;1059;367590;2463;675;275415;1120;10013;1896;9179,1.0,-0.0508912113643392,0.0159650222431577,0.0114389890160741,0.0184390017522209,-0.0142412837258252,-0.0024548828715661,6.10818904627389,3,0.968954248366013,5.39411736806887,3,0.883986928104575,5.81169212368376,3,0.946895424836601,0.0023108142423152,2.63623496442132,0.0130512184671609,1.88434894052021,0.714071678205024,0.0016130134591817,2.7923620087896,0.0244004404440454,1.61260233428864,0.296496922590137,0.0133493441648247,1.87454007007425,0.0718503109862214,1.14357134778991,0.417574755614887
ID276,FT0276,421.931539891218,260.093761678563,4-(Dimethylamino)azobenzene;Cyprodinil;p-(Dimethylamino)azob,,260.092821718378,260.094385767644,420.717205228215,425.771323991977,11,257;1626;3162;4573;5616;6706;7662;8919;10127;11336;12533,,0.0,-0.0438937520660641,0.0134241971455979,0.0106206978399396,0.0128991104141242,-0.0122895768355552,-0.0037409562270421,5.01965284502554,3,0.714869281045752,4.40018567962759,3,0.478758169934641,4.76333629198911,3,0.617647058823529,0.0012100032804857,2.91721345224973,0.0079979887166173,2.09701921289496,0.61946716539795,0.0006576246171209,3.18202193804759,0.0157643259082666,1.80232459520337,0.256316553036432,0.0071601053662588,2.14508058667984,0.046508105379675,1.3324713521658,0.363150612361518
ID277,FT0277,476.739347803871,260.087253784874,Asparaginyl-Glutamic acid;Aspartyl-Glutamine;Aspartyl-Gamma-,,260.082391103365,260.08885927671,474.580943259828,477.238574176056,7,4574;5617;7663;8920;10126;11337;12532,58.03009;70.02943;74.0243;82.02833;87.05651;124.0401;128.036;131.046;141.0662;167.0468;198.0898;242.0766|601;288;1659;317;2059;299;336;616;2612;1395;620;745,1.0,0.0123736054310734,0.0675674142891319,-0.0475393357950745,0.0169107237778762,-0.0033453286945365,-0.0414664625778068,4.04085998621159,0,0.110294117647059,4.24156735480997,2,0.394607843137255,4.7528868694402,3,0.613562091503268,0.116116527749579,0.935105959421007,0.218646672641802,0.660257127348624,-0.200707368598377,1.08875527903897e-06,5.96306972621901,0.0003288040942697,3.48306278326186,-0.712026883228607,0.0072752604155445,2.13815145663624,0.0469073420162455,1.32875917546005,0.511319514630229
ID278,FT0278,174.541016627553,261.133880681982,"9-(2,3-dihydroxypropoxy)-9-oxononanoic acid;Phaseolic acid;(",+,261.133378115909,261.134110837268,169.893820732697,177.409842480134,9,258;3163;4575;5618;6707;7664;8921;10128;12534,57.0348;97.0652;123.0806;125.0969;169.0874;187.0967|299;515;236;3886;241;2847,1.0,0.0029617379328134,0.0029546058598247,0.0260818451088587,0.0729324840737795,0.0142221624685454,-0.0129823793604096,4.31352999280422,2,0.28921568627451,4.33658183288731,3,0.444444444444444,4.29911107391004,2,0.327614379084967,0.912386470269431,0.0398211634774738,0.93254114166026,0.0303319989810637,-0.0230518400830872,0.959786129490833,0.0178255306373126,0.974303902878089,0.0113055577447303,0.014418918894175,0.855101123290187,0.0679825230612852,0.919726277308432,0.0363414052004634,-0.0374707589772623
ID279,FT0279,353.214596793947,262.048118270478,Moxonidine;Mukonidine;Koeniginequinone A,,262.047109118891,262.049041502208,349.906160983825,354.821006136144,6,259;1627;3164;7665;8922;12535,72.00922;103.0554;147.0448;164.0714|1834;3597;6744;5894,1.0,-0.0483474285920571,-0.0203048127039394,0.0098229193168786,0.0119334786071545,0.0021565480511283,0.0176602813724647,4.55191627053489,3,0.465686274509804,3.88152458416325,0,0.150326797385621,4.01155217702273,1,0.120915032679739,9.25083471379616e-05,4.03381907858635,0.0012365282400774,2.90779596068583,0.670391686371647,0.0167893364207647,1.77496646851325,0.108457317627186,0.964741140764634,0.540364093512164,0.373900966300058,0.427243412464821,0.561573265987348,0.250593575220363,0.130027592859483
ID280,FT0280,424.619043259152,263.07640931986,"Histidinyl-Serine;Serylhistidine;(S,S)-Nt-Histidinylalanine",,263.072218436428,263.079581711095,424.554574268212,425.353585285648,6,260;1628;3165;7667;10129;11338,59.01676|36,1.0,-0.0287462624901018,0.0227581208367804,0.0449711795654005,-0.0241854255763756,0.0067134908210931,0.0188969936261215,4.23353345628304,3,0.244281045751634,3.74401512099231,0,0.0718954248366013,4.08175536073261,2,0.17156862745098,8.31410962910308e-07,6.080184253224,8.33489490317584e-05,4.07909987193178,0.489518335290732,0.422505200874941,0.374167940684973,0.584475221827312,0.233233895540238,0.151778095550422,0.117535489366951,0.929830980123504,0.273912994266569,0.562387364590118,0.33774023974031
ID281,FT0281,407.327839975925,263.011759885648,"Urolithin A;1,5-Dihydroxyxanthone;Euxanthone",,263.010772102669,263.01263387535,406.972405112849,408.658465968309,4,4577;5619;6709;7666,,0.0,0.0225210827729226,-0.0206301468430976,-0.0021188632941147,0.0172105294070141,-0.0062814445621312,0.0121338753214134,4.0382021808535,0,0.10702614379085,4.37484821757964,3,0.468137254901961,4.0382021808535,0,0.138071895424837,5.85946554144853e-06,5.23214199541283,0.0002202792826988,3.65702634639289,-0.336646036726139,,,,,,5.85946554144853e-06,5.23214199541283,0.0002901674407936,3.53735132062665,-0.336646036726139
ID282,FT0282,38.4451896002593,264.333561614963,,,264.330126140786,264.335186534982,37.0988129800163,39.5705290072904,6,261;3166;5620;7668;8923;10130,,0.0,-0.0114868600937525,0.0014027514318996,0.0211606905477214,0.0672243214083804,-0.023358940008816,-0.04282518948748,4.04819131081045,2,0.11437908496732,3.91520060619797,1,0.169934640522876,3.91467643373235,1,0.0751633986928105,0.56413399781434,0.248617726514202,0.65317921017387,0.184967646731535,0.132990704612471,0.562035297085949,0.25023640890018,0.697062257576824,0.156728431493682,0.133514877078095,0.998080213641726,0.0008345539610505,0.998936200102826,0.0004622483386756,-0.000524172465623
ID284,FT0284,38.2765882053917,266.150761770081,Dezocine;Lysyl-Valine;Valyl-Lysine,,266.150240772192,266.151683228466,37.0988129800163,39.5705290072904,11,263;1630;3168;4579;5622;6711;7670;8925;10132;11340;12537,,0.0,-0.0097360775525045,-0.0148977817220544,0.0054743959576719,0.0566537424543144,0.0020798899835485,-0.0114805841910965,5.77523786079061,3,0.92483660130719,5.67598250408398,3,0.937091503267974,5.57857107745183,3,0.905228758169935,0.323428921420024,0.490221147535603,0.456137154124605,0.340904551363281,0.0992553567066352,0.208609673903288,0.680665555806897,0.420000810125287,0.376749871905427,0.196666783338778,0.477678703627262,0.32086412045693,0.653518226416196,0.184742295579083,-0.0974114266321431
ID286,FT0286,38.1135415935618,268.146844312227,Rotundine B;Meptazinol HCl;Tebutam,,268.144419059924,268.149919870797,37.0988129800163,38.6597724805852,10,266;1632;3171;4581;5624;6713;7673;8927;10135;12539,79.95595;81.95187;96.95879;97.94779;98.95577;99.96189;268.1483|48;250;87;48;1837;36;1563,1.0,-0.0072991076351689,-0.0148303268759371,-0.0021285797753757,0.0617778319989533,0.0171221858351345,-0.006080425824046,4.48533261646122,3,0.416666666666667,4.43085752842691,3,0.5,4.32437317881728,2,0.344771241830065,0.552423061351378,0.257728199737514,0.642091732179427,0.192402922190606,0.0544750880343035,0.376743202333195,0.423954575020807,0.540505686957837,0.267199732235344,0.160959437643931,0.552882702318888,0.257366997337392,0.716865537234326,0.14456229748915,-0.106484349609627
ID287,FT0287,420.717205228215,268.090059360558,Glutaminylthreonine;Threoninyl-Glutamine;Threoninyl-Gamma-gl,,268.087759945134,268.091131705608,420.166579092158,422.149791205946,7,265;1633;3170;7672;8928;10134;12540,74.02509;88.03998;118.0488;118.0524;127.0507;171.0372|3003;235;174;292;1209;132,1.0,-0.0355102520764166,0.0100528461852078,0.0182307557315085,0.0366780027475907,0.0365566239783796,-0.0039308447248827,4.23881725485115,3,0.248366013071895,3.72243587948484,0,0.0620915032679739,4.0223387867228,2,0.125816993464052,5.93163029011148e-05,4.22682592574349,0.0008597490770116,3.06562828174491,0.516381375366311,0.230499373063049,0.637330251513504,0.444502750621363,0.352125547233737,0.216478468128349,0.116913477449544,0.932135421733068,0.273912994266569,0.562387364590118,0.299902907237962
ID288,FT0288,415.434389694031,269.096132363826,"Tolbutamide;(10S,11S)-Pterosin C;Dehydrooreadone",,269.095391019615,269.098020880065,415.030770059719,416.059902329053,6,267;1634;3173;10136;11342;12541,74.0241;88.04084;116.0458;130.0622|1801;1559;265;84,1.0,-0.0255934865892135,0.0262079899233784,0.0257611977800679,-0.0206841114493568,0.0275925192867102,0.0437837018612341,4.31026495671849,3,0.283496732026144,3.87453242694917,0,0.146241830065359,4.24590052049967,3,0.293300653594771,0.0023856956502663,2.62238496126947,0.013348799382653,1.87455779384523,0.435732529769316,0.456638427116583,0.340427544482942,0.612910244396481,0.212603119637154,0.0643644362188134,0.0012143138086089,2.91566906636128,0.013893178574967,1.85719838207782,0.371368093550503
ID289,FT0289,343.303236868776,269.086049214692,D-erythro-L-galacto-Nonulose;Aspartyl-Histidine;Histidinyl-A,,269.086049214692,269.086049214692,343.303236868776,343.303236868776,1,3172,59.0143;71.01429;85.03008;89.02363;101.0241;113.0225|2169;1303;48;13758;31;52,1.0,-0.0073363976942412,-0.0073737779390257,0.0008172795440108,-0.0112800486379641,0.0005272103529798,-0.0087639974195636,4.23230361394213,1,0.243464052287582,4.13196028205414,0,0.299019607843137,4.13196028205414,0,0.202614379084967,0.373900966300058,0.427243412464821,0.484179615133447,0.314993499118616,0.100343331887994,0.373900966300058,0.427243412464821,0.537705199155324,0.269455764241587,0.100343331887994,,,,,
ID290,FT0290,379.001037035921,271.003000757428,"NCGC00160271-01!2,3,5,8-Tetrahydroxy-6-methyl-1,4-naphthoqui",,271.002047688979,271.003602665004,378.385215048275,381.124489041946,7,1635;4582;5626;7675;8929;11344;12542,79.95711;124.0066|4007;8330,1.0,0.0136377879453339,-0.0027416889107287,-0.0872017555092641,0.0202995569099855,-0.0413297944995247,0.0135661018870084,3.86067269860317,1,0.053921568627451,4.19838651903232,2,0.337418300653595,4.1068466650606,2,0.191993464052288,0.234085750837001,0.630625021678024,0.361495710214264,0.441896852010744,-0.337713820429155,0.299206185829498,0.524029432051405,0.501400169551759,0.299815523518247,-0.24617396645744,0.763427803591255,0.117232027349488,0.863375250298226,0.0638004050809202,-0.0915398539717156
ID291,FT0291,524.094615981931,272.0875528486,5-Hydroxymethylcytidine;Dimethachlor OXA;Alibendol,,272.086823296829,272.088282400372,522.61751379929,525.571718164571,2,269;1638,99.05541;128.0349;143.0482|36;36;68,1.0,-0.0238323858924933,-0.0050850496753112,0.0592604204203297,0.0322022246858336,-0.0181957557942878,0.0864783950918785,4.09955920379696,2,0.149509803921569,3.6772809292789,0,0.0367647058823529,3.6772809292789,0,0.0122549019607843,0.212969002948427,0.671683602326865,0.335782058383955,0.4739425129419,0.422278274518057,0.212969002948427,0.671683602326865,0.42383287571944,0.372805359117009,0.422278274518057,,,,,
ID296,FT0296,382.980282897823,275.031737647727,"5-L-Glutamyl-taurine;3-(6-hydroxy-7-methoxy-2H-1,3-benzodiox",,275.030601649246,275.035439612255,381.821003542228,383.778712240826,8,274;1642;3178;4587;5631;7680;8934;12547,79.95718;124.0066;128.0346|1996;4911;584,1.0,-0.0079414203421022,-0.029155103322805,-0.0497006897439349,0.0474507845490856,-0.0222640420451636,-0.0006336303020839,3.81310144885899,3,0.0416666666666667,3.82923898210071,2,0.120098039215686,3.63626016132035,1,0.0073529411764705,0.93132212822894,0.030900078078523,0.945710116147018,0.0242419653431881,-0.0161375332417202,0.323485263524651,0.490145498969627,0.522420051253714,0.281980162548975,0.176841287538643,0.454294334740581,0.342662679003656,0.636850248871234,0.195962677138254,-0.192978820780363
ID298,FT0298,415.37858474783,280.052321265776,"NCGC00160331-01!2-Methyl-naphtho[1,2,3-de]quinolin-8-one;5'-",,280.050604472047,280.053523134895,414.949246183907,416.159147377948,11,280;1648;3185;4591;5634;6719;7684;8938;10145;11352;12550,55.03112;59.0133;74.02458;88.04014;98.03561;116.0464;198.05|652;2199;64884;532;300;21873;2326,1.0,-0.0051974246419389,0.0193026107627307,-0.0240031689327922,-0.0109024318220019,-0.0204271056652483,-0.0006916084223224,4.45977300776641,3,0.401143790849673,4.4026162183575,3,0.481209150326797,4.60740880145388,3,0.532679738562091,0.450958437867415,0.34586348259344,0.559858617909701,0.251921632304361,0.0571567894089142,0.178283528002297,0.748888780370192,0.379944795764893,0.420279499794562,-0.14763579368747,0.0936743541157279,1.02837929268244,0.257825403898713,0.588674293229804,0.204792583096384
ID299,FT0299,424.584419199615,281.085637309999,"Ellipticine;Olivacine;6,3'-Dimethoxyflavone",+,281.0830437577,281.086695139957,423.196241358523,425.353585285648,8,281;1649;3186;7685;8939;10146;11353;12551,59.01319;281.2484|168;108,0.625,-0.0336794461549788,0.0356015762176059,0.0186118351269466,0.0009139334795167,0.0018576399351286,0.0104961926954611,4.75568085312271,3,0.589869281045752,4.22595534096844,0,0.368872549019608,4.71736973281678,3,0.592320261437909,0.0008981119084522,3.0466695450752,0.0064416513578442,2.19100278424495,0.529725512154268,0.558285260613737,0.253143837882366,0.693836002902669,0.158743168523528,0.0383111203059281,8.93608077903667e-08,7.04885291400488,2.89648589678499e-05,4.53812858177337,0.49141439184834
ID300,FT0300,94.9770471584543,283.117944651256,Phenylethyl 2-Glucoside;2-Phenylethyl beta-D-glucopyranoside,+,283.117113626773,283.118595732699,91.1379067720724,96.1457687628976,11,283;1650;3189;4596;5637;6721;7686;8941;10148;11355;12553,55.0185;57.03547;59.01327;71.01426;73.02914;85.02899;101.0243;163.0604;283.2635|262;442;2033;866;707;712;1491;946;6020,1.0,0.0144111195553147,0.024320687848427,-0.0049893854914706,-0.0557250129213909,-0.0603021427126889,-0.0301280381010171,5.14927366104037,3,0.761437908496732,5.31666532673012,3,0.865196078431373,5.45582623466966,3,0.877450980392157,0.321038884548257,0.493442362230667,0.455016340195946,0.341973007014295,-0.167391665689754,0.316332112718761,0.49985671807908,0.517089569911046,0.286434222188793,-0.306552573629292,0.642194380360625,0.19233349912618,0.783933935021809,0.10572053535691,0.139160907939537
ID302,FT0302,390.05639631278,283.027272217161,NCGC00160337-01!TRYPTANTHRINE;Pyridoxamine 5'-phosphate;Rhei,,283.027001498084,283.027542936238,389.678969393381,390.433823232179,2,11354;12552,,0.0,0.0004642404584666,0.0230311150909297,-0.0215254656094258,-0.0185379809326353,-0.0090482104138229,0.0180654573632275,3.76659760307078,0,0.0343137254901961,3.76659760307078,0,0.0833333333333333,3.97093175026511,2,0.102941176470588,,,,,,0.116243247951968,0.934632263920713,0.31408813851289,0.502948464351792,-0.204334147194329,0.116243247951968,0.934632263920713,0.273912994266569,0.562387364590118,0.204334147194329
ID303,FT0303,47.0774875635053,283.264910938962,STD_Stearic acid ;Methyl Heptadecanoic acid;Ethyl hexadecano,+,283.263491680261,283.265364757776,46.4923155416093,48.0130371796126,11,284;1652;3191;4597;5638;6722;7688;8942;10149;11356;12554,57.03592;59.01423;183.0104;239.2036;265.2531;267.0809;282.3951;283.1076;283.2635;284.1094;284.3068|316;206;405;487;3691;1361;2418;2429;1201491;663;511,1.0,-0.0031665464257228,-0.0233729720949785,-0.0105312555597478,0.0426436440823797,-0.0198502616993898,-0.0159362355793443,6.186734733829,3,0.97140522875817,6.213192198486,3,0.973856209150327,6.0030754743697,3,0.959967320261438,0.79630288774858,0.0989217093258618,0.841785917365151,0.0747983440450694,-0.0264574646569997,0.0230659490861682,1.63702867093191,0.133318978450197,0.875108022757848,0.183659259459299,0.11188954158139,0.951210505480222,0.273912994266569,0.562387364590118,-0.210116724116299
ID306,FT0306,103.204213858675,285.205870364678,"Hexadecanedioic acid;16-Hydroxy-10-oxohexadecanoic acid;2,2,",,285.204880451402,285.20740122071,101.678628370458,107.253324711753,11,286;1655;3194;4600;5640;6725;7691;8945;10154;11359;12557,57.03487;59.01434;223.2074;267.1967;285.2084|345;508;742;2181;1190,1.0,0.0040375521173964,-0.0068564521013867,0.0015660749271346,0.0354106035046326,0.00410314040024,-0.0074670016180233,4.25035446081069,3,0.254901960784314,4.33023104941292,3,0.438725490196078,4.22553697078951,3,0.265522875816993,0.298691144600348,0.524777652883696,0.430346797046606,0.366181425021223,-0.0798765886022279,0.801599053581218,0.0960428042321904,0.878703862727868,0.0561574644628437,0.0248174900211797,0.317556751372507,0.498178649567463,0.535532845161439,0.271213887978851,-0.104694078623408
ID308,FT0308,142.474219118606,287.043712654656,"5-Hydroxy-N-formylkynurenine;N5-(3,4-Dioxo-1,5-cyclohexadien",,287.043286117044,287.046036910044,140.160889332172,144.101414345776,8,288;3196;4602;6727;7693;8947;10156;11362,59.01338;111.0457;129.0558;168.0093;179.0016;181.0172;183.0325;227.0234|932;324;1909;1280;829;1584;3090;5035,1.0,0.0173830872078897,0.0121996392166707,0.0574199327148427,0.0037957704810442,-0.0392341323635818,-0.0505880739752021,4.47358041284838,2,0.410130718954248,4.61245948399835,2,0.606209150326797,4.5895763896331,2,0.522058823529412,0.578525642036886,0.237677387017633,0.665359796721199,0.176943444209043,-0.138879071149973,0.625899560312309,0.203495353533786,0.751577205623528,0.124026399968582,-0.115995976784717,0.935521136256873,0.0289463960249734,0.965764121353694,0.0151289329049653,-0.0228830943652563
ID309,FT0309,483.976776460458,289.032105663475,STD_Sedoheptulose7P;D-Sedoheptulose 7-phosphate;Sedoheptulos,+,289.030569571477,289.03293845266,483.292661767475,484.859962081088,8,290;1657;3197;7694;8948;10157;11363;12559,58.0298;71.01433;78.95829;88.04004;96.00801;96.96869;113.0371;115.0032;132.0295;138.9798;155.045;168.0288;199.0014;289.032|372;311;12443;636;3782;17804;168;485;896;538;2928;1050;445;259,1.0,-0.039286319270397,0.0393935600542053,0.0106699622948854,-0.0027988061442475,0.0086246879080652,-0.0088282949860365,4.82253167179902,3,0.628267973856209,4.22595534096844,0,0.368872549019608,4.80630373652685,3,0.64297385620915,1.08261649170472e-05,4.9655253615034,0.0003196380944101,3.49534146713584,0.596576330830583,0.602097184769487,0.220333403422208,0.731723741651449,0.135652853534409,0.0162279352721715,6.21609770337633e-06,5.20648216799998,0.0002901674407936,3.53735132062665,0.580348395558412
ID310,FT0310,485.146730144234,289.998208918201,,,289.994698192791,290.001507271435,483.292661767475,485.823494624251,8,291;1658;3198;7695;8949;10158;11364;12560,78.959;141.0666;242.0767|72;96;72,0.8,-0.0448863202087212,0.0594125699002419,0.0118930589711716,0.0074774426061953,-0.0083657057605072,-0.0349179778919557,4.90763608301997,3,0.674019607843137,4.22595534096844,0,0.368872549019608,4.99839118915987,3,0.729575163398693,3.31205159702384e-05,4.47990290614797,0.0006124278517929,3.2129450668227,0.681680742051526,0.066118214645067,1.17967888196484,0.240574708708557,0.61875003138376,-0.0907551061399037,7.26537609260355e-07,6.1387418995057,7.70790354551668e-05,4.11306372861855,0.77243584819143
ID311,FT0311,476.522697284392,290.969773347303,[(1-oxo-1H-isochromen-3-yl)methoxy]sulfonic acid;[(2-oxo-2H-,,290.969500641523,290.970046053082,476.49898834981,476.546406218974,2,292;3199,78.9607;96.96887;158.9253;192.993;290.9669|240;60;48;36;36,1.0,-0.0262792986917903,-0.0147876198948777,0.0404751933346279,0.0029420132630632,-0.019461418172348,0.0302755591028219,4.65058433114649,2,0.522058823529412,4.22595534096844,0,0.368872549019608,4.22595534096844,0,0.276960784313726,0.116859651236186,0.932335414161519,0.218646672641802,0.660257127348624,0.424628990178047,0.116859651236186,0.932335414161519,0.31408813851289,0.502948464351792,0.424628990178047,,,,,
ID312,FT0312,390.075850097222,291.006116670143,Purpurin;2-Chloronorlichexanthone;4-Chloronorlichexanthone,,291.005474299345,291.007403142235,389.183233265499,408.637903719205,11,293;1659;3200;4603;5642;6728;7696;8950;10159;11365;12561,59.01414;127.0009;141.016|11124;3016;1849,0.933333333333333,0.0094680909417535,0.0002991412651179,-0.0054919710931282,0.0042430036158504,-0.0113923199917584,-0.0042810984586466,5.41901354178936,3,0.845588235294118,5.56000023684838,3,0.920751633986928,5.49805123166164,3,0.888071895424837,0.0002363994233636,3.62635358714058,0.0024946360202321,2.60299281113721,-0.140986695059024,0.0326019232218793,1.48675677968626,0.164096346883459,0.784901087112751,-0.0790376898722807,0.0481475295039554,1.31742599203531,0.164947117333166,0.782655269916993,-0.0619490051867437
ID313,FT0313,460.455564142477,292.922378735829,,,292.921026152228,292.923403014317,459.341614671793,461.372831909719,11,295;1661;3203;4604;5643;6729;7698;8953;10160;11366;12563,,0.0,-0.0069080584706489,-0.0037629477095727,-0.0152260948953882,0.0043369132718461,-0.0152439435480745,0.0099510248838011,4.7249333556217,3,0.574346405228758,4.65579549498906,3,0.626633986928105,4.66697267069565,3,0.569444444444444,0.294549363846531,0.530841910895191,0.42589289027329,0.37069960984607,0.0691378606326412,0.398090096323147,0.400018626650288,0.561135164945579,0.250932514288373,0.057960684926047,0.899508055939204,0.0459949427861608,0.945699010163109,0.0242470655274481,0.0111771757065942
ID314,FT0314,217.701900604303,293.087037842009,"MMV676588;gamma-L-Glutamyl-L-pipecolic acid;(2S,2'S)-Pyrosac",,293.085851738837,293.08733836468,211.181183336494,219.008038904941,7,296;3204;5644;7699;8954;10162;12564,59.01414;71.04979;85.02899;87.00934;89.02362;97.02936;99.00888;115.0392;221.1543|1492;2777;430;280;257;398;175;5609;185,1.0,-0.0141151413331712,0.0015808889053752,-0.0121808850290614,0.0476271167498115,-0.0076487189641971,-0.0359016462040127,4.05199109193798,2,0.119281045751634,3.91104158435982,1,0.16421568627451,3.98407321591023,2,0.110294117647059,0.504561434611381,0.297085947190492,0.609139275039765,0.215283397899415,0.140949507578167,0.715571030638544,0.145347249838164,0.818569891109244,0.0869442337508441,0.0679178760277499,0.6848335196111,0.164414990991724,0.813850017704841,0.0894556227333031,0.0730316315504167
ID316,FT0316,73.8374593218437,293.175004232074,Gingerol;Nordihydrocapsiate;Tanacetol A,,293.174142832572,293.175610300685,72.7189427936662,74.8485270165324,10,1663;3207;4607;5646;6732;7701;8956;10164;11369;12566,136.0882;148.052;164.0832;177.0908;192.1144;193.1598;205.1211;220.1459;221.1538;236.1043;249.1845;293.1763|4942;1902;204;2293;5658;9397;3677;9998;17107;7050;2630;1286,1.0,0.0158913293564082,-0.0029525625255124,-0.0611158370023366,-0.0302076764478021,0.0446793752377393,-0.0692850540456609,4.81928390181907,2,0.624183006535948,5.14107724886912,3,0.81781045751634,5.13105983979264,3,0.780228758169935,0.339510056289142,0.469147357388779,0.474927349694125,0.323372819933187,-0.32179334705005,0.359354648903212,0.444476732385216,0.537705199155324,0.269455764241587,-0.31177593797357,0.859682356184272,0.0656619864761707,0.92295244679581,0.0348206745170951,-0.0100174090764797
ID317,FT0317,498.558770048337,293.989163210385,"4-Bromo-2,5-dimethoxyphenethylamine;Stepronin",,293.987085540007,293.989712220175,496.441003045615,499.272813590885,8,299;1665;3208;7702;8957;10165;11370;12567,78.95944;196.0118|5832;470,1.0,-0.0278316747190052,0.0455453466847401,0.0028343300873788,-0.0136626996063817,0.0142921771847718,-0.0065644023731128,4.21492339600345,3,0.223039215686275,3.77987900962618,0,0.0906862745098039,4.35050853496998,3,0.368464052287582,4.04466092331985e-05,4.39311788080166,0.000685313674754,3.16411060218089,0.435044386377269,0.00615524563009,2.21075461151184,0.057196436316529,1.24263102953356,-0.135585138966532,1.49552752007381e-06,5.82520559085317,0.0001198229810679,3.92145987982785,0.570629525343802
ID319,FT0319,381.470842245231,294.116030781565,"7-Hydroxyheptaphylline;3-hydroxy-1-methyl-4,5-diphenylpiperi",,294.114658866053,294.117402697078,381.124489041946,381.817195448515,2,1666;3210,59.0136;68.04978;71.01369;85.02898;89.02308;101.0221;101.0255;113.0252;114.0551;116.074;119.0349;128.0346|1835;48;605;36;637;48;36;124;4014;48;174;48,1.0,-0.0174727255713237,-0.0171176562810006,-0.00095506061252,-0.026718553305111,0.0151833990395119,-0.0036592031736164,3.83325418062257,2,0.0457516339869281,3.60128317804778,0,0.0155228758169935,3.60128317804778,0,0.0049019607843137,0.123300397071861,0.909035524816754,0.223238948555052,0.651230031657143,0.231971002574795,0.123300397071861,0.909035524816754,0.318262563382068,0.497214443605765,0.231971002574795,,,,,
ID320,FT0320,38.0363557226458,294.181643808365,"N-Isobutyl-2,4,8,10,12-tetradecapentaenamide",,294.177903220705,294.182445005112,37.0988129800163,38.9198639693722,11,300;1667;3211;4609;5648;6734;7703;8959;10167;11372;12569,,0.0,-0.006358191308845,-0.0214546375761404,0.0270221809566113,0.0303373174315053,-0.0354159661614965,-0.0090931127348853,5.06849915158999,3,0.729575163398693,4.97836932502799,3,0.765522875816993,4.78980410980342,3,0.634803921568627,0.44074771127899,0.355809934233373,0.548594570038894,0.260748495334872,0.0901298265619994,0.0625153301259138,1.20401347109262,0.234529561466161,0.629802408503334,0.278695041786572,0.100358373666332,0.998446385155961,0.269372408798401,0.569646890128486,-0.188565215224573
ID322,FT0322,443.923019318217,296.051670687924,Flumequine;Flumequine;Dihydromaleimide beta-D-glucoside,,296.050565430502,296.056698294184,442.781323445066,444.226082966365,10,302;1668;3213;4610;5650;7706;8961;10168;11373;12571,78.95832;140.0113;152.9954;214.0476|6736;5637;1335;5518,1.0,-0.0018181251600481,0.0318638282320614,-0.0429662777580938,0.0182043383331792,-0.0291661569049703,-0.0105360029445458,3.96976966467916,3,0.082516339869281,4.00021757402345,2,0.213235294117647,4.27773284772513,3,0.316993464052288,0.878195621493635,0.0564087325309861,0.907619701595226,0.042096085505011,-0.0304479093442982,0.0013389860743665,2.87322393968493,0.022257420443245,1.65252517028795,-0.307963183045977,0.214584963011369,0.668400714383079,0.399389440229731,0.398603421965528,0.277515273701679
ID325,FT0325,89.6991527427439,297.133714987302,"PSEUDO-ANISATIN;Toxin T2 tetrol;3,7,8,15-Scirpenetetrol",+,297.133670881135,297.13375909347,87.3888376360922,92.0094678493957,2,1670;11375,59.01376;71.0126;101.0245;163.0627;183.0139|410;72;269;108;84,1.0,-0.0048691783135888,0.0356421819947045,-0.0053803326910294,-0.0957580639703009,-0.0571049225443485,0.0287547775714976,4.3477723392962,1,0.313725490196078,4.22595534096844,0,0.368872549019608,4.55641858840791,1,0.499183006535948,0.373900966300058,0.427243412464821,0.484179615133447,0.314993499118616,0.121816998327754,0.585443996001902,0.232514643530375,0.716531253465347,0.144764861914899,-0.208646249111716,0.373900966300059,0.427243412464819,0.561573265987348,0.250593575220363,0.33046324743947
ID326,FT0326,43.5184729983316,298.156808191921,PYR_300.1709_10.6;N-Desmethylvenlafaxine;Tramadol,,298.155138088839,298.157966548207,42.4258540372862,44.0725538754964,11,306;1674;3216;4613;5652;6737;7709;8964;10171;11378;12575,,0.0,0.0033139557456069,-0.025759131829108,0.0311425819101719,0.0218743710744385,0.0193351648813834,-0.0301369314291531,5.41554246729676,3,0.844771241830065,5.45157209791976,3,0.898692810457516,5.2127995042978,3,0.801470588235294,0.615660654248654,0.210658600491196,0.696744842014234,0.156926237674648,-0.0360296306230046,0.211029521623425,0.675656785549148,0.42205904324685,0.374626789885166,0.202742962998963,0.172474381224286,0.763275404470137,0.339995950825576,0.468526255147686,-0.238772593621968
ID327,FT0327,86.1385369906146,298.137426473856,Melperon;Protriptyline;Nortriptyline,,298.137426473856,298.137426473856,86.1385369906146,86.1385369906146,1,11377,,0.0,0.0014148520284326,0.013566939154099,-0.0008864516435819,-0.0246817723910375,-0.022681638922229,0.0058422516393727,4.16441009257591,0,0.190359477124183,4.16441009257591,0,0.320261437908497,4.2647534244639,1,0.308006535947712,,,,,,0.373900966300058,0.427243412464821,0.537705199155324,0.269455764241587,-0.100343331887994,0.373900966300058,0.427243412464821,0.561573265987348,0.250593575220363,0.100343331887994
ID328,FT0328,444.066449194057,298.113408950695,,,298.112225641233,298.114265455519,443.417127779524,444.226082966365,7,305;1672;3215;7708;8963;10170;12574,74.02465;118.0513|6639;6870,1.0,-0.0369362025452585,-0.0006570190980045,0.0223513236908051,0.0347314357885174,0.0136750228205155,-0.0032590447950974,4.17441645263041,3,0.198529411764706,3.64233583156753,0,0.0269607843137255,3.84691928363641,2,0.0522875816993464,0.0001524378877136,3.81690707774727,0.001781477351545,2.74921969459364,0.532080621062883,0.0399501204123671,1.39848190735505,0.187053276969533,0.728034679033169,0.327497168994006,0.116165207093254,0.934923929002948,0.273912994266569,0.562387364590118,0.204583452068878
ID329,FT0329,422.709652565928,298.113798705347,,,298.113798705347,298.113798705347,422.709652565928,422.709652565928,1,1673,59.01467;74.02586;118.0498|36;654;758,1.0,-0.0078490373644889,-0.0074449336793723,-0.0020271458288869,-0.0119216903794671,0.0144918187479369,0.0078371717676697,3.87453804998227,1,0.0580065359477124,3.77419471809427,0,0.0890522875816993,3.77419471809427,0,0.0310457516339869,0.373900966300059,0.427243412464819,0.484179615133447,0.314993499118616,0.100343331887994,0.373900966300059,0.427243412464819,0.537705199155324,0.269455764241587,0.100343331887994,,,,,
ID330,FT0330,388.767587871752,299.005265673964,Sinalbin B,,299.003863406831,299.006860650496,387.510781594509,390.433823232179,10,307;1675;3217;4614;6738;7710;8965;10172;11379;12576,,0.0,0.0070063572258212,0.0191412684860805,0.0403041810824062,0.0131703162286167,-0.0040900430333296,-0.0371771927275505,4.0639786869823,3,0.123366013071895,4.06519808584561,2,0.254084967320261,4.19690502004183,3,0.240196078431373,0.996114509258558,0.0016907339853497,0.996114509258558,0.0016907339853497,-0.0012193988633102,0.16870935583227,0.772860832801131,0.369204532328591,0.432732976245217,-0.132926333059535,0.592365010223112,0.227410602270699,0.744924533330142,0.127887722444191,0.131706934196225
ID331,FT0331,411.360250785692,299.005092675725,Sinalbin B,,299.00412901949,299.005276873996,411.277316949763,412.653070809724,5,3218;4615;5653;6739;7711,59.01366;135.0321;156.9841;173.0123;217.0024|178;60;72;96;159,1.0,0.0300793059106496,-0.0403585472357241,0.0032165176154732,0.0206174936868131,-0.0113495865597151,0.0087582157596816,3.83584112212627,1,0.0465686274509804,4.28063486601992,3,0.415032679738562,3.73549779023828,0,0.0212418300653595,0.0176158849954473,1.75409553363604,0.0577436230232238,1.23849597054829,-0.444793743893654,0.373900966300059,0.427243412464819,0.537705199155324,0.269455764241587,0.100343331887994,0.0005620887058029,3.25019514101327,0.0081799961745867,2.08724689942846,-0.545137075781647
ID332,FT0332,43.7730930098904,299.150034997352,"1-[4,5-bis(hydroxymethyl)-3-methoxy-2-methylphenoxy]-3-methy",,299.148451084406,299.152827601019,42.6271124969951,45.3780487831159,11,309;1678;3219;4616;5654;6740;7712;8966;10173;11380;12577,,0.0,0.0056531472761869,-0.0201674532084502,0.0254129276604231,0.0198692235337945,0.0125657937100699,-0.0239630928865958,4.87038994898783,3,0.655228758169935,4.93820465990541,3,0.75,4.73043021737046,3,0.602124183006536,0.37004980204617,0.431739823775293,0.484179615133447,0.314993499118616,-0.0678147109175793,0.256008230331615,0.591746072461009,0.464217814517043,0.333278197361364,0.139959731617371,0.150952812686899,0.821158790404918,0.307975406303515,0.511483963152572,-0.207774442534951
ID334,FT0334,354.354150027317,302.063454513456,Neuraminic acid;N-(1-Deoxy-1-fructosyl)serine;4-Hydroxypheny,,302.062472727688,302.064637787479,348.511498724451,358.161608832896,8,311;1680;3222;7715;8968;10176;11382;12579,59.0142;71.04995;88.03992;99.04406;146.0811;218.1044|264;2356;8570;360;7172;3601,1.0,-0.0272697709666279,0.0278365001908007,0.0010154452231477,0.0069600809958517,-0.0001865374166692,-0.0014740271609139,4.41857730673936,3,0.36437908496732,4.01469701451388,0,0.222222222222222,4.41440069491613,3,0.408496732026144,2.23874627231573e-06,5.64999512427593,0.0001077284706238,3.96766950560813,0.403880292225477,0.922825556945954,0.0348803865318409,0.952828264482035,0.0209853685209581,0.0041766118232269,0.0005236503044743,3.28095863961127,0.0078346141707898,2.10598238625638,0.39970368040225
ID335,FT0335,432.532521663854,302.106259994464,,,302.103345549698,302.106970740847,432.193135490768,432.629769515447,3,4618;5656;6741,78.95918;168.0416;210.0529;242.0794|520;262;192;359,0.666666666666667,0.0262860146761507,-0.0284117033074654,-0.0109572663392394,0.0014155696433402,-0.0003990246884826,0.0245248636130403,3.75046452675513,0,0.0318627450980392,4.15084212704175,3,0.312908496732026,3.75046452675513,0,0.0261437908496732,0.0022820966229564,2.64166597169323,0.0130111954379936,1.88568279965108,-0.400377600286621,,,,,,0.0022820966229564,2.64166597169323,0.0214774738628243,1.6680168008101,-0.400377600286621
ID337,FT0337,524.274991592599,304.060237990279,"2-{[hydroxy(2,3,4-trimethoxyphenyl)methylidene]amino}acetic ",,304.060237990279,304.060237990279,524.274991592599,524.274991592599,1,313,,0.0,-0.0049818215845863,0.0007355480641589,0.0191026129394699,0.0137529049112349,-0.0101883321956543,0.0245115435672562,4.28892376280865,1,0.273692810457516,4.18858043092066,0,0.330065359477124,4.18858043092066,0,0.23202614379085,0.373900966300058,0.427243412464821,0.484179615133447,0.314993499118616,0.100343331887994,0.373900966300058,0.427243412464821,0.537705199155324,0.269455764241587,0.100343331887994,,,,,
ID338,FT0338,396.754122069099,304.087081397092,Alachlor;Acetochlor;7-Aminoflunitrazepam,,304.087081397092,304.087081397092,396.754122069099,396.754122069099,1,314,,0.0,-0.0049818215845863,0.0007355480641589,0.0191026129394699,0.0137529049112349,-0.0101883321956543,0.0245115435672562,4.26541809193661,1,0.264705882352941,4.16507476004862,0,0.321078431372549,4.16507476004862,0,0.215686274509804,0.373900966300058,0.427243412464821,0.484179615133447,0.314993499118616,0.100343331887994,0.373900966300058,0.427243412464821,0.537705199155324,0.269455764241587,0.100343331887994,,,,,
ID341,FT0341,466.961890010156,305.116482624829,"NCGC00380148-01!6-(2,4-dihydroxy-3,5-dimethylhexyl)-4-hydrox",,305.115651888208,305.116816994613,465.507561664786,467.913468899928,8,4621;5659;6744;7719;8972;10180;11386;12582,,0.0,0.0249763633551646,0.0117053325070771,-0.0249481857205888,0.0065899122405148,-0.0095021130221088,-0.0164981094921058,4.0891839218951,0,0.138888888888889,4.46962514165666,3,0.52859477124183,4.41713231958411,3,0.410130718954248,0.0001368650233236,3.86370752424235,0.0017111136387388,2.76672114707002,-0.380441219761556,3.86234466036146e-05,4.41314897410548,0.0024556380787982,2.6098356407732,-0.327948397689001,0.168482422578256,0.773445401471953,0.333818314344354,0.476489840213684,-0.0524928220725549
ID342,FT0342,396.81240566878,306.025007345621,,,306.024070966357,306.025961761462,396.324845771143,397.802029049989,11,317;1683;3225;4623;5661;6746;7720;8973;10182;11389;12584,,0.0,0.0028609536776636,0.0015473665618292,-0.0052851145152664,0.0039777393257804,-0.0107586092483673,-0.0033453215699673,5.92207839599293,3,0.94281045751634,5.97029325517252,3,0.959967320261438,5.96184641859866,3,0.957516339869281,0.178063403521098,0.749425329733856,0.293280396095063,0.532716965837314,-0.0482148591795912,0.248506620555069,0.604662036579612,0.458871873048218,0.338308561948662,-0.039768022605732,0.737607634211745,0.132174596999334,0.848479480435105,0.0713586561648815,-0.0084468365738592
ID343,FT0343,525.571718164571,306.072269506139,N4-Acetylcytidine;N-Acetylcytidine;Arborinine,,306.072269506139,306.072269506139,525.571718164571,525.571718164571,1,318,,0.0,-0.0104554619127332,0.0015437113993791,0.0400910868908395,0.0288635333577078,-0.021382483779732,0.0514429322364072,4.4365481666926,1,0.379084967320261,4.22595534096844,0,0.368872549019608,4.22595534096844,0,0.276960784313726,0.373900966300059,0.427243412464819,0.484179615133447,0.314993499118616,0.210592825724161,0.373900966300059,0.427243412464819,0.537705199155324,0.269455764241587,0.210592825724161,,,,,
ID345,FT0345,421.99527441748,306.078928062086,Probenecid;Hallacridone;Aristolodione,,306.078928062086,306.078928062086,421.99527441748,421.99527441748,1,10184,,0.0,0.0012998090152012,0.0121366000752859,0.0092969230872989,0.0046915327441934,0.0252877535484119,-0.0140317361455001,3.84966056437281,0,0.0498366013071895,3.84966056437281,0,0.129084967320261,3.9500038962608,1,0.0882352941176471,,,,,,0.373900966300059,0.427243412464819,0.537705199155324,0.269455764241587,-0.100343331887994,0.373900966300059,0.427243412464819,0.561573265987348,0.250593575220363,0.100343331887994
ID346,FT0346,396.81240566878,307.026916694831,cis-Resveratrol 3-sulfate;cis-Resveratrol 4'-sulfate;Resvera,,307.026255728539,307.028090106929,396.324845771143,397.802029049989,11,320;1685;3227;4625;5663;6748;7722;8975;10185;11391;12586,,0.0,0.0027014230956887,0.0016113412065594,-0.0061024092992044,0.0020766023376538,-0.0151504705304061,-0.003710408208063,5.25068236384149,3,0.795751633986928,5.29783939480281,3,0.85702614379085,5.28911559839837,3,0.825980392156863,0.0953862747902759,1.02051411179147,0.19559007319089,0.70865319079494,-0.0471570309613147,0.351574578728214,0.453982534955478,0.537705199155324,0.269455764241587,-0.0384332345568774,0.80969227387536,0.0916800047639671,0.89649988957547,0.0474497595951247,-0.0087237964044373
ID349,FT0349,38.1907274644778,309.173309979697,C12-AE1S (TENTATIVE);Ropivacaine;Cyanidin 3-(diferuloylsopho,+,309.172710782042,309.174086733271,37.0988129800163,38.9198639693722,11,325;1689;3232;4628;5666;6752;7726;8979;10190;11396;12592,59.01423;64.97059;79.95733;80.96474;94.97965;95.95166;96.6676;96.96033;109.9672;122.9748;123.9821;138.9705;140.986;183.1754;195.0331;209.0481;223.0614;308.2266;309.1745;310.0606|940;1034;52240;3101;2020;16560;741;345997;216;10804;667;1936;1041;1962;336;656;263;2294;968730;499,1.0,-0.0039863214983171,-0.0344259302666796,0.0350371300662801,0.0548526920124699,-0.0149118280965298,-0.0033137646937442,6.07971359726568,3,0.964052287581699,6.0213937962185,3,0.964052287581699,5.71064574178781,3,0.937091503267974,0.697458425649783,0.156481674862977,0.765549713555373,0.116026601671482,0.058319801047177,0.0715962412304016,1.14510977735339,0.252889647386915,0.59706894912441,0.369067855477867,0.0578303623700869,1.23784408636083,0.188296050511431,0.725158789165917,-0.31074805443069
ID354,FT0354,485.319310543377,311.976392415346,,,311.975028049038,311.979403828716,484.596589791784,486.340083093067,8,330;1694;3237;5669;8983;10194;11401;12597,78.96437;180.9079|60;36,1.0,-0.022855672405355,0.0253781003425887,-0.0156846530223335,-0.019334958278401,0.015723084547515,-0.0087771798836267,3.97614898742418,3,0.0841503267973856,3.66653453815691,1,0.0334967320261438,4.04517797940539,3,0.146241830065359,0.0374051970163493,1.42706805344869,0.101347864888892,0.994185396223461,0.309614449267274,0.0615316818755252,1.21090121396646,0.233010256130515,0.632624962738531,-0.0690289919812082,0.021453071941129,1.66851051086586,0.097415311110107,1.01137277815179,0.378643441248482
ID355,FT0355,42.6280521487404,312.171482565243,Venlafaxine;Venlafaxine;Venlafaxine,,312.169899199644,312.172542162263,42.1722091294831,43.5323000066201,11,331;1696;3239;4631;5670;6755;7730;8984;10195;11403;12599,,0.0,0.0012868790613553,-0.022657722410633,0.0286870949728981,0.0227040933554798,0.0088614162871725,-0.0277504751219057,5.96705339148039,3,0.95016339869281,5.98085155498572,3,0.961601307189543,5.7706498539592,3,0.940359477124183,0.763958869959754,0.116930022354092,0.816201172790039,0.0882027855295743,-0.0137981635053226,0.201471148669342,0.695787137467408,0.409037222844648,0.388237168910845,0.196403537521195,0.191089911167841,0.718762241463028,0.365827677519516,0.436723440086284,-0.210201701026517
ID356,FT0356,434.562363412015,313.113047435737,SPA-9C (TENTATIVE);Phenylbutyrylglutamine;Fusarochromanone,,313.11209666812,313.113802318995,433.521651880441,435.47671531757,11,332;1697;3240;4632;5671;6756;7731;8985;10196;11404;12600,58.03005;67.03022;74.0245;82.02951;84.04552;86.0253;99.05624;101.0719;109.0406;127.051;128.0349;144.6215;145.0616;167.0438;313.113|3391;3623;9796;2504;16608;1666;2034;8106;48181;128626;37246;812;272624;2312;6190,1.0,-0.0125218259528418,0.0040789608816464,-0.0056501689041336,0.0055714669472269,-0.0209727480933748,-0.0041989476066296,5.83479834788076,3,0.935457516339869,5.67372402229564,3,0.936274509803922,5.77533845967068,3,0.941176470588235,0.0199520971435409,1.70001144935064,0.0631641391149467,1.19952941862761,0.161074325585116,0.200060882282556,0.698837820257371,0.407543922086556,0.38982557933652,0.0594598882100748,0.150010485026928,0.823878384743009,0.306588854687259,0.513443636943486,0.101614437375042
ID357,FT0357,42.6280521487404,313.166548784376,(-)-trans-Carveol glucoside;(+)-trans-Carveol glucoside;Peri,,313.163327237043,313.167946354184,42.1722091294831,44.0725538754964,11,333;1698;3241;4633;5672;6757;7732;8986;10197;11405;12601,,0.0,0.0025986078335597,-0.0185713091423825,0.0368058896156676,0.0212965648047244,0.0053025435472096,-0.035775066727099,5.38438506906353,3,0.834967320261438,5.3988089277492,3,0.88562091503268,5.2132042281918,3,0.802287581699346,0.836776232092699,0.0773906640618673,0.87448248751369,0.0582488833291853,-0.0144238586856735,0.280211527581237,0.552514002305271,0.486344145572032,0.31305630763072,0.171180840871725,0.280133058562792,0.552635636966429,0.484214876802571,0.314961871618753,-0.185604699557398
ID359,FT0359,42.6275823228677,314.170738429065,Nonivamide;Nordihydrocapsaicin;VEN_294.2063_13.1,,314.166463878653,314.172976160722,42.1722091294831,43.5323000066201,10,335;1700;3243;4635;5674;6759;7734;8988;10199;12603,81.95294;119.0496;120.0525;172.0005;183.0119;184.0157;185.0069;186.0115;187.019;199.0211;200.0293;242.0748;314.1702|180;458;417;176;791;965;10245;9406;466;557;836;292;29117,1.0,0.0032447118196508,-0.0306895306338943,0.0315691578764961,0.0460434254893188,0.0376471192823446,-0.0364987094353694,4.60831920234051,3,0.491830065359477,4.6564665837085,3,0.627450980392157,4.3765204997688,2,0.383986928104575,0.495508399897772,0.304948978921733,0.600903835763125,0.221195023736067,-0.0481473813679916,0.290537721309688,0.536797473968551,0.497124033062469,0.303535240735242,0.231798702571709,0.235723602346753,0.62759693060352,0.42724600149834,0.369321993055049,-0.2799460839397
ID360,FT0360,357.825733006839,314.979190813439,,,314.978250775602,314.98073678074,355.515218151429,362.946794284257,11,336;1701;3244;4636;5675;6760;7735;8989;10200;11407;12604,59.0142;156.9816;173.0126;217.003|4920;1084;1319;1433,1.0,-0.0114869325931221,0.013090381488903,0.0066852325212277,0.0090901845929154,-0.0147838774122311,-0.0103469957136822,4.55111738230327,3,0.464869281045752,4.37584287310461,3,0.468954248366013,4.5441030668172,3,0.490196078431373,0.0456319490023359,1.34073098152576,0.11704740863499,0.931638196900997,0.17527450919867,0.911021668811266,0.0404712931332099,0.946271862359423,0.0239840735765453,0.0070143154860788,0.0106251880623229,1.97366337434059,0.0610817461513835,1.21408855620843,0.168260193712591
ID362,FT0362,432.652226016577,316.115979993617,N-(1-Deoxy-1-fructosyl)histidine;NCGC00385487-01_C15H21NO5_;,,316.114686527891,316.116951414066,432.193135490768,433.736303670502,11,339;1704;3247;4638;5677;6762;7738;8992;10202;11409;12606,59.01417;78.95911;96.96962;152.9954;168.0429;171.0062;242.0794|116379;123295;1719;32381;85027;7211;137811,1.0,0.0662549992558524,0.0188660204598205,-0.051058551718945,0.0354342660192552,-0.0317078384580468,-0.0336764474032374,4.63705663819443,3,0.508169934640523,5.63676339074817,3,0.931372549019608,5.37306752519752,3,0.852941176470588,0.000344396380988,3.46294142088031,0.0032367878619426,2.48988576318833,-0.999706752553749,0.0002686064129902,3.57088362274319,0.0101398920903807,1.99396666677799,-0.736010887003098,0.0227192188432074,1.64360660508764,0.101583633678249,0.993176256380547,-0.263695865550651
ID364,FT0364,432.58114558965,317.118651400017,Milnacipran HCl;C10-DATS (TENTATIVE);Tsitsikammamine B,,317.117417801942,317.120077233833,432.193135490768,433.448669227508,8,4639;5678;6763;7739;8993;10204;11411;12608,,0.0,0.0368714576523752,0.0009266084826447,-0.033335701773885,0.0112393109054787,-0.0219263914644627,-0.014204453731997,4.06687421176824,0,0.125,4.63781928125734,3,0.618464052287582,4.41557441010928,3,0.409313725490196,0.000602939879862,3.21972598992593,0.0049009234829327,2.30972207798104,-0.570945069489097,0.0006655468719549,3.17682135339055,0.0157643259082666,1.80232459520337,-0.348700198341038,0.03169830303094,1.4989639871206,0.122896742980422,0.910459626669069,-0.222244871148059
ID366,FT0366,452.473133540358,318.076277748131,(S)-Annocherine A;7-Methylinosine,,318.072404321102,318.078092175016,451.735752255146,453.429671880379,7,340;1705;3249;4640;6764;7741;8994,58.03069;74.02459;78.95923;99.05619;128.0347;143.0446;171.0048;177.0346;318.0743|408;593;3155;752;8868;2741;1358;1716;405,1.0,-0.0451971911086638,-0.0587422652469044,0.058957694900413,0.0388696475183304,-0.047193851529711,-0.0306739347414674,4.47591967185329,3,0.412581699346405,3.8322139529696,2,0.120915032679739,3.58412232981484,0,0.0032679738562091,0.0087999670616361,2.05551895341533,0.0340397439715381,1.46801371510233,0.64370571888369,1.11908418817068e-05,4.95113724047554,0.001254687612487,2.90146438976921,0.891797342038451,0.130431970808218,0.884615943544485,0.283452718683781,0.54751937319867,-0.248091623154761
ID367,FT0367,431.029503068816,318.120378313046,Rhetsinine,,318.120018158745,318.120738467348,430.863191485012,431.195814652621,2,4641;5679,59.01529;78.95917;96.96854;168.0396;170.0445;171.0065;197.0209;244.083|36;187;36;48;36;78;36;48,1.0,0.0115953488649336,-0.0159806096053029,-0.020779021749171,0.0084389380220087,-0.0070224484284696,0.0187120257904211,3.65295885430204,0,0.017156862745098,3.8669588912878,2,0.142156862745098,3.65295885430204,0,0.0098039215686274,0.117653694774645,0.92939442977105,0.21909813438684,0.659361320426289,-0.214000036985763,,,,,,0.117653694774645,0.92939442977105,0.273912994266569,0.562387364590118,-0.214000036985763
ID369,FT0369,129.015161818219,321.118357969316,Pesticide3_Bifenazate_C17H20N2O3_1-Methylethyl 2-(4-methoxyb,,321.117674729859,321.118797487705,127.549296231216,130.450783530992,8,344;3255;4643;5681;6766;7743;8996;12612,57.03493;59.0142;71.01379;85.02888;87.00819;89.0245;113.0234;125.06;143.0709|2765;5939;827;878;794;1043;244;535;7641,1.0,0.0176008405633168,-0.0409846141691269,-0.0016638632995468,0.0470192505180387,-0.0347817851444797,-0.0147983931041842,4.02110727062606,2,0.0980392156862745,4.31859187659591,3,0.430555555555556,3.83064361923726,1,0.0441176470588235,0.116386754096278,0.934096443657205,0.218646672641802,0.660257127348624,-0.29748460596985,0.341665977650902,0.466398265140708,0.537705199155324,0.269455764241587,0.190463651388794,0.0097907451660556,2.00918425312123,0.0581688588353085,1.23530945616708,-0.487948257358644
ID370,FT0370,37.3557274055033,321.208117205567,"NCGC00380425-01!1-(3,5-dihydroxyphenyl)-12-hydroxytridecan-2",+,321.201944192659,321.210318862718,36.6335226468514,38.2765882053917,11,345;1712;3256;4644;5682;6767;7745;8998;10207;11414;12613,79.95738;96.95943;265.1465;320.2253;321.2103|3338;56517;1683;276;76390,1.0,-0.0105874899681555,-0.0347896283238383,0.0185172195905205,0.0382727707194874,0.0039089707583173,-0.0292795296672058,5.00202546665655,3,0.709150326797386,4.88578956502204,3,0.732843137254902,4.64757753090081,3,0.558006535947712,0.19710631162893,0.705299468760999,0.316113312620161,0.500157214139122,0.116235901634504,0.0527288235484974,1.27795191825882,0.211869408759845,0.673931745346232,0.354447935755736,0.129928548188133,0.8862954142974,0.283142285870597,0.547995266103388,-0.238212034121231
ID371,FT0371,37.5747445462383,322.208861294349,,,322.207544419192,322.210001488707,37.0988129800163,38.6597724805852,6,346;1713;4646;5683;7746;8999,,0.0,-0.0051625468955805,-0.0238978036295379,0.0032984089989282,0.055881741370759,-0.0427529123451672,0.0040100423752179,4.10862690029938,2,0.156045751633987,4.08818258305643,2,0.275326797385621,3.8562643687052,0,0.0563725490196078,0.914222356571131,0.0389481625951912,0.933624359045051,0.0298278257064294,0.0204443172429567,0.132520207069628,0.877717894182118,0.327370981881618,0.484959819020626,0.252362531594184,0.120126784661917,0.920360147185499,0.274315503268827,0.561749647029673,-0.231918214351227
ID372,FT0372,455.500893941666,323.028046238453,STD_5’UMP-diNa;Uridine 5'-monophosphate;URIDINE-5-MONOPHOSPH,+,323.026168005731,323.031148113053,454.373346904666,456.063841692184,10,347;1714;3257;4647;5684;7747;9000;10208;11416;12614,78.95837;96.96978;111.02;138.9801;150.9805;211.0002;323.0299|27952;10630;2572;1150;1088;1236;2258,1.0,-0.054139964009363,0.0211064176227316,0.0017116448312442,0.0053872018532989,-0.0120112994405804,0.0140791741077692,4.90178282120882,3,0.670751633986928,4.13764359834235,2,0.303104575163399,4.64223939270736,3,0.554738562091503,0.003869013355995,2.41239977107356,0.0182425531027487,1.73891438087372,0.764139222866476,0.0029287152359979,2.53332285346246,0.0343484272338394,1.46409314388252,0.259543428501458,0.0156860091884541,1.8044875349275,0.0809981093934777,1.09152511802953,0.504595794365017
ID373,FT0373,365.233548517577,322.95436860916,Trichloroethanol glucuronide,,322.954036208993,322.954701009327,365.036457646932,365.430639388222,2,6769;11415,59.01448|223,1.0,0.0119950832809163,0.0198970040088651,0.0130952190790754,-0.0575830594426548,-0.0328109159306854,0.0093381994535371,3.89629750900073,0,0.0620915032679739,3.99664084088873,1,0.21078431372549,4.08559995977706,1,0.174019607843137,0.373900966300059,0.427243412464819,0.484179615133447,0.314993499118616,-0.100343331887994,0.373900966300058,0.427243412464821,0.537705199155324,0.269455764241587,-0.189302450776325,0.699295652645495,0.155339171656717,0.822701600653061,0.0847576577270918,0.0889591188883316
ID374,FT0374,43.5253865024759,323.170013984194,"2,3-Epoxymenaquinone",,323.165617405235,323.174349792471,42.4258540372862,43.9443910105951,10,349;1716;3259;4648;5685;6770;7749;9002;10210;12617,79.95718;96.96081;170.004;183.0119;184.0199;195.0141;196.0187;197.0269;209.0293;210.0348;223.0433;237.0594;251.0736;259.2079;265.0895;279.1064;323.1676;325.1851|329;1011;550;5454;1062;450;192;1580;3179;880;1520;1273;927;324;402;331;29418;490,1.0,-0.0067505030794882,-0.033355570804548,0.0223180714091289,0.0380663817964508,0.0366453965769246,-0.0292932023167921,4.84864918413554,3,0.644607843137255,4.77549654915083,3,0.679738562091503,4.53847666028548,2,0.487745098039216,0.163483521855027,0.786526015040886,0.275258163206961,0.560259792490025,0.073152634984706,0.166527558462117,0.77851388529492,0.369204532328591,0.432732976245217,0.310172523850061,0.256659402387616,0.59064282129115,0.453820488767194,0.343115900787649,-0.237019888865355
ID375,FT0375,411.356243486467,323.091213020945,S-6-Hydroxywarfarin;S-4'-Hydroxywarfarin;R-4'-Hydroxywarfari,,323.089731182699,323.09229716243,410.798430960455,412.031252283315,8,348;1715;3258;7748;9001;10209;11417;12615,,0.0,-0.0334407116023629,0.0200630422575798,0.0219697368322192,-0.0003012782970253,0.0002073511788501,-0.0057382243072003,4.22675102802987,3,0.23937908496732,3.71717242853107,0,0.0588235294117647,4.0815786022058,3,0.170751633986928,1.33756894112155e-05,4.87368382427717,0.0003605879374907,3.44298880553604,0.509578599498793,0.0230261662729715,1.63777836360284,0.133318978450197,0.875108022757848,0.145172425824062,0.0004986629509535,3.30219289726016,0.0078346141707898,2.10598238625638,0.364406173674731
ID378,FT0378,356.513693969341,324.912687575073,,,324.912108992138,324.913791803618,355.44331202672,361.703197861647,11,351;1718;3261;4651;5687;6773;7751;9004;10212;11420;12618,59.01377;142.9754|1652;228,1.0,-0.021745940280928,0.0056376895503935,-0.0235619301555066,0.0098909550163791,-0.0154303815314298,0.0132951020942503,4.8317541840764,3,0.634803921568627,4.56618292884051,3,0.582516339869281,4.74593829533575,3,0.610294117647059,0.0596255164112364,1.22456784655008,0.13918123986225,0.856419299016925,0.265571255235892,0.355305870659558,0.4493976166762,0.537705199155324,0.269455764241587,0.0858158887406546,0.233056010925068,0.632539691367213,0.426106283622923,0.370482061381241,0.179755366495237
ID382,FT0382,42.1722091294831,326.18723085674,Penbutolol,,326.186484098969,326.188882292054,41.0969008695207,42.7965903237448,11,356;1723;3266;4655;5692;6777;7756;9009;10217;11424;12623,,0.0,0.0063325848096648,-0.0199874223776942,0.0387896314636677,0.0163735625601232,0.0242915087662687,-0.0319829730131904,5.98387823225634,3,0.952614379084967,6.04381837921042,3,0.964869281045752,5.8347681534335,3,0.947712418300654,0.494878331964082,0.305501561170544,0.600745341425621,0.221309588315974,-0.0599401469540837,0.424015117760463,0.372618658872119,0.585383156862445,0.23255977760932,0.149110078822836,0.314449129701963,0.502449602926714,0.531976570154222,0.274107494916998,-0.209050225776919
ID383,FT0383,356.271393052889,326.911026932282,,,326.909835025571,326.912097438972,355.44331202672,358.268109798548,9,357;1724;3267;4656;5693;7757;9010;11425;12624,59.01419|48,1.0,-0.0216298467967396,-0.0062065698645556,-0.0291523603933569,-0.002272263170675,-0.0332083249197357,0.030736679162059,4.21928646376376,3,0.227124183006536,3.96520555244758,2,0.191176470588235,4.04253792404878,2,0.141339869281046,0.0765749508987018,1.11591327299909,0.164499403448461,0.783835672665443,0.254080911316178,0.292494569313605,0.533882192963097,0.499764412632015,0.301234672474884,0.176748539714978,0.684684511994142,0.164509496043235,0.813850017704841,0.0894556227333031,0.0773323716011993
ID384,FT0384,462.10680575862,326.986983454868,iodinated analogue of makaluvamine Q;Bis(4-isothiocyanatobut,,326.985946383584,326.988607272299,461.835437320678,462.246307235342,4,358;1725;3268;12626,,0.0,-0.0332067277441688,-0.0148169826314534,0.0039157638225751,-0.0145252601579606,0.0244565680525283,0.0431265436172429,4.44322680669457,3,0.387254901960784,3.96974950433986,0,0.195261437908497,4.07009283622785,1,0.163398692810458,0.000142965716713,3.8447680941952,0.0017549771143444,2.75572854254785,0.473477302354712,0.0242578147810205,1.61514832429752,0.138639798942047,0.858112080115425,0.373133970466718,0.373900966300058,0.427243412464821,0.561573265987348,0.250593575220363,0.100343331887994
ID386,FT0386,42.2285201974285,327.181231137826,NCGC00180698-03!(2S)-2-[(1S)-1-carboxyundecyl]-5-oxooxolane-,,327.177033853979,327.183036934844,41.0969008695207,43.5323000066201,11,360;1727;3270;4657;5694;6778;7759;9012;10219;11427;12627,59.01423;79.95729;99.04383;135.0438;170.0007;183.0102;184.0138;185.0068;197.0288;199.0053;213.0183;241.0543;255.0795;309.152;327.1627|83;48;60;158;48;1173;147;332;60;954;112;60;48;120;3083,1.0,0.0071131922768839,-0.0170039538853796,0.0376608968993679,0.0144944306901159,0.0247939364926481,-0.0338496785547532,5.38151609144452,3,0.831699346405229,5.45102332186577,3,0.897875816993464,5.26283865322806,3,0.816993464052288,0.418446691438612,0.378359861658061,0.5293284645643,0.27627475125563,-0.0695072304212569,0.512170234402063,0.290585664857369,0.65851220340467,0.181436172376912,0.118677438216452,0.3495134827055,0.456536066408545,0.561573265987348,0.250593575220363,-0.188184668637709
ID387,FT0387,42.1929257287946,328.181284015809,,,328.180052063095,328.185053104445,41.0969008695207,42.7965903237448,10,361;1729;3272;4658;5695;6779;7760;9013;10220;11428,119.0494;120.0527;183.0099;183.0138;184.0136;185.0066;186.0099;187.0188;197.0286;199.0218;200.0237;200.0298;201.0381;214.0494;311.1285;327.1825;328.182|84;60;209;110;175;2065;1579;171;110;547;235;186;84;36;36;60;7328,1.0,0.0039359785537616,-0.0277773083229771,0.0557805029653061,0.0147662980114938,0.0086238139380064,-0.0291188052474133,4.7076754925219,3,0.559640522875817,4.7216246851345,3,0.658496732026144,4.43525254124753,2,0.423202614379085,0.848736523797699,0.0712271083659456,0.884008691020461,0.053543465254264,-0.0139491926125945,0.251038744249684,0.600259246187017,0.459590160715141,0.337629277618351,0.272422951274372,0.251847778342663,0.598861875887381,0.449398099886678,0.347368768166279,-0.286372143886966
ID388,FT0388,486.518986387715,329.986387273948,Diclofenac;Meclofenamic acid;Hydroflumethiazide,,329.984626242345,329.986925669729,484.596589791784,487.154824339834,11,364;1732;3274;4660;5696;6780;7761;9014;10221;11429;12628,78.95973;198.919|1669;277,1.0,-0.0068194637495892,0.0090688240851553,-0.0077565538763319,0.0084638632928532,-0.0178252072810161,0.0012308842166763,4.16934880494797,3,0.194444444444444,4.08506847789051,3,0.269607843137255,4.18793308197311,3,0.231209150326797,0.207327545421835,0.683342993950604,0.32904358462067,0.482746572242813,0.0842803270574537,0.680275048138973,0.167315458268141,0.789406588042151,0.102699253493564,-0.0185842770251465,0.137081229556577,0.863022008799788,0.290861445259138,0.536313842248661,0.1028646040826
ID389,FT0389,431.644811656114,331.125407816659,Zanamivir;Panaxydol chlorohydrin;meta-O-Dealkylated flecaini,,331.123333192888,331.126636754159,430.863191485012,432.440630679325,8,4661;5697;6781;7762;9015;10222;11430;12629,74.02446;78.95904;145.0616;152.9954;168.0421;242.079|19793;5395;408;1370;4509;8835,1.0,0.0280323533115421,0.0428892148507057,-0.0432384235360499,0.0170479989824356,-0.0146234837762062,-0.0384880682708852,3.86665672396221,0,0.0563725490196078,4.29809346796285,3,0.420751633986928,4.49554720629429,3,0.46078431372549,0.0027080662162371,2.56734072071259,0.0142886125356722,1.8450099403732,-0.431436744000645,3.33781379546611e-06,5.47653789469607,0.0006720131774871,3.1726222107946,-0.628890482332082,0.0429287768326758,1.36725148567354,0.151353119527893,0.820008623403885,0.197453738331437
ID392,FT0392,476.697066122326,334.061854240386,Flunitrazepam;Flubendazole;Imipenem,,334.06029033981,334.063082485472,474.757103097827,477.3152229702,11,367;1735;3277;4664;5700;6784;7765;9018;10225;11433;12632,,0.0,-0.0153214946250832,0.0095328872967308,-0.0054917172278627,0.0148426323230619,0.0028107593349499,-0.0045714875656716,4.48223545214624,3,0.415032679738562,4.28109360898384,3,0.415849673202614,4.45385818353671,3,0.43218954248366,0.036935228592555,1.43255920878113,0.100300406313417,0.998697307664353,0.201141843162399,0.500597302107321,0.300511495285248,0.649539786192958,0.187394241981477,0.0283772686095221,0.0816412392076677,1.0880904118814,0.238785278584833,0.621992451522779,0.172764574552877
ID393,FT0393,462.106797077497,334.87893060101,,,334.87744014065,334.880421903831,460.455564142477,463.524879238145,6,368;4665;5701;9019;11434;12633,,0.0,0.0072364149632338,0.0038097480835994,-0.0281017773706305,0.0079191629650925,-0.0435105552216895,0.0238599740621212,3.95138363984031,1,0.0759803921568627,4.09289855193939,2,0.279411764705882,4.05879404884651,2,0.155228758169935,0.423222177089238,0.373431583092126,0.532834121283146,0.273407971881109,-0.141514912099076,0.502862556604347,0.298550700957953,0.651778936027952,0.185899679026822,-0.107410409006196,0.842415878916622,0.074473455615455,0.911965983947772,0.0400213604208047,-0.0341045030928804
ID394,FT0394,410.397822103328,335.05186121996,"Dimethyl fukiic acid;Salicylic acid beta-D-glucoside;(3,4,5,",,335.051031752247,335.05343865492,409.572627098837,411.360250785692,8,369;1736;3278;7766;9020;10226;11435;12634,,0.0,-0.0314039011891999,0.0186437847208945,0.0117698414194393,-0.0058460652748176,-0.0082029158233645,-0.0005564512097231,4.44093651889187,3,0.381535947712418,3.96999288905017,0,0.196078431372549,4.31552571640992,3,0.342320261437909,4.14743900543637e-06,5.38221999223481,0.0001720472111565,3.76435236279392,0.470943629841702,0.01253840024434,1.90175787095153,0.0882082994073816,1.05449055072694,0.125410802481946,0.0001775536038024,3.75067050840518,0.0037673646479544,2.42396234185406,0.345532827359755
ID395,FT0395,460.936257012397,336.886677831185,,,336.885172010445,336.892659842822,460.010397335426,461.372831909719,9,371;1739;3280;4667;5702;7768;9021;10228;11437,,0.0,-0.0090868053909267,-0.0124435055006597,-0.0038689012360746,0.0069921501630469,-0.0435134329556357,-0.0073540859166852,4.34274013333227,3,0.312091503267974,4.26364682577008,2,0.409313725490196,4.17906923440691,2,0.227124183006536,0.654081087259137,0.184368408302284,0.728785469390447,0.137400294962689,0.0790933075621867,0.262978420682681,0.580079887110759,0.472663684885065,0.325447763594858,0.163670898925358,0.702044144080075,0.153635578856483,0.822701600653061,0.0847576577270918,-0.0845775913631712
ID398,FT0398,38.0363557226458,337.202021529455,Dodecyl gallate;[6]-Gingerdiol 3-acetate;[6]-Gingerdiol 5-ac,,337.200091884268,337.204083295031,37.0988129800163,38.9198639693722,11,374;1742;3283;4669;5705;6787;7771;9024;10231;11440;12638,79.9573;80.9651;94.98066;95.95166;96.66904;96.96028;122.9761;138.9692;155.9884;255.0814;256.0894;273.0923;336.1725;337.0525;337.2055|19887;1004;816;4662;252;109697;3861;538;2057;529;312;972;1101;27765;254554,1.0,-0.0080220661376252,-0.0364924843553248,0.0320310353749723,0.0556065553753929,-0.0141913706102591,-0.0052572077366682,5.5114948946122,3,0.872549019607843,5.41165335250412,3,0.890522875816993,5.10453595277787,3,0.770424836601307,0.440973357628936,0.355587648591716,0.548594570038894,0.260748495334872,0.0998415421080816,0.0416510054471762,1.38037451034627,0.191422025219218,0.718008093305028,0.406958941834326,0.0717971725564697,1.14389265836636,0.217947140084198,0.661648825447861,-0.307117399726245
ID400,FT0400,525.571718164571,338.048131790878,Chlorambucil;Cefacetrile;Norsanguinarine,,338.048131790878,338.048131790878,525.571718164571,525.571718164571,1,376,128.0347;143.0463|99;48,1.0,-0.0049818215845863,0.0007355480641589,0.0191026129394699,0.0137529049112349,-0.0101883321956543,0.0245115435672562,4.09489547109418,1,0.145424836601307,3.99455213920619,0,0.209967320261438,3.99455213920619,0,0.112745098039216,0.373900966300058,0.427243412464821,0.484179615133447,0.314993499118616,0.100343331887994,0.373900966300058,0.427243412464821,0.537705199155324,0.269455764241587,0.100343331887994,,,,,
ID402,FT0402,491.593818997656,339.070501162562,Diazinon;Chlorpromazine;Vicine,,339.06821429319,339.072705160412,489.775356271651,493.772948779141,7,1745;3287;4673;5709;7774;9027;12642,74.02643;78.95784;128.0353;143.0429;143.0475;144.0512|36;48;72;60;103;36,1.0,-0.0480614937044587,-0.0505232963887291,-0.0662909019594869,-0.0022979544338914,0.0146295295714128,-0.0652694497287926,4.46372125324869,2,0.402777777777778,3.96761226815802,2,0.194444444444444,3.95029979667663,1,0.0890522875816993,0.246850613998785,0.607565788209681,0.376399246477448,0.424351254668304,0.49610898509067,0.267357919971827,0.572906946221897,0.475652971024989,0.322709786217286,0.51342145657206,0.939713430980709,0.0270045658879482,0.967302176821181,0.0144378348872944,-0.0173124714813904
ID404,FT0404,356.645492070864,339.931979631717,,,339.930177694915,339.935927253035,355.488721877261,362.548236674569,10,380;1747;3289;4675;5711;7776;9029;10235;11444;12644,,0.0,-0.0300866400614997,0.025180375715637,-0.0109657143906188,0.0054578293383875,-0.0214934217808226,-0.0135307369261956,4.31079135780611,3,0.285130718954248,3.90054924830792,2,0.157679738562091,4.29910900861053,3,0.326797385620915,0.0202325219989843,1.69394997872326,0.0638837899338009,1.19460932705904,0.410242109498195,0.729782236077325,0.136806712179219,0.830013405686689,0.0809148932037592,0.0116823491955813,0.0231250012867795,1.63591823442282,0.102237446141804,0.990390007585274,0.398559760302614
ID406,FT0406,356.777290172386,340.926290807321,,,340.925161594543,340.927593145022,355.515218151429,362.946794284257,11,382;1750;3292;4677;5713;6792;7778;9031;10238;11446;12646,59.01406;142.9751|7297;502,1.0,-0.020343775090396,0.0194918811855206,0.002210045907291,-0.001741507004169,0.0043664500225629,-0.0013761454684715,4.73795292763432,3,0.581699346405229,4.43613095762699,3,0.503267973856209,4.72819801523239,3,0.598856209150327,0.0002668001294864,3.5738139639787,0.0026645184298627,2.57438127149738,0.301821970007334,0.593738147651111,0.22640504677524,0.723749427207408,0.140411766975402,0.0097549124019282,0.0002059164543906,3.68630894835271,0.0042158684609446,2.37511294797983,0.292067057605406
ID408,FT0408,141.232278463477,341.11301459274,Dictyoquinazol C;Trehalose;Lactulose,+,341.111609209848,341.113358519796,140.160889332172,145.579825642558,5,385;3295;6794;7781;12648,59.01419;89.0241;91.03872;249.0654|1517;306;774;1215,1.0,0.0003623422778875,0.0010565071323312,0.021959887815225,0.0273975150978998,0.0118758242626037,0.0330241097334419,4.47566915889037,2,0.411764705882353,4.41695123130395,1,0.492647058823529,4.39696588974853,1,0.392156862745098,0.810326075199493,0.0913401858577245,0.851373160231433,0.0698800451937866,0.058717927586418,0.730098327788938,0.136618646262497,0.830013405686689,0.0809148932037592,0.078703269141835,0.941606917625417,0.0261303595576645,0.967302176821181,0.0144378348872944,-0.019985341555417
ID409,FT0409,42.2136423281061,341.193962097325,"2,3-Dinor-6-keto-prostaglandin F1 a;2,3-Dinor-TXB2;(-)-11-Hy",,341.191327451457,341.199171161552,41.0969008695207,42.7965903237448,11,386;1752;3296;4679;5715;6795;7782;9034;10240;11448;12649,68.99516;183.012;184.0215;197.0295;199.0072;213.0204;214.0313;261.2218;281.2462;341.1778|271;5778;363;596;3703;1237;148;211;459;15680,1.0,0.0013094015726052,-0.024971114264513,0.0290976141033734,0.0205840080769086,0.0163698460607078,-0.035812078048426,5.24528734532632,3,0.791666666666667,5.26181517643517,3,0.848039215686274,5.03868285206223,3,0.744281045751634,0.768679755687837,0.114254556564187,0.817943143601702,0.0872768837103698,-0.0165278311088519,0.218333086053487,0.660880446601162,0.430798858918184,0.365725455713407,0.206604493264096,0.190249468039506,0.720676548895525,0.365166330924512,0.437509272122889,-0.223132324372948
ID410,FT0410,42.5418949567791,342.19475215929,"Rimcazole;MMV676597;3-hydroxy-6-[[(E)-3-hydroxy-2,4-dimethyl",,342.19152922837,342.195788445908,41.0969008695207,42.7965903237448,7,387;1753;3297;4680;6796;10241;11449,,0.0,-0.0011235634458246,-0.0224451127674267,0.0841059165219959,-0.0523653519627229,0.0625970258225942,0.0298962612344137,4.51802566229732,3,0.440359477124183,4.34457191650357,2,0.448529411764706,4.21027578310064,2,0.252450980392157,0.522377955307852,0.282015158858106,0.621583264327741,0.206500687109262,0.173453745793757,0.238145438756689,0.623157732194679,0.451338139736641,0.345497965444422,0.307749879196681,0.698123658358337,0.156067644158945,0.822701600653061,0.0847576577270918,-0.134296133402924
ID411,FT0411,469.966547168213,343.089735169975,dehydronifedipine;C.I. Solvent Red 80;Azacridone A,,343.087268862232,343.091120013991,468.437357294196,470.672728528412,10,388;1754;3298;4681;5716;7783;9035;10242;11451;12650,78.95916;96.97016;140.0117;152.9953;171.0049;214.048;325.0796;343.0925|11923;499;1330;2645;5392;4292;674;2187,1.0,-0.0126189637249052,0.0313099139692599,-0.025578272048797,0.0120564139166401,-0.0158316866333924,-0.0001225627874206,4.15074699028613,3,0.18218954248366,4.00284044955284,2,0.216503267973856,4.3290810735088,3,0.350490196078431,0.315766507236243,0.500633936689583,0.448485369781819,0.348251719680445,0.147906540733296,0.0018557846955129,2.73147241118536,0.0251886282267381,1.59879548354516,-0.178334083222668,0.0657203434716788,1.18230017549466,0.205618340030695,0.686938151257978,0.326240623955965
ID412,FT0412,406.778144461327,345.013965437534,STD_5’UMP-diNa;6-Chlorocatechin;De-O-methylsterigmatocystin,,345.013391397364,345.014931393109,404.799500244578,408.609221618858,9,1755;4683;5717;6797;7784;9036;10243;11453;12652,59.01521;99.006;141.0157|642;48;845,1.0,0.0231372117678475,0.0103970339553446,-0.0265291302757744,-0.0005425413009834,0.004070998501652,-0.0245793658607132,4.3289482963596,1,0.303104575163399,4.68934531587853,3,0.64624183006536,4.65311849728529,3,0.562908496732026,0.0249301872971762,1.60327445868738,0.0750662559013459,1.12455524500927,-0.360397019518931,0.0357798039934519,1.44636204288534,0.176416339690163,0.753461192964762,-0.324170200925693,0.0809301817392142,1.0918894843418,0.237300306757947,0.624701700370113,-0.0362268185932377
ID413,FT0413,319.185623289271,345.05888470066,"6-[2-carboxy-2-(hydroxymethyl)-2-methylethoxy]-3,4,5-trihydr",,345.05888470066,345.05888470066,319.185623289271,319.185623289271,1,3299,191.0604|36,1.0,-0.0073363976942412,-0.0073737779390257,0.0008172795440108,-0.0112800486379641,0.0005272103529798,-0.0087639974195636,4.07938851706777,1,0.133169934640523,3.97904518517978,0,0.200980392156863,3.97904518517978,0,0.109477124183007,0.373900966300058,0.427243412464821,0.484179615133447,0.314993499118616,0.100343331887994,0.373900966300058,0.427243412464821,0.537705199155324,0.269455764241587,0.100343331887994,,,,,
ID415,FT0415,47.730886036942,346.17584455781,"2-trans,4-cis-Decadienoylcarnitine;Norpropoxyphene;dinor-Lev",,346.171767149599,346.177096536884,45.3780487831159,49.1774946763788,9,391;1757;5719;6798;7785;9038;10245;11454;12654,,0.0,-0.0082526683475207,0.021063992986335,0.0042085128719728,0.0165451332503936,-0.0265314281417844,0.00512909541745,4.20785068083478,2,0.217320261437909,4.08791343954405,2,0.274509803921569,4.25223762558291,3,0.297385620915033,0.643024326260426,0.191772596965625,0.718920320159194,0.143319240956151,0.119937241290727,0.842385102336237,0.0744893222954764,0.906805365127018,0.0424859190283545,-0.0443869447481298,0.344019951996019,0.463416369084,0.561573265987348,0.250593575220363,0.164324186038857
ID417,FT0417,36.7206074534578,349.238030616269,Tetrahydrocorticosterone;5a-Tetrahydrocorticosterone;Tetrahy,,349.233631887736,349.240395331148,35.7166232356834,37.2964341441142,10,393;1759;3302;4686;5721;6801;7788;9040;10247;12656,79.95655;96.95985;348.1707;349.2425|1510;25722;156;49438,1.0,-0.0106893528027656,-0.0360169514954414,0.007014058510827,0.0477003656528117,0.0149156062089748,-0.0483895060652722,4.69441070849783,3,0.54983660130719,4.60461177060773,3,0.599673202614379,4.37093121272648,2,0.379084967320261,0.470826694655829,0.327138921756682,0.578554150838573,0.237655986219975,0.0897989378901034,0.158324676353487,0.800451391082348,0.359115618376937,0.444765706465634,0.323479495771354,0.23376941692162,0.631212306394712,0.426263921168016,0.370321424333229,-0.23368055788125
ID419,FT0419,39.4501681989152,353.200305934858,"NCGC00380716-01_C19H30O6_(2E)-3-(4-Acetoxy-2,3-dihydroxy-2,5",,353.199611192863,353.203130369444,38.4407694241265,40.2084371378475,11,399;1763;3308;4689;5723;6805;7791;9043;10249;11459;12658,59.01326;64.96959;79.9574;80.96531;94.98103;95.95169;96.66773;96.96033;122.9755;123.984;167.0022;182.9971;183.0108;183.1756;185.0122;197.0274;211.0444;225.0578;239.0738;253.0884;352.1154;353.0477;353.2011;354.1454|2085;1200;41739;2682;2372;9166;678;275667;14528;976;1406;636;2776;1663;348;1775;1267;1524;1294;282;2506;2318;1060795;459,1.0,-0.0030262590772989,-0.0328703414891047,0.0309761523226895,0.0527238611065906,-0.0158117884813872,-0.0007737301577902,5.79991026288644,3,0.928104575163399,5.76143298247082,3,0.949346405228758,5.45472900900753,3,0.876633986928105,0.797790361915781,0.098111214694613,0.841955849338219,0.0747106815306479,0.0384772804156137,0.0888816620449654,1.05118783289023,0.279790445579027,0.553167120091346,0.345181253878912,0.0535763736725402,1.27102668504104,0.177623943397314,0.750498492473797,-0.306703973463298
ID420,FT0420,372.511051381859,353.947502024696,,,353.946452320386,353.949251730632,371.714750187798,373.637557156476,8,400;1764;5724;7792;9044;10250;11461;12659,,0.0,-0.0226421466660925,0.0446729315341704,0.0062905919333028,0.0250897775535257,-0.010947161040618,-0.0006179680417914,4.67870353218342,2,0.53921568627451,4.35363367217437,1,0.45343137254902,4.80184823192866,3,0.639705882352941,0.279358843368761,0.553837576083075,0.411017723633174,0.386139450362067,0.325069860009051,0.636042256383734,0.196514030413448,0.756984281489212,0.120913138377566,-0.123144699745241,0.0417369829073747,1.37947894851535,0.148951250926319,0.826955845130265,0.448214559754292
ID423,FT0423,372.511051381859,354.941792102731,,,354.940332270024,354.943326522594,354.180962870137,375.24858177186,12,403;1767;3311;3312;4692;5727;6808;7795;9047;10253;11464;12662,59.01415;61.01861;156.9904;158.9884|72762;985;8138;3350,1.0,-0.0204932840686501,0.038243344407889,0.0199233926994959,0.0157951308091941,-0.0183630387190569,-0.0120884964525444,5.13279437148743,3,0.755718954248366,4.80831469296519,3,0.696078431372549,5.1992793234326,3,0.79656862745098,0.0796697419934033,1.09870658927378,0.170235700920185,0.76894935678528,0.324479678522239,0.642620710698888,0.192045281901056,0.762168157582122,0.117949199456858,-0.0664849519451742,0.0276195397739308,1.55878356237243,0.113240811321321,0.945997027764102,0.390964630467413
ID424,FT0424,487.700496696997,355.062795640184,N4-Acetylsulfamethazine;Progabide;Articaine HCl,,355.06140122778,355.064487423712,485.924141937736,488.483892725191,11,404;1768;3313;4693;5728;6809;7796;9048;10254;11465;12663,,0.0,-0.0190112346967675,-0.006740016913829,-0.0063616943266427,0.0032682627391108,-0.0041283491283798,-0.0366708024826536,4.68323582900832,3,0.542483660130719,4.44864759081344,3,0.515522875816993,4.5363791602117,3,0.484477124183007,0.119049724347293,0.924271605841531,0.219995112733937,0.657586967069878,0.234588238194879,0.238745919943471,0.622064041571135,0.451338139736641,0.345497965444422,0.146856668796626,0.188891776207346,0.723786949571634,0.363756935369593,0.43918871769255,0.0877315693982528
ID425,FT0425,487.772734446041,356.058520904285,N-Fructosyl alliin - H2O;PRP_M358a;PRP_M358b,,356.056794802712,356.060941806175,485.924141937736,488.483892725191,10,405;1770;3314;4694;5729;7797;9050;10256;11467;12665,80.96298;82.96113;128.0345;135.0537;143.0428;179.0477;210.0858;227.0154;250.0646;356.0572|48;149;104;36;137;126;36;60;36;154,1.0,-0.0222407951183541,-0.0071086852532119,-0.0205841815917217,0.0099597289297579,-0.0191897096948326,-0.0310700089659415,4.32317594337492,3,0.297385620915033,4.0753856703518,2,0.262254901960784,4.17020977580575,3,0.22140522875817,0.226073948251396,0.645749480921038,0.351378500964379,0.454224814264086,0.247790273023122,0.236203204512801,0.626714214712403,0.450052793456566,0.346736538309022,0.152966167569172,0.523772378183144,0.280857408390641,0.695383805847246,0.157775427419043,0.0948241054539496
ID427,FT0427,485.434042178903,356.996365568683,,,356.995144740926,356.999880233603,484.492885359167,486.707878389257,8,406;1772;3316;7798;9054;10257;11469;12667,78.95858;79.95739;96.95933;96.96859;138.9795;241.0094;259.0206|8054;204;5936;2871;612;718;6966,1.0,-0.0347186350308857,0.0255452777801659,0.013325620124111,-0.0060966855246064,0.0027124874435799,0.0029467482819711,4.54795291925278,3,0.461601307189543,4.02182716182594,0,0.225490196078431,4.44805485698113,3,0.428921568627451,4.78935718802857e-08,7.31972277226934,1.15231933943967e-05,4.93842714926551,0.526125757426838,0.0003473574297217,3.4592234074485,0.0110423098711539,1.9569400697802,0.099898062271647,5.12868108201626e-07,6.28999430593069,5.98517082271297e-05,4.22292344988532,0.426227695155191
ID429,FT0429,415.030770059719,362.05454062968,Alkaloid A6;Guanosine monophosphate;8-Oxo-dGMP,,362.05395909522,362.056263041484,413.621219892752,416.059902329053,11,408;1774;3318;4697;5733;6813;7800;9055;10259;11471;12669,59.01353;74.02417;88.04115;116.0463;141.0174;156.0287;198.0485|6376;43423;523;27988;2722;528;13195,1.0,-0.0011557565785146,0.0168899499559664,-0.0251879418914484,-0.0096283828662394,-0.023278168478193,-0.0057946608018729,4.50880847413891,3,0.433006535947712,4.51281470759847,3,0.553921568627451,4.67324709476385,3,0.570261437908497,0.962024900587204,0.0168136867484,0.970902647153026,0.0128243148127729,-0.0040062334595623,0.166856534970439,0.777656779443574,0.369204532328591,0.432732976245217,-0.16443862062494,0.158125064272616,0.800999284953707,0.320367968760665,0.494350912331549,0.160432387165378
ID430,FT0430,388.283889518757,362.078886713826,N-(4-Hydroxycinnamoyl)tyrosine;Tranilast;(2S)-3-(4-hydroxyph,,362.078420274507,362.079353153144,387.82695060847,388.740828429043,2,409;1775,,0.0,-0.0155486082125434,-0.0092872129441065,0.0163735626823629,-0.0022967012550366,0.0093213158604608,0.035062356105146,4.09277405888522,2,0.142156862745098,3.85734325978809,0,0.137254901960784,3.85734325978809,0,0.0571895424836601,0.124706522136075,0.904110832378427,0.224746344893284,0.648307362578429,0.235430799097133,0.124706522136075,0.904110832378427,0.321077220156904,0.493390505741806,0.235430799097133,,,,,
ID431,FT0431,49.9173935381323,362.170859059248,Propafenone;Pipernonaline;Retrofractamide D,,362.169797419451,362.172892589877,48.0606551597577,50.7891593532533,11,410;1776;3319;4698;5732;6814;7801;9056;10260;11472;12670,59.01389;85.005;128.0093;141.0176;142.0258;148.0538;149.0974;164.0824;193.1585;205.124;219.09;220.1464;220.4784;221.1537;233.1559;276.1598;362.1722|410;120;3649;8289;539;144;259;132;714;750;3275;6681;150;42884;370;19864;32055,1.0,-0.0082564429538008,-0.0006697683627088,0.0023830890783992,0.0152924043515867,-0.0315912716564898,-0.0005715012101361,5.1625829122379,3,0.764705882352941,5.05464688051101,3,0.790032679738562,5.07370566784289,3,0.755718954248366,0.173476744859175,0.760758735606522,0.287059868040697,0.542027519125715,0.107936031726895,0.272792798152542,0.564167099425737,0.479162355471468,0.319517308843298,0.0888772443950181,0.774229517323568,0.111130275323472,0.869611017051592,0.0606749668352795,0.0190587873318773
ID432,FT0432,417.603238713511,364.061868438221,7-Hydroxyamoxapine;8-Hydroxyamoxapine;(Z)-N-Feruloyl-5-hydro,,364.056652111713,364.067453108178,415.443387767949,418.349781175703,9,413;1779;3321;4700;5734;7802;9059;11473;12673,59.01429;74.02412;118.0505;200.0542|465;4981;9791;2382,1.0,-0.0203452329260512,-0.0020546175375602,-0.0280218010778143,-0.0063529501649781,-0.0525225369952478,0.01823874105768,4.34005601748639,3,0.309640522875817,4.0974820398405,2,0.282679738562091,4.2028171655286,2,0.249183006535948,0.120875559115915,0.917661504053553,0.220992853520434,0.655621770327664,0.242573977645891,0.468878732643172,0.328939465502101,0.623794613472414,0.204958379738073,0.137238851957793,0.622596619407918,0.205793241791108,0.767416266225344,0.114968999694596,0.105335125688097
ID433,FT0433,390.693915589643,373.009087435959,"NCGC00380847-01!(1R)-2-chloro-1,7-dihydroxy-3,9-dimethoxy-1-",,373.008261613301,373.010007876747,389.678969393381,407.333416099218,11,416;1781;3324;4703;5737;6817;7804;9061;10262;11474;12674,59.01409;127.0001;141.0162;209.0042;223.02|38049;39034;37154;2777;1033,1.0,0.0099227045055037,-0.001288733398411,-0.0065052251665837,0.0058097378274491,-0.0078659751200478,-0.0020228059243681,5.46115288020556,3,0.859477124183007,5.6119571160417,3,0.925653594771242,5.53324689182882,3,0.89297385620915,0.0007807061809355,3.10751238226518,0.0059068524255687,2.22864387924579,-0.150804235836138,0.021191829767236,1.6738315433597,0.126731338410005,0.897115978521213,-0.0720940116232516,0.0071734866909524,2.14426970310787,0.046508105379675,1.3324713521658,-0.0787102242128865
ID434,FT0434,388.352169569597,374.015283613091,5-amino-1-(5-phospho-D-ribosyl)imidazole-4-carboxylate;N5-Ca,,374.011400743755,374.037698998595,386.478761925299,394.143142702827,9,1783;4704;5738;6818;7805;9062;10263;11475;12675,59.0134;126.9994;127.6535;128.0358;141.0191;142.0224;150.0186;210.0387;232.0201|164;60;36;8825;126;36;203;1920;183,1.0,0.0183130454667566,0.0015857950824045,-0.0350829730643265,-0.0016618836674698,0.0076006165390134,-0.0140932573961807,4.38251007240965,1,0.340686274509804,4.69601066810735,3,0.648692810457516,4.62117260565782,3,0.543300653594771,0.116585657296011,0.933354874451229,0.218646672641802,0.660257127348624,-0.3135005956977,0.210162980136163,0.677443781830692,0.421722392034027,0.374973338803404,-0.238662533248168,0.101953731684512,0.991596873658946,0.27282192697396,0.564120727926451,-0.0748380624495315
ID435,FT0435,432.048190604134,375.15172895175,MMV676064;3-Hydroxyquinine;11-Hydroxytubotaiwine,,375.150325886482,375.153633238061,430.863191485012,432.652226016577,8,4705;5739;6820;7807;9063;10264;11477;12676,74.0242;118.0503;242.0786|3822;5088;516,1.0,0.030059998426902,0.0169589448057096,-0.0435146237051821,0.0250824350966188,-0.0254782733177305,-0.0319494265226415,3.59655197778003,0,0.0073529411764705,4.0841023364585,3,0.26797385620915,4.04297628675976,3,0.142156862745098,0.0065274753719723,2.18525475808589,0.0268005217490879,1.57185675110016,-0.487550358678471,3.30113024602298e-05,4.48133734025219,0.0022732047461227,2.64336144588229,-0.446424308979729,0.69127033902271,0.160352077393745,0.818997447349749,0.086717451845987,-0.0411260496987422
ID437,FT0437,451.735752255146,376.099038530493,Lactosamine;6-(alpha-D-Glucosaminyl)-1D-myo-inositol;Gravacr,,376.099038530493,376.099038530493,451.735752255146,451.735752255146,1,1785,78.95866;96.97082;140.0126;152.995;171.008;182.0204;214.0474;256.0598;376.102|778;76;60;362;509;519;208;2029;111,1.0,-0.0078490373644889,-0.0074449336793723,-0.0020271458288869,-0.0119216903794671,0.0144918187479369,0.0078371717676697,3.98889966233736,1,0.0866013071895425,3.88855633044936,0,0.15359477124183,3.88855633044936,0,0.0637254901960784,0.373900966300059,0.427243412464819,0.484179615133447,0.314993499118616,0.100343331887994,0.373900966300059,0.427243412464819,0.537705199155324,0.269455764241587,0.100343331887994,,,,,
ID438,FT0438,411.356243486467,377.07254467778,7-Methylguanosine 5'-phosphate;Acaciabiuronic acid;2-O-beta-,,377.069203876245,377.074060511262,409.638814024915,412.653070809724,10,418;1786;3327;4707;5741;7810;9065;10266;11479;12678,,0.0,-0.0114597282311227,0.014753344970802,-0.0241228869875404,0.0057044673004551,-0.0181864912401726,-0.0003614273902255,4.07606124868074,3,0.130718954248366,3.9524739692598,2,0.186274509803922,4.14294852802956,3,0.205882352941176,0.345360407962685,0.461727451333957,0.47975585540313,0.318979716011459,0.123587279420937,0.122135859151931,0.913156808246749,0.316609694968955,0.499475790651636,-0.0668872793488209,0.184680215653475,0.733579626989321,0.358605343872887,0.44538324294669,0.190474558769758
ID440,FT0440,388.79434731446,381.008032879078,Olsalazine-O-sulfate,,381.006142693352,381.009194134873,387.510781594509,409.958116083554,9,420;3328;4709;4710;7812;9067;10267;11480;12680,,0.0,-0.0055174863138507,0.0359525152819147,0.0212056520064432,0.0626142072047335,-0.028617741038429,-0.0493880105785642,4.06233530124708,2,0.122549019607843,3.94684871923017,1,0.183006535947712,4.25163556345751,3,0.29656862745098,0.642701776606737,0.191990499577019,0.718920320159194,0.143319240956151,0.115486582016913,0.385924752155315,0.41349736607817,0.550778243357373,0.259023223419574,-0.189300262210425,0.235857279495361,0.627350715153372,0.42724600149834,0.369321993055049,0.304786844227338
ID444,FT0444,38.5235990885438,382.233058265272,"NCGC00386076-01_C19H33N3O5_2,8-Diisobutyl-5-methyl-1-oxa-4,7",,382.226646006724,382.239361015952,37.4831038081114,39.6135739516036,9,424;1791;3332;4713;5746;6824;7816;9071;12684,,0.0,-0.0069358349030195,-0.0555094679469133,0.0110360635026225,0.0555023015506623,-0.0352442028836795,0.0213480304072245,4.49560920751298,3,0.42156862745098,4.44591082171645,3,0.511437908496732,3.97346954059812,1,0.104575163398693,0.665037287203913,0.177154004060917,0.737788250673635,0.132068265222303,0.0496983857965363,0.0160048338146179,1.79574883097122,0.106229885978343,0.973753284671177,0.522139666914868,0.0172383527398218,1.76350423678192,0.0838214901973837,1.07664462244816,-0.472441281118332
ID447,FT0447,396.81240566878,388.027599760343,Tetraphyllin B sulfate,,388.02689785932,388.02891438103,396.324845771143,397.802029049989,11,430;1796;3337;4715;5748;6826;7818;9073;10274;11487;12688,,0.0,0.0021926178111705,0.0012428874633498,-0.0051826169838265,0.0031009557295211,-0.0105613022521334,-0.0001979982931056,6.09060066643102,3,0.967320261437909,6.12820509348551,3,0.970588235294118,6.12088410308156,3,0.969771241830065,0.208728426563206,0.680418400676569,0.330830431034963,0.480394549232205,-0.0376044270544913,0.365815560597561,0.436737824999775,0.537705199155324,0.269455764241587,-0.0302834366505333,0.794159209963625,0.100092423168192,0.883492657795567,0.0537970553163792,-0.0073209904039579
ID448,FT0448,476.546406218974,388.935706643316,Idoxuridine,,388.935363511952,388.93572561176,476.49898834981,476.697066122326,3,432;1798;3339,,0.0,-0.0228718911517417,-0.0167266006036827,0.0177041700456291,-0.0135825889059532,0.0073765252807753,0.0232600026845515,4.18043018989126,3,0.205882352941176,3.8435914385273,0,0.125,3.8435914385273,0,0.0473856209150327,4.78190442693048e-05,4.32039910811809,0.0007470949383892,3.12662420595073,0.336838751363953,4.78190442693048e-05,4.32039910811809,0.0026257002489691,2.58075485465518,0.336838751363953,,,,,
ID449,FT0449,396.81240566878,389.028993197024,"2-O-p-Coumaroylhydroxycitric acid;3,4,5-trihydroxy-6-[(7-hyd",,389.027773544051,389.029999454217,396.324845771143,397.802029049989,11,433;1799;3340;4716;5749;6827;7819;9075;10276;11488;12690,,0.0,0.0022271009432838,0.001132719956401,-0.0077200740420934,0.0031303318049413,-0.0108398403249262,-0.0022839826537712,5.39861723154946,3,0.839869281045752,5.44189197743369,3,0.895424836601307,5.43508090653699,3,0.870098039215686,0.172054052865964,0.764335092780959,0.285491069790006,0.544407472012108,-0.0432747458842382,0.296128491003194,0.528519806422874,0.501355631316942,0.299854102621176,-0.0364636749875293,0.829727040734052,0.0810647560576083,0.906639940577377,0.0425651527047757,-0.0068110708967088
ID450,FT0450,396.81240566878,390.03316785475,,,390.031655529493,390.034673408388,394.993315560179,398.089818984634,11,434;1800;3341;4717;5750;6828;7820;9076;10277;11489;12691,,0.0,0.0006476425462683,0.0002094363029047,-0.010435485635579,0.0057732677016018,-0.0099760504050983,0.0046465016057248,4.40743003232489,3,0.357843137254902,4.43341617498159,3,0.500816993464052,4.42730184995628,3,0.417483660130719,0.52846696569281,0.276982155122341,0.625926768525477,0.203476474913692,-0.0259861426567021,0.5785655769707,0.237647409223121,0.710684263613717,0.148323300853325,-0.0198718176313886,0.899419824105603,0.0460375443811629,0.945699010163109,0.0242470655274481,-0.0061143250253135
ID451,FT0451,460.041715581601,390.899178285759,,,390.898293340021,390.899910362995,459.341614671793,461.170558306475,11,435;1801;3342;4718;5751;6829;7821;9077;10278;11490;12692,,0.0,-0.0098261341790046,-0.0043025157634506,-0.0229331485273756,0.0007727510668978,-0.0092342791808904,0.0164016131045539,4.38389094814427,3,0.341503267973856,4.28426574251059,3,0.416666666666667,4.31548291749558,3,0.341503267973856,0.192388621264118,0.715820617684586,0.310662431383536,0.507711263093034,0.0996252056336786,0.482583395758925,0.31642762493517,0.632964975110512,0.198620320846906,0.0684080306486949,0.782005905378194,0.106789967319334,0.874976885499859,0.0580034197004948,0.0312171749849837
ID452,FT0452,415.363322278054,391.080308125604,1-O-Feruloylglucose;Veranisatin B;1-O-2'-Hydroxy-4'-methoxyc,,391.078372717261,391.081872504585,414.114031805477,416.059902329053,8,436;1802;3343;7822;9078;10279;11491;12693,,0.0,-0.0311691126932829,0.0251966218416621,0.0141046925015355,-0.0010849451883797,-0.0070078086175373,-0.0007415137633403,4.12189025304741,3,0.163398692810458,3.64630293265043,0,0.0285947712418301,4.03909659213997,3,0.140522875816993,3.75168288865404e-05,4.42577387752323,0.0006637168404486,3.17801716288962,0.475587320396978,0.0491777140644176,1.30823166250829,0.204850615826953,0.688562726122137,0.0827936609074431,2.36863865873216e-05,4.62550118684498,0.0008916778434646,3.04979202463389,0.392793659489535
ID454,FT0454,40.8203162350149,397.221113883168,NCGC00381146-01!2-[5-[2-[2-[5-(2-oxopropyl)oxolan-2-yl]propa,,397.217789474438,397.224190573168,39.7693239231404,41.52467800146,11,440;1806;3347;4720;5753;6830;7826;9080;10282;11495;12697,59.01432;64.97017;79.95744;80.96439;94.98098;95.95173;96.66803;96.96036;122.9749;123.9819;167.001;183.0142;183.175;211.0269;227.0216;229.0394;396.0028;397.2266|258;363;10351;493;591;2092;168;70664;4969;144;924;416;932;322;144;132;1154;474300,1.0,-0.0046571064380509,-0.0298672138248644,0.022256137468284,0.0463587565804551,-0.019211899660294,0.0036910507873812,5.41250741140706,3,0.843954248366013,5.35633089141942,3,0.875,5.0928077594909,3,0.767156862745098,0.661565802511186,0.179426952313638,0.734869492540126,0.133789781599114,0.0561765199876394,0.0497191232139656,1.30347653865256,0.205687331652296,0.686792455815864,0.319699651916167,0.0371673540272832,1.42983835556429,0.136397176571822,0.865194619503357,-0.263523131928528
ID455,FT0455,432.652226016577,398.117818287755,Coralyne Chloride;8-Methyldihydrochelerythrine;Phentolamine ,+,398.114624512744,398.119852409756,431.195814652621,433.736303670502,7,4721;5754;6831;7827;9081;11497;12698,59.01421;141.0159;168.043;242.0799|11770;6638;247;981,1.0,0.0382455334014783,-0.013882240514793,-0.0422614855194646,0.0015812533334376,-0.0474077342530939,0.0073457201270026,3.65678430227607,0,0.0179738562091503,4.26228529283881,3,0.407679738562091,3.90355448618215,2,0.071078431372549,0.0012415897058686,2.90602189684538,0.0081384781483744,2.0894567982502,-0.605500990562744,0.129799397406352,0.88672732374292,0.324632861422097,0.488607520209319,-0.246770183906086,0.0744154975407198,1.12833661021309,0.223821870180464,0.650097479761925,-0.358730806656659
ID456,FT0456,40.6252611231574,398.222259239591,Talinolol;Famprofazone,,398.21878174457,398.227613222245,39.7693239231404,41.52467800146,10,441;1807;3348;4722;5755;6832;7828;9082;10283;11496,,0.0,-0.0047574049718874,-0.0364482528147598,0.0431870956199036,0.0329653201005497,-0.0368572598277373,-0.0240766786261471,4.70487732279373,3,0.556372549019608,4.63637313712178,3,0.617647058823529,4.30493084838112,2,0.332516339869281,0.541169092020002,0.266667015379059,0.633666345286028,0.198139358118091,0.0685041856719595,0.0654761885382429,1.18391660942178,0.239669334356874,0.620387530303309,0.399946474412613,0.0966969175176857,1.01458737003693,0.263042663736921,0.579973806176279,-0.331442288740654
ID457,FT0457,357.436234766341,398.939685049819,Perfluorohexane sulfonic acid,,398.938482718781,398.942530134354,355.488721877261,360.458177170096,11,442;1808;3349;4723;5756;6833;7829;9083;10284;11498;12699,59.01418;156.9815;158.9982;173.0138;202.9875;217.0023|453;144;300;201;929;828,1.0,-0.0074728417207549,0.007247273000827,-0.0042516467662505,0.0121122957813067,-0.0181058103248729,-0.0094514331083786,4.24152176851331,3,0.249183006535948,4.14190806153636,3,0.308006535947712,4.24384755449216,3,0.291666666666667,0.333207685081464,0.477284990608637,0.46882905865848,0.328985477996965,0.099613706976954,0.977924122884681,0.0096948408063295,0.982805607691094,0.0075323741879372,-0.0023257859788437,0.111711500319185,0.951902115442416,0.273912994266569,0.562387364590118,0.101939492955798
ID460,FT0460,411.741746472935,402.03578234041,,,402.035131570395,402.036804669038,411.286014459847,412.717135131198,8,444;1810;3353;7830;9085;10286;11499;12702,,0.0,-0.0245780527650894,0.0206090127026432,0.0096837695502366,0.0043893375877682,-0.0046156777664203,-0.0102898587230521,4.3538285059921,3,0.320261437908497,3.98693213741358,0,0.206699346405229,4.30408498022943,3,0.330882352941176,0.0002486513448582,3.6044091874957,0.0025786859298664,2.58860154938278,0.366896368578526,0.182530742400094,0.738663979808448,0.384811757101769,0.414751667490725,0.0497435257626728,2.74611669713841e-06,5.56128101121929,0.000160235909278,3.7952401508379,0.317152842815854
ID464,FT0464,472.590861957452,402.995109302617,STD_UDP-diNa;URIDINE 5'-DIPHOSPHATE;URIDINE 5'-DIPHOSPHATE,+,402.991783051137,403.00002538682,469.466945247122,504.320282135101,13,446;1812;1813;3355;3356;4726;5760;6836;7834;9089;10291;11504;12706,78.95873;96.96968;111.0191;158.9246;174.9801;176.9348;192.9921;211.0005;243.0801;272.9571;290.9669;305.0177;323.0269;384.983;402.9944|67634;3603;19732;81216;2249;1679;2175;1350;754;15466;2889;9073;3478;11569;42085,1.0,-0.0500875886628385,0.0001855672908926,-0.0073338814524181,0.0119790255985153,-0.0055154258705901,0.0261797287481576,5.24799860808274,3,0.794117647058823,4.57465301143774,3,0.58578431372549,4.87700048405771,3,0.686274509803922,0.0076671819951729,2.11536422781442,0.030241376853092,1.51939843982137,0.673345596645006,0.0042077147740326,2.37595370712952,0.0430755885341648,1.36576878015053,0.370998124025029,0.108505282649071,0.964549117396164,0.273912994266569,0.562387364590118,0.302347472619977
ID465,FT0465,387.027158293524,402.999076066781,Orotidylic acid;URIDINE 5'-DIPHOSPHATE;URIDINE 5'-DIPHOSPHAT,,402.997516437992,403.001768178896,386.683605949515,388.79434731446,7,447;5761;7835;9088;10290;11503;12707,,0.0,-0.0034755008823009,0.0479579752048028,-0.0030749866173337,0.0352655414207315,-0.0296764695046981,0.0025645126694557,3.95591439289759,1,0.0792483660130719,3.89162060698735,1,0.154411764705882,4.24781255614705,3,0.294934640522876,0.755531921561066,0.121747181801522,0.810075669909057,0.0914744113818202,0.064293785910241,0.153043366419981,0.815185489912663,0.353485929891003,0.451627868125378,-0.291898163249458,0.0252119612429433,1.59839336916457,0.106602749168532,0.97223159518442,0.356191949159699
ID466,FT0466,433.338470956196,403.166540080038,"LysoPA(a-13:0/0:0);LysoPA(i-13:0/0:0);(S,E)-2-(4,8-dimethyln",,403.164290646889,403.168951613174,432.193135490768,434.562363412015,9,1814;4727;5763;6837;7836;9090;10292;11505;12708,,0.0,0.0480534997016631,0.0304058846207158,-0.0684804206110241,0.0295718077490979,-0.0178308767656529,-0.0659373371124609,3.65739115972536,1,0.0187908496732026,4.43514954242494,3,0.501633986928105,4.41346720285182,3,0.406862745098039,0.004149157128395,2.38204011814698,0.0191242759596139,1.71841499814542,-0.777758382699581,0.0017074713032078,2.7676465866,0.0245992302047171,1.6090784832655,-0.756076043126459,0.814660962425426,0.0890230940605622,0.901146296825092,0.0452046976489035,-0.0216823395731227
ID467,FT0467,374.359109522462,403.922920035093,,,403.921028786994,403.926313005156,373.564373087447,376.307921286968,9,448;1817;5764;6838;7837;9091;10293;11506;12709,79.95737;124.0055;126.0026|60;383;36,1.0,-0.0016767024560783,0.0386750614980951,-0.0017367257996402,0.0113479104912855,0.0020660366223648,0.0060961129385319,3.81283830466001,2,0.0408496732026144,3.7670542309855,2,0.0841503267973856,4.06496801130435,3,0.160130718954248,0.79786339837537,0.0980714575340201,0.841955849338219,0.0747106815306479,0.0457840736745037,0.125653407190415,0.900825730677183,0.321077220156904,0.493390505741806,-0.252129706644344,0.0481979151761863,1.31697174696987,0.164947117333166,0.782655269916993,0.297913780318848
ID469,FT0469,486.00053767422,405.983235777198,,,405.981813485805,405.987024760014,484.018565289139,486.880733565409,10,451;1820;3359;4730;6839;7839;9093;10295;11509;12712,78.95939;96.96881;176.9346;210.0272|361;128;71;181,1.0,-0.0116854411639566,0.0138155740840902,0.0147155351083941,-0.0028150676039592,-0.0063488126723801,-0.0025841177548316,4.13889354757984,3,0.174019607843137,3.92569133977608,2,0.175653594771242,4.12497972688741,3,0.20016339869281,0.112128919611238,0.95028236235785,0.218646672641802,0.660257127348624,0.21320220780376,0.781086375927606,0.107300937294916,0.863268382543959,0.0638541649595053,0.0139138206924301,0.137961963082816,0.860240634615108,0.291629387230374,0.535168714685597,0.19928838711133
ID471,FT0471,404.659842716675,410.985788582148,,,410.984793422744,410.986976896386,399.476952759863,405.990861009585,9,453;4732;5769;6840;7842;9095;10298;11511;12715,,0.0,0.0227919780104125,0.016650192369525,-0.007597844714412,0.0224436194272299,-0.0251027175213969,-0.0064883292809115,4.32033366031941,1,0.294934640522876,4.64237726580747,3,0.621732026143791,4.60847713374874,3,0.534313725490196,0.0344071911214912,1.46335078016107,0.0947181943230068,1.02356658979165,-0.322043605488059,0.0490313289697623,1.30952633525857,0.204850615826953,0.688562726122137,-0.288143473429328,0.325571812201535,0.4873532030926,0.542774721198845,0.265380387061486,-0.0339001320587311
ID472,FT0472,460.241189730008,412.879583666365,,,412.8791833926,412.882567344617,459.341614671793,461.170558306475,11,454;1823;3364;4733;5770;6841;7843;9096;10299;11512;12716,,0.0,-0.0075512513688845,-0.0070877565324409,-0.0178373672536763,0.001858990438104,-0.0150477056244487,0.0137993197097885,4.54100408895202,3,0.456699346405229,4.46708436599274,3,0.527777777777778,4.45761956552396,3,0.435457516339869,0.305761350507798,0.514617412063038,0.436465775732493,0.360049804634808,0.0739197229592818,0.355350134113391,0.44934351631359,0.537705199155324,0.269455764241587,0.0833845234280677,0.92608309991507,0.0333500411633203,0.96220047579323,0.0167344326815078,-0.0094648004687858
ID473,FT0473,358.963816898401,412.955160344788,,,412.953508878549,412.956838794165,355.515218151429,362.946794284257,11,455;1824;3365;4734;5771;6842;7844;9097;10300;11513;12717,59.01419;156.9817;173.0133;217.0017|5591;1483;4229;14007,1.0,-0.0077113848007979,0.0175826337825084,0.0018930693943769,0.0203978799168824,-0.012357381914501,-0.0106002223613878,4.55058907427861,3,0.462418300653595,4.43740758529868,3,0.507352941176471,4.61470970207219,3,0.53921568627451,0.157708274772909,0.802145519138228,0.268771403327899,0.570616941115116,0.113181488979937,0.273391211666054,0.563215450215463,0.479162355471468,0.319517308843298,-0.0641206277935806,0.0289918776916831,1.53772365616178,0.115948081994469,0.935736431037275,0.177302116773517
ID474,FT0474,358.594402226671,414.052439957213,Bendamustine HCL,,414.048567314684,414.055927757524,357.825733006839,359.926047878803,8,456;1825;3366;7845;9098;10301;11514;12718,59.0142;71.01393;88.04018;146.0827;153.9886;181.9851;198.0524;217.0035;218.103;256.0573;316.083|228;537;6557;5930;1669;251;144;216;14359;2696;421,1.0,-0.0249044411523127,0.038434439354076,0.0047806520562095,-0.0040138416404158,0.0060204466858426,-0.0037399547866265,4.18190080286161,3,0.207516339869281,3.79338613513747,0,0.101307189542484,4.27307979791132,3,0.314542483660131,4.38409554069357e-05,4.35811999002919,0.0007156154882614,3.14532026844885,0.388514667724134,0.0112578812834846,1.9485433353702,0.0830830918053249,1.08048735025674,-0.0911789950497157,7.88664366048928e-09,8.10310778130904,9.20371315179099e-06,5.03603692526367,0.47969366277385
ID477,FT0477,410.111885921783,417.054886977996,7-Hydroxy-2-methyl-4-oxo-4H-1-benzopyran-5-carboxylic acid 7,,417.054006048612,417.056075113584,409.572627098837,411.352236187242,8,459;1828;3369;7848;9101;10304;11517;12721,,0.0,-0.0311930094901702,0.0167193085165905,0.0131443693222525,-0.0020868386259733,-0.0092358971415222,-0.0063185915973233,4.5556749135471,3,0.468137254901961,4.09057870575365,0,0.27859477124183,4.41730630734248,3,0.410947712418301,2.04200305676445e-05,4.68994361213405,0.0004634961655259,3.333953854395,0.465096207793449,0.0064065857281447,2.19337335807425,0.0586299663605978,1.23188035499499,0.138368606204623,4.64603778087856e-05,4.33291726290419,0.0014268226553382,2.84563000347563,0.326727601588826
ID478,FT0478,42.6280521487404,417.203233436228,"(9S,10S)-10-hydroxy-9-(phosphonooxy)octadecanoate;1-pentadec",,417.200759099896,417.213051730423,42.2794374211539,44.0725538754964,9,460;1829;3370;4737;5774;7849;10305;11518;12722,108.0217;155.988;171.9843;183.0104;275.0374;276.0458;289.0542;290.0622;303.0686;304.0772;317.0837;359.1334;373.1473;415.9321;417.2106;417.3363|144;432;1070;404;4133;967;39208;7247;2195;364;288;216;340;398;104859;249,1.0,-0.0134153784798312,-0.0047953511959835,-0.0214545687645511,0.0013741722676966,-0.0062283967751851,0.0571178793904577,4.83958962489757,3,0.641339869281046,4.69681795662328,2,0.650326797385621,4.71393998797804,3,0.591503267973856,0.606040193868062,0.217498571549499,0.687798446437055,0.162538809474425,0.14277166827429,0.390245709025862,0.408661863554809,0.554928353029951,0.255763085151813,0.125649636919531,0.948979703703637,0.0227430759433856,0.97368255317196,0.0115826117838052,0.0171220313547584
ID483,FT0483,374.130208369494,419.936025074658,,,419.932882979861,419.938288799591,373.298227567543,375.776741305753,11,466;1835;3376;4740;5776;6846;7853;9105;10309;11521;12726,59.01395;79.95739;124.0067;126.0024;221.9833|413;946;23365;4448;365,1.0,-0.0131382406257494,0.0331076126324056,-0.0038768985534552,0.0048058947914306,-0.0042296914472767,0.0023990503164007,4.25413903615471,3,0.257352941176471,4.05598512208949,3,0.245915032679739,4.40117140710396,3,0.395424836601307,0.0675428225364566,1.17042079465715,0.151260777987468,0.820273670204651,0.198153914065217,0.0669289168658805,1.17438620327945,0.242068692386445,0.616061375791754,-0.147032370949252,0.0057093734391997,2.24341154969263,0.0396597547830124,1.40164997537312,0.345186285014469
ID485,FT0485,36.8076922600642,421.22499266468,2-Methylacetophenone;bonactin;NCGC00180835-03!2-[5-[2-[2-[5-,,421.222280946476,421.227911416579,35.7166232356834,38.2129061144104,11,470;1839;3380;4743;5779;6848;7857;9108;10313;11525;12730,79.95695;80.96533;96.96024;227.1296;291.0931;293.1796;421.226|715;124432;547;1228;483;702;93923,1.0,-0.0060749411681211,0.0194067464007328,0.0548672329410993,0.0696050185080324,0.0331180855715058,-0.0726131828525052,5.24920120034479,3,0.794934640522876,5.10644800012121,3,0.808006535947712,5.28064318432429,3,0.823529411764706,0.339515811086407,0.469139996029464,0.474927349694125,0.323372819933187,0.142753200223577,0.926754425963271,0.0330353312041598,0.95522128546385,0.0198960086011187,-0.0314419839795059,0.600587494853091,0.221423714715855,0.752830941453874,0.123302539651827,0.174195184203083
ID487,FT0487,485.146730144234,422.06850199194,Pyraclostrobin,,422.066888396332,422.070944823487,483.292661767475,485.823494624251,8,471;1840;3381;7858;9109;10314;11526;12731,,0.0,-0.0219940696071346,0.0342022378088382,0.0084924922513712,0.0026459914328662,1.99864045389798e-05,-0.0109292840704098,4.50921125003296,3,0.433823529411765,4.16388050379922,0,0.319444444444444,4.58280271986968,3,0.516339869281046,0.0003337717925862,3.47655036880047,0.0031616335943407,2.50008846241658,0.345330746233733,0.0969329598826212,1.01352852572279,0.294208581754287,0.53134466351136,-0.0735914698367219,1.19774825267906e-05,4.92163445403475,0.0005176934114357,3.28592736214837,0.418922216070455
ID488,FT0488,511.76697875485,422.08634521164,"(R)-2-Hydroxy-7,8-dimethoxy-2H-1,4-benzoxazin-3(4H)-one 2-gl",,422.085647019809,422.087043403471,510.813245795443,512.720711714256,2,472;1841,99.05891;115.0021;128.0355;143.0451;148.9934;210.0884;254.0768;272.0896;306.0756|84;370;191;510;157;72;84;156;192,1.0,-0.0143252193408125,-0.0064887486705466,0.0228055374615068,0.0059565722993491,0.0012473674535672,0.0397012628369438,3.95135557404831,2,0.0751633986928105,3.72056965878321,0,0.059640522875817,3.72056965878321,0,0.0179738562091503,0.122838017372994,0.91066720176102,0.223223768730682,0.651259563860875,0.230785915265101,0.122838017372994,0.91066720176102,0.317748019243204,0.497917148042019,0.230785915265101,,,,,
ID489,FT0489,36.8642182334185,422.228389699103,LysoPE(0:0/14:1(9Z));LysoPE(14:1(9Z)/0:0);NCGC00380312-01_C2,,422.226179174745,422.230568141812,35.7166232356834,37.6366234666722,11,473;1842;3382;4744;5780;6849;7859;9110;10315;11527;12732,,0.0,-0.0038750523917448,0.0151379941179924,0.0521269853401649,0.0657817412739194,0.0287553623147914,-0.0646031077472289,4.60279370640604,3,0.490196078431373,4.49442478553215,3,0.547385620915033,4.61938412991162,3,0.541666666666667,0.437600949172774,0.358921744672681,0.547228629786743,0.261831189370649,0.108368920873889,0.95744454536662,0.0188863707156994,0.974028590391171,0.0114282952087685,-0.016590423505578,0.681345416491778,0.166632661296364,0.812207058265171,0.0903332407111677,0.124959344379467
ID490,FT0490,356.777290172386,422.88869856793,,,422.886899537889,422.890798524466,355.488721877261,361.703197861647,11,474;1843;3383;4745;5781;6850;7860;9111;10316;11528;12733,59.01423;128.9586;142.9741;156.9894|4591;1220;4686;1156,1.0,-0.0241603011334005,0.0089005197603245,-0.0265739038562191,0.0099927648984603,-0.010806820782363,0.0111952053814895,4.7222942248237,3,0.571078431372549,4.42639381654427,3,0.498366013071895,4.65302493511067,3,0.562091503267974,0.0610960350812689,1.21398697303402,0.141896040249366,0.848029723794427,0.295900408279426,0.438490664756545,0.358039648108376,0.599204437812111,0.222424978836336,0.0692692897130271,0.166976868980348,0.777343686756421,0.332281904365419,0.478493309182414,0.226631118566399
ID492,FT0492,484.919671109428,423.068194443264,"3,4,5-trihydroxy-6-[2-hydroxy-4-(2-hydroxy-3-methoxy-3-oxopr",,423.066908540625,423.069781549986,483.292661767475,485.347717242528,4,1845;10317;11530;12735,,0.0,-0.0053098195120586,0.0398386586828166,-0.0166467195840545,-0.0323003346772928,0.0342163620691231,0.0123760052344782,3.66925583047001,1,0.0212418300653595,3.56891249858201,0,0.0089869281045751,3.97572495889073,3,0.106209150326797,0.373900966300059,0.427243412464819,0.484179615133447,0.314993499118616,0.100343331887994,0.0382337750011599,1.41755281991887,0.18112313804471,0.742026066067708,-0.306469128420721,9.05154371117341e-07,6.04327734697473,8.80262625911614e-05,4.05538773697698,0.406812460308714
ID495,FT0495,356.231248184332,424.887254988286,,,424.886684824276,424.888364471391,355.488721877261,358.268109798548,8,1847;3387;4748;5784;7864;9115;11533;12738,59.01647;130.0894;131.0931;142.9742|120;60;48;72,1.0,-0.0181918158197381,-0.0045290709832226,-0.0668314588925617,-0.0169193737161139,-0.0249420101514121,-0.0175211254031873,4.06994501776245,2,0.129084967320261,3.92571262966722,2,0.176470588235294,4.05600016391291,2,0.150326797385621,0.529631375022591,0.276026295480035,0.625926768525477,0.203476474913692,0.144232388095232,0.958708604284025,0.0183133748751899,0.974028590391171,0.0114282952087685,0.0139448538495417,0.56466094805801,0.24821224702384,0.723846714672289,0.140353392394264,0.13028753424569
ID498,FT0498,39.5705290072904,426.257655909365,,,426.254291876219,426.265238628658,38.4407694241265,40.2084371378475,11,479;1850;3390;4751;5787;6853;7867;9118;10323;11536;12741,,0.0,-0.0002821907440252,-0.0327246889916962,0.015417700117392,0.0338674638748445,-0.0188579525793082,0.0141597511647304,4.50147425749206,3,0.425653594771242,4.51859930605046,3,0.55718954248366,4.20118154528856,3,0.245915032679739,0.844525863640105,0.0733870456025276,0.880385280727076,0.0553272270823954,-0.0171250485584071,0.0107775637416445,1.96747939992269,0.0813706062494157,1.0895324482935,0.300292712203492,0.0082101245166925,2.08565025621766,0.0512364455132629,1.29042100670879,-0.3174177607619
ID499,FT0499,405.466357354769,427.016711863614,{2-hydroxy-5-[3-(4-methoxy-1-benzofuran-5-yl)-3-oxopropanoyl,,427.015687285033,427.017994264961,403.427537588738,407.314601403856,9,480;3391;4753;6855;7868;9119;10325;11537;12742,59.01419;141.0159;223.0181|157;358;48,1.0,0.0130205781349959,0.0223480686934272,0.0188032555600804,0.0080592154834252,-0.0172843810030087,-0.0280421862846419,4.37948161705022,2,0.338235294117647,4.4937923255166,2,0.544934640522876,4.61209364377745,3,0.538398692810457,0.57821118783976,0.237913509396483,0.665359796721199,0.176943444209043,-0.114310708466377,0.0882908694065819,1.05408420663047,0.279790445579027,0.553167120091346,-0.23261202672723,0.502565861579106,0.298807015606874,0.678136840233146,0.168682661646634,0.118301318260853
ID500,FT0500,494.168407174182,427.023290354732,,,427.02236112546,427.024219584005,491.189390495918,497.147423852445,2,1851;12743,,0.0,-0.0110397096595058,-0.0004690726789842,-0.0225293899341963,-0.0094464037355039,0.0318444797175025,0.0219016146086791,3.95419931766135,1,0.0784313725490196,3.82479243708651,0,0.119281045751634,3.92513576897451,1,0.0800653594771242,0.373900966300059,0.42724341246482,0.484179615133447,0.314993499118616,0.129406880574834,0.867753064298762,0.0616038440285546,0.918183250215122,0.0370706340329643,0.0290635486868402,0.373900966300059,0.427243412464819,0.561573265987348,0.250593575220363,0.100343331887994
ID502,FT0502,460.662143095418,428.84642219325,,,428.844896752313,428.849066380449,459.126954732385,462.378156834315,11,484;1854;3395;4754;5789;6857;7870;9121;10326;11540;12745,,0.0,0.0007017092617326,0.0011092594162735,0.0042846284152092,0.0148758192766133,-0.0134147145636663,-0.0039157687180852,4.2962309725395,3,0.276143790849673,4.2990957821759,3,0.42156862745098,4.29380154908758,3,0.323529411764706,0.97044356277891,0.0130297164182186,0.976421011962355,0.0103628834118359,-0.0028648096364039,0.970741761236793,0.0128962866583834,0.978502471377518,0.009438073118639,0.0024294234519244,0.89779933175031,0.0468207221881652,0.945606335877808,0.0242896265352059,-0.0052942330883283
ID506,FT0506,36.8642182334185,430.086247398707,,,430.081166523313,430.092383791529,35.4282119182281,37.4831038081114,9,486;3397;4759;5794;6861;7874;9125;10329;12750,,0.0,0.0067220938037693,-0.013970205485039,-0.0008432371360478,0.052464834571443,-0.0024330712361428,-0.0158223182038154,4.06683808873829,2,0.124183006535948,4.18999217361739,3,0.330882352941176,4.00952158508534,2,0.120098039215686,0.438563806288446,0.357967212553174,0.54786319726376,0.261327872337863,-0.123154084879096,0.768286216115917,0.114476958453839,0.856171355228808,0.0674393063710944,0.0573165036529542,0.189995416045387,0.721256876995641,0.365166330924512,0.437509272122889,-0.18047058853205
ID507,FT0507,415.348059808278,430.045559811861,Rimsulfuron,,430.039814229109,430.156879069084,414.949246183907,422.149791205946,9,487;1857;3398;4758;5793;6860;7873;11543;12749,74.02407;116.0464;127.0011;184.0326;198.05|580;1092;156;540;371,1.0,-0.0106148571909876,-0.0142475882657036,0.0106204586851224,-0.0083021431941882,-0.0253888835472729,0.0992212462051049,4.25598389024427,3,0.259803921568627,4.07873191880225,3,0.264705882352941,3.96711481129127,2,0.102124183006536,0.176197356880421,0.754000610684798,0.290761893452876,0.536462511662928,0.177251971442022,0.155812157525098,0.807398658729759,0.355805456125366,0.448787396479832,0.288869078952995,0.448333421858024,0.348398884628564,0.633420221922899,0.198308075903576,-0.111617107510973
ID514,FT0514,461.170558306475,435.125287147669,"Ptelatoside A;3-oxo-3-[[(2R,3S,4S,5R,6S)-3,4,5-trihydroxy-6-",,435.123352241171,435.127006581864,460.455564142477,462.230074424351,9,497;1864;3405;4765;5800;7883;9130;10338;11552,78.95912;96.96848;128.0343;129.0381;143.0476;144.0478;146.047;160.0056;179.0437;198.9141;210.0895;255.0771;272.0872;273.0926;300.8643;306.0804;307.0804|113;80;106;60;418;109;79;139;63;154;60;91;60;100;170;99;298,1.0,-0.0231953988497152,-0.0233663363779801,0.0110292707986396,0.0172177527658918,-0.0390969938723731,-0.0022779138249593,4.73801716693803,3,0.582516339869281,4.45448761243929,2,0.519607843137255,4.35463930075841,2,0.369281045751634,0.141374333509657,0.849629429484776,0.246840817434133,0.607583024052557,0.283529554498744,0.0216813085245514,1.66391451051728,0.129019806392404,0.889343614145376,0.383377866179624,0.619797981434962,0.207749842509587,0.765681144295525,0.115952047733325,-0.0998483116808799
ID515,FT0515,486.539483138785,435.055598169906,"6-{[6-(2-carboxyeth-1-en-1-yl)-4-methoxy-2H-1,3-benzodioxol-",,435.055301043059,435.055895296753,485.924141937736,487.154824339834,2,1865;3406,58.02937;74.02418;86.02544;96.95898;99.05508;128.0345;135.0551;137.0717;143.0456;146.0452;153.0649;166.0971;167.0445;179.0439;181.0582;181.063;192.0775;197.0585;210.0894;241.0217;254.0744;262.0485;272.0893;302.0511;310.0409;319.0667;320.06;337.079|326;60;149;290;473;2127;88;48;3608;350;60;243;80;919;76;155;36;48;1156;36;1439;253;4029;36;60;86;48;2547,1.0,-0.01672757832988,-0.0163687123824717,-0.0010380705068972,-0.0255728551741976,0.0151298510509,-0.002769056704821,4.22341279421312,2,0.230392156862745,4.00163351788733,0,0.214869281045752,4.00163351788733,0,0.115196078431373,0.119701898752481,0.921898960611259,0.220436200680238,0.656717082848105,0.221779276325781,0.119701898752481,0.921898960611259,0.31408813851289,0.502948464351792,0.221779276325781,,,,,
ID516,FT0516,461.170558306475,436.120681717385,"Disaccharide(Hex-Pen) + C4H5N3O2;Margrapine A;(2S,3R)-2-[(1R",,436.116583594043,436.12416584373,460.455564142477,462.230074424351,9,498;1866;3407;4766;5801;7884;9131;10339;12760,,0.0,-0.0236203703527753,-0.0268754875084036,-0.0095612368986212,0.047280330717536,-0.0010909540676719,0.0004846762023257,4.27788362668157,3,0.271241830065359,4.02071513758218,2,0.224673202614379,3.92329439415368,2,0.0792483660130719,0.166181880398707,0.779416331164729,0.278823991798667,0.554669859492684,0.257168489099394,0.026589925707051,1.5752828760969,0.146002864791444,0.83563862263399,0.354589232527891,0.622744819293403,0.205689876736693,0.767416266225344,0.114968999694596,-0.0974207434284966
ID520,FT0520,268.90011665084,437.284080209374,Oryzarol;beta-Carotinal;Apo-8'-lycopenal,,437.283638335829,437.284551102612,266.951091947508,271.810016784328,10,502;1870;3412;4770;5805;6870;7888;9135;10343;12764,,0.0,-0.0265222452453974,-0.0100699057543883,-0.0139737690133841,0.0593142198283445,0.0581695990350586,-0.0284793808836258,4.70951730334494,3,0.562908496732026,4.40626100042842,3,0.486928104575163,4.50718349023641,2,0.468137254901961,0.01877060777754,1.7265216650367,0.0605870944743907,1.21761987410845,0.303256302916513,0.472866061740722,0.325261854789064,0.624969587070889,0.204141116237783,0.202333813108528,0.7187604286428,0.143415840988692,0.832136329589433,0.0798055170528287,0.100922489807985
ID521,FT0521,291.801107787642,437.285346873869,Oryzarol;beta-Carotinal;Apo-8'-lycopenal,,437.284711117627,437.28666870194,290.531676777101,292.923889208001,4,503;1871;3413;7889,,0.0,-0.0327134618248352,-0.0231886203092669,0.0169093361816964,-0.0055470108432266,0.0086342954579604,0.0216978711166117,4.54473010526353,3,0.458333333333333,4.08644608519523,0,0.272875816993464,4.08644608519523,0,0.175653594771242,0.0065750391113702,2.1821016594463,0.0269039865679539,1.57018336251861,0.458284020068294,0.0065750391113702,2.1821016594463,0.0597191522295887,1.22388636612827,0.458284020068294,,,,,
ID523,FT0523,357.436234766341,438.90200184719,,,438.901837591264,438.904104880754,355.488721877261,362.946794284257,11,505;1874;3415;4771;5807;6871;7891;9136;10346;11556;12765,59.01417;142.9744;144.9729;156.9901;158.9904|6050;2426;684;1763;420,1.0,-0.0200874528512508,0.0237003362280817,0.0019047121183856,-0.0040370846140414,-0.0023242044688563,-0.0037882223986782,4.63275246806864,3,0.506535947712418,4.33665626616838,3,0.445261437908497,4.64912187429114,3,0.558823529411765,0.0052450735946752,2.28024841375505,0.0231129067193933,1.63614543345596,0.296096201900265,0.69460660231601,0.158261092986409,0.801418123780076,0.0961408403801381,-0.0163694062224939,0.0051948174313555,2.28442971084947,0.0367415269235871,1.434842799018,0.312465608122759
ID524,FT0524,42.1722091294831,441.249308189387,Prostaglandin G2 2-glyceryl Ester,,441.247025143828,441.251824352874,41.0969008695207,42.7965903237448,11,507;1877;3417;4772;5809;6873;7892;9137;10347;11557;12766,79.95734;80.96545;94.98095;95.95312;96.96032;122.976;167.0025;183.0106;211.0309;311.1683;439.8979;441.253;485.2806;486.2852|4032;108;144;591;37019;3032;535;661;320;299;837;274979;1252;278,1.0,-0.0025491921601053,-0.0231123872384769,0.0151102522317796,0.0293012914596971,-0.0172107111859334,0.0195545834672257,5.34276057582082,3,0.818627450980392,5.31146263294527,3,0.863562091503268,5.09797249280038,3,0.768790849673203,0.776878063487839,0.109647141443737,0.825604514466317,0.0832279409561447,0.0312979428755558,0.0367795039500856,1.43439413244414,0.179151777305256,0.746778878985248,0.244788083020445,0.0426972135649344,1.36960046625973,0.150992873425086,0.821043550092252,-0.213490140144889
ID525,FT0525,42.1722091294831,442.251336548156,MMV688124,,442.248381309032,442.253557071784,41.0969008695207,42.7965903237448,11,509;1878;3418;4773;5810;6874;7894;9138;10349;11558;12767,,0.0,-0.0030466912977212,-0.011902890255709,0.0128061309981707,0.0360862339006681,-0.002761356728493,0.0027332283129717,4.718539513655,3,0.568627450980392,4.67723850632322,3,0.638071895424837,4.57175727718454,3,0.508169934640523,0.665419993334077,0.1769041543776,0.737788250673635,0.132068265222303,0.0413010073317723,0.227873591426513,0.642306002868326,0.442410620983687,0.354174455439255,0.146782236470457,0.25290399878919,0.597044303758205,0.450593842117534,0.346214747704618,-0.105481229138685
ID526,FT0526,42.6737780040985,443.244320079845,"Antibiotic GR 95647X;Sinapoylspermine;7-[2,6-dimethyl-8-(2-m",,443.237668482012,443.248486414338,41.3444142232628,43.539236083232,6,1879;3419;4775;5812;6875;7895,,0.0,0.009579723466601,-0.0455421083683298,-0.0088306985303762,0.0052929131104792,-0.0005129656010077,0.0115134369619268,4.17158892759301,2,0.196895424836601,4.36088974805396,3,0.458333333333333,3.91819182702234,0,0.0759803921568627,0.241506168508449,0.617071772096867,0.371049707171984,0.430567906814966,-0.189300820460953,0.133035152602678,0.876033587873486,0.327972376212316,0.484162733616887,0.253397100570663,0.0001109070549095,3.95504082706258,0.0026496882844491,2.57680521448068,-0.442697921031616
ID527,FT0527,414.820027260666,444.057619454611,,,444.055432567193,444.058026372576,413.621219892752,416.059902329053,11,510;1881;3421;4776;5813;6876;7896;9139;10350;11559;12768,59.01414;74.02435;88.04021;116.0454;130.0625;141.0169;156.0281;198.0489;212.0667;280.053;362.0563|6045;20093;817;27902;488;8881;660;38888;563;1950;312,1.0,-0.0002283615851974,0.014724416165174,-0.0274349706350993,-0.0067365141642208,-0.0216345593476828,-0.0015705287022138,4.77539091305744,3,0.599673202614379,4.79811859033845,3,0.690359477124183,4.93263294811009,3,0.707516339869281,0.779244782166692,0.108326097082948,0.826659147219163,0.0826735242999911,-0.0227276772810088,0.165593411721837,0.780956945991776,0.369071663025791,0.43288929824505,-0.157242035052649,0.231324692917698,0.635778005683735,0.423792647778578,0.372846581973716,0.13451435777164
ID532,FT0532,416.667080341713,446.066122996202,,,446.060442448379,446.072491866959,414.103875443952,417.895641327073,11,515;1885;3425;4779;5817;6879;7900;9143;10354;11563;12771,59.01413;74.02528;118.0503;141.016;200.054|460;1426;8258;728;6833,1.0,-0.0156425330341484,-0.0009885958683453,-0.0229209901622572,-0.0111846070089265,-0.0414210695653838,0.0147354508815362,4.52242104196651,3,0.444444444444444,4.33510300620929,3,0.44281045751634,4.42390837709825,3,0.415032679738562,0.127106453233856,0.895832399621378,0.227549245049216,0.642924601034333,0.187318035757224,0.533492627446548,0.272871577891631,0.670737829466776,0.173447198854867,0.0985126648682613,0.603857365387847,0.219065632141028,0.755307122623385,0.121876419842158,0.0888053708889629
ID536,FT0536,354.834842373699,450.920652295842,Fipronil sulfone,,450.919675716368,450.921798631214,353.449214266525,356.127093791794,4,1890;3429;4781;12778,58.83753;59.01421;156.9904;254.9693|168;45537;36819;398,1.0,-0.0395481757299133,-0.0404397337561204,-0.0589146659947397,-0.0516338522220797,0.0715612507184367,0.0391139866488486,4.88519888233898,2,0.661764705882353,4.40951812210488,1,0.48937908496732,4.47945383525881,1,0.449346405228758,0.277937675787519,0.55605257852824,0.411017723633174,0.386139450362067,0.475680760234106,0.38618308950637,0.41320674737398,0.550778243357373,0.259023223419574,0.40574504708017,0.834132686962782,0.0787648598751615,0.907243468701299,0.0422761496274835,0.0699357131539351
ID538,FT0538,372.952327487953,451.92589011836,,,451.9241178753,451.937511741915,372.308026467206,375.24858177186,8,523;1893;3433;4784;5823;6883;7905;12781,124.007|84,1.0,-0.0306427951902263,-0.0340987950167464,-0.0058418622811248,0.052512051623728,0.0185025737666252,0.119610784846235,4.62226748886968,3,0.504901960784314,4.2282374812868,3,0.387254901960784,4.05781922490043,1,0.15359477124183,0.0480986270661287,1.31786732001108,0.120313720695194,0.919684842465452,0.39403000758288,0.0950601027809029,1.02200172047304,0.292319940053471,0.534141559053009,0.56444826396925,0.525039084044315,0.279808366397877,0.696273421681495,0.157220182502676,-0.17041825638637
ID539,FT0539,418.096293157948,452.115836871659,N-Acetyl gemifloxacin;NCGC00380250-01_C21H23NO8_(2E)-4-({(3S,,452.110397861138,452.116214192789,418.083227247242,418.72590120743,3,524;1894;3434,,0.0,-0.0234109948588972,-0.017309518970449,0.0183636226374124,-0.0143097915386232,0.005001524598144,0.019889655053777,4.06177168727587,3,0.121732026143791,3.7161854073892,0,0.0571895424836601,3.7161854073892,0,0.017156862745098,0.0013797617039286,2.86019591331265,0.0087822927504032,2.05639209014604,0.34558627988667,0.0013797617039286,2.86019591331265,0.022257420443245,1.65252517028795,0.34558627988667,,,,,
ID540,FT0540,444.058465661151,452.089509166964,Pelargonidin 3-rhamnoside;Ochratoxin C;Ribosylzeatin phospha,,452.088969132707,452.092797867127,442.781323445066,444.226082966365,8,525;4785;5824;7906;9148;10362;11569;12782,,0.0,0.0151345808072233,0.0387988744105859,-0.0502323109256085,0.0456289839644188,-0.0395291728509297,-0.0025619633319178,3.69969336597219,1,0.0261437908496732,3.97712111698874,2,0.199346405228758,4.17627030142664,3,0.225490196078431,0.265385990587097,0.576122006759092,0.397088739647111,0.401112428167699,-0.277427751016556,0.0120973024248649,1.91731146213041,0.0864706587528802,1.06313123245897,-0.476576935454453,0.363649352548389,0.43931718132206,0.561573265987348,0.250593575220363,0.199149184437897
ID542,FT0542,372.511051381859,452.918846084829,,,452.917345263664,452.919988197108,354.180962870137,375.24858177186,12,527;1896;3436;3437;4787;5826;6885;7908;9150;10364;11571;12784,59.01415;156.9902;158.9883|39866;25092;7368,1.0,-0.0213313867043971,0.035943010317535,0.0199041616462062,0.0155222463390103,-0.0087404689037025,0.0091572728176475,4.98745843923123,3,0.70343137254902,4.64612562285062,3,0.623366013071895,5.02097834701608,3,0.738562091503268,0.0640686722789793,1.19335427597517,0.145974645362902,0.835722571169136,0.341332816380604,0.799301922336313,0.0972891425423847,0.877778838347515,0.0566148934154967,-0.0335199077848545,0.0205814875671137,1.68652323895933,0.0949351620190579,1.02257290408978,0.374852724165459
ID544,FT0544,280.027583242041,453.278831415867,11'-Carboxy-alpha-chromanol;Hexadecyl ferulate;NCGC00386025-,,453.275477972268,453.280663982088,278.801146256296,282.372911630689,8,530;1899;3440;7911;9153;10367;11573;12787,,0.0,-0.0402871291001658,0.0276310012599762,-0.0132685999430904,-0.0236772181599786,0.026949291399284,-0.01864221205209,4.61686501701309,3,0.499183006535948,4.04718695638904,0,0.23937908496732,4.58586671494972,3,0.518790849673203,0.004753362178181,2.32299909376479,0.0214973484975629,1.66761510305601,0.569678060624057,0.805715880250914,0.093818076547862,0.879847886232209,0.0555924049865029,0.030998302063372,0.0009665139550712,3.01479187100255,0.0119991679315758,1.92084886855688,0.538679758560685
ID546,FT0546,372.545886793646,454.917166961416,Fipronil sulfide,,454.915193422687,454.920115714133,371.714750187798,375.24858177186,6,532;1903;3441;7912;10368;11574,,0.0,-0.0256038603590829,0.0365328727992416,0.0587725922562464,0.0008662743886254,-0.0107757003690319,0.0331495689996476,4.090737004269,3,0.140522875816993,3.61827602847799,0,0.0204248366013072,4.00240776672314,2,0.116013071895425,0.013030242381076,1.88504750571606,0.0454358886505347,1.34260097344949,0.472460975791015,0.711110814105312,0.148062716844822,0.815785245431355,0.0884241537451954,0.0883292375458637,0.116595392171969,0.933318612474341,0.273912994266569,0.562387364590118,0.384131738245152
ID547,FT0547,391.124729544804,455.01147112528,Halosulfuron-methyl,,455.010903097925,455.012527899343,390.146188729996,406.972405112849,11,533;1904;3442;4789;5828;6886;7913;9154;10369;11575;12788,59.01361;127.0005;141.0161;209.0039;223.0197;291.0063;305.0233;373.0114|37243;56361;76001;11761;6969;9203;2766;1554,1.0,0.0105185056291405,-0.0013571370538306,-0.0067454520280918,0.0044633234000566,-0.0068964100431354,0.0008216576999821,5.47734556300149,3,0.863562091503268,5.63636056943196,3,0.930555555555556,5.55220686647103,3,0.898692810457516,0.0008569439557662,3.06704758005736,0.0062859974316269,2.20162580076522,-0.159015006430472,0.0161542172122311,1.79171408182122,0.106635488482924,0.972098237266533,-0.0748613034695449,0.0131219725182548,1.88200087613388,0.0715576725645017,1.1453437934377,-0.0841537029609274
ID548,FT0548,388.019741606799,456.018587266059,Glucoerucin;(Methylsulfanyl)butyl glucosinolate;Glucoerucin,,456.014206830522,456.042512869461,385.771783874063,406.972405112849,9,1905;3443;4790;5829;6887;7914;9155;10370;11577,59.01406;126.9999;128.0357;141.0174;142.0212;150.0161;210.0371;232.0195;292.0389;314.0212;374.0461|1155;945;26571;1915;352;2194;16821;2424;849;1704;218,1.0,0.006642831901728,-0.0314501752803225,-0.0062191800653784,-0.0340939407200204,-0.0074498051445486,-0.0559804670181567,4.6560243204752,2,0.525326797385621,4.80557078365742,3,0.693627450980392,4.53654921697118,2,0.485294117647059,0.52845697126958,0.276990368623251,0.625926768525477,0.203476474913692,-0.149546463182225,0.676086793451725,0.169997547405191,0.786491740821875,0.104305833669198,0.119475103504016,0.164343225349872,0.784248193948096,0.328968343024528,0.48284589266174,-0.269021566686241
ID552,FT0552,411.352236187242,459.075530491648,"{4,8-dihydroxy-17-methoxy-10-oxo-2-oxatricyclo[13.2.2.1³,⁷]i",,459.073067398177,459.077807939476,409.638814024915,412.145061784435,11,537;1910;3449;4794;5833;6889;7918;9159;10374;11580;12791,,0.0,-0.0053690558582745,0.0151214255967947,-0.0163927819993196,-0.00058275323337,-0.012396485000535,-0.0106874698849718,4.37825150919121,3,0.337418300653595,4.32155541148132,3,0.43218954248366,4.48556636565035,3,0.455882352941176,0.384953807919437,0.414591380022003,0.496355231433101,0.304207396428658,0.056696097709886,0.0481090690482743,1.31777304698663,0.204850615826953,0.688562726122137,-0.107314856459141,0.0485746952797175,1.31358991514923,0.16575049529658,0.780545165159991,0.164010954169027
ID553,FT0553,423.272794123774,460.165268952862,3-cis-Hydroxyglipizide;4-trans-Hydroxyglipizide;Morphine-3-g,,460.161411282969,460.167227250001,421.58666622827,424.828718206432,10,538;1911;3450;5834;6890;7920;9161;10377;11582;12792,59.01398;74.02438;89.02369;118.0504;119.0356;179.0557;341.1071|672;10291;1468;26910;673;1126;4749,1.0,-0.0448867973561196,0.0113748394462645,-0.0070566075721314,0.0641922183429652,-0.0328238541032175,-0.0330659597180665,4.70719463326191,3,0.558006535947712,4.13999435331889,2,0.306372549019608,4.43685985961511,3,0.42483660130719,0.0846511038128457,1.07236737451072,0.177722998057336,0.750256369138262,0.567200279943013,0.168055588081103,0.774547042061278,0.369204532328591,0.432732976245217,0.270334773646799,0.298841911105355,0.524558494924334,0.512112349867766,0.290634750791749,0.296865506296214
ID554,FT0554,347.857056216023,460.197219382639,Orphenadrine citrate (Norflex);MMV022236,,460.196573126979,460.197865638299,347.432387489276,348.28172494277,2,10378;11583,,0.0,0.0040063570468408,0.0380895419554202,0.0076011811278104,-0.0425235831406424,-0.0181011973423239,-0.0028557726121227,3.5173915147659,0,0.0032679738562091,3.5173915147659,0,0.0032679738562091,3.80968710876464,2,0.0375816993464052,,,,,,0.153625921517199,0.813535499004534,0.353485929891003,0.451627868125378,-0.292295593998738,0.153625921517199,0.813535499004534,0.31185344729174,0.506049450806355,0.292295593998738
ID555,FT0555,35.1678831115067,461.208458386904,"Tirofiban;Oxatomide;NCGC00380212-01![3,4,5-trihydroxy-6-[(3,",,461.204036944635,461.212460288652,34.3127771675304,35.9369447823498,10,539;1913;3451;4795;5835;6891;7921;9162;10379;12793,224.9946;239.0118;240.0183;254.2624;255.0416;461.2078;461.3663|240;8586;3611;372;91736;1544;452,1.0,0.0003754084291327,-0.0296095934807055,0.0111435370016614,0.056514048443815,0.0079132467428435,0.0021713067983418,4.72271719134114,3,0.572712418300654,4.75692591677414,3,0.669934640522876,4.47825751709844,2,0.447712418300654,0.703289517587264,0.152865855625034,0.76984284773201,0.113597920708679,-0.0342087254329924,0.167072234697597,0.777095718386301,0.369204532328591,0.432732976245217,0.244459674242704,0.104994034719826,0.978835374852507,0.273912994266569,0.562387364590118,-0.278668399675697
ID561,FT0561,264.978748296069,463.30015172848,"Ercalcitriol;Nandrolone decanoate;3,5-Dihydroxyergosta-7,22-",,463.297295829353,463.301151352924,263.016571845436,269.192806222262,11,545;1919;3457;4801;5841;6896;7927;9168;10384;11589;12799,,0.0,-0.0165259236979093,0.0176621096333044,-0.0085517805473298,0.0139639165320425,0.0131316687293459,0.0050102986438171,4.82959166826839,3,0.632352941176471,4.60704770286532,3,0.601307189542484,4.85346993076081,3,0.669934640522876,0.028982457971383,1.53786478525059,0.0848318660330261,1.07144097978682,0.222543965403076,0.722978575109986,0.140874572483306,0.82470077311885,0.0837035983056781,-0.0238782624924179,0.024277316467514,1.61479932038757,0.104160398226429,0.9822973683764,0.246422227895494
ID564,FT0564,263.048125025516,464.311579973274,Phosphatidylethanolamine lyso alkenyl 18,,464.310475239167,464.313071615487,260.671694871975,266.579560602829,10,548;1923;3462;4802;5844;7930;9171;10387;11592;12802,78.95906;140.0113;196.0371;267.2693;403.262;464.3131|2057;1283;2818;2210;264;7391,1.0,-0.0212353881047141,0.0205467458653794,-0.030599239799741,0.0221307281052429,0.008522627474373,0.0036971648995166,4.72243927768202,3,0.571895424836601,4.47877600624912,2,0.535130718954248,4.77738705472471,3,0.627450980392157,0.183493700449068,0.736378840987753,0.298301245459768,0.525344933378884,0.243663271432903,0.469704277134915,0.328175485106011,0.624205464003275,0.204672434042866,-0.0549477770426856,0.125378693452593,0.90177626017329,0.279764694568214,0.553207092995194,0.298611048475588
ID565,FT0565,287.183155472246,464.312384591437,Phosphatidylethanolamine lyso alkenyl 18,,464.311053623569,464.313655648114,286.144438549868,288.968508095907,7,1922;3461;5845;9172;10388;11593;12803,78.95845;140.0112;196.038;267.2355;267.2675;403.2623;464.3145|609;491;200;108;145;434;2958,1.0,-0.0194302782965256,0.0199689907201826,-0.0587951391251447,-0.0488288227504176,0.0343905808753989,-0.0337694527469124,4.57200741378269,2,0.477124183006536,4.3834842697096,1,0.47140522875817,4.75470808471023,3,0.61437908496732,0.467942155451116,0.329807828808403,0.577368628725838,0.238546817167095,0.188523144073093,0.365834487969923,0.436715355095231,0.537705199155324,0.269455764241587,-0.182700670927532,0.0843580744357639,1.07387334206041,0.24307622930009,0.614257509229712,0.371223815000625
ID566,FT0566,38.1907274644778,465.303641949518,Cholesterol sulfate;Sorbitan stearate;1-eicosanoyl-glycero-3,,465.302617273649,465.304946745637,37.0988129800163,38.9198639693722,11,549;1924;3463;4803;5846;6897;7931;9173;10389;11594;12804,79.95733;96.6677;96.96038;463.8737;465.1231;465.3051;466.3928;466.5227;466.6469;473.2813;485.2828|10336;1308;482901;4679;2870;2149012;1276;942;669;486;2605,1.0,-0.0025167038354177,-0.0051550512063383,-0.0052591039369209,0.0165018436777892,0.0291321107542029,-0.0126110984371373,5.9427964277872,3,0.945261437908497,5.92426938719988,3,0.958333333333333,5.91967330696111,3,0.954248366013072,0.77850159735643,0.108740491994549,0.826599666036881,0.0827047745181011,0.018527040587327,0.843749362916199,0.0737865420804252,0.906805365127018,0.0424859190283545,0.0231231208260967,0.964425889960865,0.0157311395262113,0.982405158555235,0.0077093657405791,-0.0045960802387696
ID568,FT0568,38.1907274644778,467.300005607091,"24-Hydroxycalcitriol;3beta,7alpha-Dihydroxy-5-cholestenoate;",,467.297173437907,467.303102048316,37.3557274055033,38.6597724805852,9,551;1927;3465;4805;6899;7934;9176;10391;12807,,0.0,-0.0109352368938319,-0.0127551987071052,0.0202225337084572,0.0435120448688643,0.0494981221967662,-0.0420440456765484,4.78308315587579,3,0.602941176470588,4.60990667669582,2,0.604575163398693,4.62519783054674,2,0.549019607843137,0.437437015585273,0.35908447007695,0.547228629786743,0.261831189370649,0.173176479179972,0.489627555928405,0.310134148356602,0.638736595638783,0.194678200753424,0.157885325329052,0.958699968971241,0.0183172866848521,0.978830152046753,0.0092926610347636,0.0152911538509199
ID571,FT0571,396.81240566878,470.031504055428,Cloxacillin;CloxacillinNa;Cefmetazole,,470.03066585398,470.032985395818,396.324845771143,397.802029049989,11,554;1930;3469;4808;5850;6902;7937;9179;10394;11598;12810,,0.0,0.0024574237723352,0.0015753915176039,-0.0068515856454489,0.0039803122385591,-0.0116720238158387,0.0025783172794346,6.15391700645857,3,0.970588235294118,6.19761394850196,3,0.973039215686274,6.18958912147283,3,0.973039215686274,0.219714111620184,0.658142048669107,0.342822407625268,0.464930799380219,-0.0436969420433826,0.315547585280205,0.500935138903862,0.516506074550796,0.286924566441791,-0.0356721150142514,0.823945675678693,0.084101421228512,0.904557482142084,0.0435638297064387,-0.0080248270291312
ID573,FT0573,396.81240566878,471.032452477935,"C.I. Food Red 6;[2,2-dimethyl-6-(3,5,7-trihydroxy-4-oxo-4H-c",,471.030960258919,471.033549851735,395.414903516149,398.628850058476,11,557;1932;3472;4809;5851;6903;7939;9181;10396;11600;12812,,0.0,0.0027280549034528,0.0006888140497106,-0.0059356692358668,0.0022916768640051,-0.0097690172079806,0.001108054253215,5.4825246414281,3,0.86437908496732,5.52880596308196,3,0.917483660130719,5.51447373253421,3,0.890522875816993,0.118905005884789,0.924799861257027,0.219995112733937,0.657586967069878,-0.0462813216538596,0.299562662820884,0.523512317612588,0.501400169551759,0.299815523518247,-0.0319490911061031,0.634792639121354,0.197368117845848,0.778154422116198,0.108934210184952,-0.0143322305477565
ID574,FT0574,396.483752899068,472.034473945611,MMV019721;(Methylsulfinyl)pentyl glucosinolate;Glucoalyssin,,472.033143254752,472.035765373998,394.993315560179,398.089818984634,11,558;1933;3473;4810;5852;6904;7941;9182;10397;11601;12814,,0.0,-0.0002883064961158,-0.0004666427015384,-0.0056007326322054,0.0016209803191368,-0.0107158879471511,-0.0032678821568343,4.57940522844934,3,0.481209150326797,4.58637557771346,3,0.589869281045752,4.58177507962091,3,0.514705882352941,0.738018325407479,0.131932854268371,0.797696357111588,0.0981623912632347,-0.0069703492641197,0.938573477987472,0.0275317221525354,0.961659678887927,0.0169785929625116,-0.0023698511715659,0.876476142052897,0.0572599010371513,0.934107450023499,0.0296031641679183,-0.0046004980925538
ID575,FT0575,414.949246183907,473.084173137278,"Loquatoside;3,4,5-trihydroxy-6-[1-(7-methoxy-2-oxo-2H-chrome",,473.078921840789,473.08604988418,414.103875443952,415.622696327139,9,559;1934;3474;5853;7942;9183;10398;11602;12815,59.01382;74.02529;88.04009;116.0466;141.0182;170.0424;198.0483;227.0766;280.0494;309.0781|168;1893;1028;3337;156;1466;3051;4329;120;180,1.0,-0.04557452965511,0.0391469556026448,-0.0083493606612782,-0.0031048225928278,-0.0094800135591745,-0.0148461525823557,4.44606349255298,3,0.388888888888889,3.80769068917082,1,0.108660130718954,4.41056916280504,3,0.402777777777778,0.0034250954008243,2.46532732739066,0.0166144748677084,1.77951338087703,0.638372803382158,0.365055698597082,0.437640867741066,0.537705199155324,0.269455764241587,0.0354943297479418,0.0043713753738236,2.35938189866235,0.0331259419561829,1.47983176345344,0.602878473634216
ID576,FT0576,38.1907274644778,473.28210462055,,,473.280783949114,473.28485651495,37.0988129800163,38.9198639693722,11,560;1935;3475;4811;5854;6905;7943;9184;10399;11603;12816,78.95919;189.1275;204.5333;205.16;251.0836;252.0922;266.3001;267.1152;401.1899;415.2021;416.2107;441.2201;443.2337;457.2506;458.2572;471.8262;473.2822;474.0384;474.6323|2973;10227;653;246651;4845;2296;408;143010;1582;1171;1588;4947;10270;168374;21743;9651;5164178;1423;2393,1.0,0.0115062277697513,-0.0027583076852754,0.0120151501873906,0.0256046449862273,0.0306377860220047,-0.0044312810133654,6.20994443965227,3,0.972222222222222,6.34960721330405,3,0.97875816993464,6.26324701084854,3,0.973856209150327,0.169176501290022,0.771659960852595,0.28270441601386,0.548667407515178,-0.139662773651779,0.66052972572697,0.180107633115764,0.774679522988524,0.110877923535823,-0.0533025711962729,0.553894783128481,0.25657272524722,0.716865537234326,0.14456229748915,-0.0863602024555057
ID578,FT0578,417.499336277627,475.091016017942,"Nafcillin Sodium;Diosmetin 7-O-beta-D-glucuronopyranoside;3,",,475.087625354856,475.094213937058,415.443387767949,418.349781175703,7,563;1938;3478;7945;9186;11605;12818,88.03978;118.0502;170.0442;200.0534;229.0807|36;163;36;146;116,1.0,-0.0275698062546581,0.0097051871515782,-0.0065564462657095,-0.009914241208992,-0.0358128516151989,-0.0032661055410282,4.19904050494753,3,0.211601307189542,3.81167914630415,0,0.111928104575163,4.06409662027919,2,0.158496732026144,0.0033513917793055,2.4747747999639,0.0165234602889532,1.78189899896279,0.387361358643377,0.391853969294467,0.406875749677089,0.554935046785131,0.255757846559499,0.134943884668339,0.1163072583335,0.934393181610122,0.273912994266569,0.562387364590118,0.252417473975037
ID580,FT0580,278.249527755778,476.276437079688,"LPE 18:2;LysoPE(0:0/18:2(9Z,12Z));LysoPE(18:2(9Z,12Z)/0:0)",+,476.275596156588,476.277734955966,276.158375572922,280.335596450006,5,567;1941;3479;10404;11608,196.0395;279.232;476.2796|156;3439;703,1.0,-0.0255786448431446,0.0065648858046163,0.0255577796363913,-0.0482249506198756,0.0097835466198049,0.0154919657313705,4.44106880663289,3,0.382352941176471,4.02787744450324,0,0.228758169934641,4.25238085088468,2,0.298202614379085,0.0018745162295877,2.72711079509845,0.0112752151209704,1.94787516342258,0.413191362129647,0.212715270727999,0.672201331184035,0.42383287571944,0.372805359117009,0.18868795574821,0.120573751509174,0.918747226320728,0.274315503268827,0.561749647029673,0.224503406381436
ID581,FT0581,346.962877625805,476.172816781363,MMV688509;Pralatrexate(Folotyn);Pralatrexate(Folotyn),,476.172816781363,476.172816781363,346.962877625805,346.962877625805,1,7949,,0.0,-0.0005130991124899,0.0024499628466824,0.0006062073574462,0.0215901489923701,-0.0108802550388174,-0.0048657673215453,3.63700302656537,0,0.0138888888888889,3.63700302656537,0,0.0261437908496732,3.63700302656537,0,0.0081699346405228,,,,,,,,,,,,,,,
ID584,FT0584,277.416593408486,479.294616073043,"1-a,24R,25-Trihydroxyvitamin D2;MG(0:0/24:6(6Z,9Z,12Z,15Z,18",,479.293617349069,479.2956739284,274.838064019333,279.723162400291,8,571;1943;3483;5857;7951;9189;11610;12820,,0.0,-0.0437064614186424,0.0012103184548287,-0.0476792353263001,-0.021281081568221,-0.0501924795341027,0.0287546414586207,4.9505493525509,3,0.691993464052288,4.42340697863944,1,0.495915032679739,4.68410273648967,2,0.57843137254902,0.0629152725111788,1.20124391795344,0.14416585301133,0.841137594019548,0.527142373911463,0.323341408380601,0.490338674356474,0.522420051253714,0.281980162548975,0.266446616061232,0.437334053830688,0.359186704189699,0.624686463672476,0.204337904676744,0.260695757850232
ID585,FT0585,275.72263877686,480.307452889111,LysoPC(15:0);LysoPE(0:0/18:0);LysoPE(18:0/0:0),,480.306264063533,480.308749078746,273.515037096482,294.368502211438,12,573;1945;1947;3485;4815;5859;6910;7953;9191;10407;11612;12822,78.95816;140.0117;152.9959;196.0374;214.0492;224.0711;255.2322;281.2491;282.2524;283.2633;480.3083|3124;2171;1101;8314;1610;1387;23010;1247;1375;108955;33767,1.0,-0.0284975030102065,0.0232207290885661,-0.0317267042331403,-0.0169397806519423,0.0097671746434416,-0.0129639317038698,5.34867922300282,3,0.820261437908497,4.98834459886412,3,0.768790849673203,5.39021273819384,3,0.859477124183007,0.0671256139815634,1.17311172888888,0.150926610901732,0.821234180046301,0.360334624138698,0.730649084283735,0.136291155669777,0.830013405686689,0.0809148932037592,-0.0415335151910217,0.0199146714033611,1.70082685515394,0.0925913208275795,1.03342972058961,0.40186813932972
ID586,FT0586,39.5961847233922,480.277680110475,,,480.275227050191,480.284957025341,38.4407694241265,40.2084371378475,10,574;1946;3486;4816;6911;7954;9192;10408;11613;12823,,0.0,-0.0304740572821819,0.0292534990944764,0.0278453602053824,0.0198155822881483,0.0159916511040559,-0.021188772986539,4.89646490270053,3,0.668300653594771,4.40135811382299,2,0.479575163398693,4.85479969373529,3,0.67156862745098,0.0262584326934156,1.58073119953042,0.0774237611033797,1.11112573528045,0.495106788877536,0.614453042732443,0.211511300835144,0.74300227789869,0.129009854776013,0.041665208965239,0.0479377390677677,1.31932245285446,0.164947117333166,0.782655269916993,0.453441579912297
ID587,FT0587,435.050384297981,481.161429362822,NCGC00347626-02![6-acetyloxy-7-(chloromethyl)-7-hydroxy-1-(3,,481.159512446825,481.16440586276,434.151776615905,436.577780706955,11,575;1948;3487;4817;5860;6912;7955;9193;10409;11614;12824,109.0417;127.0507;128.0354;145.0613;313.1138|900;6511;1249;38794;16767,1.0,-0.0380394115482319,0.0018165506858965,0.0048346297602215,-0.0022059964336321,-0.0091471129101061,0.0088976474166774,4.75268131307593,3,0.588235294117647,4.21972512879754,3,0.349673202614379,4.46332305626294,3,0.439542483660131,0.0001882979740579,3.72515435263439,0.0021370043659593,2.67019459055931,0.532956184278388,0.0031004296860324,2.50857811347504,0.0349235272719309,1.4568818990623,0.289358256812989,0.0120588880428699,1.91869273689819,0.0666953665688585,1.17590433615052,0.243597927465399
ID589,FT0589,41.3806523354223,482.297698184702,STD_Taurolithocholic acid;Lithocholyltaurine;taurolithocholi,,482.29355996507,482.301497144222,40.9492836831093,42.7965903237448,9,578;1951;3489;5861;7957;9195;10411;11616;12826,,0.0,-0.0655417477211094,0.0251325902209105,0.0178821208224155,0.022726714490197,-0.0031951998764202,-0.0083179475132784,5.132335320334,3,0.754901960784314,4.19956340704002,1,0.339052287581699,4.78226980694677,3,0.632352941176471,0.0012019643630017,2.92010840852389,0.0079887465673544,2.09752135605323,0.932771913293977,0.0091706979993698,2.03759760808808,0.0753619264165905,1.12284800855114,0.350065513387224,0.0066636398569244,2.17628848284631,0.0441844756422208,1.35473029461509,0.582706399906753
ID591,FT0591,40.8203162350149,483.787382949001,,,483.785077223489,483.791747598968,39.7693239231404,41.52467800146,11,581;1956;3492;4820;5863;6914;7959;9197;10413;11618;12828,96.96011;98.95685;469.2509;483.3018;484.2868;485.283;486.2862;487.2884|1237;694;1406;8206;1729;87416;15625;755,1.0,0.0072694697401646,-0.0021574987658963,0.0183179282112499,0.0298081906806973,-0.0080317381951267,-0.0024649173290749,4.69321801857459,3,0.548202614379085,4.77314849535815,3,0.678104575163399,4.6842920486537,3,0.579248366013072,0.46664419876167,0.331014128874415,0.576358286560871,0.239307458413186,-0.0799304767835611,0.930128267397856,0.031457156841847,0.95625101873754,0.019428089164489,0.0089259699208916,0.250744541761948,0.600768511980395,0.448114671112087,0.348610837210099,-0.0888564467044528
ID592,FT0592,412.145061784435,484.038150463781,Chondroitin sulfate,,484.03590519503,484.039427694085,411.286014459847,413.923287989945,11,582;1957;3493;4821;5864;6915;7960;9198;10414;11619;12829,,0.0,-0.0178192954403198,0.0131749014645903,0.0040767641399341,0.0146618949493649,-0.0104922305146424,-0.0090978754381058,4.48929577024152,3,0.418300653594771,4.23764446580719,3,0.390522875816993,4.44001683119999,3,0.426470588235294,0.0033925890047462,2.4694687497808,0.0166144748677084,1.77951338087703,0.251651304434336,0.158756498366915,0.799268488731223,0.359134550612797,0.444742811474666,0.0492789390415371,0.0024781498902581,2.60587242897558,0.0224267411093027,1.64923383034364,0.202372365392799
ID593,FT0593,439.057099608911,484.152946367155,Pivampicillin;Fluoxetine glucuronide;Dihydroisomorphine-3-gl,,484.142029390642,484.15668762925,432.193135490768,446.164561567612,4,4822;5865;11620;12830,78.95875;127.0522;140.0118;145.0604;214.0463;227.0622|84;96;168;1346;931;274,1.0,0.0203887374448316,0.001410888457548,-0.0728075244251885,0.0008279713878074,-0.0118398109850299,0.0599221876310122,3.68060714156951,0,0.0236928104575163,4.05995011124994,2,0.25,3.95886391559982,2,0.0955882352941176,0.117237084289354,0.930934991093296,0.218660794418749,0.660229078388719,-0.379342969680431,0.146061331940924,0.83546474332242,0.343833385827521,0.463651956105302,-0.278256774030309,0.701346289297634,0.154067496445425,0.822701600653061,0.0847576577270918,-0.101086195650122
ID595,FT0595,295.48798301291,485.090261518818,(±)-Flufenprox;{[5-hydroxy-8-methyl-6-(2-methylpropanoyl)-2-,,485.088450458969,485.091485180663,294.636340016849,298.225098009121,6,3495;4824;6916;7962;9200;11622,180.0758;200.052;224.0694;258.0571;485.2792|360;219;658;132;288,1.0,0.0244930674298083,-0.0040098180913253,0.018144696756566,-0.0224124708203156,-0.0908598027048557,-0.072347466536938,3.93496159456547,1,0.0702614379084967,4.24113047488692,2,0.392156862745098,4.06437770233706,1,0.159313725490196,0.248208740067081,0.60518292994416,0.377014033207952,0.423642484193809,-0.306168880321456,0.632946768723105,0.198632812924059,0.756280609908517,0.121317034229947,-0.12941610777159,0.595384379223115,0.225202563888484,0.747111366186425,0.126614656397049,-0.176752772549865
ID597,FT0597,40.8203162350149,486.285082862917,"Glycocholic acid;3a,7b,12a-Trihydroxyoxocholanyl-Glycine;Sod",,486.283741476947,486.28579331898,39.7693239231404,41.52467800146,11,585;1960;3497;4826;5868;6918;7964;9202;10417;11624;12833,,0.0,0.0045774948280516,-0.0144202512259792,0.0147180812161912,0.0357976648298628,-0.024716040992255,0.0037113232072128,6.89409650139301,3,0.991830065359477,6.95508692134454,3,0.991830065359477,6.76835319217722,3,0.991013071895425,0.597846864412477,0.223410044201397,0.681715429277924,0.166396876495264,-0.060990419951537,0.272453053450637,0.564708320483927,0.479162355471468,0.319517308843298,0.12574330921579,0.0196641884840226,1.70632397166375,0.0917924318434174,1.03719312429042,-0.186733729167327
ID599,FT0599,40.4302060112998,487.28664780725,Cholesterol sulfate;1-eicosanoyl-glycero-3-phosphate;LysoPA(,,487.284916811279,487.28769924537,39.4501681989152,41.52467800146,11,588;1963;3500;4829;5871;6921;7967;9205;10420;11627;12836,62.9641;78.95923;280.1237;281.1255;282.1288;325.1841;407.2847;415.1947;421.3111;423.3162;429.2144;430.2165;431.224;455.227;457.2419;469.2521;470.2558;471.2549;472.2663;485.2848;485.7865;486.2848;487.2892;488.3978;488.5297|5369;2535;2820;4647;3216;259;1332;1311;1320;9022;1084;2289;1797;1884;1871;2459;2966;41539;7245;9882;3765;3504;2030787;322;236,1.0,0.0070491010731803,0.001993647620083,0.0141334785248289,0.0273621857536517,0.0033052192973353,0.010084308249929,6.06532917439991,3,0.961601307189543,6.13764251235546,3,0.97140522875817,6.09436245249279,3,0.967320261437909,0.517201925537432,0.286339866914759,0.617868834579475,0.209103710128532,-0.0723133379555421,0.763022674372643,0.117462556136072,0.851877440519549,0.0696228826215094,-0.0290332780928768,0.639781313539677,0.193968448755068,0.78262556907841,0.106445967413793,-0.0432800598626653
ID601,FT0601,411.360250785692,488.100471206669,"3-(3,4-dimethoxyphenyl)-N-[2-(3,4-dimethoxyphenyl)-2-(sulfoo",,488.099034388639,488.103161656063,410.798430960455,412.031252283315,7,589;1964;3501;7968;9206;10421;12837,,0.0,-0.0307304851600285,0.0057767290443246,0.0164551566029041,0.0314182979061255,0.0235514974782877,-0.0120516141926756,4.13357614211479,3,0.169934640522876,3.69085053114191,0,0.0465686274509804,3.92528537707867,2,0.0808823529411765,8.81842032690685e-05,4.05460920452243,0.0011919729947493,2.9237335838275,0.442725610972873,0.160357042148504,0.794911963087707,0.360728690717677,0.442819314502149,0.208290765036113,0.117527824596635,0.929859302428659,0.273912994266569,0.562387364590118,0.23443484593676
ID602,FT0602,40.8203162350149,488.289296794093,Tiropramide,,488.287217724104,488.290938297351,39.7693239231404,41.52467800146,11,591;1965;3503;4831;5873;6924;7970;9209;10423;11629;12839,62.96404;280.1237;281.1255;282.1305;421.3089;424.3204;431.2166;453.2151;456.2287;469.2511;470.2586;471.2628;472.2597;473.2681;485.2833;486.7864;487.2867;488.2903|310;720;471;427;652;988;132;120;204;2211;216;280;4801;933;8763;674;494;187267,1.0,0.0053201438620454,-0.0002118195142231,0.0084523123742316,0.0319789284808996,-0.0068712258934386,0.0001254818494805,5.10663243353491,3,0.744281045751634,5.17232658480819,3,0.826797385620915,5.1184015986904,3,0.773692810457516,0.518974276594814,0.284854167796604,0.619179299807694,0.208183571268261,-0.0656941512732789,0.898605663516857,0.0464308485669774,0.94106089768033,0.0263822717153818,-0.011769165155493,0.478246712110793,0.32034800701326,0.653529172170136,0.184735021656895,-0.053924986117786
ID603,FT0603,449.253805909401,488.164935512041,,,488.160550877316,488.169610540282,447.765417104841,450.207830086583,11,590;1966;3502;4830;5872;6923;7969;9208;10422;11628;12838,102.056;128.0341;146.0449|1574;2866;9471,1.0,-0.0309430723834311,0.0084580840229205,0.002294707176095,0.0060258666492544,-0.0013146695286949,0.0041431422448567,4.56570834478885,3,0.473039215686274,4.13709184847633,3,0.302287581699346,4.38408181037432,3,0.386437908496732,0.0025809525480585,2.58821998007673,0.0139232552256254,1.85625921578504,0.42861649631252,0.0034068082507102,2.46765230963786,0.037075895196919,1.4309083541394,0.181626534414531,0.0166563670163254,1.77841971822446,0.0838214901973837,1.07664462244816,0.246989961897989
ID605,FT0605,35.1678831115067,490.276137645644,Ebastine,,490.267897593284,490.278177305925,34.3127771675304,35.9369447823498,10,594;1968;3505;4833;5875;6926;7972;9211;10426;12841,,0.0,0.0035992108570727,-0.0204376544771635,0.001320825646072,0.0417297261708569,0.0255543027307072,-0.014282762382102,4.61493468326892,3,0.494281045751634,4.69748398373357,3,0.651960784313726,4.50342692709528,2,0.464052287581699,0.018483757742904,1.7332097321902,0.0599352036784731,1.2223180144654,-0.0825493004646418,0.470711431304429,0.327245254652501,0.624856493423901,0.204219712688482,0.111507756173642,0.235321288178252,0.628338782895609,0.42724600149834,0.369321993055049,-0.194057056638283
ID606,FT0606,498.336282212991,491.009578781663,"Pesticide3_Novaluron_C17H9ClF8N2O4_N-({3-Chloro-4-[1,1,2-tri",,491.007894344662,491.011929655563,496.441003045615,499.050353310124,8,596;1970;3507;7974;9212;10428;11632;12843,78.95891;158.9246;176.9358;178.0004;196.0121;275.9805;393.0335|1958;144;144;599;2803;306;120,1.0,-0.0237807960096954,0.0504538978029275,-0.0054444631098125,-0.0062057423860834,0.0120968948014137,-0.001516407142295,3.99053188311508,3,0.0874183006535948,3.61918388058317,0,0.0212418300653595,4.20150044700458,3,0.246732026143791,0.0005209659667993,3.28319064697693,0.0044448372912025,2.35214413229247,0.371348002531916,0.0063187760869475,2.19936703408467,0.0582677978094091,1.23457139545532,-0.2109685638895,4.41864183087652e-06,5.35471120033364,0.0002343888643924,3.63006302511047,0.582316566421416
ID608,FT0608,404.310670652262,492.988392492604,C.I. Acid Red 13;Azorubine,,492.98710223893,492.989643072272,401.824755626562,406.010596040496,11,597;1971;3508;4834;5877;6928;7975;9214;10429;11634;12844,59.01526;141.016;164.9762;246.9833;328.9852;410.9935|36;185;36;327;188;36,1.0,0.0109196031024007,0.0033815452506505,-0.0065769280963639,0.0029029605040164,-0.0145554968297133,-0.0023701311383519,4.50643485373364,3,0.431372549019608,4.66603248802611,3,0.631535947712418,4.61799278156742,3,0.540849673202614,0.0041146568972089,2.38566637281167,0.0191010927511608,1.71894178656253,-0.159597634292461,0.0527919636065507,1.2774321840375,0.211869408759845,0.673931745346232,-0.111557927833771,0.208148197166389,0.681627346314939,0.388654313749082,0.410436507613644,-0.0480397064586899
ID613,FT0613,410.678761059845,499.056551317382,"Sorafenib;[3-(3-{[3,4-dihydroxy-5-(hydroxymethyl)oxolan-2-yl",,499.054783707391,499.059904534287,409.572627098837,411.360250785692,11,604;1979;3515;4838;5882;6931;7982;9219;10435;11641;12851,,0.0,-0.0340364233322813,0.0200104722344619,0.0049965852414211,0.0009610513087783,-0.0154187483166562,-0.0026072413735238,4.731773732862,3,0.579248366013072,4.23940276516017,3,0.391339869281046,4.61024530491045,3,0.535947712418301,0.0007526385298419,3.12341355259942,0.0057305326037967,2.241805012214,0.492370967701829,0.02283025586556,1.64148922121331,0.133318978450197,0.875108022757848,0.121528427951547,0.002567017311074,2.59057120258739,0.0228680091757511,1.64077164219778,0.370842539750282
ID614,FT0614,410.106888696754,500.059075900387,"6-[(6-carboxy-3,4,5-trihydroxyoxan-2-yl)oxy]-2-(3,4-dihydrox",,500.057264917271,500.059728628029,409.917499516977,410.798430960455,5,605;1980;3516;7983;9220,,0.0,-0.030268777275097,-0.0183348556185571,0.0242425223982216,0.0228191538349406,-0.0232233469008819,-0.0114915745263977,4.0999080539268,3,0.150326797385621,3.67780943396079,0,0.0383986928104575,3.67780943396079,0,0.0130718954248366,1.140847293916e-05,4.94277248340647,0.0003196380944101,3.49534146713584,0.422098619966005,1.140847293916e-05,4.94277248340647,0.001254687612487,2.90146438976921,0.422098619966005,,,,,
ID618,FT0618,374.130208369494,501.900367211599,,,501.897044351412,501.902852149893,373.298227567543,374.970078184859,7,610;4840;5884;7987;10439;11647;12857,,0.0,0.006317381554378,0.0478095035856163,-0.0126153956511316,0.0461863708298244,-0.0102588567809052,0.0569755791848204,3.60390254644462,1,0.0081699346405228,3.67280163951709,2,0.0351307189542484,3.96189220580506,3,0.0988562091503268,0.745742564878739,0.127411067899836,0.802440344856103,0.0955872441103954,-0.0688990930724684,0.0902466709441975,1.04456880955783,0.280251872752161,0.552451476598424,-0.357989659360435,0.0710095714000859,1.14868310866008,0.216365978652481,0.664811026583328,0.289090566287966
ID619,FT0619,424.559725695,502.191499922569,,,502.185111628515,502.195195539075,422.908625445945,425.353585285648,9,611;1985;3521;5885;7988;9223;10440;11648;12858,,0.0,-0.0723646635493199,0.058718463985264,0.0117867369350129,0.0079854532020075,0.012199892629021,-0.0170837011606137,4.9951537942109,3,0.705882352941177,3.94559281992236,1,0.18218954248366,4.87117704660329,3,0.683006535947712,0.0006009345901525,3.22117279701851,0.0049009234829327,2.30972207798104,1.04956097428855,0.113178500665439,0.946236063687839,0.31408813851289,0.502948464351792,0.123976747607612,0.0011604603120016,2.93536970792106,0.0137312886092226,1.86228870459759,0.925584226680933
ID624,FT0624,404.659842716675,509.020545656089,,,509.017179691112,509.025524707728,403.427537588738,406.010596040496,9,617;1994;4844;6934;7995;9229;10444;11653;12865,59.01322;141.016;223.0204;305.0188|60;480;63;48,1.0,0.0093288407869715,0.0179556559140752,0.0158270368036481,0.0101488278634437,-0.0018746938992206,-0.0085465110007438,4.3582135120892,2,0.323529411764706,4.43547134575432,2,0.502450980392157,4.53364367731418,3,0.482843137254902,0.681350042708858,0.166629712522247,0.750608151445748,0.12458672355112,-0.0772578336651284,0.165399085896921,0.781466894971018,0.369071663025791,0.43288929824505,-0.17543016522498,0.528073444355135,0.277305671670769,0.69870942127261,0.155703400757219,0.0981723315598515
ID625,FT0625,359.145448946258,510.931399867048,,,510.929643340997,510.933283911672,355.515218151429,363.858057772187,11,618;1996;3528;4845;5888;6935;7996;9230;10445;11654;12866,59.01416;156.982;173.0128;217.0033;314.9789|2348;564;3279;28367;482,1.0,-0.0042663124127989,0.0203378016985871,0.0063894095716702,0.0194892981606619,-0.0055015020591133,-0.0094238340657403,4.52575397025717,3,0.445261437908497,4.44874164569322,3,0.516339869281046,4.62568257016937,3,0.550653594771242,0.216949728563872,0.663640888900919,0.339831410758253,0.468736481592586,0.0770123245639418,0.161567396792413,0.791646272408501,0.362102811364072,0.441168103310126,-0.0999285999122037,0.0032214722344142,2.49194560744743,0.0276430742467753,1.55841365977228,0.176940924476146
ID627,FT0627,415.247257042238,512.045501199767,"Chondroitin 4-sulfate;4-[7-(3,4-dihydroxy-5-methoxyphenyl)-6",,512.042991171281,512.04829039244,414.820027260666,415.622696327139,9,3531;4846;5889;6936;7998;9232;10447;11656;12868,59.01302;74.0253;116.0452;126.9971;127.003;141.0182;184.0373;198.0471|72;281;539;108;108;192;264;680,1.0,0.0279268122061121,0.0088158983653,-0.0347000372245928,-0.003668600755396,-0.0254709580781561,-0.0284203877874688,3.67683803511046,1,0.0228758169934641,4.10772348767353,3,0.286764705882353,4.02938891429061,3,0.131535947712418,0.0134464030851915,1.87139387396405,0.0464828244582912,1.33270749057078,-0.430885452563067,0.0440096875640279,1.35645171459316,0.196029146147424,0.707679351756102,-0.352550879180154,0.331249893743943,0.479844252365103,0.5482695032622,0.261005910478531,-0.0783345733829126
ID628,FT0628,42.5849735527597,513.303890586282,"Flavidulol C;MGMG 18:3;NCGC00380867-01_C27H46O9_9,12,15-Octa",,513.295305628809,513.311396751927,41.3444142232628,43.5323000066201,10,623;2001;3533;4847;5890;6937;7999;9233;10449;12870,96.96032;311.1686;325.1815;326.1888;513.3102|1550;144;866;953;26035,1.0,-0.0037255963080195,-0.0297575569041108,0.0185000844033599,0.0431414984198165,0.0086355834584273,0.0177497862475421,4.64220425969143,3,0.513888888888889,4.60092147950957,3,0.598039215686274,4.3387268955951,2,0.360294117647059,0.642595235040343,0.192062499144535,0.718920320159194,0.143319240956151,0.0412827801818585,0.0825348445718426,1.08336266223261,0.274530465525395,0.561409453489311,0.303477364096328,0.0693687561185543,1.15883609295457,0.212475953780454,0.672690212584824,-0.26219458391447
ID629,FT0629,44.624730247586,514.263226551827,MLS002153941-01!Delcorine52358-55-1;MLS002153941-01!Delcorin,,514.251813197127,514.268748524326,42.7965903237448,44.9599953561545,6,2002;5891;9234;10450;11658;12872,,0.0,-0.0079749397156613,0.0158869519139437,-0.0606272449823028,-0.0284196622149351,0.0136119013417012,-0.0261765566816836,4.12646140179746,1,0.165032679738562,4.11657275444747,1,0.28921568627451,4.34605773686974,3,0.36437908496732,0.970623705305988,0.0129491062230161,0.976421011962355,0.0103628834118359,0.0098886473499888,0.314604160713102,0.50223553802935,0.515660551073849,0.287636091603289,-0.219596335072285,0.27511371025622,0.560487766061594,0.477764434328881,0.320786183070049,0.229484982422274
ID630,FT0630,414.092081332621,515.101859288617,2-O-Galloylsucrose;6-O-Galloylsucrose;1'-O-Galloylsucrose,,515.100321651844,515.105014390526,414.015848102489,414.724948898062,6,624;2003;3534;8000;10451;12873,74.02544;88.04117;116.0459;130.0619;141.0178;198.0483;212.067;227.0767;269.0959;294.0662|36;36;163;96;36;515;171;36;333;48,1.0,-0.0255566382305149,0.013888219817757,0.0103119057065347,0.0244282711215419,0.0485425701323297,0.0219026593273114,4.06847944048527,3,0.127450980392157,3.68505969656955,0,0.042483660130719,3.9598548874984,2,0.0964052287581699,2.6364710838593e-07,6.57897698753723,3.52408301542526e-05,4.4529538696367,0.383419743915728,0.47433344120603,0.323916255868312,0.625540171372145,0.203744795251049,0.108624552986876,0.116489255658887,0.933714129773098,0.273912994266569,0.562387364590118,0.274795190928852
ID633,FT0633,411.446626268058,516.123055731594,Vitisin B;2-amino-4-[(2-{[1-carboxy-2-hydroxy-2-(4-hydroxy-3,,516.117665275035,516.124648376054,411.286014459847,412.145061784435,7,626;2005;3537;8002;9236;10453;12875,,0.0,-0.0425833778039155,0.0035353167831175,0.0337088409115997,0.0337848421381056,0.037283331794194,0.0089224292693715,4.31317161339953,3,0.287581699346405,3.68189125176243,0,0.0400326797385621,3.95629205694475,2,0.0939542483660131,0.0007925318721218,3.10098326335837,0.0059377463497742,2.22637835865076,0.631280361637105,0.0886618939273965,1.05226299587187,0.279790445579027,0.553167120091346,0.356879556454784,0.128682151464931,0.890481686645288,0.282278328495441,0.549322462894966,0.274400805182321
ID634,FT0634,374.409648831281,516.918477754542,,,516.916255790725,516.919669367742,374.130208369494,375.24858177186,6,628;2006;3539;10455;11661;12877,,0.0,-0.0194279566770559,0.0458389598776258,0.012738226909109,-0.0287533971083093,0.0287634851667483,0.0353871962624877,3.81675461805027,3,0.0433006535947712,3.4630494017359,0,0.0008169934640522,3.97696373983696,3,0.10702614379085,0.0011448115498538,2.941265997686,0.007737125249855,2.11142037265505,0.353705216314375,0.0420541429255153,1.37619121363393,0.192429563083419,0.715728206218644,-0.160209121786687,0.000109060150287,3.96233390818229,0.0026496882844491,2.57680521448068,0.513914338101062
ID635,FT0635,374.130208369494,517.912222270804,,,517.910654337671,517.916241467336,373.298227567543,375.24858177186,11,629;2007;3541;4851;5894;6941;8004;9238;10457;11662;12878,59.01423;124.0069;126.0035;156.99;221.9838;223.9816|780;26764;3346;862;4901;2250,1.0,-0.0121158992378911,0.0335727728499472,-0.0015762473633458,0.003976773587789,0.0008978101189469,0.0045029651018665,4.22199328213741,3,0.229575163398693,4.02958532148573,3,0.229575163398693,4.37483972182791,3,0.382352941176471,0.022541222824413,1.64702252788663,0.0691762526983898,1.16004296756725,0.192407960651678,0.0280841422556579,1.55153883578368,0.14815745178496,0.82927650019,-0.152846439690502,0.0006572921484293,3.18224155547894,0.0090242345554941,2.04458962514786,0.34525440034218
ID638,FT0638,356.513693969341,520.866120151607,,,520.864978915989,520.867932530712,355.488721877261,361.703197861647,11,632;2011;3544;4854;5896;6944;8007;9241;10462;11664;12882,59.01338;128.9572;128.9611;141.0177;142.974;156.9906|709;96;156;72;2070;665,1.0,-0.025445992194572,0.0074801128770726,-0.026908862703069,0.0051111878321197,-0.0089183030488993,0.0082609984033636,4.47048358991405,3,0.407679738562091,4.15741250369985,3,0.314542483660131,4.38763910889188,3,0.388888888888889,0.0477993183408223,1.32057829675462,0.120313720695194,0.919684842465452,0.313071086214196,0.380677156552081,0.419443183288162,0.544855456297292,0.263718695628704,0.0828444810221711,0.152331701661202,0.817209706487874,0.310246240556061,0.508293472409893,0.230226605192025
ID641,FT0641,482.368392184465,522.040592525604,,,522.038049310776,522.043248830505,480.652599483922,483.160976936955,7,635;2013;3547;8011;9244;10466;12885,78.95858;96.97005;158.9267;241.0106;259.0235;280.0208;320.979;522.0422|1202;790;440;3067;204;1180;874;4590,1.0,-0.0407243289328922,-0.00537601734275,0.0215960486209628,0.0193770464065498,0.0237873578938672,-0.0029061707395929,4.31492068052322,3,0.290849673202614,3.73104468828708,0,0.0661764705882353,3.93879218894711,2,0.0841503267973856,1.60156217434709e-06,5.79545619689917,9.5875315278781e-05,4.01829319489579,0.583875992236146,0.022936125648642,1.63947994090381,0.133318978450197,0.875108022757848,0.376128491576115,0.116154991574521,0.934962122353709,0.273912994266569,0.562387364590118,0.207747500660031
ID642,FT0642,40.4302060112998,522.114341855471,,,522.107615296248,522.269461513545,38.6996517360409,45.2289236855597,11,637;2016;3548;4856;5899;6946;8010;9245;10465;11668;12887,,0.0,0.0013083248218673,0.0065485654277488,-0.0073139991219247,0.0073071703860784,-0.0044555868288465,0.0058341544564411,4.24726549313436,3,0.253267973856209,4.27181374489802,3,0.413398692810457,4.31133590729679,3,0.337418300653595,0.534261768293757,0.272245902764735,0.629722809803145,0.200850575409663,-0.0245482517636582,0.208326064928333,0.681256389455187,0.420000810125287,0.376749871905427,-0.0640704141624289,0.294472944550431,0.530954600952325,0.505367538662284,0.296392657613191,0.0395221623987707
ID644,FT0644,355.853160733602,522.86488184985,,,522.864320688586,522.873363096558,355.488721877261,356.777290172386,4,638;2017;3550;12888,,0.0,-0.0220333782449469,-0.0035234263700412,-0.0067754391102409,-0.0032517562211946,0.0219346191221853,0.0382716639578542,4.06109650105883,3,0.120915032679739,3.75043747020725,0,0.0776143790849673,3.87428677211076,1,0.0612745098039216,4.51510860568116e-07,6.34533179877667,4.93788695694039e-05,4.30645885659505,0.310659030851584,0.206271784544658,0.685560174133523,0.417380763366746,0.37946757097778,0.186809728948078,0.373900966300059,0.427243412464819,0.561573265987348,0.250593575220363,0.123849301903506
ID645,FT0645,412.598812242138,522.999291952395,"Flufenoxuron;8-(6-carboxy-2,3,4-trihydroxyphenoxy)-3,4,9,10-",,522.998064481892,522.999427941099,412.291827736759,412.620558010002,3,4858;5901;6947,,0.0,0.0250923727792255,-0.0246315720849103,-0.0014779803763202,-0.0067870738099173,0.0067901604607572,0.0171595892306789,3.88464811568062,0,0.059640522875817,4.2489779514141,3,0.40359477124183,3.88464811568062,0,0.0629084967320261,0.000499278643042,3.30165701076712,0.0043524073013017,2.36127046982851,-0.364329835733485,,,,,,0.000499278643042,3.30165701076712,0.0078346141707898,2.10598238625638,-0.364329835733485
ID647,FT0647,45.2289236855597,525.273217156042,"1-(13Z,16Z-docosadienoyl)-glycero-3-phosphate;LysoPA(22:2(13",,525.269964992012,525.276216822703,44.9599953561545,46.2493592229647,7,642;2023;3555;5903;8014;9248;10470,,0.0,-0.0208461311491416,-0.0174459984151231,0.0013660925149863,0.0505041733495544,-0.0136120905399509,-0.0436887125966892,4.22961106158723,3,0.241830065359477,4.02256665473497,1,0.226307189542484,3.94358126472817,1,0.0857843137254902,0.359480808115559,0.444324290683039,0.484179615133447,0.314993499118616,0.207044406852257,0.0844877841614893,1.07320607986422,0.274530465525395,0.561409453489311,0.286029796859057,0.74364921633313,0.128631875389407,0.85165714961802,0.069735203350463,-0.0789853900067992
ID648,FT0648,414.08028722129,526.060129832788,"4-[6,11-dihydroxy-7-(4-hydroxy-3,5-dimethoxyphenyl)-2,8-diox",,526.058667578568,526.062938437471,413.621219892752,415.37858474783,11,643;2024;3556;4860;5904;6949;8015;9249;10471;11671;12892,59.01407;74.02429;116.0464;141.016;198.0488;212.0647;223.0206;280.0518;362.0558;444.0573|2473;3985;9953;9764;25056;572;552;3252;2018;494,1.0,0.0053142119677768,0.0122050636307127,-0.0342759689454409,-0.012016520371667,-0.0231887862527258,-0.0066965662686302,4.62169020912571,3,0.503267973856209,4.73227292421887,3,0.665849673202614,4.81945012154379,3,0.650326797385621,0.276315111480108,0.558595363172658,0.409873093847805,0.387350590043969,-0.110582715093152,0.172338975527421,0.763616493055239,0.373092262432122,0.428183757707705,-0.197759912418077,0.452330078097348,0.344544532489798,0.636754163015206,0.196028206994702,0.0871771973249249
ID652,FT0652,414.820027260666,528.073412753125,"3,4,5-trihydroxy-6-{[3,5,7-trihydroxy-2-(4-hydroxy-3-methoxy",,528.064994330713,528.077815143653,411.446626268058,417.895641327073,7,647;2028;3560;4861;5906;8017;9251,59.01424;74.02534;118.0504;141.016;200.0538;282.0554;364.0603;446.0652|132;173;1063;580;2202;182;139;36,1.0,-0.0259440485261272,-0.039725767458169,0.0080865644623119,0.027332520171733,-0.0333161017833416,-0.0045299108576459,4.40521677810491,3,0.354575163398693,4.09415936564503,2,0.280228758169935,3.88994026476431,0,0.0645424836601307,0.0499325696064328,1.30161608391126,0.123598521062837,0.907986725833706,0.31105741245988,0.0003576920628611,3.44649069668032,0.0110787650535101,1.95550864758026,0.515276513340594,0.116235514742241,0.934661156799134,0.273912994266569,0.562387364590118,-0.204219100880714
ID654,FT0654,449.399428043698,528.081105424636,(Methylsulfinyl)octyl glucosinolate;Glucohirsutin;Delphinidi,,528.081105424636,528.081105424636,449.399428043698,449.399428043698,1,5907,102.0563;128.0363;146.0474;168.0273;337.0516;359.0428|36;36;180;117;36;60,1.0,0.0041844502976085,-0.0069431805819017,-0.0158142937557521,0.0028815778923124,-0.002344306407479,0.0088210847461691,3.47485375375362,0,0.0016339869281045,3.57519708564161,1,0.011437908496732,3.47485375375362,0,0.0008169934640522,0.373900966300059,0.427243412464819,0.484179615133447,0.314993499118616,-0.100343331887994,,,,,,0.373900966300059,0.427243412464819,0.561573265987348,0.250593575220363,-0.100343331887994
ID656,FT0656,274.005078965756,528.284140854738,LysoPC(16:1(9Z)/0:0);Phosphatidylcholine lyso 16;MLS00133357,,528.28254099491,528.285610723279,272.20113712006,275.014333659715,5,650;2031;6951;8019;10475,78.95933;152.9943;168.0431;224.0677;242.0812;253.2167;478.292;528.2849|424;514;636;3148;773;40653;18833;551,1.0,-0.0240321501060077,0.011708725552631,0.0869376219978476,0.0597999089709929,0.0553557621339607,0.0422325968940428,4.70312618713099,2,0.555555555555556,4.24997384677846,1,0.404411764705882,4.39348987430638,1,0.391339869281046,0.198690630914977,0.701822611188415,0.31617040871788,0.500078779349777,0.453152340352537,0.448563666231987,0.348175907288966,0.60475994286634,0.218416982665978,0.309636312824613,0.615189853130869,0.210990836349691,0.763441798058719,0.117224066329123,0.143516027527925
ID659,FT0659,291.48465064464,529.287773351213,PA(8:0/14:0);PA(10:0/i-12:0);PA(8:0/i-14:0),,529.286764433788,529.28875972465,277.07909123582,294.489968564137,6,655;2034;3565;9255;10478;11676,,0.0,-0.0324085173654938,0.0054243700501136,0.0259122732359586,-0.0509540090492923,-0.0328598192417544,-0.0569233941601728,4.5396763242399,3,0.454248366013072,4.05237413681206,0,0.243464052287582,4.32577577731191,2,0.34640522875817,0.0064447626632684,2.19079307147284,0.026642781731656,1.5744204331189,0.487302187427838,0.293760021671817,0.532007308439261,0.499874421161037,0.301139085757573,0.213900546927984,0.143455408768093,0.843283072696105,0.297886943118086,0.525948532219796,0.273401640499854
ID661,FT0661,272.68626349173,530.299204833951,LPC 16:0;LysoPC(16:0);LysoPC(0:0/16:0),+,530.298523140905,530.300901342188,270.884748340855,274.713099739959,5,658;2039;6954;8023;10482,78.95809;152.9952;168.0432;224.0677;242.0796;253.2182;254.2218;254.4526;255.2321;333.2795;478.2953;480.3073;530.3062|897;920;1074;7010;1284;9585;288;249;68693;512;4561;36479;836,1.0,-0.0198037285120092,0.0118650494377588,0.108288890112278,0.0675076891101958,0.0699228615470324,0.0397339462869296,4.83863227745279,2,0.639705882352941,4.41135575647251,1,0.491830065359477,4.51576403467534,1,0.472222222222222,0.298702889055624,0.524760576877466,0.430346797046606,0.366181425021223,0.42727652098028,0.486576916442119,0.31284849815819,0.636365318376693,0.196293497234217,0.322868242777457,0.776655225009086,0.109771731657617,0.871496776524619,0.0597342149110273,0.104408278202824
ID662,FT0662,291.473073665746,531.302344978946,5b-Cyprinol sulfate;Serine-Cholic Acid;Ganoderic acid I,,531.299987580955,531.304205109036,275.757444529347,294.305203081978,11,659;2040;3568;4865;5911;6955;8026;9257;10483;11679;12900,,0.0,-0.0115039526013962,0.0028249656769186,-0.051515922463532,-0.0052374310899002,-0.0136387980179699,-0.0221004847633687,4.7391272951355,3,0.584150326797386,4.66521373100154,3,0.630718954248366,4.80482843602402,3,0.642156862745098,0.690145320236116,0.161059452550235,0.758214447711459,0.120207944386527,0.0739135641339521,0.648153645987498,0.18832203163718,0.764618754250877,0.116555053991879,-0.0657011408885202,0.457354722081261,0.339746832566152,0.638149895486246,0.195077297554088,0.139614705022472
ID663,FT0663,272.406875393189,531.303051381176,5b-Cyprinol sulfate;Serine-Cholic Acid;Ganodermic acid TQ,,531.300432075317,531.303856558277,270.884748340855,274.713099739959,4,660;2041;8025;10484,,0.0,-0.0142973895058939,0.0076076335711039,0.0298393717003397,0.0357471387254666,0.0157566052550671,0.016898601843303,4.44377671950176,2,0.388071895424837,4.2108184618276,0,0.345588235294118,4.3111617937156,1,0.33578431372549,0.116122411051704,0.935083955482631,0.218646672641802,0.660257127348624,0.232958257674157,0.437016213968798,0.35950244974228,0.599204437812111,0.222424978836336,0.132614925786163,0.373900966300058,0.427243412464821,0.561573265987348,0.250593575220363,0.100343331887994
ID665,FT0665,291.926873557706,532.297603316073,Vicriviroc Malate,,532.29612788149,532.30002741246,289.079535003273,294.305203081978,11,662;2044;3570;4867;5914;6956;8029;9260;10485;11681;12903,224.0694;242.0792;255.2329;256.2371;257.2387;335.2943;480.3087;482.3163;532.3023|2941;612;41272;1735;1653;540;21251;2780;488,1.0,-0.0080786535791669,0.004124980880851,-0.0468365026315879,-0.0109081693463478,0.0003576653413173,0.0224830595706033,4.8151253067959,3,0.620098039215686,4.76544519270382,3,0.673202614379085,4.87918859853308,3,0.689542483660131,0.782748415389636,0.106377802903936,0.828914034959272,0.081490506939091,0.0496801140920873,0.62901215672683,0.201340960996128,0.753816156077392,0.122734558820521,-0.0640632917371784,0.532672569833098,0.273539666791,0.70240552428839,0.153412081443455,0.113743405829266
ID666,FT0666,273.205957248436,532.297573514786,Vicriviroc Malate,,532.295280960645,532.299063742454,270.884748340855,275.757444529347,6,663;2045;6957;8028;9259;10486,78.95913;168.0424;224.0689;242.079;255.2322;256.237;257.2396;335.2962;480.309;482.3145;532.2996|276;279;2564;532;31062;1315;1340;468;15554;2386;512,1.0,-0.0192018807380369,0.0020311042183589,0.0592144695279887,0.0588611743872602,0.0103060272363119,-0.0725148551374209,4.43175474889083,2,0.375,4.12656194357963,1,0.294934640522876,4.21427369736669,1,0.258169934640523,0.248805025082404,0.604140852504046,0.37722723139694,0.423396963817663,0.305192805311203,0.475711100297361,0.322656714584625,0.625990206055787,0.203432461500755,0.217481051524142,0.701799675518739,0.153786836919207,0.822701600653061,0.0847576577270918,0.0877117537870618
ID668,FT0668,457.367685190011,534.09743594136,Cyanidin 3-(6''-malonylglucoside);Cyanidin 3-(3''-malonyl-gl,,534.093710542845,534.106254081188,456.290914515083,458.554695682307,8,2048;4869;5917;6959;8031;9262;10488;11683,137.0713;143.0457;160.0071;180.0776;224.0674;225.0511;243.062;258.0548;259.0389;275.0329;277.0488;534.0979|496;1533;1611;1086;3672;2876;637;1388;420;393;668;412,0.916666666666667,0.0210874869918689,-0.0010872957791324,0.0057289603596459,-0.0034238230255678,-0.0180058096968653,-0.0626826516021535,3.81644911388653,1,0.042483660130719,4.12332105999828,3,0.292483660130719,3.99384503949357,2,0.111928104575163,0.0556377502688579,1.25463043916838,0.133331102735928,0.875068528973558,-0.306871946111754,0.360357014664596,0.443267019600167,0.537705199155324,0.269455764241587,-0.177395925607044,0.435465846256108,0.361045901194007,0.623544346725003,0.205132653888614,-0.12947602050471
ID669,FT0669,418.411097182689,534.1261728387,,,534.125304472592,534.127041204807,418.096293157948,418.72590120743,2,2049;3572,,0.0,-0.0206474926015803,-0.0203085993112057,-0.0006013894705008,-0.0315999035273883,0.0154115450747199,-0.0074517524901187,3.804082704545,2,0.0383986928104575,3.52868893304995,0,0.0049019607843137,3.52868893304995,0,0.0016339869281045,0.144522924459581,0.840063258951454,0.250881786615982,0.600530866223416,0.275393771495045,0.144522924459581,0.840063258951454,0.341651062127541,0.466417224801054,0.275393771495045,,,,,
ID671,FT0671,486.340083093067,536.067021162941,,,536.062497061401,536.068868937698,484.596589791784,487.154824339834,9,667;2053;3575;5920;8033;9264;10491;11685;12908,78.95925;96.96967;158.9247;211.0001;213.0165;272.9562;279.0385;292.9816;322.0436;383.9993;536.068|7629;2792;1302;577;3003;1007;540;2081;25889;2308;12898,1.0,-0.0504129656782572,0.0481102745431752,-0.0047436739572926,0.0070436196583756,0.008864884582389,-0.0112148143111026,4.52145115031466,3,0.441176470588235,3.80407752284261,1,0.105392156862745,4.51259759300143,3,0.469771241830065,0.0020726361783016,2.68347692541363,0.0120453203985355,1.9191816435307,0.717373627472057,0.832497361792136,0.0796171341110514,0.901126176563531,0.0452143944274983,0.0088535573132384,0.0027124812148088,2.56663326082383,0.0239807998309233,1.62013633598431,0.708520070158819
ID672,FT0672,356.825145720554,536.879361260597,,,536.877060659637,536.881507052619,355.515218151429,357.617046243139,6,668;2055;3576;4871;8034;12909,59.01266;142.9747;144.9715;156.9895;158.9886;240.9468;242.9525;256.9616|551;839;264;1010;258;36;36;36,1.0,-0.0437365528118499,-0.0162668434229678,0.0052321533104687,0.0485306689920422,0.0048193491514363,0.0817766020274608,4.41691734863906,3,0.362745098039216,3.79907449367861,1,0.102124183006536,3.8997658760669,1,0.0678104575163399,0.0041282494724038,2.38423406593156,0.0191010927511608,1.71894178656253,0.617842854960448,0.0636836300513869,1.19597218920327,0.237437731796529,0.624450265124771,0.517151472572167,0.67725202336917,0.169249688787592,0.809788023844079,0.0916286504089138,0.100691382388281
ID673,FT0673,392.38338157696,537.014478855459,,,537.013519225574,537.016493304106,391.124729544804,404.310670652262,11,669;2056;3577;4872;5921;6961;8035;9265;10492;11687;12910,59.01418;127.0008;141.016;209.0035;223.0201;291.0057;305.0223;373.0093;387.0254;455.0128|19887;59072;103641;19031;17122;28015;14129;13726;4088;1734,1.0,0.008987704160999,-0.001852984747543,-0.0086859220112329,0.0052260094624352,-0.0061068170970157,0.0006406198631536,5.59179536245207,3,0.887254901960784,5.73323989302053,3,0.943627450980392,5.65734605967561,3,0.920751633986928,0.0005800619564598,3.23652561693433,0.0047795516001451,2.32061284537892,-0.141444530568453,0.0270855188196328,1.56726284114211,0.146723348583482,0.833500769905153,-0.0655506972235314,0.0241269814412521,1.61749700985296,0.103897370265466,0.983395444682,-0.0758938333449217
ID674,FT0674,391.549103896237,538.020140682996,,,538.016467896422,538.028081791912,387.41071131457,402.981481514665,10,670;2057;4873;5922;6962;8036;9266;10493;11688;12911,59.01365;126.9992;127.6502;128.0347;141.0171;142.0219;150.0174;209.0031;209.0082;209.3948;210.0374;223.021;224.0217;232.0198;291.0051;292.0441;305.0247;306.0303;314.0225;374.0381;374.0481;396.0245;456.0382;456.0495;478.0284|267;361;48;8081;1096;212;817;48;36;36;8951;120;72;2191;36;738;84;108;1982;245;342;552;60;179;218,1.0,0.0183889637996466,0.0102872037647729,-0.005224158272934,0.0303444765130113,-0.0053175962074648,0.0261487396103709,4.67932074368705,2,0.540849673202614,4.94132537756234,3,0.752450980392157,4.87291632224959,3,0.683823529411765,0.31258672303934,0.505029472360356,0.444493886307714,0.352134208059535,-0.262004633875287,0.443486338682507,0.353119753794338,0.601384442654947,0.220847810948672,-0.193595578562536,0.0500573031231679,1.30053255205654,0.169324268825324,0.771280791084439,-0.0684090553127517
ID676,FT0676,403.427537588738,539.018462642127,"2,4,5-trihydroxy-3-[3-hydroxy-4-methoxy-5-(3,4,5-trihydroxyb",,539.015204839529,539.024121289363,400.000683489856,405.294240380082,7,672;2059;3579;8038;9268;10495;11690,129.0041;141.0153;211.0012;293.0038;324.9682;375.0136|48;174;535;332;48;48,1.0,-0.0303822732437629,0.018532466164038,0.0450005065974898,0.0055212320905369,-0.0420704823760456,-0.033996744349352,4.39379405948582,3,0.350490196078431,3.90864209200556,0,0.161764705882353,4.20228125865872,2,0.247549019607843,0.0063022241360185,2.20050615538209,0.0261433642607943,1.58263852594121,0.485151967480252,0.333275173305978,0.477197037067953,0.532534933007436,0.273651898284046,0.191512800827098,0.11758795264941,0.929637171167178,0.273912994266569,0.562387364590118,0.293639166653154
ID677,FT0677,45.4580212402652,539.260960614722,"Corchoroside B;NCGC00384825-01_C29H42O8_Stigmast-7-ene-6,22,",,539.24816801932,539.269293863551,42.7965903237448,46.6678045421065,7,673;3580;4875;5924;8039;9269;11691,,0.0,-0.0042971031648493,-0.0100250561725432,0.0004889549833439,0.0322678497796368,-0.0803278107962863,0.0007680473110865,4.12860954382701,2,0.166666666666667,4.10528368160661,2,0.285947712418301,3.96698998088243,1,0.101307189542484,0.90746092488858,0.0421720665349676,0.929876910256355,0.0315745361067185,0.0233258622203998,0.406622406016208,0.390808694214708,0.567871916274351,0.245749608528485,0.161619562944576,0.455126913075072,0.341867482545885,0.636850248871234,0.195962677138254,-0.138293700724176
ID680,FT0680,44.0735141521216,540.268460489742,Vignatic acid B;MLS001332642-01!Sodium glycocholate hydrate8,,540.262955024883,540.271088055749,42.7965903237448,45.2697034974338,11,676;2062;3583;4878;5927;6966;8042;9272;10498;11694;12915,128.0073;128.0115;141.0149;141.0191;219.089;220.1474;221.1528;276.1596;277.1659;277.1741;278.1807;306.1098;311.1656;319.1173;362.1732;540.2689|36;72;36;60;60;297;298;519;48;36;36;36;48;179;528;2101,1.0,-0.0043969736031481,0.0061421430221549,-0.0256728740406275,0.0107013482697804,-0.0222840229423536,0.0236327695648744,4.37781026901143,3,0.336601307189543,4.35561749446452,3,0.455065359477124,4.41378365146292,3,0.407679738562091,0.861576600240977,0.0647061046546216,0.892009266771048,0.0496306338675692,0.022192774546915,0.809220994909163,0.0919328581615946,0.879873052970539,0.0555799828173492,-0.0359733824514894,0.665133369554822,0.177091263186776,0.803530685580205,0.0949975335568991,0.0581661569984044
ID681,FT0681,473.058092302024,541.053831654031,"3',4',5-Trihydroxy-3-methoxy-6,7-methylenedioxyflavone 4'-gl",,541.044989219772,541.055518697261,472.111576179685,473.894906386573,10,677;2063;3584;4880;6968;8043;9273;10499;11696;12916,,0.0,-0.0234321604251112,0.0202676850370971,0.0192159809184632,-0.0008150657905846,-0.0021602231226565,-0.0123178011239114,4.6152614174031,3,0.495098039215686,4.229805605805,2,0.388071895424837,4.56826139705035,3,0.504084967320261,0.0473167673422078,1.3249849338116,0.120313720695194,0.919684842465452,0.385455811598105,0.0093302808526191,2.03010528327312,0.0755664119518107,1.1216711984852,0.0470000203527459,0.0682885512881195,1.16565210055219,0.21096173121213,0.675796319255625,0.338455791245359
ID682,FT0682,410.938379562958,541.081271900147,Dendroamide B;Dendroamide B;Quercetin 3-O-(6''-acetyl-glucos,,541.077324875129,541.089980823743,409.638814024915,412.653070809724,9,3585;4879;5928;6967;8044;9274;10500;11697;12917,,0.0,0.012150238731505,0.0238309581307195,-0.0443821535234885,-0.0031490495378444,-0.0218164489456329,-0.0583651494749826,4.09555697000444,1,0.146241830065359,4.32005264548131,3,0.431372549019608,4.48469793761872,3,0.454248366013072,0.344058567818746,0.463367622790491,0.479608872637256,0.319112791165856,-0.224495675476869,0.127229099425274,0.89541354690707,0.321532954196091,0.492774509234076,-0.38914096761428,0.0807479089189735,1.09286871551958,0.237300306757947,0.624701700370113,0.16464529213741
ID683,FT0683,472.848908572304,542.056932437653,"6,11-dihydroxy-7-(4-hydroxy-3,5-dimethoxyphenyl)-3-[4-hydrox",,542.054248535324,542.060513727987,472.571738279914,473.894906386573,6,679;2064;3586;8045;10501;12918,,0.0,-0.0261901448503929,0.008062436157112,0.0100835069408345,0.0226092664313064,0.0356537543826176,0.0263150869459647,4.01322999936989,3,0.0955882352941176,3.62467252286417,0,0.0220588235294118,3.84811598981654,2,0.0531045751633987,1.92205552444069e-06,5.71623407056451,9.63430331625894e-05,4.01617968493627,0.388557476505713,0.219049032716196,0.659458660253192,0.430962917786914,0.365560097109246,0.165114009553345,0.11917810966825,0.923803507375394,0.274315503268827,0.561749647029673,0.223443466952368
ID684,FT0684,412.717135131198,542.073290025527,"[4-(5,7-dihydroxy-3-{[3,4,5-trihydroxy-6-(hydroxymethyl)oxan",,542.073290025527,542.073290025527,412.717135131198,412.717135131198,1,12919,,0.0,-0.0009172688182189,0.0091322194587883,-0.0199150994452243,0.0059282976438354,0.0131552352730413,0.0117944761282132,3.64678522031123,0,0.0147058823529412,3.64678522031123,0,0.0294117647058824,3.74712855219922,1,0.0245098039215686,,,,,,0.373900966300059,0.427243412464819,0.537705199155324,0.269455764241587,-0.100343331887994,0.373900966300059,0.427243412464819,0.561573265987348,0.250593575220363,0.100343331887994
ID685,FT0685,389.70020287291,545.013505719366,"{5-[6-(3,4-dihydroxy-6-methyl-5-oxooxan-2-yl)-5,7-dihydroxy-",,545.012496405731,545.018587259573,388.352169569597,390.433823232179,11,680;2065;3587;4881;5929;6969;8046;9276;10502;11698;12920,173.0108;217.0029;299.0048;381.0078|84;2272;566;187,1.0,0.0168065904241105,0.0003640657516381,0.01224337191868,0.0170078710973815,-0.014857682392384,-0.0156455873912314,4.47204408986417,3,0.408496732026144,4.68857935993169,3,0.644607843137255,4.57123726640288,3,0.507352941176471,0.061570850382518,1.21062484813201,0.141896040249366,0.848029723794427,-0.216535270067514,0.248261956376805,0.60508982656499,0.458871873048218,0.338308561948662,-0.0991931765387131,0.133144242498451,0.875677608836114,0.286149780839212,0.543406582379591,-0.117342093528801
ID686,FT0686,486.330314881316,548.11516163699,Cyanidin 3-(6''-succinyl-glucoside);Peonidin 3-(6''-malonyl-,,548.113159209375,548.117198186543,484.596589791784,487.154824339834,10,681;2066;3588;4882;5930;8047;9277;10504;11700;12921,74.02421;78.95926;128.0349;143.046;146.045;153.0667;166.0986;179.0455;181.0599;210.0879;254.0771;262.0492;272.0888;319.0719;320.0579;337.0816|484;528;4190;8474;761;276;204;2429;216;3017;5699;1002;16403;534;804;15617,1.0,-0.0434924738450018,-0.0048108432027178,-0.0275520932177047,-0.0104057025463652,-0.0095994240172619,-0.0399314048980401,4.51540190844569,3,0.437908496732026,3.98352181518658,2,0.204248366013072,4.24812379442242,3,0.295751633986928,0.0743181048636102,1.12890537352693,0.161380289081089,0.792149510915519,0.531880093259117,0.228969621362845,0.64022213403416,0.443261702894738,0.353339789431471,0.267278114023275,0.0932505622006041,1.03034854118272,0.257564101085127,0.589114668436022,0.264601979235842
ID687,FT0687,372.714076296512,548.897085383271,,,548.895722162139,548.898940212249,371.590452034251,375.24858177186,11,682;2067;3589;4883;5931;6970;8048;9278;10505;11701;12922,59.01416;156.9904;254.9667;352.9445|28239;65080;4369;2281,1.0,-0.02596918930453,0.03990180001672,0.0115048722062847,-0.0019521414328408,0.0130127139799959,-0.0086032227312419,5.04442862549757,3,0.722222222222222,4.63919900845704,3,0.619281045751634,5.12698739714859,3,0.777777777777778,0.0024354942287538,2.61341289521285,0.0134661608972086,1.87075620077314,0.405229617040532,0.2986316198588,0.524864209996247,0.501400169551759,0.299815523518247,-0.0825587716510165,0.0015742041753974,2.80293894002158,0.016854094244851,1.77329458191684,0.487788388691548
ID688,FT0688,354.180962870137,548.894574507604,,,548.894574507604,548.894574507604,354.180962870137,354.180962870137,1,3590,,0.0,-0.0138311843552236,-0.0139016566876141,0.0015408030635853,-0.0212660816315938,0.0009939406081775,-0.0165226135564922,4.41513089823814,1,0.361111111111111,4.22595534096844,0,0.368872549019608,4.22595534096844,0,0.276960784313726,0.373900966300059,0.427243412464819,0.484179615133447,0.314993499118616,0.1891755572697,0.373900966300059,0.427243412464819,0.537705199155324,0.269455764241587,0.1891755572697,,,,,
ID691,FT0691,372.714076296512,550.895622029065,,,550.892851289931,550.897704710043,371.590452034251,375.24858177186,11,685;2070;3595;4885;5933;6972;8051;9281;10507;11704;12925,59.01375;156.9906;158.9884;254.9692;256.9659;354.9423|4821;8774;2050;367;216;168,1.0,-0.0285821568231775,0.0411623816611588,0.0292137989641267,-0.0019439530362383,0.0079443472712056,0.0046484540731832,4.69434047511039,3,0.549019607843137,4.21969570711072,3,0.348856209150327,4.71296608548921,3,0.590686274509804,0.014518267502051,1.83808520589426,0.049337502273919,1.3068228405802,0.474644767999671,0.873092201296435,0.0589398910024672,0.921936520250082,0.0352989811743596,-0.0186256103788223,0.0035443298652022,2.45046586580008,0.0282171531114649,1.54948680526453,0.493270378378493
ID693,FT0693,396.81240566878,552.034028189707,"Fenticonazole nitrate;2-[({3-[3,4-dihydroxy-5-(3,4,5-trihydr",,552.033531444737,552.035137794164,396.324845771143,397.802029049989,11,687;2072;3597;4887;5935;6974;8053;9283;10509;11706;12927,,0.0,0.0016219537701858,0.0011408604177841,-0.0072561761008626,0.0035675393674469,-0.0103841050129168,-0.0008900716028675,6.28519723270879,3,0.975490196078431,6.31941696937794,3,0.977941176470588,6.31523639537851,3,0.977124183006536,0.26679956505049,0.573814882762707,0.398213246595211,0.399884297227953,-0.0342197366691481,0.356173711514184,0.448338138117156,0.537705199155324,0.269455764241587,-0.030039162669719,0.893916740378492,0.0487029296135591,0.944042714220799,0.0250083551397319,-0.0041805739994291
ID697,FT0697,396.754122069099,554.03800292946,,,554.03668285673,554.039480458221,395.414903516149,397.912661663466,11,692;2077;3601;4891;5940;6977;8057;9287;10514;11710;12932,,0.0,0.0001223394168865,0.0006152206551858,-0.0106133911973973,0.0042891441939235,-0.0074547449937547,0.0038057750951619,4.74508236334798,3,0.58578431372549,4.76274503713413,3,0.67156862745098,4.76641070089534,3,0.620098039215686,0.535721142356843,0.271061213758326,0.62998292693576,0.200671220130641,-0.0176626737861492,0.566302522627471,0.246951503779174,0.700198001365389,0.154779133212834,-0.0213283375473656,0.934527450654195,0.0294079372037718,0.965764121353694,0.0151289329049653,0.0036656637612164
ID698,FT0698,271.661349690223,554.343990959127,,,554.343181785468,554.34509234669,269.573805861875,274.43564403802,11,694;2078;3602;4892;5941;6978;8058;9288;10515;11711;12933,59.01417;78.95923;152.9956;168.0434;224.0693;242.0794;253.217;254.2217;254.4523;255.2323;279.2324;480.31;504.309;554.3437|6353;1721;1573;1897;12013;3287;965;720;588;152233;9075;80648;4450;2574,1.0,-0.011673702689363,0.0172962939094409,-0.0115776359030629,0.0018554865903892,0.0251886747740213,0.0331553446535194,5.32119960003289,3,0.812091503267974,5.16155946584185,3,0.824346405228758,5.37017900339605,3,0.852124183006536,0.148219371234372,0.82909503339837,0.255821956377259,0.592062184156535,0.159640134191035,0.495231188102282,0.305192012626452,0.643960468490373,0.191140792334981,-0.0489794033631581,0.0580861852477422,1.235927144444,0.188296050511431,0.725158789165917,0.208619537554193
ID699,FT0699,414.41949035177,555.085140452134,"NCGC00380871-01_C22H27ClO13_(1R,4S,5R,6S,7R,8S)-5-Chloro-9-(",,555.083472024231,555.089314765355,414.025361038844,415.37858474783,8,695;2079;3603;8059;9289;10516;11712;12934,74.02482;88.04009;116.046;141.0128;141.0194;156.0303;170.0411;170.0448;198.0496;227.0767;280.0584;309.0782;309.0956;362.0526;391.0893|255;135;414;60;95;36;410;234;807;990;36;108;36;36;108,1.0,-0.0299390194241556,0.0261503507264448,0.0031333923960786,-0.00350887030816,-0.0038196935908516,-0.0031565723941062,4.38500952029075,3,0.342320261437909,3.93996586795507,0,0.180555555555556,4.34638427268463,3,0.365196078431373,1.71151231356053e-05,4.7666199719616,0.0004201937373904,3.37655042465027,0.445043652335674,0.338411699879849,0.470554630546073,0.537705199155324,0.269455764241587,0.0386252476061193,0.0001824082516536,3.73895551926105,0.0038012576728528,2.42007269022188,0.406418404729555
ID701,FT0701,289.53052226338,556.316305554421,LPC 18:1;STD_18:1 Lyso PC (1-(9Z-Octadecenoyl)-sn-glycero-3-,+,556.31479569867,556.31734735398,273.123467541163,291.749587655746,12,699;2083;3607;4895;5944;6981;8062;9292;9293;10520;11714;12937,78.95937;152.9947;168.0435;224.0695;242.0793;255.2319;256.2362;257.2412;279.2327;281.2477;482.3161;504.3093;506.3232;520.2454;556.3165|371;360;531;3712;897;605;484;445;4249;47173;883;2331;26038;915;1078,1.0,-0.0097945169024131,0.0057374637543072,-0.013888686441737,0.0057902983398921,0.0063358211642405,0.0078224762223558,5.12966654166397,3,0.752450980392157,5.01840304547847,3,0.775326797385621,5.12463972861935,3,0.776143790849673,0.213945869229306,0.669696094261783,0.336440366905692,0.473091902075556,0.1112634961855,0.892528842090625,0.0493777407525597,0.936728793436555,0.0283861300972385,0.0050268130446156,0.236219584407767,0.626684098900177,0.42724600149834,0.369321993055049,0.106236683140884
ID703,FT0703,417.499336277627,557.096376259778,"6-({2-[4-ethyl-3-(sulfooxy)phenyl]-3,5-dihydroxy-3,4-dihydro",,557.087348423331,557.102981331613,412.782812624988,418.349781175703,7,700;2084;3609;5945;9295;11716;12939,,0.0,-0.0364176562439795,0.0043040099731831,-0.021596804954314,-0.0489338360989243,-0.0369007897047511,0.026030874059149,4.03992533697541,3,0.108660130718954,3.54887698913646,1,0.0073529411764705,3.82227814762013,2,0.0408496732026144,0.0092943023673607,2.03178320292018,0.0352714376906466,1.45257683779808,0.491048347838948,0.317864822876909,0.497757531461631,0.518308886836828,0.285411344756632,0.217647189355278,0.269961736018809,0.568697787742958,0.469640803182765,0.328234177886296,0.27340115848367
ID705,FT0705,445.540330414354,557.166556757153,"Physalin K;NCGC00381276-01_C22H34O14_Hexitol, 2,6-anhydro-, ",,557.164045674802,557.169309136804,444.104886690777,446.795772294867,9,703;2085;3608;5946;8063;9294;10521;11718;12938,,0.0,-0.0251530009163101,0.0114451515063615,-0.009586724042332,0.0153241772758204,-0.0055883463877058,-0.0075571657062986,4.20854939941333,3,0.218137254901961,3.88764625438883,1,0.152777777777778,4.11718534349347,3,0.198529411764706,0.0417337488077492,1.37951260226662,0.109619431912057,0.960112452930649,0.320903145024497,0.0255873117938036,1.5919753387491,0.144391322096066,0.840458907036753,0.0913640559198594,0.103753448483243,0.983997459605229,0.273912994266569,0.562387364590118,0.229539089104638
ID706,FT0706,413.669354981226,558.134198128343,2-amino-4-({1-[(carboxymethyl)-C-hydroxycarbonimidoyl]-2-{[2,,558.128349107013,558.14008822769,412.782451462022,414.08028722129,7,704;2088;3612;8065;10523;11719;12942,,0.0,-0.0261208637425821,0.0292199333034536,0.0061450420473947,-0.006724025279381,0.0216595064334081,0.033620497980817,4.31647115771762,3,0.293300653594771,3.90414921061444,0,0.160947712418301,4.3087522880602,3,0.334150326797386,4.1080695657674e-08,7.38636221069961,1.15231933943967e-05,4.93842714926551,0.412321947103184,0.771792918184902,0.112499210744318,0.858495253376945,0.066262101712033,0.0077188696574248,7.98433153894754e-05,4.09776143783466,0.0020706033124337,2.68390309556464,0.404603077445759
ID708,FT0708,288.908838845038,558.327587819186,LysoPC(18:0);LysoPC(0:0/18:0);2-acetyl-1-alkyl-sn-glycero-3-,,558.323427341461,558.33011621934,271.810016784328,291.749587655746,12,705;2089;3613;4897;5949;6983;8066;9297;9298;10524;11720;12943,78.96024;152.9963;168.0418;224.0692;242.0807;281.2481;282.2516;283.2636;506.3253;508.3381;520.2467;522.2457;558.3319|538;445;640;5584;1228;32262;1940;47443;17390;31045;396;777;1716,1.0,0.008279893610786,0.0071331675387297,-0.0244336844001428,0.0002551240487697,0.014967560587127,-0.008856919419631,4.89860720969527,3,0.669117647058823,5.05207907652047,3,0.786764705882353,5.07608750884137,3,0.756535947712418,0.0980494083461372,1.00855502262631,0.199477416026757,0.700106266143415,-0.153471866825202,0.0273293609275474,1.5633705237733,0.146728302224343,0.833486107599552,-0.177480299146107,0.72624434919014,0.138917233775572,0.838028545955678,0.0767411876467137,0.0240084323209047
ID709,FT0709,288.908838845038,559.331025306627,Cucurbitacin C;NCGC00385539-01!;NCGC00385693-01_C32H48O8_Pro,,559.328126182959,559.332765450993,271.810016784328,290.548336515449,12,706;2090;3614;4898;5950;6984;8067;9299;9300;10525;11721;12944,,0.0,0.0071320382019312,0.0059670760866172,-0.0241429464986775,0.0068478133113092,0.0144016562708212,-0.0089005708210672,4.35783853280477,3,0.322712418300654,4.49834391355048,3,0.548202614379085,4.51589331575676,3,0.473039215686274,0.109153943449773,0.961960569734598,0.215781971664461,0.665984842941851,-0.140505380745712,0.0465235424336862,1.33232722427829,0.202704428343425,0.693136763472231,-0.158054782951995,0.819549397635514,0.0864248645779534,0.904463069196721,0.0436091614426625,0.0175494022062823
ID710,FT0710,288.908838845038,560.327613167401,"NCGC00380386-01!13-hydroxy-6-(1-hydroxyethyl)-12,14-dimethyl",,560.323874391699,560.329619836743,271.810016784328,290.548336515449,12,707;2091;3615;4899;5951;6985;8068;9301;9302;10526;11722;12945,224.0716;281.2527;282.2536;283.263;284.2655;285.2708;363.3243;508.3398;510.3488;560.3311|506;136;155;7863;375;392;132;4836;780;192,1.0,0.0113014212641275,0.0060044259466159,-0.0311300568434084,0.0019879887031237,0.0119971912612213,-0.0144655916525211,4.33724019127165,3,0.30718954248366,4.54438195708535,3,0.566176470588235,4.54588693368122,3,0.491013071895425,0.0492823736144266,1.30730838317272,0.122240609192073,0.912784494435137,-0.207141765813698,0.0262574417554906,1.58074758919839,0.144835569135309,0.839124769753394,-0.208646742409568,0.983074247689345,0.0074136803936385,0.989573870656027,0.0045517806179412,0.0015049765958705
ID713,FT0713,43.2865738664473,565.343966041517,Ganoderic acid Mi;Ganoderic acid Mj,,565.341038188809,565.352885259438,42.4258540372862,43.8777204341975,8,711;2095;5954;6988;8071;9305;11725;12948,,0.0,-0.0019606934368604,0.030029143282314,-0.0469747814016618,-0.0210006051959756,-0.0371955670453634,0.026925555835896,4.32229967295113,2,0.29656862745098,4.3290749807663,2,0.437908496732026,4.58070192529861,2,0.513071895424837,0.970739426689091,0.0128973310992886,0.976421011962355,0.0103628834118359,-0.0067753078151655,0.399320875748327,0.39867798510915,0.561670738761519,0.250518200879818,-0.258402252347481,0.414134491746465,0.382858597192993,0.602579937606741,0.219985331892217,0.251626944532315
ID714,FT0714,482.64078191189,566.049944682729,,,566.048022988071,566.051953057535,481.364141769546,483.685829532263,11,712;2096;3618;4902;5955;6989;8072;9306;10530;11726;12949,78.95915;96.96853;143.0477;158.9246;183.0751;211.0034;241.0124;242.0133;254.0771;272.0927;272.9561;304.054;304.0645;306.0815;320.9762;321.9875;323.0273;323.0372;324.0308;384.9827;385.9919;566.0535;566.1249|930;274;36;185;36;146;307;219;36;36;227;36;48;83;144;97;1199;100;2081;116;204;1192;36,1.0,-0.0628544733645508,0.0207660134068708,-0.0009604919119922,0.0193573778625145,-0.0061079920529764,0.0006929723828332,5.79878998377446,3,0.927287581699346,4.93181388755553,3,0.746732026143791,5.48427846408468,3,0.883986928104575,0.0038820395630122,2.41094004290172,0.0182425531027487,1.73891438087372,0.866976096218932,0.0013569833705923,2.86742547445097,0.022257420443245,1.65252517028795,0.314511519689775,0.0208078544239036,1.68177269921648,0.0952265337752765,1.02124202360506,0.552464576529156
ID715,FT0715,411.793905038155,566.040045246611,"2-[({3-[3,4-dihydroxy-5-(3,4,5-trihydroxybenzoyloxy)benzoylo",,566.039317316675,566.040773176547,410.967252066309,412.620558010002,2,5956;6990,,0.0,0.0156667568530432,-0.0162189390328147,-0.0091964573312585,-0.0066531600310013,0.0064266528135042,0.0116834449110043,3.86486577292866,0,0.0555555555555556,4.11726322687519,2,0.290849673202614,3.86486577292866,0,0.0588235294117647,0.132537535221453,0.877661110172228,0.23413018336477,0.630542594745169,-0.252397453946529,,,,,,0.132537535221453,0.877661110172228,0.285864659346105,0.543839531944094,-0.252397453946529
ID717,FT0717,482.64078191189,567.051476903546,"(2-hydroxy-5-{3,5,7-trihydroxy-6-[3,4,5-trihydroxy-6-(hydrox",,567.048998459076,567.055036333002,481.364141769546,483.685829532263,11,713;2099;3620;4904;5958;6992;8073;9308;10532;11728;12952,,0.0,-0.0588113423850698,0.0199564324338714,0.0007658850752698,0.0181755233719539,-0.0039431644825779,-0.0009250329894007,5.15880625511907,3,0.763888888888889,4.34442652231806,3,0.447712418300654,4.86648637214275,3,0.679738562091503,0.0029314999859837,2.53291010355565,0.0150709165946089,1.82186033362595,0.814379732801014,0.0018387946445753,2.73546676978728,0.0251886282267381,1.59879548354516,0.292319882976327,0.0166537982677921,1.77848670037878,0.0838214901973837,1.07664462244816,0.522059849824688
ID718,FT0718,483.586997953679,568.054729391671,"7-{3-[(6-carboxy-3,4,5-trihydroxyoxan-2-yl)oxy]-4,5-dihydrox",,568.052666898899,568.056678622317,481.97370825792,483.993722357266,8,715;2101;3621;8076;9309;10534;11731;12955,78.95913;96.96926;158.9245;241.0102;259.0229;323.0283;324.0311;325.0315;326.0371;387.992;568.0523|931;393;543;294;1489;1445;2921;1928;2404;228;5034,1.0,-0.0399608281342527,0.0121869196025919,0.0154602051369241,-0.0013327469665137,0.0075231615248909,0.0018404551743819,4.31529294640009,3,0.291666666666667,3.72658662800315,0,0.0645424836601307,4.07815327437452,3,0.168300653594771,1.89493600085641e-06,5.72240545321267,9.63430331625894e-05,4.01617968493627,0.588706318396931,0.0016361222483176,2.78618424969511,0.0244004404440454,1.61260233428864,0.237139672025561,0.000233467274771,3.63177398611459,0.0046179035535213,2.33555514171136,0.35156664637137
ID719,FT0719,268.376221691662,568.358940828956,,,568.35585087038,568.363217934808,266.951091947508,269.464695179525,8,2102;4905;5960;6993;8077;10535;11732;12956,269.2475;283.2631;494.324;508.3399|2378;4977;1281;2727,1.0,0.023242400037947,0.031830867482131,-0.0352801504977754,-0.0232956898442244,0.0127282535039148,0.0376460155666367,3.8512946033929,1,0.0514705882352941,4.18306169024392,3,0.325980392156863,4.30931810279386,3,0.334967320261438,0.0385172316044646,1.41434493499794,0.102741085632308,0.988255849536057,-0.331767086851027,0.019446527713793,1.71115793312294,0.119995534544498,0.920834915275439,-0.458023499400966,0.191960141527926,0.716788938543873,0.36604164242335,0.436469504644065,0.126256412549939
ID721,FT0721,334.539759173161,569.270921360816,"Cymarine;MLS002695970-01!;NCGC00169509-02_C30H44O9_(3beta,5b",,569.268611819652,569.27234775062,331.172017703874,335.665157676973,10,717;2104;3623;4907;5962;8079;9311;10537;11734;12958,78.95861;152.9952;223.0004;241.0111;253.2165;315.0494;389.2088;569.2708|1074;10408;463;7174;19462;3570;1063;18905,1.0,-0.0481517819272669,0.0373313463756893,-0.0312961038287527,-0.0043445096604546,0.0122780716243049,0.017180970438261,4.87458280284872,3,0.656045751633987,4.23373492753904,2,0.388888888888889,4.85349473692538,3,0.670751633986928,0.0226271185299913,1.64537074813108,0.0692631643551641,1.15949767116666,0.640847875309678,0.781014992566716,0.10734062921297,0.863268382543959,0.0638541649595053,0.0210880659233394,0.0240931562781412,1.61810630235161,0.103897370265466,0.983395444682,0.619759809386339
ID722,FT0722,411.356243486467,570.101939575384,Cyanidin 3-(6''-succinyl-glucoside);Peonidin 3-(6''-malonyl-,,570.099515824015,570.104956450924,410.798430960455,412.031252283315,8,718;2105;3624;8081;9312;10538;11735;12959,,0.0,-0.0281448625042689,0.0198577708489445,0.0096081990978344,0.0002923784227305,-0.0035537448203915,-0.0051555497836377,4.14670304589267,3,0.178921568627451,3.7265973399835,0,0.065359477124183,4.06285205865191,3,0.157679738562091,1.06172289982191e-07,6.97398881544018,2.12875441414294e-05,4.67187443848398,0.420105705909172,0.0007363778821762,3.13289926442803,0.016302287425093,1.78775145409925,0.0838509872407682,1.54014114483213e-06,5.81243947681754,0.0001198229810679,3.92145987982785,0.336254718668404
ID724,FT0724,333.672730058242,570.275735369037,Endomorphin-2;Kinetensin 4-7,,570.27389018385,570.277002427435,331.172017703874,335.245079037369,8,719;2106;3625;8083;9313;10539;11737;12960,,0.0,-0.0380211447598896,0.0354427708391073,-0.0019060819242343,-0.0196403190275486,0.0197023241571277,0.0099293664858693,4.36715130546142,3,0.32843137254902,3.79914683839041,0,0.102941176470588,4.35725094805231,3,0.371732026143791,0.0002129490631025,3.67172426632176,0.0023502543386458,2.62888513692254,0.568004467071009,0.876751056278059,0.0571237022238123,0.923378618992063,0.0346201858399669,0.0099003574091103,0.0001583032524377,3.80051016219867,0.0035526902999001,2.4494426497881,0.558104109661898
ID729,FT0729,502.150048490559,573.148687204684,Selaginpulvilin K;Viniferal,,573.147344060139,573.149889666075,500.364059860958,503.887299843892,4,724;2113;10544;12966,,0.0,-0.0168605049965311,0.0245401471899785,-0.003427621517074,0.0128085142050265,0.0766788843390406,0.0344595606625426,3.87319642652799,2,0.0571895424836601,3.61422418811634,0,0.0187908496732026,3.95133588364401,2,0.0915032679738562,0.135861510087882,0.866903562576222,0.238590153407659,0.622347483586715,0.258972238411654,0.738861586525986,0.13143691185977,0.832562647349486,0.0795830774918736,-0.0781394571160154,0.116482771455687,0.933738304809945,0.273912994266569,0.562387364590118,0.337111695527669
ID730,FT0730,432.629769515447,573.216721228734,"5(S)-5-carboxystrictosidine;NCGC00179705-03_C28H34N2O11_(1S,",,573.212176834656,573.219825477803,432.193135490768,433.338470956196,5,4911;5967;6995;11741;12967,59.01418;78.95915;152.9953;168.0434;171.0047;242.079;316.1151|2026;404;1008;3714;377;34411;2718,1.0,0.0452071063876333,-0.0271020660100994,-0.0517017322078543,-0.0134795825718597,-0.011585740609625,0.0641727355508673,3.74440135292121,0,0.0310457516339869,4.45462165439978,3,0.520424836601307,3.95108649595005,2,0.0906862745098039,0.004327335805659,2.36377940180013,0.019869408298503,1.70181506578003,-0.710220301478566,0.116451438046914,0.933855144037989,0.31408813851289,0.502948464351792,-0.206685143028839,0.0345587103331931,1.46144247295323,0.129678504690792,0.887132005934694,-0.503535158449727
ID731,FT0731,402.981481514665,574.991698012788,AM-251,,574.990615271609,574.993274503563,401.962163608363,404.687931752708,11,725;2114;3633;4912;5969;6996;8087;9318;10546;11742;12968,141.0178;246.9813;328.9817;410.9881;492.997;493.0091|314;1272;860;462;60;36,1.0,0.0079007326340025,-0.001318684320746,-0.0091106583550009,0.0037870406439298,-0.0118533282688505,-0.0048472398495173,4.68842206824777,3,0.544117647058823,4.81528831255126,3,0.705065359477124,4.75246837407124,3,0.612745098039216,0.0020185564088396,2.69495910966437,0.0118632296345164,1.92579706295247,-0.126866244303494,0.0913666930336713,1.03921209384952,0.2830024748325,0.548209766590909,-0.0640463058234699,0.0798812260093839,1.09755527824019,0.236294681454681,0.626546053403088,-0.0628199384800237
ID734,FT0734,509.710077142097,580.026833693566,"{[6-({2-[3,5-dihydroxy-4-(sulfooxy)phenyl]-7-hydroxy-5-oxo-5",,580.026157790316,580.029312342362,506.896721674903,510.913380380581,7,728;2119;3636;8090;10549;11746;12972,,0.0,-0.0600162461137316,0.0021704657775266,0.0245946850164744,-0.0091402658275359,0.0318832600872602,0.0692710702703007,4.56844013466531,3,0.474673202614379,3.67760593577143,0,0.0375816993464052,4.05396970331573,3,0.149509803921569,0.0001379700938966,3.86021504014362,0.0017111136387388,2.76672114707002,0.890834198893874,0.0039695271972247,2.40126121813976,0.0416972943847606,1.37989212420826,0.514470431349579,0.0032538523580839,2.48760215684603,0.0277171219115618,1.55725186795707,0.376363767544295
ID739,FT0739,409.975650861126,581.060430305529,"[2,6-dihydroxy-4-(7-methyl-11-oxo-4-{[3,4,5-trihydroxy-6-(hy",,581.058618357899,581.06166034782,409.451644080737,410.678761059845,11,734;2123;3642;4919;5976;7001;8095;9325;10554;11751;12977,,0.0,-0.037227915063555,0.0238295665895579,-0.0017231967213079,0.001817929498054,-0.0188911956237615,-0.0059585336072151,4.73699936131938,3,0.580882352941177,4.20960289949446,3,0.344771241830065,4.6312215654184,3,0.552287581699346,0.0003121837830275,3.50558966092957,0.0030203008303463,2.51994979795256,0.527396461824918,0.103284803861613,0.985963570876493,0.305804027119677,0.51455679968126,0.105777795900978,0.0030482186556073,2.51595388329119,0.0265467997842815,1.57598782561063,0.42161866592394
ID740,FT0740,501.423155875687,581.060057835838,"[2,6-dihydroxy-4-(7-methyl-11-oxo-4-{[3,4,5-trihydroxy-6-(hy",,581.035821901178,581.084293770497,497.257071539112,505.589240212263,2,2124;9326,225.0495;253.0425;581.0901|90;43;96,1.0,-0.0130565731327366,-0.0134231082892241,-0.0060701130117306,-0.0126949004382792,0.0083888629344539,-0.0266261378429641,3.90194814469524,1,0.0629084967320261,3.75399101102724,0,0.0800653594771242,3.75399101102724,0,0.0269607843137255,0.373900966300059,0.427243412464819,0.484179615133447,0.314993499118616,0.147957133667993,0.373900966300059,0.427243412464819,0.537705199155324,0.269455764241587,0.147957133667993,,,,,
ID741,FT0741,44.3855360801404,581.337057237285,"(2R,3R,4S,5R,6R)-2-[[7-[(2R,3R,4R,5S)-3,4-dihydroxy-5-(hydro",,581.330177096319,581.341456077161,42.7965903237448,45.2697034974338,11,735;2125;3643;4920;5977;7002;8096;9327;10555;11752;12978,,0.0,-0.0030722503099759,0.0119767774994647,-0.0267313541019015,-0.0134750551203919,-0.0293094103577049,0.0235852735961488,5.07152780549763,3,0.73202614379085,5.05639020966962,3,0.791666666666667,5.16094374761523,3,0.786764705882353,0.895178276619344,0.048090465419405,0.918072861699123,0.0371228501950895,0.0151375958280031,0.613050570209471,0.212503699287351,0.742494457150704,0.129306784081926,-0.089415942117606,0.51967044268425,0.284271983858643,0.692690945340826,0.159460489300098,0.104553537945609
ID742,FT0742,268.806378862912,581.363678736988,"endo-1,4-beta-Xylanase",,581.361835444621,581.364636248984,266.951091947508,271.810016784328,11,736;2126;3644;4921;5978;7003;8097;9328;10556;11753;12979,,0.0,-0.0090165740994679,0.0152431974751894,-0.0106581583313391,0.0094703332205806,0.0183851684617381,0.0279294184483652,4.82440982827254,3,0.629901960784314,4.70580294306089,3,0.65359477124183,4.87657851779186,3,0.685457516339869,0.239816692392094,0.620120591206005,0.369013820318781,0.432957368323898,0.118606885211657,0.445743380658731,0.350915097428507,0.602302017713363,0.220185681939312,-0.0521686895193145,0.100048631081165,0.999788849236301,0.269372408798401,0.569646890128486,0.170775574730971
ID743,FT0743,268.170113257422,582.375365251659,,,582.373885600387,582.376173316214,265.63953693352,270.500146493521,11,740;2129;3648;4922;5980;7004;8099;9331;10558;11756;12982,59.01421;78.95873;152.9953;168.0434;224.0684;242.0793;281.2478;282.2511;282.3989;283.2633;507.3282;508.3401;582.3755|4550;1280;1404;1551;10555;2451;2829;3021;584;133509;696;85478;2602,1.0,0.0145361546898429,0.0181903760899126,-0.0346268208053036,0.0098853926987395,0.0250232934001972,0.0047848530281313,5.06931104634059,3,0.730392156862745,5.31289829192227,3,0.86437908496732,5.38633615008393,3,0.85702614379085,0.0394132662170927,1.40435757322163,0.103978419427988,0.98305678854622,-0.243587245581674,0.0119545963941106,1.9224650817623,0.085959240738605,1.06570742920305,-0.31702510374334,0.444847177864388,0.35178916027569,0.630785730945007,0.20011813944259,0.0734378581616664
ID744,FT0744,43.9970394535941,582.335543412827,"LysoPC(20:2(11Z,14Z));Phosphatidylcholine lyso 20",,582.326112189659,582.341327342127,43.6231704758582,44.8828109737925,8,739;2130;3647;5979;8098;9330;10557;12981,,0.0,-0.0304189744465809,-0.0039826223213027,-0.03482368355472,0.0556165457766691,0.019690269330406,-0.0024516515573737,4.45120274436464,3,0.393790849673203,4.12818983649831,1,0.295751633986928,4.260360857994,2,0.303104575163399,0.179756879688379,0.745314479228671,0.294214321449143,0.531336190973021,0.323012907866329,0.399399970692173,0.398591971333689,0.561670738761519,0.250518200879818,0.190841886370642,0.626698543410637,0.2029413146976,0.770601756557925,0.113170005363837,0.132171021495687
ID745,FT0745,415.401988183971,583.092276495566,"Neobetanin;{5-[(1E)-3-[(6-{[3,4-dihydroxy-2,5-bis(hydroxymet",,583.08691955463,583.095062046534,414.949246183907,416.159147377948,10,741;2131;3649;4923;5981;8100;9332;10560;11757;12983,74.02429;116.0454;141.0163;198.0508;255.0823;280.0518;337.0848;362.0532;419.0951;501.0945|93;309;48;581;637;126;79;69;67;36,1.0,-0.0178262180366042,0.0283720798634493,-0.0345308131229978,-0.0096867333311709,-0.0294914565387747,-0.0016938304520842,4.13799622967948,3,0.173202614379085,3.92103898587169,2,0.174019607843137,4.27747720431434,3,0.316176470588235,0.163598991432234,0.786219378028789,0.275258163206961,0.560259792490025,0.216957243807788,0.271791076578171,0.565764806089462,0.479162355471468,0.319517308843298,-0.139480974634861,0.0725986391362945,1.13907152008692,0.219024259648396,0.659507779004983,0.356438218442648
ID746,FT0746,268.170113257422,583.378371527857,"3-Hexaprenyl-4,5-Dihydroxybenzoic acid;Campesteryl caffeate;",,583.376858401455,583.379929369925,265.63953693352,270.500146493521,11,742;2133;3650;4924;5982;7005;8101;9333;10561;11758;12985,,0.0,0.0160443751123281,0.015507913607348,-0.0313400638751304,0.0124584369827074,0.0234241977751809,0.0062905980653963,4.54067547313895,3,0.455065359477124,4.80271663898281,3,0.691993464052288,4.83906855407286,3,0.661764705882353,0.0255536349578119,1.59254731353965,0.0762804537326247,1.11758673234091,-0.262041165843861,0.014522467429329,1.83795958887677,0.0985569699698283,1.00631265690055,-0.298393080933918,0.673954457493247,0.171369449944856,0.808723859801368,0.0921997436988139,0.0363519150900569
ID747,FT0747,332.149691743426,583.323011989494,NCGC00384810-01!;NCGC00385384-01![(6R)-6-hydroxy-2-methyl-5-,,583.322398880945,583.323625098044,331.421517717877,332.877865768975,2,2132;12984,78.95872;152.9975;241.0108;267.2352;403.2594;421.2639;583.3256|84;36;372;156;529;36;1045,1.0,-0.0090410160239358,0.0044222643459538,-0.0279065533351427,-0.0042179462447631,0.0315868724486779,0.023163937013526,3.70495848454319,1,0.0269607843137255,3.6046151526552,0,0.0163398692810458,3.73500998114236,1,0.0204248366013072,0.373900966300059,0.427243412464819,0.484179615133447,0.314993499118616,0.100343331887994,0.863959571622878,0.0635065795487603,0.918183250215122,0.0370706340329643,-0.0300514965991714,0.373900966300059,0.42724341246482,0.561573265987348,0.250593575220363,0.130394828487165
ID748,FT0748,267.912759118639,584.381206226599,,,584.380297531575,584.3828055521,265.63953693352,269.464695179525,8,2135;4925;5983;7007;8103;10562;11760;12987,,0.0,0.0202551194462639,0.0220322871465487,-0.0365804223832044,0.0023064551321032,0.0405029518257958,0.030151537166389,3.81902813198323,1,0.0441176470588235,4.13170197219566,3,0.298202614379085,4.19922522563833,3,0.244281045751634,0.0577258972595988,1.23862930792375,0.135632724016964,0.867635515886269,-0.312673840212427,0.0279940284373798,1.55293460056074,0.14815745178496,0.82927650019,-0.380197093655104,0.453536120769816,0.343388118909689,0.636850248871234,0.195962677138254,0.0675232534426762
ID753,FT0753,415.246466263393,594.048840074186,Adenosine diphosphate ribose;Phosphoribosyl-AMP;Celecoxib gl,,594.046648638729,594.049428507907,413.621219892752,415.622696327139,7,4927;5986;7009;8108;9337;11763;12992,116.046;127.0031;141.017;184.031;184.0389;198.0476;266.0367;280.0526;348.0353;430.043|96;72;108;80;36;532;36;96;36;36,1.0,0.0235480994570701,0.0010979492915462,-0.0376793111796198,0.0041231400103649,-0.0387350487129424,-0.0006032674596699,3.66254278517087,0,0.0196078431372549,4.04727734253304,3,0.240196078431373,3.90227812664586,2,0.0694444444444444,0.0006997277283609,3.15507091580409,0.0054307900465693,2.26513698663453,-0.384734557362167,0.118290942839588,0.927048506643172,0.31408813851289,0.502948464351792,-0.239735341474985,0.319016730124833,0.496186540734751,0.537218649430996,0.269848919301187,-0.144999215887182
ID754,FT0754,44.8639244150315,594.31298027801,,,594.308394980679,594.318194676925,43.7730930098904,45.2289236855597,9,750;2141;3659;5987;7010;8109;9338;10568;12993,,0.0,-0.0084592644686709,-0.0123425455452089,-0.0078133731404729,0.0329398497418742,0.0286117293397783,-0.0167098211370834,4.07842173377545,3,0.132352941176471,4.00892158986284,2,0.218954248366013,3.94318097527352,2,0.0849673202614379,0.70283036683607,0.153149482429408,0.76984284773201,0.113597920708679,0.0695001439126095,0.410739049999499,0.386434005709537,0.571904507175643,0.242676480767898,0.13524075850193,0.777757966101144,0.109155531982613,0.871763600417632,0.0596012684541314,-0.0657406145893202
ID758,FT0758,414.020604570666,597.105982575862,"Fusaroskyrin;3,4,5-trihydroxy-6-{[7-hydroxy-4-oxo-2-phenyl-8",,597.100948951243,597.108123749161,412.782451462022,414.724948898062,8,754;2146;3664;8113;9342;10573;11768;12998,116.0462;141.0172;198.0517;212.0644;269.1022|36;36;220;48;48,1.0,-0.0251008294689255,0.0289775919052894,0.0011606850358868,-0.0007481048538233,0.001515493914455,-0.012727074758002,4.00689070368368,3,0.0923202614379085,3.63425533979552,0,0.0253267973856209,4.0379255186207,3,0.136437908496732,4.40637004437753e-05,4.3559190338573,0.0007156154882614,3.14532026844885,0.372635363888165,0.196943122852599,0.705659179918632,0.403937331480964,0.393686007916981,-0.0310348149370165,1.20640251400317e-07,6.91850776645394,2.89648589678499e-05,4.53812858177337,0.403670178825181
ID764,FT0764,330.650009192215,598.306811202757,,,598.303261775938,598.307964889386,328.437599231756,332.088166672083,11,758;2151;3669;4933;5994;7016;8117;9346;10577;11772;13002,,0.0,-0.0376583221084976,0.026267077902612,-0.0322260740159035,-0.0014012910499035,0.0217430900355234,0.0084555161184691,4.852049614152,3,0.647058823529412,4.36402557904812,3,0.461601307189543,4.8397443547386,3,0.662581699346405,0.0254357745053745,1.59455503380266,0.0761175043033968,1.11851545954728,0.488024035103882,0.910761533240042,0.0405953204530027,0.946271862359423,0.0239840735765453,0.0123052594134014,0.0289770742810571,1.53794546592267,0.115948081994469,0.935736431037275,0.47571877569048
ID765,FT0765,330.051314367913,599.317819721234,1-Stearoylglycerophosphoinositol;2-Stearoylglycerophosphoino,,599.316270196734,599.318658408311,327.058314573352,331.411819002363,11,761;2153;3671;4935;5995;7017;8119;9348;10579;11774;13004,78.95886;152.9952;223.0023;241.0108;242.0137;243.0184;281.2483;282.2509;283.2631;315.0489;317.0521;419.255;599.3178|2535;21844;696;17826;415;404;2392;1763;39882;9113;493;4169;68584,1.0,-0.0209067492095108,0.0084470017031678,-0.0561755038346829,-0.005830548058081,0.0239292508339581,-6.37346730528908e-05,4.97205461463649,3,0.70016339869281,4.76945870271486,3,0.675653594771242,5.01408750689969,3,0.735294117647059,0.345082514662439,0.46207704586065,0.47975585540313,0.318979716011459,0.202595911921629,0.819262543281036,0.0865769006492339,0.88919061301302,0.0510051306988292,-0.0420328922631938,0.228613534859563,0.640898061163773,0.419484269152689,0.377284320766817,0.244628804184823
ID766,FT0766,330.051314367913,600.320901017945,JSTX-3,,600.319775677641,600.32220926115,327.058314573352,330.927336361859,11,762;2154;3672;4936;5996;7018;8121;9349;10581;11775;13005,,0.0,-0.0196062888939035,0.0067092289803085,-0.0539945737227573,-0.0067172629343103,0.0210613419410706,0.0027640569999225,4.4413118773479,3,0.383169934640523,4.2539752398745,3,0.405228758169935,4.47095993443544,3,0.441176470588235,0.367385296620988,0.434878228879828,0.484179615133447,0.314993499118616,0.187336637473401,0.866290161416167,0.06233661791882,0.918183250215122,0.0370706340329643,-0.0296480570875399,0.264650014127145,0.577328078489865,0.46373358331288,0.333731451614796,0.216984694560941
ID770,FT0770,471.433290275224,607.07720425075,,,607.075727835119,607.079177178736,469.466945247122,472.590861957452,11,768;2161;3678;4938;6001;7021;8125;9352;10585;11778;13013,,0.0,-0.0438161835857649,0.0094546710122639,0.0008936964248187,0.0190625971962721,-0.0073803356829649,0.0023195171536208,5.90383476507441,3,0.939542483660131,5.30801868048366,3,0.860294117647059,5.63873129243992,3,0.917483660130719,0.0059453330129883,2.22582381444264,0.0250955635600875,1.60040304711131,0.595816084590751,0.0013818762692412,2.85953084118136,0.022257420443245,1.65252517028795,0.26510347263449,0.041362023775428,1.38339822008339,0.148521482295152,0.828210725016895,0.330712611956262
ID771,FT0771,471.433290275224,608.079046580378,,,608.076184311239,608.082606223148,469.466945247122,472.590861957452,11,769;2162;3679;4939;6002;7023;8126;9353;10586;11779;13014,,0.0,-0.0424339253520265,0.0080317514011717,0.001746926773574,0.0206461236936912,-0.0046935677224717,0.0052710370791283,5.25089126792511,3,0.79656862745098,4.672619324702,3,0.63562091503268,4.98240067136803,3,0.723856209150327,0.0051119604301646,2.29141251655303,0.0226091485201767,1.64571579324739,0.578271943223116,0.0025157046853436,2.59934034138779,0.0313296006174754,1.50404514136892,0.268490596557086,0.0416624097763061,1.38025561383414,0.148951250926319,0.826955845130265,0.30978134666603
ID772,FT0772,413.485087802227,608.065528081489,,,608.064840178649,608.06868029976,412.291827736759,414.08028722129,9,3680;4940;6003;7022;8127;9354;10587;11780;13015,59.01407;74.02522;116.0469;141.0157;198.0484;223.0225;280.0533;305.0251;362.0549;444.0594;526.0639|334;282;1224;2692;5534;412;1445;372;751;444;120,1.0,0.0175120433017507,0.0137016585422244,-0.0467522391163048,-0.0115606060314774,-0.0259210482039082,-0.0281677644334721,4.34151323277571,1,0.311274509803922,4.63970923721052,3,0.620098039215686,4.6799558487432,3,0.572712418300654,0.132286685310679,0.878483865465526,0.23403070945404,0.630727150831917,-0.298196004434816,0.13126276963593,0.881858436397004,0.325456019805162,0.487507691109391,-0.338442615967486,0.71976296496418,0.142810503509013,0.832471139854507,0.0796308137005533,0.0402466115326705
ID773,FT0773,265.561878650735,608.388357667434,,,608.383370155398,608.393565834558,264.327994162596,266.828313273986,6,2163;3681;6004;8128;10588;13016,309.279;534.3566|3659;2654,1.0,-0.0130790085096167,0.007722411162288,-0.0413764760095965,0.0219310754701915,0.0612163440821088,0.0062115761045257,3.91526422590355,2,0.065359477124183,3.81100398449697,1,0.111111111111111,3.97545725145329,2,0.105392156862745,0.616423516934594,0.210120801037165,0.696952529015335,0.15679680165635,0.104260241406576,0.779317844893529,0.108285379130945,0.863268382543959,0.0638541649595053,-0.0601930255497387,0.475896025520624,0.322487922227234,0.653518226416196,0.184742295579083,0.164453266956315
ID775,FT0775,471.367443376307,609.082649488555,"Rubroskyrin;NCGC00385638-01!2,2'-bis(3,4-dihydroxyphenyl)-3'",,609.079513799261,609.086439523971,470.609581525338,472.001779737828,10,771;2165;3683;4943;6007;8130;9356;10590;11782;13019,78.95883;158.9254;272.9564;274.9604;282.0366;283.0411;385.9864;386.9875;387.9925;404.9991;609.0811|750;1348;530;719;413;636;735;1773;1444;346;14191,1.0,-0.0421642677478697,0.0100844093684651,-0.0024060576259453,0.0208987811467116,-0.0066257136873597,0.0011287012502047,4.41312482295182,3,0.360294117647059,3.84721577777637,2,0.126633986928105,4.1727550278944,3,0.223856209150327,0.0104878176740654,1.97931487126416,0.0389408785861132,1.40959425413092,0.565909045175452,0.0031808041053821,2.49746307674969,0.0352514803605655,1.4528226404052,0.24036979505742,0.0598420838942561,1.2229932913465,0.193450725497498,0.713429637206787,0.325539250118032
ID778,FT0778,412.653070809724,610.075954195611,"dTDP-4-acetamido-4,6-dideoxy-D-galactose",,610.070677776648,610.082907011151,411.446626268058,416.569020925094,9,775;2169;3685;4944;8133;9360;10593;11783;13022,,0.0,-0.0307379647707857,0.0137381003499876,0.0043278683373851,0.0009185446321006,-0.0184958240795971,0.0090830418650818,4.32798658727167,3,0.301470588235294,3.87455656568798,1,0.147058823529412,4.1860348065623,3,0.229575163398693,0.0119546801919954,1.92246203750801,0.0428439593789739,1.36811040112256,0.453430021583689,0.0695795045771018,1.15751866785915,0.248674679080293,0.604368433851694,0.141951780709367,0.057507628259254,1.2402745432901,0.188296050511431,0.725158789165917,0.311478240874322
ID779,FT0779,261.070530924997,610.405942932247,,,610.404255295289,610.409331447195,259.087042903466,262.662329028435,8,2170;3687;6009;8135;9361;10594;11785;13024,224.0696;311.2931;536.3705|204;4386;3313,1.0,-0.0116682689720127,0.0263078451743031,-0.0528299994149849,0.0011652417602118,0.014408965105005,-0.0326667567413921,3.94586334331125,2,0.0727124183006536,3.86976097362591,1,0.144607843137255,4.18517125066967,3,0.228758169934641,0.725598118385383,0.139303852155107,0.789949806712774,0.102400502836392,0.0761023696853451,0.134169676249768,0.872345628172239,0.328485126643587,0.483484289918057,-0.239307907358417,0.128040547304379,0.892652478148933,0.282278328495441,0.549322462894966,0.315410277043763
ID781,FT0781,525.571718164571,612.14595986413,,,612.142891409338,612.147322975947,522.61751379929,527.007371267389,11,777;2173;3689;4947;6011;7027;8137;9363;10597;11789;13028,,0.0,-0.0793866695383158,-0.0210434622867697,0.0484528108560717,0.0577756038528525,-0.0247262220268681,0.0397492118794487,5.56092233846188,3,0.881535947712418,4.44326636295535,3,0.51062091503268,4.65400005171618,3,0.564542483660131,0.0093936680530305,2.02716479068079,0.0355364234836344,1.44932628332538,1.11765597550654,0.0117886260205423,1.92853680953334,0.085959240738605,1.06570742920305,0.906922286745708,0.266997313061796,0.573493109153428,0.467145223902722,0.330548087024607,0.210733688760828
ID783,FT0783,525.571718164571,613.142156375743,Cytidine monophosphate N-acetylneuraminic acid;CMP-N-acetyl-,,613.13978476954,613.142948034337,522.61751379929,527.007371267389,11,779;2175;3691;4949;6013;7029;8139;9365;10599;11792;13032,,0.0,-0.0773035814806121,-0.0212049826090375,0.0503515404986442,0.060140662754238,-0.0204377640043831,0.0391605340973594,5.23684813560588,3,0.790849673202614,4.14346905731683,3,0.309640522875817,4.34300853254678,3,0.361928104575163,0.0082499767294724,2.08354727645322,0.0322231233946601,1.49183236561382,1.09337907828905,0.0124313069523883,1.90548320986422,0.0882082994073816,1.05449055072694,0.893839603059099,0.264354555602855,0.57781320102912,0.46373358331288,0.333731451614796,0.199539475229948
ID786,FT0786,525.458051691911,614.143396021295,2-amino-4-({1-[(carboxymethyl)-C-hydroxycarbonimidoyl]-2-{[3,,614.142101597247,614.145805019852,522.61751379929,527.007371267389,6,782;2178;3695;8142;9369;13035,,0.0,-0.072394292786892,-0.0313595824122854,0.0597681435326166,0.0504852030766828,-0.0346006988406463,0.0379633379934167,4.52773723119468,3,0.447712418300654,3.47598049858918,0,0.0016339869281045,3.57632383047717,1,0.0024509803921568,0.0039685267313039,2.40137069001661,0.018534734896011,1.73201362134324,1.0517567326055,0.009383246517195,2.02764687371463,0.0755664119518107,1.1216711984852,0.951413400717508,0.373900966300059,0.427243412464819,0.561573265987348,0.250593575220363,0.100343331887994
ID787,FT0787,477.94419101604,614.13041591022,2-Decarboxyphyllocactin,,614.12934461449,614.131487205949,476.697066122326,479.191315909753,2,2179;3694,,0.0,-0.0166010698173202,-0.0161614631435214,-0.0015754777557918,-0.0253519083310182,0.0176327409973057,0.0004866690542912,4.00336705856878,2,0.0906862745098039,3.78458269671633,0,0.0955882352941176,3.78458269671633,0,0.0318627450980392,0.118831065406173,0.925070009095454,0.219995112733937,0.657586967069878,0.218784361852449,0.118831065406173,0.925070009095454,0.31408813851289,0.502948464351792,0.218784361852449,,,,,
ID788,FT0788,374.375138877213,615.891345158774,,,615.889502336315,615.900614735111,373.564373087447,375.776741305753,8,786;2182;3697;8144;9371;10603;11796;13036,59.01407;124.0076;126.0021;156.9917;221.9844;223.9816|192;4756;419;345;2088;611,1.0,-0.0234800229917536,0.0439160343557762,0.0052399455310288,0.0060285010686386,0.0052125815476602,-0.0059462285994882,4.06873722202122,3,0.128267973856209,3.69875088228185,0,0.0490196078431373,4.2064569383419,3,0.250816993464052,0.0006124372807172,3.21293838048689,0.0049447117362605,2.30585902155931,0.369986339739373,0.0259791023040581,1.58537585984997,0.144391322096066,0.840458907036753,-0.137719716320683,2.28776259773241e-06,5.6405890444962,0.0001405167869238,3.85227178940366,0.507706056060056
ID789,FT0789,281.086469111612,617.417043006323,PA(16:0/14:1(9Z));PA(16:1(9Z)/14:0);Spheroidenone,,617.415882297378,617.419477791221,280.121426691328,281.454746134186,6,787;2183;3698;8145;9372;13037,78.95815;152.9948;225.1836;227.2025;253.2188;255.2371;363.1944;381.2045;389.2133;617.2755;617.415|120;597;176;435;545;156;226;84;202;96;833,1.0,-0.0521693279017124,-0.0261145437347425,-0.0058493992331593,-0.0048851346455915,0.0219232161287161,0.0104004232819444,4.64917932759354,3,0.520424836601307,3.95452197653662,0,0.188725490196078,4.09464745626306,1,0.178921568627451,0.0060538085623947,2.21797131671445,0.0254640968551081,1.59407172250365,0.694657351056914,0.0444635646062866,1.35199572322083,0.196029146147424,0.707679351756102,0.554531871330477,0.373900966300058,0.427243412464821,0.561573265987348,0.250593575220363,0.140125479726437
ID790,FT0790,32.4623257344094,618.80651947251,,,618.805163800401,618.809083692395,31.6102194889928,33.2507293835713,10,788;2185;3700;4951;6017;7031;8146;9373;10604;13038,128.0086;183.5297;240.056;282.0528;283.0583;302.6278;303.5573;304.0575;325.0589;368.066;406.6366;412.641;413.1413;423.0382;445.2144;446.2201;479.1028;515.7234;516.2254;618.8075;619.308|1462;1625;492;25209;613;908;256936;27552;480;2122;276;119439;22149;499;6382;578;2053;18254;4947;11357;4406,1.0,-0.0126215754356639,-0.0411290033366184,0.0138505796873035,0.0543971718640122,0.0101523118562546,0.012851721222216,4.9208999411948,3,0.681372549019608,4.78100231582965,3,0.683823529411765,4.48625415370108,2,0.456699346405229,0.152010189085379,0.818127300770698,0.261240367813872,0.582959713445109,0.139897625365144,0.0390090301613016,1.40883484694099,0.183357620369075,0.736701035987168,0.434645787493711,0.10511475881687,0.978336301833561,0.273912994266569,0.562387364590118,-0.294748162128567
ID791,FT0791,392.463417256398,619.018273053285,,,619.016950296442,619.019733664054,391.465289400558,395.467597606154,11,789;2187;3701;4952;6018;7032;8147;9374;10605;11798;13039,59.01403;127.0009;141.016;209.0033;223.0191;291.0063;305.022;373.0103;387.0255;455.0127;469.0292;537.0159|12623;47831;109881;19234;23472;40275;28978;24851;13296;14062;3887;3106,1.0,0.0079296067473608,-0.0027543349551201,-0.0083008389802778,0.0047436850552913,-0.0029332738127937,0.0006264836546883,5.61070607140315,3,0.888888888888889,5.73867783328672,3,0.946078431372549,5.66252768684964,3,0.922385620915033,0.0030335165749467,2.51805362775529,0.0153332791582392,1.81436495747196,-0.127971761883575,0.0439362524131169,1.35717698942083,0.196029146147424,0.707679351756102,-0.051821615446495,0.0231282654511021,1.63585693676081,0.102237446141804,0.990390007585274,-0.0761501464370804
ID794,FT0794,32.4623257344094,619.810113596878,,,619.807554788673,619.811764873773,31.6102194889928,33.2507293835713,10,791;2190;3703;4954;6021;7033;8149;9376;10606;13043,,0.0,-0.0132280967690726,-0.0371777236566355,0.0080864080405828,0.05405951015597,0.0020764019640919,0.009618495337105,4.40589738355092,3,0.356209150326797,4.26710486567529,3,0.410947712418301,4.00535530568651,2,0.118464052287582,0.184821369717601,0.733247815508357,0.300054126545579,0.522800396147841,0.138792517875629,0.0297515057539864,1.52649104929345,0.154594129747544,0.810807001146359,0.400542077864411,0.110624565478722,0.956148422152322,0.273912994266569,0.562387364590118,-0.261749559988782
ID796,FT0796,401.962163608363,621.023440177763,,,621.018945681231,621.029772702094,400.000683489856,405.294240380082,7,793;2193;3706;8152;9378;10608;11803,,0.0,-0.030055116183092,0.0048401306005489,0.0309399787867088,-0.0028068756383379,-0.0199567837849095,-0.0276495844971934,4.51657062562881,3,0.439542483660131,4.06639528869267,0,0.256535947712418,4.27128986831108,2,0.312908496732026,1.26377926607593e-06,5.89832877407306,9.19814266415921e-05,4.0362998587567,0.450175336936145,0.0758104491871613,1.12027093009928,0.260167677892303,0.584746659292294,0.245280757317733,0.11628425398141,0.934479088985724,0.273912994266569,0.562387364590118,0.204894579618411
ID797,FT0797,355.853160733602,620.841633859871,,,620.840075797398,620.843193454406,355.488721877261,357.617046243139,4,2192;3705;8151;13045,59.01537;142.9741;144.9726;156.9907;228.0612;229.0689;240.9523;340.9238|48;172;36;202;36;36;36;36,1.0,-0.0251232092592986,-0.0036410240575737,-0.0367167903619258,-0.0028993823894858,0.0346451823120257,0.0139314330390314,4.05168960303021,2,0.117647058823529,3.74777564761331,0,0.0751633986928105,3.92738423621835,1,0.0816993464052288,0.116638146680995,0.933159389682921,0.218646672641802,0.660257127348624,0.303913955416901,0.625479587992853,0.203786858579218,0.751577205623528,0.124026399968582,0.124305366811855,0.373900966300059,0.427243412464819,0.561573265987348,0.250593575220363,0.179608588605046
ID801,FT0801,410.938379562958,623.081983939237,,,623.078535351206,623.091208718905,409.638814024915,412.031252283315,11,797;2197;3710;4959;6026;7038;8156;9382;10612;11807;13049,,0.0,-0.0005451532521672,0.0086759816720072,-0.0277435785022621,-0.0050227815012015,-0.0172339081912411,0.0018308903189317,4.34048758914446,3,0.310457516339869,4.36929660056509,3,0.463235294117647,4.45187777708619,3,0.431372549019608,0.762158562646101,0.117954666825123,0.815001556322898,0.08884156193266,-0.0288090114206359,0.191089818294609,0.71876245253823,0.399371108131295,0.398623356673646,-0.111390187941736,0.441878476850345,0.354697151668692,0.630406091056666,0.200379599294644,0.0825811765211002
ID802,FT0802,328.288521453982,623.31609832142,Hydratopyrrhoxanthinol;Peridininol furanoxide;Hydratopyrrhox,,623.315311898879,623.319218143461,325.669933637963,330.690565040385,11,798;2198;3711;4960;6027;7039;8157;9383;10613;11808;13050,152.9952;241.0122;307.2639;315.0475;623.3186|583;344;1004;115;1819,1.0,-0.0179096797695795,0.0240280585917262,-0.0434210547181611,-0.0033566889240554,0.01944641466471,0.0108698751780144,4.44706072281621,3,0.390522875816993,4.24540933404933,3,0.397875816993464,4.58816927314915,3,0.52124183006536,0.193878065671956,0.712471321898455,0.311492058096108,0.506553021778505,0.201651388766878,0.273877682148992,0.562443356261715,0.479162355471468,0.319517308843298,-0.141108550332937,0.0642147853296829,1.192364964956,0.202865825079853,0.692791108360021,0.342759939099816
ID805,FT0805,390.433823232179,627.016880379577,,,627.016001385854,627.017987790954,389.678969393381,391.463230651488,9,801;2202;3716;4963;8159;9386;10614;11811;13054,,0.0,-0.0102976968587337,0.0293672861673945,0.0025847256620714,0.0411658002948476,-0.0310089854057542,-0.0198903657581801,4.46755751877818,3,0.405228758169935,4.30003832979745,1,0.422385620915033,4.6102539748802,3,0.536764705882353,0.538329146090709,0.268952106077504,0.631814597802071,0.199410344129432,0.167519188980723,0.0898664676197537,1.04640232878225,0.279790445579027,0.553167120091346,-0.142696456102021,0.270033400973123,0.568582513762674,0.469640803182765,0.328234177886296,0.310215645082744
ID810,FT0810,396.754122069099,631.082252574021,"(3-{3,7-dihydroxy-4-[3,5,7-trihydroxy-2-(3-hydroxyphenyl)-3,",,631.078303460733,631.083768967001,395.414903516149,398.628850058476,11,808;2207;3721;4969;6035;7045;8165;9391;10620;11816;13059,141.0182;305.0225|60;36,1.0,0.0008969051501608,0.0007979544439865,-0.005545545271537,0.0044310271714435,-0.0090946935151337,-0.0047637706193932,4.39778337299698,3,0.352124183006536,4.42157908313683,3,0.495098039215686,4.41933935592458,3,0.412581699346405,0.509038259076266,0.293249575067416,0.611150724220308,0.213851669258798,-0.023795710139856,0.492960027765208,0.307188294566172,0.641697967177124,0.192669336499921,-0.0215559829276026,0.927225463769988,0.0328146501430981,0.96220047579323,0.0167344326815078,-0.0022397272122534
ID811,FT0811,484.990968291004,632.098448706183,,,632.095791577618,632.100936005206,483.292661767475,485.823494624251,10,809;2209;3722;4970;6036;8166;9392;10622;11817;13060,78.95876;96.96888;158.9248;176.9346;192.0163;200.9471;210.0283;271.9835;289.9928;421.0614|10708;3097;1088;4037;4177;649;33834;385;6152;4766,1.0,-0.0338562040958996,0.043485455316154,-0.0114721903485953,0.014353012923568,-0.0039049793667989,-0.0019472452227133,4.53186005528748,3,0.449346405228758,4.05764071583652,2,0.248366013071895,4.61987405263072,3,0.542483660130719,0.0192975628981686,1.71449753486314,0.0617419366130233,1.20941975245096,0.474219339450959,0.0812299027107425,1.09028406692093,0.273320331450895,0.563328061287534,-0.0880139973432428,0.0100703225078266,1.99695662069498,0.0593538705385537,1.22655095491114,0.562233336794201
ID816,FT0816,396.781778837155,635.03924112963,,,635.037874754139,635.040426196512,396.324845771143,397.77003620692,11,814;2216;3730;4973;6040;7049;8171;9396;10627;11821;13066,,0.0,0.0016300392224324,-0.0003301590488036,-0.0099378414285798,0.0049136342862532,-0.0092740334577579,-0.0006713500430194,5.65047374827312,3,0.899509803921569,5.69067892851297,3,0.938725490196078,5.67607786903761,3,0.928104575163399,0.153291765925271,0.814481172668518,0.26269229972664,0.580552657458478,-0.0402051802398509,0.440585074278816,0.355970219550539,0.600707415043803,0.221337007152477,-0.0256041207644904,0.700536236720958,0.15456939499502,0.822701600653061,0.0847576577270918,-0.0146010594753605
ID818,FT0818,413.842601541858,637.087579375194,6''-O-Galloylquercimeritrin;Quercetin 3-(2-galloylglucoside),,637.08610913378,637.090542550139,412.782451462022,414.724948898062,8,816;2218;3732;8173;9398;10629;11823;13068,59.01309;74.02519;88.0406;116.0465;141.0144;170.0424;198.0486;223.0157;227.074;252.0448;280.0513;309.0823;334.0487;362.0535;391.0827;416.0445;444.0583;473.073;473.0858;555.0841|36;72;72;401;403;911;808;48;654;168;144;251;132;84;334;84;36;124;117;48,1.0,-0.0256442087639851,0.0223287821603748,0.0026908420169256,-0.0026698978670694,-0.0037671779295898,-0.0083583647965927,4.29315609970086,3,0.274509803921569,3.91422274199896,0,0.169117647058824,4.26386260665739,3,0.306372549019608,5.04494930442934e-06,5.29714319353355,0.0001957765810718,3.70823926002798,0.378933357701904,0.297246236743784,0.526883635016266,0.501355631316942,0.299854102621176,0.0292934930434692,8.51560448454624e-05,4.06978451799088,0.002160371833362,2.66547149362709,0.349639864658434
ID828,FT0828,280.819040873367,646.450971550628,PE(14:1(9Z)/15:0);PE(15:0/14:1(9Z));PE-NMe(14:0/14:1(9Z)),,646.450446788985,646.453125244261,278.801146256296,281.454746134186,6,828;2232;3746;8182;9409;13081,,0.0,-0.0458437572290884,-0.0209729193849483,-0.012407304979633,-0.0032324796213774,0.0225930915620077,0.0061951499505725,4.5506708437696,3,0.463235294117647,3.94920074723576,0,0.184640522875817,4.09775034368482,1,0.18218954248366,0.0089749189110598,2.04696946660907,0.0343019202761037,1.46468156678021,0.60147009653384,0.081116382502736,1.09089142554194,0.273320331450895,0.563328061287534,0.452920500084781,0.373900966300059,0.42724341246482,0.561573265987348,0.250593575220363,0.148549596449059
ID830,FT0830,373.348462617948,647.878850035504,,,647.876924038444,647.882089975846,372.250285145735,375.24858177186,8,830;2235;3749;8184;9411;10644;11834;13083,156.9884;157.9921|95;95,1.0,-0.0248482892084137,0.0404614287986753,0.0125757974243276,0.0016110650641843,0.0115519007265414,-0.0087303168087907,4.2006820465883,3,0.213235294117647,3.80548954949258,0,0.10702614379085,4.29547122391691,3,0.32516339869281,0.0011960604920485,2.92224685488062,0.0079887465673544,2.09752135605323,0.395192497095726,0.225109896006399,0.647605412656061,0.44002063814843,0.356526953459764,-0.0947891773286074,0.0004180285776716,3.37879402755309,0.0070701355093153,2.15057226224498,0.489981674424333
ID831,FT0831,410.967252066309,648.045545907803,,,648.040913154509,648.046940510781,410.106888696754,412.620558010002,11,831;2236;3750;4982;6050;7057;8185;9412;10645;11835;13084,,0.0,-0.0192138234660035,0.0151710548154986,-0.0027495742918226,0.0059625986783729,-0.0072977278168422,-0.0064930858916095,4.48698116038225,3,0.417483660130719,4.21982960275582,3,0.350490196078431,4.46080384917193,3,0.437908496732026,0.0025180305605315,2.59893900330295,0.0137690489287247,1.86109605678531,0.26715155762643,0.135365926926409,0.868490638531691,0.329681531707868,0.481905380736776,0.0261773112103239,0.0033550436284533,2.47430182796195,0.0281128770150091,1.55109470729877,0.240974246416106
ID832,FT0832,372.783747120085,648.873270320254,,,648.869851276444,648.875390048507,371.714750187798,375.24858177186,9,832;2237;3751;4983;8186;9413;10646;11836;13085,59.01425;156.9906;158.9873;254.9637;256.9684;352.9475;354.9442;392.8787|1298;6058;1291;562;240;473;505;72,1.0,-0.046921623407964,0.0601650821692981,0.0161956240344859,0.006121424875423,0.0044412165622592,-0.016694559743635,4.639232975554,3,0.511437908496732,3.91348256850735,1,0.168300653594771,4.71841930875416,3,0.594771241830065,0.002796144135005,2.55344044543567,0.0144989715276341,1.83866280298672,0.725750407046649,0.28601051884512,0.54361799417031,0.492868340606141,0.307269077851856,-0.079186333200167,0.0018363720022248,2.73603933721506,0.0185930744170837,1.73064879247777,0.804936740246816
ID834,FT0834,388.347637563801,650.011214570392,,,650.009883534262,650.014336674696,387.82695060847,390.131376501499,7,836;2240;3754;8188;9415;10648;13087,,0.0,-0.0237859919086222,0.0128002227781873,0.0088636806624325,0.0368399730674324,0.0253075496734897,-0.038311491027599,4.06760799611911,3,0.126633986928105,3.7361870367348,0,0.0686274509803922,3.99816876545418,2,0.113562091503268,6.04746678398644e-05,4.21842650834368,0.0008660836358494,3.06244016706572,0.331420959384306,0.63477056655773,0.197383219090971,0.756678718649258,0.121088480256251,0.0694392306649347,0.12216436923534,0.913055443036893,0.276065194786888,0.558988344048244,0.261981728719371
ID836,FT0836,411.352236187242,652.10865214621,,,652.104281846916,652.118517263438,410.798430960455,411.452240662554,7,838;3756;8190;9417;10650;11840;13090,,0.0,-0.0168677416122948,0.0287882369773865,0.013441828390315,0.0156573260545397,-0.0233389017149362,-0.0248618410606619,4.02046739370506,2,0.0972222222222222,3.74781461624094,0,0.0759803921568627,4.0744218285999,3,0.165849673202614,0.116397783098911,0.934055291138694,0.218646672641802,0.660257127348624,0.272652777464127,0.713205017975126,0.146785609872396,0.817411443751378,0.0875592864638112,-0.0539544348948322,2.00352327899179e-06,5.6982056071225,0.000130709646225,3.88369236079192,0.326607212358959
ID839,FT0839,45.7086229240218,654.303341257994,,,654.301543967317,654.30718625379,45.1161182391165,46.6678045421065,11,841;2244;3759;4987;6055;7061;8193;9419;10653;11843;13093,,0.0,0.0039247107605749,-0.0199962557602308,-0.0086136113108987,0.0448903581567074,0.0465502873413512,-0.0054339155612525,4.92426223755906,3,0.683823529411765,5.02304503835884,3,0.776960784313726,4.84498075353941,3,0.665849673202614,0.0196950488183542,1.70564293836255,0.0628465350888065,1.2017186612285,-0.0987828007997837,0.706731520192497,0.150745538739897,0.812304164027152,0.0902813204830266,0.0792814840196456,0.41550088944172,0.381428042206663,0.60309644027175,0.219613234909744,-0.178064284819429
ID841,FT0841,401.266993571905,656.994511234276,Dictazoline B,,656.992596657347,656.996482776614,397.802029049989,403.338864380431,11,843;2246;3761;4989;6057;7062;8195;9421;10656;11845;13095,141.0172;246.9802;328.9841;410.9845;492.9884;574.9882;657.0243|174;1707;1627;1173;371;198;36,1.0,0.0072826714679713,-0.0003376280267404,-0.0083376683037606,0.0047140739166074,-0.0082796081447629,-0.0004860571107455,4.70761437982045,3,0.558823529411765,4.82403807626911,3,0.706699346405229,4.76998537882038,3,0.621732026143791,0.0016710100530141,2.77702093732656,0.0101016336370657,1.99560838639642,-0.116423696448662,0.0490702610205909,1.30918163186011,0.204850615826953,0.688562726122137,-0.0623709989999321,0.099823217899707,1.00076843433405,0.269372408798401,0.569646890128486,-0.0540526974487303
ID846,FT0846,409.917499516977,663.06307775453,,,663.061833233907,663.065207325137,408.76681827495,410.678761059845,11,847;2253;3769;4993;6063;7067;8200;9425;10660;11849;13099,,0.0,-0.0361044319959995,0.0226123133153849,-0.0078085527073797,-0.0015907164303562,-0.0173581834581681,-0.007613456906562,4.71301793539525,3,0.566176470588235,4.21280707150083,3,0.347222222222222,4.62476566359168,3,0.547385620915033,0.0022623002738157,2.64544975192762,0.0129597487114302,1.88740341932169,0.500210863894416,0.143653569129343,0.842683579321021,0.341601400606785,0.466480357319827,0.0882522718035617,0.0069617989365542,2.15727852371274,0.0456428053874092,1.34062766997626,0.411958592090854
ID847,FT0847,473.058092302024,663.101880982795,"Hectochlorin;{3-[3-(2,4-dihydroxyphenyl)-3-[2-(3,4-dihydroxy",,663.093679785576,663.104775811433,471.93587314094,473.894906386573,10,848;2254;3768;4994;6064;8201;9426;10661;11850;13100,78.95738;134.044;158.9245;272.9583;328.0543;329.0462;346.0567;347.0572;408.0123;409.0134;426.0171;427.0227;540.0588;541.0538|48;36;87;86;36;60;36;48;69;60;36;48;115;247,1.0,-0.0309035646998432,0.0202235265284619,-0.0154479157218908,0.0109678128061002,-0.0059354562549526,-0.0044464792310616,4.38502241135337,3,0.343137254901961,3.98067026687173,2,0.202614379084967,4.3367489292912,3,0.35702614379085,0.0304052442764532,1.51705150310513,0.0868824438588438,1.06106797160096,0.404352144481643,0.0486226204999745,1.31316163870514,0.204850615826953,0.688562726122137,0.0482734820621635,0.0442481379324996,1.35410500073239,0.154603523853973,0.810780611498584,0.35607866241948
ID848,FT0848,409.946575189051,664.065562384576,,,664.063889218716,664.068509755589,408.76681827495,410.678761059845,8,849;2255;3770;8202;9427;10662;11851;13101,,0.0,-0.0290808183682279,0.0233577656298078,0.0045257475920382,-0.0008114234944293,-0.0140089824700867,-0.0117194959275803,4.14178294066283,3,0.175653594771242,3.71245622914834,0,0.0547385620915033,4.0861740592606,3,0.17483660130719,0.0002263679104052,3.64518513809188,0.0024533387046623,2.61024248953869,0.429326711514496,0.327625816429894,0.484621883800227,0.526292534903341,0.278772790106756,0.055608881402236,0.0005150649810293,3.28813797654675,0.0078346141707898,2.10598238625638,0.37371783011226
ID850,FT0850,32.4269119142875,667.060959845778,Nitrosylhaem;Myricetin 7-(6''-galloylglucoside);8-C-Ascorbyl,,667.059446161793,667.075875945951,31.6102194889928,33.2507293835713,9,853;2259;3773;4998;6066;8205;9430;10664;13104,,0.0,-0.0237489445524031,-0.0384839271773232,-0.0440433400542594,0.0584638835740321,0.018022775021906,0.0134595758329097,4.31221565488221,3,0.285947712418301,4.09566668251393,2,0.281045751633987,3.97206496126594,2,0.103758169934641,0.542605690853721,0.26551565566582,0.633666345286028,0.198139358118091,0.216548972368276,0.227192012251052,0.643606941870672,0.441945170369197,0.35463160776214,0.340150693616268,0.751481385222619,0.124081772755349,0.854210396560715,0.0684351470961857,-0.123601721247992
ID856,FT0856,250.20023637744,673.4995060738,,,673.498275625032,673.501449553178,248.211124536433,252.322911284009,11,860;2266;3782;5004;6072;7074;8212;9437;10671;11858;13112,,0.0,-0.0291625279579169,-0.0011069864425501,-0.0199796224096968,0.0001303091639854,0.0186406974256796,-0.0128779579773038,5.32847141602725,3,0.814542483660131,4.9698550569989,3,0.762254901960784,5.16576807019878,3,0.787581699346405,0.0463671157573734,1.33378991832924,0.118612828122813,0.925868338950889,0.358616359028349,0.254617874017018,0.594111112408641,0.463909495771583,0.333566737808912,0.16270334582847,0.10216210975803,0.9907101470014,0.27282192697396,0.564120727926451,0.195913013199879
ID857,FT0857,51.9633738605396,673.493272807328,,,673.3603803425,673.505667354479,41.2060098941961,53.4711146541306,9,861;2265;5005;6073;8213;9436;10672;11859;13113,,0.0,0.0099470354929589,0.0808025683192956,-0.0467476653848732,0.0967301441209356,-0.0458044330050238,0.0972232633926506,4.45732086587762,2,0.399509803921569,4.62135065038895,2,0.611928104575163,5.09813823589961,3,0.769607843137255,0.727825789847668,0.137972559645509,0.791658612284579,0.101462059274344,-0.164029784511331,0.111179173512156,0.95397655875981,0.31408813851289,0.502948464351792,-0.640817370021989,0.202393164133545,0.693804159960774,0.380342709410381,0.419824904091984,0.476787585510658
ID858,FT0858,251.550066590675,674.504031195137,PE(14:0/P-18:0);PE(16:0/P-16:0);PE(P-16:0e/16:0),,674.503111682461,674.508945541227,249.861441929497,253.195744272116,9,862;2267;3783;5006;6074;9438;10673;11860;13114,,0.0,-0.0289367390346924,-0.0022845449733756,-0.0358350629017536,-0.0282821274099738,0.0266808207323048,0.0036632518508292,4.83397500571337,3,0.636437908496732,4.49340296347931,2,0.544117647058823,4.7110693179409,3,0.589052287581699,0.116788395868413,0.932600306715709,0.218646672641802,0.660257127348624,0.340572042234059,0.317936163200405,0.497660071062417,0.518308886836828,0.285411344756632,0.12290568777247,0.234756198000752,0.629382932727491,0.42724600149834,0.369321993055049,0.217666354461588
ID859,FT0859,252.040307942985,675.509879685374,,,675.50849022749,675.51175870022,251.21152910734,253.275728427939,6,863;2268;3784;6076;9439;10675,,0.0,-0.0261996485482571,-0.0255367110065552,-7.39162047666707e-05,-0.0107465447100344,0.022384175018193,-0.0281072384948849,4.25211481915392,3,0.255718954248366,3.94417580578006,1,0.181372549019608,3.90625202585058,1,0.0718954248366013,0.12479680664066,0.903796527442728,0.224746344893284,0.648307362578429,0.30793901337386,0.05323741574186,1.27378303426967,0.21294966296744,0.671723042941708,0.345862793303335,0.835199961454654,0.0782095343849542,0.907243468701299,0.0422761496274835,-0.0379237799294749
ID862,FT0862,254.71657129636,686.475416821289,"PE(14:0/18:2(9Z,12Z));PE(14:1(9Z)/18:1(11Z));PE(14:1(9Z)/18:",,686.474744571866,686.478406777094,253.855906042577,256.079541861925,8,869;2275;3790;6079;9444;10681;11868;13122,140.0102;196.0378;225.1842;251.202;253.217;255.2321;267.2324;281.2478;432.2512;450.2605;686.4782|1316;951;1072;1070;92237;652;1854;2616;1154;3643;40070,1.0,-0.0785879839520184,0.0246958596042353,-0.0139521194042403,-0.0705030228654584,0.0501876216689583,-0.0106979878562792,5.49050818617641,3,0.868464052287582,4.40356486892316,1,0.482843137254902,5.17706997883014,3,0.790032679738562,0.0061312192784657,2.21245315137811,0.0256106138610915,1.5915800117975,1.08694331725325,0.0489877500841512,1.3099125064199,0.204850615826953,0.688562726122137,0.313438207346266,0.0133603406032648,1.87418246998675,0.0718503109862214,1.14357134778991,0.77350510990698
ID864,FT0864,387.82695060847,688.059491010619,,,688.059491010619,688.059491010619,387.82695060847,387.82695060847,1,2277,,0.0,-0.0078490373644889,-0.0074449336793723,-0.0020271458288869,-0.0119216903794671,0.0144918187479369,0.0078371717676697,3.93848993138089,1,0.071078431372549,3.83814659949289,0,0.123366013071895,3.83814659949289,0,0.0457516339869281,0.373900966300059,0.427243412464819,0.484179615133447,0.314993499118616,0.100343331887994,0.373900966300059,0.427243412464819,0.537705199155324,0.269455764241587,0.100343331887994,,,,,
ID867,FT0867,88.7499715250041,689.4389221683,"PG(i-12:0/18:2(9Z,11Z));FAHFA(22:6(4Z,7Z,10Z,13Z,16Z,19Z)/14",,689.437272492531,689.440571844069,88.4876447639457,89.0122982860625,2,873;3793,140.0098;225.1881;253.214;254.2198;255.2342;256.2417;452.2832;453.2804;689.4456|48;657;1297;445;245;137;36;48;939,1.0,-0.0214003170114747,-0.0157666025029806,0.0209316441636584,-0.0114912864066469,-0.009008461483874,0.0048981505164247,4.47789949039585,2,0.413398692810457,4.15299274136718,0,0.313725490196078,4.15299274136718,0,0.212418300653595,0.170736580888704,0.767673419857281,0.283696280123082,0.547146358714583,0.324906749028668,0.170736580888704,0.767673419857281,0.370952859197041,0.430681277154225,0.324906749028668,,,,,
ID868,FT0868,53.0804600064099,689.484595800563,DG(18:2n6/0:0/20:4n6);DG(18:2n6/0:0/20:4n3),,689.477854240651,689.494247818396,51.9633738605396,59.029960290845,6,875;6083;7080;8221;11872;13127,,0.0,0.0029238484039224,0.0756252374878873,-0.0170665345182332,0.0529472420111455,-0.09209496302402,0.158008051907383,4.60386102838599,1,0.491013071895425,4.56699615740575,2,0.583333333333333,4.9958691384121,2,0.726307189542484,0.933532784744705,0.0298704254559885,0.946116208970412,0.024055517070735,0.0368648709802422,0.509292307704017,0.293032883311211,0.656590296378285,0.182705539913876,-0.392008110026109,0.369533783094384,0.432345851881342,0.561573265987348,0.250593575220363,0.428872981006351
ID869,FT0869,255.950439380793,689.494992184942,DG(18:2n6/0:0/20:4n6);DG(18:2n6/0:0/20:4n3),,689.491883045735,689.496587572918,254.881291728899,256.476849438995,7,874;2280;3794;8220;9447;10687;13128,,0.0,-0.0782744960895585,0.0095287666757315,0.0044011331213031,0.0551930347056183,0.0830834581641696,-0.0510228311329724,5.2949128982374,3,0.806372549019608,4.22595534096844,0,0.368872549019608,4.84573165482506,2,0.666666666666667,0.0006608066229819,3.17992561291813,0.0052299366279429,2.28150357352306,1.06895755726896,0.246043416676041,0.608988250786445,0.458655374697271,0.338513512899456,0.449181243412339,0.117449365877997,0.930149323683567,0.273912994266569,0.562387364590118,0.619776313856617
ID871,FT0871,412.782812624988,690.068729973235,,,690.066951121585,690.071362449875,412.291827736759,414.08028722129,11,877;2282;3795;5013;6084;7081;8222;9448;10688;11873;13129,116.0479;141.0162;198.0504;223.0189;280.0515;305.024;362.0546;387.0263;444.0551;526.0603;608.0652|321;2435;3223;502;755;724;790;120;637;365;72,1.0,0.0121585242402375,0.0025185404669866,-0.0345802882485543,-0.0053260347725396,-0.0231841229586441,0.0012495177390344,4.35265803721412,3,0.31781045751634,4.5676131563248,3,0.584150326797386,4.52405904159411,3,0.478758169934641,0.0637735642474614,1.19535931000432,0.145577984420676,0.836904297877018,-0.214955119110682,0.197518707320006,0.704391765348428,0.404411183800961,0.393176842705459,-0.171401004379983,0.69741982039975,0.156505714304575,0.822701600653061,0.0847576577270918,-0.043554114730699
ID873,FT0873,47.9461940550958,691.453786199567,"PA(P-16:0e/18:2(9Z,12Z))",,691.45048498772,691.458573655292,47.5762023415852,49.9173935381323,7,881;2287;3801;8224;9450;10691;13133,,0.0,-0.0352815195621131,0.032647871281606,-0.0093275841323638,0.0373918401227975,0.0968783005994177,-0.0292250698042887,4.71527445782832,3,0.566993464052288,4.22595534096844,0,0.368872549019608,4.77756536120517,2,0.628267973856209,0.0048376426844273,2.31536621243389,0.0216345135664165,1.66485286509646,0.489319116859882,0.840327133520925,0.0755516131934551,0.906352836868997,0.0427027015785237,-0.0622909033768506,0.116838553228961,0.932413829382236,0.273912994266569,0.562387364590118,0.551610020236732
ID875,FT0875,411.360250785692,692.082321970266,,,692.077133756749,692.085466102245,410.106888696754,412.717135131198,7,883;2288;3802;8225;9452;11876;13134,,0.0,-0.0341179696149359,0.0031453594019002,0.0061851141053926,-0.013133193128963,-0.0333879232282934,0.0117753297818114,4.31002089344243,3,0.282679738562091,3.81746705206686,0,0.117647058823529,4.04375024736873,2,0.14297385620915,8.35283353658591e-06,5.07816617355195,0.0002791238540142,3.55420304697939,0.492553841375571,0.0840568912575496,1.07542667588968,0.274530465525395,0.561409453489311,0.266270646073703,0.120829427097521,0.917827283680899,0.274334516386783,0.561719546630805,0.226283195301868
ID879,FT0879,42.2285201974285,696.315498167472,,,696.310191638766,696.497180853123,41.2060098941961,51.9518698063856,11,886;2294;3808;5015;6089;7084;8230;9457;10697;11881;13139,251.2011;253.2177;277.2187;279.2352;281.2469;281.2553;436.2845;696.4986|334;636;1045;227;36;36;144;1456,1.0,-0.0011335620004501,0.0197159097928235,-0.0430624104427028,-0.021952123573443,-0.0151668896895314,0.0126688300188004,4.78563784675224,3,0.605392156862745,4.80768865460274,3,0.695261437908497,5.00359633460264,3,0.730392156862745,0.801264367866855,0.0962241698545973,0.84480371125664,0.0732441869329672,-0.0220508078504906,0.212252712746742,0.673146750443671,0.423803763633163,0.372835190811027,-0.2179584878504,0.246417623840533,0.608328234563695,0.441734818774043,0.354838367086517,0.195907679999909
ID885,FT0885,246.925866642918,699.514507191821,DG(11D3/11D3/0:0);DG(11D3/9D5/0:0);DG(11D5/9D3/0:0),,699.51312525027,699.51785287899,244.230391269484,250.368094090332,11,893;2301;3813;5022;6096;7090;8236;9464;10703;11887;13146,,0.0,-0.0243027976674847,-0.0065065339629282,-0.0209124698402728,-0.0032282504117734,0.0219176195580405,-0.0165054593994007,5.52832205985413,3,0.877450980392157,5.24326437065484,3,0.843137254901961,5.36876408662625,3,0.851307189542484,0.0994483809076515,1.00240228311367,0.201069583583033,0.696653621502374,0.285057689199289,0.286555757524147,0.542790861204324,0.493104494429017,0.307061039049016,0.159557973227878,0.254878499656626,0.593666798011737,0.452526487506776,0.344355995372888,0.125499715971411
ID886,FT0886,51.9662969326681,699.514633976932,DG(11D3/11D3/0:0);DG(11D3/9D5/0:0);DG(11D5/9D3/0:0),,699.512385198749,699.516684105514,51.6298414740159,52.6185562236064,10,894;3814;5023;6097;7091;8237;9465;10704;11888;13147,,0.0,0.017006103269438,0.0355511935146016,-0.0045495557323443,0.0400476289981724,-0.0624731844615755,-0.0434818390516806,4.84817879535055,2,0.643790849673203,5.07390002462658,3,0.797385620915033,5.21566368104942,3,0.806372549019608,0.514645758637953,0.2884916020346,0.61603865436961,0.210392036451263,-0.225721229276028,0.307519353457549,0.512127547090743,0.509579395029793,0.292788141123605,-0.367484885698867,0.122329570388993,0.91246854946837,0.276065194786888,0.558988344048244,0.141763656422839
ID887,FT0887,248.85377412803,700.526966965046,PE(16:0/P-18:1(11Z));PE(16:0/P-18:1(9Z));PE(16:1(9Z)/P-18:0),,700.524923947485,700.528541758123,246.883331355869,251.767401698971,11,895;2302;3815;5024;6098;7092;8238;9466;10705;11889;13148,78.95811;140.0112;196.0374;239.239;253.2165;254.2199;255.2318;267.2327;279.2314;280.2387;280.3856;281.2484;282.2534;283.256;309.2777;375.2296;418.2702;436.2807;444.2873;446.3022;462.2996;463.3024;464.3117;698.3642;700.5279|1265;3452;3205;1930;48272;11896;16530;850;2309;1358;1114;291072;1191;441;360;575;9845;21665;557;1542;1471;860;4065;792;273297,1.0,-0.0121995972570324,-0.0140657415421049,-0.0229521529871817,0.0053033546645794,0.0176801709545122,-0.0093432675356209,5.91600872122856,3,0.940359477124183,5.80618120073091,3,0.951797385620915,5.78570386505697,3,0.943627450980392,0.393099036823366,0.405498020292884,0.504693854107268,0.296971983840817,0.10982752049765,0.366274022826353,0.436193881617266,0.537705199155324,0.269455764241587,0.130304856171586,0.836060886716617,0.0777620936110216,0.907243468701299,0.0422761496274835,-0.0204773356739354
ID888,FT0888,52.1502271705646,700.526122573638,PE(16:0/P-18:1(11Z));PE(16:0/P-18:1(9Z));PE(16:1(9Z)/P-18:0),,700.524464139731,700.526901999783,51.8224918782105,53.4711146541306,9,896;5025;6099;7093;8239;9467;10706;11890;13149,78.95921;140.0117;196.0373;239.2385;253.2165;254.2212;255.2318;267.2326;279.2321;280.2362;280.3894;281.2491;282.2526;283.2564;375.233;418.273;436.2827;444.2847;445.2909;446.3022;462.2988;463.3057;464.3101;698.3637;700.5274|595;1676;2071;1011;44029;9850;11887;2305;2180;1266;796;175651;1376;360;300;6079;13219;420;264;1342;1050;652;3826;536;181807,1.0,0.0641705594821744,0.0584051204989501,-0.0031177065814517,0.102448836090647,-0.0776189113079751,-0.0072451511825495,4.64220908687489,1,0.514705882352941,5.5135052749905,3,0.915849673202614,5.47228450252884,3,0.879084967320261,0.105289167172641,0.977616309528271,0.210403435396491,0.676947173446251,-0.871296188115613,0.118220299273562,0.927307945573392,0.31408813851289,0.502948464351792,-0.830075415653949,0.486686788827048,0.312750442573804,0.66273451874115,0.178660408451632,-0.0412207724616636
ID889,FT0889,393.750674694698,701.022034402622,,,701.020687869706,701.022761947445,392.463417256398,394.520726948325,8,897;2303;3816;8240;9468;10707;11891;13150,59.01418;127.0002;141.0162;209.0035;223.02;291.0069;305.0217;373.0101;387.0249;455.0135;469.028;537.0159;551.0328;619.0219;633.0352;701.0249|3176;23131;62909;13663;18685;26241;23171;25179;16737;10754;4618;10295;2781;2876;312;1260,1.0,-0.0925639610730462,0.100748187024384,0.012649698422318,0.0215524002909429,-0.02001229902483,-0.0776931282648746,5.58869423158077,3,0.886437908496732,4.22595534096844,0,0.368872549019608,5.64465515628935,3,0.918300653594771,2.05654900557363e-08,7.68686093721406,8.24676151235027e-06,5.08371656459388,1.36273889061233,0.061220402504384,1.21310381938327,0.232560522721056,0.633464005082593,-0.0559609247085779,1.92919911036134e-07,6.71462294702242,2.89648589678499e-05,4.53812858177337,1.4186998153209
ID890,FT0890,248.242207944349,701.530713531566,Plastoquinone 8,,701.529654285906,701.533230859737,246.883331355869,251.767401698971,11,898;2304;3817;5026;6100;7094;8241;9469;10708;11892;13151,,0.0,-0.0111047487453893,-0.0132991108250025,-0.0210796063050589,0.0067714142647723,0.015063220496618,-0.0091127960339671,5.48897806621708,3,0.866013071895425,5.39116730370004,3,0.882352941176471,5.3671680141156,3,0.850490196078431,0.402615931879311,0.395109043678931,0.514715160521585,0.288433039766343,0.0978107625170432,0.351359689850089,0.454248064923416,0.537705199155324,0.269455764241587,0.121810052101485,0.787773616971455,0.10359856807572,0.878902304976757,0.0560593965616053,-0.0239992895844416
ID891,FT0891,393.733798003968,702.026562740757,,,702.022674367008,702.035973925464,388.441960523034,397.262195674582,9,899;2305;3818;7096;8242;9470;10709;11894;13152,,0.0,-0.0291618165100412,0.0335949012017481,0.0421446101054685,-0.0208155133936339,0.0196856838961412,-0.0422668031863449,4.99194169756468,3,0.705065359477124,4.47781153974432,1,0.534313725490196,4.96165511013001,3,0.718954248366013,0.111538938641731,0.95257349239092,0.218646672641802,0.660257127348624,0.514130157820365,0.362518301999905,0.440670062866997,0.537705199155324,0.269455764241587,0.0302865874346683,0.128195469805471,0.892127321722415,0.282278328495441,0.549322462894966,0.483843570385697
ID893,FT0893,401.424738307276,703.027020868203,,,703.023806307588,703.031034131423,398.628850058476,403.95353941088,7,901;2308;3820;8244;9472;10711;11896,,0.0,-0.0244852518155663,0.0080877501293402,0.0261288447884008,-0.0029303782882546,-0.0168339448942245,-0.0284950936305893,4.52915456171439,3,0.448529411764706,4.15991582879914,0,0.316176470588235,4.36144671027907,2,0.373366013071895,2.0219855965322e-05,4.69422194239925,0.0004634961655259,3.333953854395,0.369238732915252,0.175514211595267,0.755687712431667,0.376591771948638,0.4241291729979,0.167707851435323,0.116123503114227,0.935079871219367,0.273912994266569,0.562387364590118,0.201530881479929
ID894,FT0894,410.019368444322,704.082399985585,,,704.080585915106,704.084540232288,409.572627098837,411.286014459847,11,903;2311;3822;5028;6103;7098;8245;9473;10712;11897;13155,59.01423;88.04016;130.0618;141.0161;170.0429;194.0546;212.0648;223.0202;294.0674;305.0214;376.0718;387.0256;458.0743;469.0272;540.0753;622.0798;704.0865|2315;647;4404;43050;1371;240;33855;10293;6408;16399;12328;6435;7914;3473;6395;1866;954,1.0,0.0019284210200309,0.0082623957860045,-0.031372573682111,-0.0059270510788079,-0.0202388766728472,0.0004241887255536,4.89981966625097,3,0.669934640522876,4.96662358363836,3,0.76062091503268,5.03348388740668,3,0.741013071895425,0.481256299037702,0.31762357307947,0.590164452336754,0.229026953119574,-0.0668039173873964,0.21512176439305,0.667315648758802,0.427412979254612,0.369152293746424,-0.133664221155715,0.547660704684802,0.261488419105511,0.713303618713353,0.146725572722266,0.0668603037683182
ID896,FT0896,391.034026462174,709.020046770984,,,709.018461936702,709.022228510168,389.783254387061,391.791813109141,9,907;2315;3826;5030;6105;8247;10714;11900;13158,,0.0,-0.0013553521895682,0.0169903686083985,-0.0161267355435585,0.038082224211698,-0.0074121466364713,0.0589266459929972,4.37669032539955,3,0.334150326797386,4.372639402903,2,0.466503267973856,4.47412737325989,3,0.444444444444444,0.984670926981054,0.0067088847047742,0.987955900882575,0.0052624404637782,0.0040509224965461,0.161202362832192,0.792628596789848,0.361956234760758,0.441343938171125,-0.0974370478603408,0.628719247058119,0.201543244336966,0.77151983314072,0.11265290522901,0.101487970356887
ID900,FT0900,374.359109522462,713.866845086979,,,713.865472136919,713.871728258555,373.298227567543,375.24858177186,9,911;2319;3831;5034;8251;9478;10719;11905;13162,124.007;126.0027;156.9917;221.9831;223.9825;319.9623;321.9627;417.9354;419.9364;517.9147|6350;336;1389;6640;2073;655;324;1076;1408;465,1.0,-0.0282838528473413,0.0510554883036384,0.0090239858883177,0.0106432350727757,-0.0015128633910802,-0.0057903526922997,4.09946429887118,3,0.148692810457516,3.64857385967582,1,0.0302287581699346,4.25307780441812,3,0.299019607843137,0.0204423308584202,1.68946958695038,0.064209201103602,1.19240273357916,0.450890439195362,0.10239325756154,0.989728640042067,0.303909226374301,0.517256114982174,-0.153613505546939,0.0043166804845836,2.36485009610112,0.0329252687941774,1.48247067087335,0.6045039447423
ID901,FT0901,253.219044167286,714.507256589786,"PE(16:0/18:2(9Z,12Z));PE(14:0/20:2(11Z,14Z));PE(14:1(9Z)/20:",+,714.50514400629,714.508716320083,252.210448479871,254.63916516067,11,912;2320;3832;5036;6110;7104;8252;9479;10721;11907;13164,78.95915;140.0113;196.0374;251.2018;252.4418;253.2169;254.2216;255.2317;267.2325;279.2321;280.2347;281.2477;295.2645;432.2522;450.2617;452.2798;460.2807;478.2913;712.3017;714.508|1165;8079;7326;1314;1013;342870;1451;10843;532;28392;815;211313;892;2252;6036;1320;3171;12955;937;378124,1.0,-0.052011368421234,0.0120677913423215,-0.0069588472382942,-0.0088519830052754,0.0263526340953626,-0.0153455078259257,6.10088940375532,3,0.968137254901961,5.39376497573164,3,0.883169934640523,5.8426833826199,3,0.948529411764706,0.0062748343070284,2.20239773765462,0.0261198120116098,1.58302995307132,0.707124428023678,0.106680133843103,0.971916448106979,0.311279231117073,0.506849854942765,0.258206021135418,0.0086602933426469,2.0624673972511,0.0534738747665025,1.27185834537898,0.44891840688826
ID904,FT0904,52.972910785913,715.50412149134,DG(18:2n6/0:0/22:5n6);DG(18:2n6/0:0/22:5n3),,715.496975569855,715.508808603872,51.9051117136259,54.8509625652851,11,916;2324;3836;5038;6112;7107;8255;9483;10723;11909;13166,,0.0,-0.0349457233259172,0.0244761808028577,-0.0047008972740826,-0.0070677404490023,0.0168668774455571,-0.011811589937372,5.6689954324255,3,0.904411764705882,5.17675479802427,3,0.830065359477124,5.6155977339521,3,0.911764705882353,0.0105308633122477,1.97753602422034,0.0389519082084838,1.40947126189089,0.49224063440123,0.643690004590154,0.191323234672559,0.762330907396967,0.117856472149364,0.0533976984734021,0.0011651971370689,2.93360059112013,0.0137312886092226,1.86228870459759,0.438842935927828
ID906,FT0906,396.81240566878,716.042435254415,,,716.041285710397,716.044908255953,396.324845771143,397.802029049989,11,917;2325;3837;5039;6114;7108;8257;9484;10725;11911;13168,,0.0,0.0008057744374605,-0.0005182973071697,-0.0105129147138283,0.0033465430270369,-0.0100338411714808,0.0003006510892242,6.28664886787417,3,0.976307189542484,6.31576915181493,3,0.977124183006536,6.30513088757654,3,0.976307189542484,0.341892443354823,0.466110498049763,0.477696410401686,0.320848022163573,-0.0291202839407614,0.635057345495393,0.197187056270658,0.756678718649258,0.121088480256251,-0.0184820197023656,0.803087569093101,0.0952370964393814,0.891725207546764,0.0497689564222534,-0.0106382642383958
ID907,FT0907,253.544989648779,716.521396014559,PC(15:0/16:1(9Z));PC(16:1(9Z)/15:0);PE(14:0/20:1(11Z)),,716.519599791142,716.523003644123,252.552261480269,255.095881223948,11,918;2326;3838;5041;6115;7110;8258;9485;10726;11912;13169,78.95858;140.0112;196.0374;227.2011;253.2164;254.2199;255.2321;256.2352;279.2334;280.2369;281.2479;282.2508;283.263;434.2687;452.2767;460.2826;462.2979;478.2924;480.3071;714.3133;716.5236|645;4464;3188;654;107753;13883;64256;469;528;1034;148655;8721;27180;1056;6390;819;788;1420;4472;523;242351,1.0,-0.0373664887664707,0.0103171428285045,-0.0138490134104166,4.09493999847901e-05,0.0262884812886323,-0.0108067599860289,5.85850353885343,3,0.936274509803922,5.3629029400249,3,0.878267973856209,5.70563443534936,3,0.935457516339869,0.0119663926445014,1.92203675107256,0.0428439593789739,1.36811040112256,0.495600598828534,0.286988998139719,0.542134751833234,0.49314752454165,0.307023142567945,0.15286910350407,0.0225632134735569,1.64659904766529,0.101274115860157,0.994501539590743,0.342731495324464
ID908,FT0908,53.2759277639057,716.519316100423,PC(15:0/16:1(9Z));PC(16:1(9Z)/15:0);PE(14:0/20:1(11Z)),,716.516411692743,716.52222731437,51.9051117136259,54.8509625652851,10,919;3839;5040;6116;7109;8259;9486;10727;11913;13170,140.0104;196.0374;227.2012;253.2169;254.2204;255.2315;279.2316;280.2371;281.2483;282.2505;283.2628;434.2681;452.2766;460.2826;462.2974;478.2928;480.3079;714.3131;716.5227|4632;4168;1115;131630;22349;76815;1703;1988;167063;14320;30357;1715;7986;998;972;1804;5961;924;290565,1.0,0.0149633653873975,0.0609730907753119,0.0055030596039459,0.0699398604099033,-0.078143334665344,-0.0511859578679827,5.17654513996883,2,0.768790849673203,5.33702346589492,3,0.870098039215686,5.68041298836265,3,0.928921568627451,0.754540449759733,0.122317473401227,0.809734309599428,0.0916574586563558,-0.16047832592609,0.3539576936544,0.451048643370905,0.537705199155324,0.269455764241587,-0.503867848393819,0.0073382905907605,2.13440509450634,0.0470537643924041,1.32740562644605,0.343389522467729
ID909,FT0909,396.81240566878,717.041719933686,,,717.040442205653,717.0435629599,396.324845771143,397.802029049989,11,921;2328;3841;5042;6117;7111;8260;9487;10728;11915;13172,,0.0,0.0005484131781785,-0.0011684243950995,-0.0108889860039846,0.005319249521383,-0.0071472191184667,0.0027384918466149,5.65928201838087,3,0.901960784313726,5.68613246144019,3,0.937908496732026,5.6713744330787,3,0.926470588235294,0.369367336734631,0.432541511990269,0.484179615133447,0.314993499118616,-0.0268504430593151,0.741340898583164,0.129982039890365,0.832562647349486,0.0795830774918736,-0.012092414697829,0.739420421253215,0.131108559287507,0.848479480435105,0.0713586561648815,-0.0147580283614861
ID913,FT0913,47.9461940550958,718.475603455897,"PE(18:3(6Z,9Z,12Z)/P-16:0);PE(18:3(9Z,12Z,15Z)/P-16:0);PE(P-",,718.473265196791,718.477314964287,46.7232321507202,49.9173935381323,11,924;2331;3845;5045;6121;7113;8263;9490;10731;11917;13175,,0.0,0.0027782751921024,0.0374661729878481,-0.0023351576125782,-0.0041763623820759,0.0739198192246649,-0.0019702667636419,5.44156341465765,3,0.856209150326797,5.43099514755959,3,0.894607843137255,5.78583146973005,3,0.944444444444444,0.925017371809637,0.0338501111418077,0.941451690598133,0.0262019603471995,0.0105682670980629,0.0803698255963169,1.09490697409641,0.272715587978513,0.564290037784171,-0.344268055072393,0.0897887893160963,1.04677788429139,0.254328925077389,0.594604244279158,0.354836322170456
ID914,FT0914,83.9640053077786,718.47353948748,"PE(18:3(6Z,9Z,12Z)/P-16:0);PE(18:3(9Z,12Z,15Z)/P-16:0);PE(P-",,718.472536805441,718.475723553709,82.9112651311699,85.152393180956,7,925;2332;3844;5046;6122;8264;9491,,0.0,-0.0690444130219082,-0.122122230526113,-0.004664208398965,0.0518337130812195,-0.0707080864535939,-0.0184525413653161,5.63508021052824,3,0.89297385620915,4.87025764092831,2,0.724673202614379,4.22595534096844,0,0.276960784313726,0.0922680962887265,1.03494843982914,0.190072784761015,0.721080062378358,0.764822569599928,0.0003668465249506,3.43551559053741,0.0110787650535101,1.95550864758026,1.4091248695598,0.117044420615227,0.931649283836402,0.273912994266569,0.562387364590118,-0.644302299959868
ID915,FT0915,47.9461940550958,719.48387458386,PG(16:0/16:1(9Z));PG(16:1(9Z)/16:0);Lupeoside,,719.480423772577,719.485875999165,46.7232321507202,49.9173935381323,11,926;2335;3849;5048;6123;7114;8266;9493;10732;11918;13178,152.9949;171.0051;209.021;225.1847;226.1889;227.0319;227.2009;253.2168;254.2192;255.2313;256.2353;281.2499;282.2524;283.2581;363.1908;389.2106;391.225;417.2382;437.2253;463.2445;465.2597;481.2583;483.2737;491.2739;717.2683;719.4853;720.4867|5974;594;355;1331;548;335;15124;103428;14069;55205;132;13439;800;423;152;1016;2226;376;225;1065;1558;575;1419;233;544;247255;317,1.0,-0.0057231824347611,0.0387204878779506,-0.007387800106018,-0.0110973961663855,0.0830184517388066,-0.0116439205705272,5.48977104080123,3,0.867647058823529,5.36757196834078,3,0.879084967320261,5.80358482838344,3,0.945261437908497,0.439587217986027,0.356954944180398,0.548019086915467,0.261204315242441,0.12219907246045,0.153381833871034,0.814226074003412,0.353485929891003,0.451627868125378,-0.313813787582211,0.0643190705051805,1.1916602403384,0.202865825079853,0.692791108360021,0.436012860042661
ID916,FT0916,85.5204218418539,719.484639858095,PG(16:0/16:1(9Z));PG(16:1(9Z)/16:0);Lupeoside,,719.481573838361,719.48593828741,82.9112651311699,87.1725376615753,6,927;2334;3848;5047;6124;9494,152.9941;225.1841;225.1896;226.19;227.0323;227.2015;253.2169;254.2201;255.2323;256.2376;281.2482;282.2556;283.256;389.2006;389.2084;389.2167;391.2235;409.2298;463.2423;464.2545;465.2588;481.2485;483.2712;717.2595;719.4831|1524;133;78;215;84;4600;19860;3419;13392;48;4154;173;108;117;48;192;364;48;285;48;607;144;203;156;45662,1.0,-0.0799176968969801,-0.138644253900146,-0.0086275727766709,-0.0387260459501743,-0.0246274586303714,-0.0193186981833804,5.76260345166853,3,0.922385620915033,4.83491724118289,2,0.709967320261438,4.22595534096844,0,0.276960784313726,0.0664543425200993,1.17747663442183,0.149708940171684,0.824752264110543,0.927686210485638,0.0017309060988418,2.76172649183632,0.0245992302047171,1.6090784832655,1.53664811070009,0.118974239340739,0.924547063172832,0.274315503268827,0.561749647029673,-0.60896190021445
ID918,FT0918,87.1725376615753,720.48894992453,AS 1-1;PE(16:1(9Z)/P-18:1(11Z));PE(16:1(9Z)/P-18:1(9Z)),,720.48894992453,720.48894992453,87.1725376615753,87.1725376615753,1,3851,,0.0,-0.0314164952888961,-0.0315765678930697,0.0034998183051448,-0.0483043054183515,0.0022576613565605,-0.0375298743496068,4.65565339509735,1,0.524509803921569,4.22595534096844,0,0.368872549019608,4.22595534096844,0,0.276960784313726,0.373900966300059,0.42724341246482,0.484179615133447,0.314993499118616,0.429698054128913,0.373900966300059,0.42724341246482,0.537705199155324,0.269455764241587,0.429698054128913,,,,,
ID919,FT0919,49.3518863154888,721.494120668288,PG(16:0/16:0);PG(a-13:0/i-19:0);PG(i-12:0/i-20:0),,721.491740829408,721.497030770681,48.0606551597577,51.2610938826761,9,930;5051;6127;7117;8269;9496;10735;11920;13180,,0.0,0.0242770554166434,0.0505070991600005,-0.0119927408881767,0.0449788311260808,0.0047437807776626,-0.0193846215907613,4.35932476802724,1,0.32516339869281,4.67626514653709,3,0.637254901960784,4.93210813279771,3,0.706699346405229,0.0820834294168564,1.08574450718226,0.173849235190983,0.759827215553438,-0.316940378509847,0.0206225933912183,1.68565672097908,0.124560464082959,0.904619782357947,-0.572783364770462,0.0383226862061477,1.4165440569103,0.140016376061679,0.853821167055326,0.255842986260615
ID923,FT0923,241.655085303428,723.514582313958,,,723.513535085123,723.516787180995,238.951260355997,244.968790011366,11,934;2341;3856;5055;6131;7121;8272;9500;10739;11924;13184,,0.0,-0.0105539127102344,-0.0162512317995093,-0.027477185720743,-0.0035219267344797,0.0162463669976645,-0.0184231016478919,5.2061603869992,3,0.780228758169935,5.12881900504403,3,0.813725490196078,5.0910958401449,3,0.766339869281046,0.578338590759538,0.237817827591367,0.665359796721199,0.176943444209043,0.0773413819551703,0.419627363691416,0.377136199428178,0.581318641444072,0.235585750075633,0.115064546854309,0.700932040296782,0.15432408753243,0.822701600653061,0.0847576577270918,-0.0377231648991385
ID924,FT0924,50.6891470149436,723.515094699145,,,723.509675236844,723.516367047996,50.3035077853358,51.2610938826761,8,935;5056;7122;8273;9501;10740;11925;13185,,0.0,0.0220667177015824,0.0430400076372667,0.0224205578363671,0.0461855645672531,-0.0369237277087765,-0.042794768488698,4.39351926215783,1,0.349673202614379,4.62217152019475,2,0.613562091503268,4.82611340503953,3,0.654411764705882,0.429423551787074,0.367114140312739,0.539244815031159,0.268214022051439,-0.228652258036922,0.0652198707838527,1.18562006597035,0.239469920689648,0.620749029635207,-0.432594142881708,0.371123592576521,0.430481436381173,0.561573265987348,0.250593575220363,0.203941884844786
ID925,FT0925,241.806820299579,724.526526077399,PC(15:0/P-16:0);PE(16:0/P-18:0);PE(18:0/P-16:0),,724.524599679173,724.528995883131,238.951260355997,246.299243150782,11,936;2342;3857;5057;6132;7123;8274;9502;10741;11926;13186,140.0117;196.0377;239.2347;261.258;277.2155;278.2197;279.2325;281.2476;303.2328;304.2357;305.2473;307.263;418.2718;436.2812;437.2843;438.2907;444.2883;460.2809;462.2979;464.3141;722.2913;724.5287|1113;2261;711;1882;7536;1119;34912;9539;4559;4952;111544;1823;4843;14124;605;454;1203;492;3387;671;364;150629,1.0,-0.0144601207916812,-0.0152772555492233,-0.0245393879169462,-0.0032299589064614,0.0178784741304322,-0.0216041301725533,5.67758923855926,3,0.905228758169935,5.54110040215031,3,0.919117647058823,5.53694626806286,3,0.894607843137255,0.356419475773647,0.448038572901351,0.484179615133447,0.314993499118616,0.136488836408947,0.355899864870178,0.448672176891201,0.537705199155324,0.269455764241587,0.140642970496392,0.964726916627506,0.0155956041545781,0.982405158555235,0.0077093657405791,-0.0041541340874449
ID926,FT0926,51.0973042771164,724.526088522249,PC(15:0/P-16:0);PE(16:0/P-18:0);PE(18:0/P-16:0),,724.524313444495,724.529496279987,50.6577245882418,52.3413958007816,7,937;2343;5058;7124;8275;9503;11927,140.0112;196.0354;261.259;277.217;279.2327;281.2475;303.2312;304.2387;305.2493;418.2732;436.2833;444.2856;462.2966;724.5266|230;189;213;815;6869;1833;972;617;12641;443;1582;216;809;18348,1.0,0.004479195460597,-0.0215516544490746,0.0766436786905539,-0.0051918363841199,-0.123928584718168,-0.0163053531099348,4.88584671504413,2,0.662581699346405,4.84428759681286,2,0.714052287581699,4.55940478482988,1,0.500816993464052,0.931559840094942,0.0307892423369102,0.945710116147018,0.0242419653431881,0.0415591182312713,0.526624446806527,0.278498984070173,0.666716293819273,0.176058931061131,0.326441930214257,0.565143482066672,0.247841276855116,0.723846714672289,0.140353392394264,-0.284882811982985
ID927,FT0927,241.806820299579,725.530342297841,"Flavuxanthin;Sarcinaxanthin;1-O-beta-D-Glucopyranosyl-2,3-di",,725.52889486043,725.532056214475,238.951260355997,246.299243150782,11,938;2344;3858;5059;6133;7125;8276;9504;10742;11928;13187,,0.0,-0.0128174264375733,-0.0138485787123238,-0.0245604985609679,-0.0002269480424441,0.0208120083675586,-0.0206649502352036,5.29171695230994,3,0.805555555555556,5.17663118578797,3,0.829248366013072,5.17426529247173,3,0.78921568627451,0.405435147366779,0.392078604814714,0.51667212106169,0.286784971772938,0.115085766521979,0.430406073711505,0.36612160871532,0.592176010300112,0.22754919033631,0.117451659838216,0.980626388299539,0.0084964242260028,0.989573870656027,0.0045517806179412,-0.0023658933162371
ID931,FT0931,85.3073389180388,726.550376273131,Cerebroside B;PE(18:1(11Z)/P-18:1(11Z));PE(18:1(11Z)/P-18:1(,,726.550376273131,726.550376273131,85.3073389180388,85.3073389180388,1,7129,,0.0,0.0093258978808629,-0.0056976696289505,0.014767552112745,-0.0110197261825811,0.0099790707561665,-0.0016834851225715,3.64794356907181,0,0.0155228758169935,3.7482869009598,1,0.076797385620915,3.64794356907181,0,0.0089869281045751,0.373900966300059,0.427243412464819,0.484179615133447,0.314993499118616,-0.100343331887994,,,,,,0.373900966300059,0.427243412464819,0.561573265987348,0.250593575220363,-0.100343331887994
ID932,FT0932,245.608049317816,727.545877194678,DG(11D3/11D5/0:0);DG(11D5/11D3/0:0);DG(11D5/9D5/0:0),,727.544346957729,727.547953022305,242.909743332741,248.991803935192,11,943;2348;3861;5063;6137;7130;8281;9508;10746;11933;13191,,0.0,-0.0098396040027751,-0.0123966542880082,-0.0238193331238525,0.0020416416650599,0.0189341701166122,-0.0159829554778378,5.5665626758459,3,0.883169934640523,5.48919967187246,3,0.907679738562091,5.4744854267204,3,0.879901960784314,0.543067333324934,0.265146320174419,0.633666345286028,0.198139358118091,0.0773630039734368,0.506870880323533,0.295102658230273,0.654866335220137,0.183847334817678,0.0920772491254915,0.869983113850949,0.0604891768440529,0.930586887134792,0.0312430713870246,-0.0147142451520548
ID933,FT0933,247.787287695902,728.555897421076,PC(15:0/P-18:1(11Z));PC(15:0/P-18:1(9Z));PE(18:0/P-18:1(11Z),,728.5542444293,728.556893970554,244.707778002795,250.368094090332,11,944;2349;3862;5064;6138;7132;8282;9509;10747;11935;13192,140.0117;253.2141;255.2371;267.2305;279.2307;279.2365;280.2375;281.249;282.2488;283.2545;283.2627;307.2616;309.2805;436.2838;446.301;463.3073;464.3136;728.5583|36;348;36;482;36;48;36;6276;800;148;82;344;1028;113;191;108;602;5755,1.0,-0.0010394689906978,-0.0088610848438379,-0.0208775171619023,0.0078389016973079,0.0178907558390289,-0.0141302948282316,5.31168097751866,3,0.809640522875817,5.34880207921971,3,0.874183006535948,5.2985885459368,3,0.830065359477124,0.711381496762431,0.14789743512786,0.77658070835318,0.109813402303782,-0.037121101701044,0.90423895188631,0.0437167888025859,0.944097367224427,0.0249832134692225,0.0130924315818666,0.564007962121895,0.248714765021631,0.723846714672289,0.140353392394264,-0.0502135332829106
ID935,FT0935,248.85377412803,729.559387705378,"3-Hexadecanoyloleanolic acid;1-O-beta-D-Glucopyranosyl-2,3-d",,729.557780106497,729.562334824889,245.556658002286,250.368094090332,11,946;2351;3864;5065;6140;7133;8284;9511;10750;11938;13194,,0.0,0.0019102333769947,-0.0076953717124408,-0.0194731780258995,0.0112664763025048,0.0164411345427602,-0.0113306880196974,4.85512320242782,3,0.648692810457516,4.92895171372817,3,0.745098039215686,4.86640079962341,3,0.678921568627451,0.406632061347457,0.390798381926856,0.517649068572477,0.285964563096274,-0.0738285113003503,0.910323875209524,0.0408040668087665,0.946271862359423,0.0239840735765453,-0.0112775971955914,0.425465360015476,0.371135792962542,0.611475461992686,0.213620966158347,-0.0625509141047589
ID936,FT0936,410.967252066309,730.049762589277,,,730.047568109928,730.052749592316,410.106888696754,411.360250785692,11,947;2353;3865;5066;6141;7134;8285;9512;10751;11939;13195,,0.0,-0.0186249970798456,0.0111549949712796,-0.0018381625929712,0.004283154812034,-0.0119042497420477,-0.0061974806083409,4.44264351677566,3,0.384803921568627,4.18400347273238,3,0.326797385620915,4.38519244217719,3,0.388071895424837,0.0003205828827479,3.49405967014957,0.0030608032376651,2.51416458792728,0.258640044043278,0.110743573090818,0.955681468284878,0.31408813851289,0.502948464351792,0.0574510745984744,0.0048329398353644,2.31578861130264,0.0350313092414304,1.45554363128912,0.201188969444804
ID938,FT0938,298.835839560484,730.469523354891,"PS(14:0/18:2(9Z,12Z));PS(14:1(9Z)/18:1(9Z));PS(16:1(9Z)/16:1",,730.46868753967,730.469987996172,296.89760995065,300.393664565725,4,949;2355;3867;8286,253.2189;389.203;643.4419;730.4698|98;36;81;123,1.0,-0.0376355697312161,-0.0278329768154549,0.0168458890031141,-0.0115470799735096,0.0113565285077237,0.0193790633006439,4.4837436571095,3,0.415849673202614,3.96018843780309,0,0.190359477124183,3.96018843780309,0,0.0972222222222222,0.0099496988689276,2.00219006312785,0.0371723221718012,1.42978030748383,0.523555219306408,0.0099496988689276,2.00219006312785,0.0775434595720299,1.11045482701303,0.523555219306408,,,,,
ID939,FT0939,250.531667718028,730.568451061267,PC(15:0/P-18:0);PE(18:0/P-18:0);PE(20:0/P-16:0),,730.566185073429,730.570825218916,246.020393514878,252.322911284009,5,2356;3868;6142;11940;13196,,0.0,-0.0111024640883087,0.0001063043670219,-0.0641090715927391,-0.0370402975791385,0.016355787779072,0.0430901865664628,4.41277638950255,2,0.359477124183007,4.34588582951799,1,0.449346405228758,4.44994161628969,2,0.429738562091503,0.765557068493369,0.116022429253172,0.817182922269319,0.0876807179594339,0.066890559984552,0.857762584454886,0.0666329015793114,0.915797471845752,0.0382005597217903,-0.0371652267871472,0.671088098821674,0.173220462959755,0.808723859801368,0.0921997436988139,0.104055786771699
ID941,FT0941,298.714240678212,731.485884692638,,,731.483934650101,731.487735345514,294.992877940503,300.698106877371,11,951;2358;3871;5068;6144;7136;8288;9514;10754;11942;13198,78.9592;136.9641;152.9954;253.2163;255.2321;281.2474;283.2652;389.2083;391.2229;409.2337;417.2374;419.2546;437.2646;644.4367;673.4822;731.4894|529;2210;2989;2747;2824;853;6379;1431;1515;397;424;4964;980;259;4221;30126,1.0,-0.0208697279389213,-0.0160891794490525,-0.0124156387944208,0.0089808055448288,0.0068325400981999,-0.0121156434588924,4.91892258906198,3,0.678104575163399,4.67082497196335,3,0.633986928104575,4.68726003331743,3,0.580065359477124,0.0560045984677186,1.25177631215159,0.133943403492377,0.87307866986767,0.24809761709863,0.116144228444299,0.935002366725315,0.31408813851289,0.502948464351792,0.231662555744556,0.839768775183284,0.0758402776115199,0.909944438847625,0.0409851248641313,0.0164350613540742
ID942,FT0942,389.378508624356,732.015385181282,,,732.013140522759,732.020705409834,387.82695060847,390.131376501499,8,952;2359;3872;6145;8289;10755;11943;13199,,0.0,-0.0257507259733611,0.0298023268389494,-0.0059297073006513,0.0075446866765915,0.0158250886778534,0.0517214259377745,4.18009115028107,3,0.205065359477124,3.80685022098499,1,0.107843137254902,4.17655005528042,3,0.226307189542484,0.0292745477299242,1.53350980573179,0.0848720398940522,1.0712353594578,0.373240929296081,0.95022946557714,0.0221715067108044,0.9695029609594,0.0134508602042908,0.0035410950006502,0.0221509450589044,1.6546077400905,0.100194391022254,0.999156590008358,0.36969983429543
ID945,FT0945,411.319125323545,734.112690248925,,,734.108647217368,734.118393858307,410.116883146812,412.031252283315,8,956;2363;3877;8292;9518;10758;11947;13202,,0.0,-0.0286175276621045,0.0194952757727867,0.0070771602700334,-0.0026171249328802,-0.0091360768377128,-0.0117607057650907,4.13796926834393,3,0.172385620915033,3.71662532211797,0,0.0580065359477124,4.05608747331854,3,0.151143790849673,1.45274073665025e-06,5.83781188514371,9.19814266415921e-05,4.0362998587567,0.421343946225968,0.0280861394526124,1.55150795213523,0.14815745178496,0.82927650019,0.0818817950253949,0.0001112551207695,3.95367999049754,0.0026496882844491,2.57680521448068,0.339462151200573
ID949,FT0949,280.591762077858,737.535369777633,SM(d18:0/16:1(9Z));Palmitoyl sphingomyelin;Sphingomyelin d18,,737.534035966779,737.537932361268,278.801146256296,281.509861193531,11,960;2367;3881;5073;6149;7140;8296;9521;10762;11951;13206,78.95931;168.0432;449.3144;616.4708;678.466;685.5286;686.5351;687.5453;688.5515;737.5374|9643;47611;1122;1006;788;26846;514;648368;654;61188,1.0,-0.0251274111589033,-0.010511463509304,-0.0244097117418965,-0.0032102251214429,0.0319838647125691,-0.0137733073547928,5.64681641396771,3,0.897058823529412,5.35776219550168,3,0.875816993464052,5.46396271276805,3,0.878267973856209,0.134565685144101,0.871065673043225,0.236670349749055,0.625856147423497,0.289054218466029,0.326618616272269,0.485959065423273,0.525373220315447,0.279532068142329,0.182853701199661,0.382838570703957,0.416984313841809,0.570590819938082,0.243675219854382,0.106200517266368
ID951,FT0951,399.923285356887,738.998405566702,,,738.996902851032,739.000447515088,398.628850058476,400.690322994939,7,963;2370;5075;8298;10764;11953;13208,141.0174;246.983;328.9847;410.9857;492.9911;574.9857;575.0034;656.9984;738.9964|36;693;1612;1223;440;223;208;231;203,1.0,-0.0052124666113459,0.0454631158081807,-0.0018550623589646,0.0298875058444051,0.0023313081517228,0.0739639335583117,4.5686810629854,2,0.476307189542484,4.43725058682897,1,0.506535947712418,4.82274513086256,3,0.651143790849673,0.654271244340551,0.184242166815585,0.728785469390447,0.137400294962689,0.131430476156433,0.215806331915122,0.665935816949426,0.428069045900603,0.368486175297188,-0.254064067877155,0.144001256754666,0.841633717632286,0.298489283539423,0.525071256438262,0.385494544033588
ID952,FT0952,280.591762077858,739.536547250536,"DG(22:4(7Z,10Z,13Z,16Z)/22:5(4Z,7Z,10Z,13Z,16Z)/0:0);DG(22:4",,739.534730609951,739.539209956952,278.249527755778,281.509861193531,11,964;2371;3884;5076;6151;7142;8299;9523;10765;11954;13209,168.0432;687.5417;688.5538;689.5557;739.5455|423;2149;60;1073;295,1.0,-0.0234115119826786,-0.0117469029338594,-0.0251257265177084,-0.0029715489561326,0.0317792637191436,-0.0127346415251669,5.2231610648004,3,0.785947712418301,4.95873410765367,3,0.756535947712418,5.04472599605794,3,0.746732026143791,0.160841035508875,0.79360313953367,0.271758097917383,0.565817505830682,0.264426957146727,0.34640561384176,0.460415078430837,0.537705199155324,0.269455764241587,0.178435068742459,0.468646063807733,0.329155026293237,0.648766259150208,0.187911744872609,0.0859918884042674
ID953,FT0953,250.020967164244,740.522554703314,"PE(16:0e/12-HETE);PC(15:0/18:3(6Z,9Z,12Z));PC(15:0/18:3(9Z,1",+,740.519916444477,740.523893835602,248.211124536433,251.767401698971,8,965;2372;3885;8301;9524;10766;11957;13211,140.0117;196.0379;253.2168;255.232;277.2166;279.2326;281.2477;283.2644;303.2331;304.2365;305.2472;306.2531;307.2622;452.2736;458.2654;460.2834;476.2754;478.2916;480.3053;740.5228;742.5385|955;985;3793;4807;5477;48410;30163;2426;810;623;13544;497;2502;726;192;471;616;2592;228;81259;288,1.0,-0.0897391320045236,0.0569576954142551,0.0059508590355992,0.0018872299720313,0.0137957658173693,-0.0585906071388348,5.51004291321924,3,0.870915032679739,4.22595534096844,0,0.368872549019608,5.29692291350259,3,0.82843137254902,0.0002680022693378,3.57186152852078,0.0026645184298627,2.57438127149738,1.28408757225079,0.153268835166187,0.814546143197144,0.353485929891003,0.451627868125378,0.213119999716641,5.16120131206594e-05,4.28724920099316,0.0015443902387643,2.81124295197429,1.07096757253415
ID954,FT0954,51.9633738605396,740.522583436176,"PE(16:0e/12-HETE);PC(15:0/18:3(6Z,9Z,12Z));PC(15:0/18:3(9Z,1",+,740.520790573543,740.522775213975,51.6298414740159,53.4711146541306,7,966;3886;8300;9525;10767;11956;13210,140.0115;196.0375;253.2166;255.232;277.2151;279.2322;281.2481;283.2636;303.2308;304.239;305.2466;306.25;307.2648;452.2758;460.2864;476.2806;478.2918;480.3082;740.5261|374;368;1747;1910;2382;24006;14619;1137;303;389;5896;276;1413;464;219;339;1570;132;42014,1.0,-0.044403174676378,0.0984545426186248,0.0118411100203845,0.0540116622594345,-0.0688747509030168,-0.0783568276163328,4.92578888824486,2,0.684640522875817,4.22595534096844,0,0.368872549019608,5.2823975282472,3,0.824346405228758,0.116119291333811,0.935095623294675,0.218646672641802,0.660257127348624,0.699833547276421,0.370241532333854,0.431514865292195,0.537705199155324,0.269455764241587,-0.356608640002335,3.14740798206252e-05,4.50204695811181,0.0010976882340884,2.95952099088878,1.05644218727876
ID956,FT0956,250.875346915169,742.537947551082,"PC(15:0/18:2(9Z,12Z));PC(18:2(9Z,12Z)/15:0);PE(14:0/22:2(13Z",,742.536876677339,742.540062577939,249.542747011393,253.195744272116,11,969;2374;3888;5077;6152;7143;8303;9526;10768;11960;13212,78.95832;140.0112;196.0374;253.2164;255.233;279.2325;280.2364;280.3872;281.2483;282.2515;283.2633;306.2525;307.2629;309.2788;460.282;478.2942;480.3101;506.3246;740.2447;742.5404|1015;6009;5261;21255;2384;33958;3957;1583;481305;3522;9777;480;4132;2450;5831;16449;2009;615;1060;395722,1.0,-0.029287551752038,-0.0029874295379173,-0.0112497177069847,-0.0035088130468141,0.0245344265080285,-0.0074501060216698,6.00680925564741,3,0.954248366013072,5.63064155550032,3,0.929738562091503,5.80839155730339,3,0.946078431372549,0.0338459277267973,1.47049357726456,0.0938970661632496,1.02734797715899,0.376167700147087,0.172948964855946,0.762082033006057,0.373379411247099,0.427849633436475,0.198417698344022,0.113078521641352,0.946619877996456,0.273912994266569,0.562387364590118,0.177750001803065
ID957,FT0957,251.378211141843,743.541491268675,,,743.539797371116,743.543037595143,249.542747011393,253.195744272116,8,971;2376;3890;6154;8305;9528;11961;13214,,0.0,-0.0860126244068741,-0.006392639380481,-0.0939039139239025,5.87648680163787e-05,-0.0994977007270193,0.0244920981804394,5.62001987112976,3,0.890522875816993,4.61887703084779,1,0.609477124183007,5.04364703845777,2,0.745915032679739,0.0689094301812812,1.16172134129339,0.153514897237187,0.81384947377651,1.00114284028197,0.247272185519108,0.606824732627525,0.458839938720557,0.338338786910604,0.576372832671985,0.498136598686942,0.302651548964521,0.674391427688702,0.171087958743864,0.424770007609983
ID961,FT0961,409.638814024915,745.066684459387,,,745.063983832689,745.070223163243,408.76681827495,410.019368444322,11,975;2382;3896;5082;6158;7148;8309;9532;10773;11965;13218,,0.0,-0.0348794514729556,0.0229384569125184,-0.0058136906984583,0.0017102394502854,-0.0232509717706006,-0.0006313847669371,4.64876474014708,3,0.518790849673203,4.16052519745574,3,0.316993464052288,4.55972500917341,3,0.501633986928105,0.0030201040494055,2.51997809435933,0.0153298952381217,1.81446081302959,0.488239542691332,0.181653790742399,0.740755534870749,0.384304341885846,0.415324708831484,0.0890397309736706,0.0114468285728306,1.94131482110592,0.0642233122331409,1.19230730002331,0.399199811717661
ID964,FT0964,409.512135589787,746.070289324756,,,746.066787156936,746.071047992793,408.76681827495,410.116883146812,6,979;2387;3901;9535;10776;11968,,0.0,-0.0334880932642378,0.0053199374654132,0.0325251812642159,-0.0463577002950161,-0.0190837183680448,-0.020031127191581,4.1046548935516,3,0.15359477124183,3.58649406840677,0,0.0130718954248366,3.84668607658356,2,0.0514705882352941,3.05960974135628e-06,5.51433396501653,0.0001404082331623,3.85260742559539,0.518160825144825,0.140481490646208,0.852380893123707,0.336709604564721,0.472744495284119,0.257968816968038,0.13648999735481,0.86489917465095,0.290193767890281,0.537311918569283,0.260192008176787
ID965,FT0965,49.0762864967128,746.506255772469,"PE(18:2(9Z,12Z)/P-18:1(11Z));PE(18:2(9Z,12Z)/P-18:1(9Z));PE(",,746.505026496034,746.507848467855,46.7232321507202,49.9173935381323,11,980;2389;3903;5085;6161;7150;8313;9537;10777;11969;13221,,0.0,0.0176331592993883,0.0185882481379977,-0.0127182142425313,-0.0022880468226427,0.0671220195108295,-0.0150104532810595,5.81337244823143,3,0.930555555555556,6.04490603163244,3,0.965686274509804,6.15627159900209,3,0.97140522875817,0.131110150375918,0.882363684499041,0.232633496905944,0.63332775102626,-0.231533583401012,0.0859397385121862,1.06580597207273,0.27758075968642,0.556610639988095,-0.342899150770665,0.5211278336485,0.283055730369726,0.693450606462714,0.158984467690396,0.111365567369654
ID966,FT0966,83.2311956726173,746.50588991207,"PE(18:2(9Z,12Z)/P-18:1(11Z));PE(18:2(9Z,12Z)/P-18:1(9Z));PE(",,746.505529695756,746.506823727547,81.6068946058567,83.7814984527333,5,981;2388;3902;6162;9536,,0.0,-0.110239520341158,-0.141663163249332,-0.0145533506464366,-0.0483846582727574,-0.0299928220069285,-0.0553247917451363,6.01020477925876,3,0.955065359477124,4.72261718120908,1,0.659313725490196,4.22595534096844,0,0.276960784313726,0.0734456699626363,1.13403380323337,0.160184188152691,0.795380355523603,1.28758759804968,0.0008088012717527,3.09215817453531,0.0167548072393939,1.77586056426853,1.78424943829032,0.373900966300059,0.42724341246482,0.561573265987348,0.250593575220363,-0.496661840240637
ID967,FT0967,373.049424471802,746.852598950997,,,746.847787639831,746.854531820555,372.250285145735,373.925296591707,7,982;2391;3904;8314;9538;11970;13222,59.01196;156.9919;158.9884;254.9671;256.9696;352.9497;354.9401;392.8832;450.92;452.9275|36;693;166;133;36;75;73;36;48;36,1.0,-0.0291399158785992,0.0137721613331413,-0.0036265445980156,-0.007205567063039,-0.0309520526253037,0.0227545181621034,4.41912405025002,3,0.365196078431373,3.99920206396039,0,0.212418300653595,4.28023969466439,2,0.318627450980392,0.0021192247686542,2.67382297882038,0.0121982172090484,1.91370363759159,0.419921986289636,0.414190913267657,0.382799433112781,0.575768266084384,0.239752275276334,0.138884355585629,0.116125821748185,0.935071199763085,0.273912994266569,0.562387364590118,0.281037630704007
ID969,FT0969,84.5423728290706,747.515118466255,PG(16:0/18:1(11Z));PG(16:0/18:1(9Z));PG(16:1(9Z)/18:0),,747.514043852583,747.515347205947,83.4088815009145,85.152393180956,3,2392;3905;9540,,0.0,-0.0988464107610369,-0.1010843568668,-0.0218317759765623,-0.117719495394072,0.031233793748364,-0.182510939189659,5.44061745711159,2,0.854575163398693,4.22595534096844,0,0.368872549019608,4.22595534096844,0,0.276960784313726,0.116150525519866,0.934978820905834,0.218646672641802,0.660257127348624,1.21466211614315,0.116150525519866,0.934978820905834,0.31408813851289,0.502948464351792,1.21466211614315,,,,,
ID971,FT0971,49.3958039650267,748.524823764917,PE(18:1(11Z)/P-18:1(11Z));PE(18:1(11Z)/P-18:1(9Z));PE(18:1(9,,748.52127658819,748.526558810463,48.9881158009151,51.2610938826761,10,985;2395;5087;6165;7152;8316;9542;10779;11973;13224,59.01416;78.96166;140.0112;196.0373;205.1965;225.1838;227.2011;253.2163;254.2223;255.2315;256.2371;257.2259;259.2419;265.2534;281.2474;282.252;283.2512;285.2574;301.2148;302.2198;303.2323;305.247;327.2363;328.2366;329.2469;418.2718;436.2821;438.2929;444.2865;462.2963;464.3136;674.5092;688.4887;746.2217;748.5281|192;156;1170;1240;433;334;1589;3762;514;2591;1527;430;3113;318;3188;2416;563;1705;2854;755;43562;1668;682;548;23860;1201;3676;216;2247;6830;656;2672;1590;330;119603,1.0,0.037363798052641,0.0389791091225132,-0.0178204908511175,0.0525149017615962,0.0214252626970241,0.0193703338630326,5.0857142079807,2,0.735294117647059,5.61446283961529,3,0.927287581699346,5.66669338110314,3,0.924019607843137,0.291259192960766,0.535720358192101,0.422963010778804,0.373697611152295,-0.528748631634585,0.254996610258552,0.593465592726008,0.463909495771583,0.333566737808912,-0.580979173122438,0.488586156568833,0.311058842337896,0.664545506661804,0.177475274141231,0.0522305414878534
ID972,FT0972,239.154078867365,749.530714358466,PG(16:0/18:0);PG(18:0/16:0);PG(a-13:0/a-21:0),,749.528141207498,749.532982774053,236.306570442597,243.644129673875,11,987;2396;3907;5090;6166;7154;8319;9543;10781;11975;13226,,0.0,-0.0079396387598064,-0.0201795758063843,-0.0261316462075449,-0.0041650805015416,0.0185904801319921,-0.024841527503127,5.42591138233768,3,0.849673202614379,5.38554878097327,3,0.881535947712418,5.30506011137603,3,0.833333333333333,0.768181064207064,0.114536402471207,0.817943143601702,0.0872768837103698,0.0403626013644098,0.425978450378419,0.370612370658929,0.58742233796476,0.231049542541896,0.120851270961656,0.411970966454344,0.385133389677957,0.600212381837977,0.221695049716825,-0.080488669597246
ID974,FT0974,237.818373609623,750.542586693577,"PE(O-18:1(1Z)/20:4(5Z,8Z,11Z,14Z));PE(20:3(5Z,8Z,11Z)/P-18:1",,750.540372182661,750.544927645956,236.306570442597,243.644129673875,11,989;2398;3908;5091;6168;7156;8320;9545;10783;11977;13228,140.0115;196.036;259.2424;261.2587;265.2509;303.2329;304.2345;305.248;307.2623;329.2469;330.2501;331.2625;333.2775;436.2818;444.2873;446.3041;462.2973;463.2997;464.3121;676.538;750.5445|1925;2204;2021;2285;739;28692;7392;131514;355;3027;2248;9215;503;1053;5412;1310;15863;862;3957;657;174674,1.0,-0.0071226944716436,-0.0170640416673891,-0.0288269137940143,-0.0045799846274257,0.0176428869557154,-0.026361286873343,5.68950132195263,3,0.907679738562091,5.66267771766293,3,0.933823529411765,5.60268657002718,3,0.908496732026144,0.853951788019784,0.0685666477981347,0.88790319877943,0.0516343794100395,0.0268236042896968,0.572141944429534,0.24249621240467,0.705252519255996,0.151655353812052,0.0868147519254485,0.538752124682111,0.268611004096368,0.706431156746094,0.150930154695911,-0.0599911476357518
ID975,FT0975,50.7205694416454,750.541795375135,PC(15:0/P-18:1(11Z));PC(15:0/P-18:1(9Z));PE(18:0/P-18:1(11Z),,750.539860889162,750.543031118798,49.3575750171321,51.2610938826761,7,990;5092;7157;8321;9546;10784;11978,140.0122;196.0372;227.1991;255.2323;259.2408;261.2589;303.2329;304.237;305.2486;329.2476;330.2563;331.264;333.2765;436.2838;438.2962;444.288;446.3047;462.2956;463.3008;464.3128;676.5259;690.512;750.5449|519;356;1386;899;492;557;7456;1598;27018;1931;517;3474;177;313;132;1408;308;3277;167;1145;1450;437;48560,1.0,0.0427008457503143,0.0373696731751518,0.113707725386348,0.0482075606863993,-0.0957564022473981,-0.0913685809838717,4.51235753737464,1,0.435457516339869,4.91275758705143,2,0.73937908496732,4.86601505911435,2,0.677287581699346,0.421730144947766,0.374965354838668,0.532834121283146,0.273407971881109,-0.400400049676787,0.457207208684667,0.339886930797989,0.612992572798089,0.212544787491939,-0.353657521739709,0.925663591597313,0.0335468177002691,0.96220047579323,0.0167344326815078,-0.0467425279370772
ID976,FT0976,237.785093451209,751.546504251056,Sphingomyelin d18,,751.544659925017,751.547755793743,236.306570442597,243.644129673875,11,991;2399;3909;5093;6169;7158;8322;9547;10785;11979;13229,,0.0,-0.0063084029846259,-0.0147265723303348,-0.0283676840417527,-0.0048896802590783,0.0171289125252699,-0.0236362040892107,5.31365188549294,3,0.810457516339869,5.29406511973491,3,0.856209150326797,5.24651365469482,3,0.814542483660131,0.887007650040602,0.0520726345582479,0.912805990589259,0.0396215183802432,0.0195867657580306,0.640658218579587,0.19337359820575,0.760978493652056,0.118627616843381,0.067138230798121,0.61559445756063,0.210705298947236,0.763441798058719,0.117224066329123,-0.0475514650400903
ID978,FT0978,240.466146850595,752.55684987051,PC(15:0/P-18:0);PE(18:0/P-18:0);PE(20:0/P-16:0),,752.554507668227,752.558098701886,237.630016078425,244.968790011366,11,993;2401;3911;5095;6171;7160;8324;9549;10787;11981;13231,140.0096;140.0131;196.0373;259.2422;279.2324;281.2557;291.2283;303.2313;304.2329;305.2487;306.2515;307.263;331.2633;332.2658;333.2794;335.2898;418.2738;436.2851;444.2878;446.303;462.2972;463.2962;464.3135;752.5603|96;168;326;72;96;201;170;839;344;10118;1301;7931;298;357;6025;84;108;648;329;528;691;180;1439;25435,1.0,-0.0027078626262586,-0.0127807258003775,-0.0277961311833315,0.0029062696931167,0.013526917373449,-0.0222348030890112,5.27061049076917,3,0.800653594771242,5.2996914203549,3,0.857843137254902,5.23803442325002,3,0.812091503267974,0.804677015636223,0.0943784034511203,0.847658887749892,0.0717788800211047,-0.0290809295857297,0.797171774620816,0.0984480867194651,0.877034156413429,0.0569834925484252,0.0325760675191482,0.503522939832705,0.297980738783027,0.678136840233146,0.168682661646634,-0.0616569971048779
ID979,FT0979,240.466146850595,753.560478576653,,,753.559579012324,753.561844824878,238.089121091255,246.299243150782,11,995;2403;3913;5096;6172;7161;8326;9550;10788;11982;13232,,0.0,-0.001463517824604,-0.0121549997139287,-0.0264250199365705,-0.0001625290812978,0.0153639471802689,-0.0208474400892173,4.87631626760472,3,0.657679738562091,4.91737702838787,3,0.741830065359477,4.85501353053311,3,0.672385620915033,0.7327087427024,0.135068626415469,0.794061342931928,0.100145946102147,-0.0410607607831492,0.86702506655754,0.0619683464566018,0.918183250215122,0.0370706340329643,0.0213027370716175,0.453781545799918,0.343153169800196,0.636850248871234,0.195962677138254,-0.0623634978547667
ID981,FT0981,244.086348336439,755.576998236124,DG(11D3/13D5/0:0);DG(11D5/11D5/0:0);DG(11M5/13M5/0:0),,755.575288425655,755.580340359693,241.590046210978,247.640578663052,8,2405;3916;6174;7163;8328;9552;11984;13234,,0.0,-0.0030278971169461,-0.0119269353089726,-0.043934528364427,-0.0188535586189503,0.0002569181707794,-0.0226973772065178,4.37714598129721,2,0.334967320261438,4.41910836255209,2,0.494281045751634,4.36656368834907,2,0.375,0.857995115497829,0.0665151845503365,0.889824710755169,0.0506955379051242,-0.0419623812548853,0.962297066946872,0.0166908379206616,0.974762164791024,0.0111013362183051,0.0105822929481336,0.823175950354228,0.0845073262692173,0.904557482142084,0.0435638297064387,-0.0525446742030189
ID983,FT0983,247.590856573641,756.587079152663,PE(20:0/P-18:1(11Z));PE(20:0/P-18:1(9Z));PE(20:1(11Z)/P-18:0,,756.585285268389,756.588643963738,244.230391269484,248.991803935192,8,3918;5098;6175;7164;8329;9553;11985;13235,281.2442;307.262;309.2779;310.2848;311.2841;335.2902;337.3096;756.5875|318;48;279;36;36;48;299;783,1.0,0.0200636050121774,-0.0097854654608648,-0.0408334386278091,0.0081599410880255,-0.0315090841184492,-0.0244454639960136,4.21395049646386,1,0.22140522875817,4.56507380018028,3,0.580882352941177,4.37128628783199,2,0.379901960784314,0.0305201940457011,1.51541270948815,0.0870042498506597,1.06045953310998,-0.351123303716419,0.407100231368864,0.390298650796252,0.567871916274351,0.245749608528485,-0.157335791368129,0.244706078610987,0.611355242440525,0.439341528829264,0.357197743038011,-0.19378751234829
ID984,FT0984,297.35555288789,757.500213067393,PG(a-13:0/i-20:0);PG(i-12:0/a-21:0);PG(i-12:0/i-21:0),,757.498136520915,757.502166258837,293.510881198131,299.445813940113,11,997;2407;3919;5099;6176;7165;8330;9554;10790;11986;13236,78.95903;136.9633;152.9936;279.2321;281.2475;283.264;415.2238;417.2379;419.2577;435.2508;437.2744;670.4518;699.4965;757.5041|305;974;1376;613;3806;1745;293;2460;1381;416;132;120;2553;17463,1.0,-0.0084281417633398,-0.0222407163426434,-0.0155179872218676,0.006741617154228,0.0064710251597663,-0.0109840018739627,4.72172425406883,3,0.570261437908497,4.6553873840938,3,0.625816993464052,4.54274015604965,3,0.48937908496732,0.535506026910426,0.27123563699046,0.62998292693576,0.200671220130641,0.0663368699750286,0.189761628506087,0.721791601249156,0.397282577530941,0.400900480119774,0.17898409801918,0.142127683170487,0.847321323358655,0.297491890244983,0.526524868825714,-0.112647228044152
ID986,FT0986,297.790325448506,759.509501191322,,,759.504269718596,759.512513023659,293.510881198131,300.698106877371,10,1000;2411;3923;5101;6178;7167;8332;9557;11988;13240,,0.0,-0.0174722543122271,-0.0387017199636572,-0.0315805350101828,-0.0114055558493623,-0.0350570310486513,0.0249317933061573,5.02197949493908,3,0.716503267973856,4.85231440378805,3,0.718137254901961,4.64929100338985,2,0.559640522875817,0.187400223935314,0.727229894484456,0.303830821285961,0.517368172423638,0.169665091151034,0.196043371680703,0.707647836817784,0.403441896065228,0.394219003780286,0.372688491549233,0.404724122475,0.392840909901559,0.593358104181313,0.226683121593858,-0.2030234003982
ID989,FT0989,472.7563792577,761.081475828559,,,761.077878110739,761.086047982037,470.791383608048,473.894906386573,11,1003;2414;3926;5104;6181;7170;8335;9560;10795;11991;13243,,0.0,-0.031005563121212,0.0152121904340085,-0.0116266019732224,0.0124339520523085,0.000129209383055,0.0081949177273108,4.57733427047125,3,0.479575163398693,4.16120184874291,3,0.31781045751634,4.47814567617863,3,0.446895424836601,0.0105951369818934,1.97489342403145,0.0389784397223784,1.40917554935189,0.41613242172834,0.0964094517369064,1.01588038688594,0.293356719642778,0.532603959363943,0.0991885942926229,0.0347570798674935,1.45895671814704,0.130004846812067,0.886040456120109,0.316943827435717
ID990,FT0990,298.714240678212,761.516718092909,"NCGC00380799-01!5-[5-[5-(3,5-dihydroxydecanoyloxy)-3-hydroxy",,761.515044246839,761.518646485487,294.992877940503,301.732650285514,9,1004;2415;3927;5105;6182;8336;9561;11992;13244,,0.0,-0.0443544706230043,-0.0261820712455852,-0.0600804771077774,-0.0029349592975472,-0.0470771253851376,0.0352265369913381,5.11031190228912,3,0.745098039215686,4.61978227015777,2,0.611111111111111,4.6804900824172,2,0.573529411764706,0.106283404211374,0.973534543774951,0.211686978917688,0.674305855056238,0.49052963213135,0.178335015892959,0.748763375186768,0.379944795764893,0.420279499794562,0.429821819871925,0.853167700752966,0.068965594444219,0.91849327193608,0.036924020601217,0.0607078122594258
ID992,FT0992,473.959308233744,762.089073331882,,,762.088389969772,762.089756693991,473.888851489072,474.029764978415,2,3929;13246,,0.0,-0.0084443304129978,0.0036566686784705,-0.0232373812428886,-0.0041194924349453,0.0164168986236929,0.0054820837111729,3.81013150689557,1,0.0400326797385621,3.70978817500758,0,0.053921568627451,3.83098891605493,1,0.0449346405228758,0.373900966300059,0.427243412464819,0.484179615133447,0.314993499118616,0.100343331887994,0.900945339084986,0.0453015571384505,0.942287419579795,0.0258166070815006,-0.0208574091593619,0.373900966300059,0.427243412464819,0.561573265987348,0.250593575220363,0.121200741047355
ID994,FT0994,52.7153005703553,763.525634470091,DG(11D3/11D5/0:0);DG(11D5/11D3/0:0);DG(11D5/9D5/0:0),,763.520228648417,763.530462331545,51.6298414740159,53.9779886617301,10,1007;3932;5107;6184;7172;8339;9565;10798;11995;13248,,0.0,-0.0055360207804907,0.0248090822516978,0.0081552196963165,0.0381321134835012,-0.046902809500864,-0.0340279728201707,4.78584526180803,2,0.606209150326797,4.68671923281981,3,0.643790849673203,4.88636420007652,3,0.691993464052288,0.743749625904922,0.12857323970705,0.80101235448847,0.0963607854828142,0.0991260289882199,0.740602913643953,0.130414583702993,0.832562647349486,0.0795830774918736,-0.100518938268497,0.0153189189355955,1.81477188201879,0.0798088321332141,1.09794904430758,0.199644967256717
ID996,FT0996,51.9518698063856,764.531088477404,PE(16:0e/4-HDoHE);PC(15:0/P-18:1(11Z));PC(15:0/P-18:1(9Z)),+,764.528795289199,764.537861637813,50.6577245882418,53.4711146541306,11,1009;2419;3934;5108;6185;7173;8340;9566;10800;11996;13250,59.01331;61.98822;227.2009;228.2064;253.2161;254.2219;255.232;259.2431;281.2492;283.2632;301.2172;303.2305;305.2491;329.2475;452.2795;478.2987;480.3099;689.495;690.5052;701.5332;714.5104;764.5307|641;679;11399;315;2558;1711;16013;451;3900;597;1270;8465;516;2073;717;576;415;563;23831;559;252;22455,1.0,-0.0214938402182149,0.0110963212815028,0.0023183768152657,0.0030159527887206,-0.0024225473229116,-0.0067118187589651,5.29634076156812,3,0.808006535947712,4.99075004241192,3,0.77124183006536,5.20997714837248,3,0.800653594771242,0.0033244924379102,2.47827465058373,0.0165234602889532,1.78189899896279,0.305590719156205,0.0874136087317451,1.05842095023719,0.278626464781767,0.554977635353459,0.0863636131956449,0.0173526215049971,1.76063490593641,0.0840270095283472,1.0755810924659,0.21922710596056
ID997,FT0997,52.972910785913,765.51591921048,PA(14:0/24:1(15Z));PA(14:1(9Z)/24:0);PA(16:0/22:1(13Z)),,765.51261130677,765.5286468023,50.7891593532533,55.8995288936934,11,1010;2420;3935;5109;6187;7174;8341;9568;10801;11998;13251,61.98817;227.1996;228.2047;253.2164;255.232;256.2382;281.2483;282.2532;303.2321;304.2367;329.2462;330.2476;688.4952;690.509;691.5086;702.544;765.5109|11433;1737;736;971;1987;1185;652;313;1123;643;150;244;665;288;4450;568;10373,1.0,-0.0309213785780863,0.004360853436044,0.0001241321230779,0.0007073204025852,-0.0048852159042428,-0.0271158330127742,5.15549443001974,3,0.763071895424837,4.72982949348067,3,0.660947712418301,4.97065032133364,3,0.719771241830065,0.0043571377691483,2.36079870780926,0.0199301777045077,1.70048882895917,0.425664936539074,0.0891054605214881,1.05009568090493,0.279790445579027,0.553167120091346,0.1848441086861,0.0206681780483081,1.68469780583236,0.0949596999306125,1.02246066640693,0.240820827852974
ID998,FT0998,246.925866642918,766.538064279305,"PE(18:0e/12-HEPE);PE(18:1e/11,12-EET);PE(18:1e/18-HETE)",+,766.536275753698,766.539190281545,242.909743332741,248.991803935192,11,1011;2423;3938;5110;6188;7175;8342;9569;10802;12000;13252,140.0114;196.0375;253.2176;255.2329;259.2437;281.2478;283.2633;303.2324;304.2361;305.2486;307.2624;331.2609;478.2939;480.3068;692.5118;716.5308;766.5396|1056;930;795;746;1403;11300;10807;25419;1845;28568;455;724;1850;2110;491;775;70481,1.0,-0.0221262647243882,-0.00093547886618,-0.0159409989247468,-0.0081242620326723,0.0247325681653248,-0.0156504094104144,5.39094797332541,3,0.837418300653595,5.11674478594365,3,0.811274509803922,5.27963265617572,3,0.822712418300654,0.0753172419325174,1.12310559194029,0.162844690604449,0.788226396624926,0.274203187381757,0.405835557429554,0.391649904767112,0.567871916274351,0.245749608528485,0.111315317149691,0.0950395795287241,1.02209549375134,0.260031922709979,0.584973332776255,0.162887870232066
ID999,FT0999,51.9051117136259,766.534802876746,PC(15:0/18:1(11Z));PC(18:1(11Z)/15:0);PC(18:1(9Z)/15:0),+,766.532373996966,766.536668308742,50.6577245882418,52.6185562236064,7,1012;7176;8343;9570;10803;11999;13253,61.98921;227.2004;253.218;255.2367;256.2364;257.24;259.2431;281.2488;283.2596;283.268;303.2326;304.2364;305.2471;480.3079;692.51;716.5141;766.5339|1026;96;210;320;124;96;108;1159;469;349;1748;120;3073;120;508;294;6664,1.0,0.0068871341179508,0.0872780607491215,0.0402527060114927,0.0480771624079225,-0.0416549133104757,-0.0485143764500416,4.50195712385249,1,0.426470588235294,4.46164506863913,1,0.523692810457516,5.08052148148542,3,0.759803921568627,0.916910644211327,0.0376729856132977,0.935473231696222,0.0289686352007933,0.0403120552133593,0.108213790472347,0.965717390390189,0.312732676771759,0.504826737880111,-0.57856435763293,0.0621471604142322,1.20657871005698,0.197617809818553,0.704173918263699,0.61887641284629
ID1000,FT1000,53.4711146541306,767.521569360614,,,767.504294066652,767.525904784975,49.1774946763788,54.6020825610387,9,1014;2426;3941;7177;8344;9572;10805;12001;13255,61.98815;227.2006;253.2174;255.232;277.215;279.2312;281.25;282.2535;283.2647;303.2331;304.2381;305.2473;306.2532;690.5108;693.5217;767.529|9690;383;276;465;181;216;569;240;216;1014;571;1397;1032;607;252;8944,1.0,-0.0335059310342575,0.035046327200576,0.0316745432221959,-0.0122875234472365,0.0248328399079725,-0.0517728703673691,5.0060792140726,3,0.71078431372549,4.45172515732378,1,0.518790849673203,4.98601593484834,3,0.724673202614379,0.0725858494416921,1.13914803644014,0.159344483354664,0.797662967584669,0.554354056748824,0.783469736592072,0.105977774543072,0.8635323374117,0.0637213944063091,0.0200632792242583,0.083454577769692,1.07854983579014,0.24166623388891,0.616784025885883,0.534290777524566
ID1001,FT1001,246.925866642918,767.540682388958,PA(14:0/24:0);PA(16:0/22:0);PA(18:0/20:0),,767.539255631235,767.542248397207,242.909743332741,248.991803935192,9,1015;2425;3940;6189;8345;9571;10804;12002;13256,,0.0,-0.0485023361844123,0.0213989923110816,-0.0429301674542208,0.0052282789974833,0.0123248325320673,-0.022174018460948,5.04540775616916,3,0.723039215686274,4.45877845045669,1,0.522058823529412,4.94288257729185,3,0.71078431372549,0.0818259009169448,1.08710920433827,0.173738962588519,0.760102776027976,0.586629305712471,0.441216904618047,0.355347856518126,0.600890666041264,0.22120454206474,0.102525178877316,0.115826470634909,0.936192176904464,0.273912994266569,0.562387364590118,0.484104126835154
ID1002,FT1002,246.925866642918,768.55219713855,PC(15:0/18:0);PC(18:0/15:0);PE(14:0/22:0),,768.549862522152,768.553794054456,244.230391269484,250.368094090332,11,1016;2427;3942;5111;6190;7178;8346;9573;10806;12003;13257,140.0124;196.0411;253.2185;255.234;279.2327;281.2479;282.2512;283.2639;284.2659;303.235;304.2366;305.2478;306.2527;307.2628;333.2785;480.3075;768.5564|625;462;403;312;2210;4677;364;9990;402;804;1102;29708;1974;5709;649;2184;43036,1.0,-0.0126077675074464,-0.0058968144687204,-0.0179575414369635,-0.0025939071087803,0.0176874589191962,-0.0097422472390957,5.20145645765109,3,0.777777777777778,5.06524120948375,3,0.793300653594771,5.11911026649746,3,0.774509803921569,0.230185265455109,0.637922479734658,0.35616277999411,0.448351467488609,0.136215248167341,0.486756253460318,0.312688460299223,0.636365318376693,0.196293497234217,0.0823461911536292,0.512233779616346,0.290531785068589,0.686310930898136,0.163479084030882,0.0538690570137117
ID1004,FT1004,48.1252251672333,769.506577120756,"PG(16:0/20:4(5Z,8Z,11Z,14Z));PG(16:1(9Z)/20:3(5Z,8Z,11Z));PG",,769.502966863482,769.510088150559,47.5762023415852,49.9173935381323,9,1018;2429;3944;5112;6191;8347;9575;10808;13258,152.9948;251.1997;253.2165;254.2199;255.2315;277.216;279.2321;280.237;281.248;282.2462;282.2548;283.2647;303.2338;305.2468;306.2479;307.2638;308.2648;415.2287;441.2378;489.264;515.2672;767.1286;769.5049;771.5165;773.5409|1386;422;11293;209;601;6612;20983;336;8061;213;158;543;673;12733;651;985;133;272;141;222;219;160;69782;271;372,1.0,-0.017504044766056,0.0069394569913162,-0.0714471983189178,0.116466568297864,0.104257118985471,-0.0116853976055631,4.97013689949601,3,0.697712418300654,4.87990468437256,2,0.730392156862745,5.10729573159984,2,0.77124183006536,0.806101364716217,0.0936103435932046,0.848416396984785,0.0713909466486416,0.0902322151234465,0.774759472539507,0.11083310518679,0.86082902111061,0.0650831000701817,-0.137158832103834,0.702151494644772,0.153569175348763,0.822701600653061,0.0847576577270918,0.227391047227281
ID1005,FT1005,247.810193419083,769.556926013335,,,769.554933761024,769.558073660863,244.707778002795,249.525106626636,7,1019;2430;3945;6192;9576;12005;13259,,0.0,-0.0375971918354835,-0.0100910989125617,-0.0519865902997238,-0.034835654438471,-0.0091543160741496,0.0097112453968244,4.82136884110657,3,0.627450980392157,4.38972797346763,1,0.474673202614379,4.57905094395778,2,0.511437908496732,0.0767264051953707,1.11505514899575,0.164530954456383,0.78375238291207,0.431640867638944,0.312876195503241,0.504627477936757,0.515345564805206,0.287901457250487,0.242317897148797,0.497795077328323,0.302949402423521,0.674391427688702,0.171087958743864,0.189322970490148
ID1006,FT1006,246.925866642918,770.567397537641,"PC(15:0/20:2(11Z,14Z));PC(20:2(11Z,14Z)/15:0);PE(14:1(9Z)/24",,770.564622789526,770.56919464776,244.481656702037,248.991803935192,9,1021;2432;3948;5113;6194;7179;9577;10809;12006,253.2157;279.2306;281.246;283.2639;284.2681;305.2478;305.2544;306.2509;307.2606;307.2711;309.2799;325.2751;327.2375;337.3113;770.3928;770.5709|108;111;1581;178;48;36;36;233;231;48;184;36;36;36;36;1909,1.0,-0.0030497110482653,-0.0300854617206574,0.0250411904815683,-0.0535459861938354,0.0073273445145691,-0.0271987184061199,4.81627180696116,3,0.621732026143791,4.7712603668416,3,0.676470588235294,4.56491625839435,2,0.502450980392157,0.603585129883232,0.219261468182743,0.686307099479705,0.163481508542065,0.0450114401195654,0.245755641986723,0.60949650297467,0.458655374697271,0.338513512899456,0.251355548566808,0.301727915158193,0.520384508060567,0.514790171037443,0.288369753735313,-0.206344108447243
ID1010,FT1010,412.598812242138,772.073202707435,,,772.06851063953,772.076257306194,410.967252066309,414.015848102489,9,3951;5116;6197;7181;8350;9580;10811;12008;13261,74.02547;116.0439;141.018;198.047;223.0189;280.052;305.0221;362.0536;387.0192;444.0567;526.0647;608.0674;690.0821;772.0776|36;36;315;426;115;134;164;226;69;185;67;75;36;36,1.0,0.0225494923810289,0.0090893835016818,-0.0414646514817859,-0.0075876135811926,-0.0254602381385245,-0.0246703550279281,4.04924082589654,1,0.116013071895425,4.41778960545618,3,0.493464052287582,4.37453909478084,3,0.381535947712418,0.0483055088077962,1.31600333905378,0.120313720695194,0.919684842465452,-0.368548779559643,0.0869695777309545,1.06063263857846,0.278626464781767,0.554977635353459,-0.325298268884302,0.65112542254823,0.186335347723493,0.792349706062341,0.101083098848786,-0.0432505106753407
ID1012,FT1012,80.8220285750669,772.521680030246,"PE(O-18:1(1Z)/20:4(5Z,8Z,11Z,14Z));PE(20:3(5Z,8Z,11Z)/P-18:1",,772.521111182216,772.522800874292,80.6040312578289,81.0416318069432,3,1026;2436;3952,,0.0,-0.0861761938716061,-0.0680274907479611,0.0491934924887881,-0.0703079266280924,0.041561323914629,0.0656987166788024,5.46406996284219,3,0.860294117647059,4.22595534096844,0,0.368872549019608,4.22595534096844,0,0.276960784313726,0.00268695867322,2.57073901318369,0.0142396972858316,1.84649924303697,1.23811462187375,0.00268695867322,2.57073901318369,0.0324584607724986,1.48867207889858,1.23811462187375,,,,,
ID1014,FT1014,47.9461940550958,773.533719835963,"PG(18:0/18:2(9Z,12Z));PG(18:1(11Z)/18:1(11Z));PG(18:1(11Z)/1",,773.531685368481,773.53505520521,46.7232321507202,49.9173935381323,11,1029;2441;3956;5120;6202;7183;8354;9584;10814;12011;13265,78.95846;152.9953;171.0072;209.0213;227.0295;229.1957;253.2184;254.2202;255.2327;279.2302;280.2367;280.3873;281.2499;282.0932;282.2531;283.2494;284.2466;307.2652;308.2669;309.2797;327.2328;328.235;417.2394;435.2505;444.2846;445.2931;462.2992;463.2994;491.2766;509.2892;699.5197;771.1439;772.526;773.5355;774.5341;774.7349;775.0193;775.2636|599;18658;290;438;437;216;6506;1039;2602;10894;9350;2674;1178421;618;8639;5544;2333;4410;1311;5752;7395;6294;12337;2198;581;401;2575;2490;13278;7918;888;2590;930;1426975;2785;459;1284;607,1.0,0.0341030465224988,0.013429619438716,-0.0233165482272767,-0.0015222005330113,0.0770372855331499,-0.009845090050193,5.94398766445125,3,0.946895424836601,6.41724319288126,3,0.982843137254902,6.39883452884935,3,0.980392156862745,0.0337150187288664,1.47217659473445,0.0938970661632496,1.02734797715899,-0.473255528430012,0.0624851965596015,1.20422285967953,0.234529561466161,0.629802408503334,-0.454846864398098,0.926176517310348,0.033306234497192,0.96220047579323,0.0167344326815078,-0.0184086640319139
ID1016,FT1016,49.0762864967128,774.536907143125,"PE(20:2(11Z,14Z)/P-18:1(11Z));PE(20:2(11Z,14Z)/P-18:1(9Z));P",,774.534736919361,774.538927000127,46.7232321507202,49.9173935381323,11,1032;2444;3959;5121;6204;7184;8356;9587;10815;12012;13266,,0.0,0.031472686311334,0.010532266689196,-0.017583220306733,-0.0019442947424369,0.0708786167107915,-0.0087851662414604,5.62872480787635,3,0.891339869281046,6.06069053006661,3,0.966503267973856,6.02457939575252,3,0.962418300653595,0.0379611707934959,1.42066040158422,0.1017088829946,0.992641115247697,-0.431965722190259,0.0690222679122213,1.16101077489702,0.247660559793182,0.606143149764558,-0.395854587876165,0.848772810186851,0.0712085411884182,0.915450896014838,0.0383649459135986,-0.0361111343140941
ID1017,FT1017,80.7244542095698,774.536627702088,"PE(20:2(11Z,14Z)/P-18:1(11Z));PE(20:2(11Z,14Z)/P-18:1(9Z));P",,774.536135547382,774.539146535341,79.5364943724474,82.4105734330149,7,1033;2443;3958;6203;8357;9586;13267,,0.0,-0.113405832570215,-0.0820967375161264,-0.122166305509696,0.0762227131666652,-0.0088240606961732,-0.0278499295006365,5.94302081831533,3,0.946078431372549,4.72110738748016,1,0.657679738562091,4.74267382055225,1,0.608660130718954,0.0880187468719624,1.05542481880495,0.182878328993041,0.737837755192543,1.22191343083517,0.100275363161407,0.998805756484591,0.299092935059209,0.524193845414147,1.20034699776308,0.977403099907087,0.0099262879082079,0.989270960617147,0.0046847391575367,0.0215664330720884
ID1018,FT1018,411.319125323545,775.119931730687,,,775.111523096171,775.125560524285,409.638814024915,412.031252283315,10,1034;2445;3960;5122;6205;8358;9588;10816;12013;13268,,0.0,-0.0121104625357624,0.0202668043598407,-0.0286890236601739,0.0098864576806245,-0.0166276982785261,-0.0046441055771453,4.21491511922686,3,0.222222222222222,4.08417577464025,2,0.268790849673203,4.32926052778197,3,0.351307189542484,0.363957470436214,0.438949362048711,0.484179615133447,0.314993499118616,0.130739344586615,0.109300046978766,0.96137965138411,0.313953538828236,0.503134617288182,-0.114345408555113,0.117131110388859,0.931327739635055,0.273912994266569,0.562387364590118,0.245084753141727
ID1019,FT1019,48.5684708282352,775.541997820737,PG(18:0/18:1(11Z));PG(18:0/18:1(9Z));PG(18:1(11Z)/18:0),,775.539288782103,775.544592059587,47.5762023415852,49.9173935381323,10,1035;2447;5123;6206;7185;8359;9590;10817;12014;13269,,0.0,0.0473217634161817,0.0331117839247751,-0.0170996127400279,0.0371366295014049,0.0667887271257687,0.0205204980103052,4.86276594411201,2,0.651960784313726,5.50900536464858,3,0.915032679738562,5.50492415746125,3,0.889705882352941,0.13324802864406,0.875339207482177,0.235040144367748,0.628857954798811,-0.646239420536568,0.145694109533442,0.836558006561071,0.343747039680466,0.463761033251788,-0.642158213349241,0.982402480471889,0.0077105496496768,0.989573870656027,0.0045517806179412,-0.004081207187327
ID1020,FT1020,81.3207877896979,775.541467565967,PG(18:0/18:1(11Z));PG(18:0/18:1(9Z));PG(18:1(11Z)/18:0),,775.540158052398,775.542820223732,80.2518934125894,82.4105734330149,4,2446;3961;6207;9589,,0.0,-0.0635353265310061,-0.101900245469481,-0.0694065958749049,-0.0815572347692592,0.015066459632086,-0.118594290864997,5.17239627872809,2,0.766339869281046,4.55498498244435,1,0.575980392156863,4.22595534096844,0,0.276960784313726,0.344500800412085,0.462809764716738,0.479669517240438,0.319057879855787,0.617411296283746,0.116204805652157,0.934775911316962,0.31408813851289,0.502948464351792,0.94644093775965,0.373900966300058,0.42724341246482,0.561573265987348,0.250593575220363,-0.329029641475905
ID1022,FT1022,83.7814984527333,776.547630217911,PS(15:0/20:0);PS(20:0/15:0);PE(20:1(11Z)/P-18:1(11Z)),,776.547630217911,776.547630217911,83.7814984527333,83.7814984527333,1,2448,,0.0,-0.0214728829623489,-0.0203673625358033,-0.0055457329491432,-0.0326145806605323,0.0396457697212508,0.0214404218387811,4.50046806420139,1,0.42483660130719,4.22595534096844,0,0.368872549019608,4.22595534096844,0,0.276960784313726,0.373900966300059,0.427243412464819,0.484179615133447,0.314993499118616,0.274512723232947,0.373900966300059,0.427243412464819,0.537705199155324,0.269455764241587,0.274512723232947,,,,,
ID1023,FT1023,55.9274922977381,777.535024890625,"1,28-Octacosanediol diferulate;PA(16:1(9Z)/24:1(15Z));PA(18:",,777.50600541012,777.566641349913,49.1785080267014,58.4434165163967,6,1037;7187;9592;10819;12017;13272,61.98808;253.2184;255.232;281.2547;703.5431;714.5014;777.5819|60;439;98;272;60;804;233,1.0,0.0222241349534361,0.0422364805653698,0.0772579680380217,-0.0051946178482624,0.0651323117769504,-0.0376084567285027,3.93360268227697,1,0.0694444444444444,4.06699219998415,1,0.257352941176471,4.28868115637971,3,0.322712418300654,0.732434066366019,0.135231464355714,0.794061342931928,0.100145946102147,-0.133389517707179,0.246793041020883,0.607667090541714,0.458655374697271,0.338513512899456,-0.355078474102735,0.578696330505281,0.237549271474988,0.730885949891411,0.136150386649725,0.221688956395556
ID1025,FT1025,394.64792825369,783.024311233875,,,783.02364409277,783.027607015875,392.781233127002,395.890252704567,10,1039;2455;3966;5126;6212;8363;9595;10822;12022;13276,59.01401;127.0011;141.0163;209.0035;223.0193;291.0067;305.0229;373.0095;387.0249;455.0126;469.0264;537.0169;551.0312;619.0195;633.0364;701.0231;783.031|1335;11888;40748;8696;14836;21993;23777;18339;15829;16118;9871;8839;3454;10913;2388;2946;1882,1.0,-0.0321954174864422,0.0219538204480003,-0.0714793271831956,0.049838882593709,-0.0441361237384166,0.0065412513232953,5.3824328327141,3,0.833333333333333,5.0753677161062,2,0.799019607843137,5.43690059065135,3,0.870915032679739,0.509881347085846,0.292530875472932,0.611552602736065,0.213566181153506,0.307065116607904,0.0541860581370237,1.26611244137746,0.216028905047936,0.665488135594656,-0.0544677579372461,0.443179418317375,0.353420416868854,0.630785730945007,0.20011813944259,0.36153287454515
ID1027,FT1027,393.915210226965,784.031848692195,,,784.027922063244,784.037658974556,389.183233265499,396.47410721104,6,1040;2457;3968;8365;12023;13277,,0.0,-0.0408131235828412,0.0211642555684322,-0.0072500613013736,-0.0099904104326948,-0.0266148442765871,0.0724447190057805,4.82861290831107,3,0.631535947712418,4.22595534096844,0,0.368872549019608,4.62515940449666,2,0.548202614379085,4.09854212695081e-07,6.38737059664952,4.93054617872182e-05,4.30710496930968,0.602657567342623,0.367867015811197,0.434309150721129,0.537705199155324,0.269455764241587,0.203453503814404,0.117147016125916,0.931268768924065,0.273912994266569,0.562387364590118,0.399204063528219
ID1032,FT1032,298.225865180855,787.531312426536,,,787.530324479161,787.533812501357,293.510881198131,300.763035827391,9,1047;2464;3975;5132;6218;8371;9601;12029;13282,,0.0,-0.0298799551935861,-0.0253542645956382,-0.061017106108507,-0.0021664762599469,-0.0392595832067464,0.0296408453462319,4.90750133848068,3,0.673202614379085,4.61944004140754,2,0.610294117647059,4.60153055894133,2,0.529411764705882,0.285475198531437,0.544431616345674,0.416779931836552,0.380093200702945,0.288061297073138,0.249325742237622,0.603232879399985,0.459124232657085,0.338069784490532,0.305970779539348,0.951533038123651,0.0215761280015553,0.974069346921316,0.0114101232926577,-0.0179094824662105
ID1034,FT1034,299.533269274593,788.54451698035,2-amino-3-[hydroxy-[3-octadecanoyloxy-2-[octadec-11-enoyl]ox,+,788.543221197366,788.545240941739,299.522062625683,300.07393177584,3,2467;5135;6220,78.95793;152.9936;281.2476;282.2512;283.2677;284.2735;417.2406;418.24;419.2553;421.2612;435.2522;437.2673;701.5086;788.5447|587;2971;3646;668;8713;72;1463;243;5794;120;275;1778;10390;16682,1.0,0.0028755185563917,-0.075949864143457,-0.0678681154071781,-0.0224062835483317,0.0366879384604091,0.0853875776452643,4.62212771248696,1,0.504084967320261,4.84866989162342,2,0.717320261437909,4.22595534096844,0,0.276960784313726,0.676670031072023,0.169623057487658,0.747506012286174,0.126385309903588,-0.226542179136459,0.373900966300059,0.42724341246482,0.537705199155324,0.269455764241587,0.396172371518523,0.117004935739011,0.931795817578591,0.273912994266569,0.562387364590118,-0.622714550654981
ID1036,FT1036,51.6298414740159,789.546581460072,"PA(22:1(13Z)/19:2(10Z,13Z))",,789.54386684037,789.548535252447,50.4669081296197,52.6185562236064,11,1050;2468;3978;5136;6222;7195;8374;9604;10830;12032;13285,59.01435;61.9893;168.0401;224.0657;252.2042;253.2169;254.2181;255.2326;281.2531;462.2911;478.293;479.3001;714.5109;715.5052;716.5302;726.552;789.4138;789.5479|48;36;36;36;48;1461;756;36;146;36;48;60;191;1874;48;219;75;718,1.0,-0.0394760374103877,0.0179658505504904,0.010102243036744,0.0040774521827285,-0.0102775292284016,-0.0157623953504792,5.53126227612707,3,0.878267973856209,4.96324231435422,3,0.758986928104575,5.34897585439041,3,0.844771241830065,3.41086168496466e-05,4.46713589146172,0.0006124278517929,3.2129450668227,0.568019961772848,0.0008321924125526,3.07977624816999,0.0167548072393939,1.77586056426853,0.182286421736658,0.0002639822386289,3.57842529254274,0.0048135511325001,2.31753441048126,0.385733540036189
ID1037,FT1037,250.20023637744,789.546875370675,"PA(22:1(13Z)/19:2(10Z,13Z))",,789.544585367688,789.549311815022,247.332635738507,251.767401698971,11,1051;2469;3979;5137;6223;7196;8375;9605;10831;12033;13286,,0.0,-0.0337930687604698,0.0114671644788878,0.0105786745178228,0.0002433313016467,0.0108505835592553,-0.0053539257307741,5.48326961404266,3,0.865196078431373,4.99784515227145,3,0.772875816993464,5.30131755447295,3,0.830882352941177,0.0005109844758398,3.29159229391522,0.0043936527016078,2.35717427507513,0.485424461771216,0.0180513318116701,1.74349075070448,0.114167585489516,0.942457183667095,0.181952059569711,0.0017802240633472,2.74952533288702,0.0182238726484762,1.73935932817813,0.303472402201505
ID1038,FT1038,51.9518698063856,790.559290636812,PS(18:0/18:0);PS(14:0/22:0);PS(16:0/20:0),,790.557248791952,790.560450969992,50.4669081296197,52.6185562236064,11,1052;2471;3980;5138;6224;7197;8377;9607;10832;12034;13287,59.01409;168.0424;224.0684;227.2018;252.4419;253.2176;254.2197;254.4516;255.2321;281.2478;282.2522;283.2618;327.2321;329.247;452.2758;460.284;462.2969;478.2918;479.2946;480.3085;645.4489;714.3112;714.5086;715.5098;716.5248;717.5264;730.5756;731.4853;790.5604|20690;10311;8971;25724;1542;486645;29448;625;266624;55002;579;2048;3596;12314;2346;4523;6706;11296;1253;25500;573;2287;2314;8283;934600;1089;3500;7038;309158,1.0,-0.0328766177532342,0.0125878102114008,0.0028338730946897,0.0027941402653102,-0.0072117770323878,-0.0200890708650678,6.02090572792535,3,0.956699346405229,5.56154889916166,3,0.92156862745098,5.86668480814997,3,0.95016339869281,0.0010778835476194,2.96742815692125,0.0074953405074345,2.1252086327102,0.459356828763687,0.0181872664832532,1.74023256979019,0.114428218290468,0.941466864208626,0.15422091977538,0.0056543979619912,2.24761362870561,0.0395130683930769,1.40325924380782,0.305135908988307
ID1039,FT1039,250.495707624954,790.559080422673,PS(18:0/18:0);PS(14:0/22:0);PS(16:0/20:0),,790.557085349555,790.561181471208,248.639542992675,251.890306900632,11,1053;2470;3981;5139;6225;7198;8376;9606;10833;12035;13288,59.01423;168.0422;224.0696;227.2018;252.4428;253.2172;254.2202;255.2327;281.2481;283.2613;327.2319;329.2477;452.2762;460.283;462.2978;478.2919;480.3074;645.4474;714.3128;714.5089;715.5121;716.5244;730.5762;731.4857;790.5573|8689;4629;2845;10807;377;185385;9036;106560;20411;1268;2307;4754;801;1634;2528;4665;10376;504;780;659;2715;321231;890;2887;95243,1.0,-0.0317554431559323,0.0037654261785656,-0.0003351501143679,0.0003486903176897,0.0156712536508915,-0.0136730625828238,6.04324935723626,3,0.958333333333333,5.6135500597607,3,0.926470588235294,5.85219170057697,3,0.949346405228758,0.0058196567603926,2.2351026290036,0.0246684776557012,1.60785765092082,0.42969929747555,0.0669295887889675,1.1743818432653,0.242068692386445,0.616061375791754,0.191057656659282,0.0177370424953607,1.75111879346838,0.0844862391513713,1.07321402178754,0.238641640816268
ID1040,FT1040,250.531667718028,791.562239732436,DG(11D3/13D5/0:0);DG(11D5/11D5/0:0);DG(11M5/13M5/0:0),,791.560136271008,791.563666758751,248.639542992675,251.767401698971,11,1056;2472;3983;5142;6227;7200;8380;9609;10835;12038;13290,,0.0,-0.029465103099552,0.0045955553867736,-0.0007040115678253,-0.0003301650931966,0.0147840888373368,-0.0132542346695586,5.65558669131672,3,0.901143790849673,5.25628393538213,3,0.84640522875817,5.48787737370773,3,0.88562091503268,0.0066919010113148,2.17445049188145,0.0271055788438105,1.56694131385881,0.399302755934591,0.0874167468148094,1.0584053596705,0.278626464781767,0.554977635353459,0.167709317608993,0.0125046383840086,1.90292886291792,0.0688344952553681,1.1621938678013,0.231593438325598
ID1044,FT1044,36.4389297500807,793.401350164428,Betavulgaroside IV;NCGC00380958-01!2-[[2-[2-[2-[2-[[2-[2-(2-,,793.400092419285,793.404425502386,35.7166232356834,37.149382970523,7,1059;2477;3987;6230;8383;9613;13293,,0.0,-0.0506828694107761,-0.0314035248825735,-0.0368558876953566,0.0672992641679712,-0.0252926709200274,0.0079208227965903,5.02752259521946,3,0.717320261437909,4.45861009091037,1,0.52124183006536,4.45164075655939,1,0.430555555555556,0.0721639942808822,1.1416794365784,0.15870801667258,0.799401135571983,0.568912504309095,0.0645182056540573,1.19031771948174,0.238342484495722,0.622798537856914,0.575881838660072,0.983875449486226,0.0070598761870336,0.989573870656027,0.0045517806179412,-0.0069693343509769
ID1046,FT1046,37.149382970523,794.405316992821,,,794.40109540885,794.408117770729,36.1538825846459,38.2765882053917,7,1062;2480;3990;6232;8385;9615;13295,,0.0,-0.0244859071558528,-0.016047394884167,-0.0147201356756656,0.0332102943234218,-0.0128365142121923,0.0103866487544359,4.46416529618706,3,0.40359477124183,4.18578471568419,1,0.32843137254902,4.16713564082221,1,0.219771241830065,0.0862044268898022,1.06447043110746,0.180041537410472,0.744627287190825,0.278380580502873,0.0473419664141714,1.32475370700923,0.203519912556296,0.691393092629196,0.297029655364854,0.910409052935177,0.0407634323854665,0.953211959451652,0.0208105174257955,-0.0186490748619814
ID1047,FT1047,56.0591293441465,794.53711838573,"PC(16:0/11,12-EpETE);PC(16:0/14,15-EpETE);PC(16:0/15-HEPE)",,794.52578519151,794.540240085153,50.5419728142726,57.8616799655219,10,1063;2481;3991;5145;7203;8386;9616;10839;12042;13296,,0.0,-0.0353228919802309,0.0065880675666408,0.0219998563983444,0.0047560007072283,0.0171868036248023,-0.0464354641718622,5.12714964343383,3,0.750816993464052,4.58630960196633,2,0.589052287581699,4.9175585497316,3,0.700980392156863,0.0550054990181968,1.2595938909807,0.132343230637781,0.878298267976869,0.540840041467498,0.167536814831439,0.775889745514603,0.369204532328591,0.432732976245217,0.209591093702228,0.175411288605796,0.755942461018727,0.344041972778091,0.463388570701907,0.33124894776527
ID1048,FT1048,52.0923026414135,795.532602895281,,,795.516829563241,795.534894557691,47.730886036942,54.6020825610387,9,1064;2482;3992;5146;6233;8387;9617;10840;13297,,0.0,-0.0232739575226053,-0.0034210737900193,-0.0442761350679699,0.0769485593304702,0.0599524228918415,-0.0219570736791871,4.8635598616011,3,0.65359477124183,4.64582404638507,2,0.622549019607843,4.8092152912336,2,0.645424836601307,0.391063957499574,0.407752209055184,0.502617458196568,0.298762430453444,0.217735815216028,0.864636169381175,0.0631666010553135,0.918183250215122,0.0370706340329643,0.0543445703674985,0.677045607697439,0.169382075030983,0.809788023844079,0.0916286504089138,0.16339124484853
ID1051,FT1051,78.0379776666967,797.533107770501,"PG(16:0/22:4(7Z,10Z,13Z,16Z));PG(18:0/20:4(5Z,8Z,11Z,14Z));P",+,797.532876772531,797.53437341308,77.9827414678028,78.093929193146,3,1067;3994;9620,152.9966;253.2157;279.233;281.2468;303.234;305.248;307.2627;417.2381;441.2406;797.5353;797.6516|390;72;1704;5972;96;6461;1520;108;96;18405;84,1.0,-0.0362654629398205,-0.0293497175230412,0.0265796090642008,-0.0033166779787599,-0.0463661582528564,-0.0815570654045443,4.72564129635592,2,0.575980392156863,4.22595534096844,0,0.368872549019608,4.22595534096844,0,0.276960784313726,0.160339786993427,0.794958697685375,0.271292213436135,0.566562671075296,0.499685955387479,0.160339786993427,0.794958697685375,0.360728690717677,0.442819314502149,0.499685955387479,,,,,
ID1052,FT1052,397.030089306682,798.044136851061,,,798.042509700799,798.054956418024,396.324845771143,413.923287989945,12,1068;2487;3996;5150;5151;6237;7207;8390;9621;10844;12045;13301,,0.0,0.0011632703684683,-0.0004096840883912,-0.0102916563509068,0.0036049377528441,-0.0083940359494236,0.0020262339259809,6.0785628863793,3,0.963235294117647,6.11201020788195,3,0.969771241830065,6.09983541121297,3,0.968137254901961,0.246050207340029,0.608976264661226,0.376109783265635,0.424685369680445,-0.0334473215026518,0.528331389558667,0.277093585968096,0.666901064354096,0.175938589459827,-0.0212725248336723,0.764169601572561,0.116810242402484,0.863375250298226,0.0638004050809202,-0.0121747966689796
ID1053,FT1053,47.9285439501437,798.529803111342,"PS(15:0/20:0);PS(20:0/15:0);PC(18:4(6Z,9Z,12Z,15Z)/P-18:1(11",,798.516821891916,798.535836558774,47.5762023415852,48.4930298054869,10,1069;2489;3998;5152;6238;7208;8391;9622;10845;13302,,0.0,0.0312207727049823,-0.0130083978056959,-0.0172648016630823,0.0480133229721145,0.108159578045157,-0.0174629732424424,4.5979169675764,3,0.486928104575163,5.06547211908053,3,0.794117647058823,4.83423086534101,2,0.659313725490196,0.0143785050299339,1.84228626631764,0.0490009675666019,1.30979534436562,-0.467555151504133,0.508090962928586,0.294058529524168,0.655741328224073,0.18326744397716,-0.236313897764613,0.527033646916751,0.278161657645486,0.698125159990748,0.156066710012164,-0.23124125373952
ID1055,FT1055,396.81240566878,799.04598260004,,,799.044703473132,799.048113174958,396.324845771143,397.802029049989,11,1071;2490;3999;5153;6239;7209;8392;9624;10846;12046;13303,,0.0,0.0006194207855124,-0.0002285960480768,-0.0118226533864652,0.0032698103729952,-0.008230389520948,0.001167629901801,5.46952870792561,3,0.862745098039216,5.49843226351294,3,0.910130718954248,5.4917121965426,3,0.886437908496732,0.369561513641456,0.432313262785909,0.484179615133447,0.314993499118616,-0.028903555587334,0.537352041331435,0.269741096954855,0.673147771727274,0.17188958748315,-0.022183488616994,0.878084646075277,0.0564636167231891,0.934967866760811,0.0292033148261692,-0.00672006697034
ID1057,FT1057,79.3832094690326,799.548472583296,"PG(18:0/20:3(5Z,8Z,11Z));PG(18:0/20:3(8Z,11Z,14Z));PG(20:1(1",,799.545137120169,799.549873824905,78.4701556642572,82.3814959747303,7,1073;2491;4000;6241;8394;9625;12047,152.9938;253.2153;279.2342;281.2472;282.252;305.2504;306.2515;307.2629;309.2808;417.2381;443.2535;517.2936;799.5491|1092;240;995;15839;336;647;409;16693;786;294;327;204;40598,1.0,-0.0693312711874881,-0.0726880013827881,-0.020252832885168,-0.0118386540876783,-0.0620120023378141,-0.0608250399959157,5.19854427798276,3,0.776143790849673,4.40983415670051,1,0.490196078431373,4.19889780319074,1,0.243464052287582,0.100437896131859,0.998102393011024,0.202729511823199,0.693083025411416,0.788710121282255,0.0112794925960872,1.94771043649415,0.0830830918053249,1.08048735025674,0.999646474792022,0.554081160741527,0.256426615992578,0.716865537234326,0.14456229748915,-0.210936353509767
ID1058,FT1058,396.81240566878,800.048703818759,,,800.046035774023,800.050796466988,396.324845771143,398.089818984634,11,1074;2493;4002;5155;6242;7211;8395;9627;10848;12049;13305,,0.0,0.0006645292047629,-0.0009101919323612,-0.0107748554015471,0.0014118963700907,-0.0057568830879489,0.0090106010764,4.70908063397137,3,0.562091503267974,4.73510069477202,3,0.667483660130719,4.721432412783,3,0.595588235294118,0.492859942194285,0.307276478235896,0.600111852692029,0.221767795483679,-0.026020060800656,0.676461025425437,0.169757220397134,0.786491740821875,0.104305833669198,-0.0123517788116274,0.764238760546759,0.11677093960667,0.863375250298226,0.0638004050809202,-0.0136682819890286
ID1059,FT1059,48.0691311734229,800.551254009676,"PS(22:2(13Z,16Z)/15:0);PS(15:0/22:2(13Z,16Z));PE(22:4(7Z,10Z",,800.550316095474,800.554092092361,46.7232321507202,49.9173935381323,10,1075;2496;5156;6243;7212;8396;9628;10849;12050;13306,,0.0,0.0434109832988904,0.0190322493196313,-0.0213491878736515,0.0163801444875706,0.0644539822038113,0.0072982406768131,4.47497796693305,2,0.410947712418301,5.07685099744995,3,0.79983660130719,5.00857788924808,3,0.732843137254902,0.032947401268298,1.4821788347679,0.0928237089596312,1.03234108245308,-0.601873030516897,0.0607048923935659,1.21677630638921,0.231329684578636,0.635768634321845,-0.533599922315025,0.703789494725242,0.152557220048296,0.822738201037596,0.0847383372450838,-0.0682731082018719
ID1060,FT1060,79.6716506961442,800.552777157459,"PE(22:4(7Z,10Z,13Z,16Z)/P-18:0);PE(P-18:0/22:4(7Z,10Z,13Z,16",,800.550830529687,800.552968564069,78.0379776666967,80.6040312578289,3,2495;4003;9629,,0.0,-0.0456448647821336,-0.0466996143611525,-0.0100354502226596,-0.054293407230435,0.0139203116837568,-0.0850996070792922,4.78684525357902,2,0.607843137254902,4.22595534096844,0,0.368872549019608,4.22595534096844,0,0.276960784313726,0.116116568980322,0.935105805211424,0.218646672641802,0.660257127348624,0.560889912610577,0.116116568980322,0.935105805211424,0.31408813851289,0.502948464351792,0.560889912610577,,,,,
ID1061,FT1061,412.698490421922,801.0954637405,,,801.085472406177,801.10094158362,411.452240662554,413.379040240199,7,1076;2498;4004;8397;9630;10850;13307,,0.0,-0.0299113406120481,0.0081564883506479,-0.005308614902384,0.0315367231606699,0.026354377826315,-0.0163069492259347,4.09339996394165,3,0.14297385620915,3.6888532991768,0,0.0449346405228758,3.96058097292968,2,0.0980392156862745,0.0001525288172977,3.81664809722831,0.001781477351545,2.74921969459364,0.404546664764852,0.431356086324263,0.365164069798595,0.5928079093057,0.227086010587254,0.132818991011971,0.142560779070988,0.845999939953477,0.297491890244983,0.526524868825714,0.271727673752882
ID1062,FT1062,48.2767788915768,801.561495819056,,,801.559796608753,801.563356003303,47.5762023415852,49.9173935381323,7,1077;5157;6244;7213;8398;9632;13308,,0.0,0.0500261333267037,-0.0273129121688653,-0.0432725190838025,0.0704639719761412,0.0038549949849987,0.0226772510595193,4.11559173395309,1,0.160130718954248,4.88106179044588,3,0.731209150326797,4.34800195854654,1,0.366013071895425,0.0068163418007413,2.16644864029916,0.0273335306209727,1.56330426767897,-0.765470056492787,0.540297229810342,0.26736725915184,0.674952485636911,0.170726798949728,-0.232410224593444,0.202983122857271,0.692540070237837,0.380838109926744,0.419259598883285,-0.533059831899343
ID1063,FT1063,79.9936203634307,801.562514371243,,,801.56155578482,801.564261307108,78.8966445954761,81.0416318069432,4,2500;4006;6245;9631,,0.0,-0.0352108775621443,-0.0512494227249043,-0.0306468475883694,-0.0458590501475015,0.0132224374571748,-0.0562093813285579,4.73152978087243,2,0.57843137254902,4.36393782439208,1,0.46078431372549,4.22595534096844,0,0.276960784313726,0.272061219696987,0.565333359256273,0.404560750674259,0.393016253528701,0.367591956480353,0.117107864465006,0.931413938582055,0.31408813851289,0.502948464351792,0.505574439903992,0.37390096630006,0.427243412464819,0.561573265987348,0.250593575220363,-0.137982483423639
ID1065,FT1065,49.3518863154888,803.576147079675,,,803.566741578278,803.588574120023,48.0606551597577,50.4669081296197,11,1081;2504;4010;5159;6248;7215;8401;9634;10853;12053;13311,,0.0,-0.0024417026139317,0.0017623599453391,-0.0053540573696797,0.0091695255544651,0.0306645609732969,-0.0025704914854464,4.61793200546033,3,0.500816993464052,4.59088192583772,3,0.593954248366013,4.63828026803332,3,0.553104575163399,0.61852308982183,0.20864408327005,0.698669743714236,0.155728063704962,0.0270500796226152,0.834195999389546,0.0787318972607588,0.902156461291469,0.0447181360912549,-0.0203482625729814,0.613378955475716,0.212271128382151,0.763390158999509,0.117253442919481,0.0473983421955966
ID1068,FT1068,49.7301473687965,804.600513048105,Phosphatidylethanolamine alkyl 20;Phosphatidylethanolamine a,,804.592314297118,804.606963868375,49.3259672876646,50.7891593532533,9,1084;2508;4014;5161;6250;7217;8404;10855;12056,61.9881;253.2195;255.2319;267.2343;281.2487;282.2515;309.2741;492.3446;730.5796;741.5298;744.5571;804.6087|48;126;1177;48;613;36;72;36;1310;96;108;849,1.0,0.0095719479989617,-0.0188860661621142,0.0349632509034723,-0.0105883906066826,0.00227212159868,0.0497993181037665,4.78039744081318,3,0.601307189542484,4.879123759648,3,0.729575163398693,4.59361590533258,2,0.525326797385621,0.162006148084012,0.790468503801224,0.273342771591958,0.563292406313245,-0.0987263188348191,0.37535469163744,0.425558151425364,0.539153944706335,0.268287212938163,0.186781535480602,0.206766758357423,0.684519280966688,0.387314296955236,0.411936471580487,-0.285507854315421
ID1069,FT1069,248.242207944349,804.610002045617,,,804.607186649074,804.611178803162,244.707778002795,250.368094090332,7,2507;4013;5160;6249;7216;9636;12057,59.01416;241.2173;253.2164;254.2197;255.2318;267.2325;269.2478;281.2477;466.3271;474.3367;480.3068;492.3446;729.5667;730.575;744.5533;745.5297;804.6099|562;572;2834;468;17903;1878;283;11038;687;521;168;1722;228;30055;3901;204;10617,1.0,0.0157740267395735,-0.0748539987581844,-0.0309008560030143,-0.122550408247048,-0.0410970482015445,-0.0459911273208977,4.78903953339074,2,0.608660130718954,5.11165825300985,3,0.808823529411765,4.48172421647426,1,0.451797385620915,0.322117630692369,0.491985503982362,0.455891187909317,0.34113880235681,-0.322618719619107,0.465438980811543,0.332137247086203,0.620846729458707,0.207015602345407,0.307315316916479,0.0719020127955579,1.14325895198473,0.217947140084198,0.661648825447861,-0.629934036535586
ID1072,FT1072,37.0068006019707,806.411603672325,,,806.40961487345,806.41644601681,35.7166232356834,44.8909394081093,10,1086;2511;4017;5163;6252;7219;8407;9639;10857;13317,346.1746;360.1947;382.0825;445.2103;538.2609;600.2455;806.4223|36;60;132;287;36;150;348,1.0,0.0070411391118299,-0.0244146668622919,0.0115995010351529,0.0320094222372742,0.0268661822811676,0.0088854933132504,4.26299033076287,3,0.263071895424837,4.36067048316397,3,0.457516339869281,4.11307265994036,2,0.196078431372549,0.279865356131197,0.553050858490775,0.411084277687216,0.386069132911348,-0.0976801524010984,0.310831501649412,0.507474973464342,0.514362265743137,0.288730899299685,0.149917670822507,0.166173781669301,0.779437496644325,0.331495390099272,0.479522506681136,-0.247597823223606
ID1075,FT1075,292.394216474687,808.505871917026,"PE(22:6(4Z,7Z,10Z,13Z,16Z,19Z)/P-18:1(11Z));PE(22:6(4Z,7Z,10",,808.503913484509,808.508513508606,289.079535003273,300.393664565725,10,1090;2515;4021;5166;6255;8410;9643;10861;12062;13321,,0.0,-0.057408580954497,0.0086758363392816,-0.033958206535215,-0.0044856327485655,0.0112728448428068,0.0057317664656839,5.2326980179076,3,0.78921568627451,4.49441490802389,2,0.54656862745098,4.95224553439152,3,0.714869281045752,0.0190059902242684,1.72110949845064,0.0611301729808658,1.21374437527959,0.738283109883706,0.154171380619611,0.811996238428699,0.353754050050869,0.45129857929896,0.280452483516076,0.0539098335174113,1.26833200934334,0.17822316066521,0.749035858685793,0.45783062636763
ID1076,FT1076,38.0363557226458,809.396848001387,Betavulgaroside VII;Balagyptin,,809.395104322544,809.399818755223,37.0988129800163,38.9198639693722,11,1091;2517;4022;5167;6256;7222;8412;9644;10862;12063;13323,,0.0,0.0012349624405268,-0.0260958163653847,0.0086314191820878,0.03677057355933,0.0135696443441,0.0020511769967587,5.06271192102937,3,0.727124183006536,5.09986682025738,3,0.804738562091503,4.86458677129017,3,0.676470588235294,0.536614932798284,0.270337246047869,0.630417738433922,0.200371575347837,-0.0371548992280122,0.127081463609185,0.895917792005636,0.321532954196091,0.492774509234076,0.198125149739202,0.0904884977061633,1.04340662190219,0.255690258651556,0.592285817513219,-0.235280048967214
ID1077,FT1077,294.220975120274,809.511309628429,"PG(18:0/18:2(9Z,12Z));PG(18:1(11Z)/18:1(11Z));PG(18:1(11Z)/1",,809.509603623359,809.512533231166,290.555332896922,300.393664565725,9,1092;2518;4023;6257;8413;9645;10863;12064;13324,,0.0,-0.0457824227052319,0.00373684493128,-0.0221671214176971,-0.0091257614926775,0.0168424599268241,0.0008411834020341,4.71115049474324,3,0.564542483660131,4.11836847471516,1,0.291666666666667,4.4545849709616,3,0.434640522875817,0.0183544684992979,1.7362581870883,0.059676825958528,1.22419428381545,0.592782020028084,0.143280703644925,0.843812294353623,0.341386765292051,0.466753319401846,0.256565523781643,0.0580537872808629,1.23616944273802,0.188296050511431,0.725158789165917,0.336216496246441
ID1078,FT1078,37.9150587048095,810.40493423382,"PS(18:4(6Z,9Z,12Z,15Z)/18:4(6Z,9Z,12Z,15Z))",,810.399503777586,810.419395880796,37.0988129800163,38.6597724805852,10,1094;2521;4024;5168;6258;7223;8414;9646;10865;13325,,0.0,-0.0005114298378346,-0.0255396516991291,0.0027343945957,0.0380679202096128,0.0196092551935068,0.0073721584005818,4.52706532177945,3,0.446895424836601,4.54723353184472,3,0.571078431372549,4.33060504765191,2,0.352124183006536,0.701807811206637,0.153781802343097,0.769621510375191,0.113722802577963,-0.0201682100652727,0.200880638352559,0.697061920204766,0.408524934562106,0.388781430900846,0.196460274127533,0.153655297508784,0.813452462162095,0.31185344729174,0.506049450806355,-0.216628484192806
ID1079,FT1079,296.174204945409,810.525012959296,PS(18:0/18:1(9Z));PS(18:1(9Z)/18:0);PS(14:1(9Z)/22:0),,810.523775006387,810.528892048222,290.555332896922,299.064225622051,6,1095;2522;4025;9647;12066;13326,78.96017;152.9939;255.2363;256.236;281.2503;283.2632;303.2373;305.2511;417.2394;419.2562;437.2661;723.5013;810.5304|96;405;84;72;676;506;96;120;347;540;167;1623;3196,1.0,-0.0333127261221968,0.0026461518479536,-0.0177563955143793,-0.0297176191046506,-0.0003576616667035,0.0122122329077255,4.50833063423963,3,0.43218954248366,4.05343947593207,0,0.245098039215686,4.32513725516112,2,0.345588235294118,0.0020289719900289,2.69272394836331,0.0118632296345164,1.92579706295247,0.454891158307556,0.321702414967159,0.492545678908492,0.521632909101112,0.282635017371671,0.18319337907851,0.142544824795352,0.846048545479183,0.297491890244983,0.526524868825714,0.271697779229046
ID1080,FT1080,410.106888696754,812.052149279458,,,812.049327073636,812.054801213399,409.572627098837,411.360250785692,9,1097;2525;4026;6260;8416;9648;10868;12068;13328,,0.0,-0.0278459348685174,0.0214323266005093,-0.0100788336225941,0.0036872487473703,-0.0168997941540883,-0.0068650228942252,4.23637256616024,3,0.245098039215686,3.86393827848345,1,0.141339869281046,4.19538392548462,3,0.236928104575163,0.020767612417043,1.68261342997941,0.0650610357752674,1.18667902700709,0.372434287676797,0.301281320291224,0.521027794134577,0.501997013671446,0.299298866420458,0.0409886406756188,0.0352190159089219,1.45322278327209,0.130878113337604,0.883132974163076,0.331445647001178
ID1081,FT1081,48.0034246074267,812.533997767722,"PE(22:4(7Z,10Z,13Z,16Z)/P-18:1(11Z));PE(22:4(7Z,10Z,13Z,16Z)",,812.530920902773,812.541215899536,47.6923479516508,48.9881158009151,8,1098;2527;4027;7224;8417;10869;12069;13329,,0.0,-0.0134637533730408,0.0277624572690908,0.0212309684053343,-0.0207701369191683,0.0161261245942167,0.0280088677446462,4.6026712750205,3,0.48937908496732,4.33427144009673,1,0.441993464052288,4.64239754202949,3,0.555555555555556,0.0699416488940403,1.15526413329155,0.154953597826023,0.809798335540551,0.268399834923767,0.323334500672066,0.490347952511598,0.522420051253714,0.281980162548975,-0.0397262670089953,0.0526476762664798,1.27862079270103,0.176551259203971,0.753129180602238,0.308126101932762
ID1084,FT1084,50.6233622139246,814.557606825504,"PS(14:1(9Z)/24:1(15Z));PS(16:0/22:2(13Z,16Z));PS(16:1(9Z)/22",,814.554457818516,814.560395417504,49.3575750171321,51.2610938826761,11,1103;2533;4031;5169;6262;7225;8421;9650;10872;12072;13335,251.2041;253.216;255.234;277.2159;277.2247;279.2328;281.25;305.2531;504.3179;740.5254;751.5443;751.563;754.3964;814.4393;814.5656|84;711;48;113;36;973;174;72;36;1929;96;60;132;418;666,1.0,-0.0232886158364104,0.004021914480124,0.0028101818018672,0.0008513817073319,-0.0098271370792112,-0.0040249765553077,5.01105305690564,3,0.714052287581699,4.68639944788841,3,0.64297385620915,4.85545392952966,3,0.673202614379085,0.0005744754032384,3.24072856134729,0.0047661648972131,2.32183093624242,0.324653609017235,0.0098667555739843,2.00582563030429,0.0775434595720299,1.11045482701303,0.15559912737598,0.020266213048161,1.69322739614851,0.0938518675682693,1.02755708088468,0.169054481641255
ID1088,FT1088,246.354555022419,815.560643876776,,,815.559346250636,815.563494725237,242.06903962284,248.991803935192,8,1108;2539;4035;5173;6266;7229;10876;12076,,0.0,-0.0182172844956381,-0.0102234994951784,0.0397136725739555,-0.0635848891719685,0.0293832094093031,0.0481675348984818,4.84318550472422,3,0.64297385620915,4.52080748614616,3,0.558823529411765,4.54698491603973,2,0.491830065359477,0.005823647260365,2.23480493821363,0.0246684776557012,1.60785765092082,0.322378018578058,0.19151459322389,0.717798127621535,0.399567579645007,0.398409757063858,0.296200588684485,0.894284589213968,0.0485242531759215,0.944042714220799,0.0250083551397319,0.0261774298935729
ID1089,FT1089,411.112197011403,816.115242688041,,,816.109049201259,816.120975400844,410.106888696754,412.031252283315,8,1109;2540;4036;8425;9655;10877;12077;13339,,0.0,-0.0286961000512563,0.0245272850657108,0.0003483926711009,-0.0012015785355507,-0.0125244101884598,-0.0137176776530008,4.0355862979705,3,0.103758169934641,3.61653060710298,0,0.0196078431372549,4.00271469042546,3,0.116830065359477,0.000286076025539,3.54351853650565,0.0028208972026518,2.54961273984056,0.419055690867526,0.584849195424443,0.232956103213741,0.716529237396275,0.144766083869839,0.0328716075450419,0.0008319709343396,3.0798918459165,0.0105533704388515,1.97660881721669,0.386184083322484
ID1092,FT1092,50.6233622139246,817.577257747708,,,817.565207316771,817.57991823713,49.3575750171321,51.2610938826761,11,1112;2544;4039;5176;6269;7232;8428;9659;10880;12080;13342,59.01514;61.98814;168.0442;253.2189;254.2197;279.2329;280.2373;281.2456;281.2529;282.2533;327.2347;478.2968;506.3263;507.3344;740.5159;741.2525;742.5367;743.5408;758.5166;817.5817|108;736;96;2004;1052;246;60;1109;563;1255;36;36;120;72;60;36;476;5736;36;2219,1.0,-0.0182821683407468,0.0035377381979702,-0.001901876192678,0.0034328668119178,-0.0073895666841626,-0.0147631047883038,5.53561715959877,3,0.879084967320261,5.29018031263974,3,0.85375816993464,5.43228039515078,3,0.867647058823529,0.0026351931291366,2.57918755052933,0.0140271563466876,1.85303036233689,0.245436846959037,0.0567872744372525,1.24574897521982,0.223449601043,0.650820416411893,0.103336764447997,0.0262730414740574,1.5804896486094,0.109737231671883,0.959645999897092,0.14210008251104
ID1093,FT1093,247.672774659729,817.578207891719,,,817.577324289314,817.581153673292,244.230391269484,248.991803935192,11,1113;2543;4040;5177;6270;7233;8429;9658;10881;12081;13343,,0.0,-0.0234084037908722,0.0032161350992315,-0.0010182324816932,-0.0031026797172789,0.0129157004196428,-0.0094194203906959,5.72646134745946,3,0.916666666666667,5.41005839605116,3,0.889705882352941,5.59175711128929,3,0.907679738562091,0.008518424522979,2.06964072028562,0.0330569829069155,1.48073678678005,0.316402951408302,0.0844140946932729,1.0735850328003,0.274530465525395,0.561409453489311,0.134704236170169,0.0189930737341872,1.7214047457541,0.0893746655153084,1.04878557053495,0.181698715238133
ID1094,FT1094,50.6233622139246,818.587883799945,PS(18:0/20:0);PS(14:0/24:0);PS(16:0/22:0),,818.583247145824,818.591046344301,49.3575750171321,51.2610938826761,11,1114;2546;4042;5179;6272;7234;8430;9661;10883;12083;13345,59.01372;112.9849;168.0432;224.0687;253.2168;254.2215;255.2325;256.2383;279.2324;280.2375;281.2492;282.2514;283.2626;462.2951;480.3086;488.3112;506.3256;507.3284;508.3362;742.2562;742.5369;743.5431;744.5558;745.5551;759.5207;818.5914|4179;607;2135;1510;26368;8626;52047;372;2181;1426;100007;9118;6071;1212;5091;1134;2257;372;1084;591;1390;5558;222197;332;2286;80290,1.0,-0.0119823499306801,-0.0001028727797707,-0.0069647477189135,0.0026954274971741,-0.0089021124728162,-0.0113991395506285,5.61356512450428,3,0.889705882352941,5.46607269420929,3,0.901143790849673,5.53871833258253,3,0.897058823529412,0.0259729003499123,1.58547955073147,0.0768667218216232,1.11426164013716,0.147492430294989,0.208329647568757,0.681248920838196,0.420000810125287,0.376749871905427,0.0748467919217513,0.177871667421941,0.749893223710581,0.348282274968801,0.458068627405447,0.0726456383732375
ID1095,FT1095,248.242207944349,818.589549726634,PS(18:0/20:0);PS(14:0/24:0);PS(16:0/22:0),,818.587536476971,818.591844840034,245.556658002286,250.368094090332,11,1115;2545;4041;5178;6271;7235;8431;9660;10882;12082;13344,59.01358;168.0431;224.0685;253.2163;254.2198;255.2321;279.233;280.2351;281.2478;282.251;283.2613;462.2974;480.3081;488.3157;506.3249;508.339;673.4806;742.2564;742.5377;743.5414;744.5544;745.5565;759.519;818.5921|4751;2368;2085;29684;8222;62948;980;850;118321;7438;8548;1324;6068;1061;2500;1204;695;587;1541;4786;248471;420;2463;80786,1.0,-0.0135731681265635,0.0003128961841858,-0.0123675524558461,0.0033507894503895,0.0163960508606381,-0.0116784108860067,5.83292838993822,3,0.934640522875817,5.67364350736448,3,0.935457516339869,5.77619939015795,3,0.941993464052288,0.102206858583857,0.990519959923619,0.205266862898798,0.687681154973085,0.159284882573735,0.514053814412752,0.288991413924697,0.65851220340467,0.181436172376912,0.0567289997802716,0.1721376076131,0.76412423719962,0.339995950825576,0.468526255147686,0.102555882793464
ID1096,FT1096,248.242207944349,819.593583632071,DG(11D5/13D5/0:0);DG(13D5/11D5/0:0);DG(13M5/13M5/0:0),,819.591533492274,819.59582161636,245.556658002286,250.368094090332,11,1117;2547;4045;5181;6274;7237;8433;9663;10886;12085;13348,,0.0,-0.0122760799545368,9.92986775501406e-05,-0.0146746005424823,0.0061713802357448,0.0183753006575224,-0.0118551982098278,5.45458520013695,3,0.858660130718954,5.3195111717524,3,0.866013071895425,5.41103125193394,3,0.86437908496732,0.178473459996462,0.748426356773341,0.293310891223694,0.532671810491888,0.135074028384541,0.635159123104592,0.197117459544046,0.756678718649258,0.121088480256251,0.0435539482030016,0.280487794960187,0.552086031722488,0.484214876802571,0.314961871618753,0.0915200801815397
ID1097,FT1097,51.2796053855166,819.562782641684,"PA(18:1(11Z)/24:1(15Z));PA(18:1(9Z)/24:1(15Z));PA(18:2(9Z,12",,819.53823392015,819.574522354316,48.9881158009151,53.280373970146,10,1116;2548;4044;5180;6273;7236;8432;9662;10885;13347,59.01376;61.98911;152.9961;224.0676;229.1975;253.2172;254.2202;255.2319;256.2361;279.2322;281.2475;282.2521;283.2418;284.2678;305.2487;327.2319;329.2496;417.2365;480.3048;481.3146;506.3224;671.4662;742.5448;743.5521;744.5529;745.5597;819.5213;819.5524|675;17229;503;169;204;4057;1545;6036;3551;829;22626;7310;1988;279;156;6139;450;156;504;654;220;180;1531;156;2821;32209;21707;19497,1.0,-0.0018797595667069,-0.0517047881928373,0.0038613513805017,0.0860325705087374,0.114644287614029,-0.0375554740388596,5.42074482823617,3,0.84640522875817,5.45663950005512,3,0.899509803921569,5.09374327087854,2,0.76797385620915,0.742677110368853,0.129199961022721,0.800573981876102,0.0965985282844359,-0.0358946718189523,0.496885982042244,0.303743255231878,0.645417490652721,0.1901592695007,0.327001557357624,0.457696197533837,0.339422695606198,0.638149895486246,0.195077297554088,-0.362896229176576
ID1098,FT1098,52.0923026414135,820.558112518653,"PC(18:1(9Z)/18:1(9Z));PC(14:0/22:2(13Z,16Z));PC(14:1(9Z)/22:",+,820.538476070491,820.563348975886,48.9881158009151,53.280373970146,9,1118;2549;4046;6275;7238;8434;9664;10887;13349,61.9881;253.2142;254.2222;255.23;256.2397;257.2402;281.248;282.2513;283.2564;285.272;327.2342;328.2375;743.5401;745.554;746.5543;820.5588|1563;79;66;110;60;36;260;156;48;36;36;36;95;68;721;2134,1.0,-0.0229068764471875,-0.0149624225414429,0.0085384753370864,0.0425421414567538,0.0970932963630346,-0.0509694604975259,5.09541575735388,3,0.73937908496732,4.80877752493301,2,0.697712418300654,4.84491687262518,2,0.665032679738562,0.40226399054814,0.395488842413037,0.514715160521585,0.288433039766343,0.28663823242087,0.473412186517052,0.32476056670903,0.625007564276065,0.204114726490365,0.250498884728701,0.937304601449942,0.0281192509141874,0.966284867395832,0.0148948217210698,0.0361393476921688
ID1100,FT1100,55.9142293163972,822.561751736689,PC(18:0/9-HODE);PC(18:1/12-HETE);PC(18:0/12-HEPE),+,822.545916767878,822.569313743135,49.1774946763788,59.2040852106855,10,1120;2553;4051;5184;6277;7241;8437;9667;10889;13352,61.98801;257.0574;281.2473;282.2577;283.2463;327.2283;329.2442;745.5559;748.5434;822.4268;822.5716|733;36;69;60;60;111;157;36;96;48;1009,1.0,0.0042715079032417,-0.0255898736269982,-0.0280393549533937,0.0576274152093331,0.0616758722626882,-0.0153641243041445,4.7927536091939,3,0.610294117647059,4.93983247075591,3,0.751633986928105,4.72726022266614,2,0.598039215686274,0.0955266240790626,1.0198755699957,0.19559007319089,0.70865319079494,-0.147078861562009,0.814601231665578,0.0890549376023909,0.884926517852534,0.0530927905633167,0.0654933865277574,0.456694643848445,0.340374081803784,0.638149895486246,0.195077297554088,-0.212572248089766
ID1101,FT1101,38.7783791638319,824.389706822705,,,824.386460406943,824.397065024282,38.0363557226458,40.2084371378475,9,1121;2554;4052;5186;7243;8438;9668;10891;12088,,0.0,-0.0062369637830897,-0.0222815569823235,0.0738326470806829,0.0145427567518768,-0.0121462961845271,-0.0209085031091552,4.24338068673004,3,0.25,4.06065926860751,2,0.250816993464052,3.89476893100116,2,0.0661764705882353,0.45485779627572,0.342124357069495,0.563536487043966,0.249077959637655,0.182721418122533,0.0780502317132505,1.10762580327886,0.266463450799399,0.574362352133468,0.34861175572888,0.558903994006577,0.252662786843534,0.719912760491915,0.142720128474977,-0.165890337606347
ID1103,FT1103,409.605720561876,827.069607743885,,,827.068088877329,827.074541162845,408.76681827495,410.019368444322,10,1123;2557;4054;5188;6280;8440;9670;10893;12090;13357,,0.0,-0.0376818668938562,0.0291005648347926,-0.0137069523501543,0.0059053733495189,-0.0251637257105428,-0.0014221587145334,4.42867861520488,3,0.371732026143791,3.91170177349994,2,0.165849673202614,4.38040773574363,3,0.384803921568627,0.0084534953571579,2.07296368152984,0.0329111809535957,1.48265653361483,0.516976841704941,0.44487283443247,0.351764113056808,0.602167353056601,0.220282793777939,0.0482708794612456,0.0168564832198085,1.77323302743031,0.0838214901973837,1.07664462244816,0.468705962243695
ID1107,FT1107,288.603260799331,834.522308919379,"PS(18:0/20:3(8Z,11Z,14Z));PS(20:3(8Z,11Z,14Z)/18:0);PS(16:1(",,834.521188831382,834.524250872652,286.500430880139,300.393664565725,11,1127;2565;4062;5190;6286;7250;8444;9674;10896;12094;13362,,0.0,-0.0510816860337326,-0.0113878204222326,-0.0172005922302413,-0.0092810138242451,0.0183077155982391,0.0071140273159664,5.71454823557085,3,0.910130718954248,5.05141624624646,3,0.785947712418301,5.29849995764373,3,0.829248366013072,0.0128800649230589,1.89008194787254,0.045306193281988,1.34384242658883,0.663131989324389,0.0605678346982145,1.21775795209906,0.231329684578636,0.635768634321845,0.41604827792712,0.114181543373564,0.942404091000976,0.273912994266569,0.562387364590118,0.24708371139727
ID1108,FT1108,292.922082054192,835.531793046888,PI(16:0/18:1(11Z));PI(16:0/18:1(9Z));PI(16:1(9Z)/18:0),,835.530874568985,835.533723773124,286.659929295148,300.393664565725,11,1128;2566;4063;5191;6287;7251;8445;9675;10897;12095;13363,152.9951;223;241.0111;253.2166;254.2189;255.2324;259.0231;281.2477;282.2506;283.2633;297.0382;391.2234;417.2422;419.2535;551.2626;553.2742;579.2907;581.3074;599.3221;748.5024;832.9523;835.5356;836.5435|5349;4494;18001;9286;716;9959;722;11067;1282;10980;2784;4941;2554;7013;659;5062;2449;6803;1000;661;988;390404;880,1.0,-0.0323329211993288,-0.01024256493449,-0.0253048378189798,0.0042022677384905,0.0056514717408802,0.0097143960250314,5.73876565369531,3,0.918300653594771,5.34650933329543,3,0.873366013071895,5.47791983120887,3,0.883169934640523,0.0321600113181435,1.49268380708135,0.0912464472069024,1.03978403633424,0.392256320399877,0.119499465490602,0.922634037268154,0.31408813851289,0.502948464351792,0.260845822486433,0.368966422053792,0.433013155196725,0.561573265987348,0.250593575220363,0.131410497913444
ID1109,FT1109,294.385886051351,836.537454348684,Phosphatidylethanolamine alkenyl 20;PS(14:1(9Z)/24:1(15Z));P,,836.536011161366,836.539803365001,286.659929295148,300.393664565725,11,1130;2567;4065;5192;6288;7252;8446;9676;10898;12096;13364,,0.0,-0.02621855893948,-0.0102252963860385,-0.0256896906903201,0.0039799137076553,0.0043285216558015,0.0128869025411226,5.361781984926,3,0.823529411764706,5.05346798107644,3,0.78921568627451,5.14409358390906,3,0.782679738562091,0.0552266055704176,1.25785164928656,0.132609993016392,0.877423747813958,0.308314003849553,0.15440131766286,0.811348997709691,0.353754050050869,0.45129857929896,0.21768840101694,0.506983111196698,0.295006507799301,0.680056656053501,0.16745490437255,0.0906256028326125
ID1112,FT1112,397.457475170016,839.044856420512,Leptosin A_130037;Leptosin A_130037,,839.042551231655,839.047163970883,395.114749744425,398.583689349063,8,2570;4068;5195;6291;7254;8449;12099;13367,,0.0,0.01018810818589,-0.0056405480442395,-0.0464987475297011,-0.0215039693881663,-0.0102818261579465,0.0434160863880616,3.97256775115111,2,0.0833333333333333,4.16744464345613,3,0.322712418300654,4.07318164902576,2,0.165032679738562,0.157444926935681,0.802871328290915,0.268771403327899,0.570616941115116,-0.194876892305015,0.617819453714742,0.209138420884116,0.746325900087408,0.127071486599003,-0.100613897874652,0.588235203673335,0.23044898815337,0.742130251553278,0.129519864847033,-0.0942629944303635
ID1113,FT1113,241.655085303428,840.574708057728,"PS(18:1(11Z)/22:2(13Z,16Z));PS(18:1(9Z)/22:2(13Z,16Z));PS(18",,840.572971662871,840.576328471401,236.759370455779,244.968790011366,11,1133;2571;4069;5196;6292;7255;8451;9679;10900;12100;13369,253.2172;255.2325;277.2166;279.2335;281.2477;303.2319;305.2468;478.2953;766.5404;840.5771|3173;1416;4528;2495;2445;3142;6357;420;23606;9141,1.0,-0.013130993927628,-0.0044936736492276,-0.0045552710842763,-0.0052617114848299,0.008334628806346,-0.0134094364985755,4.83147662472398,3,0.633986928104575,4.66808485391932,3,0.632352941176471,4.72675136231411,3,0.597222222222222,0.0439590372867233,1.35695182729591,0.113726283561136,0.944139152846017,0.163391770804662,0.107393358781964,0.969022574628318,0.312018139011651,0.505820157764633,0.104725262409874,0.181348852247306,0.741485188714586,0.353625680431415,0.451456203883276,0.0586665083947873
ID1117,FT1117,243.162754012065,843.593447407072,,,843.590927427484,843.595404952748,239.420010810813,244.865051242452,5,1141;2579;4075;7260;9683,,0.0,-0.0341842601041348,-0.0513906649904982,0.0541592963920417,-0.0393872963856624,0.0079138820484466,-0.0415593441654825,4.92411692818618,3,0.683006535947712,4.40843491214968,1,0.488562091503268,4.22595534096844,0,0.276960784313726,0.0546719578595191,1.26223537329409,0.13180433928858,0.880070291577639,0.515682016036499,0.0002882241467438,3.54026963782355,0.0105250084739096,1.97777754583237,0.698161587217739,0.373900966300059,0.42724341246482,0.561573265987348,0.250593575220363,-0.18247957118124
ID1120,FT1120,244.481656702037,844.605936042239,PS(16:0/24:1(15Z));PS(16:1(9Z)/24:0);PS(18:0/22:1(13Z)),,844.604955261996,844.609406900133,240.747002749202,247.640578663052,11,1144;2581;4078;5199;6297;7261;8458;9685;10904;12107;13376,59.01424;87.0083;168.0431;224.069;253.2163;255.2327;279.233;280.2358;281.2483;282.2532;283.2631;307.2634;309.2785;488.3143;506.3233;699.4952;768.1884;769.5568;770.5714;785.5342;844.6081|4671;634;2309;1924;7338;1320;11811;1234;206271;776;2900;3423;3404;3119;10314;1178;540;1205;274524;2927;94987,1.0,-0.0068570278770336,-0.003724849556339,-0.0146162363721203,-0.0007478785765877,0.0182005861198412,-0.0175926630888114,5.66411273935071,3,0.90359477124183,5.60566323763168,3,0.92483660130719,5.6383662613995,3,0.916666666666667,0.534314371331968,0.27220314454022,0.629722809803145,0.200850575409663,0.0584495017190241,0.777060068982131,0.109545407686701,0.861972969082106,0.0645063531573634,0.0257464779512055,0.626761808917895,0.202897474681968,0.770601756557925,0.113170005363837,0.0327030237678185
ID1121,FT1121,50.1104506617341,844.604779742022,PS(16:0/24:1(15Z));PS(16:1(9Z)/24:0);PS(18:0/22:1(13Z)),,844.600827325864,844.60796853439,48.0606551597577,50.9493501456201,10,1145;2582;4079;5200;6298;7262;8459;9686;12108;13377,59.01413;68.99501;112.9849;168.0413;224.0711;253.2157;255.2323;279.2318;280.236;281.2479;282.2509;283.265;307.2646;309.2789;417.2401;419.2522;488.3119;506.3235;671.469;672.4802;715.5135;730.5401;768.1861;769.5592;770.5712;771.5797;785.5344;844.6082|1400;1862;8256;735;407;2949;966;3176;702;65498;312;814;1007;1312;300;341;990;3270;738;163;320;468;216;537;88801;180;1006;30061,1.0,-0.0066053351855498,-0.041531249243717,-0.0426476123816641,-0.0088390190822485,-0.0898477715745111,0.0320341820515808,5.24731226926735,3,0.793300653594771,5.24797412358234,3,0.845588235294118,4.91490215621205,2,0.699346405228758,0.990917623684232,0.0039624474989549,0.993394917743443,0.002878066206735,-0.0006618543149921,0.390871628367044,0.407965851928488,0.554928353029951,0.255763085151813,0.332410113055299,0.392195155030581,0.406497775677109,0.579356640405933,0.23705401092218,-0.333071967370291
ID1122,FT1122,245.031792409995,845.60954624594,,,845.608619875677,845.611413783338,240.747002749202,247.640578663052,11,1146;2584;4081;5201;6299;7263;8460;9687;10905;12110;13379,,0.0,-0.0063629865113296,-0.0046312267789262,-0.0149681041285064,-0.001638740956711,0.014059853690905,-0.0139242827702056,5.35203168659223,3,0.821078431372549,5.2999394644056,3,0.858660130718954,5.31917353485749,3,0.836601307189543,0.558087527267159,0.253297683449255,0.647528880655261,0.188740856699222,0.0520922221866353,0.693196425658561,0.159143685312947,0.800555719116197,0.0966084355590892,0.0328581517347439,0.75246639902692,0.123512888482299,0.854210396560715,0.0684351470961857,0.0192340704518914
ID1123,FT1123,50.3035077853358,845.604187449075,,,845.594971574063,845.611135052528,48.0606551597577,50.7891593532533,7,1147;5202;6300;7264;8461;12111;13380,61.98805;279.2297;281.2474;282.2507;327.2309;770.5813;771.5749;845.4211;845.6047|137;36;324;145;36;60;596;60;208,1.0,0.040413771170865,0.012938138944688,-0.0238582185836469,0.0375582171067813,-0.0645256300208676,0.128415597883678,4.45030980268026,1,0.39297385620915,5.00134164065114,3,0.773692810457516,4.74175950795586,2,0.607843137254902,0.0716603480651535,1.14472108673077,0.157889008649047,0.801648102095666,-0.551031837970884,0.442614656134014,0.353974209539477,0.601384442654947,0.220847810948672,-0.291449705275597,0.37526651966652,0.425660180518143,0.56289977949978,0.249568921462462,-0.259582132695287
ID1124,FT1124,245.608049317816,846.617383525114,PE(24:1(15Z)/P-18:1(11Z));PE(24:1(15Z)/P-18:1(9Z));PE(P-18:1,,846.616576460028,846.620010427441,241.590046210978,247.640578663052,11,1148;2585;4082;5203;6301;7265;8462;9688;10906;12112;13381,,0.0,0.0062620939983439,-0.0013608217458515,-0.0219416439013398,0.0063493068175686,0.0182693495918906,-0.0140050319359111,5.10605102427381,3,0.743464052287582,5.23600548477628,3,0.842320261437909,5.20559491323792,3,0.799019607843137,0.140372815606495,0.852716988895593,0.24580567274325,0.609408098615299,-0.129954460502469,0.288897099975581,0.539256817695173,0.495721160185372,0.304762542552172,-0.0995438889641109,0.661851454907621,0.179239472120607,0.80039445375875,0.096695929419029,-0.0304105715383578
ID1127,FT1127,409.975650861126,855.074776880839,,,855.068680378683,855.085550394004,408.784983482462,410.678761059845,7,1152;2593;4087;8466;9691;10909;13388,,0.0,-0.0348177562626414,0.000738743655118,0.0147448370656247,0.0294470173527849,0.0193817548216031,-0.0068603968548013,4.62612486403134,3,0.505718954248366,4.13197560308035,0,0.29983660130719,4.34962823403754,2,0.366830065359477,6.89900066652139e-06,5.16121381309565,0.0002441028765242,3.61242710279806,0.494149260950982,0.0674211197299362,1.17120403899253,0.243118545175412,0.614181911744259,0.276496629993796,0.11852775486183,0.9261799418737,0.274315503268827,0.561749647029673,0.217652630957186
ID1132,FT1132,282.43527903113,858.521016447465,"PS(18:0/22:5(7Z,10Z,13Z,16Z,19Z));PE(DiMe(11,3)/MonoMe(11,5)",,858.519207334847,858.524094067869,280.591762077858,296.94612733083,11,1156;2599;4091;5212;6311;7272;8471;9694;10914;12118;13394,,0.0,-0.0340054619136625,-0.0066474209037569,-0.0338606216136895,-0.0085677067129719,0.0100464497357555,-0.0075592772177657,4.99958172795428,3,0.708333333333333,4.59052929189854,3,0.592320261437909,4.78622557311008,3,0.633986928104575,0.0486173753809723,1.31320849033694,0.120840294593615,0.917788224641512,0.409052436055746,0.274487044690609,0.561478148671653,0.479162355471468,0.319517308843298,0.213356154844205,0.239527926738359,0.62064384458216,0.43070738136158,0.365817685337159,0.195696281211541
ID1133,FT1133,282.996299647216,859.533510261967,PI(16:0e/15-HETE);PI(16:0e/18-HETE);PI(16:0e/12-HETE),+,859.531683443748,859.537014261574,280.591762077858,299.064225622051,12,1157;1158;2600;4092;5213;6312;7273;8472;9695;10915;12119;13395,78.95926;152.9953;223.0003;241.0109;255.2324;259.0222;277.2174;279.2323;281.2481;283.2635;297.0378;305.2479;315.0512;391.224;415.225;417.2413;419.2563;553.2753;577.2778;579.2933;581.3089;597.3081;599.3232;699.4969;856.8811;859.535;860.5387;861.5499|460;4913;4512;17228;4022;1013;5758;8589;10373;5627;2811;5352;456;3134;1419;5576;3878;2743;1351;4900;3314;691;555;2062;1030;385298;1492;730,1.0,-0.0287354944228038,-0.0138362363514524,-0.0419276968213865,0.0039650902342512,0.0152441757718511,-0.0113897640710909,5.73014502133884,3,0.917483660130719,5.42391847130955,3,0.893790849673203,5.5252518653637,3,0.892156862745098,0.178943845756333,0.747283233289763,0.293682737305415,0.532121580591046,0.306226550029282,0.319837451593562,0.495070683591337,0.520004901110395,0.283992563066799,0.204893155975133,0.543380735956625,0.26489576234072,0.709923285025324,0.148788579013662,0.101333394054149
ID1136,FT1136,288.9463100685,862.553792470375,"PS(18:1(11Z)/22:2(13Z,16Z));PS(18:1(9Z)/22:2(13Z,16Z));PS(18",,862.550278586684,862.556327675818,281.910662200935,299.064225622051,12,1163;1164;2603;4095;5216;6315;7276;8475;9698;10918;12122;13398,,0.0,-0.0242515480384849,-0.0193452337196973,-0.0329579205353399,-0.0031995844151166,0.0146633573485509,-0.008797752505111,5.56361697491693,3,0.882352941176471,5.30579394248198,3,0.859477124183007,5.33132447861551,3,0.839869281045752,0.197651970775477,0.70409885097622,0.316113312620161,0.500157214139122,0.257823032434952,0.256539102704389,0.590846428624527,0.464217814517043,0.333278197361364,0.232292496301422,0.831463895867797,0.0801566041303457,0.90683959483899,0.0424695257701852,0.0255305361335294
ID1137,FT1137,295.817780282977,863.561240811066,Phosphatidylinositol 18,,863.559323683465,863.562926868035,284.100539791038,300.393664565725,11,1165;2604;4096;5217;6316;7277;8476;9699;10919;12123;13399,152.9948;223.0015;241.0105;281.2465;283.2657;417.2403;419.2592;579.3008;581.2979;581.312;599.315;860.8962;863.5627;864.5786|144;200;781;533;645;82;390;48;204;213;60;84;13800;36,1.0,-0.01362375762756,-0.024685233818854,-0.0357649566626264,0.0001495184834675,0.0090602039316559,-0.0063361086660115,5.33332999469727,3,0.815359477124183,5.23108120498601,3,0.840686274509804,5.14433963016938,3,0.783496732026144,0.558177430789282,0.253227727650026,0.647528880655261,0.188740856699222,0.102248789711262,0.325423376835286,0.487551252671717,0.524148585622701,0.280545581778304,0.188990364527895,0.476698365397691,0.321756337269476,0.653518226416196,0.184742295579083,-0.0867415748166325
ID1138,FT1138,296.895675464483,864.566806571319,"PS(16:1(9Z)/24:1(15Z));PS(18:0/22:2(13Z,16Z));PS(18:1(11Z)/2",,864.565584173765,864.569007948183,289.079535003273,300.393664565725,9,1166;2605;4097;5218;6317;8477;9700;12124;13400,,0.0,-0.0243056728198918,-0.0305457133965201,-0.0729562023229145,0.0151777459447961,-0.0404578939116827,0.0156850280108431,4.85671319977012,3,0.649509803921569,4.67789853535827,2,0.638888888888889,4.58796850122081,2,0.520424836601307,0.534453024778895,0.272090460662597,0.629722809803145,0.200850575409663,0.178814664411854,0.319568553382665,0.495435963288937,0.520004901110395,0.283992563066799,0.268744698549315,0.778387036533996,0.108804405535996,0.871763600417632,0.0596012684541314,-0.0899300341374616
ID1141,FT1141,410.798430960455,869.090219652974,,,869.088870815031,869.093459566329,409.638814024915,411.360250785692,9,2611;4103;5221;6320;7280;8479;9703;12127;13402,,0.0,0.0070133452749785,-0.003999920167629,-0.0562699088412495,-0.0245914843238836,-0.0360069747925303,-0.0025405614745336,3.91035397661381,2,0.0645424836601307,4.08596752129982,3,0.272058823529412,4.04601889962009,2,0.147058823529412,0.259047340691499,0.58662086170126,0.389542438564841,0.409445221353359,-0.175613544686018,0.575128974959332,0.240234752124126,0.707490633147528,0.150279305625962,-0.135664923006283,0.846750442480799,0.072244567736867,0.914960894791753,0.0385974671784466,-0.0399486216797351
ID1146,FT1146,396.81240566878,880.050338944595,,,880.048370723351,880.051612869604,396.324845771143,397.802029049989,11,1176;2623;4110;5229;6329;7284;8482;9708;10924;12132;13407,,0.0,-9.18581451913802e-05,-0.0005613144398881,-0.0115219960609546,0.0058899957351029,-0.0075600166899642,0.0027642471200104,5.9620282001458,3,0.948529411764706,5.98136056077291,3,0.962418300653595,5.97525388026559,3,0.959150326797386,0.566199576703327,0.247030459653851,0.654940471898175,0.183798171612787,-0.0193323606271054,0.691596765384452,0.160147046599631,0.799472624482697,0.097196402761591,-0.0132256801197839,0.89499221906029,0.0481807403643887,0.944042714220799,0.0250083551397319,-0.0061066805073215
ID1147,FT1147,397.247772944583,881.050114975154,,,881.04770618967,881.051502956044,395.467597606154,398.089818984634,11,1177;2625;4111;5230;6330;7285;8483;9709;10925;12133;13409,,0.0,0.0003032433655228,0.0004321944364033,-0.0141620406162786,0.0055332688116004,-0.0051087908812076,0.0020393776144862,5.37993596125059,3,0.829248366013072,5.40777269910079,3,0.888888888888889,5.41044880518884,3,0.863562091503268,0.462509795379533,0.334879065013098,0.571838935088981,0.242726277941605,-0.0278367378501931,0.438448454698404,0.358081456245198,0.599204437812111,0.222424978836336,-0.0305128439382489,0.95667111579789,0.0192373382344716,0.977614003621837,0.0098325860989306,0.0026761060880558
ID1150,FT1150,396.81240566878,882.052383073609,,,882.050219891293,882.057601629181,396.324845771143,401.824755626562,11,1180;2628;4114;5233;6333;7288;8486;9712;10928;12136;13412,,0.0,0.0101788950109426,0.0083231516105884,-0.0120712989732717,0.0136007163180411,-0.0063382142695246,0.0204148131291228,4.50476971063675,3,0.429738562091503,4.66043794332395,3,0.629084967320261,4.64462684888997,3,0.55718954248366,0.249843370567436,0.60233216979225,0.378064873952988,0.422433671108875,-0.155668232687203,0.29696815987769,0.527290112065602,0.501355631316942,0.299854102621176,-0.139857138253223,0.715037982853637,0.145670887841428,0.830297836806164,0.0807660935525655,-0.01581109443398
ID1151,FT1151,58.8792159385667,882.624695905383,,,882.622356918309,882.625385971469,58.6288690524988,62.0167011490042,6,5234;6334;7289;8488;10929;13414,,0.0,0.025957712362984,0.0046674033995099,-0.034309810022761,0.0397498921900292,0.0418170843122816,0.0200043980967471,3.98187499401471,0,0.0849673202614379,4.3951070903495,3,0.477124183006536,4.26874662368178,2,0.310457516339869,0.0039750304265759,2.40065954271985,0.018534734896011,1.73201362134324,-0.413232096334787,0.131475610649768,0.881154803391793,0.325456019805162,0.487507691109391,-0.286871629667067,0.490723666306106,0.309162996638402,0.665900602999099,0.1765905918366,-0.12636046666772
ID1152,FT1152,280.729061483274,883.533530603967,"PI(16:0/22:5(4Z,7Z,10Z,13Z,16Z));PI(16:0/22:5(7Z,10Z,13Z,16Z",,883.532085323153,883.536662505703,276.158375572922,295.650192701342,12,1182;2629;2630;4115;5235;6335;7290;8489;9713;10930;12137;13415,152.9951;223.0019;241.0108;281.2487;283.2634;297.0366;301.2166;303.2336;417.24;419.2564;579.2933;581.3075;597.3055;601.2738;723.4962;883.5348;884.541|1607;1529;8273;6544;1013;823;660;6201;4237;897;4349;677;681;456;846;173418;424,1.0,-0.0268304856277242,-0.0136873721843025,-0.0317971492968811,-0.0079358691674239,0.0007465533330327,-0.0173265128284439,5.42348188805648,3,0.848039215686274,5.12379308172409,3,0.812091503267974,5.20930847819286,3,0.79983660130719,0.122274275402901,0.912664902127241,0.222535481557776,0.652600734273036,0.299688806332393,0.226276670179122,0.645360220834375,0.440874544478031,0.355684976047515,0.214173409863616,0.503661805802276,0.297860981757412,0.678136840233146,0.168682661646634,0.0855153964687769
ID1153,FT1153,280.294143900425,884.537107481549,"PS(20:0/22:6(4Z,7Z,10Z,13Z,16Z,19Z));PS(20:1(11Z)/22:5(4Z,7Z",,884.534651389747,884.540438069213,276.158375572922,295.650192701342,12,1184;2632;2633;4117;5236;6336;7291;8490;9714;10931;12138;13416,,0.0,-0.0252124068675406,-0.0124870629101143,-0.02915916422054,-0.0074300636576673,0.0029769592886098,-0.0202550089355323,5.12984013566354,3,0.753267973856209,4.84755125428616,3,0.715686274509804,4.93453259739821,3,0.708333333333333,0.125413887636051,0.901654369488129,0.225183443024133,0.647463544849111,0.282288881377378,0.238062098996109,0.623309741542047,0.451338139736641,0.345497965444422,0.195307538265334,0.450207708825325,0.346587072925819,0.634531879467578,0.197546553665329,0.0869813431120434
ID1154,FT1154,280.379176773688,885.549247430427,"PI(18:1e/20-HETE);PI(16:0/22:4(10Z,13Z,16Z,19Z));PI(16:0/22:",+,885.546819778734,885.553976330009,276.158375572922,297.734967233079,13,1185;1186;2634;2635;4118;5237;6337;7292;8491;9715;10932;12139;13417,152.9952;223.0003;241.0109;259.0228;281.2479;283.2634;297.0365;303.2326;305.247;315.0469;417.2406;419.2558;441.2392;579.293;581.3098;597.3046;599.32;601.2761;603.2933;725.5122;882.8147;885.5521;886.5577|5080;3871;21027;922;11754;8738;2268;9954;12190;631;7515;6449;730;7400;5734;1598;1182;822;1138;1554;1598;478545;2228,1.0,-0.0136275429853316,-0.0207960372398344,-0.0573469256648782,-0.0096588046594341,0.0008697039682887,-0.0136196611002962,5.77311507453014,3,0.924019607843137,5.70147299940493,3,0.941993464052288,5.65939009893719,3,0.92156862745098,0.724227088316595,0.140125235268237,0.789264746611765,0.102777295007761,0.0716420751252125,0.593410822062329,0.226644537697142,0.723749427207408,0.140411766975402,0.113724975592952,0.8207595460834,0.0857840573805477,0.904463069196721,0.0436091614426625,-0.0420829004677392
ID1157,FT1157,280.729061483274,888.56850819571,"PS(18:3(6Z,9Z,12Z)/24:1(15Z));PS(18:3(9Z,12Z,15Z)/24:1(15Z))",,888.566118249738,888.571252191256,277.95948645899,297.734967233079,12,1192;1193;2638;4122;5240;6340;7295;8495;9718;10936;12142;13421,,0.0,0.005421944518818,-0.0192676170018045,-0.0484662300500843,0.0079459290752531,0.0044701972181565,-0.0164882773461651,5.28725739478884,3,0.803921568627451,5.46936828487551,3,0.902777777777778,5.30747205167902,3,0.834150326797386,0.32495252537283,0.48818008355851,0.4577492833999,0.33937232690767,-0.182110890086668,0.908931198650333,0.0414689893603883,0.946271862359423,0.0239840735765453,-0.0202146568901789,0.215691275198113,0.666167421934775,0.400177612330999,0.397747211334674,-0.161896233196489
ID1161,FT1161,281.126618554349,896.584212625174,Galabiosylceramide (d18:1/16:0);Lactosylceramide (d18:1/16:0,,896.582734355461,896.587913698307,280.335596450006,281.509861193531,11,1197;2645;4127;5244;6343;7297;8500;9721;10940;12146;13426,89.02355;161.0459;179.0555;536.5049;680.5506;698.5574;858.5967;860.6113;896.5867|168;144;324;422;468;818;360;7971;24919,1.0,-0.0197233203078809,0.0056819718923899,-0.0410946863096269,-0.0035118381344466,0.0295570061113197,-0.0064991036566116,4.80110710366059,3,0.612745098039216,4.59093478659983,3,0.594771241830065,4.80797090528053,3,0.643790849673203,0.247505191016556,0.606415688018476,0.376420663455016,0.424326544176308,0.210172317060762,0.969297675002222,0.0135428289782785,0.978502471377518,0.009438073118639,-0.0068638016199313,0.148107447600876,0.829423102379264,0.303763429438,0.517464512728965,0.217036118680693
ID1163,FT1163,281.126618554349,897.589733202073,,,897.58674213669,897.593323087542,278.892096622368,281.509861193531,11,1199;2647;4129;5246;6345;7298;8502;9723;10942;12148;13428,,0.0,-0.0176741832462007,0.0084404526872342,-0.0387655375892371,-0.0034419679528696,0.022921684253002,-0.0065568040931032,4.52187267968151,3,0.44281045751634,4.3352820525741,3,0.443627450980392,4.5529662019796,3,0.495098039215686,0.244998795546026,0.610836050692612,0.375456752919578,0.42544008009802,0.186590627107411,0.837696870945528,0.0769131067775229,0.905132218338281,0.0432879760428144,-0.0310935222980877,0.131731191849309,0.880311378841427,0.285213916304534,0.544829287982795,0.217684149405499
ID1164,FT1164,281.126618554349,898.586270457362,3-O-Sulfogalactosylceramide (d18:1/22:0),,898.582418476504,898.59027961433,278.892096622368,281.743906736188,11,1200;2649;4131;5247;6346;7299;8503;9724;10943;12149;13430,,0.0,-0.0188276916862147,0.0060627968488618,-0.0383408769064148,-0.0044358343869073,0.0273658424955289,-0.0034526700003129,4.49032287027669,3,0.419117647058824,4.28710182117446,3,0.417483660130719,4.49641397405136,3,0.461601307189543,0.22419077363524,0.649382264362605,0.34890232947373,0.457296130941086,0.203221049102234,0.969771040285096,0.0133307891132237,0.978502471377518,0.009438073118639,-0.0060911037746693,0.148637181994665,0.827872537041016,0.304315072610131,0.516676536668137,0.209312152876904
ID1169,FT1169,280.209111027162,911.560498824773,"PI(16:0/22:2(13Z,16Z));PI(18:0/20:2(11Z,14Z));PI(18:1(11Z)/2",,911.556497112034,911.563480480226,277.95948645899,295.650192701342,11,1210;2659;4137;5252;6350;7301;8511;9731;10950;12156;13440,241.011;281.2461;283.2636;329.2461;417.2385;419.2547;911.5601|351;144;300;168;204;267;12616,1.0,-0.0131391467116196,-0.006996746567966,-0.0410872785923266,0.0083186168036011,0.0051575235679347,-0.0202934047082646,4.45571498001633,3,0.398692810457516,4.36200080491601,3,0.459967320261438,4.41075464520194,3,0.40359477124183,0.582490759075042,0.234710960112332,0.668004178424476,0.175220820966045,0.0937141751003283,0.750319118455101,0.124753987397936,0.840802871144492,0.0753058139635433,0.0449603348143954,0.726722269500554,0.138631531188304,0.838028545955678,0.0767411876467137,0.0487538402859329
ID1171,FT1171,397.247772944583,921.049079024939,,,921.047600519845,921.052916505564,396.324845771143,402.740077107179,9,1212;2663;5254;6353;8513;9734;10952;12158;13444,,0.0,-0.0043813678221708,0.0117363602947649,-0.042555936939062,0.0849030050661998,0.0017453173911318,0.0168088289793187,4.43347338190015,2,0.377450980392157,4.4725606052944,2,0.530228758169935,4.55833547594475,3,0.5,0.908424767606789,0.0417110335360502,0.930072336536993,0.0314832728039606,-0.0390872233942474,0.646178002389184,0.189647830601264,0.763033261863278,0.117456530028311,-0.124862094044602,0.765605511842421,0.11599494859311,0.864082816557161,0.0634446313056634,0.0857748706503543
ID1172,FT1172,444.066449194057,925.161974318856,"2,3-diene-Valproic acid-CoA",,925.15911196443,925.166057010439,442.781323445066,444.226082966365,7,5255;6354;8514;9735;10953;12159;13445,140.0111;152.996;214.0476;451.086;688.1241;925.1655|438;192;12569;13594;1960;6954,1.0,0.0148264294824194,0.0273474440376116,-0.0517301195588181,0.0214041277198222,-0.0099207885033159,-0.0104469511997783,3.7241727350773,0,0.0285947712418301,4.00209237716206,2,0.215686274509804,4.14382091803501,3,0.208333333333333,0.123145767516855,0.909580510139637,0.223238948555052,0.651230031657143,-0.277919642084762,0.0001541048640785,3.81218365324046,0.0068947657706256,2.16148048311434,-0.419648182957714,0.385964833306698,0.413452263713227,0.573784663017728,0.24125106441311,0.141728540872952
ID1178,FT1178,397.030089306682,954.541954930731,,,954.536675978305,954.544131446488,395.414903516149,398.744681677946,10,1222;2677;5260;6359;7305;8524;9741;10959;12164;13452,,0.0,0.0126034926977581,0.0083694368843565,-0.0120063888583807,0.0133701854873327,-0.0063265314985248,0.00949092188888,4.17744254712972,2,0.20016339869281,4.37073205765072,3,0.465686274509804,4.34412438410423,3,0.363562091503268,0.156283049098844,0.806088124233248,0.26743742256886,0.572777821913227,-0.193289510520998,0.195640209699678,0.708541880345929,0.403299271872374,0.394372562078906,-0.166681836974513,0.476153697957899,0.32225283845457,0.653518226416196,0.184742295579083,-0.0266076735464846
ID1179,FT1179,397.030089306682,961.048524636112,,,961.047663668302,961.050699122054,393.155358003789,398.089818984634,10,1224;2679;4152;5261;6361;8525;9742;10960;12165;13454,59.01395;140.5893;141.0162;142.019;223.02;224.0225;304.0883;305.0232;306.0247;385.8379;387.026;388.0296;467.5855;469.0278;470.031;549.3343;551.0309;552.0337;631.0812;633.0356;634.0402;715.0388;716.0419;797.0436;798.0468;879.0465;880.0503;961.0493;962.0563;1043.052;1044.055;1125.054;1126.057;1207.058;1208.064;1289.065;1290.066;1371.067;1453.07|12244;841;385048;1091;240669;1066;1987;750688;5825;2277;702472;7712;1475;511921;6683;878;318091;6018;1084;445746;6652;220064;6005;295912;4459;68240;3188;118843;3455;11801;2264;8042;1644;6009;1519;3837;516;2188;969,1.0,-0.0729103168656107,0.013509472085536,-0.121384240117971,0.139712303762603,-0.031924796171657,0.0097920532745362,6.53214899345346,3,0.98202614379085,5.79951096777877,2,0.950980392156863,6.33269432156099,3,0.977941176470588,0.404521214199384,0.393058697863468,0.516054104646722,0.287304763260952,0.732638025674697,0.405487956084738,0.392022040795904,0.567871916274351,0.245749608528485,0.199454671892476,0.548910733898646,0.260498276546912,0.714134700623991,0.146219863545633,0.533183353782221
ID1181,FT1181,397.030089306682,963.054723572396,,,963.051231244771,963.056220218236,396.324845771143,397.802029049989,10,1226;2682;4153;5264;6362;8528;9743;10964;12167;13455,,0.0,-0.0318474321342365,0.0184346099839361,-0.0636024655086692,0.0433728015523148,-0.038283240589909,0.0094958870032165,5.28035153363128,3,0.802287581699346,4.96049125455855,2,0.757352941176471,5.29467286084118,3,0.827614379084967,0.433235698195483,0.363275765134074,0.54346459325252,0.264828744964893,0.319860279072733,0.732452349604456,0.135220623502146,0.830021049082723,0.0809108939075863,-0.0143213272099016,0.416811357214018,0.380060455955703,0.604247023439452,0.218785480278202,0.334181606282635
ID1182,FT1182,33.8014633316877,968.483930112513,,,968.479294934609,968.492970179193,32.9534469672671,34.587357004655,11,1229;2687;4156;5265;6363;7311;8530;9745;10966;12168;13456,218.0815;261.0873;282.0532;304.0931;445.2135;446.219;522.2597;544.1499;750.3183;762.3199;968.4878;969.494;970.5034|5056;276;1081;728;41452;276;17509;7254;2487;2607;45249;434;443,1.0,-0.012765753403895,-0.0293336500489063,0.0054729453471622,0.0419826849314323,0.0035638315112921,0.0182217476451667,4.61595804973164,3,0.495915032679739,4.47239283883193,3,0.529411764705882,4.27622373540912,3,0.315359477124183,0.0985109685565692,1.0065154109401,0.19984602896046,0.699304476964516,0.14356521089971,0.0310510642105189,1.50792351069398,0.157780074243503,0.801947843918095,0.339734314322516,0.129935813950642,0.886271128700566,0.283142285870597,0.547995266103388,-0.196169103422807
ID1183,FT1183,33.8112936508375,969.4957412375,"Notoginsenoside H;Momordicoside B;(3b,6a,12b,17a,20S)-Dammar",,969.488182535576,969.503518165804,32.9534469672671,34.587357004655,10,1230;2688;4157;5266;6364;7312;8531;9746;10967;13457,,0.0,-0.0133455027994687,-0.0295045614833391,-0.0020634801423427,0.0452997043222334,0.0160924969291529,0.0176604625621055,4.44244861134338,3,0.383986928104575,4.30626120787676,3,0.42483660130719,4.11985538698921,2,0.199346405228758,0.173822787296408,0.75989329032478,0.287237380656014,0.541759042297973,0.136187403466621,0.0738645771644304,1.13156378393574,0.256403474754689,0.591076093597205,0.322593224354165,0.258628723960123,0.587323242933502,0.456236343616184,0.340810121945654,-0.186405820887544
ID1185,FT1185,33.7543637731016,971.520737266714,,,971.515615404231,971.555997927422,32.9534469672671,40.2084371378475,9,1232;2690;4159;5268;6366;7314;8533;9748;12170,325.1844;339.2004;445.211;483.7925;485.2818;486.2845;487.2914;971.5048;971.5763|286;168;120;238;138174;351;144;584;2541,1.0,-0.0061887191636444,-0.0713065187556601,0.0450389529216208,-0.0204405606081175,-0.127788649983837,0.0248664831007209,5.28387258936988,3,0.803104575163399,5.20176998558717,3,0.832516339869281,4.54151988976799,1,0.488562091503268,0.299328875162402,0.523851386337836,0.430732819163122,0.365792036437008,0.0821026037827046,0.0821910097228044,1.08517568417902,0.274272761726927,0.561817320427072,0.742352699601887,0.105672404532179,0.976038410271552,0.273912994266569,0.562387364590118,-0.660250095819182
ID1189,FT1189,33.5347464333121,987.501338815372,"PIP(16:0/22:4(10Z,13Z,16Z,19Z));PIP(16:0/22:4(7Z,10Z,13Z,16Z",,987.496230158357,987.506753338171,32.7161819272486,34.3441811488634,11,1239;2700;4165;5272;6369;7316;8537;9754;10971;12175;13465,,0.0,-0.0050921424834239,-0.0203456431285487,0.0062095442038241,0.0223841811704295,-0.0058700035168201,0.024587710158793,4.52174839657921,3,0.441993464052288,4.4661966261666,3,0.526960784313726,4.29918263793919,3,0.32843137254902,0.52868803261694,0.276800520174138,0.625926768525477,0.203476474913692,0.0555517704126052,0.0468473006839684,1.32931542786757,0.202704428343425,0.693136763472231,0.22256575864002,0.0294669682292308,1.53066454514932,0.11696582286909,0.931941019516112,-0.167013988227414
ID1190,FT1190,33.8112936508375,988.502024916598,"(4aR,6aS,6bR,10S,12aR)-10-[(2R,3R,4R,5S,6R)-3-acetamido-6-[[",,988.493843498312,988.509302739445,32.9534469672671,34.587357004655,10,1240;2701;4166;5273;6370;7317;8538;9755;10972;13466,,0.0,-0.0071834717036197,-0.0353341437908335,0.0030183163857804,0.0430325213390505,0.0107970862953037,0.0032039201205263,4.1158256886197,3,0.160947712418301,4.06193020210816,3,0.253267973856209,3.79681715840599,2,0.0343137254901961,0.502808732262294,0.298597188542966,0.607918497398532,0.216154641948847,0.0538954865115375,0.0780861436945258,1.10742602439279,0.266463450799399,0.574362352133468,0.319008530213702,0.10320322169383,0.986306745131154,0.273912994266569,0.562387364590118,-0.265113043702165
ID1192,FT1192,409.328140036214,991.075387202014,"2-[(5S,8R,11S,12S,13S,21R)-13,17,18-trihydroxy-2,10,14-triox",,991.072126756293,991.085228282216,408.550560386934,410.019368444322,7,1242;2703;4168;8540;10974;12177;13468,,0.0,-0.0332237722033857,0.030297061213739,0.0072543965988977,-0.0133781415829748,-0.0031320743016374,0.0462744093026215,4.1504503459276,3,0.181372549019608,3.6308034863767,0,0.0245098039215686,4.07223334467211,3,0.16421568627451,4.0096383066359e-05,4.39689480157353,0.000685313674754,3.16411060218089,0.5196468595509,0.361007837840127,0.442483369025739,0.537705199155324,0.269455764241587,0.0782170012554921,0.0034265882479931,2.46513807892817,0.0281128770150091,1.55109470729877,0.441429858295407
ID1196,FT1198,277.439316618498,1008.69989138848,Galabiosylceramide (d18:1/24:0);Lactosylceramide (d18:1/24:0,,1008.69690043546,1008.70400302061,276.64021950849,278.631866972778,10,1249;2711;4176;5279;6376;7323;8546;9762;10980;13475,970.7284;972.7297;1008.706|317;422;2246,1.0,-0.0075444058496262,-0.007130233770077,-0.0113578440017984,0.037756901554327,0.0455833287575907,-0.0070517709227807,4.15858945681525,3,0.188725490196078,4.08966202516386,3,0.277777777777778,4.09329250992936,2,0.178104575163399,0.181864650786893,0.740251706984257,0.296856410985932,0.527453567503464,0.0689274316513906,0.733187263541288,0.13478508792938,0.83007517746755,0.0808825730687372,0.0652969468858897,0.984486087259338,0.0067904169247375,0.989573870656027,0.0045517806179412,0.0036304847655008
ID1197,FT1199,33.8014633316877,1010.56760162241,,,1010.56665290796,1010.57039551753,32.9534469672671,34.587357004655,11,1250;2712;4177;5280;6377;7324;8547;9763;10981;12183;13476,128.0093;177.0915;240.0555;346.1764;366.9347;368.0651;443.8453;445.2151;446.2182;564.3436;574.231;586.2323;792.4008;801.9203;804.4019;805.4054;1007.441;1010.569;1011.573;1012.166;1012.36;1012.544|1135;1420;1109;5263;994;426386;1664;588341;3220;186105;2198;209836;37849;1008;318298;1638;5115;2627760;10040;2034;1519;1191,1.0,-0.0131455173555404,-0.0350724737519245,0.0056217873704607,0.0425585431697911,0.0115401670328477,0.0135443267432354,5.95368313016921,3,0.947712418300654,5.81043162608455,3,0.952614379084967,5.5775306536211,3,0.90359477124183,0.0633514679913072,1.19824331711617,0.144889384018142,0.838963433930069,0.143251504084667,0.0364204035133748,1.43865524682607,0.17884490830958,0.747523419644339,0.376152476548115,0.128521747576304,0.891023377754932,0.282278328495441,0.549322462894966,-0.232900972463448
ID1199,FT1201,33.8014633316877,1012.57364099279,,,1012.57172689542,1012.57752929037,32.9534469672671,34.587357004655,11,1252;2714;4179;5282;6379;7326;8549;9765;10983;12185;13478,,0.0,-0.0124899613816594,-0.0334013301689104,0.0050715003296519,0.0367857165445821,0.0093664099316927,0.0163141956786759,5.20626584207256,3,0.781045751633987,5.06806762594056,3,0.795751633986928,4.84636532622577,3,0.667483660130719,0.052552934638122,1.27940302727499,0.128498334084676,0.89110250270251,0.138198216131999,0.0298182386019684,1.52551801440545,0.154594129747544,0.810807001146359,0.359900515846785,0.112696562987417,0.948089328837304,0.273912994266569,0.562387364590118,-0.221702299714787
ID1200,FT1202,33.8112936508375,1013.5752846731,Quinquenoside I,,1013.57191398702,1013.57911335455,32.9534469672671,34.587357004655,10,1254;2716;4181;5283;6380;7327;8550;9767;10984;13479,,0.0,-0.012816667501224,-0.0347844090985915,0.002185561430657,0.0436580804137935,0.0129832295468099,0.0072895819568712,4.55634130298872,3,0.468954248366013,4.42453628462206,3,0.496732026143791,4.19684460278821,2,0.23937908496732,0.0646552678545663,1.18939608475162,0.146454638071601,0.834296870093634,0.131805018366655,0.0519314844770632,1.28456926278945,0.210193117115148,0.677381509277576,0.359496700200504,0.159696983759151,0.796703286423366,0.322208124729515,0.491863512704175,-0.227691681833849
ID1202,FT1204,33.8014633316877,1027.56597197315,"NCGC00384852-02_C54H86O17_2-Butenoic acid, 2-methyl-, 3-[[O-",,1027.56418786106,1027.5677519863,32.9534469672671,34.587357004655,11,1257;2720;4185;5286;6383;7329;8553;9770;10986;12187;13482,,0.0,-0.010959088694638,-0.0328509098582662,0.0055459366894513,0.040976203370705,0.0114726637037421,0.0107155864003736,5.39514386244423,3,0.839052287581699,5.27952821689087,3,0.851307189542484,5.05416532936486,3,0.751633986928105,0.0902758519578978,1.04442840432603,0.187244568802329,0.72759077054912,0.115615645553363,0.0439525924540551,1.35701550386015,0.196029146147424,0.707679351756102,0.340978533079373,0.127962369095699,0.89291772798411,0.282278328495441,0.549322462894966,-0.225362887526011
ID1203,FT1205,33.8014633316877,1028.56759409337,,,1028.56387115901,1028.57137628741,32.9534469672671,34.587357004655,11,1258;2721;4186;5287;6384;7330;8554;9771;10987;12188;13483,,0.0,-0.0104247166070755,-0.0314496881944886,0.0071949535726732,0.0345570055887582,0.0082307025377239,0.0099890058725175,4.90819348091448,3,0.675653594771242,4.79457026858465,3,0.688725490196078,4.57812682879603,3,0.51062091503268,0.0676461334640545,1.16975702187811,0.151260777987468,0.820273670204651,0.11362321232983,0.0243308256421473,1.61384315347179,0.138639798942047,0.858112080115425,0.330066652118441,0.0849905128704465,1.07062955002649,0.244165356155166,0.612315956680985,-0.216443439788612
ID1204,FT1206,33.9661746145881,1029.56693939257,Melilotoside D,,1029.56347032561,1029.57441530308,32.9534469672671,35.5125802479079,10,1259;2722;4187;5288;6385;7331;8555;9772;10988;13484,,0.0,-0.0070792317264646,-0.0349878690094341,-0.0023518530891028,0.0440908226012405,0.0154300107424632,0.0121510837841287,4.31817374636471,3,0.294117647058824,4.27393564581316,3,0.41421568627451,4.00470440976843,2,0.117647058823529,0.514425028235854,0.288677909912178,0.61603865436961,0.210392036451263,0.0442381005515529,0.0732331589167125,1.13529223214052,0.254944253519852,0.593554772646281,0.31346933659628,0.109234859857477,0.961638744160786,0.273912994266569,0.562387364590118,-0.269231236044727
ID1205,FT1207,33.8112936508375,1030.55673836538,"CDP-DG(16:0/22:3(10Z,13Z,16Z));CDP-DG(20:1(11Z)/18:2(9Z,12Z)",,1030.55447498737,1030.56446352963,32.9534469672671,34.587357004655,10,1260;2723;4188;5289;6386;7332;8556;9773;10989;13485,128.0088;346.1759;445.2171;446.2154;447.2177;448.2242;580.3441;583.3496;584.3226;606.2178;824.3788;1030.556;1031.475|36;97;713;71;68;48;36;48;146;239;101;2073;36,1.0,-0.0073515038506753,-0.0321539963620578,-0.0048134282130645,0.040783856598534,0.0157570100115626,0.0071548534647371,4.24716321107189,3,0.252450980392157,4.19950048690477,3,0.338235294117647,3.96403315724936,2,0.0996732026143791,0.451516375130414,0.345326494520311,0.559973401321534,0.251832601446712,0.0476627241671217,0.0841394093351834,1.0750005410874,0.274530465525395,0.561409453489311,0.28313005382254,0.144867916784722,0.839027785033611,0.299222759093399,0.524005376807679,-0.235467329655418
ID1206,FT1208,33.3806577389334,1031.55564391958,,,1031.55261126428,1031.56331167205,32.9534469672671,34.587357004655,6,1261;2724;4189;5290;8557;13486,,0.0,-0.02134055937863,-0.0144047623670388,-0.0019595218702926,0.025526915858427,0.0082297283787737,0.0543404557749847,4.03070253362092,3,0.102124183006536,3.73719212092696,1,0.0702614379084967,3.74157897005497,1,0.0228758169934641,0.0775417391739695,1.11046446248295,0.165983473712252,0.779935150712171,0.293510412693968,0.0870993140342858,1.05998526534018,0.278626464781767,0.554977635353459,0.289123563565958,0.979194193714301,0.0091311704081908,0.989573870656027,0.0045517806179412,0.0043868491280099
ID1208,FT1212,33.5347464333121,1043.56133872854,,,1043.55448612383,1043.5648015363,32.9534469672671,34.587357004655,7,1265;2728;4194;5294;6390;8562;13489,,0.0,-0.0186242190747019,-0.0348292034023837,-0.0114272543894501,0.0435745757238703,-0.0106450971101099,0.0820997554877815,4.45279222614509,3,0.394607843137255,4.24576319143584,2,0.398692810457516,4.01660596345017,1,0.122549019607843,0.291468275923215,0.535408707941867,0.422963010778804,0.373697611152295,0.207029034709246,0.0155431735798033,1.80846030294305,0.10373565571493,0.984071943527118,0.436186262694917,0.302650920009964,0.519058001564271,0.514859509696251,0.288311261225653,-0.229157227985671
ID1209,FT1213,34.3891770754262,1044.56465958622,CDP-DG(a-13:0/i-24:0);CDP-DG(a-15:0/i-22:0);CDP-DG(a-17:0/i-,,1044.56044318815,1044.56951565626,32.9534469672671,35.5125802479079,10,1266;2730;4195;5295;6392;7337;8564;9778;10994;13491,,0.0,-0.005833054909749,-0.0308734722397979,0.0137816404508522,0.059296255828111,-0.0046115739465573,0.0112808398021826,4.22135285821538,3,0.228758169934641,4.17115571414377,3,0.323529411764706,3.90081629176621,2,0.0686274509803922,0.677454180728843,0.169120072748087,0.747685669189723,0.126280943348866,0.0501971440716122,0.0821495943386081,1.08539457680517,0.274272761726927,0.561817320427072,0.320536566449172,0.0852248473572208,1.06943376794567,0.244165356155166,0.612315956680985,-0.27033942237756
ID1213,FT1262,52.7282791129972,1430.0574811767,,,1430.04355765318,1430.05840669266,51.9051117136259,53.9779886617301,8,1325;2821;4261;8613;9830;11042;12242;13559,,0.0,-0.0325449661057388,0.0250782992350937,-0.0022558203806882,0.0044783832472839,-0.0127935910582937,-0.0138207372032115,4.15412428655807,3,0.185457516339869,3.69060983140223,0,0.0457516339869281,4.10170732853823,3,0.187091503267974,0.0005442896270559,3.2641699422864,0.0045788840653731,2.33924035241162,0.463514455155836,0.510487953893308,0.292014501607217,0.657430115461744,0.182150405701169,0.0524169580198395,0.0018640871523554,2.72953378677698,0.0185930744170837,1.73064879247777,0.411097497135997
ID1214,FT1263,53.1266423780295,1431.05842527229,,,1431.05617370653,1431.06192903359,51.9051117136259,53.9779886617301,6,1326;4263;8614;9831;11043;13561,,0.0,-0.0211047000349125,0.0151169056679974,0.0055587636533163,0.0587054588410129,-0.0082136479583694,-0.0445487413127468,3.91727111239915,2,0.0661764705882353,3.62683427840739,0,0.0236928104575163,3.86761172446498,2,0.059640522875817,0.11650554580614,0.933653401198655,0.218646672641802,0.660257127348624,0.290436833991751,0.808637438123539,0.0922461556636378,0.879873052970539,0.0555799828173492,0.0496593879341631,0.1270255070831,0.896109062719949,0.282278328495441,0.549322462894966,0.240777446057588
ID1215,FT1265,53.2887394202532,1444.0432006551,CL(i-13:0/i-21:0/i-17:0/i-18:0);CL(a-13:0/a-21:0/a-17:0/i-18,,1444.04269510752,1444.04572716923,51.9633738605396,53.8710486392436,7,1328;2828;4268;8617;11046;12245;13567,,0.0,-0.035795955185739,0.0177117855914621,0.0072599761046641,-0.0065695494254428,0.0191772107694283,0.0449273638690692,4.27373520677326,3,0.269607843137255,3.7369844800996,0,0.0694444444444444,4.09831186495671,3,0.183006535947712,0.0011151226630564,2.95267735776515,0.0075790540319598,2.12038499678711,0.536750726673658,0.0798216994806321,1.097879029907,0.271618628091841,0.566040448676983,0.17542334181655,0.0007640346582777,3.11688694043297,0.0098085387133351,2.00839568946068,0.361327384857108
ID1216,FT1266,53.1308251030831,1446.05531152652,"CL(i-13:0/a-21:0/18:2(9Z,11Z)/i-19:0)[rac];CL(a-13:0/i-21:0/",,1446.05009538743,1446.05859599692,51.9518698063856,54.8509625652851,6,1330;4273;8618;11048;12247;13569,,0.0,-0.0150151801695432,0.0348764416757045,0.0070596148867698,0.0174505760720198,-0.0078247693633447,0.0242648708538436,4.24507321239062,2,0.251633986928105,3.98480374511824,0,0.205882352941176,4.33885829952362,3,0.361111111111111,0.116280356575429,0.934493645129131,0.218646672641802,0.660257127348624,0.260269467272381,0.527633093453001,0.277667973070144,0.666716293819273,0.176058931061131,-0.0937850871329964,0.0007648474917853,3.11642515318495,0.0098085387133351,2.00839568946068,0.354054554405377
ID1217,FT1267,53.1266423780295,1447.05552458633,,,1447.04962707178,1447.06054342982,51.9051117136259,53.8710486392436,6,1331;4276;8619;11050;12249;13571,,0.0,-0.0149402864344389,0.0320038133057528,0.0081620903505647,0.0136899376926108,-0.0032607304858987,0.021993093752051,4.16918299503956,2,0.19281045751634,3.91039712441388,0,0.162581699346405,4.24644198671698,3,0.294117647058824,0.116155681094181,0.934959544300967,0.218646672641802,0.660257127348624,0.258785870625681,0.593528243336616,0.226558610098778,0.723749427207408,0.140411766975402,-0.0772589916774198,0.0004856441184216,3.31368186658529,0.0078346141707898,2.10598238625638,0.336044862303101
ID1220,FT1273,51.9662969326681,1458.0863509932,,,1458.07896872646,1458.09148959319,51.6298414740159,52.4836474400815,6,1338;6452;7386;8625;12254;13577,,0.0,0.0082364885825789,0.0268092700504204,-0.0106423890515061,0.0110182006625332,-0.0396219290064261,0.0589101694545591,3.82384218248238,1,0.0449346405228758,3.91803359004017,2,0.17156862745098,4.01508939384268,2,0.121732026143791,0.6012682774534,0.220931708661344,0.684967554712538,0.164329999519293,-0.0941914075577865,0.39578116744338,0.402544874783503,0.55918555587322,0.252444055226563,-0.191247211360294,0.641354080215923,0.192902137988415,0.783727970274327,0.105834653526791,0.0970558038025078
ID1221,FT1274,52.4836474400815,1472.07234467781,CL(i-13:0/i-21:0/i-17:0/i-20:0);CL(a-13:0/a-21:0/a-17:0/i-20,,1472.06639732685,1472.07643522327,51.8224918782105,53.9779886617301,9,1339;2845;4287;6454;8627;9837;11056;12255;13581,,0.0,-0.0479003087317046,0.0295667831051791,-0.011802161736912,0.002616730252289,-0.0028776498354495,-0.0132901749819976,4.33373403118253,3,0.306372549019608,3.6830588526852,1,0.0408496732026144,4.22064629253508,3,0.26062091503268,0.0067183562726836,2.1727369693604,0.0271214181075115,1.56668760609681,0.650675178497336,0.241722839628216,0.616682312538669,0.45483051444063,0.342150406322409,0.113087738647456,0.0068527787756485,2.16413328803754,0.0451818804021574,1.34503569835398,0.53758743984988
ID1222,FT1275,52.4836474400815,1473.07424080911,,,1473.07011274644,1473.07990522027,51.9051117136259,53.9779886617301,7,1340;4289;8628;9838;11057;12256;13582,,0.0,-0.0174227754648977,0.0341778100007863,0.0049048746817147,0.0214106608428876,-0.030867403678245,-0.0231064303510757,4.04302884996031,2,0.112745098039216,3.76998934017045,0,0.0857843137254902,4.14258965242715,3,0.205065359477124,0.117047761580482,0.931636887328657,0.218646672641802,0.660257127348624,0.273039509789861,0.521933184981185,0.282385089433033,0.663679249955023,0.178041760436767,-0.0995608024668435,0.0005730954963032,3.24177300445154,0.0081799961745867,2.08724689942846,0.372600312256704
ID1223,FT1276,51.9284907600057,1474.085143259,"CL(i-13:0/a-21:0/18:2(9Z,11Z)/i-21:0)[rac];CL(a-13:0/i-21:0/",,1474.07923070943,1474.08705651126,50.6577245882418,53.4711146541306,8,1341;4292;5350;6455;8629;11058;12257;13584,,0.0,-0.011317617803861,0.0462906893583042,-0.0100485296843405,0.0334607758678445,-0.0249945505712769,0.0591134502245793,4.06746774108233,2,0.125816993464052,3.87794443617135,2,0.148692810457516,4.26822384076561,3,0.309640522875817,0.482910540886939,0.316133314792097,0.59159000069958,0.227979175239201,0.189523304910979,0.407083995589075,0.390315971469729,0.567871916274351,0.245749608528485,-0.200756099683282,0.0385834469842408,1.41359897577552,0.140270662400651,0.853033152135023,0.390279404594261
ID1224,FT1277,51.9284907600057,1475.0801599322,,,1475.07822992526,1475.08384804879,50.6577245882418,52.4836474400815,6,1343;4294;8630;11059;12258;13585,,0.0,-0.0121308110345991,0.0366954221202651,0.0048397998677332,0.0135937882852819,-0.0087699815208191,0.0210546119493005,4.07471400929332,2,0.129901960784314,3.85703588984862,0,0.136437908496732,4.21095635373852,3,0.254084967320261,0.116685034809091,0.932984839898002,0.218646672641802,0.660257127348624,0.217678119444701,0.293800363430742,0.53194767132361,0.499874421161037,0.301139085757573,-0.136242344445201,0.0002561844751491,3.59144719216094,0.0048135511325001,2.31753441048126,0.353920463889901
