ID,IGF1.1,IGF1.2,IGF1.3,QC1,QC2,Rapamycin.1,Rapamycin.2,Rapamycin.3,VControl1,VControl2,VControl3
ID1,4.369144509993213,,,4.40039050260871,4.468626890302698,4.474740347482034,4.495088015470588,4.434033993617904,4.419414885293032,4.391742351292408,4.313730778397552
ID2,5.85967832790463,5.362163728794619,,5.490989548081082,5.638316858775864,5.576572971654077,5.983113555220237,6.010211906820519,6.444875675742041,5.565290276512696,6.022924370877739
ID3,,,,,7.439969819036633,,,,,,7.278512502549672
ID4,4.8232209785363,4.741242298627374,4.944099660816224,4.991856643238052,4.894230678223038,4.856600855141783,4.954218524675801,4.968067434300496,4.922880736864736,4.950399702158323,4.894452105920554
ID5,4.989275506577739,4.886535178668674,4.978294349181125,5.002936827524113,4.975827635699295,4.921820449712438,4.982134582846951,4.999528964058175,4.910749831340604,4.986773187817399,4.976358299377033
ID6,4.605362713169443,4.521253040623285,4.576742122022167,4.443379852388034,4.554250342651633,4.5101901295468805,4.631087363664776,4.5830280061034365,4.59261150670635,4.593371297396015,4.607375332464307
ID7,5.0780316595450055,5.004900554938748,5.200865365011538,5.2475566587610105,5.150076829478052,5.071450027201429,5.188387070232215,5.16976748354163,5.138229969434622,5.222501932337292,5.180387198854122
ID8,,6.537564881436357,6.660284785128343,6.698887242090826,6.70735196589449,6.716471014523195,,6.78210060426758,6.657413161203547,6.46167333668407,6.644210533116947
ID9,4.628772971414626,4.48836251026243,4.576742122022167,4.72186868115419,4.6427076437798,4.685094984023243,4.747130754432202,4.6939301631850014,4.632772829357173,4.524565288262658,4.618313594035096
ID10,4.548758168072303,4.468093755473817,4.4893399520882085,,,,4.4600405199664905,4.436881667980353,4.5066636826727695,4.5340177520129386,4.503803037561793
ID11,4.5080711704271215,4.490983263785816,4.624234764571907,4.32919140813793,4.430106064395588,4.4457922552389855,4.351907125345358,4.342057047116697,,,
ID12,4.388000897614759,,,,4.366510164608998,4.369201661125505,4.322547360730734,4.267904099004721,4.335691705796458,4.364804269516012,4.281071891903876
ID13,6.02392735680885,5.909756248715522,5.980069838517261,5.557523995771263,5.58023883653306,5.419616938546124,5.892011277073063,5.874650363313265,5.983378289441622,5.97147012416288,5.908828758357712
ID14,6.971040322461025,,,,,,,,6.881679637383892,,
ID15,6.114244685078544,5.992611593778917,6.129545426617167,6.111799595579976,,6.062814049184743,,6.112443652676653,6.061100205025166,5.97147012416288,6.093736999550753
ID16,5.402856526540877,5.312747884849683,5.372886903192384,5.567015318091868,5.514673921277629,5.317262816272256,5.469286685814707,5.477396638642352,5.446487340398894,5.481494677069412,5.497191725884876
ID17,6.114244685078544,5.992611593778917,6.129545426617167,6.111799595579976,,6.062814049184743,,6.112443652676653,6.012246503173692,5.97147012416288,6.102523280827281
ID18,5.074392585458229,4.98760709617639,5.1333333732377735,5.148977894442935,5.196892409386793,5.17806709792178,5.188387070232215,5.175727528338355,5.134810796767459,5.165187610605554,5.168443323330873
ID19,4.6630833586665,4.580022599206291,4.663731789974159,4.674614900188367,4.627250021876607,4.580942484902482,4.643497546815743,4.617682216019894,4.558233076951926,4.656040279043928,4.653018837732544
ID20,,4.234739973346958,3.9252647958787015,,4.28923081980681,4.612757081419172,4.421850207961096,4.446020593566514,4.669956316004601,4.56947158595285,4.573772752889146
ID21,4.264252535345069,4.137800665916172,4.220100164454838,4.035819025437342,4.101386084920355,,4.272940722002662,4.21192085583384,4.132854827681465,4.253002985943349,4.111959693383604
ID22,5.179741047098455,5.08515933112512,5.106442018226254,5.20592157709812,5.236605010680627,5.224055838446708,5.259407116540723,5.208444324866102,5.249275428108973,5.1294079060326485,5.206650448750395
ID23,,,,4.336147984202233,,,,,,,
ID24,5.770956307104465,5.649614285242388,5.636362849802213,5.24028048515722,5.246208981711091,5.090622243492536,5.605517623382566,5.588379097681036,5.6514255670771645,5.599239827954254,5.547813965339729
ID25,5.958701734400374,5.891190715359323,5.908436886803695,4.898329541989452,5.1066461814399045,4.86978993174434,5.595174597761581,5.562031287848402,5.588668226576894,5.552528079209302,5.475386006412252
ID26,4.8310241245046095,4.856444401092122,4.944099660816224,4.682500041204601,4.772706759622768,4.740064570954405,4.719197772788604,4.700560408360916,,,
ID27,4.628772971414626,4.599765683560025,4.5451604124286265,,4.5274526469704455,,4.631087363664776,4.5830280061034365,4.614784598379752,,4.579750512855452
ID28,6.481616436309397,,6.515507508506215,6.518471309535501,,6.395728100763938,6.522329119404162,6.487168328549673,6.382082765775083,,
ID29,4.911502881018607,,,4.940891641332192,,4.964769755334061,5.053539909723856,5.007538236647193,,4.909917905722868,
ID30,4.446854990250284,4.327071899826279,4.288580997113347,4.461128810592699,4.527985169960626,4.484017924197931,4.534095730635164,4.515683414659602,4.4874721767146335,4.429499718030966,4.421449123611257
ID31,4.373230174056079,4.239743923633934,4.433761503930287,4.5364605856764255,4.541542768872295,4.513515392778106,4.550224685843,4.485816267629238,4.571656620864261,4.084956842235198,4.434619235867735
ID32,,,,4.315238610026337,4.3247865086579935,4.14843076257086,4.506441614443824,4.505608335937337,,,4.419066965452426
ID33,,,,4.387829268516611,4.436112206185715,4.3360079865207535,4.433776602526523,4.402716613241326,,,4.359054785269434
ID34,5.85967832790463,5.765841674600796,5.792952240904372,5.557523995771263,5.549973083930191,5.40597444476703,5.766886359156324,5.759482559364793,5.745442659598125,5.750115762003567,5.714461590889059
ID35,4.483124425267334,4.4072087829405415,4.376471927848487,4.128554890771969,4.217217791558978,,4.3956916501444265,,4.361993252729443,4.35191541720801,4.302076737084195
ID36,4.723415638194208,4.6521470646261855,4.745643682037458,4.872689092725943,4.920543567020394,4.822416615905632,4.896981434685134,4.868462747677116,4.846795756515995,4.953467281611309,4.923230626328481
ID37,4.691585786398062,4.5785359313217535,4.670696171734943,4.493567039518215,4.5274526469704455,4.459536334881459,4.658928942342838,4.645365806940241,4.563293030433388,4.622584534149004,4.604231232903489
ID38,,,,4.505434855596256,4.498897080674789,4.661588345712278,4.623954637273831,4.633675126918279,5.17705558704008,,
ID39,,,,4.617017390611331,4.669097910843097,4.685094984023243,4.638585542843455,4.67348108813008,4.692853837541367,4.695839244824119,4.670179502854039
ID40,4.8232209785363,4.498674300953289,4.680223534889575,4.690825737040171,4.669097910843097,4.435187162518432,4.7223628638871045,4.746123945455361,4.783573103027496,4.810814522988294,4.753192565897266
ID41,,,,6.449835315472941,6.399933062695175,6.333398350769404,6.416682374672755,,6.328789848798053,6.252933813818071,6.310388644451903
ID42,4.638499269808745,4.417206666895762,4.556000491481474,4.697777314694504,4.627250021876607,4.601162856282027,4.651001545689775,4.617682216019894,4.591657857034148,4.429499718030966,4.524331063976745
ID43,4.894730195995262,4.695276774356936,4.7212716973551005,4.348777180883626,4.450035448937545,4.194680073491572,4.696050383670711,4.711896061967257,4.764471853150715,4.782239093099073,4.700718440257456
ID44,4.888136239727504,4.770918348386261,4.804858310835668,4.299611953302128,,,4.752481624947723,4.73765638704438,4.826807177878341,4.882044795385484,4.7570546818327735
ID45,5.104851583408445,5.008950235588965,5.161499605922957,5.20916249505696,5.256096419715649,5.1949085134566095,5.2178121405738604,5.206286970215599,5.1814971817935165,5.269873646589452,5.263871791451705
ID46,,,,4.387829268516611,4.53740586312472,4.6269806361235,,4.5830280061034365,4.599161044928449,,4.617710204814985
ID47,5.163616431042684,5.132508044353017,5.161499605922957,4.870515527167176,4.986816688668699,4.859022728198761,5.0933980768410105,5.059058542283889,5.005269943910569,5.018717257374982,4.963313615449132
ID48,4.824141848004188,4.760349835575378,4.827275068534105,4.577815275636477,4.582389568488889,4.414498522010614,4.815278997511301,4.773936555706566,4.85748955388798,4.885168818025134,4.861718171789199
ID49,5.805397175392889,5.691414131932359,5.715594513452812,5.347412558599089,5.426285451598382,5.261622757385802,5.63486358865323,5.616700232404776,5.643060179294943,5.615537970062973,5.598051758117209
ID50,4.352286953105313,4.41205162408519,4.531532422586828,,4.313172813072996,4.286027445986801,,,,,
ID51,4.414751103371771,4.343099293226466,4.3670806111108496,,,,4.301312030162336,4.284999907526769,4.283881878094233,4.253002985943349,4.229767952901809
ID52,4.9442059087923305,,4.967330025928593,5.53944159102015,5.585664283708216,5.374102800739147,,5.383285129676208,5.383304862973458,5.354413735898702,5.598051758117209
ID53,,,,5.341128992263845,,,,,,,
ID54,6.114244685078544,5.992611593778917,,6.257300922231334,6.21756667066041,5.999733500415507,,6.144317011045787,6.131126099438941,6.192420663660727,6.193709567664316
ID55,4.453782065563386,4.398904048688512,4.475323973272124,4.623979170556044,4.597789355865809,4.414498522010614,4.567734211779744,4.599048420306758,4.504922585705242,4.605763194506532,4.557704629708985
ID56,4.899289301267968,4.90132085907275,4.9568520590587655,5.025872616810275,5.089201072040051,5.032664078832912,5.046312633956083,5.031316164612292,5.049795679993911,5.027572312543784,5.124236133878065
ID57,4.6207791326159775,4.669247051922329,4.642817370712105,4.704552363433397,4.80476660204652,4.811103904876374,4.779143087389739,4.762338382838367,4.789809881823904,4.729126031208727,4.77937941164525
ID58,4.704591016847456,4.648931542363104,4.670696171734943,4.8396208131188745,4.827959090970397,4.681323183043749,4.779143087389739,4.773936555706566,4.759702182010498,4.819917090169898,4.780455905409415
ID59,5.770956307104465,5.659576700572815,5.7348950195354575,5.5533842438038175,5.58023883653306,5.468749602663607,5.733036864948861,5.715219183936407,5.643060179294943,5.693477098890864,5.6525257543033245
ID60,5.480552501629022,5.33424820626147,5.494314924073519,5.385077581502323,5.585664283708216,5.516346042895462,5.466567275846099,5.5246077920016265,5.383304862973458,5.457835331402721,5.298889408396069
ID61,5.918631994505185,5.804362908371407,5.86129450334929,5.596295911663703,5.620315039780968,5.468749602663607,5.8316550664068405,5.828674581463366,5.770804442781192,5.808012952389792,5.717087687365149
ID62,,,,5.112345553333085,5.154060729650082,5.145966146157432,5.053539909723856,5.025509678242008,5.123682840834843,5.035926924372133,5.124236133878065
ID63,5.8963936833430814,5.762710073362253,5.825194232240921,5.932610123670069,5.942723900328838,5.999733500415507,5.972293846598607,5.9930271400309785,5.9275225139381575,5.97147012416288,5.919337887664195
ID64,5.698996992145518,5.675611393490922,5.781186637447759,,,,,,,,
ID65,5.297851531530046,5.19931138049753,,,,,,,,,
ID66,5.813609393896051,5.7156907249080415,5.772267955177333,5.454774301178779,5.537403025069615,5.374102800739147,5.676720871600212,5.645519716551762,5.566578386195676,5.584869602904418,5.543984058040193
ID67,4.889969781800081,4.741242298627374,4.822561424790214,4.685523890586468,4.686807704585887,4.525396717990475,4.7877981901882745,4.762338382838367,4.884826508888912,4.809360791065012,4.78281149585373
ID68,,,,4.777343978200623,4.742337658794472,4.811103904876374,4.773901853286784,4.826068702725637,4.747677658172287,4.819917090169898,4.761483566774664
ID69,4.804748142273216,4.461995882189845,4.734385863132339,4.861869008947881,5.070723762035342,4.841003940838875,4.7877981901882745,4.985413746515675,4.774293370157146,5.066218087157477,5.072985727199505
ID70,4.605362713169443,4.490983263785816,4.581607401821178,,,,4.411925399448638,4.351865268623477,4.547031462927389,4.408479548200779,4.353446696990822
ID71,4.654862021792342,4.580022599206291,4.61910592964998,,4.424681615525121,,4.44448238942099,4.471010674892103,4.43324616310896,4.402548189833964,
ID72,5.131988547426655,5.004900554938748,5.106442018226254,4.876595988265157,4.859467943732912,4.696693408797064,5.023099720996475,4.999528964058175,5.0413085350083024,5.109408165573446,4.986121726318842
ID73,4.498854104752172,4.37601783583791,4.475323973272124,4.336147984202233,4.3515352489975365,,,4.436881667980353,,,
ID74,,4.637547974249989,4.680223534889575,,4.647354239155476,,,,,4.678120833656092,4.710673512294196
ID75,5.588831602567539,5.464546900696094,5.4819088976301895,4.978985639248658,4.958118540135465,4.859022728198761,5.453832363853742,5.469534820848377,5.540529105259614,5.599239827954254,5.48004146403213
ID76,,4.952096917545566,,4.861869008947881,4.842474027606,4.740064570954405,4.919130298247199,4.762338382838367,4.747677658172287,,4.855081401122451
ID77,,,4.534102611437065,,,,4.605991215899589,,4.558823926308855,,
ID78,4.687882810942645,4.5992148382738405,4.651727961207642,,,,,,4.868654044199069,4.754780202418659,4.693804261284799
ID79,4.86663293934464,4.940235658183134,5.000442871263653,5.112345553333085,4.990945150415832,5.0078293463091565,5.053539909723856,5.089051383880999,4.990713295173592,5.085734845900822,5.039937899919531
ID80,4.747834941375437,4.669247051922329,4.6761266140885285,4.947360939198882,4.827959090970397,4.923124677536284,4.911475160514085,4.853334616977215,4.864107783589897,4.9152939849092405,4.855081401122451
ID81,,4.461995882189845,,4.387829268516611,4.377450584402282,4.292125898067993,4.477784407242261,4.284999907526769,4.3208181962005625,,4.412565608149995
ID82,4.804748142273216,4.669247051922329,4.756997422365301,4.872689092725943,4.8955600216988655,4.895369425553423,4.898547812142075,4.864906523379768,4.910749831340604,4.772321234777215,4.834702298624722
ID83,4.723415638194208,4.542593961631298,4.645282981741104,4.8451818386902525,4.875157737773295,4.725847896887032,4.860887690624855,4.838480022356798,4.910749831340604,4.937306326017944,4.8470746065552754
ID84,7.1095175086302005,7.04119643984208,7.119339215497239,7.191243167424912,7.146074047464449,7.136946368294113,7.19465144139132,,7.135635670562245,7.19716773165099,7.130709838700347
ID85,5.684796594942646,5.58093247613749,5.670840971797627,5.718802916055963,5.696199616547591,5.692067298481212,5.733036864948861,5.715219183936407,5.663867590657365,5.750115762003567,5.683706447556976
ID86,5.174282804943484,5.132952512249116,5.236957703447931,4.969616061960402,4.971665372086918,4.763273663813284,5.101570256446239,5.089051383880999,5.093360006265001,5.163943740685423,5.168443323330873
ID87,4.883863532722564,4.809392813693197,4.889776397960246,4.966351980649274,4.900416585702316,4.943384115905591,4.960346880193017,4.956748940850513,4.8822896069117885,4.970930139795676,4.930877487626185
ID88,5.163616431042684,5.06575220107456,5.108308973625293,5.195657393063444,5.209475878631286,5.224055838446708,5.239840062586023,5.247767296337976,5.193261312098825,5.218132909591829,5.162408412906517
ID89,4.104680037938403,,4.024757951881036,4.14349256362136,,4.166852288174143,4.080944322827058,4.186209158098561,4.09359244066784,4.257921965219618,4.136603601943571
ID90,4.8310241245046095,4.669247051922329,4.967330025928593,5.385077581502323,5.1633537188001375,,5.01485529877997,4.968067434300496,,5.2049732031181,5.089280235247313
ID91,6.659804425700332,6.523566134765078,6.5973430619593865,6.38872810558972,6.4208865089340215,6.2844049508720445,,6.605864088218464,,6.553601316596597,6.522469426089119
ID92,6.620510798626097,6.513802945222026,6.574380024955397,6.286388221797505,6.294217561869717,6.116193585131828,6.522329119404162,6.487168328549673,6.487566025029413,6.503855217525983,
ID93,4.830502526518037,4.669247051922329,4.981357758436519,5.359522290058666,5.150076829478052,5.314682780361085,5.023099720996475,4.956748940850513,4.958353029609918,5.2049732031181,4.846245061435692
ID94,4.498854104752172,4.4072087829405415,4.421650372191406,4.188252136501794,4.159007472419677,4.065535855192981,4.401819771754852,4.366732488048502,4.424074052118662,4.412716670937172,4.313730778397552
ID95,4.559290605516087,4.550122422108692,4.527684808560046,,4.086837647058369,,4.351907125345358,4.301388707904813,4.177083273775967,4.218879839519872,4.195231302174435
ID96,4.145584468821719,4.121662600342856,4.267630630795494,4.41912208316318,4.317699589620089,4.259852132167022,4.393499001458219,4.351865268623477,4.563293030433388,4.384599123320239,4.44712039396529
ID97,5.260546453036498,5.153701190904455,5.171644888168202,5.3004216714215,5.299716017180272,5.317262816272256,5.325398246365621,5.278847688347776,5.2696737105928335,5.269873646589452,5.273670258791693
ID98,5.115251564702134,5.064134281867617,5.10160498426777,5.140333409763758,5.167596627953617,5.21191608016146,5.223502583946733,5.247767296337976,5.177565048324807,5.17154816123421,5.131221517871354
ID99,4.269516917487043,4.1532456982909975,,4.376471528536335,4.419655510730769,4.27262065705919,,4.324592296036595,4.268671832753391,4.3312553078790055,4.359054785269434
ID100,4.464088609289861,4.370293632716852,4.446528077311839,4.651790429295631,4.679561696030082,4.501138882295193,4.654761757514343,4.666781772574078,4.669956316004601,4.743024994282092,4.611994835037026
ID101,,,,,,,,,4.08949764213517,,
ID102,4.8232209785363,4.4072087829405415,4.621458709775395,4.777343978200623,4.758042161150024,4.785382052361608,4.7877981901882745,4.773936555706566,4.826807177878341,4.743024994282092,4.715135895358956
ID103,4.463418611072649,4.37601783583791,4.407985138777431,4.469452947918216,4.563393974444979,4.497629121931064,4.539323036161511,4.5830280061034365,4.630315098671212,4.643395823984021,4.648082221858968
ID104,4.626440433864438,4.495474965600733,4.596518570635611,4.682865474873794,4.723641198464014,4.748514086649533,4.707552041076113,4.733712679068329,4.709836496662432,4.718991496024442,4.700718440257456
ID105,4.428145126480263,4.251664590214649,4.312959820475807,4.508474618901191,4.42730353204153,4.545529754111319,4.536461667604705,4.436881667980353,4.457620426457022,4.435177147259319,4.412565608149995
ID106,4.678566734492356,4.609782247029538,4.778090689374594,4.541449515750961,4.498897080674789,4.357308167852338,4.719161265620704,4.671676570453808,4.619743130538167,4.826664903754747,4.7353843709814205
ID107,6.227158615866459,6.141144516808839,5.887307100892108,5.85973979283351,,5.78208607000163,,6.1034118712581495,6.131126099438941,6.174233539198669,5.854656742528958
ID108,5.017019287529965,5.001537339225327,5.022752080989306,,5.041964668062192,5.01678520541618,5.1126622630946486,5.1355026424117085,5.065198352366904,5.125273994701436,4.9471329014519085
ID109,5.027189785135081,4.896920042451498,4.992386373234999,5.107549638331324,5.080334324066919,5.099508980411184,5.131917859691113,5.089051383880999,5.079263705233,5.085734845900822,5.089280235247313
ID110,4.861970266610338,4.800331348726937,4.512150789848695,4.526564024634872,4.565440210717086,4.4210676861210825,4.761422044874829,4.773936555706566,4.779886483066025,4.809360791065012,4.504589429274228
ID111,5.076335767552669,5.008950235588965,4.756997422365301,4.496877867123969,4.799133696743431,4.663712661872879,4.996135430929668,4.985413746515675,5.011200616992126,5.035223502187557,4.720184947306305
ID112,5.008720275785341,4.874952167997762,5.022752080989306,5.011512423686731,4.966720988461669,4.923124677536284,4.960346880193017,4.981909817663507,4.890550920257818,4.986773187817399,4.967213364445168
ID113,4.091907194241063,4.339748264185073,4.284630594483648,4.651790429295631,4.226890878322522,4.3360079865207535,4.896981434685134,4.164206972783305,4.535349582994752,,4.171754122489569
ID114,4.305328771070564,4.343099293226466,4.38926922110923,4.858593013780775,4.327616601455091,4.535974733132029,5.0933980768410105,,4.670944545034336,4.347764650702284,4.397619560138997
ID115,4.962289566045564,4.856444401092122,4.945824271272975,4.95103573241289,4.914559202566053,4.884164951249863,4.949654518636644,4.890834779534352,4.910749831340604,4.931757132768589,4.894452105920554
ID116,4.38479552303547,4.4519564979297215,4.547183625831458,4.226213077862034,4.317699589620089,4.198292840637762,4.259728073109585,4.251788630641286,,,
ID117,4.10918159524211,4.29464910154672,4.251704578477693,4.651790429295631,4.30104682824038,4.394464412147531,4.899373516026307,4.2169839589582985,4.529344548184625,,
ID118,,,,4.782832859959606,,4.525396717990475,5.0933980768410105,,4.686659643551923,4.323692641212359,
ID119,5.406877834729567,5.28729995075899,5.332539735521199,4.898329541989452,4.975827635699295,4.800148268471101,5.187041638388848,5.160676249673102,5.075405790882122,5.114286019889797,5.0635875031141016
ID120,,,3.995500162172526,,,,,,,,
ID121,4.883863532722564,4.800331348726937,4.693742577500252,4.570194033458338,4.769095775836565,4.853324155218013,4.93005301286529,4.985413746515675,4.859572120258258,4.986773187817399,4.801468964197885
ID122,5.201819151633552,5.071490492969012,5.123206917935917,4.546808185748921,4.5274526469704455,4.481004877946591,5.0933980768410105,5.025509678242008,5.305122954848211,5.216227370279637,5.124236133878065
ID123,4.345621730063328,4.291151679887784,4.30759621256485,,,,,,,,
ID124,4.373230174056079,4.286297801805999,4.384251293086058,4.41912208316318,4.463207685867126,4.42918151771917,4.490377164519984,4.505608335937337,4.400962342790021,4.435177147259319,4.402985716195311
ID125,4.696301267127737,4.609782247029538,4.676332435953039,4.5813191741020844,4.580638156833225,4.50324881056469,4.7223628638871045,4.69356036430738,4.625977747533514,4.709817548956576,4.687449184336484
ID126,4.626440433864438,4.506768263423109,4.49114294475165,4.407279131135214,4.409867294573046,,4.5074652823498536,4.617682216019894,4.503133733839784,4.479837221579914,4.463442384793541
ID127,4.352286953105313,4.358997307029654,4.288580997113347,,,,4.277772906886588,4.231899606654503,4.438158575257753,4.403621599967962,4.373201175327615
ID128,5.061732674530898,5.024574574670835,5.152330376928698,5.112345553333085,5.196892409386793,5.1949085134566095,5.195938684066439,5.200641652122702,5.065198352366904,5.066218087157477,5.12688696216372
ID129,4.602756721862399,4.509738586193393,4.547183625831458,4.697777314694504,4.742337658794472,4.856600855141783,4.787095441573587,4.733712679068329,4.79200113721309,4.806408323912899,4.72844095718459
ID130,5.724680689604939,5.58093247613749,5.636362849802213,5.099231963516933,5.1066461814399045,4.928217889315074,5.5319824864244165,5.536622835305652,5.510491758663572,5.554812954024635,5.487003595275549
ID131,,,4.1670972604174805,4.155989684742165,4.230813423988809,4.181881589167377,4.24652296829921,4.21192085583384,,,
ID132,4.920373777169432,4.874952167997762,4.862887851093017,4.407043225806559,,,4.809930720538345,4.80531841995527,4.955010448785499,4.927162334223879,4.906201862851616
ID133,5.528923501489574,5.337746428736738,5.452251517351119,5.627696963720188,5.620315039780968,5.636146334750869,5.63486358865323,5.616101448385011,5.620330515704777,5.565290276512696,5.598051758117209
ID134,4.883863532722564,4.807748123800322,4.972952238169893,,,,4.7819447720854775,4.80531841995527,4.826807177878341,5.0546594258786905,4.943454999945315
ID135,4.564832069762897,4.362104540449463,4.475323973272124,4.673478271511939,4.679561696030082,4.638116277794976,4.636183205870337,4.655591551031128,4.664353074921266,4.578673183334453,4.611994835037026
ID136,5.042328912936397,4.856444401092122,,4.915424854968205,4.958118540135465,5.069006089923173,5.0933980768410105,5.155129116660369,5.093360006265001,5.018717257374982,
ID137,5.179741047098455,4.982778579880632,,4.965064740757631,4.933116789420848,5.159066187485712,5.046312633956083,5.160676249673102,5.102229142927259,,
ID138,,,,,,,,,5.003609287150384,,
ID139,4.23819107559044,,,3.998861648817576,,4.198292840637762,4.065218360605028,4.164206972783305,4.125544168553536,,
ID140,,,,4.3834398723007615,4.45682539795652,,,,,,
ID141,4.23819107559044,4.128497017694809,4.18592117197798,4.24400580273733,4.217217791558978,4.264197917743331,4.336933780645529,4.320417879916153,4.283117620000634,4.280243012398007,4.221389604259281
ID142,5.958701734400374,5.871779139102238,5.955644373836959,5.932610123670069,,5.867212607742379,,5.942091926161002,5.8202100042823295,,5.919337887664195
ID143,4.352286953105313,4.282992289975034,4.33729053780533,3.993168157243044,,,4.2561262102849575,4.311494276033645,4.484641246192444,4.515319737388709,4.471614024088307
ID144,,4.641551187442176,,,4.568534610172816,,4.381854129967087,,4.377129931294848,4.409204501123213,4.494641967863196
ID145,,4.6521470646261855,,,,,,,,,
ID146,6.064235218204099,5.938492022725382,6.030101610650662,6.0578423392870775,6.049572369353134,5.938583448305308,6.02968708851505,5.990001953118275,6.012246503173692,6.047576949001042,6.005121824445334
ID147,5.267420698533194,5.29500763715324,5.406844693387618,4.991856643238052,5.140562926969601,5.023719854671302,5.117343579835776,5.1355026424117085,,4.805838406324112,4.720184947306305
ID148,4.423096588765135,4.093664014125436,4.17320870929184,4.358446822021752,4.647354239155476,4.448344119891365,4.486956761277394,4.515683414659602,4.558823926308855,4.329087980016633,4.90179157028712
ID149,4.830502526518037,4.718088704661098,4.759774034483049,4.82492363613526,4.827959090970397,4.725847896887032,4.778373426859432,4.786525395027622,4.789809881823904,4.8437499114831954,4.753192565897266
ID150,4.428181072582443,4.4072087829405415,4.433761503930287,,,,4.116279801768608,,,,
ID151,4.179648962516945,4.029461760278934,4.097061346206239,4.167396236038554,4.145207520386048,4.019214937552667,4.077093357590703,4.077162587145192,4.110362368105426,4.138214286390586,4.0711336331556085
ID152,5.098725896079393,4.992562156527794,5.078072847771756,,,,4.567734211779744,4.530208388254257,4.339859614336619,4.635650301868717,4.397619560138997
ID153,3.9886463933556406,,,4.376471528536335,4.448461734139338,4.335095278165329,4.266029644005224,4.231899606654503,4.2982211822273815,4.274232381459536,4.264312326433631
ID154,4.670200283569054,4.577152435236639,4.675579632455372,4.807109969149683,4.819843240507402,4.81882452819151,4.815278997511301,4.773936555706566,4.817032643256777,4.707295867856335,4.801468964197885
ID155,4.489347809451218,4.306309853834745,4.318992455217736,4.461128810592699,4.505081751132336,4.465869776488132,4.510527469108238,4.541241906179831,4.496260270349059,4.501527565634944,4.503803037561793
ID156,3.878080408190321,3.83207043766253,3.840056594654486,,,,,3.934683628699557,,4.046995770867884,3.952561483645497
ID157,4.247038080424087,,4.195649647521047,4.971642972675125,4.986816688668699,4.969651395729733,4.977599303855927,4.956748940850513,4.962407829425874,4.96564994530092,4.930432640332263
ID158,,,,,,,,,,4.447894803614904,
ID159,,,4.17522081540908,4.041189940901193,4.15233630307265,,,4.186209158098561,,4.200276777318847,4.1932174741964126
ID160,5.174282804943484,5.091883879795044,5.065807122235391,,,,,4.599048420306758,,4.675006297580292,4.440985966511152
ID161,5.770956307104465,5.703177069977453,5.685740809526915,,4.723641198464014,4.256624596052071,5.434038426961042,5.397212457914504,5.377542142912434,5.457835331402721,5.263007080507022
ID162,4.639795093064675,4.539518339799724,4.5389766945806205,,,,4.284041261386765,4.27945196212719,,4.307424661792518,4.151758535942329
ID163,4.7614307535554055,4.612278151844702,4.682665351036069,4.577815275636477,4.496804513516572,4.32623070822526,4.699234597955813,4.69356036430738,4.774293370157146,4.743024994282092,4.687449184336484
ID164,4.236535672856257,,4.288580997113347,4.454019029368446,,4.350112284200734,4.444357108945097,4.307734338897916,4.419414885293032,,
ID165,5.749221749308906,5.671148778462778,5.749454097685461,5.75475632845472,5.70679197175169,5.636146334750869,5.733036864948861,5.741024822105382,5.620330515704777,5.711767839351045,5.717087687365149
ID166,5.207788215500435,5.157472994910538,5.152973952453545,4.807109969149683,4.875157737773295,4.652259378149892,5.146918314589357,5.155129116660369,5.375454704802444,5.3771952168719,5.336890618008931
ID167,5.151161547726082,5.071490492969012,5.222111809223656,5.006665475887022,4.995742639772675,4.811103904876374,5.195938684066439,5.155129116660369,5.143081389458721,5.33861226769826,5.22954781624128
ID168,4.528222002682135,4.48836251026243,4.448490990843498,4.128782987071569,4.30104682824038,,,,4.335691705796458,4.402548189833964,
ID169,4.77530804680401,4.704751010682074,4.817904053777018,4.755299485238241,4.721626183035956,4.64796700395142,4.7223628638871045,4.762338382838367,4.640777728529377,4.770914914804246,4.780455905409415
ID170,4.981835558491639,4.856444401092122,4.927950181977183,5.011512423686731,5.041964668062192,5.055172168402993,5.074407470631719,5.031316164612292,5.003609287150384,4.9152939849092405,4.998841442720174
ID171,5.061732674530898,4.916615004535451,4.827516010892512,,,,4.707552041076113,4.659697005168431,4.759702182010498,4.6597594427074345,4.65416721942637
ID172,4.957534351133859,4.836105003782135,4.845300970176147,4.95103573241289,4.941360850779035,4.899137161244307,4.977599303855927,5.01173347114505,5.011200616992126,5.0643739120669125,4.967213364445168
ID173,5.09108610567327,5.036453943690706,5.236957703447931,4.903423516805773,4.958118540135465,4.653859225362331,5.152752929335758,5.089051383880999,4.868654044199069,5.17154816123421,5.089280235247313
ID174,4.979839533520448,4.704751010682074,4.589247723609696,4.724467797397924,4.896878408338639,4.958681132817297,4.878972004257886,4.890834779534352,4.958353029609918,4.826664903754747,4.513517471966866
ID175,4.144860509834554,,,4.078655716765251,4.069549300688954,4.117757891934692,4.101254500317273,,4.156479292015504,4.153420556318378,4.082480533879857
ID176,4.420194145174079,,,4.573256247434723,4.4943318336705085,4.4457922552389855,4.419708528293906,4.511889939585934,4.287889900768104,4.3947002181783255,
ID177,,,,4.777343978200623,4.647354239155476,4.716947274170107,4.646328283082232,4.530208388254257,4.599161044928449,4.35191541720801,4.503803037561793
ID178,4.1363899402892805,4.187505338163307,4.216831836365608,4.270917773767262,4.1496234521005615,,4.206105222074855,4.170008842180399,4.111913398779339,4.333474974753767,4.223863898607188
ID179,4.89102103791471,4.822374104851515,4.8823071913357055,4.978985639248658,4.941360850779035,4.964769755334061,4.973998602127885,4.940919581685446,4.937294286751511,4.976890055760141,4.9451721239824336
ID180,,4.09309017618802,4.211954163777921,,,4.301873578952608,,4.366732488048502,,4.605763194506532,4.082480533879857
ID181,,4.442754066186272,4.5389766945806205,4.682500041204601,4.682112871854692,4.638116277794976,4.654761757514343,4.625119796911553,4.686659643551923,,4.689997147508252
ID182,5.598074456707127,5.462616677755243,5.5201894321892055,5.333360015609137,5.321455671194874,5.079802184249069,5.5319824864244165,5.516750769719282,5.588668226576894,5.599239827954254,5.539154333140203
ID183,4.9442059087923305,5.027310917858697,5.116352096351086,4.5890067419755525,4.468626890302698,4.137908416787178,4.649151422112041,4.44964483119327,,,4.710673512294196
ID184,4.296579760075842,4.187505338163307,4.228416584797941,4.090449523431658,4.074841081060969,,,4.225256569414871,,4.280276581636444,4.24166360195516
ID185,4.659658976349566,4.506768263423109,4.670485353637587,4.686804713463538,4.74794530940145,4.763273663813284,4.747130754432202,4.733712679068329,4.764471853150715,4.59811654496139,4.715135895358956
ID186,,,,,4.342267436936032,,,,,4.486843205004557,
ID187,5.406877834729567,5.33424820626147,5.399083719236449,5.258494532893013,5.271907198266546,5.117291246209527,5.4116642851054735,5.397212457914504,5.438349045920053,5.457835331402721,5.403878316376559
ID188,4.582470212417927,4.5386795219096925,4.643187875604058,4.584678915306635,4.687410939639976,4.573835085302764,4.550224685843,4.604424042730612,4.419414885293032,4.3870883498354,4.402985716195311
ID189,,,,4.042403593370457,,,,,3.9490094550307298,,
ID190,4.844650130092441,4.744650420614019,4.734385863132339,4.782832859959606,4.80476660204652,4.895369425553423,4.860887690624855,4.899105185900607,,,4.830070224855909
ID191,,,4.378712582873268,,,,,,,4.827618446253726,
ID192,4.478633041784817,,4.468131238731271,,,,,,4.425410309244918,4.464072734363709,
ID193,,,4.060082195566343,4.071047703669303,4.214425969964339,,4.321086228731165,4.322156122363793,4.618490506594445,4.59811654496139,4.588098422174315
ID194,6.295237435069115,6.166471325728152,6.224731896818848,6.477106675440621,,6.313772323661954,,6.466160790359455,,6.550046783868996,
ID195,5.272897059330672,4.874952167997762,4.822561424790214,4.931595488490886,5.150076829478052,5.17806709792178,5.187041638388848,5.1355026424117085,5.264869390762105,4.9739058708476405,4.774289877905334
ID196,5.179741047098455,5.064134281867617,5.022752080989306,,,,4.747130754432202,4.773936555706566,4.273264577531818,4.33697614617434,4.297648509973302
ID197,,,4.166055821524761,,4.217217791558978,,,,,,
ID198,5.399363890896109,5.344288272586138,5.494314924073519,5.101282936210162,5.107846627483273,,5.348253123085373,5.359405860835876,5.296723808178991,5.462021123348328,5.418701917473686
ID199,,,4.378613673463192,5.126350628234132,5.150076829478052,4.9834773482911805,5.10419019153783,5.079071485333362,5.138229969434622,5.17154816123421,5.161625239700157
ID200,,,,4.021295637864848,4.0924532539614695,4.06853106855677,4.141798818260581,4.085142499747382,4.09359244066784,4.261085427453964,
ID201,4.290072228367838,4.195864381229218,4.255326942152403,4.518609561012586,4.498897080674789,4.331926077852833,4.453894578405153,4.436881667980353,4.516417638157967,4.562998547208092,4.465131619635961
ID202,4.273600117086556,4.179615066475226,4.314158840399818,,,,,,,,
ID203,4.296579760075842,4.212422897003468,4.276185310720333,,,,,,4.357525310989808,,
ID204,4.86663293934464,4.871666116447191,4.934414581324305,4.8451818386902525,4.866361270197563,4.632677353598671,4.7877981901882745,4.82185100518433,4.637364744893056,4.803435461721276,4.894452105920554
ID205,5.835830396158446,5.671148778462778,5.715594513452812,5.498683148337946,5.620315039780968,5.39832773049951,,5.828674581463366,6.16656875922579,6.192420663660727,
ID206,4.271237614429091,,,,4.308538064989116,4.426164045334538,4.331070576476524,4.368502674255932,4.30148912797437,4.342027285851417,4.171754122489569
ID207,4.717261695097847,4.580022599206291,4.646180137738932,4.341592368617674,4.591708769533432,4.286027445986801,4.643497546815743,4.711896061967257,,5.154551781972289,
ID208,4.198760539961167,4.121546717999333,4.182909000658297,4.125097894877585,4.18727379786805,4.121556736272301,4.207494154830064,4.205089589191682,4.249107045998841,,4.221389604259281
ID209,,,,,,,,,,4.293646724659398,
ID210,5.017019287529965,4.892796900509591,4.851168338860062,4.824634786284164,4.842474027606,4.668659810779565,5.0052285968484185,4.940919581685446,5.093360006265001,5.142315922260858,5.001652655814088
ID211,6.620510798626097,6.537564881436357,6.619987641200503,6.659235203583448,6.643769309376589,6.637014108836168,6.691518547461854,,6.609701416957176,6.679957550769496,
ID212,5.382939063875214,5.27756059031731,5.375422479609274,5.44033779763433,5.388328868172321,5.36161004304225,5.427003123901109,5.397212457914504,5.332276392281133,5.440070430713257,5.393052703736518
ID213,4.699930776365685,4.624137010416093,4.682665351036069,4.735270112794537,4.74130030545356,4.700462428086172,4.747130754432202,4.739277465895482,4.709836496662432,4.741942224016133,4.700718440257456
ID214,4.899289301267968,4.836105003782135,4.927950181977183,5.038544611512067,5.073554358285238,5.028855774273032,5.037902774315063,5.059058542283889,5.011200616992126,5.007809034510405,5.033185270248002
ID215,4.713344169306928,,4.607490855397475,4.7652535791703,,4.853177207548495,4.835813572872935,4.755547162237791,4.741488518790759,,
ID216,4.7614307535554055,4.674562911881069,4.745643682037458,4.90967566247607,4.9521830555271205,4.679635807555931,4.982134582846951,4.981909817663507,5.01468613070044,4.987152999093465,4.930432640332263
ID217,,,,,3.974999994873362,,4.034546892759309,3.988049255282321,4.049335382093591,4.001278878328193,4.020409181398177
ID218,4.7797702137615925,4.6521470646261855,4.670485353637587,,,,,,4.657981754657545,,
ID219,4.791765419718985,4.786731153055706,4.86777480666982,4.815801051094796,4.813202319893756,4.6499449120131136,4.860887690624855,4.862686450168541,,4.89621890528259,4.839179601421972
ID220,5.246088188320287,5.071490492969012,5.065807122235391,5.367232748827032,5.310945167420162,5.290086907473187,5.239840062586023,5.263322370841037,5.355644746549206,5.465245512592965,5.316700943576902
ID221,5.208572163680987,5.19931138049753,5.216696430724184,4.636617358095739,4.781833373927372,4.493397310053046,4.973998602127885,4.940919581685446,4.893745480880575,4.917071831986019,4.937065438938268
ID222,4.8378793422849125,,,4.8396208131188745,4.898110792629977,4.87518639130802,4.654761757514343,4.80531841995527,4.692853837541367,,4.792141873547589
ID223,,,,4.72186868115419,,,4.926800856014786,,,,
ID224,,,,,,,,5.281147268201439,,,
ID225,5.443295107013358,4.856444401092122,4.981357758436519,5.112345553333085,5.246347363204083,5.343917729477859,5.265282099035499,,5.383304862973458,5.142315922260858,5.001652655814088
ID226,5.061732674530898,,,,,4.966782581882281,,4.832093231320068,5.011200616992126,,
ID227,5.027189785135081,5.110616095010556,5.073464787866924,,,,4.7877981901882745,4.785612986879649,4.962407829425874,4.9152939849092405,4.894452105920554
ID228,5.267420698533194,5.152022822122576,5.2055732199498586,4.651790429295631,4.718856766041598,,5.074407470631719,5.079071485333362,5.013770442301216,5.046043168875387,5.041993527380164
ID229,4.3923271623580895,,,,,,,,4.26722898053688,,
ID230,,3.8203202543867656,,,,,4.4174428825889365,4.755547162237791,3.956128510610393,4.289015555663117,
ID231,4.173978876491774,4.113416671286381,4.159756580738593,,,,,4.027584973448834,4.010161175921034,4.061730814269224,4.006064447802287
ID232,4.1363899402892805,4.101078028161495,4.102121018152109,,,,,,,,
ID233,4.3276294953681225,4.200529582985604,4.182909000658297,,,,4.151720900553288,4.164206972783305,4.355325529364212,4.366902889624452,4.281071891903876
ID234,4.198760539961167,4.066419816930578,4.198004347091985,,3.990852376192904,,,4.1372319612236765,4.23595901459248,4.23577371652476,4.166508435069567
ID235,4.007247484041816,,,,,,,,,,
ID236,5.18985941594146,5.359512263649588,4.890087293841279,5.20916249505696,5.4862303887070345,5.241928091263242,5.341242611373996,5.348057510935938,5.102229142927259,5.829637282487014,5.421653326512703
ID237,5.104851583408445,,5.236957703447931,4.898702453295522,5.428450007370509,5.048393711187443,5.232715219762408,5.278847688347776,5.336837605272564,,5.571790211323797
ID238,,4.251664590214649,,4.3284957164953335,,,,,,,
ID239,4.498854104752172,4.346967976779364,4.418565429872045,4.560052321967843,4.5070861447140524,4.497629121931064,4.5763056005507465,4.546762407317523,4.447782559325419,4.532146485934029,4.450692626011451
ID240,4.502196669058342,,,4.3048703177511465,4.377450584402282,4.263500769453237,4.347244123626313,4.359131969027624,4.522661377073182,4.709817548956576,4.421449123611257
ID241,5.1851784846639255,5.060713917159269,5.123206917935917,5.129550229548837,5.115225353661513,4.9834773482911805,5.1126622630946486,5.089051383880999,5.118033306478765,5.142315922260858,5.124236133878065
ID242,4.137847219979033,4.026654333865522,4.097061346206239,4.13487916204206,4.0924532539614695,,4.135633253836435,4.046677959039274,4.069986917975972,4.142176689759814,4.0934040765243855
ID243,4.787176695732727,4.704751010682074,4.814390904794012,4.469720625089915,4.598743422206426,3.9439069297727967,4.6730255750821,4.65265203971374,4.759702182010498,4.7567969161656585,4.753192565897266
ID244,4.333140188702564,4.336977885974957,4.227933581855514,,,,4.135633253836435,4.196880873437766,4.385405829479889,,4.323095684432322
ID245,5.001892835398644,4.917443661803418,4.814390904794012,,4.2384268565701015,,4.7223628638871045,4.69356036430738,4.884826508888912,4.665525410545771,4.682950104026902
ID246,5.05059334246029,4.959731206463899,5.000442871263653,5.904342890547008,5.861328071701927,5.704243710807481,5.676720871600212,5.634871141490958,5.566578386195676,5.693477098890864,5.598051758117209
ID247,6.064235218204099,5.414077771276992,5.576964348809981,5.638118691760667,5.660924273861881,5.906130897179518,5.777987125234825,5.828674581463366,5.87351246620383,5.634946641949471,5.487003595275549
ID248,5.5832367377170975,4.982778579880632,4.972952238169893,,,5.414366894619824,5.320616158042606,5.281147268201439,5.418405282875378,5.350580310649776,
ID249,5.115251564702134,,4.442237894028207,4.3834398723007615,4.478237593540417,4.794359400737641,4.666752114607448,4.557519137391962,4.910749831340604,4.428568312443227,
ID250,,,,,,,,,,4.300017726010378,
ID251,4.047528658807913,,3.9481212151031535,3.9392096331608215,,,4.121351128672597,3.9936585782662872,3.967219019008267,,3.8859622225534975
ID252,5.246088188320287,5.212498909013663,5.161499605922957,4.564937992470356,4.635828069138838,4.495401652526446,5.1306311942057725,5.089051383880999,5.452235561528508,5.261510411758535,5.263007080507022
ID253,4.337273350106869,4.343099293226466,4.181133433526386,,,,4.04772484713326,4.0672828471714,4.052323237186778,,
ID254,4.067831530660368,4.063023211067919,3.985584944927381,,,,3.995731635679054,3.9903376118105074,4.2890813182332685,4.174366262839958,4.113237863150585
ID255,,,,,4.054419438490942,3.926048457473837,3.9890677196575584,3.958097723521192,4.0861973138438765,4.084956842235198,4.040396818593707
ID256,4.339571373102946,,,4.454019029368446,4.369745622483113,4.484017924197931,4.369180499402878,4.284999907526769,4.32992809080863,4.32113112346084,4.302076737084195
ID257,,,,4.469720625089915,4.565440210717086,4.550125128165691,,,,,
ID258,,,,,,,,,,4.33697614617434,4.342072934834795
ID259,5.036337339400961,4.975800924998796,5.0280019343422575,4.435702327435846,4.463207685867126,4.241517875263172,4.897059735088373,4.895067727758649,4.8533451377355,4.89524881791961,4.879444433236844
ID260,4.628772971414626,4.547390334528765,4.61910592964998,4.7652535791703,4.772706759622768,4.763273663813284,4.752481624947723,4.743191621808137,4.766852025512924,4.657704412042473,4.78281149585373
ID261,5.570819736670507,5.329299102583788,5.2647050376938775,4.926942680381534,5.180321210856444,5.048393711187443,5.4116642851054735,5.397212457914504,5.465873721353748,5.4178692659425725,5.201883805820912
ID262,,4.994799006838541,5.132006486940692,4.669654336615375,,,,,,,4.986121726318842
ID263,6.02392735680885,5.951851795457754,5.979404441399929,6.257300922231334,6.34345684669101,6.209048505168776,,,6.131126099438941,6.174233539198669,
ID264,4.176720172967501,4.097583948624029,4.131762029342785,,,,4.077093357590703,4.006277852937265,,,4.035508497825357
ID265,3.8181987439546257,,,,,,,,3.927605022445944,,
ID266,5.21887349233902,5.157472994910538,5.171644888168202,5.402297987565126,5.4862303887070345,5.374102800739147,5.348253123085373,5.371890011129063,5.296306547717023,5.3771952168719,5.257007268302815
ID267,4.593330413212112,,,,,,,,,,
ID268,4.747834941375437,4.486817038227381,4.433761503930287,4.148170416153542,4.340166142364846,4.256624596052071,4.596039138228107,4.5830280061034365,4.670944545034336,4.6188953716102965,4.419066965452426
ID269,,3.7001595177552975,3.642122034718837,4.0053525345625225,3.939404192831202,3.970293278864488,3.906701452664416,4.096780377045242,4.16789632700254,3.955976079322229,4.0073729718434175
ID270,5.309905591754641,5.169668269211319,5.1882545000144535,,,,4.973998602127885,4.981909817663507,5.035622368979681,5.004885642815757,5.009554371664061
ID271,4.245757357186453,4.076433328303493,4.131762029342785,,,,,,3.986183960684387,,
ID272,,4.020837555868041,4.045498256106146,,,,3.994128713291466,3.958097723521192,4.056402072811489,4.012377248968288,3.987829832022616
ID273,5.272897059330672,5.26075171634047,5.282009977466944,4.691422812383869,4.669097910843097,4.484017924197931,5.074407470631719,5.089051383880999,5.166208929376792,5.17154816123421,5.161625239700157
ID274,,6.069530104060171,,5.406136859550953,5.556531169257006,5.224055838446708,5.892011277073063,,5.843437925257327,5.788390490871725,5.794795033811357
ID275,4.10918159524211,3.982290872471411,,4.051896478565648,4.041800202508253,4.165315135888871,4.186884081565941,4.164206972783305,4.065546455899691,4.221379334530421,4.046801801506698
ID276,5.074392585458229,4.994799006838541,4.992386373234999,4.428807501341407,4.507489500952391,4.264197917743331,4.819844201692678,4.853334616977215,4.779548136842969,4.754780202418659,4.761483566774664
ID277,,,,4.341592368617674,4.342267436936032,,4.508555072240306,4.497088998912881,4.783573103027496,4.74074121036925,4.7353843709814205
ID278,4.6207791326159775,,4.356227049627115,4.407279131135214,4.340183226814194,4.263500769453237,4.42095860205338,4.389950385559736,4.610723658176439,,4.326348071117446
ID279,4.5080711704271215,4.503905264400776,4.634813644696546,,,,4.207494154830064,4.186209158098561,,,4.272038689102134
ID280,4.236535672856257,4.249359870577009,4.214582559926784,,,,4.046341371264782,,4.281040594223564,4.221379334530421,
ID281,,,,4.358446822021752,4.366374690244387,4.3954733270951785,4.341513021510842,,,,
ID282,4.303692224358525,,4.070516005801268,,4.205155688644201,,4.262444199143017,4.259427287629807,4.203848556601011,,
ID283,,6.642725593921773,,6.659235203583448,,6.588793028115962,,6.834646372956154,6.657413161203547,6.406079527420221,6.652054157540129
ID284,5.918631994505185,5.7450960765511,5.670840971797627,5.706199179327638,5.744242918108497,5.568096364312737,5.867819096828004,5.874650363313265,5.709238105475021,5.354413735898702,5.6670349465950345
ID285,5.55346737392254,5.398234650858465,5.332539735521199,5.304301147582437,5.426285451598382,5.282859593215739,5.504147995868264,5.469534820848377,5.410705971967634,4.966278598481043,5.385790013673452
ID286,4.593330413212112,4.455091037563215,4.406690791926371,4.432850581322406,4.53740586312472,4.322366898955918,4.602901250134762,4.541241906179831,4.479719438162682,,4.476469517035732
ID287,4.296579760075842,4.212422897003468,4.2064247923470965,,,,4.103593713599532,4.022690643193462,4.193658612873279,,4.151758535942329
ID288,4.420194145174079,4.308732632447808,4.200896344006762,,,,,,4.32992809080863,4.232189603178172,4.1761354008166895
ID289,,,4.433761503930287,,,,,,,,
ID290,,4.060898147280027,,4.437737454354688,4.398811419639186,,4.185113036366349,4.216687405431864,,4.193518881623214,4.369371516125887
ID291,4.639795093064675,3.9784844887901336,,,,,,,,,
ID292,4.254319002282456,4.691070417954895,4.703695455416583,4.113280896884911,4.048288045409563,,4.453037075111917,4.422350807319155,,4.184542132846514,4.202478777605193
ID293,4.230571219927366,4.5992148382738405,4.531532422586828,4.375344032477905,4.308538064989116,4.232419327422334,4.375462495385889,4.342768472067919,4.26722898053688,4.424763382378193,4.419066965452426
ID294,4.464088609289861,4.039928606222297,4.4893399520882085,4.605019076465656,4.430106064395588,4.531008774951349,4.541978046425477,4.479241060290024,4.547031462927389,4.447894803614904,4.366036483252248
ID295,4.019818584153654,4.04725887262007,3.9207164290079777,4.19476557497917,4.143943722919836,4.04733751236133,4.379544541299046,4.37869915848712,4.591657857034148,4.624365473256202,4.557704629708985
ID296,3.7820861846759417,3.794108248599573,3.863602518153686,3.9984709102379417,4.0102954117252905,,3.886042126205446,3.988049255282321,,,3.945659314339416
ID297,4.215475210120028,4.107654722511623,4.130725927258653,,,,4.144424165069518,4.081459571724882,4.246558632880167,4.211840258212647,4.188639189908944
ID298,4.405861296942512,4.422715404057856,4.547183625831458,4.453049195678242,4.453360274691311,4.301873578952608,4.520492412034558,4.498200975598914,4.456527104417786,4.718600079666259,4.648082221858968
ID299,4.86663293934464,4.711470432420551,4.682076197048636,,,,4.576973036959066,4.546762407317523,4.725566076887854,4.718600079666259,4.710673512294196
ID300,4.965605833335975,5.241564246714439,5.244276762502087,5.498683148337946,5.1066461814399045,5.343917729477859,5.453832363853742,5.383285129676208,5.254847818678611,5.97147012416288,5.1581070014248285
ID301,4.763366249163455,4.6434052694005405,4.638664484420779,,,,4.588738430471002,,4.783573103027496,,
ID302,,,,,,,,,,4.068859903867471,4.076530322620849
ID303,6.227158615866459,6.141144516808839,6.169013162311502,6.198788405083496,6.399933062695175,6.062814049184743,6.370063888266978,6.328547302037428,6.012246503173692,5.8936514137739815,6.0479269415382175
ID304,,4.4519564979297215,4.465678479178066,4.742473133285997,,4.513515392778106,4.680422071082619,4.5830280061034365,4.479719438162682,5.216227370279637,4.433172096104606
ID305,5.406124519413972,5.359512263649588,5.375422479609274,5.367232748827032,5.504184037724103,5.237011802592394,5.485398689753078,5.516750769719282,5.225663032023611,5.1613362618358,5.256613674895027
ID306,4.345621730063328,4.198405332724265,4.206520812040191,4.351946243601568,4.398811419639186,4.240060517344818,4.356703755269933,4.342768472067919,4.357525310989808,4.086943376087708,4.230217358641633
ID307,4.846196162324362,4.770918348386261,4.803589177744668,4.991856643238052,4.986816688668699,4.629940676328002,4.939639171679461,4.940919581685446,5.02157923166523,5.079157854315678,5.07756075004005
ID308,4.602756721862399,,4.595330200957725,4.82492363613526,,4.785382052361608,4.773901853286784,4.711896061967257,4.766852025512924,4.772321234777215,
ID309,4.8378793422849125,4.773765983311342,4.851168338860062,,,,4.658928942342838,4.65265203971374,4.826807177878341,4.769279335979574,4.823458273738273
ID310,4.9681764150634535,4.856444401092122,4.897757204328368,,,,4.911475160514085,4.940919581685446,5.02157923166523,5.007809034510405,4.967213364445168
ID311,4.835837502024822,,4.890087293841279,,,,,,,,
ID312,5.443295107013358,5.4033371877549,5.424925768224172,5.557523995771263,5.556531169257006,5.563470544717854,5.550639545947526,5.536622835305652,5.458835790465444,5.534481623704589,5.500788729610335
ID313,4.70837332372462,4.7279125064717125,4.734385863132339,4.733032158270359,4.690686786095366,4.545529754111319,4.719161265620704,4.708501638121064,4.551299871470475,4.695839244824119,4.753661374058395
ID314,4.133845159922825,,4.245447333821529,,4.175208541785285,,4.155108352952778,4.212664051288042,4.08066040766749,,4.0934040765243855
ID315,6.122964892390172,5.824532801980338,6.018011307030997,5.992434580020485,5.861328071701927,5.748190217729101,6.02968708851505,5.990001953118275,5.8202100042823295,5.532881584497442,5.520902112319383
ID316,,5.101172672150918,5.132006486940692,5.132765015533503,5.1633537188001375,5.128219484322972,5.1306311942057725,5.089051383880999,5.166208929376792,5.027572312543784,5.193349425824521
ID317,4.211827885392152,4.254420505729122,4.177603634868921,,,,4.080944322827058,4.115326883513052,4.369903319399514,4.3507694614043055,4.328201160832444
ID318,4.670200283569054,4.641551187442176,4.727110730723089,4.6167818519946096,4.635828069138838,4.442433089049354,4.719733520631435,4.690084937347528,4.709836496662432,4.771291439320602,4.710673512294196
ID319,,3.901719599161158,3.9962284563945447,,,,,,,,
ID320,5.201819151633552,4.90132085907275,5.10160498426777,5.086765865111727,4.971665372086918,4.87518639130802,5.122872171882058,5.079071485333362,4.8822896069117885,4.826664903754747,4.663090210562942
ID321,,,,,,,,,,,4.459301553024519
ID322,3.9953168009675393,3.933186699379509,3.98177577347543,4.202713987402051,4.166656720887414,,4.161436843905699,4.205089589191682,4.2209191476413706,4.33697614617434,4.277177957441538
ID323,4.542498688532043,4.562163589089811,4.629226718480008,4.178203615120859,4.36239682142835,4.194680073491572,4.379544541299046,4.389950385559736,,4.084956842235198,4.030019305843712
ID324,,6.166471325728152,,6.286388221797505,6.156913932263256,6.372728230658094,6.27727994347925,,6.294869011015432,5.884053320618181,5.919337887664195
ID325,,4.592127001609331,,,,,,,,5.2166104296427145,
ID326,5.385839175461236,5.373055193914938,5.4819088976301895,5.481485639675824,5.340760499564484,5.53080130984473,5.469286685814707,5.413118036509601,5.47574873382094,5.055617886650508,5.089280235247313
ID327,,,,,,,,,,4.465970631193745,
ID328,4.230571219927366,4.101078028161495,4.191077507173562,,,,4.071785081120197,3.942501397824564,3.9459788848345614,,3.952561483645497
ID329,,4.076433328303493,,,,,,,,,
ID330,4.150510085109419,3.91690167913283,4.119501998797468,4.239114967199308,,4.336898067012183,4.32024623173395,4.233997572411935,4.263365813052428,4.174366262839958,4.152754586863542
ID331,,,4.036491390470312,4.327386448644304,4.171800239347812,4.344589037082086,4.291992074555047,,,,
ID332,4.846196162324362,4.836105003782135,4.932438045737359,4.976719235856623,4.819843240507402,5.01678520541618,4.985944402465536,4.877507935226143,4.926540240778185,4.6188953716102965,4.64229570901515
ID333,4.408883793737471,4.461995882189845,4.423286071328904,4.152417786147555,4.221651085901658,,4.348386990799344,4.305967137932708,4.244909020392731,4.296180592898005,4.321222886020057
ID334,4.437693377764378,4.417206666895762,4.40234084127821,,,,4.420244531431488,4.314894581729366,4.362337391297098,4.3910917947320325,4.491305559076839
ID335,,,,4.2520039859648255,4.1496234521005615,4.053225005555657,,,,,
ID336,4.664220382710838,,,5.402297987565126,5.388328868172321,5.290086907473187,5.289964513549913,5.281147268201439,5.292935081102911,5.343972139466168,5.349277389751727
ID337,4.489347809451218,,,,,,,,,,
ID338,4.468011202013498,,,,,,,,,,
ID339,7.17842923002207,7.100727967929006,7.178203316192255,7.223547144813221,7.187459461427345,7.176180533218803,7.210274776056819,,7.158429927597827,7.224525067648602,7.1768274325593255
ID340,5.598074456707127,4.814573162904918,4.759774034483049,3.964373651235706,4.155053864844175,3.884967840486965,4.453894578405153,4.530208388254257,4.195956091575534,4.068859903867471,4.16589647296458
ID341,,,,4.47563855311678,4.51195227618517,4.4210676861210825,4.387166335102101,4.398173917483803,4.392612772211265,4.447894803614904,4.407730326104413
ID342,5.918631994505185,5.872630224582957,5.955644373836959,5.992434580020485,6.000668526849319,5.938583448305308,5.983113555220237,5.990001953118275,5.9275225139381575,5.992245958433899,
ID343,4.858961644503311,,,,,,,,,,
ID344,4.849370814106408,5.7156907249080415,5.5427153787466645,4.641958499801288,4.781833373927372,4.4023992217916685,4.878972004257886,4.940919581685446,4.551299871470475,4.56947158595285,4.801468964197885
ID345,,,,,,,,,4.151543395201304,,
ID346,5.260546453036498,5.212498909013663,5.273895486195204,5.305956278691875,5.310945167420162,5.273096951722492,5.329365565422455,5.306935315411451,5.225663032023611,5.33861226769826,5.297302784713918
ID347,4.743718993258316,4.624137010416093,4.732333471146439,4.847859551397195,4.90445623808504,4.994425776401433,4.7877981901882745,4.832093231320068,4.571656620864261,4.6597594427074345,4.637246861126162
ID348,4.743718993258316,4.592127001609331,4.652236735187543,4.5364605856764255,4.450035448937545,4.304785237059317,4.646328283082232,4.625119796911553,4.664353074921266,4.695839244824119,4.6864769487827616
ID349,6.295237435069115,5.871779139102238,,,5.942723900328838,5.955949729706902,6.073288974082461,6.06288214458243,5.87351246620383,5.554812954024635,5.701161766992788
ID350,,,,,,,,,,5.079157854315678,5.02446175426093
ID351,5.406877834729567,5.023514346539188,5.244276762502087,5.284590268036717,5.119940816128348,5.1072156901692445,5.237508396398184,5.2374636781881225,5.0413085350083024,4.801805369706439,4.839179601421972
ID352,4.7156281969527,4.678059922704985,4.604397186138128,,,,4.096838283288344,4.064785146427299,4.551299871470475,4.342027285851417,4.419066965452426
ID353,6.780174853992928,6.751336655400023,6.849772438009158,6.852634223140993,6.696691750329459,6.861549581529207,,6.78210060426758,6.881679637383892,6.503855217525983,
ID354,3.9886463933556406,3.9874050475858542,3.952654530920975,,3.864667699964193,,,4.018770449345747,4.055188572785539,3.99791367489244,4.082480533879857
ID355,5.958701734400374,5.969301801440321,5.991134120211886,6.018153182671335,,5.999733500415507,6.073288974082461,5.990001953118275,6.012246503173692,5.666709609040303,5.616204786216035
ID356,5.835830396158446,5.824532801980338,5.849064897090154,5.708596158832347,5.716349020751129,5.585879452451193,5.867819096828004,5.852512528125963,5.70160927840202,5.829637282487014,5.794795033811357
ID357,5.382939063875214,5.345601968692664,5.424925768224172,5.444011425638192,5.276286584428793,5.479771772439462,5.504147995868264,5.4429166868256615,5.47574873382094,5.13502975073814,5.02446175426093
ID358,4.895266828057962,4.865973721098187,4.897757204328368,4.782832859959606,4.781833373927372,4.671771647961935,4.934046055711947,4.890834779534352,4.759811985801227,4.885168818025134,4.8470746065552754
ID359,4.612556479721959,4.619446628556671,4.595330200957725,4.669654336615375,4.540950298514868,4.763273663813284,4.719161265620704,4.674860989994322,4.712517017529448,,4.359054785269434
ID360,4.579430088288018,4.444311133153835,4.626113278233814,4.428807501341407,4.370188675389176,4.32623070822526,4.625069533987675,4.526492588715776,4.563293030433388,4.574941826765438,4.494641967863196
ID361,5.246088188320287,5.194962661436141,5.161499605922957,4.8844327002775225,4.9252323896299925,4.725847896887032,5.140502475667415,5.089051383880999,5.102229142927259,5.155772014305741,5.12688696216372
ID362,4.747834941375437,4.592127001609331,4.575125548637319,5.706199179327638,5.70679197175169,5.49665273233155,5.420463547757203,5.413118036509601,5.345046280126758,5.418373382059338,5.352920049101947
ID363,4.788660808417141,4.7235754337705975,4.772522655425916,,,,4.651001545689775,4.65265203971374,4.817983440391102,4.8437499114831954,4.823458273738273
ID364,,,,4.697036386131645,4.699209669265969,4.525396717990475,4.4600405199664905,4.44964483119327,4.369128135896664,4.486843205004557,4.392295108061305
ID365,,,,,,,,,,,4.026967915593727
ID366,4.491328797826624,4.41205162408519,4.522084277289713,4.027179327028458,,3.884967840486965,4.369180499402878,4.35223044944952,,,
ID367,,,,3.954590525319887,3.994158339010241,,,,,,
ID368,4.296579760075842,4.2378458012462925,4.227933581855514,4.071047703669303,4.101386084920355,3.972416725023399,4.240385148335902,4.164206972783305,4.366282357026924,4.376207269849483,4.235894650426784
ID369,4.166041838638591,,4.1670972604174805,4.258083032829326,4.338327050476823,4.362793611026689,4.241608718657162,4.2864524017983605,,,4.0316261944600855
ID370,4.9681764150634535,4.917443661803418,5.116352096351086,4.966351980649274,4.894230678223038,4.801789075449696,5.023099720996475,4.985413746515675,4.864107783589897,4.466340199981756,4.611994835037026
ID371,4.311988748543521,4.157424871870747,,4.239114967199308,4.169924395879147,,4.281053289000376,4.284999907526769,,,
ID372,4.888136239727504,4.959731206463899,4.8547823571163145,4.313564552867497,4.202198822862616,,4.658928942342838,4.5830280061034365,4.596543186462303,4.6709036353233495,4.660760925800008
ID373,,,,,,4.197464321239992,,,,4.464072734363709,
ID374,4.797426645242199,4.814573162904918,4.930802520782302,4.7610332824206125,4.769095775836565,4.798247901290727,4.823571811848053,4.80531841995527,4.846795756515995,,4.543971140208461
ID375,4.264475103766022,4.217627667414259,4.198004347091985,,,,4.062948481954274,4.05715457221136,4.13969849181655,4.086943376087708,4.017848578740049
ID376,4.378027921578466,4.362818485523267,4.421650372191406,4.424420790515661,,4.481004877946591,4.4570763164200375,4.343956278765122,4.427208601355566,4.167329309654014,
ID377,4.3276294953681225,4.467039057426402,4.3670806111108496,4.387829268516611,4.317699589620089,4.456916998054259,4.470901548089438,4.418189766361754,4.409777793491231,4.3592491915558265,4.44712039396529
ID378,4.811138825902322,4.809392813693197,4.8711562552503525,4.643025349197885,4.686807704585887,4.367978837377201,4.769964538779952,4.739277465895482,4.610723658176439,4.743024994282092,4.879444433236844
ID379,6.702509352765673,6.751336655400023,,6.870599412069009,6.643769309376589,,6.871941274041996,6.746751302190075,6.926412040858149,6.46167333668407,6.3930083765433405
ID380,4.428145126480263,4.362818485523267,4.3737950502694805,4.230420685501788,4.245435255708033,4.124393843954974,4.306480998352727,4.23587822421711,4.177083273775967,4.221379334530421,4.172182184849317
ID381,4.435972195915404,4.422715404057856,4.415667006875548,,,,4.227063685382905,4.164206972783305,4.161617703765816,,4.116738669170218
ID382,5.918631994505185,5.98464549741612,6.030101610650662,6.084616591192899,,,6.073288974082461,5.942091926161002,6.16541203654803,5.711767839351045,5.630793493612722
ID383,4.166041838638591,4.234739973346958,4.255326942152403,4.065370358144199,4.073795884726722,,4.13143963257215,4.058649243361539,,4.153420556318378,4.218800747547866
ID384,4.376339540955644,4.47124696386347,4.481972514832209,,,,,,,,4.272038689102134
ID385,4.438898911531008,4.472902522207595,4.423286071328904,,,,4.369180499402878,4.359131969027624,4.651178345218575,4.50935578435243,4.579750512855452
ID386,5.351264116604939,5.359512263649588,5.430176659500177,5.459868744117463,5.321455671194874,5.568096364312737,5.466567275846099,5.383401894608632,5.588668226576894,5.131523369446376,5.072985727199505
ID387,4.696301267127737,4.695826462198804,4.727110730723089,4.748403582902972,4.592131161963835,4.822416615905632,4.809930720538345,4.625119796911553,4.800824504182094,4.402548189833964,
ID388,4.211827885392152,4.111528013249376,4.182909000658297,4.099839807981531,4.159007472419677,3.996121020637009,4.227063685382905,4.186209158098561,4.13228323723492,4.232189603178172,4.205529469635792
ID389,,,,4.368465869748714,4.36239682142835,4.168131861055418,4.413728189893339,4.37869915848712,4.484641246192444,4.530336584129714,4.4741580958210845
ID390,5.528923501489574,5.449450874100551,5.494314924073519,5.32512212403856,5.356922616387222,5.1072156901692445,5.447827002222649,5.4429166868256615,5.528944323725215,5.3771952168719,5.442206308023367
ID391,5.430996853688851,5.362163728794619,5.430176659500177,4.815801051094796,4.85439481659591,4.677901955276223,5.276553930853174,5.247767296337976,5.225663032023611,5.30938205540573,5.273670258791693
ID392,4.491119476325776,4.461995882189845,4.49114294475165,4.340576069934384,4.3515352489975365,4.151727970578876,4.453037075111917,4.446020593566514,4.504922585705242,4.381792824623521,4.4741580958210845
ID393,4.154894716475342,,,4.19801333847537,4.230281193465005,,,4.170008842180399,,4.175774092629633,4.150863749954655
ID394,4.45238118044105,4.41205162408519,4.448490990843498,,,,4.298237903491275,4.27945196212719,4.270681866520834,4.3592491915558265,4.313730778397552
ID395,4.32211520066394,4.346967976779364,4.361136263665747,4.40039050260871,4.450035448937545,,4.381854129967087,4.351865268623477,4.239681424725653,4.3592491915558265,
ID396,4.781269137894967,4.70614897994532,4.5389766945806205,4.496877867123969,4.687410939639976,4.629940676328002,4.712887653078287,4.743191621808137,4.85748955388798,5.055617886650508,4.720184947306305
ID397,5.008017178787555,5.606714418279679,5.670840971797627,5.041056119657162,4.990945150415832,4.798247901290727,5.372521563544645,5.348057510935938,5.030447478103604,5.099725386639099,5.124236133878065
ID398,5.673287388507843,5.359512263649588,5.512182180807801,5.53944159102015,5.399961312162766,5.290086907473187,5.537369734361468,5.469534820848377,5.305122954848211,4.953467281611309,5.057451664326131
ID399,4.77530804680401,5.649614285242388,5.685740809526915,4.748403582902972,4.753280774946327,4.5101901295468805,5.152752929335758,5.1859901516513744,4.800824504182094,4.862804290045457,4.998841442720174
ID400,4.296579760075842,,,,,,,,,,
ID401,5.373525805348396,5.359512263649588,5.424925768224172,5.099231963516933,5.110642361467486,5.015320301639447,5.2982087387766175,5.275430292928739,5.355644746549206,5.354413735898702,5.3666312584786455
ID402,,4.795187400878594,4.837196128343937,4.078655716765251,4.063206877367068,,4.428325626579674,4.473630059778724,,,4.3281256416395415
ID403,6.481616436309397,6.513802945222026,6.50976778463119,6.596300920068472,6.399933062695175,6.637014108836168,6.612585594836931,6.487168328549673,6.609701416957176,6.128047579666166,
ID404,4.32211520066394,4.274148449824638,4.335199318569522,4.029826675988918,3.986632015832862,,4.215205302687783,4.331686291582953,4.259229979906811,4.345356039329017,4.291453991814405
ID405,5.740811681503376,5.770550331293843,5.7694263048404695,5.848702864736823,5.677336442468751,5.913546013349253,5.847878608268163,5.759482559364793,5.843437925257327,5.4412632520902,5.442206308023367
ID406,4.73689397907964,4.714643565520478,4.7631587098937525,4.446906044206399,4.465143470568317,4.3972206002505,4.643497546815743,4.625119796911553,4.742527413782019,4.709817548956576,4.72844095718459
ID407,4.438853538337949,4.22938093595715,4.310232830537916,4.5518547834001,4.561708920803087,4.612757081419172,4.539323036161511,4.471010674892103,4.496260270349059,4.562998547208092,4.491305559076839
ID408,4.638499269808745,,4.566190169964913,,,4.798247901290727,4.6730255750821,,,,4.737408855382885
ID409,5.18985941594146,5.228393952407132,5.318623564552309,5.254233277792368,5.196892409386793,5.335316847937944,5.325398246365621,5.271726265205441,5.316551734747589,4.907719543132236,4.898211860655465
ID410,4.446854990250284,4.472902522207595,4.634813644696546,4.605019076465656,,4.562130089927052,,,4.602313208902116,4.166255801845108,
ID411,4.178571019726911,4.128497017694809,4.146994027611447,4.059883374419879,4.191469934622153,,4.263792112676262,4.186209158098561,4.30452236299366,4.366902889624452,4.313730778397552
ID412,,4.536192135158267,,4.685523890586468,4.690686786095366,4.691461824016506,4.6730255750821,4.655591551031128,4.65049145831421,4.680834400045062,4.628218953443712
ID413,,,4.279748996847739,,,,,,,,
ID414,4.16266517388406,4.258316289759919,4.190991784493812,4.368465869748714,4.394043511918946,4.128546582890062,4.332872088040924,4.35223044944952,4.30148912797437,4.373542686928357,4.373201175327615
ID415,4.446854990250284,4.361245493067522,,,4.247170652220248,4.198292840637762,4.369180499402878,4.422309373778779,4.119515105259809,4.353729510972149,4.284724163426199
ID416,4.483153246307431,4.467039057426402,4.629468049608396,4.605019076465656,4.742337658794472,4.691461824016506,4.647891590307504,4.599048420306758,4.3526105232091865,4.412716670937172,4.441455385696898
ID417,4.592082320895724,4.59613181195785,4.890087293841279,4.658958932174829,4.647354239155476,4.497629121931064,4.7772067170424055,4.761449379398181,4.635499584187725,,4.389922957235438
ID418,6.02392735680885,5.762710073362253,5.6633683133137565,5.3308595114946105,5.635865102253181,5.457946927838343,5.892011277073063,5.874650363313265,5.983378289441622,,5.717087687365149
ID419,6.003088875557315,5.574543008967567,5.825194232240921,5.902730124986511,5.739616872401388,5.657162347836085,5.777987125234825,5.759482559364793,5.620330515704777,5.313164798283395,5.421653326512703
ID420,4.918209627300104,4.892796900509591,,,4.60921505146712,,4.7772067170424055,4.80531841995527,4.910749831340604,4.852533391219693,4.6411242524286775
ID421,5.406124519413972,5.7156907249080415,5.807425976007481,5.513460615400192,5.388328868172321,5.290086907473187,5.723544924865475,5.645519716551762,5.505125777397643,5.481494677069412,5.442206308023367
ID422,5.206166746160289,4.822374104851515,5.029939037589539,5.105230962770917,4.921579006639346,4.902830781058627,5.023099720996475,4.999528964058175,4.826807177878341,4.543818399569017,4.7570546818327735
ID423,5.340716625027365,5.08515933112512,4.978294349181125,4.661084724866166,4.962277390706631,4.800148268471101,5.212823037649237,5.1859901516513744,5.286595158920134,5.267315660148996,5.0471256392201385
ID424,4.478633041784817,4.760349835575378,4.817904053777018,4.5539483940656105,4.419166873788667,4.3756930834563565,4.760664131774854,4.708501638121064,4.558823926308855,4.51983392558115,4.524331063976745
ID425,4.115159584176021,4.375812407925632,4.481972514832209,4.26249352571055,4.1496234521005615,,4.411460685483871,4.342768472067919,4.177083273775967,4.193518881623214,4.139863778262234
ID426,,,4.248493974831241,,,,,,,,
ID427,4.553538206447987,4.556511868063594,4.53821142281134,,,,4.393499001458219,4.322156122363793,4.4462055691323545,4.463628475733339,4.437401454233235
ID428,4.206939309635134,,4.177603634868921,4.437737454354688,4.272583731688399,4.350112284200734,4.348387645908471,4.269566587065869,4.355325529364212,4.316160346017754,4.180824379559094
ID429,4.457026257144229,4.4402648965188485,4.629226718480008,4.564937992470356,4.563393974444979,4.408279919884624,4.596039138228107,4.599048420306758,4.525737073348919,4.782239093099073,4.710673512294196
ID430,4.15852996141014,4.261944676989781,,,,,,,,,
ID431,5.2501463211996855,5.162180995509536,5.073464787866924,5.124383791606427,5.053196218259664,4.983685301171265,5.239840062586023,5.247767296337976,4.990713295173592,5.155772014305741,5.072985727199505
ID432,4.322605422940898,4.258316289759919,4.442237894028207,4.239114967199308,4.179236137261441,,4.241608718657162,4.301388707904813,,4.3870883498354,4.347548993475702
ID433,5.480552501629022,5.432094570029462,5.471022876529133,5.601692424002311,5.630619297410688,5.6002518153193375,5.589128223295719,5.549475190395388,5.506203893763569,5.548492918117966,5.544481603422083
ID434,,4.695826462198804,,4.697036386131645,4.717016225234309,4.675066698613507,4.696050383670711,4.65265203971374,4.558233076951926,4.639097037623076,4.668932438532639
ID435,,,,4.19476557497917,4.160132317705001,3.897577928471399,4.103593713599532,4.101534144105396,4.00318091800264,4.077514564046988,4.049362633628158
ID436,4.931016807418104,4.886535178668674,4.991051922160399,4.910450493859715,4.933116789420848,4.721071146913339,4.985944402465536,4.956748940850513,4.955010448785499,5.079157854315678,4.9991643245601285
ID437,,4.187505338163307,,,,,,,,,
ID438,4.067831530660368,4.057713740990339,4.103363445274413,4.027179327028458,4.103462764937493,,4.094318417737755,4.109616858823003,4.082949766718744,4.189528189135813,4.155766212553525
ID439,4.503427802652106,4.493648635343076,,4.6167818519946096,4.572427924071509,,4.7877981901882745,4.640774027162074,,,4.504589429274228
ID440,4.187999698358231,,4.228416584797941,4.302816315738842,,,4.623954637273831,4.225256569414871,4.498152144251176,4.185743299621961,4.0711336331556085
ID441,5.343654062801527,5.08515933112512,5.171644888168202,5.264865645424218,5.130306553347732,5.058047746584715,5.152752929335758,5.1355026424117085,5.011200616992126,4.718600079666259,4.814833675194902
ID442,4.77530804680401,4.770918348386261,4.741081213513646,,,,4.602901250134762,4.571415527681836,4.826807177878341,4.769279335979574,4.78281149585373
ID443,4.713344169306928,4.691070417954895,4.732333471146439,4.735270112794537,4.7050365017331295,4.612757081419172,4.787095441573587,4.746123945455361,4.630315098671212,4.707295867856335,4.745400736844192
ID444,4.649627126469803,4.362818485523267,4.47241652821129,4.572686976874681,4.419166873788667,4.347115448857344,4.52984778513113,4.445761887842275,,,4.172290175652219
ID445,7.17842923002207,7.100727967929006,7.174395166563008,7.223547144813221,7.206143253385388,7.176180533218803,7.210274776056819,,7.135635670562245,7.224525067648602,7.2018907501462746
ID446,4.302172328466006,4.339748264185073,4.245447333821529,,,,,,4.08949764213517,4.068859903867471,4.16589647296458
ID447,6.114244685078544,6.069530104060171,6.129545426617167,,6.138630637306574,6.088268898526111,,6.112443652676653,6.085256637949973,6.128047579666166,
ID448,4.144396064750191,4.195864381229218,4.200896344006762,,,,,,,,
ID449,5.402856526540877,5.362163728794619,5.430176659500177,5.457840700291639,5.4570863955125,5.40597444476703,5.466567275846099,5.4429166868256615,5.391270240702828,5.462021123348328,5.442206308023367
ID450,4.416497022438669,4.380152090235428,4.427191721790611,4.469720625089915,4.465143470568317,4.363194062388838,4.455534848543044,4.426961110937565,4.369903319399514,4.4387210578408105,4.4701677962434365
ID451,4.345621730063328,4.405737295980328,4.39887512946038,4.327386448644304,4.36239682142835,4.165267047907658,4.31309302967537,4.324592296036595,4.163468878424256,4.32113112346084,4.463442384793541
ID452,4.154894716475342,4.076433328303493,4.135493908706914,,,,4.037110503613851,3.947502224427127,4.02161461063071,4.073198081415821,4.020409181398177
ID453,4.55788713813444,4.615066675868444,4.511806189073267,3.9812827917854734,4.042723888076114,,4.3956916501444265,4.497088998912881,4.826807177878341,4.758250107254214,4.839179601421972
ID454,5.579256158079931,5.229821725067992,5.425612315634975,5.481485639675824,5.321455671194874,5.266577211786294,5.434038426961042,5.383285129676208,5.17705558704008,4.986773187817399,5.124236133878065
ID455,,,,4.368465869748714,4.303081453088154,4.117757891934692,3.997973229226048,4.006277852937265,,4.096050093610623,3.957223765798505
ID456,4.8232209785363,4.556511868063594,4.741081213513646,4.7610332824206125,4.6101517445419375,4.535974733132029,4.747130754432202,4.733712679068329,4.518445491907636,4.347764650702284,
ID457,4.245757357186453,4.106387083723078,4.3737950502694805,4.226213077862034,4.140184360528583,4.060638081308251,4.346702183428006,4.246996948450434,4.209758269650754,4.257921965219618,4.264312326433631
ID458,4.401654191152204,4.324240283623846,4.223765399196991,,,,,4.013167685251196,,,
ID459,,,,,,,,,3.906700172247851,,4.035508497825357
ID460,4.381629414434849,4.384113384039902,4.288580997113347,,,,4.323481580509938,4.314894581729366,4.312542628128982,4.315471550189559,4.285838449483219
ID461,,,,4.230420685501788,4.214425969964339,4.104167267250716,4.096838283288344,4.092140713841129,4.03987564868302,4.127390959816521,4.149392841764766
ID462,,,,,,,3.9096023647591167,,3.9163171009372384,4.179159058835291,3.838464041181762
ID463,4.805766692011431,4.669247051922329,4.634813644696546,5.359522290058666,5.404534674480213,5.08856344839916,5.341242611373996,5.358057043868568,5.225663032023611,5.33861226769826,5.263007080507022
ID464,5.236510227539047,5.2875694170674405,5.222111809223656,4.691422812383869,4.723641198464014,4.3068110830637165,4.911475160514085,4.899105185900607,4.811655656453936,4.826664903754747,4.995919443905397
ID465,4.285599638979265,,,,4.0924532539614695,,4.193017838532457,4.148410722921048,4.239883129349188,4.282410537740048,4.218800747547866
ID466,,3.85822394358304,,4.496877867123969,4.5445432740487,4.2669217904461,4.518398220533449,4.515683414659602,4.398874012782308,4.437103578556822,4.402985716195311
ID467,3.9824215446232136,3.899816810819301,,,3.886922640195525,3.858235795158445,4.004690716903703,3.9153966113340566,4.041353156441727,4.075269065260533,4.076530322620849
ID468,4.59589994074868,4.542593961631298,4.481972514832209,3.886951291442824,3.948742487705636,,4.369180499402878,4.368502674255932,4.4462055691323545,4.399722281604613,4.387401125640641
ID469,4.15241345637968,4.085166834019093,4.179429397519293,4.0239697969806425,,4.0292364564234,4.149885633146404,4.074412043739224,4.052323237186778,4.15253749819469,4.171754122489569
ID470,4.38479552303547,4.486817038227381,4.442237894028207,,4.052439294923394,,4.241608718657162,4.225256569414871,,4.079785960998262,4.229767952901809
ID471,4.523349833359615,,,4.623979170556044,4.679561696030082,4.621188106894912,4.611053100362707,4.645365806940241,4.577847912270369,4.656040279043928,4.592254455532855
ID472,4.523349833359615,4.51742862129914,4.589247723609696,4.5364605856764255,4.514483474249669,4.350112284200734,4.482006690514565,4.497088998912881,4.31534165328303,4.48094089899062,4.575920765343971
ID473,4.638499269808745,4.486817038227381,4.531532422586828,4.508474618901191,4.45682539795652,4.347115448857344,4.666752114607448,4.617682216019894,4.661672937642725,4.605763194506532,4.579750512855452
ID474,4.215475210120028,4.184168266088282,4.146994027611447,,,,4.112561816280662,4.092140713841129,4.281040594223564,4.273623820316564,4.266936401637833
ID475,4.343078754142048,4.316176164623432,4.312959820475807,4.368465869748714,4.424681615525121,4.259852132167022,4.285805424408084,4.306933131247648,4.147685890584856,4.253002985943349,4.370367426227546
ID476,5.480552501629022,5.432094570029462,5.4819088976301895,4.877254935626559,4.937711086240697,4.691461824016506,5.320616158042606,5.292142089400922,5.266141655545712,5.350580310649776,5.344486683012335
ID477,4.569229921864058,4.51742862129914,4.583857982970426,,,,4.433776602526523,4.422309373778779,4.392598707848546,4.447894803614904,4.407730326104413
ID478,4.654862021792342,4.874952167997762,4.991051922160399,4.965064740757631,4.901584632035865,,4.923036680961252,,4.789809881823904,4.813582067946047,4.541200705110759
ID479,4.899289301267968,4.761198687657904,4.734385863132339,4.627506767802764,4.669097910843097,4.474174238567076,4.837936840914408,4.773936555706566,5.003609287150384,4.962762317187431,4.894452105920554
ID480,,4.158791279624739,4.151246322562259,,,,4.046341371264782,,,,
ID481,4.230571219927366,4.3716080746171,4.483530750622739,4.454019029368446,,,4.373351195602515,4.402716613241326,,,
ID482,4.00458372874105,3.969157470529464,4.113101871451315,,,,,3.988049255282321,4.010161175921034,4.232189603178172,4.160195687655042
ID483,4.345621730063328,4.253934496618429,4.161678207399677,4.078655716765251,4.145207520386048,3.9439069297727967,4.241608718657162,4.259427287629807,4.426347918721453,4.424763382378193,4.353446696990822
ID484,4.478633041784817,4.486817038227381,4.4062107125233005,4.03680736627054,4.240273232557896,,4.288524244396259,4.342768472067919,4.2209191476413706,4.221379334530421,4.229767952901809
ID485,5.433334215877127,5.037249462149388,5.273895486195204,5.199601104698972,4.986816688668699,5.1366130288730165,5.496333780440498,5.4429166868256615,5.87351246620383,4.927162334223879,5.039937899919531
ID486,5.554416736179337,5.406092714638497,5.430176659500177,5.178530303690731,5.191628839511712,4.8320603569249165,5.420463547757203,5.4429166868256615,5.566578386195676,5.552528079209302,5.515577144464981
ID487,4.5649026273805,4.467039057426402,4.498194659686224,,,,4.482006690514565,4.473630059778724,4.611993990128819,4.578673183334453,4.557704629708985
ID488,4.111643182785585,4.020837555868041,,,,,,,,,
ID489,4.781269137894967,4.422715404057856,4.604397186138128,4.600645655804158,4.356847221825614,4.525396717990475,4.844173841514479,4.786525395027622,5.16350426046352,4.300017726010378,4.3966439209854125
ID490,4.681688979517249,4.711470432420551,4.774468715837641,4.508474618901191,4.563393974444979,4.207984122578464,4.658928942342838,4.615241273089433,4.535349582994752,4.63186586771054,4.792479653449785
ID491,4.137847219979033,4.073524237683214,4.322785835119617,,,,4.193017838532457,4.23587822421711,,4.253002985943349,4.229767952901809
ID492,,3.870027665067836,,,,,,,3.9770275111365,3.989785411658029,3.96147941915436
ID493,4.704591016847456,4.736938932254926,4.703695455416583,4.092229369904799,4.236610935445242,,4.486956761277394,4.445761887842275,4.4462055691323545,4.412716670937172,4.421449123611257
ID494,,,,4.065370358144199,4.089277031847399,,4.001404360905056,3.947502224427127,3.9223420246260345,4.026651735783518,4.042202355379977
ID495,,4.214829905614373,4.284630594483648,4.013821876633004,4.052439294923394,,4.172178891557813,4.164206972783305,,4.150777180217565,4.305840693491321
ID496,5.272884408157619,5.036453943690706,5.132006486940692,5.264865645424218,5.089201072040051,5.045083824788107,5.122872171882058,5.079071485333362,4.941408645508868,4.743024994282092,4.792141873547589
ID497,4.86663293934464,5.064134281867617,4.933433979019342,4.595530842530551,4.733181746675562,4.357652454887592,4.82538764766187,4.832093231320068,4.85748955388798,4.819917090169898,4.993691096392642
ID498,4.612556479721959,4.410348321746965,4.483530750622739,4.600645655804158,4.54711954339328,4.408279919884624,4.536461667604705,4.415477044669222,4.263365813052428,4.160771294622066,4.180824379559094
ID499,4.483153246307431,,4.475323973272124,4.627989184250778,,4.677901955276223,4.623954637273831,4.612676717115834,4.5719149676039645,4.643395823984021,4.618313594035096
ID500,,4.212422897003468,,,,,,,,,4.125023643714396
ID501,4.375163361544245,4.101078028161495,4.318992455217736,4.564937992470356,4.398811419639186,4.573835085302764,4.539323036161511,4.497088998912881,4.492134420645889,4.429499718030966,4.45754965424673
ID502,4.348668986565904,4.172035984791129,4.369586774915825,4.372751014639165,4.245435255708033,4.27262065705919,4.408325566921441,4.314894581729366,4.285657997481527,4.289015555663117,4.306233689632124
ID503,4.704591016847456,4.637547974249989,4.732333471146439,4.709493478160846,4.735633025430506,4.632677353598671,4.767978737068084,4.733712679068329,4.640777728529377,,4.660760925800008
ID504,,3.8985473635683072,,4.394386334688876,4.502279018580508,,4.382680639539588,4.351865268623477,4.59261150670635,4.571493760465619,4.573772752889146
ID505,,,,3.9642880669203673,4.3737913628825575,4.248051620097353,,4.1372319612236765,,4.180142423718391,4.387401125640641
ID506,4.165181826281129,,4.249889662166526,4.19801333847537,4.214425969964339,4.157620435952761,4.301312030162336,4.164206972783305,4.088619293490935,,4.15559102909977
ID507,4.428145126480263,4.271204555155826,4.069856215176363,4.114305805707843,4.1050765472996105,4.016852748658268,4.043271160683236,,,4.142176689759814,4.042202355379977
ID508,3.929605246986921,,,,,,3.8844697209296712,,,,4.232942659862542
ID509,4.605818821127681,4.561099589235604,4.575125548637319,4.492764985411615,4.635828069138838,4.301873578952608,4.615982822797566,4.6137106304656985,4.600393969766106,4.6874286202295545,4.578110126796948
ID510,5.50522821346048,5.481890341055165,5.4819088976301895,5.313698601665847,5.388328868172321,4.9834773482911805,5.400448075460904,5.397212457914504,5.17705558704008,5.204828914223307,5.2208499343269725
ID511,4.187999698358231,4.251664590214649,4.216831836365608,,,,4.125207868483297,4.125030888796236,4.199153308121883,4.3870883498354,4.199904252045443
ID512,4.038669414783371,4.105029102060061,,,,,,,,,
ID513,4.5649026273805,4.530143398713305,4.384251293086058,4.267348968017948,4.4070233801827,4.41304014623707,4.506441614443824,4.479241060290024,4.65049145831421,4.827618446253726,4.5650979834274334
ID514,4.7614307535554055,4.744650420614019,4.703695455416583,4.5813191741020844,4.633861541546571,,4.643497546815743,4.640774027162074,4.447782559325419,4.46895212730392,
ID515,,4.302492175897229,4.366943631555595,,,,,,,,
ID516,4.303692224358525,4.258316289759919,4.270332108219487,4.155989684742165,4.18727379786805,,4.161436843905699,4.212664051288042,4.019107684229876,,4.032897173904957
ID517,5.21887349233902,5.4033371877549,5.318623564552309,4.969616061960402,5.140562926969601,4.859022728198761,5.279769418085081,5.306935315411451,5.3614317138202034,5.481494677069412,5.413097629328267
ID518,5.017019287529965,5.344288272586138,5.236957703447931,4.754671733449074,4.958118540135465,4.668659810779565,4.977599303855927,5.024702036782662,5.16350426046352,,5.1974157035035775
ID519,5.129126625061299,5.136175584341698,5.171644888168202,4.807109969149683,4.85439481659591,4.76691259869702,5.037902774315063,5.139810190537476,,,5.124236133878065
ID520,4.646426952165779,4.786731153055706,4.693742577500252,4.382679286385986,4.533455612019197,4.304169036018529,4.6730255750821,4.711896061967257,4.741488518790759,,4.77937941164525
ID521,4.388000897614759,4.693737720113641,4.556000491481474,,,,4.3956916501444265,,,,
ID522,,,,,,,,,5.463103718270588,5.457835331402721,
ID523,4.616357701369658,4.602599679707826,4.680223534889575,4.2791951798173695,4.430106064395588,4.295488326792811,4.631087363664776,4.505608335937337,4.670944545034336,4.686720944648154,4.588098422174315
ID524,5.480552501629022,5.217801430130877,5.328186208425026,5.44033779763433,5.294460699653407,5.197601773147784,5.30349526939464,5.2374636781881225,5.134810796767459,5.0576152100598,5.124236133878065
ID525,4.844650130092441,4.576176807771914,4.734385863132339,4.757628323040744,4.647354239155476,4.616889703584599,4.747130754432202,4.690084937347528,4.657051814719813,4.4387210578408105,4.619792279538043
ID526,,4.217627667414259,4.376471927848487,4.407279131135214,4.366374690244387,4.3068110830637165,4.419708528293906,,,,
ID527,4.717261695097847,4.7279125064717125,4.873863103260566,4.847859551397195,4.85439481659591,4.685094984023243,4.884769637026469,4.844767471003102,4.779886483066025,5.029752274825199,4.986121726318842
ID528,4.423096588765135,4.3282174200928,4.418565429872045,,,,,,,,
ID529,4.687882810942645,4.606178079813087,4.676332435953039,4.584678915306635,4.604982274136511,4.397427836958396,4.670549261906315,4.690084937347528,4.73457700802418,4.754780202418659,4.72844095718459
ID530,5.115251564702134,5.023514346539188,4.967330025928593,,4.236610935445242,,4.7877981901882745,4.733712679068329,4.779548136842969,4.707295867856335,4.72844095718459
ID531,4.883863532722564,4.744650420614019,,4.893309500743023,4.754597243924018,4.785382052361608,4.822795978937442,4.844767471003102,4.630315098671212,4.859156339594766,
ID532,4.478633041784817,4.461995882189845,4.626113278233814,4.432985286888028,4.399150803134167,4.169756982212453,4.448149779402861,4.462336908120994,4.156479292015504,4.593371297396015,4.522387453832582
ID533,4.824919871547147,4.916615004535451,4.972952238169893,,4.781833373927372,,4.899373516026307,4.940919581685446,4.79200113721309,5.046043168875387,4.76445528852641
ID534,4.957534351133859,5.091375581876402,5.108308973625293,,4.758042161150024,,4.7877981901882745,4.940919581685446,4.859572120258258,4.987152999093465,5.124236133878065
ID535,5.716139744897031,5.481890341055165,5.375422479609274,5.014281422462977,5.321455671194874,5.1366130288730165,5.400448075460904,5.383285129676208,5.6514255670771645,5.599239827954254,5.442206308023367
ID536,,5.148602346637346,5.282009977466944,4.777343978200623,,,,,,,4.986121726318842
ID537,4.747834941375437,4.691070417954895,4.680223534889575,5.058014740947428,5.089201072040051,4.87518639130802,5.023099720996475,5.006285029240118,5.035622368979681,5.112079818377527,5.124236133878065
ID538,4.743718993258316,4.735458112003716,4.38926922110923,4.128554890771969,4.383378001706578,4.176196447285849,4.611053100362707,,,,4.522387453832582
ID539,4.018472255276621,4.016586307755297,4.1497406921104165,,,,,,,,
ID540,3.8999733279617295,,,4.139386264022251,4.191469934622153,,4.121351128672597,4.115326883513052,4.09359244066784,4.198650556818971,4.239816247174642
ID541,5.017019287529965,5.318401276520642,5.328186208425026,4.541449515750961,4.773805774339209,4.317700918913291,4.960346880193017,5.059058542283889,5.118033306478765,5.114286019889797,5.188927329532366
ID542,5.18985941594146,4.952096917545566,4.822561424790214,4.518609561012586,4.794169744593197,4.629940676328002,5.037902774315063,4.875744870228409,5.102229142927259,5.0576152100598,4.902452362391958
ID543,4.23819107559044,4.227318981397847,4.268643376750858,3.9615269064401,4.058651153295994,,4.109331675465295,4.074412043739224,4.125544168553536,,4.108865141345869
ID544,4.416497022438669,4.7279125064717125,4.703695455416583,,,,4.348386990799344,4.479241060290024,4.535349582994752,4.513544009575895,4.710673512294196
ID545,4.203986609082386,4.217627667414259,4.3737950502694805,,,,4.224683710707019,4.201993775193533,4.08066040766749,,4.226536440121838
ID546,4.298292112906671,4.053434855085673,3.9207164290079777,,,,4.101629520990423,,4.214655596659211,4.174366262839958,
ID547,5.50522821346048,5.462616677755243,5.471022876529133,5.618510271205062,5.660924273861881,5.636146334750869,5.592123756333548,5.562031287848402,5.528944323725215,5.574549012139872,5.554721235263227
ID548,,4.862113788376494,4.8823071913357055,4.837757176509849,4.827959090970397,4.748514086649533,4.82538764766187,4.73765638704438,4.670944545034336,4.709817548956576,
ID549,,4.002411898825684,3.958716795725934,3.9202039762623846,,,3.999788564217145,3.908920897222546,,,
ID550,4.811138825902322,4.786731153055706,4.814390904794012,3.92884590291646,4.042723888076114,,4.66485162800919,4.645365806940241,4.890550920257818,4.843772685003125,4.898211860655465
ID551,5.151161547726082,5.132508044353017,5.236957703447931,5.195657393063444,5.1897880336974485,5.0078293463091565,5.259407116540723,5.208444324866102,5.207472180551809,5.320963466352837,5.273670258791693
ID552,4.343078754142048,4.358997307029654,4.430894951482081,4.348777180883626,4.394043511918946,4.2238759107283,4.453037075111917,4.454911941477612,4.438158575257753,4.5340177520129386,4.484894047642538
ID553,4.895266828057962,4.503905264400776,4.721897919807759,,4.54711954339328,4.088943971461699,4.878972004257886,4.844767471003102,4.369128135896664,4.282410537740048,4.660760925800008
ID554,,,,,,,,,3.818010320645101,4.093309725541009,
ID555,4.864915752577329,4.6521470646261855,4.646180137738932,4.837757176509849,4.747313272768623,4.685094984023243,4.778373426859432,4.755547162237791,4.60652046315453,,4.601034686993901
ID556,4.305328771070564,4.24329576691075,4.217799377410345,,,,4.102306730493563,4.082704032912233,,3.955976079322229,
ID557,4.428145126480263,4.239743923633934,4.251704578477693,4.563526619991024,4.355262731914667,4.43089502385905,4.413728189893339,4.413382313815777,4.394655172821323,4.195832450907841,4.347548993475702
ID558,5.399363890896109,5.472534770545966,5.318623564552309,5.148977894442935,5.294460699653407,5.028855774273032,5.4116642851054735,5.348057510935938,5.485828318787614,5.320963466352837,5.487003595275549
ID559,5.158826751274169,5.389820963648678,5.244871829721558,4.86117028711603,5.089201072040051,4.785382052361608,5.10419019153783,5.163338981383523,5.249275428108973,5.195290124863248,5.313604242642022
ID560,4.681688979517249,4.460812874452275,4.448490990843498,4.572686976874681,4.733181746675562,4.895369425553423,4.860887690624855,4.733712679068329,4.770092278494281,4.709817548956576,4.4741580958210845
ID561,4.846196162324362,4.892796900509591,4.749312886771756,4.605019076465656,4.699209669265969,4.514811249731232,4.819844201692678,4.761449379398181,4.884826508888912,4.760952024534844,4.90901480286006
ID562,4.569229921864058,4.750035932049877,4.680223534889575,,4.521402376446359,,4.506441614443824,4.541241906179831,4.639843127242865,4.582637750432788,4.736991513491752
ID563,4.40425700266446,4.35183221057862,4.423286071328904,,3.9575980165211937,,4.062948481954274,4.178715360430003,4.000236042305262,3.978424685258834,4.086501530939163
ID564,4.683791844296931,4.809392813693197,4.670696171734943,4.508474618901191,4.715284266328876,,4.773901853286784,4.666781772574078,4.808150606245398,4.675006297580292,4.8470746065552754
ID565,,4.786731153055706,4.700529445963931,,4.699209669265969,,,4.69356036430738,4.712517017529448,4.718600079666259,4.834702298624722
ID566,5.827903799970253,5.980309057809417,6.018011307030997,5.932610123670069,5.861328071701927,5.938583448305308,6.02968708851505,5.874650363313265,6.012246503173692,5.723410970187508,6.005121824445334
ID567,5.2501463211996855,5.406092714638497,5.448510649496825,5.359522290058666,5.310945167420162,5.344702315520765,5.466567275846099,5.306935315411451,5.424142710022833,5.178621736236059,5.421653326512703
ID568,4.672770043527486,4.814573162904918,4.86140560066413,4.82492363613526,,4.773301428863336,4.911475160514085,4.821665898163893,4.813572838919516,,4.838298283532621
ID569,7.194365741246838,7.124533155000687,7.185540115483404,7.223547144813221,7.206143253385388,7.176180533218803,7.25419925078592,,7.17795780515608,7.229711950736077,7.2018907501462746
ID570,4.940216258648786,4.704751010682074,4.817904053777018,4.915424854968205,4.819843240507402,4.666523641182187,4.7819447720854775,4.674860989994322,4.630315098671212,,4.628218953443712
ID571,,6.094196453371154,6.169013162311502,,6.21756667066041,,6.236905763085733,,6.131126099438941,6.220998175338558,6.193709567664316
ID572,4.502196669058342,4.47124696386347,4.433761503930287,,,,4.34462589949286,4.303228403655659,4.466901736453393,4.424763382378193,4.494641967863196
ID573,5.487322823922391,5.449450874100551,5.512182180807801,5.5533842438038175,5.537403025069615,5.495786499609235,5.537369734361468,5.516750769719282,5.470815410308645,5.542917703630375,5.521722222094639
ID574,4.579084144823413,4.556511868063594,4.605957091610695,4.5890067419755525,4.60921505146712,4.565258499441328,4.615982822797566,4.625119796911553,4.53135181197691,4.609010800419175,4.602351012860525
ID575,4.420194145174079,4.422715404057856,4.49114294475165,,4.0102954117252905,,4.333632805773446,4.337798668637594,4.357525310989808,4.4387210578408105,4.433172096104606
ID576,6.241406242120028,6.166471325728152,6.210786322091599,6.38872810558972,6.21756667066041,,,6.219552562886312,6.382082765775083,6.047576949001042,6.362316470257163
ID577,5.701927548823671,5.613037090124639,5.598251350604725,5.784485366976568,5.643545489379619,5.906130897179518,5.766886359156324,5.673970023453062,5.8202100042823295,5.472928368200298,5.794795033811357
ID578,4.165181826281129,4.1123163665615055,4.318992455217736,,,,4.146303278302685,4.141794567711843,,4.198650556818971,4.181909057612836
ID579,4.376339540955644,4.139688484290916,,,,,4.596039138228107,,4.410824648825698,4.342027285851417,
ID580,4.329588194093722,4.486817038227381,4.511806189073267,,,,,,4.32992809080863,4.399722281604613,
ID581,,,,,,,3.9391685644031735,,,,
ID582,5.406877834729567,5.58093247613749,5.6633683133137565,5.157868254707049,5.377594438626552,4.87518639130802,5.361191595942222,5.348057510935938,5.418405282875378,5.501479301270659,5.520902112319383
ID583,5.399363890896109,5.344288272586138,5.4054504519450735,5.140333409763758,5.052003989946821,4.91139363786906,5.354344316300544,5.281147268201439,5.5154674710943405,5.258694783819018,5.393052703736518
ID584,4.833636820854258,4.98760709617639,5.029939037589539,,4.819843240507402,,4.773901853286784,4.746123945455361,,4.907719543132236,4.919078362295426
ID585,5.138187749089037,5.406092714638497,5.494314924073519,4.9208548576437545,5.180321210856444,4.859022728198761,5.26179709905596,5.247767296337976,5.332276392281133,5.380483755001966,5.475386006412252
ID586,4.931016807418104,4.874952167997762,4.8823071913357055,4.627989184250778,,4.438597095294289,4.878972004257886,4.807758962686119,4.975739575895574,4.718991496024442,4.869446712068571
ID587,4.717261695097847,4.773765983311342,4.7631587098937525,4.219973558203888,4.280861195023402,4.157620435952761,4.536461667604705,4.511889939585934,4.380803463997388,4.486616326552769,4.522387453832582
ID588,5.684796594942646,5.58093247613749,5.636362849802213,4.870515527167176,,,5.372521563544645,5.292142089400922,5.355644746549206,5.222501932337292,5.341091115423636
ID589,5.21887349233902,5.036453943690706,5.144460419077414,,4.399150803134167,,4.860887690624855,4.853334616977215,4.826807177878341,4.680571127588331,4.834702298624722
ID590,4.236535672856257,4.167308464822603,4.085662574809068,4.191334056412594,4.180660040179364,4.027581683333669,4.267613130964817,4.231899606654503,4.419414885293032,4.457787009825813,4.402985716195311
ID591,4.858961644503311,4.567507023198292,4.651727961207642,4.858593013780775,4.679561696030082,4.785382052361608,4.815278997511301,4.773936555706566,4.764471853150715,4.6188953716102965,4.668932438532639
ID592,4.540822849861277,4.486817038227381,4.442237894028207,4.239114967199308,4.28917905912522,4.18573286601305,4.532617945682478,4.497088998912881,4.451766663857003,4.438235721164366,4.433172096104606
ID593,,,,4.219973558203888,4.280180534577238,,,,,3.981594014449709,4.212539039218026
ID594,4.523349833359615,4.495474965600733,4.49114294475165,4.316991639196837,4.327616601455091,,4.455534848543044,4.402716613241326,4.456527104417786,4.548244475754772,4.519260817926704
ID595,,,4.135493908706914,4.43768046877992,,4.451627174428624,4.495088015470588,4.46899374566175,,4.524565288262658,
ID596,,7.14650355480238,7.382776862096799,,7.439969819036633,,,,,7.19716773165099,
ID597,7.065871866675821,6.751336655400023,6.857306217965315,,,,,6.953468275537988,,,
ID598,4.9492748904062696,4.856444401092122,4.862887851093017,4.263845378921649,4.3143687160964586,4.016852748658268,4.747130754432202,4.708501638121064,4.822798680784822,4.760952024534844,4.753661374058395
ID599,6.207497004745475,5.98464549741612,5.991134120211886,6.257300922231334,6.000668526849319,6.116193585131828,,6.066488518054287,6.16656875922579,5.997642455557756,6.102523280827281
ID600,4.837298635360619,4.886535178668674,4.920907057776409,4.41431142212428,4.58684730021332,4.459536334881459,4.747130754432202,4.6939301631850014,4.419414885293032,4.48094089899062,4.544967036339006
ID601,4.172481210543593,4.081637296846227,4.146994027611447,,,,4.034546892759309,3.991224477171294,4.064214945080277,,4.02193044280317
ID602,5.2501463211996855,4.994799006838541,5.074868218221279,5.277336583986307,5.089201072040051,5.145966146157432,5.232715219762408,5.1859901516513744,5.16350426046352,5.035223502187557,5.1581070014248285
ID603,4.569229921864058,4.603020046095625,4.525158189916569,4.078655716765251,4.259058423686333,4.076083205500343,4.444357108945097,4.402716613241326,4.369128135896664,4.3637911129371085,4.419066965452426
ID604,5.206166746160289,5.148602346637346,5.1333333732377735,5.226121911856498,5.167596627953617,5.241928091263242,5.239840062586023,5.208444324866102,5.138229969434622,4.788702943888669,5.1481820026641065
ID605,4.649627126469803,4.613094963441265,4.581607401821178,4.686804713463538,4.690686786095366,4.716947274170107,4.699234597955813,4.711896061967257,4.637364744893056,,4.646586372471162
ID606,3.999928835561092,4.048503949108333,3.923117675859027,,,,3.988357122190469,3.9153966113340566,4.175518119217039,4.195832450907841,4.232942659862542
ID607,4.345621730063328,4.411246017798594,4.465678479178066,,4.1189992316914585,,4.433776602526523,4.37869915848712,4.551299871470475,4.51983392558115,4.579750512855452
ID608,4.559290605516087,4.472902522207595,4.481972514832209,4.655978058340252,4.679561696030082,4.663712661872879,4.623954637273831,4.65265203971374,4.563293030433388,4.672219847516017,4.618313594035096
ID609,4.381629414434849,4.316176164623432,4.317288869051917,,3.8620993813303945,,4.13143963257215,4.125030888796236,4.125544168553536,4.012377248968288,4.051779704529695
ID610,4.369144509993213,4.48836251026243,4.433761503930287,,,,4.158493331793739,4.205089589191682,4.305008432636042,4.24243188588806,4.3966439209854125
ID611,4.319571304029723,4.261944676989781,4.344481182161981,4.2791951798173695,4.194386245038759,4.162825999877138,4.382680639539588,4.28901574913553,4.31496618258278,4.333897119901461,4.36115241404656
ID612,5.570819736670507,5.536488607378012,5.592350361305901,5.027984170104928,5.070723762035342,4.857907424407308,5.446938731344616,5.4429166868256615,5.375454704802444,5.481494677069412,5.475386006412252
ID613,4.743718993258316,4.691070417954895,4.762298943576404,4.299611953302128,4.273752530786882,4.143798869262389,4.611053100362707,4.599048420306758,4.566718899876176,4.657704412042473,4.607375332464307
ID614,4.115765917900057,4.070582716577655,4.113101871451315,,,,4.090395887869802,3.9794243725350578,,,
ID615,,,,,,,,,,4.093700220666766,3.871015203541111
ID616,4.143620308308814,4.249359870577009,4.407985138777431,,4.502279018580508,4.117757891934692,4.268692105421737,4.485816267629238,4.173903520436127,4.3870883498354,4.373201175327615
ID617,5.754903324631717,5.7450960765511,5.636362849802213,,,,5.434038426961042,5.4429166868256615,5.6891203619994775,5.493147331267439,5.538374269759841
ID618,3.925067917524784,,,3.744900851113412,3.829545534937617,,3.948081491720034,,3.971409759109888,3.927831140519924,3.985832997328412
ID619,5.036337339400961,5.027310917858697,4.920907057776409,,4.145207520386048,,4.747130754432202,4.743191621808137,4.962407829425874,4.788702943888669,4.861718171789199
ID620,4.540822849861277,4.599765683560025,4.5451604124286265,4.387829268516611,4.523326854273602,4.301873578952608,4.520492412034558,4.557519137391962,4.600393969766106,4.718991496024442,4.637878577172646
ID621,4.331939212241368,4.417206666895762,4.362568504937265,,,,,,4.361993252729443,,4.465131619635961
ID622,4.352286953105313,4.406287077135528,4.3836647182085375,,4.012914027186046,,4.174449836973906,4.129461519049908,4.193658612873279,4.246966168745837,4.178452469502882
ID623,4.30633052850505,4.411120905834441,,4.267348968017948,,,4.323481580509938,4.445761887842275,,4.246966168745837,4.534678941605513
ID624,4.468011202013498,4.453724554070612,,4.560052321967843,,4.595524272443716,4.558706526412621,4.557519137391962,4.504922585705242,4.543818399569017,4.550872699448641
ID625,4.626440433864438,4.503905264400776,4.448490990843498,4.464114607929019,4.441924078810516,4.438597095294289,4.6868868663458585,4.604114023078124,4.670944545034336,4.60693498229636,4.591755361004092
ID626,4.20082288271634,4.191825403670947,4.119501998797468,,,,4.13143963257215,4.078899664515419,4.291444637374509,4.264529345278163,4.258294067009178
ID627,,,3.877457140749573,4.139386264022251,4.1050765472996105,4.076083205500343,4.066677116123367,4.012317385213292,3.8981201103873695,4.133173258391002,4.056745089225608
ID628,4.791765419718985,4.517529800573239,4.615677392019433,4.6167818519946096,4.623224887570499,4.562130089927052,4.576973036959066,4.505608335937337,4.453966780508481,,4.433172096104606
ID629,,4.493648635343076,,,4.463207685867126,,,4.485816267629238,4.244909020392731,4.366444534014649,4.427324549656542
ID630,4.073455664960494,4.073524237683214,4.057531726149936,,,,3.985985847825166,,4.109652564477191,,4.086501530939163
ID631,4.763366249163455,4.641551187442176,4.586847126610701,4.4848906677172415,4.4943318336705085,4.331926077852833,4.70334143423203,4.65265203971374,4.846795756515995,4.848331757266645,4.76445528852641
ID632,4.348668986565904,,4.258285302298858,4.437737454354688,4.194386245038759,4.350112284200734,4.306480998352727,4.324592296036595,4.355325529364212,4.24243188588806,4.210156923864326
ID633,4.414751103371771,4.343099293226466,4.182070371389904,,,,4.046341371264782,3.983344254501148,4.166648274365492,,4.020409181398177
ID634,3.901718563572183,3.763924895316061,3.786544631181342,,,,,,4.031982051595989,3.981594014449709,3.916737587675213
ID635,4.296579760075842,4.227318981397847,4.146994027611447,4.037689009923232,4.080045106130242,3.970293278864488,4.2561262102849575,4.178715360430003,4.394655172821323,4.3870883498354,4.342072934834795
ID636,,,,4.20481053343579,,4.179228430805005,4.149885633146404,4.141794567711843,4.23595901459248,,4.196653046829386
ID637,4.846196162324362,4.761198687657904,4.749312886771756,4.493567039518215,4.550829057401869,4.295488326792811,4.747130754432202,4.700560408360916,4.81660585948885,4.810814522988294,4.801468964197885
ID638,4.40425700266446,4.48836251026243,4.522084277289713,4.24400580273733,4.280861195023402,3.946839384885516,4.369180499402878,4.37869915848712,4.263365813052428,4.372795703012437,4.524331063976745
ID639,4.678566734492356,4.669247051922329,4.675579632455372,4.735270112794537,4.733181746675562,4.734135172501611,4.752481624947723,4.708501638121064,4.79200113721309,4.629430490552441,4.76445528852641
ID640,4.528222002682135,4.539518339799724,4.475323973272124,,3.9922171864719633,,4.241608718657162,4.264190058322324,4.268671832753391,4.218879839519872,4.195231302174435
ID641,4.313368880506568,4.2916074098454695,4.337531835568782,,,,4.033166415189569,4.045845588027869,4.045053050166762,,4.040396818593707
ID642,4.305328771070564,4.24329576691075,4.194985045547182,4.267348968017948,4.303052917475062,4.248051620097353,4.286526245211986,4.301388707904813,4.26722898053688,4.305053796091638,4.363065951911325
ID643,4.540822849861277,4.704751010682074,4.605957091610695,4.125097894877585,4.292478389493427,,4.369180499402878,4.44964483119327,4.563987735311964,4.502680015038466,4.682950104026902
ID644,4.050109076240655,4.070582716577655,4.06444985837461,,,,,,,,4.122645167771785
ID645,,,,4.1854677918029,4.259058423686333,4.3068110830637165,,,,,
ID646,4.704591016847456,4.6879703771335945,4.56120541641521,4.464114607929019,4.819843240507402,4.484017924197931,4.747130754432202,4.786525395027622,4.352143623495315,4.51983392558115,4.7353843709814205
ID647,4.280355981136911,4.279030831862056,4.130725927258653,,4.409867294573046,,4.369180499402878,4.423927466615453,4.173903520436127,,
ID648,4.524755771175382,4.576176807771914,4.768725632688682,4.7610332824206125,4.794416548847961,4.638116277794976,4.7704925559621785,4.746123945455361,4.635499584187725,4.935986779301943,4.894452105920554
ID649,4.3923271623580895,4.336977885974957,4.344481182161981,,,,,,,,
ID650,4.14092005765812,4.203391351785334,4.119501998797468,,4.294416533106871,,,,4.08066040766749,4.221379334530421,4.139863778262234
ID651,5.061732674530898,5.001537339225327,4.943193347594618,,,,4.747130754432202,4.73765638704438,4.759811985801227,4.743024994282092,4.737408855382885
ID652,4.384874730133179,4.336977885974957,4.492903856532586,4.202449531502752,4.191469934622153,,4.31309302967537,4.284999907526769,,,
ID653,4.931016807418104,4.98760709617639,4.86777480666982,,,,4.387166335102101,4.368502674255932,4.632772829357173,,4.615246432885536
ID654,,,,,3.775059032547912,,,,,,
ID655,4.99593584674652,5.025415857235615,5.282009977466944,4.976719235856623,5.083687556905916,4.541756909106443,4.835813572872935,5.208444324866102,4.910749831340604,5.114286019889797,5.22954781624128
ID656,4.9953595866937945,4.959731206463899,,,,4.451627174428624,4.896981434685134,,4.8822896069117885,,
ID657,4.86663293934464,4.791484520632113,4.803589177744668,4.748403582902972,4.788768636663322,4.535974733132029,4.747130754432202,4.700560408360916,4.588831090074923,,4.6864769487827616
ID658,4.464088609289861,4.398904048688512,,,,,4.369180499402878,,,,
ID659,4.446854990250284,4.444311133153835,4.727110730723089,,,,,4.65265203971374,4.3526105232091865,4.571493760465619,
ID660,5.21887349233902,5.27756059031731,5.512182180807801,5.341128992263845,5.438578023408951,4.958681132817297,5.140502475667415,5.536622835305652,5.225663032023611,5.3771952168719,5.538374269759841
ID661,5.151161547726082,5.142818323852722,,,,4.785382052361608,5.187041638388848,,5.093360006265001,,
ID662,4.612556479721959,4.678059922704985,4.927950181977183,4.754671733449074,4.85439481659591,4.387643786085802,4.567734211779744,4.952930000534918,4.657981754657545,4.78136904104289,4.976358299377033
ID663,4.558681840192534,4.561099589235604,,,,,4.615982822797566,,4.516417638157967,,
ID664,4.149657159327081,4.064182604101319,4.113101871451315,3.950845793764429,4.02945874399767,,4.055200325854658,4.034441982158509,,3.9092261201203367,3.907666452388273
ID665,4.69536641097705,4.761198687657904,4.991051922160399,4.847859551397195,4.958118540135465,4.484017924197931,4.643497546815743,4.690084937347528,4.741488518790759,4.862804290045457,5.033185270248002
ID666,4.6207791326159775,4.6434052694005405,,,,4.32623070822526,4.662592671144367,4.807758962686119,4.591657857034148,,
ID667,4.206939309635134,4.182676239844416,4.004249375313853,3.868292873829687,4.128439097025471,4.033626825209039,4.135633253836435,4.096780377045242,4.316788970091463,4.491649268058393,4.260080140930553
ID668,,4.0188156268364965,,4.19801333847537,4.016910449415727,4.157620435952761,4.165058182736287,4.2864524017983605,4.1298465812016,4.137649574322536,
ID669,,3.829503546093226,4.054850662595989,,,,,,,,
ID670,4.781269137894967,4.916615004535451,4.817904053777018,4.397550390991635,4.623224887570499,4.4022072393953104,4.7704925559621785,4.773936555706566,4.822798680784822,4.819917090169898,4.72844095718459
ID671,4.542498688532043,4.51742862129914,4.50251399277308,,4.004950593227711,,4.369180499402878,4.368502674255932,4.535349582994752,4.4387210578408105,4.56367576653962
ID672,4.478633041784817,4.37601783583791,4.39887512946038,3.998861648817576,,,4.382680639539588,,,,4.302076737084195
ID673,5.598074456707127,5.58093247613749,5.576964348809981,5.718802916055963,5.762543903547085,5.717763115627676,5.694437057719036,5.673970023453062,5.620330515704777,5.666709609040303,5.683706447556976
ID674,4.915732837468289,4.896920042451498,,4.95103573241289,4.941934870115761,4.923124677536284,4.923036680961252,4.899105185900607,4.826807177878341,4.866779530937969,4.919078362295426
ID675,4.7156281969527,4.674562911881069,4.525458043068491,4.541449515750961,4.647354239155476,4.501138882295193,4.7223628638871045,4.659697005168431,4.377129931294848,4.515319737388709,4.617710204814985
ID676,4.498854104752172,4.211406238624175,4.47241652821129,,,,4.415295519172943,4.343956278765122,4.321885706283275,4.376207269849483,
ID677,4.313368880506568,,4.211954163777921,4.162283054357493,4.294416533106871,,4.359802738664653,4.220624514922873,,4.180483722036923,
ID678,5.036337339400961,5.040255131681047,5.171644888168202,5.148977894442935,5.163660684895561,4.969651395729733,5.152752929335758,5.139810190537476,5.092339119628082,5.258694783819018,5.244910635410832
ID679,5.3861272117824734,5.398234650858465,5.38368911676902,5.002936827524113,5.110642361467486,4.856600855141783,5.313758582750399,5.281147268201439,5.355644746549206,5.243384520327688,5.34237868886335
ID680,4.463418611072649,4.486817038227381,4.186768313916219,4.354744698106397,4.481514799005884,4.230988575386297,4.428678830071593,4.458803957865708,4.214711871077139,4.475926704382684,4.550872699448641
ID681,4.612556479721959,4.617206329166214,4.615677392019433,4.437737454354688,,4.27262065705919,4.549799551380914,4.5538817254566375,4.551299871470475,4.571493760465619,4.5820042783535
ID682,,,4.492903856532586,4.368465869748714,4.398811419639186,4.197464321239992,4.469268286680332,4.445761887842275,4.419414885293032,4.534927313616054,4.494641967863196
ID683,4.028141753776731,3.996654128331426,4.014662536997255,,,,3.926371499444128,,3.930328341086864,,3.9893462171947087
ID684,,,,,,,,,,,3.947747560190405
ID685,4.55690189165688,4.343099293226466,4.512150789848695,4.735270112794537,4.582389568488889,4.748514086649533,4.7223628638871045,4.625119796911553,4.619743130538167,4.587910364400216,4.508677933468404
ID686,4.143620308308814,4.6706402442698725,4.732333471146439,4.053072975230625,4.145207520386048,,4.479073563843118,4.413382313815777,4.212370582649973,4.2865157776570895,4.246682000001835
ID687,5.101842495150066,5.08515933112512,4.9568520590587655,4.572686976874681,4.702219038001752,4.638116277794976,4.958688827329945,4.968067434300496,5.223293875610117,5.109408165573446,5.0471256392201385
ID688,,,4.795152560455097,,,,,,,,
ID689,4.458536916789255,4.384113384039902,4.475323973272124,4.526325487581711,4.486289628977231,4.453115378330937,4.52984778513113,4.485816267629238,4.434406233420607,4.515319737388709,4.490357072473325
ID690,4.288919135960957,4.212422897003468,4.113101871451315,,,,4.1298781618917975,4.1372319612236765,,4.342027285851417,4.250290792674521
ID691,4.86663293934464,4.669247051922329,4.5389766945806205,4.098059234585022,4.263836210570068,4.301873578952608,4.510527469108238,4.546762407317523,4.800824504182094,4.718600079666259,4.62112628038428
ID692,7.194365741246838,7.14650355480238,7.232586181555205,,,7.2217809173040814,7.258483144021023,,7.192545926491341,7.269936244319492,7.264367421896405
ID693,6.295237435069115,,,6.358459337037889,6.34345684669101,6.2844049508720445,6.370063888266978,6.328547302037428,6.250958997507931,,6.31976916238163
ID694,5.042328912936397,5.113383490131064,4.9568520590587655,4.674614900188367,4.794169744593197,4.601162856282027,4.90562921611094,4.666781772574078,5.011200616992126,4.927162334223879,4.986121726318842
ID695,5.598074456707127,5.574543008967567,5.633746184837853,5.65806796060128,5.677336442468751,5.599982760107225,5.676720871600212,5.634871141490958,5.583176575269204,5.6566942729018255,5.648374122021036
ID696,4.55788713813444,4.595402880482567,4.413016107306867,4.143010070798791,4.280861195023402,,4.336933780645529,4.172954167114796,4.479719438162682,4.3870883498354,4.450692626011451
ID697,4.743718993258316,4.735458112003716,4.756997422365301,4.789968815275623,4.788768636663322,4.710683390173267,4.7877981901882745,4.762338382838367,4.706435162258746,4.772321234777215,4.821098881234356
ID698,5.309905591754641,5.415181083310291,5.236957703447931,5.112345553333085,5.300719790477168,5.073686651958986,5.279769418085081,5.059058542283889,5.391270240702828,5.299594142647154,5.413097629328267
ID699,4.364317763530321,4.367895059953541,4.421650372191406,,,,4.331070576476524,4.240239337527296,4.285657997481527,4.368755669825102,4.382521885019551
ID700,4.749143303671504,4.872920707744379,4.691998070820025,4.600645655804158,4.747313272768623,4.525396717990475,4.747130754432202,4.530208388254257,4.846795756515995,4.736353056792053,4.855081401122451
ID701,5.115251564702134,5.169668269211319,5.092039290932821,5.006665475887022,5.150076829478052,4.902830781058627,5.074407470631719,5.079071485333362,5.134810796767459,5.079157854315678,5.168443323330873
ID702,4.89102103791471,4.90132085907275,4.837196128343937,4.569906875960471,4.723641198464014,4.474740347482034,4.860887690624855,4.844767471003102,4.767198951689733,4.766779960957737,4.838298283532621
ID703,4.027316622688346,3.997867361795108,4.093972310341628,,3.750103831566789,,,3.9006905250406687,,4.054637580978609,3.965006641754906
ID704,4.553538206447987,4.6138946202195,4.756997422365301,4.505252561361797,4.781833373927372,4.3756930834563565,4.541978046425477,4.838480022356798,4.600393969766106,4.552502137829774,4.594436278390158
ID705,4.215475210120028,4.230843590850982,4.177603634868921,,4.101386084920355,,4.207980662212703,4.178715360430003,4.11584112591304,4.079785960998262,4.152754586863542
ID706,4.311988748543521,4.324240283623846,4.312959820475807,,,,4.206105222074855,,4.30148912797437,4.270085862201437,4.353892218974997
ID707,,,,,3.79389337427541,,,,,,3.8738382192069465
ID708,4.8232209785363,4.975800924998796,4.897757204328368,4.992639555786509,5.167596627953617,4.994425776401433,4.996135430929668,5.007538236647193,5.102229142927259,5.018717257374982,5.124236133878065
ID709,4.305860054616576,4.422715404057856,4.341794375720533,4.443379852388034,4.61465979655529,4.435187162518432,4.458836323399442,4.485816267629238,4.540580849566491,4.433362706862655,4.573772752889146
ID710,4.23819107559044,4.403257920602504,4.369586774915825,4.496877867123969,4.647354239155476,4.481004877946591,4.478144768165517,4.511889939585934,4.547031462927389,4.483530668724191,4.607375332464307
ID711,4.77530804680401,4.889774869176417,4.538532056430387,4.82492363613526,4.9252323896299925,4.773301428863336,4.82538764766187,4.940919581685446,4.670944545034336,5.236639017522374,5.273670258791693
ID712,6.659804425700332,6.629567643044959,6.660284785128343,5.85973979283351,,5.43950165258825,6.370063888266978,,6.382082765775083,6.252933813818071,6.3930083765433405
ID713,4.3923271623580895,4.486817038227381,,,4.509907788070714,4.387837943392717,4.433776602526523,4.541241906179831,,4.806408323912899,4.846245061435692
ID714,5.805397175392889,5.782551599148071,5.825194232240921,5.058014740947428,5.089201072040051,4.64796700395142,5.504147995868264,5.516750769719282,5.506203893763569,5.4087057985649,5.538374269759841
ID715,,,,,4.321045403367722,4.165315135888871,,,,,
ID716,4.776131285839914,4.691070417954895,4.703695455416583,4.550523887424081,4.554250342651633,4.621188106894912,4.689892201119797,4.659697005168431,4.79200113721309,4.7567969161656585,4.72844095718459
ID717,5.158826751274169,5.152022822122576,5.161499605922957,4.448846207363175,4.487726396481755,4.092862686525676,4.884769637026469,4.895067727758649,4.893745480880575,4.788702943888669,4.919078362295426
ID718,4.302172328466006,4.30142389228524,4.344481182161981,,,,4.063956233411822,4.052155002992564,4.082926116762228,4.026651735783518,4.1245487515202655
ID719,,4.052274900562154,,4.125097894877585,4.268139971223214,4.157620435952761,4.180364681041178,,4.20401589950776,4.438235721164366,4.284724163426199
ID720,4.86663293934464,4.856444401092122,4.86777480666982,4.321661580223571,4.338327050476823,,4.752481624947723,4.711896061967257,4.774293370157146,4.754780202418659,4.78281149585373
ID721,4.797426645242199,4.982778579880632,4.842560448730088,4.239114967199308,4.523326854273602,,4.604026861529567,4.606412963699421,4.808150606245398,4.809360791065012,4.9451721239824336
ID722,4.154894716475342,4.139688484290916,4.146994027611447,,,,4.069174695845737,4.027584973448834,4.047797981884049,4.073198081415821,4.065471906875941
ID723,,,,3.757040405232752,,,3.8884251066372384,,,3.8955346474817567,3.9414010804819632
ID724,4.297159315740226,4.449084337539212,4.356227049627115,,,,4.125207868483297,4.101534144105396,4.2982211822273815,4.33697614617434,4.434619235867735
ID725,4.498854104752172,4.856444401092122,4.7212716973551005,4.033354580890293,4.295855141905197,,4.428678830071593,4.37869915848712,4.571656620864261,4.550268418675763,4.747886302196915
ID726,4.528222002682135,4.695826462198804,4.575125548637319,4.324328784236637,4.5275838945604985,4.248051620097353,4.549799551380914,4.5830280061034365,4.686659643551923,4.530336584129714,4.761483566774664
ID727,4.1363347935150605,4.032883106876484,4.130725927258653,,,,,,,,
ID728,4.254319002282456,4.297947394664617,4.306768140721941,,4.063206877367068,,4.306480998352727,4.251788630641286,4.457620426457022,4.474005206475159,4.536081684331957
ID729,3.9149565294419566,4.09309017618802,,,,,,,4.101628636875645,,4.136603601943571
ID730,,,,4.550523887424081,4.600709720177356,4.210611628035799,,,,4.044101170684998,4.06540323862912
ID731,4.690682758869428,4.669247051922329,4.7212716973551005,4.815801051094796,4.827959090970397,4.795202742810269,4.809930720538345,4.786525395027622,4.70232583715797,4.782239093099073,4.768326751106571
ID732,4.468011202013498,4.493648635343076,4.338965917561091,4.239114967199308,4.355262731914667,4.207984122578464,4.333632805773446,4.1554166845704215,4.438158575257753,4.3870883498354,4.467540239398978
ID733,5.267420698533194,5.502781371659812,5.328186208425026,4.230420685501788,4.259058423686333,,4.878972004257886,4.899105185900607,4.762818934803569,4.707295867856335,4.9471329014519085
ID734,4.489347809451218,4.691070417954895,4.527684808560046,,,,4.172748493720526,,4.010161175921034,3.978424685258834,4.172182184849317
ID735,5.50522821346048,5.472534770545966,5.550717239715474,4.966351980649274,5.023480595536853,4.81882452819151,5.4116642851054735,5.383285129676208,5.305122954848211,5.4412632520902,5.421653326512703
ID736,5.50522821346048,5.69612153220151,5.332667925452785,5.422500078158787,5.643545489379619,5.415809158654571,5.605517623382566,5.536622835305652,5.332276392281133,5.788390490871725,5.69384278230602
ID737,5.351264116604939,5.406092714638497,5.259246207813946,5.218882998093452,5.3287465095125865,5.118237678291085,5.325398246365621,5.1355026424117085,5.418405282875378,5.30938205540573,5.435539502015015
ID738,4.030172522534707,3.935451011151291,3.879891256156125,3.954590525319887,4.020305275521653,,4.083181230279505,4.052155002992564,4.231435447304692,4.237192431185475,4.169054247012954
ID739,4.738903597150367,4.716059115190951,4.756997422365301,4.218447519194288,4.280861195023402,4.131429681218372,4.658928942342838,4.640774027162074,4.535349582994752,4.685576072267841,4.675934912845564
ID740,,4.198405332724265,,,,,,4.05715457221136,,,
ID741,5.076335767552669,5.228393952407132,4.912027082859634,5.002936827524113,5.171099890276016,4.994425776401433,5.152752929335758,5.1355026424117085,4.895645330697927,5.354413735898702,5.22954781624128
ID742,4.849370814106408,4.892796900509591,4.727110730723089,4.691422812383869,4.827959090970397,4.591175881338747,4.810372320718434,4.633675126918279,4.9150680978881045,4.801805369706439,4.90901480286006
ID743,5.001892835398644,5.157472994910538,5.043223526926578,5.258494532893013,5.448548962878853,5.237011802592394,5.313758582750399,5.1355026424117085,5.410705971967634,5.284043501030557,5.475386006412252
ID744,4.468011202013498,4.605024587710892,4.281921243973305,,4.478237593540417,,4.506441614443824,4.497088998912881,4.25445717316744,,4.57534640520834
ID745,4.072361250485548,4.09309017618802,4.251704578477693,3.9984709102379417,4.068375170006688,,4.164426180270658,4.154555496966233,4.095724846367772,4.412716670937172,4.321222886020057
ID746,4.491328797826624,4.637547974249989,4.492903856532586,4.742473133285997,4.920543567020394,4.748514086649533,4.810372320718434,4.608379844236897,4.864107783589897,4.734644018062291,4.919078362295426
ID747,,3.903553737353493,,,,,,,,,3.994903538624679
ID748,,4.019558236922442,,4.045233491156659,4.259058423686333,4.098227996854374,4.135633253836435,,4.2181257220320925,4.099587933146588,4.277177957441538
ID749,4.059920996255444,4.04725887262007,,,,4.053225005555657,4.129360421715395,4.096859844193883,,4.237192431185475,4.19135210348993
ID750,4.405861296942512,4.444311133153835,4.498194659686224,,,,4.193017838532457,,4.108162526230216,,4.169054247012954
ID751,4.199125256739671,4.310831291919866,4.146994027611447,,,,4.100841110879319,4.092140713841129,4.540580849566491,4.463628475733339,4.594436278390158
ID752,4.064854363479557,4.235080523659908,4.130725927258653,,4.111067818044824,,4.085172513631363,4.033436678004854,4.187950073087708,4.221379334530421,4.3966439209854125
ID753,,,,4.045233491156659,4.1189992316914585,3.978759705673149,4.011478417491418,3.965702527908837,,4.046995770867884,3.994903538624679
ID754,4.08324709073444,4.143108500506947,4.007893948941852,,4.197748048676782,4.14843076257086,4.168111186756562,4.170008842180399,3.9819630006153774,,4.168446264348371
ID755,4.524755771175382,4.71530499186104,4.605015845086574,4.24400580273733,4.463207685867126,4.081626825069667,4.518398220533449,4.485816267629238,4.632772829357173,4.597161994696097,4.817941412525185
ID756,,4.509738586193393,4.433761503930287,4.319286710789911,4.5944921909905485,,4.477784407242261,4.564536895975387,4.540580849566491,4.4387210578408105,4.687449184336484
ID757,5.684796594942646,5.804362908371407,5.598251350604725,5.65806796060128,5.762543903547085,5.6002518153193375,5.766886359156324,5.685219772586535,5.528944323725215,5.666709609040303,5.794795033811357
ID758,3.968999791311916,4.030244146937154,4.0211431150789965,,,,4.0309634246459085,3.934683628699557,4.027378204752557,4.041071783218479,4.042202355379977
ID759,,3.910117576511845,3.9011017684061815,,,,,,,,
ID760,5.21887349233902,5.502781371659812,5.406844693387618,4.872689092725943,5.089201072040051,4.675066698613507,5.187041638388848,5.155129116660369,5.332276392281133,5.269873646589452,5.520902112319383
ID761,5.18985941594146,5.359512263649588,5.195083512913311,5.195657393063444,5.294460699653407,5.159066187485712,5.308054068061473,5.2374636781881225,5.067890840048003,5.2049732031181,5.368283489234576
ID762,4.445244108276627,4.356753880828814,4.258285302298858,,,,4.058509800358362,4.052085645064836,4.16789632700254,4.071663655208771,4.057090609096842
ID763,4.657399761948275,4.694002249676321,4.556000491481474,4.5539483940656105,4.647354239155476,4.550125128165691,4.689892201119797,4.633675126918279,4.434406233420607,4.593371297396015,4.700718440257456
ID764,4.717261695097847,4.959731206463899,4.873863103260566,4.351946243601568,4.580638156833225,4.160399572066747,4.682702244556644,4.633675126918279,4.800824504182094,4.7361370058596135,4.986121726318842
ID765,4.708872603417182,5.148448351987755,5.059858503090712,4.735270112794537,5.015806533255648,4.5546911304889415,4.919130298247199,4.890834779534352,4.910749831340604,4.89621890528259,5.22954781624128
ID766,4.185146252134112,4.599765683560025,4.5389766945806205,4.207540167994305,4.502279018580508,4.053225005555657,4.3956916501444265,4.342057047116697,4.361993252729443,4.373542686928357,4.675934912845564
ID767,,4.172035984791129,4.1670972604174805,,,,,,,4.079785960998262,4.25135418250234
ID768,,,,,4.218833301282346,4.2504350647193245,,,,,
ID769,6.694228442570195,,6.660284785128343,,6.21756667066041,5.867212607742379,6.537327106707863,6.487168328549673,6.444875675742041,6.3698639977298654,
ID770,5.918631994505185,5.938492022725382,5.86129450334929,5.367232748827032,5.4570863955125,5.094716288380666,5.733036864948861,5.710826632544936,5.663867590657365,5.599239827954254,5.660568691075933
ID771,5.260546453036498,5.289323754320536,5.200865365011538,4.735270112794537,4.80476660204652,4.475768739257888,5.10419019153783,5.031316164612292,5.011200616992126,4.923190597718317,5.014412433817842
ID772,,,4.645282981741104,4.659708065908417,4.703951837637621,4.554380686891043,4.623954637273831,4.617682216019894,4.492134420645889,4.78136904104289,4.768326751106571
ID773,,4.107654722511623,3.9706127624479777,,4.095125828509858,,4.090395887869802,,4.114259486754523,,4.1433197330016185
ID774,5.027189785135081,4.94649928765208,4.920907057776409,4.121339485902378,4.132244649624999,3.996121020637009,4.707552041076113,4.698331962748329,4.732620414033334,4.682246746268248,4.720184947306305
ID775,4.423096588765135,4.4519564979297215,4.362568504937265,3.912420232939513,4.017613341293856,,4.263792112676262,4.239034263405884,4.212370582649973,4.119007831043293,4.1878645566133
ID776,,4.264570827810855,,4.316991639196837,4.363778168378419,4.198292840637762,4.408325566921441,4.359682555966309,4.31496618258278,,4.366335444144671
ID777,4.489347809451218,4.48836251026243,4.341794375720533,,4.114096557137263,,4.310065860435504,4.338630738853476,4.239681424725653,4.133173258391002,4.305840693491321
ID778,4.339571373102946,4.308732632447808,4.334573629971549,4.081766396149849,,,4.186884081565941,4.170008842180399,4.072220626900465,4.238824239567557,4.246682000001835
ID779,,4.118307000294911,4.009680271494608,,4.191469934622153,,4.184839813249905,4.092140713841129,4.177083273775967,4.126360266998808,4.25135418250234
ID780,6.620510798626097,6.069530104060171,5.985416862330227,4.976719235856623,5.3287465095125865,4.834629063277586,5.595174597761581,5.741024822105382,5.316551734747589,5.114286019889797,5.366062529964795
ID781,5.958701734400374,5.415181083310291,5.328186208425026,4.357963607044231,4.721626183035956,4.2504350647193245,4.954218524675801,5.089051383880999,4.699447125260598,4.49869010247789,4.762774920197365
ID782,4.920373777169432,4.841973802700423,4.8823071913357055,4.793284580180528,4.879887946884501,4.740064570954405,4.878972004257886,4.858467391847041,4.686659643551923,4.801805369706439,4.930432640332263
ID783,5.598074456707127,5.091375581876402,5.022752080989306,4.078655716765251,4.385276388766442,3.966908317120899,4.66485162800919,4.755547162237791,4.406576358315377,4.166483876775192,4.455488742241292
ID784,4.657399761948275,4.6521470646261855,4.670485353637587,,,,4.309919149555588,4.331686291582953,4.273264577531818,4.112168931757538,4.223863898607188
ID785,4.523825357334198,4.410348321746965,4.306768140721941,4.219973558203888,4.244000947544748,4.033626825209039,4.4600405199664905,4.343956278765122,4.566366131122563,4.571493760465619,4.524331063976745
ID786,4.883863532722564,4.393721737620647,4.310232830537916,,,,4.010107139827214,4.096859844193883,,,3.776867004760368
ID787,,4.139688484290916,4.085662574809068,,,,,,,,
ID788,4.12978915434856,4.076433328303493,4.00001682596568,,,,4.1114497130736005,4.012317385213292,4.231435447304692,4.189528189135813,4.199035790623529
ID789,4.400001798688998,4.8431224940138815,4.703695455416583,,,,4.301312030162336,4.258002327050773,,,4.375459911328189
ID790,5.027189785135081,4.917443661803418,4.817904053777018,4.872689092725943,4.781833373927372,4.691461824016506,4.853795609208135,4.807758962686119,4.591657857034148,,4.64229570901515
ID791,5.618777087509644,5.61843499293246,5.5894903177805775,5.718802916055963,5.768039064540609,5.717763115627676,5.694437057719036,5.685219772586535,5.643060179294943,5.666709609040303,5.685004444697606
ID792,,4.503905264400776,,,,,,,,4.366902889624452,
ID793,3.8422975833543536,3.894605524522504,,3.97064610809454,4.020305275521653,,3.985985847825166,3.888869323697104,,3.9844657959240144,4.010524203810824
ID794,4.489347809451218,4.422715404057856,4.306768140721941,4.368465869748714,4.30104682824038,4.135127584915646,4.409661985355889,4.324592296036595,4.08949764213517,,4.136603601943571
ID795,4.925378741511536,5.0171307231594495,4.972952238169893,4.978985639248658,5.023480595536853,4.964769755334061,4.982134582846951,4.940919581685446,4.895645330697927,4.931757132768589,4.976358299377033
ID796,4.502196669058342,4.536192135158267,4.512150789848695,,,,4.448149779402861,4.445761887842275,4.366282357026924,4.380128787577212,
ID797,,4.187505338163307,4.220100164454838,,,,4.049753721118799,,,,4.285838449483219
ID798,4.855191697974589,5.08515933112512,5.000442871263653,4.861869008947881,5.089201072040051,4.677901955276223,4.973998602127885,4.956748940850513,5.109710768499352,5.1613362618358,5.376482434670363
ID799,4.9442059087923305,4.957194388196041,5.089218273467966,5.069939888089401,5.129896211756848,4.884692360224049,5.074407470631719,5.041093905001119,4.977496429979892,5.178621736236059,5.168443323330873
ID800,4.369737688235671,4.627837480104402,4.522084277289713,4.425916025740467,4.615968837365061,4.236077563995344,4.472610024437048,4.479241060290024,4.62570039864302,4.665525410545771,4.865611326114316
ID801,4.2810126098862415,4.31969072977305,4.421650372191406,4.41912208316318,4.473817805550654,4.216051939299662,4.408325566921441,4.383690736460199,4.339859614336619,4.530336584129714,4.484894047642538
ID802,4.313368880506568,4.567507023198292,4.465678479178066,4.26249352571055,4.42045581639174,4.053225005555657,4.3956916501444265,4.357891819869471,4.503047400689285,4.508108148209014,4.753661374058395
ID803,,4.124461378846329,4.08026119904773,4.045233491156659,4.221651085901658,4.078683784004246,4.172748493720526,,,,4.25135418250234
ID804,4.639795093064675,4.5246281492627975,4.442237894028207,4.496877867123969,,4.309632245951488,,4.436881667980353,,,
ID805,4.569229921864058,4.358997307029654,4.472825501811824,4.782832859959606,,,4.747130754432202,4.615241273089433,4.645885273061575,4.609010800419175,4.575920765343971
ID806,4.489347809451218,4.536192135158267,4.465678479178066,4.023512710813011,4.063206877367068,,4.288524244396259,4.306933131247648,4.154388952157909,4.194452522055671,4.253402773181246
ID807,4.334770020071792,,4.163249551952429,4.253016682074723,4.213274644732853,4.092862686525676,4.180364681041178,,,4.166255801845108,4.274337457621567
ID808,4.384874730133179,4.444311133153835,4.3836647182085375,4.592440694513934,4.687410939639976,4.3828642176468335,4.489581716136172,4.436881667980353,4.357525310989808,4.314624703204634,4.404684575344313
ID809,4.12978915434856,4.1532456982909975,3.9962284563945447,3.8832219817910416,3.896691346072757,,4.101254500317273,4.045096731556099,4.259229979906811,4.447894803614904,4.180824379559094
ID810,4.408883793737471,4.349008145973095,4.433761503930287,4.428807501341407,4.452796936507825,4.3828642176468335,4.4404882692390295,4.454911941477612,4.395877123702761,4.431360970753917,4.433172096104606
ID811,4.59589994074868,4.495474965600733,4.50251399277308,4.125097894877585,4.225624651115023,,4.469268286680332,4.44964483119327,4.657051814719813,4.590894735441455,4.611994835037026
ID812,7.17842923002207,7.14650355480238,7.185540115483404,7.223547144813221,,7.176180533218803,7.25419925078592,,7.151103152195096,7.224525067648602,
ID813,4.738903597150367,4.486817038227381,4.430894951482081,,3.9575980165211937,,4.146303278302685,4.212664051288042,3.906700172247851,,3.976069570076448
ID814,,,,,,,,,3.872536079795737,,
ID815,6.327327421148998,6.319304245999606,6.371510095080189,6.38872810558972,6.399933062695175,6.313772323661954,6.370063888266978,,6.294869011015432,6.3698639977298654,6.376204952818174
ID816,5.653376322831114,5.649614285242388,5.670840971797627,5.708596158832347,5.716349020751129,5.643368897149154,5.723544924865475,5.710826632544936,5.620330515704777,5.693477098890864,5.716489828207903
ID817,4.787176695732727,4.773765983311342,4.822561424790214,4.858593013780775,4.868428297880512,4.794359400737641,4.853795609208135,4.826068702725637,4.770092278494281,4.827618446253726,4.869446712068571
ID818,4.275023754031243,4.28735358886317,4.314158840399818,,,,4.241608718657162,4.216687405431864,4.2209191476413706,4.280243012398007,4.291453991814405
ID819,4.915732837468289,4.868470664171234,4.727110730723089,5.027984170104928,4.827959090970397,4.9834773482911805,4.977599303855927,4.875744870228409,4.955010448785499,4.643395823984021,4.993691096392642
ID820,4.489347809451218,4.490983263785816,4.442237894028207,4.076073099679331,4.074841081060969,3.8822834751230224,4.322547360730734,4.324592296036595,4.31534165328303,4.282410537740048,4.467540239398978
ID821,4.548758168072303,4.468093755473817,4.356227049627115,4.642634103575784,4.4438363739273,4.570057587042341,4.536461667604705,4.446020593566514,4.516417638157967,4.1973563332401405,4.557704629708985
ID822,3.9790866341072784,4.163072000630547,4.130725927258653,,4.080045106130242,,4.087138793143707,4.074412043739224,4.175518119217039,4.121617784972692,4.29791699533601
ID823,4.280355981136911,4.274148449824638,4.248493974831241,,,,,4.148410722921048,4.214711871077139,4.194452522055671,4.221389604259281
ID824,4.749143303671504,4.822374104851515,4.78800458290208,,4.03180364461472,,4.520492412034558,4.526492588715776,4.596543186462303,4.510704669126773,4.65416721942637
ID825,4.579084144823413,4.957194388196041,4.799830412737648,,,,4.411925399448638,4.423927466615453,4.312542628128982,4.203008043131639,4.465131619635961
ID826,,4.191825403670947,4.198912408742418,4.368465869748714,,4.357652454887592,4.4404882692390295,4.345446765692744,4.312542628128982,,4.254796908172169
ID827,4.7355369991567295,5.169668269211319,4.991051922160399,4.226213077862034,4.370188675389176,,4.643497546815743,4.657794912036511,4.5066636826727695,4.467323163681463,4.79712639066269
ID828,4.313368880506568,4.750035932049877,4.589247723609696,,,,4.2561262102849575,4.251788630641286,,,4.3966439209854125
ID829,5.02872324032335,5.027310917858697,4.890087293841279,4.464114607929019,4.612836077129032,4.513515392778106,4.879807413692529,4.895067727758649,5.134810796767459,4.994782512710516,4.976358299377033
ID830,4.264475103766022,4.230843590850982,4.106476551877993,,,,4.141798818260581,4.1372319612236765,4.3838347413602365,4.267938384203237,4.232942659862542
ID831,4.478633041784817,4.509738586193393,4.472825501811824,4.250217276052705,4.266211618367623,4.143798869262389,4.506441614443824,4.454911941477612,4.447782559325419,4.474005206475159,4.460183597402267
ID832,4.699930776365685,4.669247051922329,4.547183625831458,4.114305772687378,,,4.520492412034558,4.530208388254257,4.803473208994132,4.695839244824119,4.653018837732544
ID833,4.8232209785363,4.770918348386261,4.768725632688682,4.7652535791703,4.788768636663322,4.632677353598671,4.822795978937442,4.844767471003102,4.846795756515995,4.81704650238217,4.792479653449785
ID834,4.102404991961684,4.064182604101319,4.037437406810662,,,,4.065791879062671,4.172954167114796,4.177083273775967,,4.082480533879857
ID835,4.805766692011431,4.786731153055706,4.827516010892512,4.267348968017948,4.338327050476823,4.035808077133809,4.683489429938827,4.690084937347528,4.7012809939082025,4.741942224016133,4.76445528852641
ID836,4.168436278604567,,4.146994027611447,,,,4.049753721118799,4.109616858823003,4.082926116762228,4.079785960998262,4.057090609096842
ID837,5.3861272117824734,5.314471199174305,5.4054504519450735,5.490989548081082,5.500504814066455,5.435888233129634,5.434038426961042,5.413118036509601,5.528944323725215,4.873040586963119,5.513436631047105
ID838,4.08431383047994,3.9261790206955016,4.009680271494608,,3.907887059870115,,3.9793513162533976,,4.075980020433987,4.119007831043293,4.113237863150585
ID839,4.925378741511536,4.892796900509591,4.9568520590587655,5.025872616810275,5.053196218259664,4.98441015829683,4.939639171679461,4.940919581685446,5.023934567838345,4.457787009825813,5.057451664326131
ID840,4.179648962516945,4.203391351785334,4.306768140721941,3.9370174916099976,3.99468127993637,,4.240385148335902,4.220624514922873,4.357525310989808,4.39672025977357,4.468581181947951
ID841,4.723415638194208,4.695826462198804,4.700529445963931,4.807109969149683,4.851357029494942,4.811103904876374,4.815278997511301,4.786525395027622,4.725566076887854,4.788702943888669,4.792141873547589
ID842,,,,4.290223683732128,4.394043511918946,3.907814248305734,4.147310822604112,,,4.108317977460203,4.089601533221024
ID843,4.498854104752172,,3.97431915378976,,4.063206877367068,,4.058509800358362,4.085142499747382,4.366282357026924,,
ID844,5.430996853688851,5.414077771276992,5.4819088976301895,4.9208548576437545,4.971665372086918,4.740064570954405,5.341242611373996,5.306935315411451,5.225663032023611,5.394364629373985,5.3806051641053045
ID845,4.940216258648786,4.986010435046814,4.948830945908873,4.623979170556044,4.747313272768623,4.453115378330937,4.919130298247199,4.858467391847041,4.980584865417533,4.927162334223879,4.956339894578691
ID846,4.682686683898629,4.695826462198804,4.756997422365301,4.24400580273733,4.313172813072996,4.081626825069667,4.604977063454841,4.625119796911553,4.540580849566491,4.680571127588331,4.65416721942637
ID847,4.359040512808238,4.404883644482704,4.38926922110923,4.045233491156659,4.15233630307265,,4.309919149555588,4.303228403655659,4.347909121420214,4.314624703204634,4.347548993475702
ID848,4.14092005765812,4.082661582391832,4.200896344006762,,,,4.106493556945674,4.074412043739224,4.014769601318621,4.128180611242954,4.116738669170218
ID849,4.38479552303547,4.862113788376494,4.612633312115249,5.0102993882307,4.236610935445242,4.2238759107283,4.602901250134762,4.541241906179831,4.244909020392731,,4.682950104026902
ID850,4.115159584176021,4.5386795219096925,4.281921243973305,4.6664521672080825,3.986632015832862,,4.298237903491275,4.212664051288042,3.938096133961992,,4.342072934834795
ID851,4.626440433864438,,4.663731789974159,4.37274420360647,4.580638156833225,4.3756930834563565,4.707552041076113,4.733712679068329,4.62570039864302,4.680834400045062,4.737408855382885
ID852,4.574142295569741,4.9334131366182525,4.771269558381982,,4.468626890302698,4.286027445986801,4.557827821490122,4.633675126918279,4.625977747533514,4.530336584129714,4.675934912845564
ID853,4.687882810942645,5.103750999739025,4.920907057776409,4.341592368617674,4.452796936507825,4.198292840637762,4.615982822797566,4.645365806940241,4.498947869340829,4.428568312443227,4.737408855382885
ID854,5.533176998417849,5.938492022725382,5.754627343690457,5.313698601665847,5.500504814066455,5.270414882658658,5.633718638875443,5.645519716551762,5.566578386195676,5.4412632520902,5.6670349465950345
ID855,5.443295107013358,,5.4054504519450735,5.20592157709812,5.348084796035726,5.275178580607667,5.5319824864244165,5.549475190395388,5.391270240702828,5.501479301270659,5.571790211323797
ID856,5.138187749089037,5.498904359199123,5.35020329917173,4.9208548576437545,5.1066461814399045,4.884164951249863,5.2288311618311685,5.2374636781881225,5.152506953541408,5.0643739120669125,5.280411109737958
ID857,5.05059334246029,4.308732632447808,,4.847859551397195,5.003027160257941,,5.140502475667415,4.413382313815777,5.02157923166523,5.099725386639099,5.168443323330873
ID858,4.670200283569054,4.982778579880632,4.8547823571163145,4.530452235365431,4.721626183035956,,,4.7530937208343484,4.689389731621728,4.622584534149004,4.821098881234356
ID859,4.10918159524211,4.380152090235428,4.267630630795494,,4.220289160877104,,,4.220624514922873,4.108162526230216,,
ID860,4.468011202013498,4.403257920602504,4.306768140721941,,,,4.119505506550034,4.05715457221136,4.177083273775967,4.044101170684998,4.103769038706627
ID861,5.598074456707127,3.974890015788846,,4.757628323040744,4.979567234297859,4.859022728198761,5.550928487822244,4.018447409099115,5.458835790465444,5.440070430713257,5.609293939877774
ID862,5.306233350692382,5.659576700572815,5.512182180807801,,4.758042161150024,,,5.200641652122702,5.215065311786899,5.085734845900822,5.22954781624128
ID863,3.853782482086295,3.878556761331354,,4.20481053343579,4.322402400398064,,4.174449836973906,4.130564448356683,4.163468878424256,4.2865157776570895,4.321222886020057
ID864,,4.139688484290916,,,,,,,,,
ID865,5.50522821346048,5.891190715359323,5.770879440946756,,4.995742639772675,,5.447827002222649,5.4429166868256615,5.505125777397643,5.380483755001966,5.609293939877774
ID866,5.754903324631717,,,4.940891641332192,5.130306553347732,5.015320301639447,5.711406420035598,,5.620330515704777,5.618874456407706,5.794795033811357
ID867,4.453782065563386,,4.827275068534105,,,,,,,,
ID868,5.364741086085612,,,,4.781833373927372,4.696693408797064,5.289964513549913,,,5.297570075979877,5.475386006412252
ID869,5.089391758483423,5.464546900696094,5.332539735521199,,,,5.061246440306707,5.059058542283889,5.102229142927259,,5.206650448750395
ID870,4.359040512808238,4.37601783583791,4.358076101176321,,,,,,,,
ID871,4.2810126098862415,4.294162195868201,4.483530750622739,4.605019076465656,4.635828069138838,4.462071592943456,4.520492412034558,4.473630059778724,4.347853257447339,4.6188953716102965,4.607375332464307
ID872,4.968711994744805,4.92983920539058,4.920907057776409,,4.121219335069044,,4.7223628638871045,4.67348108813008,4.670944545034336,4.695839244824119,4.710673512294196
ID873,4.579084144823413,4.874952167997762,4.691998070820025,,,,4.638190052632437,4.5830280061034365,5.087633065721152,,5.018437930092368
ID874,4.672770043527486,5.136175584341698,5.141283630956262,,4.409360911877911,,,4.690084937347528,,,
ID875,4.313368880506568,4.279030831862056,4.337032154029487,,,,4.119505506550034,4.132947284117631,,4.193518881623214,4.120209329170387
ID876,4.2842214518205965,4.268605066861639,4.361794357931134,,4.3247865086579935,,4.336933780645529,4.331686291582953,4.361993252729443,4.463628475733339,
ID877,5.115251564702134,5.268494483009701,4.8823071913357055,5.157868254707049,5.300719790477168,5.14738585158392,5.187041638388848,5.271726265205441,5.052846151227094,5.574549012139872,5.598051758117209
ID878,4.824919871547147,5.181640899624904,5.073464787866924,4.685523890586468,4.894230678223038,4.748514086649533,4.860887690624855,4.956748940850513,4.84891592095001,4.729126031208727,4.976358299377033
ID879,4.699930776365685,4.90132085907275,4.749312886771756,4.815801051094796,4.900416585702316,4.710683390173267,4.815278997511301,4.875971952453895,4.73457700802418,5.13502975073814,5.136943861759804
ID880,4.464088609289861,4.836105003782135,4.703695455416583,4.372751014639165,4.527985169960626,,4.536461667604705,4.625119796911553,4.5066636826727695,4.417574902652532,4.634716648270428
ID881,4.343078754142048,4.245072809693191,,4.253016682074723,4.399150803134167,4.32623070822526,4.518398220533449,4.511046787117108,4.335691705796458,,4.619792279538043
ID882,5.533176998417849,5.835376090723978,5.550717239715474,5.341128992263845,5.537403025069615,5.468749602663607,5.676720871600212,5.710826632544936,5.489093763767101,5.618874456407706,5.660568691075933
ID883,5.716139744897031,6.138852152524063,5.955644373836959,5.534294916265234,5.762543903547085,5.585879452451193,5.777987125234825,5.874650363313265,5.758776052902474,5.634946641949471,5.866042456168133
ID884,4.687882810942645,5.241564246714439,5.059858503090712,4.577815275636477,4.669749089493466,4.535974733132029,4.7223628638871045,4.868462747677116,,4.447894803614904,5.057451664326131
ID885,5.3171718864866255,5.7059598702981695,5.558788146209002,5.159959252175629,5.383008155610879,5.17806709792178,5.420463547757203,5.469534820848377,5.364887421266658,5.258694783819018,5.47717431027278
ID886,5.158615417065403,,5.161032282237864,4.969616061960402,5.1633537188001375,5.090622243492536,5.279769418085081,5.306935315411451,5.123682840834843,5.267315660148996,5.256613674895027
ID887,5.740366100826914,6.094196453371154,5.915862937031021,5.7404816712180935,,5.772395314136165,,,5.745442659598125,5.666709609040303,5.919337887664195
ID888,5.480552501629022,,,5.444011425638192,5.558577466136368,5.53080130984473,5.595174597761581,5.616101448385011,5.391270240702828,5.501479301270659,5.521722222094639
ID889,5.598074456707127,5.606714418279679,5.567066636351011,,,,5.698492470156481,5.673970023453062,5.620330515704777,5.642367800775164,5.683706447556976
ID890,5.33268796966993,5.649614285242388,5.4819088976301895,5.341128992263845,5.4862303887070345,5.343917729477859,5.504147995868264,5.477396638642352,5.345046280126758,5.261510411758535,5.497191725884876
ID891,4.957534351133859,5.023514346539188,5.000442871263653,,,4.9834773482911805,4.985944402465536,4.968067434300496,4.937294286751511,4.945130761591251,5.005324254193598
ID892,4.9492748904062696,5.212498909013663,5.043223526926578,4.991856643238052,5.127661091913039,5.0078293463091565,5.145173399933595,5.089051383880999,4.984806559031335,4.9152939849092405,5.12688696216372
ID893,4.5080711704271215,4.56065099050667,4.512150789848695,,,,4.5074652823498536,4.498200975598914,4.460765309243682,4.463628475733339,
ID894,4.830502526518037,4.871666116447191,5.000442871263653,5.0102993882307,5.053196218259664,4.830980662395669,5.004021661100859,4.968067434300496,4.884826508888912,5.124354656296338,5.089280235247313
ID895,4.254319002282456,4.258316289759919,4.395782093322548,4.341592368617674,4.419166873788667,4.207984122578464,4.376666617986887,4.331686291582953,4.259229979906811,4.50935578435243,4.457642850107272
ID896,4.468011202013498,4.297947394664617,4.364819584839596,4.627989184250778,4.4943318336705085,,4.651001545689775,,4.53135181197691,4.447894803614904,4.4407856657453575
ID897,4.300546316224531,4.71530499186104,4.512150789848695,4.148170416153542,4.369745622483113,4.2238759107283,4.333632805773446,4.368502674255932,4.339859614336619,4.207190086212042,4.450692626011451
ID898,4.445244108276627,4.375812407925632,4.23866455323334,4.095429622061245,4.115138651378884,3.9017475531818566,4.351907125345358,4.357891819869471,4.577847912270369,4.52692982214612,4.491305559076839
ID899,4.325360571078174,4.24329576691075,4.369586774915825,4.376471528536335,4.419166873788667,4.317343667542212,4.393499001458219,4.359682555966309,4.317579545485997,4.39382746064302,4.402985716195311
ID900,4.20082288271634,4.1269966923176815,3.9706127624479777,3.8495663292286815,,,4.094540391836292,4.0672828471714,4.2982211822273815,4.253002985943349,4.20656399660393
ID901,5.8963936833430814,,6.129545426617167,5.3004216714215,5.537403025069615,5.343917729477859,5.8475754401008615,5.852512528125963,5.861164505697595,5.750115762003567,5.919337887664195
ID902,6.008904855357711,,5.955644373836959,5.367232748827032,5.620315039780968,5.479771772439462,,5.9930271400309785,5.87351246620383,5.97147012416288,6.0479269415382175
ID903,7.1095175086302005,7.100727967929006,7.119339215497239,7.154887021413899,7.178010262714329,,7.158143045326623,,7.0815177783196175,7.156073253018028,7.1768274325593255
ID904,5.5832367377170975,5.871779139102238,5.550717239715474,5.099231963516933,5.233743839084838,5.197476325942526,5.548138629867445,5.588379097681036,5.588668226576894,5.574549012139872,5.685004444697606
ID905,5.50522821346048,5.871779139102238,5.715594513452812,,5.1897880336974485,5.0078293463091565,5.447827002222649,5.477396638642352,5.47574873382094,5.343972139466168,5.538374269759841
ID906,6.295237435069115,,,,6.347331837690507,6.2844049508720445,,6.328547302037428,6.250958997507931,,6.362316470257163
ID907,5.684796594942646,,5.86129450334929,5.284626283735446,5.4862303887070345,5.335316847937944,5.733036864948861,5.685219772586535,5.70160927840202,5.574549012139872,5.841967842712963
ID908,5.735778731044937,,5.567066636351011,5.2648481631509965,5.388328868172321,5.350922232803653,5.676720871600212,5.759482559364793,5.588668226576894,5.655082385274936,5.794795033811357
ID909,5.653376322831114,5.649614285242388,5.670840971797627,5.694524552109172,5.716349020751129,5.637767290400269,5.704440286154046,5.685219772586535,5.620330515704777,5.666709609040303,5.717087687365149
ID910,5.754903324631717,6.166471325728152,6.169013162311502,5.518516829936216,5.585664283708216,,5.605517623382566,5.759482559364793,,,
ID911,,,,,5.660924273861881,,,,6.358279080576032,,6.276121244348002
ID912,4.804748142273216,4.856444401092122,4.8547823571163145,4.90967566247607,4.898110792629977,4.822416615905632,4.903424403800933,4.895067727758649,4.784743022380719,4.826664903754747,4.898211860655465
ID913,5.351264116604939,5.556161319081901,5.406844693387618,5.481485639675824,5.261282222325073,5.552197991142437,5.453832363853742,5.348057510935938,5.983378289441622,5.532881584497442,5.854656742528958
ID914,5.382939063875214,5.762710073362253,5.754627343690457,5.148977894442935,5.236605010680627,,5.239840062586023,5.397212457914504,,,
ID915,5.309905591754641,5.675611393490922,5.4819088976301895,5.367232748827032,5.196892409386793,5.53080130984473,5.469286685814707,5.383285129676208,5.983378289441622,5.505295449088027,5.919337887664195
ID916,5.351264116604939,5.980309057809417,5.955644373836959,5.061428370170567,5.218480692625836,,,5.477396638642352,,,
ID917,5.05059334246029,5.362163728794619,5.205736971308474,5.075212249993043,5.03322042846444,5.21191608016146,5.264025733262384,5.200641652122702,5.534030978964832,5.222501932337292,5.538374269759841
ID918,,,5.5132033170083465,,,,,,,,
ID919,4.626440433864438,,,4.651790429295631,4.635828069138838,4.740064570954405,4.82538764766187,4.786525395027622,4.975739575895574,4.78136904104289,5.039937899919531
ID920,4.20082288271634,4.187505338163307,4.214582559926784,,,,,,4.163468878424256,4.163090156292171,4.19135210348993
ID921,5.080094082072986,5.28729995075899,5.171644888168202,5.118168278635769,5.242436239615956,5.197601773147784,5.348253123085373,5.348057510935938,5.103580238913279,5.222501932337292,5.244910635410832
ID922,5.342237462931059,5.7450960765511,5.636362849802213,5.408671572504005,5.585664283708216,5.450251860038897,5.485398689753078,5.616700232404776,5.391270240702828,5.313164798283395,5.554721235263227
ID923,4.9953595866937945,5.362163728794619,5.259246207813946,5.058852763942435,5.256096419715649,5.069006089923173,5.146918314589357,5.247767296337976,5.065198352366904,4.996474170684511,5.212553752280414
ID924,4.725666422064671,,,4.782832859959606,,4.8578875014463785,4.973998602127885,4.994203475231176,4.759702182010498,4.8437499114831954,4.879444433236844
ID925,5.443295107013358,5.835376090723978,5.744739870528485,5.464381276716184,5.660924273861881,5.49665273233155,5.633718638875443,5.710826632544936,5.514726510408924,5.440070430713257,5.660568691075933
ID926,5.138187749089037,5.29500763715324,,5.129550229548837,,5.17806709792178,5.325398246365621,5.348057510935938,,5.226456985337452,
ID927,5.080094082072986,5.462616677755243,5.332539735521199,5.107549638331324,5.276286584428793,5.1366130288730165,5.239840062586023,5.348057510935938,5.16350426046352,5.0546594258786905,5.313604242642022
ID928,4.38479552303547,4.436945087654246,4.392862620787712,3.948543176232528,4.026833833978193,,4.219399299534508,4.21192085583384,4.0694533133097925,4.099587933146588,4.183278254811164
ID929,5.754903324631717,6.138852152524063,5.991134120211886,5.781412191308723,6.000668526849319,5.8255762236027095,5.972293846598607,5.990001953118275,5.861164505697595,5.758294843180466,6.005121824445334
ID930,5.399363890896109,,,5.406136859550953,5.537403025069615,5.50537678380977,5.568055442107674,5.616101448385011,5.3614317138202034,5.476920210016377,5.497191725884876
ID931,,,,,,3.946839384885516,,,,,
ID932,5.37275631056702,5.737606568118405,5.5894903177805775,5.422500078158787,5.585664283708216,5.457946927838343,5.568055442107674,5.588379097681036,5.458835790465444,5.354413735898702,5.598051758117209
ID933,5.174282804943484,5.455731513513451,5.295420298603736,5.264865645424218,5.437303744392873,5.344702315520765,5.4116642851054735,5.383401894608632,5.296723808178991,5.1877832137814215,5.403878316376559
ID934,4.359040512808238,4.735458112003716,4.680223534889575,,4.276775038834495,,4.518398220533449,4.462336908120994,4.260693007946005,,4.450692626011451
ID935,4.741363736264302,4.98760709617639,4.837196128343937,4.870515527167176,4.994030253339346,4.921820449712438,4.996135430929668,4.940919581685446,4.873773467108348,4.758250107254214,4.967213364445168
ID936,4.437693377764378,4.449084337539212,4.442237894028207,4.178203615120859,4.225624651115023,4.151125347709504,4.458836323399442,4.418189766361754,4.32992809080863,4.412716670937172,4.412565608149995
ID937,4.038669414783371,3.9126543994619056,3.911014553394904,,,,,,3.9819630006153774,,
ID938,4.2612164465566895,4.631843993171123,4.556000491481474,,,,4.291992074555047,,,,
ID939,,4.580022599206291,4.475323973272124,,4.686807704585887,,,,,4.475926704382684,4.696756604354462
ID940,4.805766692011431,4.874952167997762,4.768725632688682,4.748403582902972,4.733181746675562,4.60599349657464,4.82538764766187,4.80531841995527,4.81660585948885,4.827618446253726,4.846245061435692
ID941,4.743718993258316,5.043324729785451,4.967330025928593,4.709493478160846,4.669749089493466,4.629940676328002,4.919130298247199,4.853334616977215,4.635499584187725,4.597161994696097,4.830070224855909
ID942,4.211528185810494,4.249359870577009,4.081718505952129,,4.004950593227711,,4.219399299534508,,4.165836828936572,4.153420556318378,4.210156923864326
ID943,4.978715047402399,5.431856229654617,5.259246207813946,4.550523887424081,4.669097910843097,4.420050978193813,4.954218524675801,4.944397134778466,4.79200113721309,4.827618446253726,5.0635875031141016
ID944,4.73689397907964,4.741242298627374,4.771269558381982,4.267348968017948,4.28917905912522,4.033626825209039,4.658928942342838,4.633675126918279,4.637364744893056,4.695839244824119,4.710673512294196
ID945,4.122668032586716,4.137800665916172,4.152885396006206,,,,4.080263953012979,4.0620708222786925,4.017176359116293,4.095988484981247,4.055620012288165
ID946,4.628772971414626,4.982778579880632,4.827275068534105,4.493567039518215,4.669097910843097,4.484017924197931,4.66485162800919,4.762338382838367,4.7012809939082025,4.597161994696097,4.774289877905334
ID947,4.811138825902322,4.085415936983413,,4.121339485902378,,,4.822795978937442,,4.732620414033334,4.788702943888669,4.855081401122451
ID948,3.982500390701918,4.03588709978808,4.14084612355022,,,,4.055200325854658,4.092140713841129,4.209758269650754,4.289015555663117,4.297648509973302
ID949,5.3861272117824734,5.871779139102238,5.685740809526915,5.290105777242537,5.4862303887070345,5.290086907473187,5.527676311116764,5.549475190395388,5.470815410308645,5.313164798283395,5.609293939877774
ID950,4.979839533520448,5.464546900696094,5.2647050376938775,4.909330778161099,5.107846627483273,4.913028657196466,5.122872171882058,5.155129116660369,5.086963308126552,,5.193349425824521
ID951,4.738903597150367,4.741242298627374,,4.859576267867031,,,4.860887690624855,,4.774293370157146,4.8437499114831954,4.8470746065552754
ID952,4.965605833335975,5.455731513513451,5.254230087510569,4.888245246235282,5.080334324066919,4.91139363786906,5.1169379272849245,5.1355026424117085,5.039269420134243,4.89524881791961,5.201883805820912
ID953,5.309905591754641,5.675611393490922,5.5427153787466645,,,,5.348253123085373,5.358057043868568,5.292935081102911,5.198265283197295,5.403878316376559
ID954,5.272897059330672,,5.27769991637198,,,,5.320616158042606,5.292142089400922,5.18862549369247,5.290867613551159,5.366062529964795
ID955,5.716139744897031,5.98464549741612,5.633746184837853,5.422500078158787,5.558577466136368,5.516346042895462,5.725557333446934,5.741024822105382,5.620330515704777,5.693477098890864,5.794795033811357
ID956,5.835830396158446,6.166471325728152,6.011024788042652,5.534294916265234,5.742180862671432,5.6002518153193375,5.867819096828004,5.852512528125963,5.8202100042823295,5.693477098890864,5.919337887664195
ID957,5.443295107013358,5.782551599148071,5.636362849802213,,5.404534674480213,,5.504147995868264,5.516750769719282,,5.33861226769826,5.571790211323797
ID958,5.306233350692382,5.304584164337542,5.372886903192384,4.82492363613526,4.875157737773295,4.65812819576696,5.2178121405738604,5.206286970215599,5.1057696448277365,5.269873646589452,5.263871791451705
ID959,5.336508851157253,5.58093247613749,5.424925768224172,5.195657393063444,5.321455671194874,5.261622757385802,5.427003123901109,5.371890011129063,5.317986863482429,5.236639017522374,5.442206308023367
ID960,4.776131285839914,4.71530499186104,4.591178977854821,4.1527806194922166,4.295855141905197,4.131889794638664,4.557827821490122,4.5830280061034365,4.789809881823904,4.695839244824119,4.700718440257456
ID961,4.657399761948275,4.613094963441265,4.675579632455372,4.226213077862034,4.244000947544748,4.011890533861086,4.557827821490122,4.541953997916497,4.4602550955537925,4.633013265470153,4.586503191791324
ID962,5.9926537462296245,,6.129545426617167,6.449835315472941,6.175040274234194,6.552202139518749,6.236905763085733,6.144317011045787,6.609701416957176,6.252933813818071,
ID963,6.003088875557315,6.606616769717327,6.619987641200503,5.932610123670069,,,5.972293846598607,6.219552562886312,,,
ID964,4.076979568997383,4.121546717999333,4.119501998797468,,,,,4.011199970734758,3.887730545208046,4.065384850670883,
ID965,5.667962794844639,5.938492022725382,5.825194232240921,6.0578423392870775,5.861328071701927,6.209048505168776,,5.874650363313265,6.294869011015432,5.8936514137739815,6.276121244348002
ID966,5.618777087509644,,6.210786322091599,,5.716349020751129,,,5.852512528125963,,,
ID967,4.478633041784817,4.472902522207595,4.306768140721941,,,,4.31309302967537,4.311494276033645,,4.423160023138284,4.419066965452426
ID968,5.430996853688851,5.752881593594062,,5.7469668589288645,5.58023883653306,5.913546013349253,5.676720871600212,5.616101448385011,6.061100205025166,5.6566942729018255,6.0479269415382175
ID969,,6.069530104060171,6.030101610650662,,,,,5.634871141490958,,,
ID970,5.528923501489574,5.951851795457754,5.86129450334929,5.65806796060128,5.861328071701927,5.6926649048136975,5.723544924865475,5.874650363313265,5.635040121276408,5.56730482155342,5.794795033811357
ID971,5.4184996795626,5.613037090124639,,5.567015318091868,5.585664283708216,5.692067298481212,5.676720871600212,5.634871141490958,5.6891203619994775,5.554812954024635,
ID972,5.201819151633552,5.58093247613749,5.494314924073519,5.309386698209737,5.4862303887070345,5.36161004304225,5.372521563544645,5.516750769719282,5.282978297372499,5.195290124863248,5.435539502015015
ID973,4.990388586081704,,,5.124383791606427,5.1633537188001375,5.1949085134566095,5.223502583946733,5.208444324866102,5.166208929376792,5.13502975073814,5.256613674895027
ID974,5.443295107013358,5.871779139102238,5.749454097685461,5.573293541865524,5.768039064540609,5.643368897149154,5.68423960992631,,5.566578386195676,5.505295449088027,5.717087687365149
ID975,5.083357041897301,,,5.217807874633848,,5.290086907473187,5.352979888700933,5.348057510935938,5.143081389458721,5.228288922973792,
ID976,5.09108610567327,5.481890341055165,5.372886903192384,5.20592157709812,5.401550167805496,5.275178580607667,5.30635209712592,5.413118036509601,5.207472180551809,5.155772014305741,5.374415987254382
ID977,4.507604039182059,4.367895059953541,4.258385453637152,4.394386334688876,4.342267436936032,4.317343667542212,4.387166335102101,4.358671235262474,4.249107045998841,,4.25135418250234
ID978,5.089391758483423,5.4256041138395,5.295420298603736,5.226121911856498,5.399961312162766,5.275178580607667,5.337700902298543,5.397212457914504,5.20207195594094,5.142315922260858,5.368283489234576
ID979,4.678566734492356,5.027178054891055,4.920907057776409,4.8451818386902525,5.001889830541586,4.91139363786906,4.954218524675801,4.981909817663507,4.822798680784822,4.769279335979574,4.976358299377033
ID980,4.681688979517249,4.959731206463899,4.845300970176147,4.847859551397195,4.975827635699295,4.902830781058627,4.926800856014786,4.940919581685446,4.846795756515995,4.78136904104289,4.956339894578691
ID981,,4.5992148382738405,4.433761503930287,,4.5944921909905485,4.567893662643969,4.567734211779744,4.541241906179831,,4.39672025977357,4.607375332464307
ID982,,4.38825979964816,4.211954163777921,,,,,,,,
ID983,,,4.415667006875548,4.490468844975577,4.612545724158907,4.591175881338747,4.592712671103268,4.546762407317523,,4.417574902652532,4.5820042783535
ID984,4.533592297744482,4.856444401092122,4.778090689374594,4.682500041204601,4.669097910843097,4.6269806361235,4.7877981901882745,4.698331962748329,4.496260270349059,4.46895212730392,4.660760925800008
ID985,5.017019287529965,5.455731513513451,5.282009977466944,4.7652535791703,4.978954867168183,4.706656597624241,5.053539909723856,5.025509678242008,4.868654044199069,4.89524881791961,5.089280235247313
ID986,4.83973483015868,5.2027543751332885,5.022752080989306,4.88702070538424,4.866361270197563,4.806435574803393,4.958697424620885,4.940919581685446,,4.78136904104289,4.943454999945315
ID987,5.174282804943484,5.228393952407132,5.152973952453545,4.777343978200623,4.875157737773295,4.565258499441328,5.042972521523673,5.01173347114505,5.0764043236672425,5.038121880687576,5.1481820026641065
ID988,5.3171718864866255,5.752881593594062,5.512182180807801,5.148977894442935,5.276286584428793,5.028855774273032,5.320616158042606,5.306935315411451,5.086963308126552,5.216227370279637,5.3806051641053045
ID989,4.574142295569741,4.602599679707826,4.556000491481474,4.230420685501788,4.272583731688399,3.9803305383341416,4.458836323399442,4.429709407119876,4.45010850108257,4.420944209247771,4.56367576653962
ID990,4.899289301267968,5.332777780607448,5.092039290932821,4.748403582902972,4.881133478270204,,4.911475160514085,4.940919581685446,,4.819917090169898,4.995014390184138
ID991,4.398441730976067,4.331462948857231,4.288580997113347,,,,4.096838283288344,4.0620708222786925,4.175518119217039,4.068859903867471,4.108865141345869
ID992,,,4.009680271494608,,,,,,,,4.072587950131956
ID993,5.399363890896109,5.4256041138395,5.448510649496825,4.893309500743023,5.03322042846444,5.01678520541618,5.354115571315402,5.306935315411451,5.1814971817935165,5.198265283197295,5.298889408396069
ID994,5.027189785135081,,5.106442018226254,4.623979170556044,4.735633025430506,4.700462428086172,5.022978855412047,4.994203475231176,4.826807177878341,4.873040586963119,4.956339894578691
ID995,5.272897059330672,5.574543008967567,5.448510649496825,,5.1633537188001375,,,5.348057510935938,5.249275428108973,5.142315922260858,5.316700943576902
ID996,5.294318095170239,5.329299102583788,5.2647050376938775,4.898702453295522,5.03322042846444,5.038348955473801,5.279769418085081,5.247767296337976,5.152506953541408,5.204828914223307,5.273670258791693
ID997,5.042328912936397,5.162180995509536,5.259246207813946,4.661084724866166,4.735633025430506,4.794359400737641,5.1306311942057725,5.1355026424117085,4.893745480880575,4.945629491477237,5.072985727199505
ID998,5.18985941594146,5.556161319081901,5.425612315634975,5.041056119657162,5.196892409386793,5.1072156901692445,5.2751797091894606,5.306935315411451,5.277317262737762,5.178621736236059,5.3806051641053045
ID999,5.05059334246029,,,,,4.933303418203175,5.140502475667415,5.1355026424117085,4.980584865417533,5.12802745936316,5.136943861759804
ID1000,4.931016807418104,5.036453943690706,5.050955194478623,,,4.902830781058627,5.01485529877997,5.031316164612292,4.962407829425874,4.89621890528259,5.089280235247313
ID1001,4.855191697974589,5.19931138049753,5.078072847771756,,4.9252323896299925,,4.9395085644797945,4.981909817663507,4.922880736864736,4.8437499114831954,5.0635875031141016
ID1002,5.042328912936397,5.345601968692664,5.205736971308474,4.992639555786509,5.134847920367974,5.0664530305836815,5.152752929335758,5.1859901516513744,5.079263705233,5.035223502187557,5.244910635410832
ID1003,4.844650130092441,5.264289564467672,5.267973140878408,,,,,4.956748940850513,,,
ID1004,4.863692469046332,5.132508044353017,4.919331661369717,5.3308595114946105,5.083687556905916,,5.099957414843949,5.007538236647193,5.557050014640972,,5.539154333140203
ID1005,4.678566734492356,4.957194388196041,4.827516010892512,,4.717016225234309,,,4.832093231320068,,4.6188953716102965,4.898211860655465
ID1006,4.704591016847456,4.952096917545566,4.795152560455097,4.72186868115419,4.842474027606,4.763273663813284,,4.868462747677116,4.767198951689733,4.707295867856335,
ID1007,5.399363890896109,5.737606568118405,5.5442654041692885,6.003854771522756,5.744242918108497,,5.725557333446934,5.673970023453062,6.16656875922579,5.711767839351045,6.193709567664316
ID1008,5.443295107013358,,6.011024788042652,5.451078678081336,5.58023883653306,,5.434038426961042,5.710826632544936,,,
ID1009,4.378027921578466,4.3555236229024015,,,,,,,,,
ID1010,,,4.288580997113347,4.407279131135214,4.502279018580508,4.34181144916565,4.373351195602515,4.331686291582953,4.228046844530032,4.478790897374744,4.417274609286675
ID1011,5.18985941594146,5.455731513513451,5.318623564552309,5.694524552109172,5.514673921277629,5.867212607742379,5.496333780440498,5.4429166868256615,5.828749012241545,5.440070430713257,5.854656742528958
ID1012,5.09108610567327,5.649614285242388,5.6633683133137565,,,,,,,,
ID1013,4.863692469046332,4.814573162904918,4.842560448730088,4.002044286384443,4.048288045409563,,4.638585542843455,4.602535928965683,4.5719149676039645,4.609010800419175,4.634716648270428
ID1014,5.770956307104465,6.094196453371154,5.955644373836959,6.477106675440621,6.21756667066041,6.588793028115962,,6.066488518054287,,6.123451745605616,6.563593887164392
ID1015,5.85967832790463,,6.53725029395191,5.932610123670069,6.049572369353134,,,6.219552562886312,,,
ID1016,5.487322823922391,5.782551599148071,5.622297232598899,6.078660805346363,5.861328071701927,,,5.741024822105382,6.131126099438941,5.750115762003567,6.193709567664316
ID1017,5.487322823922391,6.166471325728152,6.15552949710261,,5.712041363426207,,5.568055442107674,5.874650363313265,,,5.794795033811357
ID1018,4.191730764588728,4.148700313906767,4.306768140721941,4.170228009442453,4.230813423988809,,4.288524244396259,4.251788630641286,4.268671832753391,4.347764650702284,4.370367426227546
ID1019,5.05059334246029,5.314471199174305,,5.513460615400192,5.3287465095125865,5.692067298481212,5.329365565422455,5.247767296337976,5.620330515704777,5.227961472025993,5.6670349465950345
ID1020,,5.671148778462778,5.622297232598899,,5.209475878631286,,,5.365485921434665,,,
ID1021,4.9492748904062696,5.110616095010556,,5.069939888089401,5.070723762035342,5.197601773147784,5.1126622630946486,5.079071485333362,5.143081389458721,4.96564994530092,5.2208499343269725
ID1022,,5.051226545328982,,,,,,,,,
ID1023,4.297159315740226,,,,,4.696693408797064,,4.190281956101675,4.661824808590536,4.053041566441829,4.151758535942329
ID1024,4.185146252134112,4.251664590214649,4.220100164454838,3.967285479812464,4.058651153295994,,4.13143963257215,4.077162587145192,4.138427816253196,4.139748819773945,4.218800747547866
ID1025,5.37275631056702,5.392669566126849,5.38368911676902,5.481485639675824,5.52239845995247,,5.469286685814707,5.4429166868256615,5.410705971967634,5.440070430713257,5.475386006412252
ID1026,,4.274148449824638,4.130725927258653,4.19801333847537,4.159007472419677,,4.193017838532457,4.164206972783305,,,
ID1027,4.811138825902322,4.8431224940138815,4.822561424790214,,,,4.844173841514479,,,4.788702943888669,4.855081401122451
ID1028,4.450779981313356,4.8431224940138815,4.651727961207642,4.369742292491648,4.580638156833225,,4.550224685843,4.541953997916497,,4.447894803614904,4.648082221858968
ID1029,4.639225382509098,4.669247051922329,4.851276038436475,4.8844327002775225,4.896878408338639,4.716947274170107,4.82538764766187,4.826068702725637,4.706435162258746,4.987152999093465,4.9471329014519085
ID1030,5.05059334246029,5.472534770545966,5.236957703447931,5.058014740947428,5.196892409386793,4.9141655759245175,5.10419019153783,5.1355026424117085,4.895645330697927,5.029752274825199,5.188927329532366
ID1031,4.115765917900057,4.137800665916172,4.288580997113347,4.347409384797206,4.327616601455091,4.135127584915646,4.275296099300549,4.251788630641286,4.142854160479772,4.431360970753917,4.349224488695202
ID1032,4.704591016847456,5.1196705994035385,4.890087293841279,4.757628323040744,4.875157737773295,,4.7819447720854775,4.80531841995527,,4.720511816956163,4.855081401122451
ID1033,5.770956307104465,5.909756248715522,5.807425976007481,5.284626283735446,5.388328868172321,5.309499766178163,5.64255072929587,5.634871141490958,5.6891203619994775,5.615537970062973,5.63979726464593
ID1034,,5.414077771276992,,5.115746177627038,5.209475878631286,,,,,,
ID1035,5.8963936833430814,5.872630224582957,5.890445215345801,5.235590976334616,5.346128196962654,5.290086907473187,5.777987125234825,5.759482559364793,5.635040121276408,5.693477098890864,5.717087687365149
ID1036,5.528923501489574,5.516149829083484,5.550717239715474,4.915424854968205,5.009591277209753,4.964769755334061,5.446938731344616,5.413118036509601,5.316551734747589,5.354413735898702,5.374415987254382
ID1037,5.443295107013358,5.556161319081901,5.448510649496825,4.95103573241289,5.053196218259664,4.9834773482911805,5.325398246365621,5.306935315411451,5.355644746549206,5.253860633841877,5.297302784713918
ID1038,5.958701734400374,6.069530104060171,6.05050943965527,5.464381276716184,5.620315039780968,5.585879452451193,5.983113555220237,5.990001953118275,5.8202100042823295,5.884053320618181,5.919337887664195
ID1039,5.918631994505185,6.158742054173962,6.030101610650662,5.5533842438038175,5.70679197175169,5.585879452451193,5.892011277073063,,5.87351246620383,5.775102960100709,5.908828758357712
ID1040,5.543227255777702,5.770550331293843,5.6633683133137565,5.199601104698972,5.337377913112263,5.22984486824484,5.537369734361468,5.536622835305652,5.528944323725215,5.418373382059338,5.515577144464981
ID1041,5.598074456707127,5.659576700572815,5.715594513452812,5.235590976334616,5.276286584428793,5.335316847937944,5.605517623382566,5.616101448385011,5.5154674710943405,5.493147331267439,5.598051758117209
ID1042,5.3861272117824734,5.37259210863081,5.295420298603736,5.3859162779599945,5.256096419715649,5.350922232803653,5.36460456711594,5.306935315411451,5.215065311786899,,5.22954781624128
ID1043,5.1531379160487285,5.3861704223711655,5.236957703447931,4.90967566247607,5.015806533255648,4.942465682658129,5.187041638388848,5.163338981383523,5.134810796767459,5.046043168875387,5.178664743247895
ID1044,5.076335767552669,5.025415857235615,4.978294349181125,,4.9252323896299925,,5.0095400916412025,4.968067434300496,,,4.902452362391958
ID1045,5.343654062801527,5.536488607378012,5.62174733539022,,5.049738068689014,,5.466567275846099,5.469534820848377,5.198410951416923,5.114286019889797,5.418701917473686
ID1046,4.5080711704271215,4.468093755473817,4.407985138777431,,4.424681615525121,,4.437110187957352,4.402716613241326,,,4.366335444144671
ID1047,4.957534351133859,5.169668269211319,5.256903216844809,4.733032158270359,,4.800148268471101,5.10419019153783,5.089051383880999,4.895645330697927,4.772321234777215,5.07756075004005
ID1048,4.738903597150367,4.90132085907275,4.945824271272975,4.95103573241289,4.758042161150024,,4.898547812142075,4.877293666436538,5.067890840048003,,5.131221517871354
ID1049,,,6.857306217965315,6.870599412069009,,,6.871941274041996,,6.8033839233195454,6.847251040553378,6.905911430305708
ID1050,4.805766692011431,5.027310917858697,4.887818070527397,5.402297987565126,5.1633537188001375,5.552197991142437,5.0933980768410105,5.015385267474725,5.5154674710943405,5.038121880687576,5.497191725884876
ID1051,4.717261695097847,,5.236957703447931,,,,,4.956748940850513,,,
ID1052,6.064235218204099,6.069530104060171,,6.111799595579976,6.138630637306574,6.062814049184743,,6.112443652676653,6.061100205025166,6.123451745605616,
ID1053,4.498854104752172,4.704751010682074,4.596518570635611,5.076808228705112,4.894230678223038,5.224055838446708,4.787095441573587,4.733712679068329,5.143081389458721,,5.168443323330873
ID1054,4.398441730976067,4.896920042451498,4.897757204328368,,,,,4.657794912036511,,,
ID1055,5.443295107013358,5.462616677755243,5.494314924073519,5.513460615400192,5.537403025069615,5.450251860038897,5.527676311116764,5.516750769719282,5.432177312913233,5.505295449088027,5.538374269759841
ID1056,4.695134951278818,5.004900554938748,4.857336131699821,5.442102897501647,5.1897880336974485,5.6002518153193375,5.099957414843949,4.999528964058175,5.470815410308645,5.046043168875387,5.521722222094639
ID1057,4.7972495304025085,5.4033371877549,5.393506152372759,,5.03322042846444,,4.860887690624855,5.160676249673102,,4.399722281604613,
ID1058,4.696301267127737,4.70614897994532,4.725789819585119,4.7610332824206125,4.773805774339209,4.668659810779565,4.747130754432202,4.690084937347528,4.669956316004601,4.73884825523776,4.7570546818327735
ID1059,4.491328797826624,4.739693775801529,,5.076808228705112,4.898110792629977,5.250184925063672,4.809930720538345,4.73765638704438,5.102229142927259,4.743024994282092,5.178664743247895
ID1060,,5.06575220107456,5.068638345398539,,,,,4.875971952453895,,,
ID1061,4.0569438221121095,4.071001444499402,4.1510632616136665,,,,4.062948481954274,4.027584973448834,3.9880317519243897,,4.202478777605193
ID1062,4.313368880506568,,,4.893309500743023,4.686807704585887,5.0664530305836815,4.643497546815743,4.5662249010553975,,,5.014412433817842
ID1063,,5.023514346539188,4.945824271272975,,4.6427076437798,,,4.762338382838367,,,
ID1064,4.797426645242199,4.916615004535451,4.837196128343937,4.807109969149683,4.847685119300346,4.933303418203175,4.884769637026469,4.838480022356798,4.826807177878341,4.6709036353233495,4.923230626328481
ID1065,4.559290605516087,4.695826462198804,4.596518570635611,4.546808185748921,4.580638156833225,4.64796700395142,4.650380769898408,4.5830280061034365,4.6916264838362345,4.478790897374744,4.745400736844192
ID1066,4.104680037938403,4.113416671286381,4.152885396006206,,,,4.023305866592485,,4.09359244066784,4.112168931757538,4.109910691151147
ID1067,4.16266517388406,4.306309853834745,4.17320870929184,,,,3.926371499444128,,,3.975411608498261,4.118743361080283
ID1068,4.741363736264302,4.856444401092122,4.749312886771756,4.8006404963057285,4.962277390706631,4.872601183172482,4.949654518636644,,4.79200113721309,4.760952024534844,
ID1069,,5.113383490131064,5.022752080989306,5.058014740947428,5.191628839511712,5.090622243492536,,5.079071485333362,,4.994782512710516,
ID1070,4.478633041784817,4.37601783583791,4.364819584839596,4.435702327435846,4.426592492828393,4.357652454887592,4.453037075111917,4.385207900081058,4.214711871077139,,4.392295108061305
ID1071,,5.415181083310291,5.236957703447931,,,,4.810372320718434,4.80531841995527,,4.649343876934869,4.919078362295426
ID1072,4.313368880506568,4.24329576691075,4.232764057435303,4.37274420360647,4.228408522550504,4.481004877946591,4.310065860435504,4.216687405431864,4.173903520436127,,4.297648509973302
ID1073,5.309905591754641,5.789920673747494,5.592350361305901,4.800593743495591,4.995742639772675,4.64796700395142,5.239840062586023,5.262034069453513,5.152506953541408,5.178621736236059,5.442206308023367
ID1074,5.443295107013358,5.4256041138395,5.332667925452785,5.513460615400192,5.377594438626552,5.43950165258825,5.400448075460904,5.358057043868568,5.316551734747589,4.987152999093465,5.298889408396069
ID1075,4.99593584674652,5.449270642681359,5.254230087510569,4.546808185748921,4.715284266328876,,4.949654518636644,4.940919581685446,4.846795756515995,4.882044795385484,5.131221517871354
ID1076,5.104851583408445,5.08515933112512,4.995440259860644,5.179919558032944,5.038527899212889,5.079802184249069,5.1126622630946486,5.059058542283889,4.958353029609918,4.6709036353233495,4.963313615449132
ID1077,4.5080711704271215,4.916615004535451,4.703695455416583,,4.319662564688633,,4.469808219952865,4.476857721058936,4.366282357026924,4.384599123320239,4.611994835037026
ID1078,4.582470212417927,4.557998399694735,4.442237894028207,4.592440694513934,4.514483474249669,4.534629194620618,4.532617945682478,4.515683414659602,4.395877123702761,,4.494641967863196
ID1079,4.428145126480263,4.631843993171123,4.465678479178066,,,,,4.426961110937565,,4.353729510972149,4.568660349894399
ID1080,4.248871419894016,4.234739973346958,4.227933581855514,,4.063206877367068,,4.215205302687783,4.205089589191682,4.130368498158985,4.246966168745837,4.208398963279578
ID1081,4.582470212417927,4.630900736465334,4.595330200957725,,,4.551655243410711,4.647891590307504,,4.59541050083644,4.707295867856335,4.628218953443712
ID1082,4.7355369991567295,4.70614897994532,4.642817370712105,,,,4.66485162800919,,4.655310773096597,4.675006297580292,4.668932438532639
ID1083,4.091907194241063,4.113416671286381,4.108128308453374,,,,4.119505506550034,4.146909929907755,4.03987564868302,,4.0934040765243855
ID1084,4.9953595866937945,5.019427836677323,5.022752080989306,4.627989184250778,4.74130030545356,4.691461824016506,4.949654518636644,4.940919581685446,4.79200113721309,4.877411995531893,4.898211860655465
ID1085,5.061732674530898,5.2116232533493445,5.152973952453545,4.764776812077069,4.863545625446855,4.798247901290727,4.973998602127885,5.025509678242008,5.045458600989587,4.953467281611309,4.993691096392642
ID1086,4.564832069762897,4.556511868063594,4.657220509113026,4.152417786147555,4.2384268565701015,3.9616322051585167,4.520492412034558,4.515683414659602,4.4874721767146335,4.562998547208092,4.56367576653962
ID1087,4.678566734492356,4.711470432420551,4.7212716973551005,4.331098272549209,4.448461734139338,4.430535047000215,4.6868868663458585,4.674860989994322,4.52747809861714,4.574941826765438,4.596485016352149
ID1088,4.749143303671504,4.92983920539058,4.8547823571163145,4.490341923608927,4.58684730021332,4.484017924197931,,,4.759702182010498,4.695839244824119,
ID1089,4.014589254308816,3.989924174334536,4.104422544415894,,,,4.023305866592485,3.98030311573156,3.9163171009372384,4.038435940492613,4.051779704529695
ID1090,5.836491994767367,5.908599257332756,5.908436886803695,5.481485639675824,5.643545489379619,5.568096364312737,5.892011277073063,5.852512528125963,5.686958297907822,5.788390490871725,5.794795033811357
ID1091,5.958701734400374,6.166471325728152,6.05050943965527,5.694524552109172,5.8207894002721625,5.717763115627676,5.892011277073063,5.942091926161002,5.983378289441622,5.829637282487014,5.919337887664195
ID1092,5.487322823922391,5.556161319081901,5.558788146209002,5.235590976334616,5.3287465095125865,5.309499766178163,5.550928487822244,5.536622835305652,5.377542142912434,5.440070430713257,5.487003595275549
ID1093,5.653376322831114,5.81969553274358,5.715594513452812,5.359522290058666,5.4862303887070345,5.381828709716332,5.592123756333548,5.634871141490958,5.620330515704777,5.542917703630375,5.609293939877774
ID1094,5.55346737392254,5.671148778462778,5.62174733539022,5.422500078158787,5.504184037724103,5.468749602663607,5.676720871600212,5.645519716551762,5.4675046357866695,5.554812954024635,5.598051758117209
ID1095,5.724680689604939,5.938492022725382,5.836603919796806,5.627696963720188,5.762543903547085,5.637767290400269,5.8316550664068405,5.828674581463366,5.8202100042823295,5.682967734968128,5.841967842712963
ID1096,5.343654062801527,5.574543008967567,5.448510649496825,5.264865645424218,5.419518710945623,5.267785566954719,5.453832363853742,5.4429166868256615,5.446487340398894,5.30938205540573,5.48004146403213
ID1097,5.306233350692382,5.481890341055165,5.4819088976301895,5.464381276716184,5.310945167420162,5.599982760107225,5.427003123901109,5.4429166868256615,5.506203893763569,,5.547813965339729
ID1098,4.968711994744805,5.169668269211319,5.144460419077414,,4.978954867168183,5.224055838446708,5.099957414843949,5.089051383880999,5.107176644271631,,5.201883805820912
ID1099,4.9492748904062696,5.22145853280262,5.123206917935917,5.101282936210162,5.134847920367974,5.187363980106893,5.152752929335758,5.1355026424117085,5.134810796767459,4.801805369706439,5.257007268302815
ID1100,4.694114352594803,4.886950380039837,4.795152560455097,4.903423516805773,5.015806533255648,4.902830781058627,4.949654518636644,4.877507935226143,4.893745480880575,,5.0635875031141016
ID1101,4.319571304029723,4.193320083962046,4.217799377410345,4.336147984202233,,4.216051939299662,4.266862914664037,4.1372319612236765,4.120046080502511,3.931503186840679,
ID1102,5.02872324032335,5.001537339225327,5.116352096351086,4.58660648353772,4.647354239155476,4.3972206002505,4.954218524675801,4.956748940850513,4.826807177878341,5.018717257374982,5.009554371664061
ID1103,4.435972195915404,4.393721737620647,4.448490990843498,4.002182124966714,4.03180364461472,,4.3604968504695645,4.342057047116697,4.273264577531818,4.447894803614904,4.421449123611257
ID1104,4.5080711704271215,4.630900736465334,4.498194659686224,,4.612836077129032,4.661588345712278,4.632651083731261,4.602535928965683,,,
ID1105,4.830502526518037,5.464546900696094,5.267973140878408,,4.686807704585887,,4.90562921611094,,,4.720511816956163,5.022910128050288
ID1106,5.805397175392889,,6.05050943965527,5.2648481631509965,5.448548962878853,5.159066187485712,5.676720871600212,5.681518153134872,5.505125777397643,5.501479301270659,5.794795033811357
ID1107,5.484090985212363,5.938492022725382,5.715594513452812,5.002936827524113,5.209475878631286,4.942118571304159,5.372521563544645,5.397212457914504,5.20207195594094,5.2049732031181,5.48004146403213
ID1108,5.588831602567539,5.891190715359323,5.7348950195354575,5.367232748827032,5.4862303887070345,5.191321170967146,5.568055442107674,5.562031287848402,5.355644746549206,5.405463990645319,5.6670349465950345
ID1109,5.236510227539047,5.516149829083484,5.332539735521199,5.076808228705112,5.180321210856444,4.902830781058627,5.212823037649237,5.208444324866102,5.02157923166523,5.079157854315678,5.32917844924102
ID1110,4.699930776365685,4.959731206463899,4.774468715837641,4.546808185748921,4.669097910843097,,4.682140157670808,4.711896061967257,,4.548244475754772,4.801468964197885
ID1111,4.811138825902322,4.822374104851515,4.814390904794012,4.8396208131188745,4.894230678223038,4.785382052361608,4.860887690624855,4.826068702725637,4.741488518790759,4.8437499114831954,4.898211860655465
ID1112,,4.066343513289011,4.086398727692503,4.178203615120859,4.236610935445242,4.088943971461699,4.168111186756562,,,4.203008043131639,4.25135418250234
ID1113,4.741363736264302,4.90132085907275,4.8547823571163145,4.627989184250778,4.733181746675562,4.64796700395142,4.712887653078287,4.826068702725637,4.74705138555532,4.6874286202295545,4.745400736844192
ID1114,4.478633041784817,4.517529800573239,4.492903856532586,4.336147984202233,4.478237593540417,4.365488473681615,4.550224685843,4.530208388254257,,4.4387210578408105,4.465131619635961
ID1115,5.098725896079393,5.332777780607448,5.216696430724184,5.036803111241837,5.115225353661513,5.046148590181178,5.145173399933595,5.208444324866102,5.146266747238878,5.066218087157477,5.168443323330873
ID1116,4.791765419718985,4.874952167997762,4.873863103260566,,4.859467943732912,4.725847896887032,4.923036680961252,4.877507935226143,,4.81402153987366,4.834702298624722
ID1117,4.8232209785363,5.027178054891055,4.920907057776409,,,4.773301428863336,,4.899105185900607,,,
ID1118,,,,,4.205155688644201,,4.146303278302685,,,,
ID1119,4.319571304029723,4.249359870577009,4.220100164454838,,,,4.041573135221583,4.011199970734758,4.108162526230216,3.976429406908855,4.030019305843712
ID1120,5.528923501489574,5.782551599148071,5.685740809526915,5.53944159102015,5.692353355376976,5.585879452451193,5.661086940343704,5.710826632544936,5.686958297907822,5.552528079209302,5.685004444697606
ID1121,5.201819151633552,5.304584164337542,5.244276762502087,5.179919558032944,5.337377913112263,5.224055838446708,5.36460456711594,5.348057510935938,,5.243384520327688,5.273670258791693
ID1122,5.227839575257942,5.462616677755243,5.372886903192384,5.235590976334616,5.383008155610879,5.282859593215739,5.348253123085373,5.383401894608632,5.332276392281133,5.253354769424148,5.376482434670363
ID1123,4.899289301267968,,,4.95103573241289,5.053196218259664,4.994425776401433,5.053539909723856,,,4.96564994530092,5.033185270248002
ID1124,5.000939815101481,5.212498909013663,5.106442018226254,5.179919558032944,5.300719790477168,5.227935877155432,5.2343474102447765,5.2374636781881225,5.223293875610117,5.109408165573446,5.287813012413687
ID1125,3.890880972097873,4.786731153055706,3.958716795725934,3.9615269064401,3.8936769608277024,4.005359166599576,,3.8913659274435823,4.110362368105426,,3.906981608321889
ID1126,4.203986609082386,4.38825979964816,4.288580997113347,4.074855768027765,4.026833833978193,4.124393843954974,4.177357325895445,3.972593625125042,4.165836828936572,,4.012300470793876
ID1127,4.654862021792342,4.59613181195785,4.626113278233814,,,,4.490377164519984,4.454911941477612,4.43324616310896,,4.484894047642538
ID1128,4.348668986565904,4.6434052694005405,,,,,4.332872088040924,,4.239883129349188,4.211840258212647,4.460183597402267
ID1129,,,,4.600645655804158,4.788768636663322,,4.550224685843,,4.438158575257753,4.4387210578408105,4.675934912845564
ID1130,4.038669414783371,4.03588709978808,4.177603634868921,,4.108691726828373,,4.102306730493563,4.085667764877542,4.069986917975972,4.238824239567557,4.205529469635792
ID1131,5.05059334246029,5.3861704223711655,5.452251517351119,4.815801051094796,5.03322042846444,4.739544138486672,5.074407470631719,5.155129116660369,4.941408645508868,4.970930139795676,5.316700943576902
ID1132,4.7614307535554055,5.08515933112512,5.161032282237864,4.5539483940656105,4.742337658794472,4.473267377596942,4.7877981901882745,4.865504954629008,4.64517595207878,4.695839244824119,5.016913091954169
ID1133,5.430996853688851,5.891190715359323,5.875234988165343,5.444011425638192,5.620315039780968,5.21191608016146,5.663935896551688,5.616101448385011,5.452235561528508,5.394364629373985,5.717087687365149
ID1134,5.09108610567327,5.556161319081901,5.5442654041692885,5.115746177627038,5.297858195048601,4.902830781058627,5.337700902298543,5.306935315411451,5.143081389458721,5.099725386639099,5.403878316376559
ID1135,5.653376322831114,6.166471325728152,5.980069838517261,5.651180784552715,5.768039064540609,5.529671737456278,5.8316550664068405,5.828674581463366,5.588668226576894,5.584869602904418,5.866042456168133
ID1136,5.272884408157619,5.782551599148071,5.633746184837853,5.3004216714215,5.428450007370509,5.187363980106893,5.496333780440498,5.469534820848377,5.249275428108973,5.243384520327688,5.504054361196177
ID1137,5.074392585458229,5.564696784590134,5.356753173192415,5.264865645424218,5.3287465095125865,5.099508980411184,5.320616158042606,5.306935315411451,5.0413085350083024,5.079157854315678,5.316700943576902
ID1138,4.6207791326159775,5.091375581876402,4.85921417493428,4.877254935626559,4.930134481728974,,4.884769637026469,4.890834779534352,,4.643395823984021,4.894452105920554
ID1139,4.428145126480263,4.470426283523782,4.610904550993465,4.674614900188367,4.679561696030082,4.477057615733223,4.602901250134762,4.5830280061034365,4.5066636826727695,4.74074121036925,4.715135895358956
ID1140,4.540822849861277,4.751954134063227,4.652236735187543,4.623979170556044,4.769095775836565,4.696693408797064,,4.773936555706566,,4.543818399569017,
ID1141,,3.974890015788846,4.082062694109508,4.135647093386741,4.143943722919836,3.977767654069584,4.100841110879319,4.064785146427299,,4.238824239567557,4.223863898607188
ID1142,4.55788713813444,4.631843993171123,4.589247723609696,,,,,4.331686291582953,4.156479292015504,4.568471957201456,4.468581181947951
ID1143,,4.813512614507057,,4.807109969149683,4.995742639772675,,4.699451942864721,4.899105185900607,,4.709817548956576,4.894452105920554
ID1144,4.498854104752172,4.8431224940138815,4.682665351036069,4.526325487581711,4.723641198464014,,,,4.612937580592751,,4.710673512294196
ID1145,6.659804425700332,6.642725593921773,6.673268001039928,6.698887242090826,6.70735196589449,6.637014108836168,6.691518547461854,,6.631189889153723,6.696086025084514,
ID1146,5.958701734400374,5.95563439536064,5.976935842860927,6.003854771522756,6.000668526849319,5.913546013349253,6.02968708851505,5.990001953118275,5.9275225139381575,5.97147012416288,6.027420605799065
ID1147,5.364741086085612,5.373055193914938,5.399083719236449,5.422500078158787,5.4570863955125,5.344702315520765,5.446938731344616,5.413118036509601,5.355644746549206,5.405463990645319,5.475386006412252
ID1148,4.523349833359615,4.836105003782135,4.890087293841279,4.253016682074723,4.421015350430577,4.191861582484311,4.550224685843,4.46899374566175,4.40497831640988,4.39672025977357,4.632543128598371
ID1149,4.254319002282456,,4.350202997721144,4.600645655804158,4.772706759622768,4.582942491941972,4.662592671144367,4.541241906179831,4.577847912270369,4.522033812310828,4.78281149585373
ID1150,4.602756721862399,4.631843993171123,4.280487356954898,4.670330710130801,4.6994687206021215,4.612757081419172,4.682702244556644,4.5830280061034365,4.58098706510465,4.672219847516017,4.675934912845564
ID1151,,,,4.285064711099709,4.521402376446359,4.379817993246292,4.379544541299046,,4.327535395045029,,4.494641967863196
ID1152,5.174282804943484,5.516149829083484,5.5894903177805775,5.099231963516933,5.276286584428793,4.994425776401433,5.295724225339304,5.370226422376156,5.093360006265001,5.17154816123421,5.358499329344044
ID1153,4.888136239727504,5.2116232533493445,5.289502291566855,4.82492363613526,4.990945150415832,4.721071146913339,4.9966611918851385,5.089051383880999,4.84891592095001,4.885168818025134,5.072985727199505
ID1154,5.480552501629022,5.938492022725382,5.908436886803695,5.65806796060128,5.942723900328838,5.516346042895462,5.694437057719036,5.852512528125963,5.463103718270588,5.615537970062973,5.908828758357712
ID1155,5.158826751274169,5.606714418279679,5.5894903177805775,5.422500078158787,5.585664283708216,5.197601773147784,5.382993918593128,5.5246077920016265,5.143081389458721,5.320963466352837,5.576085565082454
ID1156,5.382939063875214,5.908599257332756,5.6633683133137565,5.848702864736823,5.942723900328838,5.479771772439462,5.8475754401008615,5.829011088690956,5.557050014640972,5.574549012139872,5.830079233940301
ID1157,5.05059334246029,5.556161319081901,5.267973140878408,5.498683148337946,5.58023883653306,5.335316847937944,5.496333780440498,5.477396638642352,5.207472180551809,5.243384520327688,5.475386006412252
ID1158,4.723415638194208,5.194962661436141,4.925882723220519,5.124383791606427,5.196892409386793,4.9834773482911805,5.122872171882058,5.089051383880999,4.822798680784822,4.852533391219693,5.083833712272811
ID1159,4.245757357186453,4.222287147085691,,4.258083032829326,,,4.332872088040924,,4.291444637374509,4.3507694614043055,4.36115241404656
ID1160,4.063019077683135,4.085415936983413,4.105162904135333,3.924880976787768,,,4.087938317759262,4.154555496966233,4.00726750233807,4.163313882594093,4.0711336331556085
ID1161,4.534759916928899,4.994799006838541,4.86777480666982,4.5890067419755525,4.718856766041598,4.465314794042746,4.787095441573587,4.711896061967257,4.759702182010498,4.673430379283054,4.995919443905397
ID1162,4.375163361544245,4.3555236229024015,4.442237894028207,3.945267509223624,4.042723888076114,,4.369180499402878,4.345446765692744,4.287889900768104,4.408479548200779,4.445160529790044
ID1163,4.303840177598481,4.6870210093399765,4.575125548637319,4.297184476885443,4.481514799005884,4.2250711770528335,4.518398220533449,4.473630059778724,4.4874721767146335,4.447894803614904,4.720184947306305
ID1164,4.255680538154555,4.6521470646261855,4.556000491481474,4.267348968017948,4.424681615525121,4.169756982212453,4.453037075111917,4.398173917483803,4.438158575257753,4.373542686928357,4.67311639462901
ID1165,4.079604047366472,4.04918450731517,3.9962284563945447,4.015316585270106,4.020305275521653,,4.033166415189569,3.9936585782662872,,,3.966648081819868
ID1166,4.804748142273216,4.809392813693197,4.885069123804,4.435702327435846,4.487726396481755,,4.752481624947723,4.739277465895482,4.630315098671212,4.8437499114831954,4.814833675194902
ID1167,4.235842390868757,4.257051891515436,4.314158840399818,,,,4.219399299534508,4.178715360430003,4.074946672818084,4.274232381459536,4.285838449483219
ID1168,4.313368880506568,4.599765683560025,4.693742577500252,4.303416660167183,4.51195227618517,4.160930578224697,4.437110187957352,4.530208388254257,4.231435447304692,4.347764650702284,4.586503191791324
ID1169,4.235842390868757,4.539518339799724,4.591178977854821,4.348777180883626,4.560191601360801,4.179228430805005,4.532617945682478,4.505608335937337,4.362337391297098,4.32113112346084,4.544967036339006
ID1170,5.267420698533194,5.29500763715324,5.295420298603736,5.333360015609137,5.377594438626552,5.271108675329662,5.337700902298543,5.292142089400922,5.222536373195876,5.30938205540573,5.351656258815442
ID1171,4.628772971414626,4.669247051922329,,4.72186868115419,4.699209669265969,,4.747130754432202,4.674860989994322,4.639843127242865,4.303461265209134,4.72844095718459
ID1172,,,,4.08466843806986,4.197748048676782,,4.041573135221583,4.025537581008463,4.108162526230216,4.1196344872209005,4.202478777605193
ID1173,4.245757357186453,4.167308464822603,3.9252647958787015,4.021295637864848,4.035423564677019,3.9140864069089294,3.995731635679054,4.033436678004854,3.7683351292630087,,3.864259092963444
ID1174,4.408883793737471,4.418747387720785,4.448490990843498,,,,4.232102778185089,4.186209158098561,4.187950073087708,4.189528189135813,4.253402773181246
ID1175,4.151061450536144,4.118307000294911,4.083296792985367,,,,3.9864919468112574,,4.095724846367772,4.026651735783518,4.046801801506698
ID1176,4.230571219927366,4.227318981397847,4.3737950502694805,4.470998129568181,4.51639975130036,,4.4174428825889365,4.398173917483803,4.239681424725653,4.5340177520129386,4.484894047642538
ID1177,4.050109076240655,4.062629992328692,4.00001682596568,4.062377861179515,4.084229893603566,3.992763999397427,4.065791879062671,3.983989350201017,,,3.9902158018446414
ID1178,4.267204058180665,4.30142389228524,,4.382679286385986,4.419166873788667,4.311858853514457,4.359802738664653,4.331686291582953,4.3208181962005625,4.368885814278896,4.342072934834795
ID1179,6.53152771829355,6.523566134765078,6.53725029395191,6.596300920068472,,,,6.487168328549673,6.487566025029413,5.8936514137739815,
ID1180,4.364317763530321,4.509738586193393,,4.490341923608927,,4.514811249731232,4.558706526412621,,4.431375112816972,,
ID1181,5.267420698533194,5.28729995075899,5.289502291566855,5.309386698209737,5.346128196962654,,5.337700902298543,5.292142089400922,5.225663032023611,5.284043501030557,5.366062529964795
ID1182,4.687882810942645,4.637547974249989,4.525158189916569,4.518609561012586,4.51639975130036,4.379817993246292,4.596039138228107,4.485816267629238,4.312542628128982,4.099587933146588,4.4147936248466
ID1183,4.491119476325776,4.490983263785816,4.344481182161981,4.34126941361595,4.399150803134167,4.176752838831372,4.393499001458219,4.311494276033645,4.193658612873279,,4.291453991814405
ID1184,5.50522821346048,5.464546900696094,5.295420298603736,5.364973877775811,5.3287465095125865,5.237011802592394,5.341242611373996,5.348057510935938,5.123682840834843,4.754780202418659,5.197252470691414
ID1185,5.385839175461236,5.296544117559411,5.171644888168202,5.258494532893013,5.171099890276016,5.17806709792178,5.259407116540723,5.200641652122702,,5.17154816123421,
ID1186,3.9953168009675393,3.94510093241688,4.082945493940146,,,,4.0309634246459085,4.025537581008463,,4.026651735783518,
ID1187,4.181681835488076,4.166048387770755,4.270332108219487,,,,4.206105222074855,4.158039762556759,4.115425160323539,4.261085427453964,4.260080140930553
ID1188,4.846196162324362,4.795187400878594,4.62124378705196,4.742473133285997,4.699209669265969,4.60599349657464,4.6730255750821,4.65265203971374,4.484641246192444,,4.557704629708985
ID1189,4.6207791326159775,4.557998399694735,4.384251293086058,4.518609561012586,4.487726396481755,4.392484196439,4.4600405199664905,4.429709407119876,4.287889900768104,4.247157773149799,4.36115241404656
ID1190,4.198760539961167,4.156441627245204,3.992725327261177,4.107222759685503,4.0924532539614695,3.987002921462301,4.017336285008804,4.151720065753809,3.863948094202623,,3.9626148689107135
ID1191,4.639795093064675,4.631843993171123,4.700529445963931,,,,4.585343297889214,4.5830280061034365,4.401896003637665,4.657704412042473,4.648082221858968
ID1192,4.147875292671958,4.106387083723078,4.198004347091985,,,,4.080263953012979,,3.931822270953607,4.162052551592695,4.122847793602963
ID1193,4.364317763530321,4.37601783583791,4.40234084127821,4.420580444669346,4.51639975130036,4.407727482786275,4.44448238942099,4.418189766361754,4.3208181962005625,4.464072734363709,4.407730326104413
ID1194,4.252161476233809,4.472902522207595,4.3670806111108496,4.250217276052705,4.313172813072996,4.181881589167377,4.401819771754852,4.338630738853476,4.385405829479889,4.238824239567557,4.579750512855452
ID1195,4.032986199310914,4.261944676989781,4.151246322562259,4.077565761659049,4.042723888076114,4.018451051821652,4.206105222074855,4.141794567711843,4.11584112591304,3.9936321609380063,4.338965264658381
ID1196,4.102404991961684,4.230843590850982,4.14084612355022,4.052347359527486,4.114412369340996,4.103633270926031,4.240385148335902,4.1255182702645925,4.20401589950776,,4.323095684432322
ID1197,6.003088875557315,5.98464549741612,5.875234988165343,5.848702864736823,5.839155941096436,5.717763115627676,5.881554151377127,5.829011088690956,5.635040121276408,5.354413735898702,5.717087687365149
ID1198,5.735778731044937,5.770550331293843,5.670840971797627,5.602362825491978,5.620315039780968,5.49665273233155,5.663935896551688,5.580917984994972,5.383304862973458,5.114286019889797,5.520902112319383
ID1199,5.2501463211996855,5.228393952407132,5.138119503781222,5.105230962770917,5.1066461814399045,4.994425776401433,5.114025897816184,5.079071485333362,4.884826508888912,4.652777753332764,5.0026862344109775
ID1200,4.59589994074868,4.580022599206291,4.483530750622739,4.453049195678242,4.470853665870911,4.349197896990172,4.489581716136172,4.485816267629238,4.255539050619819,,4.379738166182063
ID1201,5.698996992145518,5.649614285242388,5.567066636351011,5.557523995771263,5.525184713908402,5.420155908046863,5.589128223295719,5.516750769719282,5.364887421266658,5.0576152100598,5.421653326512703
ID1202,5.443295107013358,5.414077771276992,5.328186208425026,5.32512212403856,5.310945167420162,5.21191608016146,5.329365565422455,5.306935315411451,5.119214052307563,4.8437499114831954,5.206650448750395
ID1203,4.9442059087923305,4.9334131366182525,4.845300970176147,4.8396208131188745,4.813202319893756,4.725847896887032,4.853795609208135,4.80531841995527,4.639843127242865,4.403621599967962,4.689997147508252
ID1204,4.345621730063328,4.3716080746171,4.234665317460026,4.27684674113257,4.3515352489975365,4.194680073491572,4.326817506514619,4.23587822421711,4.0694533133097925,,4.178452469502882
ID1205,4.255317584194169,4.2916074098454695,4.194985045547182,4.226213077862034,4.26931870962618,4.103633270926031,4.237753255106938,4.190281956101675,4.031982051595989,,4.130750461696865
ID1206,4.032335617477064,4.131478099856838,3.9294348360298006,3.9579263063314913,,,3.9890677196575584,,,,3.969959195366883
ID1207,4.7355369991567295,4.6434052694005405,4.583857982970426,4.637507734067937,4.58684730021332,4.462071592943456,4.647891590307504,4.564536895975387,4.419414885293032,4.23577371652476,4.460183597402267
ID1208,4.528222002682135,4.433080978369612,4.39887512946038,4.443379852388034,4.377450584402282,,4.3956916501444265,,,,4.218800747547866
ID1209,4.4090434238319975,4.139688484290916,4.113101871451315,4.24400580273733,4.217335303857893,4.053225005555657,4.249920404681408,4.196880873437766,4.00726750233807,,3.998004572021984
ID1210,,3.997867361795108,4.140501825621162,,,,4.028357642388559,3.999475616486868,,4.093700220666766,4.072352906817169
ID1211,3.949536194036525,4.325750952354689,4.260802717598939,4.285064711099709,4.44108279198702,,4.177357325895445,4.145957358505124,,,4.460183597402267
ID1212,3.966942585019383,4.35183221057862,4.202841162066951,,4.015552905128516,,4.064996368101763,4.011199970734758,4.0694533133097925,4.144864342373309,4.378994610425812
ID1213,4.1363899402892805,4.239743923633934,4.085662574809068,,,,4.184839813249905,4.154555496966233,3.993240789690784,4.137649574322536,4.1761354008166895
ID1214,4.049044567595251,,4.077323764637183,,,,4.121351128672597,4.102281594251418,3.927605022445944,,4.047322336727874
ID1215,4.211528185810494,4.403257920602504,4.2084679103718,,,,4.172178891557813,,4.03721457576235,4.084956842235198,4.171754122489569
ID1216,4.381629414434849,,4.3670806111108496,,,,4.373351195602515,,4.285657997481527,4.317887208903456,4.412565608149995
ID1217,4.296579760075842,,4.306768140721941,,,,4.229012295227703,,4.2181257220320925,4.211840258212647,4.311720483919774
ID1218,4.191730764588728,,4.18592117197798,,3.9513671941989688,,4.214493715208617,,4.173903520436127,4.211840258212647,4.272038689102134
ID1219,4.143620308308814,4.486817038227381,4.348693021850942,,4.138623819624597,,,4.258002327050773,4.163468878424256,,4.236549295805545
ID1220,4.072361250485548,,,,4.054419438490942,4.000514970316907,4.163160663927563,,,4.193518881623214,4.151758535942329
ID1221,4.258810659058994,4.486817038227381,4.255326942152403,,3.883927222218985,,4.271582200336228,4.231899606654503,4.165836828936572,4.221379334530421,4.272038689102134
ID1222,4.199125256739671,,4.159756580738593,,,,4.172178891557813,4.170008842180399,4.069986917975972,4.159105986322032,4.196653046829386
ID1223,4.298292112906671,,4.261850828174154,3.944031935970572,4.048288045409563,,4.31309302967537,,4.190617946338727,4.282410537740048,4.3315708193820335
ID1224,4.198760539961167,,4.17320870929184,,,,4.23007006512027,,4.156479292015504,4.216287610612727,4.258294067009178
,,,,5.002936827524113,,,,,,,
